image,mode,class,alias,prompt_text,threshold_box,threshold_text,n_detections,max_score,first_box_x1y1x2y2,hit
frame_0000.png,production,trailer,ALL_GROUP,trailer. cargo trailer. vehicle trailer. wheeled trailer. flatbed trailer. black trailer. utility trailer.,0.2,0.2,4,0.3133,"[1.5876424312591553, 623.7214965820312, 293.72674560546875, 989.9902954101562]",1
frame_0000.png,production,electric utility vehicle+electric wheelchair+electric scooter+trolley,ALL_GROUP,electric utility vehicle. small electric cart. utility vehicle. golf cart. electric cart. small white utility vehicle. electric wheelchair. motorized wheelchair. power wheelchair. mobility scooter wheelchair. electric scooter. mobility scooter. stand-up scooter. kick scooter. scooter. trolley. hand cart. hand truck. luggage cart. flatbed cart. push cart. utility cart.,0.22,0.22,1,0.2555,"[0.8561825752258301, 622.156494140625, 297.0338134765625, 992.5184326171875]",1
frame_0000.png,production,pair of ramps,ALL_GROUP,pair of ramps. loading ramp. metal ramp. vehicle loading ramp. two metal ramps. aluminum ramp.,0.2,0.2,5,0.4034,"[256.7976379394531, 813.1283569335938, 498.6753234863281, 984.3451538085938]",1
frame_0000.png,production,portable power station+basketball,ALL_GROUP,portable power station. large power bank. battery box. power generator box. portable battery. power station. basketball. orange basketball. sports ball. rubber ball.,0.22,0.22,0,0.0,,0
frame_0000.png,production,rectangular table+umbrella,ALL_GROUP,rectangular table. outdoor table. picnic table. long rectangular table. folding table. work table. umbrella. outdoor umbrella. parasol. patio umbrella. hand umbrella.,0.24,0.24,0,0.0,,0
frame_0000.png,production,cardboard box,ALL_GROUP,cardboard box. brown cardboard box. cardboard package. shipping box.,0.26,0.26,2,0.3582,"[2514.447509765625, 985.5581665039062, 2695.593505859375, 1183.790771484375]",1
frame_0000.png,production,chair,ALL_GROUP,chair. folding chair. outdoor chair. plastic chair. armless chair.,0.3,0.3,0,0.0,,0
frame_0000.png,production,traffic cone+prohibition sign,ALL_GROUP,traffic cone. road cone. safety cone. orange cone. construction cone. prohibition sign. no entry sign. red prohibition sign. do not enter sign. stop sign. red circular sign.,0.22,0.22,1,0.224,"[90.28384399414062, 758.202392578125, 268.8036804199219, 875.258056640625]",1
frame_0000.png,extras,basketball,basketball,basketball.,0.18,0.18,0,0.0,,0
frame_0000.png,extras,basketball,orange basketball,orange basketball.,0.18,0.18,0,0.0,,0
frame_0000.png,extras,basketball,round orange ball,round orange ball.,0.18,0.18,1,0.7947,"[1150.6724853515625, 1653.835205078125, 1694.1256103515625, 1854.0091552734375]",1
frame_0000.png,extras,basketball,rubber ball on ground,rubber ball on ground.,0.18,0.18,2,0.6577,"[1143.9290771484375, 1645.3394775390625, 1695.92724609375, 1852.1488037109375]",1
frame_0000.png,extras,basketball,sports ball,sports ball.,0.18,0.18,1,0.4254,"[1155.0157470703125, 1662.7025146484375, 1694.668212890625, 1857.24951171875]",1
frame_0000.png,extras,basketball,ball,ball.,0.18,0.18,1,0.3238,"[1154.6580810546875, 1662.3721923828125, 1695.007568359375, 1856.7867431640625]",1
frame_0000.png,extras,umbrella,umbrella,umbrella.,0.2,0.2,4,0.2478,"[1.0254192352294922, 1738.784423828125, 426.67645263671875, 1856.645263671875]",1
frame_0000.png,extras,umbrella,outdoor umbrella,outdoor umbrella.,0.2,0.2,2,0.2555,"[1154.8692626953125, 1660.0836181640625, 1695.0914306640625, 1854.629638671875]",1
frame_0000.png,extras,umbrella,patio umbrella,patio umbrella.,0.2,0.2,4,0.2803,"[1155.3751220703125, 1660.7032470703125, 1694.58544921875, 1854.2880859375]",1
frame_0000.png,extras,umbrella,open umbrella,open umbrella.,0.2,0.2,4,0.412,"[1151.67138671875, 1655.9473876953125, 1696.0621337890625, 1854.2303466796875]",1
frame_0000.png,extras,umbrella,parasol,parasol.,0.2,0.2,0,0.0,,0
frame_0000.png,extras,umbrella,shade umbrella,shade umbrella.,0.2,0.2,5,0.34,"[1554.64013671875, 0.4263576865196228, 1784.44287109375, 139.74241638183594]",1
frame_0000.png,extras,umbrella,folded umbrella,folded umbrella.,0.2,0.2,4,0.3864,"[1155.668212890625, 1662.18408203125, 1695.431396484375, 1854.051513671875]",1
frame_0000.png,extras,electric_wheelchair,electric wheelchair,electric wheelchair.,0.2,0.2,0,0.0,,0
frame_0000.png,extras,electric_wheelchair,motorized wheelchair,motorized wheelchair.,0.2,0.2,4,0.3439,"[489.8035583496094, 925.7025756835938, 588.0234985351562, 994.0550537109375]",1
frame_0000.png,extras,electric_wheelchair,power wheelchair,power wheelchair.,0.2,0.2,0,0.0,,0
frame_0000.png,extras,electric_wheelchair,wheelchair,wheelchair.,0.2,0.2,0,0.0,,0
frame_0000.png,extras,electric_wheelchair,mobility chair,mobility chair.,0.2,0.2,4,0.2386,"[818.233154296875, 936.7490234375, 931.5301513671875, 1004.3963623046875]",1
frame_0000.png,extras,electric_wheelchair,powered mobility scooter,powered mobility scooter.,0.2,0.2,3,0.3669,"[163.20372009277344, 907.8441162109375, 276.31829833984375, 1001.400390625]",1
frame_0000.png,extras,electric_scooter,electric scooter,electric scooter.,0.2,0.2,0,0.0,,0
frame_0000.png,extras,electric_scooter,stand-up scooter,stand-up scooter.,0.2,0.2,3,0.4372,"[163.21685791015625, 908.2875366210938, 275.7442321777344, 1002.1220092773438]",1
frame_0000.png,extras,electric_scooter,kick scooter,kick scooter.,0.2,0.2,4,0.3296,"[166.53060913085938, 911.2566528320312, 275.0799865722656, 1000.7874145507812]",1
frame_0000.png,extras,electric_scooter,two-wheeled scooter,two-wheeled scooter.,0.2,0.2,3,0.4539,"[164.0318603515625, 910.0552368164062, 276.85760498046875, 1002.3934936523438]",1
frame_0000.png,extras,electric_scooter,scooter,scooter.,0.2,0.2,0,0.0,,0
frame_0000.png,extras,electric_scooter,electric kick scooter,electric kick scooter.,0.2,0.2,3,0.3684,"[486.3256530761719, 918.4464111328125, 588.6237182617188, 995.9274291992188]",1
frame_0000.png,extras,prohibition_sign,prohibition sign,prohibition sign.,0.2,0.2,3,0.4477,"[1.7662990093231201, 626.473876953125, 297.7561340332031, 981.7124633789062]",1
frame_0000.png,extras,prohibition_sign,no entry sign,no entry sign.,0.2,0.2,3,0.4004,"[85.5686264038086, 754.44580078125, 271.7431335449219, 878.059326171875]",1
frame_0000.png,extras,prohibition_sign,red prohibition sign,red prohibition sign.,0.2,0.2,2,0.4428,"[2.951427698135376, 625.6454467773438, 300.3924865722656, 982.7451782226562]",1
frame_0000.png,extras,prohibition_sign,do not enter sign,do not enter sign.,0.2,0.2,4,0.3346,"[86.12995147705078, 756.8283081054688, 268.70001220703125, 876.8785400390625]",1
frame_0000.png,extras,prohibition_sign,stop sign,stop sign.,0.2,0.2,1,0.2178,"[1555.496337890625, 0.34265488386154175, 1782.469482421875, 137.73973083496094]",1
frame_0000.png,extras,prohibition_sign,red circular sign,red circular sign.,0.2,0.2,1,0.6169,"[1147.593505859375, 1650.8065185546875, 1697.65771484375, 1853.1549072265625]",1
frame_0000.png,extras,prohibition_sign,warning sign,warning sign.,0.2,0.2,3,0.3968,"[1.6573905944824219, 626.655517578125, 297.2100830078125, 983.4048461914062]",1
frame_0000.png,extras,prohibition_sign,red sign on ground,red sign on ground.,0.2,0.2,6,0.5348,"[10.802650451660156, 969.0011596679688, 2869.5029296875, 1848.36865234375]",1
frame_0000.png,extras,pair_of_ramps,pair of ramps,pair of ramps.,0.18,0.18,4,0.5361,"[486.4130554199219, 789.3726196289062, 885.2818603515625, 994.0178833007812]",1
frame_0000.png,extras,pair_of_ramps,loading ramps,loading ramps.,0.18,0.18,5,0.2809,"[2008.282958984375, 1.5582301616668701, 2877.56787109375, 920.0531005859375]",1
frame_0000.png,extras,pair_of_ramps,metal ramps on ground,metal ramps on ground.,0.18,0.18,5,0.6038,"[9.642219543457031, 971.164794921875, 2868.412109375, 1847.5731201171875]",1
frame_0000.png,extras,pair_of_ramps,vehicle loading ramp,vehicle loading ramp.,0.18,0.18,3,0.4194,"[257.11602783203125, 815.056396484375, 497.2762451171875, 985.0927124023438]",1
frame_0000.png,extras,pair_of_ramps,two metal ramps,two metal ramps.,0.18,0.18,3,0.513,"[486.91259765625, 792.0360107421875, 883.778076171875, 994.2286376953125]",1
frame_0000.png,extras,pair_of_ramps,ramp,ramp.,0.18,0.18,0,0.0,,0
frame_0000.png,extras,pair_of_ramps,aluminum ramp,aluminum ramp.,0.18,0.18,4,0.3253,"[2261.715576171875, 1671.6142578125, 2877.84912109375, 1853.230224609375]",1
frame_0000.png,extras,pair_of_ramps,incline ramp,incline ramp.,0.18,0.18,0,0.0,,0
frame_0000.png,extras,trailer,trailer,trailer.,0.18,0.18,4,0.3843,"[1.1038362979888916, 625.5385131835938, 293.7524108886719, 987.5652465820312]",1
frame_0000.png,extras,trailer,cargo trailer,cargo trailer.,0.18,0.18,3,0.4546,"[1.5303504467010498, 625.5067138671875, 293.349853515625, 987.435302734375]",1
frame_0000.png,extras,trailer,vehicle trailer,vehicle trailer.,0.18,0.18,5,0.5304,"[1.1628341674804688, 628.3956298828125, 290.0315856933594, 989.2071533203125]",1
frame_0000.png,extras,trailer,wheeled trailer,wheeled trailer.,0.18,0.18,7,0.3291,"[258.1912536621094, 817.4052124023438, 495.439453125, 985.5386352539062]",1
frame_0000.png,extras,trailer,small trailer,small trailer.,0.18,0.18,3,0.5103,"[258.2917785644531, 815.2404174804688, 495.8756103515625, 984.5204467773438]",1
frame_0000.png,extras,trailer,utility trailer,utility trailer.,0.18,0.18,3,0.4457,"[259.59722900390625, 816.759765625, 494.5701599121094, 984.0604858398438]",1
frame_0000.png,extras,trailer,open trailer,open trailer.,0.18,0.18,3,0.427,"[493.2955017089844, 800.3150634765625, 872.79345703125, 993.0657958984375]",1
frame_0000.png,extras,trailer,covered trailer,covered trailer.,0.18,0.18,3,0.4065,"[1.401454210281372, 624.8580322265625, 295.6383056640625, 989.2573852539062]",1
frame_0000.png,extras,trailer,container trailer,container trailer.,0.18,0.18,4,0.4918,"[260.9403076171875, 817.6952514648438, 493.306396484375, 981.909912109375]",1
frame_0001.png,production,trailer,ALL_GROUP,trailer. cargo trailer. vehicle trailer. wheeled trailer. flatbed trailer. black trailer. utility trailer.,0.2,0.2,4,0.3119,"[1.5933823585510254, 626.281005859375, 294.7382507324219, 990.512451171875]",1
frame_0001.png,production,electric utility vehicle+electric wheelchair+electric scooter+trolley,ALL_GROUP,electric utility vehicle. small electric cart. utility vehicle. golf cart. electric cart. small white utility vehicle. electric wheelchair. motorized wheelchair. power wheelchair. mobility scooter wheelchair. electric scooter. mobility scooter. stand-up scooter. kick scooter. scooter. trolley. hand cart. hand truck. luggage cart. flatbed cart. push cart. utility cart.,0.22,0.22,1,0.2422,"[0.9073591232299805, 623.4976196289062, 299.2216491699219, 992.8868408203125]",1
frame_0001.png,production,pair of ramps,ALL_GROUP,pair of ramps. loading ramp. metal ramp. vehicle loading ramp. two metal ramps. aluminum ramp.,0.2,0.2,5,0.3952,"[256.74749755859375, 813.056640625, 499.0941162109375, 985.3209838867188]",1
frame_0001.png,production,portable power station+basketball,ALL_GROUP,portable power station. large power bank. battery box. power generator box. portable battery. power station. basketball. orange basketball. sports ball. rubber ball.,0.22,0.22,0,0.0,,0
frame_0001.png,production,rectangular table+umbrella,ALL_GROUP,rectangular table. outdoor table. picnic table. long rectangular table. folding table. work table. umbrella. outdoor umbrella. parasol. patio umbrella. hand umbrella.,0.24,0.24,0,0.0,,0
frame_0001.png,production,cardboard box,ALL_GROUP,cardboard box. brown cardboard box. cardboard package. shipping box.,0.26,0.26,2,0.3573,"[2514.514404296875, 985.578125, 2696.502685546875, 1183.643310546875]",1
frame_0001.png,production,chair,ALL_GROUP,chair. folding chair. outdoor chair. plastic chair. armless chair.,0.3,0.3,0,0.0,,0
frame_0001.png,production,traffic cone+prohibition sign,ALL_GROUP,traffic cone. road cone. safety cone. orange cone. construction cone. prohibition sign. no entry sign. red prohibition sign. do not enter sign. stop sign. red circular sign.,0.22,0.22,0,0.0,,0
frame_0001.png,extras,basketball,basketball,basketball.,0.18,0.18,0,0.0,,0
frame_0001.png,extras,basketball,orange basketball,orange basketball.,0.18,0.18,0,0.0,,0
frame_0001.png,extras,basketball,round orange ball,round orange ball.,0.18,0.18,1,0.8094,"[1151.107177734375, 1653.269287109375, 1693.12841796875, 1853.78662109375]",1
frame_0001.png,extras,basketball,rubber ball on ground,rubber ball on ground.,0.18,0.18,2,0.6726,"[1144.4632568359375, 1644.9385986328125, 1695.01123046875, 1852.180908203125]",1
frame_0001.png,extras,basketball,sports ball,sports ball.,0.18,0.18,1,0.435,"[1155.2440185546875, 1663.260498046875, 1693.91064453125, 1857.1248779296875]",1
frame_0001.png,extras,basketball,ball,ball.,0.18,0.18,1,0.3221,"[1154.707763671875, 1662.9490966796875, 1694.2191162109375, 1856.70703125]",1
frame_0001.png,extras,umbrella,umbrella,umbrella.,0.2,0.2,4,0.2483,"[786.2515258789062, 894.4878540039062, 912.4608764648438, 924.9932250976562]",1
frame_0001.png,extras,umbrella,outdoor umbrella,outdoor umbrella.,0.2,0.2,2,0.2366,"[1554.2587890625, 0.6837992668151855, 1785.806640625, 140.5227508544922]",1
frame_0001.png,extras,umbrella,patio umbrella,patio umbrella.,0.2,0.2,4,0.2671,"[1155.8665771484375, 1660.8870849609375, 1693.862060546875, 1854.062255859375]",1
frame_0001.png,extras,umbrella,open umbrella,open umbrella.,0.2,0.2,4,0.4245,"[1152.6644287109375, 1656.01904296875, 1694.627685546875, 1854.01953125]",1
frame_0001.png,extras,umbrella,parasol,parasol.,0.2,0.2,0,0.0,,0
frame_0001.png,extras,umbrella,shade umbrella,shade umbrella.,0.2,0.2,6,0.3413,"[2263.81982421875, 1671.890869140625, 2878.1796875, 1853.161865234375]",1
frame_0001.png,extras,umbrella,folded umbrella,folded umbrella.,0.2,0.2,4,0.3743,"[1155.998291015625, 1662.19921875, 1695.029296875, 1854.041748046875]",1
frame_0001.png,extras,electric_wheelchair,electric wheelchair,electric wheelchair.,0.2,0.2,0,0.0,,0
frame_0001.png,extras,electric_wheelchair,motorized wheelchair,motorized wheelchair.,0.2,0.2,2,0.2543,"[489.8331298828125, 927.7831420898438, 584.1754760742188, 994.0150146484375]",1
frame_0001.png,extras,electric_wheelchair,power wheelchair,power wheelchair.,0.2,0.2,0,0.0,,0
frame_0001.png,extras,electric_wheelchair,wheelchair,wheelchair.,0.2,0.2,0,0.0,,0
frame_0001.png,extras,electric_wheelchair,mobility chair,mobility chair.,0.2,0.2,2,0.3017,"[820.921875, 932.7728271484375, 932.1014404296875, 1004.6578979492188]",1
frame_0001.png,extras,electric_wheelchair,powered mobility scooter,powered mobility scooter.,0.2,0.2,5,0.3682,"[488.2002258300781, 918.4935302734375, 587.615234375, 996.4388427734375]",1
frame_0001.png,extras,electric_scooter,electric scooter,electric scooter.,0.2,0.2,0,0.0,,0
frame_0001.png,extras,electric_scooter,stand-up scooter,stand-up scooter.,0.2,0.2,2,0.4242,"[162.9824676513672, 908.5664672851562, 275.8348693847656, 1001.5189819335938]",1
frame_0001.png,extras,electric_scooter,kick scooter,kick scooter.,0.2,0.2,4,0.3041,"[167.0100555419922, 912.0994873046875, 275.9309387207031, 1000.29541015625]",1
frame_0001.png,extras,electric_scooter,two-wheeled scooter,two-wheeled scooter.,0.2,0.2,2,0.4769,"[485.9842224121094, 922.5148315429688, 589.0999755859375, 997.2261962890625]",1
frame_0001.png,extras,electric_scooter,scooter,scooter.,0.2,0.2,0,0.0,,0
frame_0001.png,extras,electric_scooter,electric kick scooter,electric kick scooter.,0.2,0.2,3,0.3036,"[162.66358947753906, 909.3646240234375, 275.4861755371094, 1000.3504638671875]",1
frame_0001.png,extras,prohibition_sign,prohibition sign,prohibition sign.,0.2,0.2,3,0.4527,"[1.784656047821045, 627.54541015625, 298.94329833984375, 982.5643920898438]",1
frame_0001.png,extras,prohibition_sign,no entry sign,no entry sign.,0.2,0.2,4,0.3916,"[5.4785943031311035, 630.419677734375, 304.64862060546875, 987.438720703125]",1
frame_0001.png,extras,prohibition_sign,red prohibition sign,red prohibition sign.,0.2,0.2,2,0.435,"[88.01026916503906, 756.2158813476562, 268.3912658691406, 874.845703125]",1
frame_0001.png,extras,prohibition_sign,do not enter sign,do not enter sign.,0.2,0.2,4,0.3378,"[85.9886474609375, 755.4138793945312, 269.0977783203125, 876.8839111328125]",1
frame_0001.png,extras,prohibition_sign,stop sign,stop sign.,0.2,0.2,1,0.2021,"[1555.4912109375, 0.4064159095287323, 1783.0548095703125, 137.92657470703125]",1
frame_0001.png,extras,prohibition_sign,red circular sign,red circular sign.,0.2,0.2,1,0.6225,"[1147.88330078125, 1650.1558837890625, 1697.181640625, 1853.08251953125]",1
frame_0001.png,extras,prohibition_sign,warning sign,warning sign.,0.2,0.2,3,0.3923,"[1.7246711254119873, 627.77783203125, 298.75152587890625, 983.9882202148438]",1
frame_0001.png,extras,prohibition_sign,red sign on ground,red sign on ground.,0.2,0.2,6,0.5241,"[10.649957656860352, 968.8905639648438, 2869.575439453125, 1848.2760009765625]",1
frame_0001.png,extras,pair_of_ramps,pair of ramps,pair of ramps.,0.18,0.18,2,0.54,"[485.4246520996094, 789.2708129882812, 904.8152465820312, 996.9901733398438]",1
frame_0001.png,extras,pair_of_ramps,loading ramps,loading ramps.,0.18,0.18,6,0.2722,"[2007.7406005859375, 1.5144109725952148, 2877.856201171875, 917.85791015625]",1
frame_0001.png,extras,pair_of_ramps,metal ramps on ground,metal ramps on ground.,0.18,0.18,5,0.61,"[9.475622177124023, 970.9078369140625, 2868.52099609375, 1847.722900390625]",1
frame_0001.png,extras,pair_of_ramps,vehicle loading ramp,vehicle loading ramp.,0.18,0.18,4,0.413,"[256.9176025390625, 814.7637939453125, 497.6201477050781, 985.6744384765625]",1
frame_0001.png,extras,pair_of_ramps,two metal ramps,two metal ramps.,0.18,0.18,1,0.5261,"[486.7045593261719, 791.8477172851562, 910.1318969726562, 997.91943359375]",1
frame_0001.png,extras,pair_of_ramps,ramp,ramp.,0.18,0.18,0,0.0,,0
frame_0001.png,extras,pair_of_ramps,aluminum ramp,aluminum ramp.,0.18,0.18,5,0.2888,"[2263.337646484375, 1670.711669921875, 2877.494384765625, 1853.099609375]",1
frame_0001.png,extras,pair_of_ramps,incline ramp,incline ramp.,0.18,0.18,0,0.0,,0
frame_0001.png,extras,trailer,trailer,trailer.,0.18,0.18,4,0.3684,"[1.1796677112579346, 626.1787719726562, 295.30841064453125, 988.0227661132812]",1
frame_0001.png,extras,trailer,cargo trailer,cargo trailer.,0.18,0.18,3,0.4546,"[1.3569080829620361, 626.1885375976562, 296.283935546875, 987.5762329101562]",1
frame_0001.png,extras,trailer,vehicle trailer,vehicle trailer.,0.18,0.18,5,0.531,"[259.53289794921875, 816.6231689453125, 494.00775146484375, 984.3800048828125]",1
frame_0001.png,extras,trailer,wheeled trailer,wheeled trailer.,0.18,0.18,9,0.325,"[258.5484313964844, 817.6046142578125, 495.9184265136719, 985.8500366210938]",1
frame_0001.png,extras,trailer,small trailer,small trailer.,0.18,0.18,3,0.5205,"[258.72003173828125, 815.2837524414062, 496.16497802734375, 985.0416259765625]",1
frame_0001.png,extras,trailer,utility trailer,utility trailer.,0.18,0.18,3,0.4673,"[259.520751953125, 816.7777709960938, 494.8092956542969, 984.6748657226562]",1
frame_0001.png,extras,trailer,open trailer,open trailer.,0.18,0.18,3,0.4286,"[258.0611877441406, 816.2423095703125, 496.4686584472656, 985.6498413085938]",1
frame_0001.png,extras,trailer,covered trailer,covered trailer.,0.18,0.18,3,0.4294,"[1.3381540775299072, 626.1070556640625, 297.5491943359375, 989.4725341796875]",1
frame_0001.png,extras,trailer,container trailer,container trailer.,0.18,0.18,5,0.4886,"[261.1911926269531, 817.6741333007812, 493.4799499511719, 982.4979248046875]",1
frame_0002.png,production,trailer,ALL_GROUP,trailer. cargo trailer. vehicle trailer. wheeled trailer. flatbed trailer. black trailer. utility trailer.,0.2,0.2,4,0.3019,"[1.3399779796600342, 628.8923950195312, 291.6398010253906, 991.6098022460938]",1
frame_0002.png,production,electric utility vehicle+electric wheelchair+electric scooter+trolley,ALL_GROUP,electric utility vehicle. small electric cart. utility vehicle. golf cart. electric cart. small white utility vehicle. electric wheelchair. motorized wheelchair. power wheelchair. mobility scooter wheelchair. electric scooter. mobility scooter. stand-up scooter. kick scooter. scooter. trolley. hand cart. hand truck. luggage cart. flatbed cart. push cart. utility cart.,0.22,0.22,1,0.2233,"[0.9736204147338867, 625.0320434570312, 296.72857666015625, 991.6807861328125]",1
frame_0002.png,production,pair of ramps,ALL_GROUP,pair of ramps. loading ramp. metal ramp. vehicle loading ramp. two metal ramps. aluminum ramp.,0.2,0.2,5,0.3921,"[256.1839294433594, 812.9527587890625, 499.7483215332031, 984.6611328125]",1
frame_0002.png,production,portable power station+basketball,ALL_GROUP,portable power station. large power bank. battery box. power generator box. portable battery. power station. basketball. orange basketball. sports ball. rubber ball.,0.22,0.22,0,0.0,,0
frame_0002.png,production,rectangular table+umbrella,ALL_GROUP,rectangular table. outdoor table. picnic table. long rectangular table. folding table. work table. umbrella. outdoor umbrella. parasol. patio umbrella. hand umbrella.,0.24,0.24,0,0.0,,0
frame_0002.png,production,cardboard box,ALL_GROUP,cardboard box. brown cardboard box. cardboard package. shipping box.,0.26,0.26,2,0.3571,"[2514.21923828125, 985.4083862304688, 2695.6240234375, 1183.6634521484375]",1
frame_0002.png,production,chair,ALL_GROUP,chair. folding chair. outdoor chair. plastic chair. armless chair.,0.3,0.3,0,0.0,,0
frame_0002.png,production,traffic cone+prohibition sign,ALL_GROUP,traffic cone. road cone. safety cone. orange cone. construction cone. prohibition sign. no entry sign. red prohibition sign. do not enter sign. stop sign. red circular sign.,0.22,0.22,0,0.0,,0
frame_0002.png,extras,basketball,basketball,basketball.,0.18,0.18,0,0.0,,0
frame_0002.png,extras,basketball,orange basketball,orange basketball.,0.18,0.18,0,0.0,,0
frame_0002.png,extras,basketball,round orange ball,round orange ball.,0.18,0.18,1,0.8024,"[1150.7188720703125, 1653.3310546875, 1693.19970703125, 1853.8267822265625]",1
frame_0002.png,extras,basketball,rubber ball on ground,rubber ball on ground.,0.18,0.18,2,0.6695,"[1144.5367431640625, 1645.277587890625, 1695.0107421875, 1852.185546875]",1
frame_0002.png,extras,basketball,sports ball,sports ball.,0.18,0.18,1,0.4182,"[1154.83544921875, 1663.0284423828125, 1693.895263671875, 1857.1278076171875]",1
frame_0002.png,extras,basketball,ball,ball.,0.18,0.18,1,0.3119,"[1154.4691162109375, 1662.7025146484375, 1694.06689453125, 1856.7227783203125]",1
frame_0002.png,extras,umbrella,umbrella,umbrella.,0.2,0.2,4,0.2557,"[786.8329467773438, 894.5147705078125, 911.9654541015625, 924.5418090820312]",1
frame_0002.png,extras,umbrella,outdoor umbrella,outdoor umbrella.,0.2,0.2,2,0.2414,"[1554.5499267578125, 0.6770434379577637, 1785.681396484375, 140.58755493164062]",1
frame_0002.png,extras,umbrella,patio umbrella,patio umbrella.,0.2,0.2,4,0.2671,"[1156.012939453125, 1660.552734375, 1693.729736328125, 1854.114013671875]",1
frame_0002.png,extras,umbrella,open umbrella,open umbrella.,0.2,0.2,4,0.4234,"[1152.560546875, 1655.8455810546875, 1694.76708984375, 1854.1646728515625]",1
frame_0002.png,extras,umbrella,parasol,parasol.,0.2,0.2,0,0.0,,0
frame_0002.png,extras,umbrella,shade umbrella,shade umbrella.,0.2,0.2,6,0.365,"[2262.23046875, 1671.868896484375, 2878.191650390625, 1853.3419189453125]",1
frame_0002.png,extras,umbrella,folded umbrella,folded umbrella.,0.2,0.2,4,0.3826,"[1155.939697265625, 1661.8408203125, 1694.856689453125, 1854.1888427734375]",1
frame_0002.png,extras,electric_wheelchair,electric wheelchair,electric wheelchair.,0.2,0.2,0,0.0,,0
frame_0002.png,extras,electric_wheelchair,motorized wheelchair,motorized wheelchair.,0.2,0.2,2,0.2563,"[489.4322509765625, 927.9395751953125, 583.5064697265625, 994.0244140625]",1
frame_0002.png,extras,electric_wheelchair,power wheelchair,power wheelchair.,0.2,0.2,0,0.0,,0
frame_0002.png,extras,electric_wheelchair,wheelchair,wheelchair.,0.2,0.2,0,0.0,,0
frame_0002.png,extras,electric_wheelchair,mobility chair,mobility chair.,0.2,0.2,3,0.2862,"[820.1666259765625, 932.5458984375, 932.2539672851562, 1004.9278564453125]",1
frame_0002.png,extras,electric_wheelchair,powered mobility scooter,powered mobility scooter.,0.2,0.2,4,0.4277,"[164.61956787109375, 909.1982421875, 276.90472412109375, 1001.5219116210938]",1
frame_0002.png,extras,electric_scooter,electric scooter,electric scooter.,0.2,0.2,0,0.0,,0
frame_0002.png,extras,electric_scooter,stand-up scooter,stand-up scooter.,0.2,0.2,3,0.4476,"[164.30709838867188, 909.2802734375, 276.45709228515625, 1002.0591430664062]",1
frame_0002.png,extras,electric_scooter,kick scooter,kick scooter.,0.2,0.2,3,0.3438,"[166.21754455566406, 912.4024658203125, 275.32073974609375, 1000.767578125]",1
frame_0002.png,extras,electric_scooter,two-wheeled scooter,two-wheeled scooter.,0.2,0.2,2,0.5158,"[165.3673095703125, 911.7714233398438, 277.2135009765625, 1002.3888549804688]",1
frame_0002.png,extras,electric_scooter,scooter,scooter.,0.2,0.2,0,0.0,,0
frame_0002.png,extras,electric_scooter,electric kick scooter,electric kick scooter.,0.2,0.2,2,0.3631,"[164.49624633789062, 910.6116333007812, 275.231689453125, 1000.9278564453125]",1
frame_0002.png,extras,prohibition_sign,prohibition sign,prohibition sign.,0.2,0.2,3,0.4172,"[1.8907427787780762, 629.2299194335938, 296.90972900390625, 982.3550415039062]",1
frame_0002.png,extras,prohibition_sign,no entry sign,no entry sign.,0.2,0.2,3,0.4118,"[89.80668640136719, 755.0397338867188, 270.862060546875, 876.6239013671875]",1
frame_0002.png,extras,prohibition_sign,red prohibition sign,red prohibition sign.,0.2,0.2,2,0.4611,"[91.31758880615234, 757.9369506835938, 267.5515441894531, 874.20947265625]",1
frame_0002.png,extras,prohibition_sign,do not enter sign,do not enter sign.,0.2,0.2,4,0.3494,"[88.58411407470703, 756.8121337890625, 268.8443603515625, 875.8326416015625]",1
frame_0002.png,extras,prohibition_sign,stop sign,stop sign.,0.2,0.2,1,0.2003,"[1555.7510986328125, 0.3760528564453125, 1782.8741455078125, 138.00440979003906]",1
frame_0002.png,extras,prohibition_sign,red circular sign,red circular sign.,0.2,0.2,1,0.6224,"[1147.6021728515625, 1649.6951904296875, 1697.1295166015625, 1853.05908203125]",1
frame_0002.png,extras,prohibition_sign,warning sign,warning sign.,0.2,0.2,3,0.3801,"[1.6363728046417236, 628.1851806640625, 297.1656188964844, 983.8519287109375]",1
frame_0002.png,extras,prohibition_sign,red sign on ground,red sign on ground.,0.2,0.2,5,0.5344,"[10.72514533996582, 969.0501708984375, 2869.697265625, 1848.4276123046875]",1
frame_0002.png,extras,pair_of_ramps,pair of ramps,pair of ramps.,0.18,0.18,2,0.5422,"[485.4522705078125, 789.0397338867188, 896.87646484375, 996.9059448242188]",1
frame_0002.png,extras,pair_of_ramps,loading ramps,loading ramps.,0.18,0.18,6,0.263,"[2007.3267822265625, 1.4640507698059082, 2877.804443359375, 918.821533203125]",1
frame_0002.png,extras,pair_of_ramps,metal ramps on ground,metal ramps on ground.,0.18,0.18,5,0.6161,"[9.495019912719727, 971.052734375, 2868.561279296875, 1847.700439453125]",1
frame_0002.png,extras,pair_of_ramps,vehicle loading ramp,vehicle loading ramp.,0.18,0.18,4,0.4199,"[256.89776611328125, 814.8490600585938, 498.16827392578125, 985.07177734375]",1
frame_0002.png,extras,pair_of_ramps,two metal ramps,two metal ramps.,0.18,0.18,1,0.5444,"[486.0735168457031, 791.5128784179688, 902.1607055664062, 998.0322265625]",1
frame_0002.png,extras,pair_of_ramps,ramp,ramp.,0.18,0.18,0,0.0,,0
frame_0002.png,extras,pair_of_ramps,aluminum ramp,aluminum ramp.,0.18,0.18,5,0.2867,"[2261.17919921875, 1670.6363525390625, 2877.467041015625, 1853.1829833984375]",1
frame_0002.png,extras,pair_of_ramps,incline ramp,incline ramp.,0.18,0.18,0,0.0,,0
frame_0002.png,extras,trailer,trailer,trailer.,0.18,0.18,4,0.3511,"[0.9538042545318604, 627.9412231445312, 291.6443176269531, 987.7908325195312]",1
frame_0002.png,extras,trailer,cargo trailer,cargo trailer.,0.18,0.18,3,0.4539,"[1.3881504535675049, 631.0723876953125, 290.9569396972656, 986.8046264648438]",1
frame_0002.png,extras,trailer,vehicle trailer,vehicle trailer.,0.18,0.18,6,0.5202,"[259.8393249511719, 816.8984375, 494.1834411621094, 983.651611328125]",1
frame_0002.png,extras,trailer,wheeled trailer,wheeled trailer.,0.18,0.18,8,0.3142,"[258.59759521484375, 817.6275024414062, 496.108642578125, 985.2125854492188]",1
frame_0002.png,extras,trailer,small trailer,small trailer.,0.18,0.18,3,0.5154,"[258.6393737792969, 815.4381103515625, 496.41131591796875, 984.5902099609375]",1
frame_0002.png,extras,trailer,utility trailer,utility trailer.,0.18,0.18,3,0.4627,"[259.63189697265625, 816.79833984375, 495.04180908203125, 984.2177124023438]",1
frame_0002.png,extras,trailer,open trailer,open trailer.,0.18,0.18,4,0.4235,"[257.8617858886719, 816.386474609375, 496.854248046875, 985.2127075195312]",1
frame_0002.png,extras,trailer,covered trailer,covered trailer.,0.18,0.18,3,0.4133,"[1.5513038635253906, 629.8222045898438, 293.778564453125, 988.3405151367188]",1
frame_0002.png,extras,trailer,container trailer,container trailer.,0.18,0.18,5,0.4749,"[261.5707092285156, 817.833740234375, 493.5850524902344, 982.0411987304688]",1
frame_0003.png,production,trailer,ALL_GROUP,trailer. cargo trailer. vehicle trailer. wheeled trailer. flatbed trailer. black trailer. utility trailer.,0.2,0.2,4,0.2937,"[1.6324782371520996, 623.9442749023438, 292.43109130859375, 991.6294555664062]",1
frame_0003.png,production,electric utility vehicle+electric wheelchair+electric scooter+trolley,ALL_GROUP,electric utility vehicle. small electric cart. utility vehicle. golf cart. electric cart. small white utility vehicle. electric wheelchair. motorized wheelchair. power wheelchair. mobility scooter wheelchair. electric scooter. mobility scooter. stand-up scooter. kick scooter. scooter. trolley. hand cart. hand truck. luggage cart. flatbed cart. push cart. utility cart.,0.22,0.22,2,0.3013,"[588.6149291992188, 925.2446899414062, 734.6077880859375, 993.4541625976562]",1
frame_0003.png,production,pair of ramps,ALL_GROUP,pair of ramps. loading ramp. metal ramp. vehicle loading ramp. two metal ramps. aluminum ramp.,0.2,0.2,5,0.3785,"[253.4687042236328, 813.61181640625, 495.38037109375, 984.1412963867188]",1
frame_0003.png,production,portable power station+basketball,ALL_GROUP,portable power station. large power bank. battery box. power generator box. portable battery. power station. basketball. orange basketball. sports ball. rubber ball.,0.22,0.22,0,0.0,,0
frame_0003.png,production,rectangular table+umbrella,ALL_GROUP,rectangular table. outdoor table. picnic table. long rectangular table. folding table. work table. umbrella. outdoor umbrella. parasol. patio umbrella. hand umbrella.,0.24,0.24,0,0.0,,0
frame_0003.png,production,cardboard box,ALL_GROUP,cardboard box. brown cardboard box. cardboard package. shipping box.,0.26,0.26,2,0.3767,"[2534.297607421875, 986.5132446289062, 2723.498291015625, 1189.185302734375]",1
frame_0003.png,production,chair,ALL_GROUP,chair. folding chair. outdoor chair. plastic chair. armless chair.,0.3,0.3,0,0.0,,0
frame_0003.png,production,traffic cone+prohibition sign,ALL_GROUP,traffic cone. road cone. safety cone. orange cone. construction cone. prohibition sign. no entry sign. red prohibition sign. do not enter sign. stop sign. red circular sign.,0.22,0.22,0,0.0,,0
frame_0003.png,extras,basketball,basketball,basketball.,0.18,0.18,0,0.0,,0
frame_0003.png,extras,basketball,orange basketball,orange basketball.,0.18,0.18,0,0.0,,0
frame_0003.png,extras,basketball,round orange ball,round orange ball.,0.18,0.18,1,0.7691,"[1146.323974609375, 1654.4798583984375, 1695.2410888671875, 1854.5001220703125]",1
frame_0003.png,extras,basketball,rubber ball on ground,rubber ball on ground.,0.18,0.18,2,0.6158,"[1141.156982421875, 1645.59716796875, 1696.468994140625, 1851.9512939453125]",1
frame_0003.png,extras,basketball,sports ball,sports ball.,0.18,0.18,1,0.3677,"[1148.83447265625, 1664.72216796875, 1696.23828125, 1857.2626953125]",1
frame_0003.png,extras,basketball,ball,ball.,0.18,0.18,1,0.2771,"[1149.2445068359375, 1664.7611083984375, 1696.82177734375, 1856.8394775390625]",1
frame_0003.png,extras,umbrella,umbrella,umbrella.,0.2,0.2,3,0.2476,"[0.9289240837097168, 1738.7977294921875, 437.78424072265625, 1856.5518798828125]",1
frame_0003.png,extras,umbrella,outdoor umbrella,outdoor umbrella.,0.2,0.2,1,0.203,"[1554.99853515625, 0.8940609693527222, 1786.4791259765625, 141.0328826904297]",1
frame_0003.png,extras,umbrella,patio umbrella,patio umbrella.,0.2,0.2,0,0.0,,0
frame_0003.png,extras,umbrella,open umbrella,open umbrella.,0.2,0.2,4,0.4328,"[1146.7694091796875, 1657.0799560546875, 1697.7967529296875, 1854.3099365234375]",1
frame_0003.png,extras,umbrella,parasol,parasol.,0.2,0.2,0,0.0,,0
frame_0003.png,extras,umbrella,shade umbrella,shade umbrella.,0.2,0.2,6,0.3237,"[2260.40673828125, 1672.1094970703125, 2878.288818359375, 1852.9970703125]",1
frame_0003.png,extras,umbrella,folded umbrella,folded umbrella.,0.2,0.2,4,0.355,"[1150.1102294921875, 1663.662841796875, 1698.6888427734375, 1854.4617919921875]",1
frame_0003.png,extras,electric_wheelchair,electric wheelchair,electric wheelchair.,0.2,0.2,0,0.0,,0
frame_0003.png,extras,electric_wheelchair,motorized wheelchair,motorized wheelchair.,0.2,0.2,3,0.275,"[490.92108154296875, 923.9166870117188, 582.348876953125, 994.9711303710938]",1
frame_0003.png,extras,electric_wheelchair,power wheelchair,power wheelchair.,0.2,0.2,0,0.0,,0
frame_0003.png,extras,electric_wheelchair,wheelchair,wheelchair.,0.2,0.2,0,0.0,,0
frame_0003.png,extras,electric_wheelchair,mobility chair,mobility chair.,0.2,0.2,4,0.36,"[821.6068115234375, 933.58935546875, 928.0042114257812, 1005.7269897460938]",1
frame_0003.png,extras,electric_wheelchair,powered mobility scooter,powered mobility scooter.,0.2,0.2,3,0.372,"[162.10081481933594, 911.4805908203125, 272.3648986816406, 1004.3125610351562]",1
frame_0003.png,extras,electric_scooter,electric scooter,electric scooter.,0.2,0.2,0,0.0,,0
frame_0003.png,extras,electric_scooter,stand-up scooter,stand-up scooter.,0.2,0.2,3,0.4196,"[160.66513061523438, 910.6036376953125, 272.1772766113281, 1005.420654296875]",1
frame_0003.png,extras,electric_scooter,kick scooter,kick scooter.,0.2,0.2,4,0.3031,"[164.3319549560547, 916.418701171875, 270.771484375, 1003.5431518554688]",1
frame_0003.png,extras,electric_scooter,two-wheeled scooter,two-wheeled scooter.,0.2,0.2,3,0.4901,"[161.3875732421875, 911.743408203125, 272.5055236816406, 1005.5723266601562]",1
frame_0003.png,extras,electric_scooter,scooter,scooter.,0.2,0.2,0,0.0,,0
frame_0003.png,extras,electric_scooter,electric kick scooter,electric kick scooter.,0.2,0.2,4,0.3565,"[163.2608184814453, 916.3577880859375, 270.73193359375, 1003.8197631835938]",1
frame_0003.png,extras,prohibition_sign,prohibition sign,prohibition sign.,0.2,0.2,3,0.4455,"[1.9154512882232666, 626.5379638671875, 297.3426208496094, 983.2455444335938]",1
frame_0003.png,extras,prohibition_sign,no entry sign,no entry sign.,0.2,0.2,4,0.3951,"[87.4822998046875, 753.9950561523438, 268.8957824707031, 878.1615600585938]",1
frame_0003.png,extras,prohibition_sign,red prohibition sign,red prohibition sign.,0.2,0.2,2,0.4506,"[88.01471710205078, 756.26611328125, 266.1510009765625, 876.6787719726562]",1
frame_0003.png,extras,prohibition_sign,do not enter sign,do not enter sign.,0.2,0.2,4,0.3363,"[89.35906219482422, 756.2162475585938, 266.3620910644531, 877.4254150390625]",1
frame_0003.png,extras,prohibition_sign,stop sign,stop sign.,0.2,0.2,0,0.0,,0
frame_0003.png,extras,prohibition_sign,red circular sign,red circular sign.,0.2,0.2,1,0.6028,"[1143.126953125, 1651.3031005859375, 1700.7059326171875, 1853.5458984375]",1
frame_0003.png,extras,prohibition_sign,warning sign,warning sign.,0.2,0.2,3,0.3935,"[1.4625442028045654, 626.3518676757812, 297.3131408691406, 984.6832885742188]",1
frame_0003.png,extras,prohibition_sign,red sign on ground,red sign on ground.,0.2,0.2,5,0.5274,"[10.527734756469727, 968.7041625976562, 2869.311767578125, 1848.445068359375]",1
frame_0003.png,extras,pair_of_ramps,pair of ramps,pair of ramps.,0.18,0.18,4,0.5261,"[483.474609375, 789.8536376953125, 897.543701171875, 998.4320678710938]",1
frame_0003.png,extras,pair_of_ramps,loading ramps,loading ramps.,0.18,0.18,5,0.2671,"[2011.0072021484375, 1.6027700901031494, 2877.49072265625, 914.7643432617188]",1
frame_0003.png,extras,pair_of_ramps,metal ramps on ground,metal ramps on ground.,0.18,0.18,6,0.6103,"[9.605484008789062, 971.280029296875, 2868.14892578125, 1847.7506103515625]",1
frame_0003.png,extras,pair_of_ramps,vehicle loading ramp,vehicle loading ramp.,0.18,0.18,3,0.3945,"[253.51844787597656, 815.7210693359375, 494.91143798828125, 983.3817749023438]",1
frame_0003.png,extras,pair_of_ramps,two metal ramps,two metal ramps.,0.18,0.18,1,0.5004,"[485.2958068847656, 792.2474975585938, 897.71533203125, 998.9032592773438]",1
frame_0003.png,extras,pair_of_ramps,ramp,ramp.,0.18,0.18,0,0.0,,0
frame_0003.png,extras,pair_of_ramps,aluminum ramp,aluminum ramp.,0.18,0.18,6,0.302,"[2257.14599609375, 1670.9581298828125, 2877.704833984375, 1853.2227783203125]",1
frame_0003.png,extras,pair_of_ramps,incline ramp,incline ramp.,0.18,0.18,0,0.0,,0
frame_0003.png,extras,trailer,trailer,trailer.,0.18,0.18,5,0.3233,"[1.200578212738037, 624.8119506835938, 294.38897705078125, 988.156494140625]",1
frame_0003.png,extras,trailer,cargo trailer,cargo trailer.,0.18,0.18,3,0.464,"[1.394212245941162, 625.05322265625, 294.3980712890625, 988.0299072265625]",1
frame_0003.png,extras,trailer,vehicle trailer,vehicle trailer.,0.18,0.18,7,0.4985,"[0.9077775478363037, 626.6394653320312, 291.014404296875, 990.00537109375]",1
frame_0003.png,extras,trailer,wheeled trailer,wheeled trailer.,0.18,0.18,7,0.3054,"[589.60009765625, 931.2688598632812, 733.306396484375, 992.7042846679688]",1
frame_0003.png,extras,trailer,small trailer,small trailer.,0.18,0.18,3,0.5056,"[254.9752960205078, 815.8560791015625, 493.7664794921875, 983.8466186523438]",1
frame_0003.png,extras,trailer,utility trailer,utility trailer.,0.18,0.18,3,0.4302,"[1.5988540649414062, 624.4276733398438, 295.07373046875, 988.7280883789062]",1
frame_0003.png,extras,trailer,open trailer,open trailer.,0.18,0.18,3,0.3895,"[1.7936468124389648, 624.8330078125, 295.4394226074219, 990.709716796875]",1
frame_0003.png,extras,trailer,covered trailer,covered trailer.,0.18,0.18,3,0.4367,"[1.3542366027832031, 624.539306640625, 297.0361328125, 989.8644409179688]",1
frame_0003.png,extras,trailer,container trailer,container trailer.,0.18,0.18,3,0.4714,"[1.6809940338134766, 625.4263916015625, 291.72296142578125, 987.0879516601562]",1
frame_0004.png,production,trailer,ALL_GROUP,trailer. cargo trailer. vehicle trailer. wheeled trailer. flatbed trailer. black trailer. utility trailer.,0.2,0.2,2,0.2922,"[194.60533142089844, 809.31494140625, 446.28607177734375, 994.013916015625]",1
frame_0004.png,production,electric utility vehicle+electric wheelchair+electric scooter+trolley,ALL_GROUP,electric utility vehicle. small electric cart. utility vehicle. golf cart. electric cart. small white utility vehicle. electric wheelchair. motorized wheelchair. power wheelchair. mobility scooter wheelchair. electric scooter. mobility scooter. stand-up scooter. kick scooter. scooter. trolley. hand cart. hand truck. luggage cart. flatbed cart. push cart. utility cart.,0.22,0.22,0,0.0,,0
frame_0004.png,production,pair of ramps,ALL_GROUP,pair of ramps. loading ramp. metal ramp. vehicle loading ramp. two metal ramps. aluminum ramp.,0.2,0.2,6,0.4299,"[194.09567260742188, 807.7638549804688, 449.11041259765625, 999.2698974609375]",1
frame_0004.png,production,portable power station+basketball,ALL_GROUP,portable power station. large power bank. battery box. power generator box. portable battery. power station. basketball. orange basketball. sports ball. rubber ball.,0.22,0.22,0,0.0,,0
frame_0004.png,production,rectangular table+umbrella,ALL_GROUP,rectangular table. outdoor table. picnic table. long rectangular table. folding table. work table. umbrella. outdoor umbrella. parasol. patio umbrella. hand umbrella.,0.24,0.24,0,0.0,,0
frame_0004.png,production,cardboard box,ALL_GROUP,cardboard box. brown cardboard box. cardboard package. shipping box.,0.26,0.26,0,0.0,,0
frame_0004.png,production,chair,ALL_GROUP,chair. folding chair. outdoor chair. plastic chair. armless chair.,0.3,0.3,0,0.0,,0
frame_0004.png,production,traffic cone+prohibition sign,ALL_GROUP,traffic cone. road cone. safety cone. orange cone. construction cone. prohibition sign. no entry sign. red prohibition sign. do not enter sign. stop sign. red circular sign.,0.22,0.22,0,0.0,,0
frame_0004.png,extras,basketball,basketball,basketball.,0.18,0.18,0,0.0,,0
frame_0004.png,extras,basketball,orange basketball,orange basketball.,0.18,0.18,0,0.0,,0
frame_0004.png,extras,basketball,round orange ball,round orange ball.,0.18,0.18,1,0.7648,"[1147.80810546875, 1654.808837890625, 1695.53515625, 1854.365234375]",1
frame_0004.png,extras,basketball,rubber ball on ground,rubber ball on ground.,0.18,0.18,2,0.6098,"[1141.6490478515625, 1646.1575927734375, 1696.6414794921875, 1852.1689453125]",1
frame_0004.png,extras,basketball,sports ball,sports ball.,0.18,0.18,1,0.3445,"[1153.9287109375, 1664.6981201171875, 1695.559326171875, 1857.0107421875]",1
frame_0004.png,extras,basketball,ball,ball.,0.18,0.18,1,0.259,"[1152.8912353515625, 1664.7667236328125, 1695.2564697265625, 1856.6805419921875]",1
frame_0004.png,extras,umbrella,umbrella,umbrella.,0.2,0.2,2,0.2692,"[0.8530926704406738, 1738.7076416015625, 440.557861328125, 1856.75146484375]",1
frame_0004.png,extras,umbrella,outdoor umbrella,outdoor umbrella.,0.2,0.2,2,0.2602,"[1554.011474609375, 0.9348106384277344, 1785.4573974609375, 140.3709716796875]",1
frame_0004.png,extras,umbrella,patio umbrella,patio umbrella.,0.2,0.2,4,0.232,"[1152.9993896484375, 1662.5079345703125, 1695.2764892578125, 1854.2900390625]",1
frame_0004.png,extras,umbrella,open umbrella,open umbrella.,0.2,0.2,5,0.3727,"[1150.47509765625, 1657.7462158203125, 1695.5230712890625, 1854.3990478515625]",1
frame_0004.png,extras,umbrella,parasol,parasol.,0.2,0.2,0,0.0,,0
frame_0004.png,extras,umbrella,shade umbrella,shade umbrella.,0.2,0.2,7,0.3464,"[2276.725341796875, 1672.2071533203125, 2878.300537109375, 1853.33154296875]",1
frame_0004.png,extras,umbrella,folded umbrella,folded umbrella.,0.2,0.2,4,0.3625,"[2276.175048828125, 1673.1414794921875, 2879.502685546875, 1853.1082763671875]",1
frame_0004.png,extras,electric_wheelchair,electric wheelchair,electric wheelchair.,0.2,0.2,0,0.0,,0
frame_0004.png,extras,electric_wheelchair,motorized wheelchair,motorized wheelchair.,0.2,0.2,2,0.2464,"[79.45416259765625, 920.4697265625, 192.47918701171875, 1007.954345703125]",1
frame_0004.png,extras,electric_wheelchair,power wheelchair,power wheelchair.,0.2,0.2,0,0.0,,0
frame_0004.png,extras,electric_wheelchair,wheelchair,wheelchair.,0.2,0.2,0,0.0,,0
frame_0004.png,extras,electric_wheelchair,mobility chair,mobility chair.,0.2,0.2,2,0.2786,"[80.43697357177734, 921.6283569335938, 186.47686767578125, 1007.7279663085938]",1
frame_0004.png,extras,electric_wheelchair,powered mobility scooter,powered mobility scooter.,0.2,0.2,3,0.4313,"[76.47576904296875, 914.3408813476562, 192.76600646972656, 1011.2138671875]",1
frame_0004.png,extras,electric_scooter,electric scooter,electric scooter.,0.2,0.2,0,0.0,,0
frame_0004.png,extras,electric_scooter,stand-up scooter,stand-up scooter.,0.2,0.2,3,0.4714,"[75.70055389404297, 913.9452514648438, 192.2786865234375, 1012.1129760742188]",1
frame_0004.png,extras,electric_scooter,kick scooter,kick scooter.,0.2,0.2,4,0.293,"[77.95001220703125, 919.1201171875, 190.6681365966797, 1010.3679809570312]",1
frame_0004.png,extras,electric_scooter,two-wheeled scooter,two-wheeled scooter.,0.2,0.2,4,0.4995,"[75.9200668334961, 914.7421264648438, 193.37452697753906, 1012.43408203125]",1
frame_0004.png,extras,electric_scooter,scooter,scooter.,0.2,0.2,0,0.0,,0
frame_0004.png,extras,electric_scooter,electric kick scooter,electric kick scooter.,0.2,0.2,5,0.3759,"[76.91277313232422, 917.9054565429688, 190.9023895263672, 1010.88232421875]",1
frame_0004.png,extras,prohibition_sign,prohibition sign,prohibition sign.,0.2,0.2,3,0.445,"[20.29828643798828, 752.9254760742188, 195.9074249267578, 871.14892578125]",1
frame_0004.png,extras,prohibition_sign,no entry sign,no entry sign.,0.2,0.2,3,0.4521,"[17.644922256469727, 745.968017578125, 199.71006774902344, 875.7775268554688]",1
frame_0004.png,extras,prohibition_sign,red prohibition sign,red prohibition sign.,0.2,0.2,2,0.5179,"[17.659503936767578, 749.1087036132812, 197.9736785888672, 873.2152709960938]",1
frame_0004.png,extras,prohibition_sign,do not enter sign,do not enter sign.,0.2,0.2,2,0.3841,"[18.742874145507812, 749.1506958007812, 197.03271484375, 874.0454711914062]",1
frame_0004.png,extras,prohibition_sign,stop sign,stop sign.,0.2,0.2,0,0.0,,0
frame_0004.png,extras,prohibition_sign,red circular sign,red circular sign.,0.2,0.2,1,0.6024,"[1143.6639404296875, 1652.3741455078125, 1702.3974609375, 1853.20849609375]",1
frame_0004.png,extras,prohibition_sign,warning sign,warning sign.,0.2,0.2,3,0.3642,"[21.088546752929688, 754.4647827148438, 196.73655700683594, 871.6000366210938]",1
frame_0004.png,extras,prohibition_sign,red sign on ground,red sign on ground.,0.2,0.2,4,0.5237,"[9.879541397094727, 974.6762084960938, 2869.452392578125, 1847.6094970703125]",1
frame_0004.png,extras,pair_of_ramps,pair of ramps,pair of ramps.,0.18,0.18,4,0.4997,"[412.7691650390625, 781.09423828125, 877.294677734375, 998.3353881835938]",1
frame_0004.png,extras,pair_of_ramps,loading ramps,loading ramps.,0.18,0.18,5,0.3185,"[2076.711669921875, 0.20490556955337524, 2877.5224609375, 909.8064575195312]",1
frame_0004.png,extras,pair_of_ramps,metal ramps on ground,metal ramps on ground.,0.18,0.18,4,0.6097,"[9.679899215698242, 976.8350830078125, 2868.334228515625, 1847.1190185546875]",1
frame_0004.png,extras,pair_of_ramps,vehicle loading ramp,vehicle loading ramp.,0.18,0.18,3,0.5032,"[194.11181640625, 809.513427734375, 448.0555419921875, 997.727294921875]",1
frame_0004.png,extras,pair_of_ramps,two metal ramps,two metal ramps.,0.18,0.18,5,0.4271,"[412.3405456542969, 784.3237915039062, 875.6099853515625, 996.3519287109375]",1
frame_0004.png,extras,pair_of_ramps,ramp,ramp.,0.18,0.18,0,0.0,,0
frame_0004.png,extras,pair_of_ramps,aluminum ramp,aluminum ramp.,0.18,0.18,6,0.3329,"[2075.537841796875, 0.7920724153518677, 2877.396240234375, 910.4553833007812]",1
frame_0004.png,extras,pair_of_ramps,incline ramp,incline ramp.,0.18,0.18,0,0.0,,0
frame_0004.png,extras,trailer,trailer,trailer.,0.18,0.18,1,0.2451,"[197.5511474609375, 813.1253051757812, 443.7778015136719, 990.5000610351562]",1
frame_0004.png,extras,trailer,cargo trailer,cargo trailer.,0.18,0.18,3,0.5486,"[196.6719207763672, 812.61376953125, 443.5601806640625, 990.85791015625]",1
frame_0004.png,extras,trailer,vehicle trailer,vehicle trailer.,0.18,0.18,4,0.5945,"[196.06106567382812, 811.6718139648438, 443.16595458984375, 992.01416015625]",1
frame_0004.png,extras,trailer,wheeled trailer,wheeled trailer.,0.18,0.18,8,0.3217,"[759.3329467773438, 972.6529541015625, 872.8740844726562, 1013.31787109375]",1
frame_0004.png,extras,trailer,small trailer,small trailer.,0.18,0.18,2,0.6335,"[195.2025604248047, 809.8387451171875, 445.9611511230469, 995.5992431640625]",1
frame_0004.png,extras,trailer,utility trailer,utility trailer.,0.18,0.18,2,0.617,"[196.58116149902344, 811.3926391601562, 444.3925476074219, 992.828857421875]",1
frame_0004.png,extras,trailer,open trailer,open trailer.,0.18,0.18,3,0.5963,"[195.43060302734375, 810.9634399414062, 446.3849792480469, 994.7365112304688]",1
frame_0004.png,extras,trailer,covered trailer,covered trailer.,0.18,0.18,2,0.5207,"[195.2986297607422, 811.8158569335938, 445.06463623046875, 991.3596801757812]",1
frame_0004.png,extras,trailer,container trailer,container trailer.,0.18,0.18,3,0.5239,"[197.4202423095703, 812.3932495117188, 442.641357421875, 989.8702392578125]",1
frame_0005.png,production,trailer,ALL_GROUP,trailer. cargo trailer. vehicle trailer. wheeled trailer. flatbed trailer. black trailer. utility trailer.,0.2,0.2,3,0.3292,"[1.3943839073181152, 862.837890625, 186.39065551757812, 1003.966552734375]",1
frame_0005.png,production,electric utility vehicle+electric wheelchair+electric scooter+trolley,ALL_GROUP,electric utility vehicle. small electric cart. utility vehicle. golf cart. electric cart. small white utility vehicle. electric wheelchair. motorized wheelchair. power wheelchair. mobility scooter wheelchair. electric scooter. mobility scooter. stand-up scooter. kick scooter. scooter. trolley. hand cart. hand truck. luggage cart. flatbed cart. push cart. utility cart.,0.22,0.22,1,0.2727,"[517.8673706054688, 927.560546875, 681.2574462890625, 997.76708984375]",1
frame_0005.png,production,pair of ramps,ALL_GROUP,pair of ramps. loading ramp. metal ramp. vehicle loading ramp. two metal ramps. aluminum ramp.,0.2,0.2,6,0.4168,"[186.88494873046875, 806.1900634765625, 444.45159912109375, 1000.7376098632812]",1
frame_0005.png,production,portable power station+basketball,ALL_GROUP,portable power station. large power bank. battery box. power generator box. portable battery. power station. basketball. orange basketball. sports ball. rubber ball.,0.22,0.22,0,0.0,,0
frame_0005.png,production,rectangular table+umbrella,ALL_GROUP,rectangular table. outdoor table. picnic table. long rectangular table. folding table. work table. umbrella. outdoor umbrella. parasol. patio umbrella. hand umbrella.,0.24,0.24,0,0.0,,0
frame_0005.png,production,cardboard box,ALL_GROUP,cardboard box. brown cardboard box. cardboard package. shipping box.,0.26,0.26,0,0.0,,0
frame_0005.png,production,chair,ALL_GROUP,chair. folding chair. outdoor chair. plastic chair. armless chair.,0.3,0.3,0,0.0,,0
frame_0005.png,production,traffic cone+prohibition sign,ALL_GROUP,traffic cone. road cone. safety cone. orange cone. construction cone. prohibition sign. no entry sign. red prohibition sign. do not enter sign. stop sign. red circular sign.,0.22,0.22,0,0.0,,0
frame_0005.png,extras,basketball,basketball,basketball.,0.18,0.18,0,0.0,,0
frame_0005.png,extras,basketball,orange basketball,orange basketball.,0.18,0.18,0,0.0,,0
frame_0005.png,extras,basketball,round orange ball,round orange ball.,0.18,0.18,1,0.7297,"[1151.1939697265625, 1655.0413818359375, 1678.5765380859375, 1854.392333984375]",1
frame_0005.png,extras,basketball,rubber ball on ground,rubber ball on ground.,0.18,0.18,2,0.6272,"[1145.93603515625, 1646.9112548828125, 1679.543701171875, 1852.11865234375]",1
frame_0005.png,extras,basketball,sports ball,sports ball.,0.18,0.18,1,0.3445,"[1157.7498779296875, 1664.3316650390625, 1675.7686767578125, 1856.9864501953125]",1
frame_0005.png,extras,basketball,ball,ball.,0.18,0.18,1,0.2748,"[1157.6417236328125, 1664.252685546875, 1674.6239013671875, 1856.5782470703125]",1
frame_0005.png,extras,umbrella,umbrella,umbrella.,0.2,0.2,2,0.2352,"[1.103653907775879, 1738.6387939453125, 441.20758056640625, 1856.649169921875]",1
frame_0005.png,extras,umbrella,outdoor umbrella,outdoor umbrella.,0.2,0.2,1,0.2176,"[1556.421142578125, 0.9199201464653015, 1788.76025390625, 139.98805236816406]",1
frame_0005.png,extras,umbrella,patio umbrella,patio umbrella.,0.2,0.2,0,0.0,,0
frame_0005.png,extras,umbrella,open umbrella,open umbrella.,0.2,0.2,5,0.3791,"[1156.6387939453125, 1658.1851806640625, 1678.9586181640625, 1854.484619140625]",1
frame_0005.png,extras,umbrella,parasol,parasol.,0.2,0.2,0,0.0,,0
frame_0005.png,extras,umbrella,shade umbrella,shade umbrella.,0.2,0.2,6,0.3265,"[2273.297607421875, 1672.7391357421875, 2878.407958984375, 1853.30126953125]",1
frame_0005.png,extras,umbrella,folded umbrella,folded umbrella.,0.2,0.2,5,0.3454,"[1158.531005859375, 1663.742919921875, 1686.289794921875, 1854.6796875]",1
frame_0005.png,extras,electric_wheelchair,electric wheelchair,electric wheelchair.,0.2,0.2,0,0.0,,0
frame_0005.png,extras,electric_wheelchair,motorized wheelchair,motorized wheelchair.,0.2,0.2,2,0.2503,"[58.93235397338867, 913.8511352539062, 172.64022827148438, 1008.053466796875]",1
frame_0005.png,extras,electric_wheelchair,power wheelchair,power wheelchair.,0.2,0.2,0,0.0,,0
frame_0005.png,extras,electric_wheelchair,wheelchair,wheelchair.,0.2,0.2,0,0.0,,0
frame_0005.png,extras,electric_wheelchair,mobility chair,mobility chair.,0.2,0.2,3,0.3381,"[678.4247436523438, 942.8265991210938, 863.4080810546875, 1013.7119140625]",1
frame_0005.png,extras,electric_wheelchair,powered mobility scooter,powered mobility scooter.,0.2,0.2,1,0.5877,"[670.1959838867188, 935.1489868164062, 869.59130859375, 1016.952880859375]",1
frame_0005.png,extras,electric_scooter,electric scooter,electric scooter.,0.2,0.2,0,0.0,,0
frame_0005.png,extras,electric_scooter,stand-up scooter,stand-up scooter.,0.2,0.2,4,0.3567,"[53.52826690673828, 906.1524658203125, 177.48876953125, 1011.3712158203125]",1
frame_0005.png,extras,electric_scooter,kick scooter,kick scooter.,0.2,0.2,3,0.3067,"[669.401123046875, 938.5699462890625, 868.3731079101562, 1015.577880859375]",1
frame_0005.png,extras,electric_scooter,two-wheeled scooter,two-wheeled scooter.,0.2,0.2,3,0.4163,"[53.33189010620117, 906.78857421875, 177.09259033203125, 1012.425537109375]",1
frame_0005.png,extras,electric_scooter,scooter,scooter.,0.2,0.2,0,0.0,,0
frame_0005.png,extras,electric_scooter,electric kick scooter,electric kick scooter.,0.2,0.2,4,0.3842,"[665.4574584960938, 936.1210327148438, 869.3564453125, 1016.2723999023438]",1
frame_0005.png,extras,prohibition_sign,prohibition sign,prohibition sign.,0.2,0.2,4,0.3637,"[10.571475982666016, 752.1261596679688, 184.47177124023438, 869.46142578125]",1
frame_0005.png,extras,prohibition_sign,no entry sign,no entry sign.,0.2,0.2,4,0.3772,"[7.761980056762695, 744.7264404296875, 188.45462036132812, 873.6896362304688]",1
frame_0005.png,extras,prohibition_sign,red prohibition sign,red prohibition sign.,0.2,0.2,3,0.4543,"[7.961112976074219, 747.7192993164062, 187.15667724609375, 870.5244140625]",1
frame_0005.png,extras,prohibition_sign,do not enter sign,do not enter sign.,0.2,0.2,4,0.3266,"[8.719743728637695, 746.9800415039062, 184.198486328125, 871.988037109375]",1
frame_0005.png,extras,prohibition_sign,stop sign,stop sign.,0.2,0.2,0,0.0,,0
frame_0005.png,extras,prohibition_sign,red circular sign,red circular sign.,0.2,0.2,1,0.5811,"[1147.6759033203125, 1652.4666748046875, 1693.8170166015625, 1853.3291015625]",1
frame_0005.png,extras,prohibition_sign,warning sign,warning sign.,0.2,0.2,3,0.3705,"[195.6584930419922, 810.314697265625, 437.814697265625, 988.9730224609375]",1
frame_0005.png,extras,prohibition_sign,red sign on ground,red sign on ground.,0.2,0.2,3,0.5223,"[10.040817260742188, 973.807373046875, 2869.29541015625, 1847.487060546875]",1
frame_0005.png,extras,pair_of_ramps,pair of ramps,pair of ramps.,0.18,0.18,8,0.433,"[406.900634765625, 780.5719604492188, 884.411865234375, 1000.6073608398438]",1
frame_0005.png,extras,pair_of_ramps,loading ramps,loading ramps.,0.18,0.18,5,0.2958,"[2091.261962890625, 0.411030650138855, 2877.572021484375, 908.8739624023438]",1
frame_0005.png,extras,pair_of_ramps,metal ramps on ground,metal ramps on ground.,0.18,0.18,3,0.5986,"[9.55038070678711, 976.4334106445312, 2868.515625, 1846.9874267578125]",1
frame_0005.png,extras,pair_of_ramps,vehicle loading ramp,vehicle loading ramp.,0.18,0.18,3,0.4945,"[187.86904907226562, 807.59033203125, 442.8459167480469, 999.029296875]",1
frame_0005.png,extras,pair_of_ramps,two metal ramps,two metal ramps.,0.18,0.18,4,0.3691,"[2081.6962890625, 2.936166763305664, 2873.742919921875, 909.2213134765625]",1
frame_0005.png,extras,pair_of_ramps,ramp,ramp.,0.18,0.18,0,0.0,,0
frame_0005.png,extras,pair_of_ramps,aluminum ramp,aluminum ramp.,0.18,0.18,6,0.3197,"[2089.40283203125, 1.005043387413025, 2876.94384765625, 910.1097412109375]",1
frame_0005.png,extras,pair_of_ramps,incline ramp,incline ramp.,0.18,0.18,0,0.0,,0
frame_0005.png,extras,trailer,trailer,trailer.,0.18,0.18,4,0.3112,"[190.52137756347656, 811.5118408203125, 437.14312744140625, 991.7546997070312]",1
frame_0005.png,extras,trailer,cargo trailer,cargo trailer.,0.18,0.18,4,0.5467,"[190.5166473388672, 810.6668701171875, 437.3406677246094, 992.967041015625]",1
frame_0005.png,extras,trailer,vehicle trailer,vehicle trailer.,0.18,0.18,6,0.5925,"[190.9834747314453, 809.888671875, 436.794189453125, 993.7922973632812]",1
frame_0005.png,extras,trailer,wheeled trailer,wheeled trailer.,0.18,0.18,5,0.4595,"[683.4879760742188, 943.6515502929688, 865.3654174804688, 1014.183837890625]",1
frame_0005.png,extras,trailer,small trailer,small trailer.,0.18,0.18,1,0.6129,"[189.02484130859375, 808.1337280273438, 439.57061767578125, 997.5613403320312]",1
frame_0005.png,extras,trailer,utility trailer,utility trailer.,0.18,0.18,2,0.6362,"[190.75022888183594, 809.611083984375, 438.3772277832031, 994.7227783203125]",1
frame_0005.png,extras,trailer,open trailer,open trailer.,0.18,0.18,3,0.578,"[189.335205078125, 809.2278442382812, 440.2800598144531, 996.9452514648438]",1
frame_0005.png,extras,trailer,covered trailer,covered trailer.,0.18,0.18,3,0.5285,"[188.64370727539062, 810.0421752929688, 439.3202209472656, 993.837646484375]",1
frame_0005.png,extras,trailer,container trailer,container trailer.,0.18,0.18,4,0.5541,"[191.5574493408203, 810.411376953125, 436.52813720703125, 991.6547241210938]",1
frame_0006.png,production,trailer,ALL_GROUP,trailer. cargo trailer. vehicle trailer. wheeled trailer. flatbed trailer. black trailer. utility trailer.,0.2,0.2,3,0.3272,"[1.5443408489227295, 606.26904296875, 282.0670166015625, 991.5008544921875]",1
frame_0006.png,production,electric utility vehicle+electric wheelchair+electric scooter+trolley,ALL_GROUP,electric utility vehicle. small electric cart. utility vehicle. golf cart. electric cart. small white utility vehicle. electric wheelchair. motorized wheelchair. power wheelchair. mobility scooter wheelchair. electric scooter. mobility scooter. stand-up scooter. kick scooter. scooter. trolley. hand cart. hand truck. luggage cart. flatbed cart. push cart. utility cart.,0.22,0.22,1,0.2279,"[268.251708984375, 805.8660888671875, 517.4632568359375, 993.2448120117188]",1
frame_0006.png,production,pair of ramps,ALL_GROUP,pair of ramps. loading ramp. metal ramp. vehicle loading ramp. two metal ramps. aluminum ramp.,0.2,0.2,8,0.4252,"[268.6739501953125, 803.128173828125, 519.6851196289062, 996.0914306640625]",1
frame_0006.png,production,portable power station+basketball,ALL_GROUP,portable power station. large power bank. battery box. power generator box. portable battery. power station. basketball. orange basketball. sports ball. rubber ball.,0.22,0.22,0,0.0,,0
frame_0006.png,production,rectangular table+umbrella,ALL_GROUP,rectangular table. outdoor table. picnic table. long rectangular table. folding table. work table. umbrella. outdoor umbrella. parasol. patio umbrella. hand umbrella.,0.24,0.24,0,0.0,,0
frame_0006.png,production,cardboard box,ALL_GROUP,cardboard box. brown cardboard box. cardboard package. shipping box.,0.26,0.26,0,0.0,,0
frame_0006.png,production,chair,ALL_GROUP,chair. folding chair. outdoor chair. plastic chair. armless chair.,0.3,0.3,0,0.0,,0
frame_0006.png,production,traffic cone+prohibition sign,ALL_GROUP,traffic cone. road cone. safety cone. orange cone. construction cone. prohibition sign. no entry sign. red prohibition sign. do not enter sign. stop sign. red circular sign.,0.22,0.22,0,0.0,,0
frame_0006.png,extras,basketball,basketball,basketball.,0.18,0.18,0,0.0,,0
frame_0006.png,extras,basketball,orange basketball,orange basketball.,0.18,0.18,0,0.0,,0
frame_0006.png,extras,basketball,round orange ball,round orange ball.,0.18,0.18,1,0.5014,"[1154.0677490234375, 1657.7825927734375, 1645.229736328125, 1856.0557861328125]",1
frame_0006.png,extras,basketball,rubber ball on ground,rubber ball on ground.,0.18,0.18,4,0.5607,"[11.18107795715332, 972.2030639648438, 2869.484130859375, 1847.8701171875]",1
frame_0006.png,extras,basketball,sports ball,sports ball.,0.18,0.18,0,0.0,,0
frame_0006.png,extras,basketball,ball,ball.,0.18,0.18,0,0.0,,0
frame_0006.png,extras,umbrella,umbrella,umbrella.,0.2,0.2,3,0.2504,"[0.9830617904663086, 1739.017578125, 432.64129638671875, 1856.5836181640625]",1
frame_0006.png,extras,umbrella,outdoor umbrella,outdoor umbrella.,0.2,0.2,1,0.213,"[1553.6412353515625, 0.8340415954589844, 1787.059814453125, 140.5110626220703]",1
frame_0006.png,extras,umbrella,patio umbrella,patio umbrella.,0.2,0.2,1,0.2134,"[2247.86865234375, 1668.89208984375, 2877.961669921875, 1853.6685791015625]",1
frame_0006.png,extras,umbrella,open umbrella,open umbrella.,0.2,0.2,5,0.3524,"[1550.1497802734375, 0.6128528118133545, 1789.439208984375, 143.39573669433594]",1
frame_0006.png,extras,umbrella,parasol,parasol.,0.2,0.2,0,0.0,,0
frame_0006.png,extras,umbrella,shade umbrella,shade umbrella.,0.2,0.2,5,0.3612,"[2247.697509765625, 1669.6068115234375, 2878.182373046875, 1853.4644775390625]",1
frame_0006.png,extras,umbrella,folded umbrella,folded umbrella.,0.2,0.2,4,0.3773,"[1553.2635498046875, 0.3679181635379791, 1786.073486328125, 139.9528350830078]",1
frame_0006.png,extras,electric_wheelchair,electric wheelchair,electric wheelchair.,0.2,0.2,0,0.0,,0
frame_0006.png,extras,electric_wheelchair,motorized wheelchair,motorized wheelchair.,0.2,0.2,0,0.0,,0
frame_0006.png,extras,electric_wheelchair,power wheelchair,power wheelchair.,0.2,0.2,0,0.0,,0
frame_0006.png,extras,electric_wheelchair,wheelchair,wheelchair.,0.2,0.2,0,0.0,,0
frame_0006.png,extras,electric_wheelchair,mobility chair,mobility chair.,0.2,0.2,1,0.2343,"[746.6325073242188, 945.1911010742188, 917.298583984375, 1013.0458374023438]",1
frame_0006.png,extras,electric_wheelchair,powered mobility scooter,powered mobility scooter.,0.2,0.2,2,0.5074,"[743.8212890625, 933.0064086914062, 925.8087768554688, 1017.185302734375]",1
frame_0006.png,extras,electric_scooter,electric scooter,electric scooter.,0.2,0.2,0,0.0,,0
frame_0006.png,extras,electric_scooter,stand-up scooter,stand-up scooter.,0.2,0.2,2,0.3842,"[492.7870788574219, 912.1532592773438, 635.6389770507812, 1001.074462890625]",1
frame_0006.png,extras,electric_scooter,kick scooter,kick scooter.,0.2,0.2,5,0.2741,"[1147.2940673828125, 1657.09521484375, 2876.10888671875, 1853.43603515625]",1
frame_0006.png,extras,electric_scooter,two-wheeled scooter,two-wheeled scooter.,0.2,0.2,4,0.4669,"[753.5211181640625, 931.6383666992188, 927.5266723632812, 1018.4976806640625]",1
frame_0006.png,extras,electric_scooter,scooter,scooter.,0.2,0.2,0,0.0,,0
frame_0006.png,extras,electric_scooter,electric kick scooter,electric kick scooter.,0.2,0.2,5,0.3149,"[1661.9407958984375, 865.909912109375, 1789.8739013671875, 950.4854736328125]",1
frame_0006.png,extras,prohibition_sign,prohibition sign,prohibition sign.,0.2,0.2,2,0.5898,"[1.7435002326965332, 607.4544067382812, 283.56524658203125, 985.4421997070312]",1
frame_0006.png,extras,prohibition_sign,no entry sign,no entry sign.,0.2,0.2,3,0.4428,"[4.600449562072754, 605.361328125, 292.5151062011719, 992.9723510742188]",1
frame_0006.png,extras,prohibition_sign,red prohibition sign,red prohibition sign.,0.2,0.2,2,0.4869,"[2.718322277069092, 605.4482421875, 287.5062255859375, 985.0238037109375]",1
frame_0006.png,extras,prohibition_sign,do not enter sign,do not enter sign.,0.2,0.2,2,0.3758,"[3.859076499938965, 603.1389770507812, 287.9521484375, 989.1156616210938]",1
frame_0006.png,extras,prohibition_sign,stop sign,stop sign.,0.2,0.2,1,0.2113,"[1.55830979347229, 609.4948120117188, 278.55615234375, 988.542724609375]",1
frame_0006.png,extras,prohibition_sign,red circular sign,red circular sign.,0.2,0.2,2,0.5235,"[1142.8275146484375, 1652.9913330078125, 1680.5701904296875, 1854.62744140625]",1
frame_0006.png,extras,prohibition_sign,warning sign,warning sign.,0.2,0.2,3,0.5516,"[1.6354608535766602, 607.5352172851562, 282.7648620605469, 987.8745727539062]",1
frame_0006.png,extras,prohibition_sign,red sign on ground,red sign on ground.,0.2,0.2,3,0.5353,"[9.928035736083984, 971.3440551757812, 2869.77197265625, 1848.0660400390625]",1
frame_0006.png,extras,pair_of_ramps,pair of ramps,pair of ramps.,0.18,0.18,6,0.3561,"[459.51629638671875, 773.2250366210938, 969.8675537109375, 996.9856567382812]",1
frame_0006.png,extras,pair_of_ramps,loading ramps,loading ramps.,0.18,0.18,5,0.2455,"[2246.7177734375, 1670.8685302734375, 2878.446044921875, 1853.8072509765625]",1
frame_0006.png,extras,pair_of_ramps,metal ramps on ground,metal ramps on ground.,0.18,0.18,4,0.5997,"[9.394083023071289, 973.1647338867188, 2868.91064453125, 1847.091552734375]",1
frame_0006.png,extras,pair_of_ramps,vehicle loading ramp,vehicle loading ramp.,0.18,0.18,4,0.4978,"[270.2127685546875, 804.926513671875, 517.9182739257812, 995.8118896484375]",1
frame_0006.png,extras,pair_of_ramps,two metal ramps,two metal ramps.,0.18,0.18,4,0.3362,"[2299.195556640625, 0.9732252359390259, 2875.293212890625, 530.2083740234375]",1
frame_0006.png,extras,pair_of_ramps,ramp,ramp.,0.18,0.18,0,0.0,,0
frame_0006.png,extras,pair_of_ramps,aluminum ramp,aluminum ramp.,0.18,0.18,5,0.327,"[2246.9287109375, 1669.146484375, 2878.142333984375, 1853.210693359375]",1
frame_0006.png,extras,pair_of_ramps,incline ramp,incline ramp.,0.18,0.18,0,0.0,,0
frame_0006.png,extras,trailer,trailer,trailer.,0.18,0.18,3,0.4218,"[272.3972473144531, 808.1337890625, 514.2394409179688, 990.2053833007812]",1
frame_0006.png,extras,trailer,cargo trailer,cargo trailer.,0.18,0.18,3,0.5483,"[272.9976501464844, 808.2241821289062, 513.9720458984375, 990.2529296875]",1
frame_0006.png,extras,trailer,vehicle trailer,vehicle trailer.,0.18,0.18,4,0.6294,"[272.870849609375, 807.0573120117188, 513.8868408203125, 991.24951171875]",1
frame_0006.png,extras,trailer,wheeled trailer,wheeled trailer.,0.18,0.18,5,0.4719,"[272.30621337890625, 807.7128295898438, 515.612548828125, 993.0716552734375]",1
frame_0006.png,extras,trailer,small trailer,small trailer.,0.18,0.18,1,0.6354,"[272.68353271484375, 805.9535522460938, 516.5615844726562, 993.5944213867188]",1
frame_0006.png,extras,trailer,utility trailer,utility trailer.,0.18,0.18,2,0.5876,"[273.1127014160156, 807.3857421875, 514.832275390625, 991.2376098632812]",1
frame_0006.png,extras,trailer,open trailer,open trailer.,0.18,0.18,2,0.5773,"[271.9673767089844, 806.912841796875, 516.5034790039062, 992.7163696289062]",1
frame_0006.png,extras,trailer,covered trailer,covered trailer.,0.18,0.18,2,0.4717,"[272.1120910644531, 807.6719970703125, 515.2537841796875, 990.8113403320312]",1
frame_0006.png,extras,trailer,container trailer,container trailer.,0.18,0.18,2,0.5616,"[273.57745361328125, 807.8363037109375, 513.9013061523438, 989.2754516601562]",1
frame_0007.png,production,trailer,ALL_GROUP,trailer. cargo trailer. vehicle trailer. wheeled trailer. flatbed trailer. black trailer. utility trailer.,0.2,0.2,3,0.3089,"[253.39862060546875, 798.3260498046875, 499.7303771972656, 988.4896240234375]",1
frame_0007.png,production,electric utility vehicle+electric wheelchair+electric scooter+trolley,ALL_GROUP,electric utility vehicle. small electric cart. utility vehicle. golf cart. electric cart. small white utility vehicle. electric wheelchair. motorized wheelchair. power wheelchair. mobility scooter wheelchair. electric scooter. mobility scooter. stand-up scooter. kick scooter. scooter. trolley. hand cart. hand truck. luggage cart. flatbed cart. push cart. utility cart.,0.22,0.22,1,0.2381,"[249.73377990722656, 799.191650390625, 501.3532409667969, 989.499267578125]",1
frame_0007.png,production,pair of ramps,ALL_GROUP,pair of ramps. loading ramp. metal ramp. vehicle loading ramp. two metal ramps. aluminum ramp.,0.2,0.2,6,0.4202,"[248.12118530273438, 795.976806640625, 503.1654968261719, 994.919921875]",1
frame_0007.png,production,portable power station+basketball,ALL_GROUP,portable power station. large power bank. battery box. power generator box. portable battery. power station. basketball. orange basketball. sports ball. rubber ball.,0.22,0.22,0,0.0,,0
frame_0007.png,production,rectangular table+umbrella,ALL_GROUP,rectangular table. outdoor table. picnic table. long rectangular table. folding table. work table. umbrella. outdoor umbrella. parasol. patio umbrella. hand umbrella.,0.24,0.24,0,0.0,,0
frame_0007.png,production,cardboard box,ALL_GROUP,cardboard box. brown cardboard box. cardboard package. shipping box.,0.26,0.26,0,0.0,,0
frame_0007.png,production,chair,ALL_GROUP,chair. folding chair. outdoor chair. plastic chair. armless chair.,0.3,0.3,0,0.0,,0
frame_0007.png,production,traffic cone+prohibition sign,ALL_GROUP,traffic cone. road cone. safety cone. orange cone. construction cone. prohibition sign. no entry sign. red prohibition sign. do not enter sign. stop sign. red circular sign.,0.22,0.22,0,0.0,,0
frame_0007.png,extras,basketball,basketball,basketball.,0.18,0.18,0,0.0,,0
frame_0007.png,extras,basketball,orange basketball,orange basketball.,0.18,0.18,0,0.0,,0
frame_0007.png,extras,basketball,round orange ball,round orange ball.,0.18,0.18,1,0.5429,"[1152.3160400390625, 1656.561279296875, 1654.7637939453125, 1855.3096923828125]",1
frame_0007.png,extras,basketball,rubber ball on ground,rubber ball on ground.,0.18,0.18,5,0.5612,"[11.877593994140625, 970.5385131835938, 2868.947509765625, 1847.79541015625]",1
frame_0007.png,extras,basketball,sports ball,sports ball.,0.18,0.18,0,0.0,,0
frame_0007.png,extras,basketball,ball,ball.,0.18,0.18,0,0.0,,0
frame_0007.png,extras,umbrella,umbrella,umbrella.,0.2,0.2,5,0.2751,"[0.812537670135498, 1739.1005859375, 445.53173828125, 1856.854736328125]",1
frame_0007.png,extras,umbrella,outdoor umbrella,outdoor umbrella.,0.2,0.2,4,0.37,"[2423.9619140625, 0.6208974123001099, 2878.088623046875, 502.49462890625]",1
frame_0007.png,extras,umbrella,patio umbrella,patio umbrella.,0.2,0.2,4,0.37,"[2424.30419921875, 0.6529927253723145, 2878.040771484375, 501.3614501953125]",1
frame_0007.png,extras,umbrella,open umbrella,open umbrella.,0.2,0.2,4,0.355,"[2420.627197265625, 1.1135244369506836, 2877.259521484375, 503.62347412109375]",1
frame_0007.png,extras,umbrella,parasol,parasol.,0.2,0.2,1,0.2177,"[2424.411376953125, 0.31854182481765747, 2878.47705078125, 505.6344299316406]",1
frame_0007.png,extras,umbrella,shade umbrella,shade umbrella.,0.2,0.2,3,0.4939,"[2426.65283203125, 0.6138575077056885, 2878.411865234375, 499.10906982421875]",1
frame_0007.png,extras,umbrella,folded umbrella,folded umbrella.,0.2,0.2,6,0.3333,"[2424.826171875, -0.07846444845199585, 2879.4111328125, 506.2660217285156]",1
frame_0007.png,extras,electric_wheelchair,electric wheelchair,electric wheelchair.,0.2,0.2,0,0.0,,0
frame_0007.png,extras,electric_wheelchair,motorized wheelchair,motorized wheelchair.,0.2,0.2,0,0.0,,0
frame_0007.png,extras,electric_wheelchair,power wheelchair,power wheelchair.,0.2,0.2,0,0.0,,0
frame_0007.png,extras,electric_wheelchair,wheelchair,wheelchair.,0.2,0.2,0,0.0,,0
frame_0007.png,extras,electric_wheelchair,mobility chair,mobility chair.,0.2,0.2,1,0.2477,"[731.1244506835938, 939.9917602539062, 902.3226928710938, 1012.796142578125]",1
frame_0007.png,extras,electric_wheelchair,powered mobility scooter,powered mobility scooter.,0.2,0.2,2,0.5446,"[723.7801513671875, 931.8386840820312, 907.5625610351562, 1016.4275512695312]",1
frame_0007.png,extras,electric_scooter,electric scooter,electric scooter.,0.2,0.2,0,0.0,,0
frame_0007.png,extras,electric_scooter,stand-up scooter,stand-up scooter.,0.2,0.2,3,0.4122,"[725.6203002929688, 928.6736450195312, 906.81005859375, 1017.6378173828125]",1
frame_0007.png,extras,electric_scooter,kick scooter,kick scooter.,0.2,0.2,5,0.3443,"[1149.29150390625, 1656.23828125, 2875.842041015625, 1853.218017578125]",1
frame_0007.png,extras,electric_scooter,two-wheeled scooter,two-wheeled scooter.,0.2,0.2,4,0.4917,"[729.00390625, 934.375732421875, 907.6534423828125, 1017.645263671875]",1
frame_0007.png,extras,electric_scooter,scooter,scooter.,0.2,0.2,0,0.0,,0
frame_0007.png,extras,electric_scooter,electric kick scooter,electric kick scooter.,0.2,0.2,3,0.3157,"[731.6367797851562, 934.23291015625, 907.5228881835938, 1015.9210815429688]",1
frame_0007.png,extras,prohibition_sign,prohibition sign,prohibition sign.,0.2,0.2,2,0.4496,"[2.2755753993988037, 594.3465576171875, 269.6999816894531, 988.0413818359375]",1
frame_0007.png,extras,prohibition_sign,no entry sign,no entry sign.,0.2,0.2,3,0.4112,"[45.004966735839844, 738.8591918945312, 236.6038818359375, 865.7600708007812]",1
frame_0007.png,extras,prohibition_sign,red prohibition sign,red prohibition sign.,0.2,0.2,2,0.4623,"[43.274654388427734, 740.1429443359375, 235.74351501464844, 864.3125610351562]",1
frame_0007.png,extras,prohibition_sign,do not enter sign,do not enter sign.,0.2,0.2,2,0.3586,"[43.913082122802734, 739.8193359375, 233.3777618408203, 864.639892578125]",1
frame_0007.png,extras,prohibition_sign,stop sign,stop sign.,0.2,0.2,0,0.0,,0
frame_0007.png,extras,prohibition_sign,red circular sign,red circular sign.,0.2,0.2,2,0.5501,"[1143.6455078125, 1652.1224365234375, 1693.4041748046875, 1853.9664306640625]",1
frame_0007.png,extras,prohibition_sign,warning sign,warning sign.,0.2,0.2,3,0.4403,"[2.292473316192627, 594.541015625, 268.77606201171875, 991.37646484375]",1
frame_0007.png,extras,prohibition_sign,red sign on ground,red sign on ground.,0.2,0.2,3,0.5263,"[10.39529800415039, 969.01025390625, 2869.7958984375, 1848.0828857421875]",1
frame_0007.png,extras,pair_of_ramps,pair of ramps,pair of ramps.,0.18,0.18,6,0.4188,"[2420.881591796875, 1.0477262735366821, 2875.281005859375, 503.4326171875]",1
frame_0007.png,extras,pair_of_ramps,loading ramps,loading ramps.,0.18,0.18,2,0.2444,"[2241.615966796875, 1670.8193359375, 2878.359130859375, 1853.8779296875]",1
frame_0007.png,extras,pair_of_ramps,metal ramps on ground,metal ramps on ground.,0.18,0.18,5,0.607,"[9.70315933227539, 970.6624755859375, 2868.94677734375, 1847.6219482421875]",1
frame_0007.png,extras,pair_of_ramps,vehicle loading ramp,vehicle loading ramp.,0.18,0.18,4,0.5015,"[250.07530212402344, 797.8309936523438, 501.493896484375, 993.5623779296875]",1
frame_0007.png,extras,pair_of_ramps,two metal ramps,two metal ramps.,0.18,0.18,4,0.3951,"[2419.0087890625, 1.780014991760254, 2875.5986328125, 501.04595947265625]",1
frame_0007.png,extras,pair_of_ramps,ramp,ramp.,0.18,0.18,0,0.0,,0
frame_0007.png,extras,pair_of_ramps,aluminum ramp,aluminum ramp.,0.18,0.18,4,0.3679,"[2241.498779296875, 1668.515380859375, 2877.934326171875, 1853.515380859375]",1
frame_0007.png,extras,pair_of_ramps,incline ramp,incline ramp.,0.18,0.18,0,0.0,,0
frame_0007.png,extras,trailer,trailer,trailer.,0.18,0.18,4,0.3799,"[255.2069091796875, 801.1568603515625, 497.76513671875, 987.4987182617188]",1
frame_0007.png,extras,trailer,cargo trailer,cargo trailer.,0.18,0.18,2,0.54,"[255.4916534423828, 800.8534545898438, 497.84893798828125, 987.6559448242188]",1
frame_0007.png,extras,trailer,vehicle trailer,vehicle trailer.,0.18,0.18,4,0.5948,"[255.00282287597656, 800.097900390625, 497.4511413574219, 988.2788696289062]",1
frame_0007.png,extras,trailer,wheeled trailer,wheeled trailer.,0.18,0.18,5,0.4038,"[253.1873321533203, 800.745361328125, 499.0267333984375, 992.1487426757812]",1
frame_0007.png,extras,trailer,small trailer,small trailer.,0.18,0.18,1,0.6404,"[252.16586303710938, 798.16796875, 499.89990234375, 991.1475830078125]",1
frame_0007.png,extras,trailer,utility trailer,utility trailer.,0.18,0.18,2,0.6181,"[254.36175537109375, 799.8665771484375, 499.0500793457031, 989.0698852539062]",1
frame_0007.png,extras,trailer,open trailer,open trailer.,0.18,0.18,2,0.5918,"[253.20401000976562, 799.5634765625, 500.2768249511719, 990.89794921875]",1
frame_0007.png,extras,trailer,covered trailer,covered trailer.,0.18,0.18,2,0.4966,"[254.20526123046875, 800.3676147460938, 499.3384704589844, 987.943603515625]",1
frame_0007.png,extras,trailer,container trailer,container trailer.,0.18,0.18,2,0.5306,"[255.74481201171875, 800.6311645507812, 497.76434326171875, 986.5272216796875]",1
frame_0008.png,production,trailer,ALL_GROUP,trailer. cargo trailer. vehicle trailer. wheeled trailer. flatbed trailer. black trailer. utility trailer.,0.2,0.2,6,0.3841,"[1.394362449645996, 596.7103881835938, 276.50164794921875, 991.8093872070312]",1
frame_0008.png,production,electric utility vehicle+electric wheelchair+electric scooter+trolley,ALL_GROUP,electric utility vehicle. small electric cart. utility vehicle. golf cart. electric cart. small white utility vehicle. electric wheelchair. motorized wheelchair. power wheelchair. mobility scooter wheelchair. electric scooter. mobility scooter. stand-up scooter. kick scooter. scooter. trolley. hand cart. hand truck. luggage cart. flatbed cart. push cart. utility cart.,0.22,0.22,2,0.237,"[270.5143127441406, 796.9443969726562, 514.3084106445312, 988.8179321289062]",1
frame_0008.png,production,pair of ramps,ALL_GROUP,pair of ramps. loading ramp. metal ramp. vehicle loading ramp. two metal ramps. aluminum ramp.,0.2,0.2,8,0.3791,"[269.89935302734375, 794.5098876953125, 516.5122680664062, 990.0867309570312]",1
frame_0008.png,production,portable power station+basketball,ALL_GROUP,portable power station. large power bank. battery box. power generator box. portable battery. power station. basketball. orange basketball. sports ball. rubber ball.,0.22,0.22,0,0.0,,0
frame_0008.png,production,rectangular table+umbrella,ALL_GROUP,rectangular table. outdoor table. picnic table. long rectangular table. folding table. work table. umbrella. outdoor umbrella. parasol. patio umbrella. hand umbrella.,0.24,0.24,0,0.0,,0
frame_0008.png,production,cardboard box,ALL_GROUP,cardboard box. brown cardboard box. cardboard package. shipping box.,0.26,0.26,0,0.0,,0
frame_0008.png,production,chair,ALL_GROUP,chair. folding chair. outdoor chair. plastic chair. armless chair.,0.3,0.3,1,0.3022,"[737.1786499023438, 939.1052856445312, 900.0801391601562, 1016.1602172851562]",1
frame_0008.png,production,traffic cone+prohibition sign,ALL_GROUP,traffic cone. road cone. safety cone. orange cone. construction cone. prohibition sign. no entry sign. red prohibition sign. do not enter sign. stop sign. red circular sign.,0.22,0.22,0,0.0,,0
frame_0008.png,extras,basketball,basketball,basketball.,0.18,0.18,0,0.0,,0
frame_0008.png,extras,basketball,orange basketball,orange basketball.,0.18,0.18,0,0.0,,0
frame_0008.png,extras,basketball,round orange ball,round orange ball.,0.18,0.18,1,0.6464,"[1147.8760986328125, 1653.4119873046875, 1671.1278076171875, 1854.9237060546875]",1
frame_0008.png,extras,basketball,rubber ball on ground,rubber ball on ground.,0.18,0.18,2,0.5132,"[11.77511215209961, 971.7489624023438, 2868.612060546875, 1847.9332275390625]",1
frame_0008.png,extras,basketball,sports ball,sports ball.,0.18,0.18,1,0.2358,"[1155.3651123046875, 1663.6319580078125, 1647.8709716796875, 1856.9810791015625]",1
frame_0008.png,extras,basketball,ball,ball.,0.18,0.18,1,0.2086,"[1153.4051513671875, 1662.9971923828125, 1677.236083984375, 1856.5093994140625]",1
frame_0008.png,extras,umbrella,umbrella,umbrella.,0.2,0.2,7,0.3136,"[0.6186461448669434, 1740.122802734375, 435.84033203125, 1856.9827880859375]",1
frame_0008.png,extras,umbrella,outdoor umbrella,outdoor umbrella.,0.2,0.2,4,0.4255,"[2481.6064453125, 0.35210609436035156, 2878.14599609375, 477.22882080078125]",1
frame_0008.png,extras,umbrella,patio umbrella,patio umbrella.,0.2,0.2,5,0.4221,"[2482.18017578125, 0.5139684677124023, 2878.0673828125, 476.36517333984375]",1
frame_0008.png,extras,umbrella,open umbrella,open umbrella.,0.2,0.2,3,0.4276,"[2479.3818359375, 1.0149381160736084, 2877.505126953125, 478.1028747558594]",1
frame_0008.png,extras,umbrella,parasol,parasol.,0.2,0.2,3,0.2816,"[1555.279052734375, 0.6104207038879395, 2878.307861328125, 479.9011535644531]",1
frame_0008.png,extras,umbrella,shade umbrella,shade umbrella.,0.2,0.2,3,0.4654,"[2483.232421875, 0.4999163746833801, 2878.748046875, 476.9452209472656]",1
frame_0008.png,extras,umbrella,folded umbrella,folded umbrella.,0.2,0.2,5,0.402,"[2482.24169921875, 0.14079809188842773, 2879.71435546875, 480.2579650878906]",1
frame_0008.png,extras,electric_wheelchair,electric wheelchair,electric wheelchair.,0.2,0.2,0,0.0,,0
frame_0008.png,extras,electric_wheelchair,motorized wheelchair,motorized wheelchair.,0.2,0.2,1,0.2235,"[745.1857299804688, 940.9974365234375, 902.11669921875, 1013.9009399414062]",1
frame_0008.png,extras,electric_wheelchair,power wheelchair,power wheelchair.,0.2,0.2,0,0.0,,0
frame_0008.png,extras,electric_wheelchair,wheelchair,wheelchair.,0.2,0.2,0,0.0,,0
frame_0008.png,extras,electric_wheelchair,mobility chair,mobility chair.,0.2,0.2,2,0.4317,"[742.6358642578125, 942.6990966796875, 901.4075317382812, 1014.3305053710938]",1
frame_0008.png,extras,electric_wheelchair,powered mobility scooter,powered mobility scooter.,0.2,0.2,1,0.5694,"[733.2108154296875, 932.4171752929688, 909.147216796875, 1018.674072265625]",1
frame_0008.png,extras,electric_scooter,electric scooter,electric scooter.,0.2,0.2,0,0.0,,0
frame_0008.png,extras,electric_scooter,stand-up scooter,stand-up scooter.,0.2,0.2,2,0.4809,"[734.9519653320312, 930.903564453125, 907.9706420898438, 1019.9156494140625]",1
frame_0008.png,extras,electric_scooter,kick scooter,kick scooter.,0.2,0.2,2,0.3354,"[1148.536865234375, 1656.3607177734375, 2875.937744140625, 1852.90771484375]",1
frame_0008.png,extras,electric_scooter,two-wheeled scooter,two-wheeled scooter.,0.2,0.2,1,0.5893,"[740.1802368164062, 935.6624145507812, 909.8986206054688, 1019.4752197265625]",1
frame_0008.png,extras,electric_scooter,scooter,scooter.,0.2,0.2,0,0.0,,0
frame_0008.png,extras,electric_scooter,electric kick scooter,electric kick scooter.,0.2,0.2,3,0.4246,"[739.2990112304688, 938.275146484375, 908.103759765625, 1017.1056518554688]",1
frame_0008.png,extras,prohibition_sign,prohibition sign,prohibition sign.,0.2,0.2,2,0.5158,"[1.9851243495941162, 596.5780029296875, 276.5314636230469, 986.1385498046875]",1
frame_0008.png,extras,prohibition_sign,no entry sign,no entry sign.,0.2,0.2,3,0.4038,"[54.32258605957031, 736.7937622070312, 255.38893127441406, 865.8487548828125]",1
frame_0008.png,extras,prohibition_sign,red prohibition sign,red prohibition sign.,0.2,0.2,2,0.4287,"[53.81806182861328, 740.358154296875, 254.0564727783203, 863.9556274414062]",1
frame_0008.png,extras,prohibition_sign,do not enter sign,do not enter sign.,0.2,0.2,2,0.3597,"[55.57917785644531, 739.0170288085938, 252.09323120117188, 864.85546875]",1
frame_0008.png,extras,prohibition_sign,stop sign,stop sign.,0.2,0.2,0,0.0,,0
frame_0008.png,extras,prohibition_sign,red circular sign,red circular sign.,0.2,0.2,1,0.5834,"[1143.216064453125, 1650.710693359375, 1698.3021240234375, 1853.785888671875]",1
frame_0008.png,extras,prohibition_sign,warning sign,warning sign.,0.2,0.2,2,0.4901,"[1.9906604290008545, 597.2781372070312, 276.19818115234375, 990.5565795898438]",1
frame_0008.png,extras,prohibition_sign,red sign on ground,red sign on ground.,0.2,0.2,4,0.5225,"[10.289382934570312, 969.849609375, 2869.76513671875, 1848.3179931640625]",1
frame_0008.png,extras,pair_of_ramps,pair of ramps,pair of ramps.,0.18,0.18,7,0.4113,"[412.9924621582031, 759.0135498046875, 956.9174194335938, 996.1172485351562]",1
frame_0008.png,extras,pair_of_ramps,loading ramps,loading ramps.,0.18,0.18,4,0.2716,"[2241.997314453125, 1673.784912109375, 2878.599365234375, 1854.162109375]",1
frame_0008.png,extras,pair_of_ramps,metal ramps on ground,metal ramps on ground.,0.18,0.18,4,0.6041,"[9.73637580871582, 971.18701171875, 2869.06787109375, 1847.771484375]",1
frame_0008.png,extras,pair_of_ramps,vehicle loading ramp,vehicle loading ramp.,0.18,0.18,5,0.4491,"[270.99566650390625, 795.8348388671875, 515.4260864257812, 990.9432983398438]",1
frame_0008.png,extras,pair_of_ramps,two metal ramps,two metal ramps.,0.18,0.18,3,0.3569,"[2476.623291015625, 1.7799317836761475, 2875.08935546875, 476.2543640136719]",1
frame_0008.png,extras,pair_of_ramps,ramp,ramp.,0.18,0.18,0,0.0,,0
frame_0008.png,extras,pair_of_ramps,aluminum ramp,aluminum ramp.,0.18,0.18,3,0.3704,"[2241.62109375, 1672.2362060546875, 2878.27880859375, 1853.6282958984375]",1
frame_0008.png,extras,pair_of_ramps,incline ramp,incline ramp.,0.18,0.18,0,0.0,,0
frame_0008.png,extras,trailer,trailer,trailer.,0.18,0.18,5,0.3935,"[273.4093322753906, 799.34326171875, 512.0662841796875, 987.1246948242188]",1
frame_0008.png,extras,trailer,cargo trailer,cargo trailer.,0.18,0.18,3,0.4705,"[273.3397521972656, 798.523193359375, 512.0288696289062, 987.1741333007812]",1
frame_0008.png,extras,trailer,vehicle trailer,vehicle trailer.,0.18,0.18,6,0.5534,"[272.96807861328125, 798.0675048828125, 511.55816650390625, 988.6612548828125]",1
frame_0008.png,extras,trailer,wheeled trailer,wheeled trailer.,0.18,0.18,4,0.4347,"[753.5654907226562, 953.8275756835938, 902.9755859375, 1015.1109008789062]",1
frame_0008.png,extras,trailer,small trailer,small trailer.,0.18,0.18,4,0.519,"[271.8332214355469, 796.0961303710938, 513.9942016601562, 989.0348510742188]",1
frame_0008.png,extras,trailer,utility trailer,utility trailer.,0.18,0.18,3,0.5218,"[272.5409851074219, 797.8184204101562, 512.6759033203125, 987.53662109375]",1
frame_0008.png,extras,trailer,open trailer,open trailer.,0.18,0.18,5,0.4963,"[272.511962890625, 797.3076782226562, 514.0081787109375, 988.9951782226562]",1
frame_0008.png,extras,trailer,covered trailer,covered trailer.,0.18,0.18,3,0.436,"[1.4897418022155762, 596.1341552734375, 275.7735595703125, 989.4635620117188]",1
frame_0008.png,extras,trailer,container trailer,container trailer.,0.18,0.18,3,0.5226,"[273.2139587402344, 798.489990234375, 511.969970703125, 985.00048828125]",1
frame_0009.png,production,trailer,ALL_GROUP,trailer. cargo trailer. vehicle trailer. wheeled trailer. flatbed trailer. black trailer. utility trailer.,0.2,0.2,3,0.3732,"[1.7675650119781494, 602.0548095703125, 307.93243408203125, 992.9987182617188]",1
frame_0009.png,production,electric utility vehicle+electric wheelchair+electric scooter+trolley,ALL_GROUP,electric utility vehicle. small electric cart. utility vehicle. golf cart. electric cart. small white utility vehicle. electric wheelchair. motorized wheelchair. power wheelchair. mobility scooter wheelchair. electric scooter. mobility scooter. stand-up scooter. kick scooter. scooter. trolley. hand cart. hand truck. luggage cart. flatbed cart. push cart. utility cart.,0.22,0.22,3,0.2572,"[1.0262560844421387, 599.5252685546875, 309.8074645996094, 995.0147705078125]",1
frame_0009.png,production,pair of ramps,ALL_GROUP,pair of ramps. loading ramp. metal ramp. vehicle loading ramp. two metal ramps. aluminum ramp.,0.2,0.2,9,0.3301,"[303.02392578125, 796.5838623046875, 543.8311767578125, 988.4453125]",1
frame_0009.png,production,portable power station+basketball,ALL_GROUP,portable power station. large power bank. battery box. power generator box. portable battery. power station. basketball. orange basketball. sports ball. rubber ball.,0.22,0.22,0,0.0,,0
frame_0009.png,production,rectangular table+umbrella,ALL_GROUP,rectangular table. outdoor table. picnic table. long rectangular table. folding table. work table. umbrella. outdoor umbrella. parasol. patio umbrella. hand umbrella.,0.24,0.24,0,0.0,,0
frame_0009.png,production,cardboard box,ALL_GROUP,cardboard box. brown cardboard box. cardboard package. shipping box.,0.26,0.26,0,0.0,,0
frame_0009.png,production,chair,ALL_GROUP,chair. folding chair. outdoor chair. plastic chair. armless chair.,0.3,0.3,1,0.3174,"[757.0087890625, 940.3784790039062, 921.097900390625, 1017.1775512695312]",1
frame_0009.png,production,traffic cone+prohibition sign,ALL_GROUP,traffic cone. road cone. safety cone. orange cone. construction cone. prohibition sign. no entry sign. red prohibition sign. do not enter sign. stop sign. red circular sign.,0.22,0.22,0,0.0,,0
frame_0009.png,extras,basketball,basketball,basketball.,0.18,0.18,0,0.0,,0
frame_0009.png,extras,basketball,orange basketball,orange basketball.,0.18,0.18,0,0.0,,0
frame_0009.png,extras,basketball,round orange ball,round orange ball.,0.18,0.18,1,0.7751,"[1149.8125, 1651.8507080078125, 1689.3275146484375, 1854.359375]",1
frame_0009.png,extras,basketball,rubber ball on ground,rubber ball on ground.,0.18,0.18,2,0.6242,"[1143.83740234375, 1643.40380859375, 1689.0185546875, 1851.8529052734375]",1
frame_0009.png,extras,basketball,sports ball,sports ball.,0.18,0.18,1,0.3929,"[1155.015625, 1661.1070556640625, 1691.8311767578125, 1857.196044921875]",1
frame_0009.png,extras,basketball,ball,ball.,0.18,0.18,1,0.292,"[1154.94873046875, 1660.8349609375, 1692.7823486328125, 1856.8922119140625]",1
frame_0009.png,extras,umbrella,umbrella,umbrella.,0.2,0.2,4,0.2888,"[0.862126350402832, 1739.4757080078125, 445.241943359375, 1856.8614501953125]",1
frame_0009.png,extras,umbrella,outdoor umbrella,outdoor umbrella.,0.2,0.2,6,0.3034,"[1556.38232421875, 0.6633931994438171, 1790.3145751953125, 139.93553161621094]",1
frame_0009.png,extras,umbrella,patio umbrella,patio umbrella.,0.2,0.2,7,0.2698,"[2585.7109375, 0.17127200961112976, 2877.768310546875, 380.09130859375]",1
frame_0009.png,extras,umbrella,open umbrella,open umbrella.,0.2,0.2,7,0.3932,"[1151.9261474609375, 1654.1558837890625, 1691.9503173828125, 1854.0667724609375]",1
frame_0009.png,extras,umbrella,parasol,parasol.,0.2,0.2,0,0.0,,0
frame_0009.png,extras,umbrella,shade umbrella,shade umbrella.,0.2,0.2,6,0.3913,"[2586.34912109375, 0.30430957674980164, 2878.044677734375, 380.0319519042969]",1
frame_0009.png,extras,umbrella,folded umbrella,folded umbrella.,0.2,0.2,4,0.3387,"[1.0518550872802734, 1737.7366943359375, 445.1915588378906, 1854.7900390625]",1
frame_0009.png,extras,electric_wheelchair,electric wheelchair,electric wheelchair.,0.2,0.2,0,0.0,,0
frame_0009.png,extras,electric_wheelchair,motorized wheelchair,motorized wheelchair.,0.2,0.2,1,0.2107,"[766.7626953125, 935.0001220703125, 925.7630004882812, 1014.896484375]",1
frame_0009.png,extras,electric_wheelchair,power wheelchair,power wheelchair.,0.2,0.2,0,0.0,,0
frame_0009.png,extras,electric_wheelchair,wheelchair,wheelchair.,0.2,0.2,0,0.0,,0
frame_0009.png,extras,electric_wheelchair,mobility chair,mobility chair.,0.2,0.2,2,0.4119,"[761.1207275390625, 940.5255737304688, 923.5650634765625, 1015.47607421875]",1
frame_0009.png,extras,electric_wheelchair,powered mobility scooter,powered mobility scooter.,0.2,0.2,1,0.5925,"[753.457763671875, 930.8327026367188, 930.6315307617188, 1019.21533203125]",1
frame_0009.png,extras,electric_scooter,electric scooter,electric scooter.,0.2,0.2,0,0.0,,0
frame_0009.png,extras,electric_scooter,stand-up scooter,stand-up scooter.,0.2,0.2,3,0.473,"[755.9117431640625, 928.912841796875, 929.0482177734375, 1020.4921264648438]",1
frame_0009.png,extras,electric_scooter,kick scooter,kick scooter.,0.2,0.2,4,0.3336,"[1150.7449951171875, 1655.2073974609375, 2876.347412109375, 1853.1165771484375]",1
frame_0009.png,extras,electric_scooter,two-wheeled scooter,two-wheeled scooter.,0.2,0.2,3,0.5149,"[756.5231323242188, 931.89990234375, 930.8946533203125, 1020.2638549804688]",1
frame_0009.png,extras,electric_scooter,scooter,scooter.,0.2,0.2,0,0.0,,0
frame_0009.png,extras,electric_scooter,electric kick scooter,electric kick scooter.,0.2,0.2,4,0.3663,"[759.7606201171875, 932.3829345703125, 929.9225463867188, 1018.004150390625]",1
frame_0009.png,extras,prohibition_sign,prohibition sign,prohibition sign.,0.2,0.2,2,0.418,"[2.959088087081909, 603.0401000976562, 307.5815734863281, 982.9295654296875]",1
frame_0009.png,extras,prohibition_sign,no entry sign,no entry sign.,0.2,0.2,3,0.4389,"[82.34154510498047, 739.1031494140625, 282.8493347167969, 864.6832885742188]",1
frame_0009.png,extras,prohibition_sign,red prohibition sign,red prohibition sign.,0.2,0.2,2,0.4908,"[82.19001770019531, 741.8771362304688, 279.93829345703125, 862.6676025390625]",1
frame_0009.png,extras,prohibition_sign,do not enter sign,do not enter sign.,0.2,0.2,3,0.3802,"[81.76506805419922, 739.978271484375, 280.485595703125, 864.3311767578125]",1
frame_0009.png,extras,prohibition_sign,stop sign,stop sign.,0.2,0.2,0,0.0,,0
frame_0009.png,extras,prohibition_sign,red circular sign,red circular sign.,0.2,0.2,1,0.6182,"[1146.5821533203125, 1649.0517578125, 1697.1826171875, 1853.291015625]",1
frame_0009.png,extras,prohibition_sign,warning sign,warning sign.,0.2,0.2,3,0.4005,"[2.914477586746216, 604.341796875, 306.4415588378906, 987.8294067382812]",1
frame_0009.png,extras,prohibition_sign,red sign on ground,red sign on ground.,0.2,0.2,5,0.5362,"[10.770893096923828, 971.3950805664062, 2870.05419921875, 1847.91796875]",1
frame_0009.png,extras,pair_of_ramps,pair of ramps,pair of ramps.,0.18,0.18,8,0.3171,"[753.7462158203125, 930.5831298828125, 931.4916381835938, 1019.0393676757812]",1
frame_0009.png,extras,pair_of_ramps,loading ramps,loading ramps.,0.18,0.18,6,0.3108,"[2241.120361328125, 1670.443359375, 2878.40185546875, 1854.5198974609375]",1
frame_0009.png,extras,pair_of_ramps,metal ramps on ground,metal ramps on ground.,0.18,0.18,3,0.5821,"[9.778432846069336, 972.5948486328125, 2869.15478515625, 1847.5015869140625]",1
frame_0009.png,extras,pair_of_ramps,vehicle loading ramp,vehicle loading ramp.,0.18,0.18,4,0.3679,"[303.7042541503906, 797.8480834960938, 542.9120483398438, 989.189208984375]",1
frame_0009.png,extras,pair_of_ramps,two metal ramps,two metal ramps.,0.18,0.18,6,0.3319,"[296.89111328125, 763.365234375, 948.0003662109375, 1020.1472778320312]",1
frame_0009.png,extras,pair_of_ramps,ramp,ramp.,0.18,0.18,1,0.1867,"[2242.822265625, 1671.48388671875, 2878.110107421875, 1854.071533203125]",1
frame_0009.png,extras,pair_of_ramps,aluminum ramp,aluminum ramp.,0.18,0.18,3,0.4043,"[759.0901489257812, 938.265625, 925.799072265625, 1016.2072143554688]",1
frame_0009.png,extras,pair_of_ramps,incline ramp,incline ramp.,0.18,0.18,0,0.0,,0
frame_0009.png,extras,trailer,trailer,trailer.,0.18,0.18,5,0.365,"[305.9895324707031, 801.2973022460938, 539.9344482421875, 982.5942993164062]",1
frame_0009.png,extras,trailer,cargo trailer,cargo trailer.,0.18,0.18,5,0.4874,"[1.8838119506835938, 603.1594848632812, 304.846435546875, 989.4325561523438]",1
frame_0009.png,extras,trailer,vehicle trailer,vehicle trailer.,0.18,0.18,7,0.5159,"[306.0120544433594, 800.3971557617188, 540.5277709960938, 984.7608032226562]",1
frame_0009.png,extras,trailer,wheeled trailer,wheeled trailer.,0.18,0.18,5,0.5538,"[766.1802368164062, 941.1134033203125, 927.4075317382812, 1016.135498046875]",1
frame_0009.png,extras,trailer,small trailer,small trailer.,0.18,0.18,3,0.4246,"[304.39404296875, 798.406005859375, 542.9163208007812, 987.9950561523438]",1
frame_0009.png,extras,trailer,utility trailer,utility trailer.,0.18,0.18,2,0.4733,"[305.5710754394531, 799.8859252929688, 541.7155151367188, 984.8224487304688]",1
frame_0009.png,extras,trailer,open trailer,open trailer.,0.18,0.18,5,0.3933,"[304.3977966308594, 799.355712890625, 542.9776611328125, 987.8936157226562]",1
frame_0009.png,extras,trailer,covered trailer,covered trailer.,0.18,0.18,3,0.502,"[1.7482638359069824, 602.4164428710938, 306.38580322265625, 991.0860595703125]",1
frame_0009.png,extras,trailer,container trailer,container trailer.,0.18,0.18,4,0.5036,"[306.9193115234375, 800.792724609375, 540.6302490234375, 981.5478515625]",1
frame_0010.png,production,trailer,ALL_GROUP,trailer. cargo trailer. vehicle trailer. wheeled trailer. flatbed trailer. black trailer. utility trailer.,0.2,0.2,4,0.3938,"[1.954514980316162, 596.3768310546875, 332.5868225097656, 993.1868286132812]",1
frame_0010.png,production,electric utility vehicle+electric wheelchair+electric scooter+trolley,ALL_GROUP,electric utility vehicle. small electric cart. utility vehicle. golf cart. electric cart. small white utility vehicle. electric wheelchair. motorized wheelchair. power wheelchair. mobility scooter wheelchair. electric scooter. mobility scooter. stand-up scooter. kick scooter. scooter. trolley. hand cart. hand truck. luggage cart. flatbed cart. push cart. utility cart.,0.22,0.22,1,0.2227,"[336.3345947265625, 796.4713745117188, 569.7406005859375, 985.7088012695312]",1
frame_0010.png,production,pair of ramps,ALL_GROUP,pair of ramps. loading ramp. metal ramp. vehicle loading ramp. two metal ramps. aluminum ramp.,0.2,0.2,5,0.3773,"[338.5522155761719, 794.2141723632812, 572.2020263671875, 987.8384399414062]",1
frame_0010.png,production,portable power station+basketball,ALL_GROUP,portable power station. large power bank. battery box. power generator box. portable battery. power station. basketball. orange basketball. sports ball. rubber ball.,0.22,0.22,0,0.0,,0
frame_0010.png,production,rectangular table+umbrella,ALL_GROUP,rectangular table. outdoor table. picnic table. long rectangular table. folding table. work table. umbrella. outdoor umbrella. parasol. patio umbrella. hand umbrella.,0.24,0.24,0,0.0,,0
frame_0010.png,production,cardboard box,ALL_GROUP,cardboard box. brown cardboard box. cardboard package. shipping box.,0.26,0.26,0,0.0,,0
frame_0010.png,production,chair,ALL_GROUP,chair. folding chair. outdoor chair. plastic chair. armless chair.,0.3,0.3,0,0.0,,0
frame_0010.png,production,traffic cone+prohibition sign,ALL_GROUP,traffic cone. road cone. safety cone. orange cone. construction cone. prohibition sign. no entry sign. red prohibition sign. do not enter sign. stop sign. red circular sign.,0.22,0.22,1,0.2272,"[118.79891204833984, 742.1157836914062, 306.09576416015625, 858.2210693359375]",1
frame_0010.png,extras,basketball,basketball,basketball.,0.18,0.18,0,0.0,,0
frame_0010.png,extras,basketball,orange basketball,orange basketball.,0.18,0.18,0,0.0,,0
frame_0010.png,extras,basketball,round orange ball,round orange ball.,0.18,0.18,1,0.7473,"[1150.565185546875, 1651.6595458984375, 1686.7796630859375, 1854.11474609375]",1
frame_0010.png,extras,basketball,rubber ball on ground,rubber ball on ground.,0.18,0.18,2,0.6082,"[1146.58056640625, 1643.07568359375, 1686.95361328125, 1851.6722412109375]",1
frame_0010.png,extras,basketball,sports ball,sports ball.,0.18,0.18,1,0.3233,"[1156.1766357421875, 1660.944091796875, 1688.2235107421875, 1857.1461181640625]",1
frame_0010.png,extras,basketball,ball,ball.,0.18,0.18,1,0.22,"[1155.9783935546875, 1660.6875, 1689.1324462890625, 1856.8515625]",1
frame_0010.png,extras,umbrella,umbrella,umbrella.,0.2,0.2,2,0.2411,"[1.0592365264892578, 1740.46484375, 436.2742004394531, 1856.6064453125]",1
frame_0010.png,extras,umbrella,outdoor umbrella,outdoor umbrella.,0.2,0.2,1,0.2063,"[1556.7757568359375, 1.0063806772232056, 1788.1800537109375, 140.48301696777344]",1
frame_0010.png,extras,umbrella,patio umbrella,patio umbrella.,0.2,0.2,0,0.0,,0
frame_0010.png,extras,umbrella,open umbrella,open umbrella.,0.2,0.2,4,0.3814,"[1152.81201171875, 1652.990966796875, 1690.276611328125, 1854.34423828125]",1
frame_0010.png,extras,umbrella,parasol,parasol.,0.2,0.2,0,0.0,,0
frame_0010.png,extras,umbrella,shade umbrella,shade umbrella.,0.2,0.2,4,0.3367,"[2242.712890625, 1670.7147216796875, 2878.35009765625, 1853.5936279296875]",1
frame_0010.png,extras,umbrella,folded umbrella,folded umbrella.,0.2,0.2,4,0.3369,"[1155.779541015625, 1659.058837890625, 1691.50146484375, 1854.4273681640625]",1
frame_0010.png,extras,electric_wheelchair,electric wheelchair,electric wheelchair.,0.2,0.2,0,0.0,,0
frame_0010.png,extras,electric_wheelchair,motorized wheelchair,motorized wheelchair.,0.2,0.2,1,0.2178,"[778.3532104492188, 931.3839111328125, 933.8727416992188, 1016.9749755859375]",1
frame_0010.png,extras,electric_wheelchair,power wheelchair,power wheelchair.,0.2,0.2,0,0.0,,0
frame_0010.png,extras,electric_wheelchair,wheelchair,wheelchair.,0.2,0.2,0,0.0,,0
frame_0010.png,extras,electric_wheelchair,mobility chair,mobility chair.,0.2,0.2,2,0.2981,"[773.7842407226562, 936.9554443359375, 932.6748657226562, 1017.4402465820312]",1
frame_0010.png,extras,electric_wheelchair,powered mobility scooter,powered mobility scooter.,0.2,0.2,1,0.5866,"[764.84814453125, 929.0671997070312, 936.1409912109375, 1021.1943969726562]",1
frame_0010.png,extras,electric_scooter,electric scooter,electric scooter.,0.2,0.2,0,0.0,,0
frame_0010.png,extras,electric_scooter,stand-up scooter,stand-up scooter.,0.2,0.2,1,0.489,"[766.9721069335938, 924.3157958984375, 936.9766235351562, 1022.1063232421875]",1
frame_0010.png,extras,electric_scooter,kick scooter,kick scooter.,0.2,0.2,3,0.3419,"[1150.8646240234375, 1653.8231201171875, 2876.6015625, 1852.769775390625]",1
frame_0010.png,extras,electric_scooter,two-wheeled scooter,two-wheeled scooter.,0.2,0.2,1,0.539,"[766.1619873046875, 930.6611938476562, 936.7037963867188, 1022.1236572265625]",1
frame_0010.png,extras,electric_scooter,scooter,scooter.,0.2,0.2,0,0.0,,0
frame_0010.png,extras,electric_scooter,electric kick scooter,electric kick scooter.,0.2,0.2,3,0.3726,"[767.18994140625, 929.1757202148438, 937.2119750976562, 1020.2627563476562]",1
frame_0010.png,extras,prohibition_sign,prohibition sign,prohibition sign.,0.2,0.2,2,0.4431,"[3.147561550140381, 597.4200439453125, 333.2392272949219, 987.670654296875]",1
frame_0010.png,extras,prohibition_sign,no entry sign,no entry sign.,0.2,0.2,3,0.4223,"[112.75513458251953, 736.758544921875, 310.4146728515625, 864.5855102539062]",1
frame_0010.png,extras,prohibition_sign,red prohibition sign,red prohibition sign.,0.2,0.2,2,0.4641,"[115.80123138427734, 739.9713134765625, 308.257568359375, 861.279052734375]",1
frame_0010.png,extras,prohibition_sign,do not enter sign,do not enter sign.,0.2,0.2,3,0.3604,"[115.58848571777344, 739.757568359375, 304.26287841796875, 861.8156127929688]",1
frame_0010.png,extras,prohibition_sign,stop sign,stop sign.,0.2,0.2,0,0.0,,0
frame_0010.png,extras,prohibition_sign,red circular sign,red circular sign.,0.2,0.2,2,0.565,"[1146.9261474609375, 1648.84716796875, 1693.1451416015625, 1853.174560546875]",1
frame_0010.png,extras,prohibition_sign,warning sign,warning sign.,0.2,0.2,2,0.4208,"[2.8895866870880127, 598.2084350585938, 333.0594177246094, 991.958251953125]",1
frame_0010.png,extras,prohibition_sign,red sign on ground,red sign on ground.,0.2,0.2,5,0.5234,"[10.462932586669922, 970.0896606445312, 2869.968017578125, 1848.037353515625]",1
frame_0010.png,extras,pair_of_ramps,pair of ramps,pair of ramps.,0.18,0.18,2,0.5692,"[401.73516845703125, 749.5697021484375, 986.8826904296875, 1000.3546142578125]",1
frame_0010.png,extras,pair_of_ramps,loading ramps,loading ramps.,0.18,0.18,4,0.3592,"[2240.515625, 1670.6279296875, 2878.5537109375, 1854.5572509765625]",1
frame_0010.png,extras,pair_of_ramps,metal ramps on ground,metal ramps on ground.,0.18,0.18,5,0.5935,"[9.846668243408203, 971.6101684570312, 2869.02294921875, 1847.227294921875]",1
frame_0010.png,extras,pair_of_ramps,vehicle loading ramp,vehicle loading ramp.,0.18,0.18,5,0.406,"[339.41021728515625, 795.3125, 570.8436279296875, 987.8633422851562]",1
frame_0010.png,extras,pair_of_ramps,two metal ramps,two metal ramps.,0.18,0.18,1,0.5637,"[391.3966979980469, 752.3255004882812, 983.6923217773438, 1004.1971435546875]",1
frame_0010.png,extras,pair_of_ramps,ramp,ramp.,0.18,0.18,0,0.0,,0
frame_0010.png,extras,pair_of_ramps,aluminum ramp,aluminum ramp.,0.18,0.18,3,0.4862,"[2240.693115234375, 1669.0125732421875, 2877.97900390625, 1854.0980224609375]",1
frame_0010.png,extras,pair_of_ramps,incline ramp,incline ramp.,0.18,0.18,0,0.0,,0
frame_0010.png,extras,trailer,trailer,trailer.,0.18,0.18,5,0.3862,"[341.59466552734375, 798.6786499023438, 567.1484375, 984.8535766601562]",1
frame_0010.png,extras,trailer,cargo trailer,cargo trailer.,0.18,0.18,4,0.438,"[341.62713623046875, 798.0588989257812, 567.3402099609375, 985.2389526367188]",1
frame_0010.png,extras,trailer,vehicle trailer,vehicle trailer.,0.18,0.18,6,0.5138,"[341.50738525390625, 797.7925415039062, 566.711669921875, 985.2705688476562]",1
frame_0010.png,extras,trailer,wheeled trailer,wheeled trailer.,0.18,0.18,5,0.4458,"[779.3726806640625, 938.1881103515625, 931.8612060546875, 1018.1029052734375]",1
frame_0010.png,extras,trailer,small trailer,small trailer.,0.18,0.18,5,0.5031,"[340.616943359375, 795.9491577148438, 568.743896484375, 987.8439331054688]",1
frame_0010.png,extras,trailer,utility trailer,utility trailer.,0.18,0.18,4,0.4641,"[341.72601318359375, 797.3366088867188, 568.700927734375, 986.743408203125]",1
frame_0010.png,extras,trailer,open trailer,open trailer.,0.18,0.18,5,0.4192,"[339.8588562011719, 797.194580078125, 569.2200927734375, 988.2928466796875]",1
frame_0010.png,extras,trailer,covered trailer,covered trailer.,0.18,0.18,4,0.4017,"[2.0280396938323975, 596.4478149414062, 332.0022888183594, 993.057373046875]",1
frame_0010.png,extras,trailer,container trailer,container trailer.,0.18,0.18,4,0.4957,"[342.6612243652344, 798.0309448242188, 567.034912109375, 983.2672729492188]",1
frame_0011.png,production,trailer,ALL_GROUP,trailer. cargo trailer. vehicle trailer. wheeled trailer. flatbed trailer. black trailer. utility trailer.,0.2,0.2,6,0.2989,"[390.36883544921875, 801.4931640625, 611.989990234375, 987.4335327148438]",1
frame_0011.png,production,electric utility vehicle+electric wheelchair+electric scooter+trolley,ALL_GROUP,electric utility vehicle. small electric cart. utility vehicle. golf cart. electric cart. small white utility vehicle. electric wheelchair. motorized wheelchair. power wheelchair. mobility scooter wheelchair. electric scooter. mobility scooter. stand-up scooter. kick scooter. scooter. trolley. hand cart. hand truck. luggage cart. flatbed cart. push cart. utility cart.,0.22,0.22,1,0.226,"[386.2437744140625, 801.3148193359375, 613.2284545898438, 989.1318969726562]",1
frame_0011.png,production,pair of ramps,ALL_GROUP,pair of ramps. loading ramp. metal ramp. vehicle loading ramp. two metal ramps. aluminum ramp.,0.2,0.2,6,0.3268,"[387.11834716796875, 799.38037109375, 615.2042846679688, 990.983642578125]",1
frame_0011.png,production,portable power station+basketball,ALL_GROUP,portable power station. large power bank. battery box. power generator box. portable battery. power station. basketball. orange basketball. sports ball. rubber ball.,0.22,0.22,0,0.0,,0
frame_0011.png,production,rectangular table+umbrella,ALL_GROUP,rectangular table. outdoor table. picnic table. long rectangular table. folding table. work table. umbrella. outdoor umbrella. parasol. patio umbrella. hand umbrella.,0.24,0.24,0,0.0,,0
frame_0011.png,production,cardboard box,ALL_GROUP,cardboard box. brown cardboard box. cardboard package. shipping box.,0.26,0.26,0,0.0,,0
frame_0011.png,production,chair,ALL_GROUP,chair. folding chair. outdoor chair. plastic chair. armless chair.,0.3,0.3,0,0.0,,0
frame_0011.png,production,traffic cone+prohibition sign,ALL_GROUP,traffic cone. road cone. safety cone. orange cone. construction cone. prohibition sign. no entry sign. red prohibition sign. do not enter sign. stop sign. red circular sign.,0.22,0.22,1,0.2397,"[163.7503204345703, 746.7693481445312, 354.3535461425781, 865.0299682617188]",1
frame_0011.png,extras,basketball,basketball,basketball.,0.18,0.18,0,0.0,,0
frame_0011.png,extras,basketball,orange basketball,orange basketball.,0.18,0.18,0,0.0,,0
frame_0011.png,extras,basketball,round orange ball,round orange ball.,0.18,0.18,1,0.7863,"[1148.4248046875, 1650.3277587890625, 1691.4749755859375, 1853.795654296875]",1
frame_0011.png,extras,basketball,rubber ball on ground,rubber ball on ground.,0.18,0.18,2,0.6551,"[1142.68603515625, 1641.365234375, 1692.8204345703125, 1851.7886962890625]",1
frame_0011.png,extras,basketball,sports ball,sports ball.,0.18,0.18,1,0.3804,"[1154.0335693359375, 1659.844482421875, 1690.291259765625, 1857.1636962890625]",1
frame_0011.png,extras,basketball,ball,ball.,0.18,0.18,1,0.2473,"[1153.9932861328125, 1659.810546875, 1690.841552734375, 1856.9903564453125]",1
frame_0011.png,extras,umbrella,umbrella,umbrella.,0.2,0.2,1,0.2617,"[1.0815095901489258, 1739.757568359375, 442.0521545410156, 1856.51953125]",1
frame_0011.png,extras,umbrella,outdoor umbrella,outdoor umbrella.,0.2,0.2,1,0.25,"[1554.43017578125, 0.9277083873748779, 1786.209716796875, 140.33615112304688]",1
frame_0011.png,extras,umbrella,patio umbrella,patio umbrella.,0.2,0.2,2,0.2069,"[1154.7115478515625, 1657.96240234375, 1690.5780029296875, 1854.25537109375]",1
frame_0011.png,extras,umbrella,open umbrella,open umbrella.,0.2,0.2,5,0.3482,"[1150.7164306640625, 1651.8599853515625, 1691.699462890625, 1854.0042724609375]",1
frame_0011.png,extras,umbrella,parasol,parasol.,0.2,0.2,0,0.0,,0
frame_0011.png,extras,umbrella,shade umbrella,shade umbrella.,0.2,0.2,5,0.3158,"[1.4271068572998047, 1737.7303466796875, 437.59771728515625, 1854.8431396484375]",1
frame_0011.png,extras,umbrella,folded umbrella,folded umbrella.,0.2,0.2,4,0.3125,"[1154.2584228515625, 1658.58203125, 1691.63134765625, 1854.3636474609375]",1
frame_0011.png,extras,electric_wheelchair,electric wheelchair,electric wheelchair.,0.2,0.2,0,0.0,,0
frame_0011.png,extras,electric_wheelchair,motorized wheelchair,motorized wheelchair.,0.2,0.2,2,0.2817,"[803.9837036132812, 938.5598754882812, 964.6625366210938, 1026.6220703125]",1
frame_0011.png,extras,electric_wheelchair,power wheelchair,power wheelchair.,0.2,0.2,0,0.0,,0
frame_0011.png,extras,electric_wheelchair,wheelchair,wheelchair.,0.2,0.2,0,0.0,,0
frame_0011.png,extras,electric_wheelchair,mobility chair,mobility chair.,0.2,0.2,2,0.3188,"[802.3779907226562, 941.0231323242188, 964.50732421875, 1026.12548828125]",1
frame_0011.png,extras,electric_wheelchair,powered mobility scooter,powered mobility scooter.,0.2,0.2,3,0.422,"[796.0394897460938, 931.6412353515625, 972.1600952148438, 1029.7296142578125]",1
frame_0011.png,extras,electric_scooter,electric scooter,electric scooter.,0.2,0.2,0,0.0,,0
frame_0011.png,extras,electric_scooter,stand-up scooter,stand-up scooter.,0.2,0.2,3,0.3883,"[796.1526489257812, 929.8074340820312, 973.0864868164062, 1031.37939453125]",1
frame_0011.png,extras,electric_scooter,kick scooter,kick scooter.,0.2,0.2,6,0.3049,"[798.6868286132812, 938.7999877929688, 970.958984375, 1028.4693603515625]",1
frame_0011.png,extras,electric_scooter,two-wheeled scooter,two-wheeled scooter.,0.2,0.2,3,0.5,"[794.5751342773438, 930.7525634765625, 973.4443969726562, 1032.0074462890625]",1
frame_0011.png,extras,electric_scooter,scooter,scooter.,0.2,0.2,0,0.0,,0
frame_0011.png,extras,electric_scooter,electric kick scooter,electric kick scooter.,0.2,0.2,5,0.3486,"[797.8275756835938, 936.1727294921875, 971.916259765625, 1029.8824462890625]",1
frame_0011.png,extras,prohibition_sign,prohibition sign,prohibition sign.,0.2,0.2,2,0.6029,"[33.99896240234375, 604.0538330078125, 379.0122375488281, 986.51025390625]",1
frame_0011.png,extras,prohibition_sign,no entry sign,no entry sign.,0.2,0.2,3,0.3911,"[51.17930603027344, 602.6959838867188, 393.6473083496094, 995.6398315429688]",1
frame_0011.png,extras,prohibition_sign,red prohibition sign,red prohibition sign.,0.2,0.2,2,0.4492,"[34.824642181396484, 601.6486206054688, 385.1697692871094, 987.6087036132812]",1
frame_0011.png,extras,prohibition_sign,do not enter sign,do not enter sign.,0.2,0.2,3,0.3339,"[159.58660888671875, 742.78125, 355.35345458984375, 868.8368530273438]",1
frame_0011.png,extras,prohibition_sign,stop sign,stop sign.,0.2,0.2,0,0.0,,0
frame_0011.png,extras,prohibition_sign,red circular sign,red circular sign.,0.2,0.2,1,0.6085,"[1145.008544921875, 1648.228271484375, 1695.34716796875, 1852.9661865234375]",1
frame_0011.png,extras,prohibition_sign,warning sign,warning sign.,0.2,0.2,2,0.5366,"[35.05477523803711, 604.1406860351562, 377.81414794921875, 992.5731201171875]",1
frame_0011.png,extras,prohibition_sign,red sign on ground,red sign on ground.,0.2,0.2,6,0.5247,"[10.836467742919922, 973.1671142578125, 2870.100830078125, 1847.4815673828125]",1
frame_0011.png,extras,pair_of_ramps,pair of ramps,pair of ramps.,0.18,0.18,4,0.4635,"[441.30389404296875, 754.0503540039062, 1113.9617919921875, 1000.5868530273438]",1
frame_0011.png,extras,pair_of_ramps,loading ramps,loading ramps.,0.18,0.18,2,0.3708,"[2243.46875, 1672.197509765625, 2878.383056640625, 1854.1798095703125]",1
frame_0011.png,extras,pair_of_ramps,metal ramps on ground,metal ramps on ground.,0.18,0.18,5,0.5927,"[10.196771621704102, 974.9856567382812, 2869.33251953125, 1847.4903564453125]",1
frame_0011.png,extras,pair_of_ramps,vehicle loading ramp,vehicle loading ramp.,0.18,0.18,6,0.3316,"[387.9554443359375, 800.5103759765625, 613.8297729492188, 990.7086791992188]",1
frame_0011.png,extras,pair_of_ramps,two metal ramps,two metal ramps.,0.18,0.18,3,0.4203,"[453.18035888671875, 756.5794067382812, 1014.2794189453125, 1010.2536010742188]",1
frame_0011.png,extras,pair_of_ramps,ramp,ramp.,0.18,0.18,1,0.1843,"[2245.107421875, 1673.3104248046875, 2878.360595703125, 1854.0614013671875]",1
frame_0011.png,extras,pair_of_ramps,aluminum ramp,aluminum ramp.,0.18,0.18,4,0.5116,"[2242.247802734375, 1670.4429931640625, 2878.188720703125, 1853.9075927734375]",1
frame_0011.png,extras,pair_of_ramps,incline ramp,incline ramp.,0.18,0.18,0,0.0,,0
frame_0011.png,extras,trailer,trailer,trailer.,0.18,0.18,7,0.3294,"[391.8954162597656, 803.6405639648438, 610.3079833984375, 987.0940551757812]",1
frame_0011.png,extras,trailer,cargo trailer,cargo trailer.,0.18,0.18,6,0.3945,"[391.10565185546875, 803.4107666015625, 610.3103637695312, 987.6412963867188]",1
frame_0011.png,extras,trailer,vehicle trailer,vehicle trailer.,0.18,0.18,7,0.471,"[391.79901123046875, 803.2775268554688, 610.0416870117188, 988.09814453125]",1
frame_0011.png,extras,trailer,wheeled trailer,wheeled trailer.,0.18,0.18,5,0.4502,"[801.85107421875, 944.6491088867188, 966.1893920898438, 1026.3492431640625]",1
frame_0011.png,extras,trailer,small trailer,small trailer.,0.18,0.18,4,0.4681,"[390.79742431640625, 801.56884765625, 612.1690063476562, 990.6387329101562]",1
frame_0011.png,extras,trailer,utility trailer,utility trailer.,0.18,0.18,4,0.4695,"[391.34979248046875, 802.8915405273438, 611.5118408203125, 989.0130004882812]",1
frame_0011.png,extras,trailer,open trailer,open trailer.,0.18,0.18,5,0.3516,"[392.64453125, 763.2952880859375, 985.52099609375, 1003.6982421875]",1
frame_0011.png,extras,trailer,covered trailer,covered trailer.,0.18,0.18,5,0.3595,"[392.78253173828125, 765.9901123046875, 1005.6062622070312, 997.4917602539062]",1
frame_0011.png,extras,trailer,container trailer,container trailer.,0.18,0.18,5,0.4766,"[393.5083923339844, 803.8475952148438, 610.3262329101562, 985.9346313476562]",1
frame_0012.png,production,trailer,ALL_GROUP,trailer. cargo trailer. vehicle trailer. wheeled trailer. flatbed trailer. black trailer. utility trailer.,0.2,0.2,5,0.3034,"[381.6282043457031, 802.725830078125, 603.7623901367188, 989.886962890625]",1
frame_0012.png,production,electric utility vehicle+electric wheelchair+electric scooter+trolley,ALL_GROUP,electric utility vehicle. small electric cart. utility vehicle. golf cart. electric cart. small white utility vehicle. electric wheelchair. motorized wheelchair. power wheelchair. mobility scooter wheelchair. electric scooter. mobility scooter. stand-up scooter. kick scooter. scooter. trolley. hand cart. hand truck. luggage cart. flatbed cart. push cart. utility cart.,0.22,0.22,0,0.0,,0
frame_0012.png,production,pair of ramps,ALL_GROUP,pair of ramps. loading ramp. metal ramp. vehicle loading ramp. two metal ramps. aluminum ramp.,0.2,0.2,6,0.3523,"[378.98297119140625, 800.4901123046875, 607.3865966796875, 994.0337524414062]",1
frame_0012.png,production,portable power station+basketball,ALL_GROUP,portable power station. large power bank. battery box. power generator box. portable battery. power station. basketball. orange basketball. sports ball. rubber ball.,0.22,0.22,0,0.0,,0
frame_0012.png,production,rectangular table+umbrella,ALL_GROUP,rectangular table. outdoor table. picnic table. long rectangular table. folding table. work table. umbrella. outdoor umbrella. parasol. patio umbrella. hand umbrella.,0.24,0.24,0,0.0,,0
frame_0012.png,production,cardboard box,ALL_GROUP,cardboard box. brown cardboard box. cardboard package. shipping box.,0.26,0.26,0,0.0,,0
frame_0012.png,production,chair,ALL_GROUP,chair. folding chair. outdoor chair. plastic chair. armless chair.,0.3,0.3,1,0.3133,"[792.9075317382812, 949.2327880859375, 953.2493896484375, 1034.15576171875]",1
frame_0012.png,production,traffic cone+prohibition sign,ALL_GROUP,traffic cone. road cone. safety cone. orange cone. construction cone. prohibition sign. no entry sign. red prohibition sign. do not enter sign. stop sign. red circular sign.,0.22,0.22,1,0.2632,"[153.2400360107422, 749.8561401367188, 331.64642333984375, 861.1834106445312]",1
frame_0012.png,extras,basketball,basketball,basketball.,0.18,0.18,0,0.0,,0
frame_0012.png,extras,basketball,orange basketball,orange basketball.,0.18,0.18,0,0.0,,0
frame_0012.png,extras,basketball,round orange ball,round orange ball.,0.18,0.18,1,0.753,"[1144.4593505859375, 1650.94873046875, 1693.28564453125, 1854.296875]",1
frame_0012.png,extras,basketball,rubber ball on ground,rubber ball on ground.,0.18,0.18,2,0.6394,"[1139.9248046875, 1641.83251953125, 1693.4951171875, 1851.793701171875]",1
frame_0012.png,extras,basketball,sports ball,sports ball.,0.18,0.18,1,0.3187,"[1148.879150390625, 1660.2569580078125, 1693.709716796875, 1857.2427978515625]",1
frame_0012.png,extras,basketball,ball,ball.,0.18,0.18,1,0.217,"[1147.76611328125, 1660.06591796875, 1694.3458251953125, 1856.967529296875]",1
frame_0012.png,extras,umbrella,umbrella,umbrella.,0.2,0.2,2,0.3125,"[1017.9248657226562, 890.640380859375, 1121.877197265625, 926.0377197265625]",1
frame_0012.png,extras,umbrella,outdoor umbrella,outdoor umbrella.,0.2,0.2,2,0.2801,"[1014.3652954101562, 883.639404296875, 1123.93603515625, 932.927734375]",1
frame_0012.png,extras,umbrella,patio umbrella,patio umbrella.,0.2,0.2,3,0.2558,"[1014.9493408203125, 884.6144409179688, 1123.2672119140625, 932.562744140625]",1
frame_0012.png,extras,umbrella,open umbrella,open umbrella.,0.2,0.2,7,0.315,"[1146.1304931640625, 1653.53369140625, 1695.2220458984375, 1854.2664794921875]",1
frame_0012.png,extras,umbrella,parasol,parasol.,0.2,0.2,0,0.0,,0
frame_0012.png,extras,umbrella,shade umbrella,shade umbrella.,0.2,0.2,6,0.3258,"[1015.3294677734375, 885.1375732421875, 1123.5472412109375, 931.0670776367188]",1
frame_0012.png,extras,umbrella,folded umbrella,folded umbrella.,0.2,0.2,6,0.3105,"[1557.4942626953125, 0.3579334020614624, 1791.7454833984375, 141.66934204101562]",1
frame_0012.png,extras,electric_wheelchair,electric wheelchair,electric wheelchair.,0.2,0.2,0,0.0,,0
frame_0012.png,extras,electric_wheelchair,motorized wheelchair,motorized wheelchair.,0.2,0.2,3,0.3129,"[794.62890625, 947.5596313476562, 953.3892822265625, 1033.4246826171875]",1
frame_0012.png,extras,electric_wheelchair,power wheelchair,power wheelchair.,0.2,0.2,0,0.0,,0
frame_0012.png,extras,electric_wheelchair,wheelchair,wheelchair.,0.2,0.2,0,0.0,,0
frame_0012.png,extras,electric_wheelchair,mobility chair,mobility chair.,0.2,0.2,3,0.3798,"[794.173583984375, 949.3156127929688, 954.2493896484375, 1033.258056640625]",1
frame_0012.png,extras,electric_wheelchair,powered mobility scooter,powered mobility scooter.,0.2,0.2,2,0.5705,"[788.1685180664062, 939.8494262695312, 959.1879272460938, 1036.503662109375]",1
frame_0012.png,extras,electric_scooter,electric scooter,electric scooter.,0.2,0.2,0,0.0,,0
frame_0012.png,extras,electric_scooter,stand-up scooter,stand-up scooter.,0.2,0.2,2,0.5277,"[786.7529907226562, 938.22705078125, 959.1415405273438, 1038.5001220703125]",1
frame_0012.png,extras,electric_scooter,kick scooter,kick scooter.,0.2,0.2,3,0.385,"[789.34912109375, 943.4337768554688, 957.9854736328125, 1035.22998046875]",1
frame_0012.png,extras,electric_scooter,two-wheeled scooter,two-wheeled scooter.,0.2,0.2,2,0.5908,"[787.56787109375, 941.2688598632812, 958.9171752929688, 1037.853271484375]",1
frame_0012.png,extras,electric_scooter,scooter,scooter.,0.2,0.2,0,0.0,,0
frame_0012.png,extras,electric_scooter,electric kick scooter,electric kick scooter.,0.2,0.2,3,0.4799,"[788.8642578125, 940.5670776367188, 958.2360229492188, 1036.120361328125]",1
frame_0012.png,extras,prohibition_sign,prohibition sign,prohibition sign.,0.2,0.2,2,0.5067,"[21.363021850585938, 601.8447265625, 368.1549377441406, 990.4993896484375]",1
frame_0012.png,extras,prohibition_sign,no entry sign,no entry sign.,0.2,0.2,3,0.3947,"[145.83908081054688, 743.2594604492188, 339.6960144042969, 866.6519165039062]",1
frame_0012.png,extras,prohibition_sign,red prohibition sign,red prohibition sign.,0.2,0.2,2,0.4397,"[146.96893310546875, 745.693603515625, 336.5863037109375, 863.9985961914062]",1
frame_0012.png,extras,prohibition_sign,do not enter sign,do not enter sign.,0.2,0.2,2,0.3643,"[145.36122131347656, 744.4019775390625, 334.9053039550781, 866.59228515625]",1
frame_0012.png,extras,prohibition_sign,stop sign,stop sign.,0.2,0.2,0,0.0,,0
frame_0012.png,extras,prohibition_sign,red circular sign,red circular sign.,0.2,0.2,1,0.5826,"[1140.2708740234375, 1648.42236328125, 1698.7811279296875, 1853.363037109375]",1
frame_0012.png,extras,prohibition_sign,warning sign,warning sign.,0.2,0.2,4,0.4767,"[21.633808135986328, 602.6168212890625, 367.2092590332031, 996.29150390625]",1
frame_0012.png,extras,prohibition_sign,red sign on ground,red sign on ground.,0.2,0.2,6,0.5311,"[10.749349594116211, 976.3176879882812, 2870.07373046875, 1847.699951171875]",1
frame_0012.png,extras,pair_of_ramps,pair of ramps,pair of ramps.,0.18,0.18,3,0.4866,"[438.7691345214844, 751.4071044921875, 1117.6322021484375, 999.4931640625]",1
frame_0012.png,extras,pair_of_ramps,loading ramps,loading ramps.,0.18,0.18,2,0.3614,"[2243.218017578125, 1670.7508544921875, 2878.36669921875, 1854.4639892578125]",1
frame_0012.png,extras,pair_of_ramps,metal ramps on ground,metal ramps on ground.,0.18,0.18,4,0.5991,"[9.830360412597656, 977.6882934570312, 2869.55810546875, 1847.163818359375]",1
frame_0012.png,extras,pair_of_ramps,vehicle loading ramp,vehicle loading ramp.,0.18,0.18,5,0.3545,"[379.58245849609375, 801.5989990234375, 605.6253051757812, 994.2117919921875]",1
frame_0012.png,extras,pair_of_ramps,two metal ramps,two metal ramps.,0.18,0.18,4,0.3919,"[452.2501220703125, 754.9813842773438, 1010.0936279296875, 1016.0413818359375]",1
frame_0012.png,extras,pair_of_ramps,ramp,ramp.,0.18,0.18,0,0.0,,0
frame_0012.png,extras,pair_of_ramps,aluminum ramp,aluminum ramp.,0.18,0.18,3,0.4961,"[2241.9873046875, 1669.3060302734375, 2878.147705078125, 1853.9859619140625]",1
frame_0012.png,extras,pair_of_ramps,incline ramp,incline ramp.,0.18,0.18,0,0.0,,0
frame_0012.png,extras,trailer,trailer,trailer.,0.18,0.18,4,0.3313,"[382.4546813964844, 805.1724853515625, 601.7276000976562, 990.0232543945312]",1
frame_0012.png,extras,trailer,cargo trailer,cargo trailer.,0.18,0.18,5,0.4792,"[382.94012451171875, 804.7403564453125, 601.7260131835938, 991.1111450195312]",1
frame_0012.png,extras,trailer,vehicle trailer,vehicle trailer.,0.18,0.18,11,0.5138,"[383.07586669921875, 804.6942138671875, 601.193359375, 990.2944946289062]",1
frame_0012.png,extras,trailer,wheeled trailer,wheeled trailer.,0.18,0.18,4,0.5177,"[793.28564453125, 952.1296997070312, 954.873779296875, 1033.9998779296875]",1
frame_0012.png,extras,trailer,small trailer,small trailer.,0.18,0.18,3,0.4481,"[382.10345458984375, 802.5924682617188, 604.594970703125, 993.8644409179688]",1
frame_0012.png,extras,trailer,utility trailer,utility trailer.,0.18,0.18,4,0.5378,"[382.5351867675781, 803.8341064453125, 602.2909545898438, 992.6315307617188]",1
frame_0012.png,extras,trailer,open trailer,open trailer.,0.18,0.18,5,0.4341,"[381.3226318359375, 803.3875732421875, 604.4013671875, 994.2412719726562]",1
frame_0012.png,extras,trailer,covered trailer,covered trailer.,0.18,0.18,5,0.4091,"[381.8894958496094, 803.9448852539062, 603.322265625, 992.1663208007812]",1
frame_0012.png,extras,trailer,container trailer,container trailer.,0.18,0.18,3,0.5202,"[383.92041015625, 804.7540283203125, 601.3920288085938, 989.1953125]",1
frame_0013.png,production,trailer,ALL_GROUP,trailer. cargo trailer. vehicle trailer. wheeled trailer. flatbed trailer. black trailer. utility trailer.,0.2,0.2,6,0.3804,"[69.11036682128906, 584.41552734375, 392.2802429199219, 991.3448486328125]",1
frame_0013.png,production,electric utility vehicle+electric wheelchair+electric scooter+trolley,ALL_GROUP,electric utility vehicle. small electric cart. utility vehicle. golf cart. electric cart. small white utility vehicle. electric wheelchair. motorized wheelchair. power wheelchair. mobility scooter wheelchair. electric scooter. mobility scooter. stand-up scooter. kick scooter. scooter. trolley. hand cart. hand truck. luggage cart. flatbed cart. push cart. utility cart.,0.22,0.22,1,0.2363,"[424.33294677734375, 790.194580078125, 627.0280151367188, 982.3855590820312]",1
frame_0013.png,production,pair of ramps,ALL_GROUP,pair of ramps. loading ramp. metal ramp. vehicle loading ramp. two metal ramps. aluminum ramp.,0.2,0.2,9,0.337,"[424.1751403808594, 785.900634765625, 627.4556884765625, 986.4766845703125]",1
frame_0013.png,production,portable power station+basketball,ALL_GROUP,portable power station. large power bank. battery box. power generator box. portable battery. power station. basketball. orange basketball. sports ball. rubber ball.,0.22,0.22,0,0.0,,0
frame_0013.png,production,rectangular table+umbrella,ALL_GROUP,rectangular table. outdoor table. picnic table. long rectangular table. folding table. work table. umbrella. outdoor umbrella. parasol. patio umbrella. hand umbrella.,0.24,0.24,0,0.0,,0
frame_0013.png,production,cardboard box,ALL_GROUP,cardboard box. brown cardboard box. cardboard package. shipping box.,0.26,0.26,0,0.0,,0
frame_0013.png,production,chair,ALL_GROUP,chair. folding chair. outdoor chair. plastic chair. armless chair.,0.3,0.3,0,0.0,,0
frame_0013.png,production,traffic cone+prohibition sign,ALL_GROUP,traffic cone. road cone. safety cone. orange cone. construction cone. prohibition sign. no entry sign. red prohibition sign. do not enter sign. stop sign. red circular sign.,0.22,0.22,1,0.2401,"[166.71881103515625, 734.8898315429688, 363.7007141113281, 857.8687744140625]",1
frame_0013.png,extras,basketball,basketball,basketball.,0.18,0.18,0,0.0,,0
frame_0013.png,extras,basketball,orange basketball,orange basketball.,0.18,0.18,0,0.0,,0
frame_0013.png,extras,basketball,round orange ball,round orange ball.,0.18,0.18,1,0.7186,"[1149.5609130859375, 1648.7044677734375, 1691.3988037109375, 1854.460693359375]",1
frame_0013.png,extras,basketball,rubber ball on ground,rubber ball on ground.,0.18,0.18,2,0.6127,"[1144.312744140625, 1640.6341552734375, 1694.5738525390625, 1852.1878662109375]",1
frame_0013.png,extras,basketball,sports ball,sports ball.,0.18,0.18,1,0.2389,"[1156.2767333984375, 1658.9903564453125, 1691.1031494140625, 1857.025634765625]",1
frame_0013.png,extras,basketball,ball,ball.,0.18,0.18,1,0.182,"[1155.948974609375, 1658.778076171875, 1692.0308837890625, 1856.5621337890625]",1
frame_0013.png,extras,umbrella,umbrella,umbrella.,0.2,0.2,4,0.3074,"[0.993812084197998, 1740.6817626953125, 444.7577209472656, 1856.5657958984375]",1
frame_0013.png,extras,umbrella,outdoor umbrella,outdoor umbrella.,0.2,0.2,0,0.0,,0
frame_0013.png,extras,umbrella,patio umbrella,patio umbrella.,0.2,0.2,0,0.0,,0
frame_0013.png,extras,umbrella,open umbrella,open umbrella.,0.2,0.2,6,0.3124,"[1152.9766845703125, 1651.505126953125, 1692.5634765625, 1854.013916015625]",1
frame_0013.png,extras,umbrella,parasol,parasol.,0.2,0.2,0,0.0,,0
frame_0013.png,extras,umbrella,shade umbrella,shade umbrella.,0.2,0.2,3,0.3207,"[1.8619680404663086, 1738.5279541015625, 445.5469665527344, 1854.9664306640625]",1
frame_0013.png,extras,umbrella,folded umbrella,folded umbrella.,0.2,0.2,4,0.3386,"[1.2525057792663574, 1739.03955078125, 445.42822265625, 1854.7088623046875]",1
frame_0013.png,extras,electric_wheelchair,electric wheelchair,electric wheelchair.,0.2,0.2,0,0.0,,0
frame_0013.png,extras,electric_wheelchair,motorized wheelchair,motorized wheelchair.,0.2,0.2,2,0.3677,"[112.5824203491211, 891.4898071289062, 259.3585205078125, 1014.7275390625]",1
frame_0013.png,extras,electric_wheelchair,power wheelchair,power wheelchair.,0.2,0.2,1,0.2214,"[111.90448760986328, 892.7283325195312, 256.52471923828125, 1014.1015014648438]",1
frame_0013.png,extras,electric_wheelchair,wheelchair,wheelchair.,0.2,0.2,0,0.0,,0
frame_0013.png,extras,electric_wheelchair,mobility chair,mobility chair.,0.2,0.2,4,0.2684,"[735.9236450195312, 931.176025390625, 942.4161376953125, 1049.24267578125]",1
frame_0013.png,extras,electric_wheelchair,powered mobility scooter,powered mobility scooter.,0.2,0.2,3,0.3894,"[733.8208618164062, 926.8123168945312, 947.1973266601562, 1052.17138671875]",1
frame_0013.png,extras,electric_scooter,electric scooter,electric scooter.,0.2,0.2,0,0.0,,0
frame_0013.png,extras,electric_scooter,stand-up scooter,stand-up scooter.,0.2,0.2,5,0.4739,"[107.46116638183594, 889.1272583007812, 254.9197998046875, 1018.9722900390625]",1
frame_0013.png,extras,electric_scooter,kick scooter,kick scooter.,0.2,0.2,3,0.3238,"[109.60394287109375, 893.1904296875, 257.73272705078125, 1017.1637573242188]",1
frame_0013.png,extras,electric_scooter,two-wheeled scooter,two-wheeled scooter.,0.2,0.2,2,0.5726,"[108.41282653808594, 890.9825439453125, 261.2949523925781, 1018.9475708007812]",1
frame_0013.png,extras,electric_scooter,scooter,scooter.,0.2,0.2,0,0.0,,0
frame_0013.png,extras,electric_scooter,electric kick scooter,electric kick scooter.,0.2,0.2,5,0.3344,"[109.31005859375, 893.5604858398438, 252.34930419921875, 1017.28271484375]",1
frame_0013.png,extras,prohibition_sign,prohibition sign,prohibition sign.,0.2,0.2,2,0.5527,"[71.95281219482422, 585.2919311523438, 393.173095703125, 990.2249145507812]",1
frame_0013.png,extras,prohibition_sign,no entry sign,no entry sign.,0.2,0.2,3,0.4134,"[161.41761779785156, 730.1180419921875, 367.9804992675781, 861.5628051757812]",1
frame_0013.png,extras,prohibition_sign,red prohibition sign,red prohibition sign.,0.2,0.2,2,0.4414,"[164.07034301757812, 734.014404296875, 365.96539306640625, 859.4583740234375]",1
frame_0013.png,extras,prohibition_sign,do not enter sign,do not enter sign.,0.2,0.2,2,0.3472,"[163.4827423095703, 733.0267944335938, 363.3805236816406, 860.6322021484375]",1
frame_0013.png,extras,prohibition_sign,stop sign,stop sign.,0.2,0.2,0,0.0,,0
frame_0013.png,extras,prohibition_sign,red circular sign,red circular sign.,0.2,0.2,2,0.5603,"[1146.6602783203125, 1646.8785400390625, 1696.0029296875, 1853.2156982421875]",1
frame_0013.png,extras,prohibition_sign,warning sign,warning sign.,0.2,0.2,2,0.5219,"[72.13652038574219, 585.6681518554688, 391.82928466796875, 992.3875122070312]",1
frame_0013.png,extras,prohibition_sign,red sign on ground,red sign on ground.,0.2,0.2,5,0.5318,"[10.452547073364258, 977.4522705078125, 2870.105712890625, 1848.0521240234375]",1
frame_0013.png,extras,pair_of_ramps,pair of ramps,pair of ramps.,0.18,0.18,8,0.4043,"[454.32928466796875, 729.0787963867188, 1034.6390380859375, 1009.8947143554688]",1
frame_0013.png,extras,pair_of_ramps,loading ramps,loading ramps.,0.18,0.18,5,0.3097,"[734.2996215820312, 942.947021484375, 948.4408569335938, 1050.054443359375]",1
frame_0013.png,extras,pair_of_ramps,metal ramps on ground,metal ramps on ground.,0.18,0.18,4,0.5737,"[9.913702011108398, 976.4231567382812, 2869.124267578125, 1847.376220703125]",1
frame_0013.png,extras,pair_of_ramps,vehicle loading ramp,vehicle loading ramp.,0.18,0.18,7,0.3276,"[733.2352905273438, 935.2532958984375, 949.8067016601562, 1050.918212890625]",1
frame_0013.png,extras,pair_of_ramps,two metal ramps,two metal ramps.,0.18,0.18,2,0.4713,"[449.98016357421875, 732.625732421875, 1000.3584594726562, 1047.034912109375]",1
frame_0013.png,extras,pair_of_ramps,ramp,ramp.,0.18,0.18,0,0.0,,0
frame_0013.png,extras,pair_of_ramps,aluminum ramp,aluminum ramp.,0.18,0.18,4,0.4073,"[732.7745971679688, 942.6629638671875, 957.2470703125, 1050.37548828125]",1
frame_0013.png,extras,pair_of_ramps,incline ramp,incline ramp.,0.18,0.18,0,0.0,,0
frame_0013.png,extras,trailer,trailer,trailer.,0.18,0.18,7,0.4052,"[427.8699645996094, 793.0515747070312, 623.4588623046875, 980.5780029296875]",1
frame_0013.png,extras,trailer,cargo trailer,cargo trailer.,0.18,0.18,5,0.4174,"[427.2029724121094, 792.0458374023438, 623.7828979492188, 981.8648071289062]",1
frame_0013.png,extras,trailer,vehicle trailer,vehicle trailer.,0.18,0.18,8,0.5087,"[427.268310546875, 791.754150390625, 623.8447875976562, 981.8904418945312]",1
frame_0013.png,extras,trailer,wheeled trailer,wheeled trailer.,0.18,0.18,6,0.3617,"[735.1765747070312, 933.8250732421875, 941.2301635742188, 1050.367919921875]",1
frame_0013.png,extras,trailer,small trailer,small trailer.,0.18,0.18,5,0.4033,"[425.70635986328125, 790.0899047851562, 626.2130126953125, 984.2274169921875]",1
frame_0013.png,extras,trailer,utility trailer,utility trailer.,0.18,0.18,4,0.4551,"[426.6749572753906, 791.370849609375, 625.1228637695312, 983.3739013671875]",1
frame_0013.png,extras,trailer,open trailer,open trailer.,0.18,0.18,5,0.3661,"[425.11346435546875, 790.4528198242188, 625.7846069335938, 985.1912841796875]",1
frame_0013.png,extras,trailer,covered trailer,covered trailer.,0.18,0.18,5,0.3737,"[69.62519073486328, 584.6492309570312, 392.7378845214844, 987.72265625]",1
frame_0013.png,extras,trailer,container trailer,container trailer.,0.18,0.18,6,0.4932,"[429.25604248046875, 792.7151489257812, 623.6648559570312, 979.9882202148438]",1
frame_0014.png,production,trailer,ALL_GROUP,trailer. cargo trailer. vehicle trailer. wheeled trailer. flatbed trailer. black trailer. utility trailer.,0.2,0.2,6,0.3752,"[484.796875, 825.9249267578125, 756.0103759765625, 1089.396240234375]",1
frame_0014.png,production,electric utility vehicle+electric wheelchair+electric scooter+trolley,ALL_GROUP,electric utility vehicle. small electric cart. utility vehicle. golf cart. electric cart. small white utility vehicle. electric wheelchair. motorized wheelchair. power wheelchair. mobility scooter wheelchair. electric scooter. mobility scooter. stand-up scooter. kick scooter. scooter. trolley. hand cart. hand truck. luggage cart. flatbed cart. push cart. utility cart.,0.22,0.22,3,0.3308,"[285.53363037109375, 772.3751220703125, 518.7813720703125, 986.4716796875]",1
frame_0014.png,production,pair of ramps,ALL_GROUP,pair of ramps. loading ramp. metal ramp. vehicle loading ramp. two metal ramps. aluminum ramp.,0.2,0.2,10,0.4024,"[483.15155029296875, 821.9739379882812, 759.8087768554688, 1090.3040771484375]",1
frame_0014.png,production,portable power station+basketball,ALL_GROUP,portable power station. large power bank. battery box. power generator box. portable battery. power station. basketball. orange basketball. sports ball. rubber ball.,0.22,0.22,0,0.0,,0
frame_0014.png,production,rectangular table+umbrella,ALL_GROUP,rectangular table. outdoor table. picnic table. long rectangular table. folding table. work table. umbrella. outdoor umbrella. parasol. patio umbrella. hand umbrella.,0.24,0.24,1,0.2757,"[483.3786926269531, 1000.8367309570312, 748.582275390625, 1087.676513671875]",1
frame_0014.png,production,cardboard box,ALL_GROUP,cardboard box. brown cardboard box. cardboard package. shipping box.,0.26,0.26,1,0.2943,"[8.877382278442383, 985.3726806640625, 82.3993911743164, 1046.9564208984375]",1
frame_0014.png,production,chair,ALL_GROUP,chair. folding chair. outdoor chair. plastic chair. armless chair.,0.3,0.3,1,0.3434,"[485.15753173828125, 825.0167846679688, 754.010498046875, 1089.8721923828125]",1
frame_0014.png,production,traffic cone+prohibition sign,ALL_GROUP,traffic cone. road cone. safety cone. orange cone. construction cone. prohibition sign. no entry sign. red prohibition sign. do not enter sign. stop sign. red circular sign.,0.22,0.22,1,0.2327,"[18.276260375976562, 712.74267578125, 241.1671600341797, 849.2058715820312]",1
frame_0014.png,extras,basketball,basketball,basketball.,0.18,0.18,0,0.0,,0
frame_0014.png,extras,basketball,orange basketball,orange basketball.,0.18,0.18,0,0.0,,0
frame_0014.png,extras,basketball,round orange ball,round orange ball.,0.18,0.18,1,0.6814,"[1146.7652587890625, 1649.9356689453125, 1691.66015625, 1855.5179443359375]",1
frame_0014.png,extras,basketball,rubber ball on ground,rubber ball on ground.,0.18,0.18,3,0.524,"[1141.551025390625, 1642.505126953125, 1694.0830078125, 1852.5880126953125]",1
frame_0014.png,extras,basketball,sports ball,sports ball.,0.18,0.18,1,0.3684,"[1152.3951416015625, 1659.818115234375, 1691.85693359375, 1857.43505859375]",1
frame_0014.png,extras,basketball,ball,ball.,0.18,0.18,1,0.31,"[1152.018798828125, 1659.77197265625, 1692.32763671875, 1856.951171875]",1
frame_0014.png,extras,umbrella,umbrella,umbrella.,0.2,0.2,3,0.314,"[1047.0, 870.771484375, 1184.845458984375, 911.9488525390625]",1
frame_0014.png,extras,umbrella,outdoor umbrella,outdoor umbrella.,0.2,0.2,0,0.0,,0
frame_0014.png,extras,umbrella,patio umbrella,patio umbrella.,0.2,0.2,1,0.2705,"[1047.173583984375, 865.609375, 1185.264892578125, 916.6381225585938]",1
frame_0014.png,extras,umbrella,open umbrella,open umbrella.,0.2,0.2,5,0.3759,"[1148.880859375, 1652.8720703125, 1692.9664306640625, 1855.0709228515625]",1
frame_0014.png,extras,umbrella,parasol,parasol.,0.2,0.2,0,0.0,,0
frame_0014.png,extras,umbrella,shade umbrella,shade umbrella.,0.2,0.2,5,0.324,"[1.72011137008667, 1737.1995849609375, 456.4403991699219, 1855.14599609375]",1
frame_0014.png,extras,umbrella,folded umbrella,folded umbrella.,0.2,0.2,5,0.3287,"[0.9369492530822754, 1738.1671142578125, 456.462890625, 1855.0247802734375]",1
frame_0014.png,extras,electric_wheelchair,electric wheelchair,electric wheelchair.,0.2,0.2,0,0.0,,0
frame_0014.png,extras,electric_wheelchair,motorized wheelchair,motorized wheelchair.,0.2,0.2,2,0.3702,"[485.5772399902344, 824.9020385742188, 754.1268920898438, 1088.3804931640625]",1
frame_0014.png,extras,electric_wheelchair,power wheelchair,power wheelchair.,0.2,0.2,1,0.3224,"[484.7275390625, 824.7744140625, 755.3505859375, 1088.94091796875]",1
frame_0014.png,extras,electric_wheelchair,wheelchair,wheelchair.,0.2,0.2,0,0.0,,0
frame_0014.png,extras,electric_wheelchair,mobility chair,mobility chair.,0.2,0.2,1,0.612,"[484.86175537109375, 824.5841064453125, 753.1710815429688, 1089.708984375]",1
frame_0014.png,extras,electric_wheelchair,powered mobility scooter,powered mobility scooter.,0.2,0.2,1,0.7185,"[482.7631530761719, 820.5733032226562, 757.974853515625, 1092.7171630859375]",1
frame_0014.png,extras,electric_scooter,electric scooter,electric scooter.,0.2,0.2,0,0.0,,0
frame_0014.png,extras,electric_scooter,stand-up scooter,stand-up scooter.,0.2,0.2,1,0.6382,"[483.05438232421875, 819.3162841796875, 760.2403564453125, 1093.1663818359375]",1
frame_0014.png,extras,electric_scooter,kick scooter,kick scooter.,0.2,0.2,3,0.3953,"[483.9826354980469, 824.0086669921875, 755.8346557617188, 1091.1673583984375]",1
frame_0014.png,extras,electric_scooter,two-wheeled scooter,two-wheeled scooter.,0.2,0.2,3,0.5462,"[482.48541259765625, 820.0130615234375, 761.1414184570312, 1092.52880859375]",1
frame_0014.png,extras,electric_scooter,scooter,scooter.,0.2,0.2,0,0.0,,0
frame_0014.png,extras,electric_scooter,electric kick scooter,electric kick scooter.,0.2,0.2,3,0.47,"[482.8665466308594, 822.2617797851562, 757.524658203125, 1091.8892822265625]",1
frame_0014.png,extras,prohibition_sign,prohibition sign,prohibition sign.,0.2,0.2,4,0.4244,"[13.900999069213867, 710.0733032226562, 245.68922424316406, 852.439697265625]",1
frame_0014.png,extras,prohibition_sign,no entry sign,no entry sign.,0.2,0.2,5,0.3956,"[16.74062156677246, 708.2730712890625, 247.6500244140625, 853.9204711914062]",1
frame_0014.png,extras,prohibition_sign,red prohibition sign,red prohibition sign.,0.2,0.2,3,0.481,"[13.472307205200195, 707.9631958007812, 246.66456604003906, 853.1598510742188]",1
frame_0014.png,extras,prohibition_sign,do not enter sign,do not enter sign.,0.2,0.2,3,0.3759,"[17.04978370666504, 709.6220703125, 243.27120971679688, 851.8350830078125]",1
frame_0014.png,extras,prohibition_sign,stop sign,stop sign.,0.2,0.2,1,0.2142,"[1.7694318294525146, 550.7408447265625, 267.3782958984375, 996.8317260742188]",1
frame_0014.png,extras,prohibition_sign,red circular sign,red circular sign.,0.2,0.2,1,0.634,"[1142.761962890625, 1647.76904296875, 1696.45947265625, 1853.7559814453125]",1
frame_0014.png,extras,prohibition_sign,warning sign,warning sign.,0.2,0.2,5,0.3143,"[19.477161407470703, 717.929443359375, 240.52947998046875, 848.44921875]",1
frame_0014.png,extras,prohibition_sign,red sign on ground,red sign on ground.,0.2,0.2,4,0.5358,"[10.169134140014648, 978.9749145507812, 2869.94189453125, 1848.002197265625]",1
frame_0014.png,extras,pair_of_ramps,pair of ramps,pair of ramps.,0.18,0.18,7,0.3751,"[308.22308349609375, 690.2550048828125, 969.154052734375, 1001.2066650390625]",1
frame_0014.png,extras,pair_of_ramps,loading ramps,loading ramps.,0.18,0.18,6,0.3003,"[313.73248291015625, 701.1412963867188, 965.9802856445312, 996.0375366210938]",1
frame_0014.png,extras,pair_of_ramps,metal ramps on ground,metal ramps on ground.,0.18,0.18,8,0.5617,"[9.496736526489258, 981.5269775390625, 2869.039306640625, 1846.7802734375]",1
frame_0014.png,extras,pair_of_ramps,vehicle loading ramp,vehicle loading ramp.,0.18,0.18,5,0.4481,"[484.21014404296875, 823.1390380859375, 757.6749267578125, 1089.6168212890625]",1
frame_0014.png,extras,pair_of_ramps,two metal ramps,two metal ramps.,0.18,0.18,2,0.459,"[308.4779052734375, 689.84619140625, 964.037353515625, 1093.3697509765625]",1
frame_0014.png,extras,pair_of_ramps,ramp,ramp.,0.18,0.18,2,0.1975,"[2242.83544921875, 1670.98681640625, 2877.887451171875, 1854.180908203125]",1
frame_0014.png,extras,pair_of_ramps,aluminum ramp,aluminum ramp.,0.18,0.18,7,0.3529,"[2240.9384765625, 1668.7994384765625, 2877.478515625, 1854.1358642578125]",1
frame_0014.png,extras,pair_of_ramps,incline ramp,incline ramp.,0.18,0.18,0,0.0,,0
frame_0014.png,extras,trailer,trailer,trailer.,0.18,0.18,6,0.3665,"[485.29736328125, 826.8013916015625, 753.0426635742188, 1088.0093994140625]",1
frame_0014.png,extras,trailer,cargo trailer,cargo trailer.,0.18,0.18,6,0.3861,"[305.2015380859375, 701.2390747070312, 962.73681640625, 994.109130859375]",1
frame_0014.png,extras,trailer,vehicle trailer,vehicle trailer.,0.18,0.18,7,0.4079,"[485.8474426269531, 826.1260986328125, 754.3008422851562, 1088.206298828125]",1
frame_0014.png,extras,trailer,wheeled trailer,wheeled trailer.,0.18,0.18,2,0.6038,"[484.0562438964844, 825.2027587890625, 754.21630859375, 1089.82421875]",1
frame_0014.png,extras,trailer,small trailer,small trailer.,0.18,0.18,4,0.4818,"[483.31304931640625, 824.9313354492188, 758.0613403320312, 1090.4599609375]",1
frame_0014.png,extras,trailer,utility trailer,utility trailer.,0.18,0.18,5,0.3753,"[315.7737731933594, 773.2157592773438, 517.09765625, 981.8045043945312]",1
frame_0014.png,extras,trailer,open trailer,open trailer.,0.18,0.18,4,0.5063,"[483.93072509765625, 824.6527709960938, 757.2926635742188, 1089.8927001953125]",1
frame_0014.png,extras,trailer,covered trailer,covered trailer.,0.18,0.18,3,0.4356,"[304.2568054199219, 701.12060546875, 965.619873046875, 994.8184814453125]",1
frame_0014.png,extras,trailer,container trailer,container trailer.,0.18,0.18,7,0.4092,"[328.38092041015625, 775.6050415039062, 514.6019287109375, 977.3856811523438]",1
frame_0015.png,production,trailer,ALL_GROUP,trailer. cargo trailer. vehicle trailer. wheeled trailer. flatbed trailer. black trailer. utility trailer.,0.2,0.2,6,0.3514,"[418.4165344238281, 1000.9297485351562, 688.0272216796875, 1096.642333984375]",1
frame_0015.png,production,electric utility vehicle+electric wheelchair+electric scooter+trolley,ALL_GROUP,electric utility vehicle. small electric cart. utility vehicle. golf cart. electric cart. small white utility vehicle. electric wheelchair. motorized wheelchair. power wheelchair. mobility scooter wheelchair. electric scooter. mobility scooter. stand-up scooter. kick scooter. scooter. trolley. hand cart. hand truck. luggage cart. flatbed cart. push cart. utility cart.,0.22,0.22,2,0.2809,"[381.9002990722656, 885.1087036132812, 518.5965576171875, 1010.7939453125]",1
frame_0015.png,production,pair of ramps,ALL_GROUP,pair of ramps. loading ramp. metal ramp. vehicle loading ramp. two metal ramps. aluminum ramp.,0.2,0.2,11,0.3821,"[288.8998718261719, 682.3961181640625, 967.669921875, 993.2232055664062]",1
frame_0015.png,production,portable power station+basketball,ALL_GROUP,portable power station. large power bank. battery box. power generator box. portable battery. power station. basketball. orange basketball. sports ball. rubber ball.,0.22,0.22,0,0.0,,0
frame_0015.png,production,rectangular table+umbrella,ALL_GROUP,rectangular table. outdoor table. picnic table. long rectangular table. folding table. work table. umbrella. outdoor umbrella. parasol. patio umbrella. hand umbrella.,0.24,0.24,1,0.317,"[418.43011474609375, 1000.0364379882812, 686.6432495117188, 1094.1910400390625]",1
frame_0015.png,production,cardboard box,ALL_GROUP,cardboard box. brown cardboard box. cardboard package. shipping box.,0.26,0.26,0,0.0,,0
frame_0015.png,production,chair,ALL_GROUP,chair. folding chair. outdoor chair. plastic chair. armless chair.,0.3,0.3,1,0.3075,"[418.4092712402344, 812.9287109375, 700.6011352539062, 1096.201416015625]",1
frame_0015.png,production,traffic cone+prohibition sign,ALL_GROUP,traffic cone. road cone. safety cone. orange cone. construction cone. prohibition sign. no entry sign. red prohibition sign. do not enter sign. stop sign. red circular sign.,0.22,0.22,1,0.2331,"[1804.3125, 821.2085571289062, 1878.4444580078125, 870.2432861328125]",1
frame_0015.png,extras,basketball,basketball,basketball.,0.18,0.18,0,0.0,,0
frame_0015.png,extras,basketball,orange basketball,orange basketball.,0.18,0.18,0,0.0,,0
frame_0015.png,extras,basketball,round orange ball,round orange ball.,0.18,0.18,1,0.7452,"[1148.192138671875, 1649.4283447265625, 1687.8050537109375, 1854.768310546875]",1
frame_0015.png,extras,basketball,rubber ball on ground,rubber ball on ground.,0.18,0.18,2,0.6148,"[1142.37353515625, 1641.57373046875, 1690.17822265625, 1852.351806640625]",1
frame_0015.png,extras,basketball,sports ball,sports ball.,0.18,0.18,1,0.3852,"[1155.875732421875, 1659.0701904296875, 1688.282958984375, 1857.29638671875]",1
frame_0015.png,extras,basketball,ball,ball.,0.18,0.18,1,0.313,"[1155.237060546875, 1659.091796875, 1689.2484130859375, 1856.785400390625]",1
frame_0015.png,extras,umbrella,umbrella,umbrella.,0.2,0.2,3,0.3528,"[1057.4085693359375, 868.6356201171875, 1180.75341796875, 909.7008666992188]",1
frame_0015.png,extras,umbrella,outdoor umbrella,outdoor umbrella.,0.2,0.2,2,0.2682,"[1053.0904541015625, 863.6531372070312, 1182.5589599609375, 913.0126342773438]",1
frame_0015.png,extras,umbrella,patio umbrella,patio umbrella.,0.2,0.2,2,0.3576,"[1054.04248046875, 864.1368408203125, 1182.129150390625, 913.1558837890625]",1
frame_0015.png,extras,umbrella,open umbrella,open umbrella.,0.2,0.2,5,0.3444,"[1151.190673828125, 1651.96435546875, 1690.0203857421875, 1854.4921875]",1
frame_0015.png,extras,umbrella,parasol,parasol.,0.2,0.2,0,0.0,,0
frame_0015.png,extras,umbrella,shade umbrella,shade umbrella.,0.2,0.2,4,0.3352,"[1056.3714599609375, 864.7032470703125, 1181.9263916015625, 912.1665649414062]",1
frame_0015.png,extras,umbrella,folded umbrella,folded umbrella.,0.2,0.2,6,0.3508,"[1.0393023490905762, 1738.538330078125, 450.30694580078125, 1854.754638671875]",1
frame_0015.png,extras,electric_wheelchair,electric wheelchair,electric wheelchair.,0.2,0.2,0,0.0,,0
frame_0015.png,extras,electric_wheelchair,motorized wheelchair,motorized wheelchair.,0.2,0.2,2,0.3093,"[417.4718017578125, 812.933349609375, 699.4360961914062, 1096.343505859375]",1
frame_0015.png,extras,electric_wheelchair,power wheelchair,power wheelchair.,0.2,0.2,1,0.3216,"[418.02569580078125, 812.7738647460938, 701.2183837890625, 1097.04541015625]",1
frame_0015.png,extras,electric_wheelchair,wheelchair,wheelchair.,0.2,0.2,0,0.0,,0
frame_0015.png,extras,electric_wheelchair,mobility chair,mobility chair.,0.2,0.2,2,0.5454,"[417.9337463378906, 812.8666381835938, 699.5333251953125, 1096.6099853515625]",1
frame_0015.png,extras,electric_wheelchair,powered mobility scooter,powered mobility scooter.,0.2,0.2,1,0.697,"[415.1056213378906, 808.6326904296875, 703.0650634765625, 1100.2503662109375]",1
frame_0015.png,extras,electric_scooter,electric scooter,electric scooter.,0.2,0.2,0,0.0,,0
frame_0015.png,extras,electric_scooter,stand-up scooter,stand-up scooter.,0.2,0.2,1,0.6299,"[415.13739013671875, 807.14990234375, 705.92919921875, 1100.6114501953125]",1
frame_0015.png,extras,electric_scooter,kick scooter,kick scooter.,0.2,0.2,3,0.395,"[416.05194091796875, 811.29833984375, 701.9483642578125, 1098.3131103515625]",1
frame_0015.png,extras,electric_scooter,two-wheeled scooter,two-wheeled scooter.,0.2,0.2,3,0.4254,"[414.59002685546875, 808.2898559570312, 706.1296997070312, 1100.4022216796875]",1
frame_0015.png,extras,electric_scooter,scooter,scooter.,0.2,0.2,0,0.0,,0
frame_0015.png,extras,electric_scooter,electric kick scooter,electric kick scooter.,0.2,0.2,3,0.4856,"[416.2547302246094, 809.79248046875, 703.3353881835938, 1099.3153076171875]",1
frame_0015.png,extras,prohibition_sign,prohibition sign,prohibition sign.,0.2,0.2,3,0.3942,"[1.4615464210510254, 706.7470703125, 215.95724487304688, 848.4798583984375]",1
frame_0015.png,extras,prohibition_sign,no entry sign,no entry sign.,0.2,0.2,6,0.3448,"[1802.79638671875, 819.2244873046875, 1879.51318359375, 871.7052612304688]",1
frame_0015.png,extras,prohibition_sign,red prohibition sign,red prohibition sign.,0.2,0.2,3,0.4632,"[1.7154443264007568, 704.160888671875, 214.5017547607422, 848.0196533203125]",1
frame_0015.png,extras,prohibition_sign,do not enter sign,do not enter sign.,0.2,0.2,3,0.3082,"[1801.5692138671875, 819.3919677734375, 1880.95458984375, 873.8967895507812]",1
frame_0015.png,extras,prohibition_sign,stop sign,stop sign.,0.2,0.2,0,0.0,,0
frame_0015.png,extras,prohibition_sign,red circular sign,red circular sign.,0.2,0.2,1,0.6073,"[1144.5994873046875, 1647.1331787109375, 1692.200927734375, 1853.5697021484375]",1
frame_0015.png,extras,prohibition_sign,warning sign,warning sign.,0.2,0.2,4,0.3464,"[1806.4786376953125, 824.1741943359375, 1875.2877197265625, 868.69580078125]",1
frame_0015.png,extras,prohibition_sign,red sign on ground,red sign on ground.,0.2,0.2,6,0.5339,"[10.176258087158203, 978.0299072265625, 2870.42724609375, 1847.920654296875]",1
frame_0015.png,extras,pair_of_ramps,pair of ramps,pair of ramps.,0.18,0.18,8,0.3618,"[290.5033264160156, 678.1307983398438, 964.5425415039062, 1005.8238525390625]",1
frame_0015.png,extras,pair_of_ramps,loading ramps,loading ramps.,0.18,0.18,8,0.3231,"[417.6580505371094, 815.0347900390625, 697.1207275390625, 1095.697998046875]",1
frame_0015.png,extras,pair_of_ramps,metal ramps on ground,metal ramps on ground.,0.18,0.18,8,0.5438,"[9.522485733032227, 979.5516967773438, 2869.681884765625, 1847.2779541015625]",1
frame_0015.png,extras,pair_of_ramps,vehicle loading ramp,vehicle loading ramp.,0.18,0.18,4,0.4338,"[415.6449279785156, 811.3091430664062, 703.2531127929688, 1096.97607421875]",1
frame_0015.png,extras,pair_of_ramps,two metal ramps,two metal ramps.,0.18,0.18,3,0.4179,"[289.5578918457031, 677.6907348632812, 959.77685546875, 1101.9443359375]",1
frame_0015.png,extras,pair_of_ramps,ramp,ramp.,0.18,0.18,4,0.2851,"[419.28424072265625, 814.4562377929688, 697.0551147460938, 1094.3404541015625]",1
frame_0015.png,extras,pair_of_ramps,aluminum ramp,aluminum ramp.,0.18,0.18,8,0.3504,"[2245.41259765625, 1668.4271240234375, 2877.68505859375, 1854.07666015625]",1
frame_0015.png,extras,pair_of_ramps,incline ramp,incline ramp.,0.18,0.18,1,0.1957,"[2246.93017578125, 1670.316162109375, 2878.163818359375, 1854.1339111328125]",1
frame_0015.png,extras,trailer,trailer,trailer.,0.18,0.18,5,0.4411,"[418.7218322753906, 813.9691772460938, 697.9992065429688, 1095.146484375]",1
frame_0015.png,extras,trailer,cargo trailer,cargo trailer.,0.18,0.18,6,0.3861,"[417.3203125, 813.7125244140625, 698.785400390625, 1095.522216796875]",1
frame_0015.png,extras,trailer,vehicle trailer,vehicle trailer.,0.18,0.18,7,0.4551,"[417.8851318359375, 813.9024047851562, 698.838134765625, 1095.254150390625]",1
frame_0015.png,extras,trailer,wheeled trailer,wheeled trailer.,0.18,0.18,2,0.5907,"[416.8512878417969, 812.8554077148438, 699.3731079101562, 1096.7982177734375]",1
frame_0015.png,extras,trailer,small trailer,small trailer.,0.18,0.18,2,0.4833,"[415.4078369140625, 812.4058837890625, 702.2913208007812, 1098.036376953125]",1
frame_0015.png,extras,trailer,utility trailer,utility trailer.,0.18,0.18,5,0.4016,"[307.8159484863281, 767.6000366210938, 491.4411926269531, 983.5980834960938]",1
frame_0015.png,extras,trailer,open trailer,open trailer.,0.18,0.18,1,0.5946,"[417.0481872558594, 812.109375, 701.2813720703125, 1097.2867431640625]",1
frame_0015.png,extras,trailer,covered trailer,covered trailer.,0.18,0.18,4,0.44,"[293.5599365234375, 690.1000366210938, 958.0731201171875, 997.337158203125]",1
frame_0015.png,extras,trailer,container trailer,container trailer.,0.18,0.18,7,0.436,"[310.9004821777344, 769.4407348632812, 489.7268981933594, 981.976806640625]",1
frame_0016.png,production,trailer,ALL_GROUP,trailer. cargo trailer. vehicle trailer. wheeled trailer. flatbed trailer. black trailer. utility trailer.,0.2,0.2,7,0.3261,"[391.8513488769531, 1001.84326171875, 676.761962890625, 1098.7427978515625]",1
frame_0016.png,production,electric utility vehicle+electric wheelchair+electric scooter+trolley,ALL_GROUP,electric utility vehicle. small electric cart. utility vehicle. golf cart. electric cart. small white utility vehicle. electric wheelchair. motorized wheelchair. power wheelchair. mobility scooter wheelchair. electric scooter. mobility scooter. stand-up scooter. kick scooter. scooter. trolley. hand cart. hand truck. luggage cart. flatbed cart. push cart. utility cart.,0.22,0.22,1,0.2813,"[385.6462097167969, 808.9544067382812, 688.7147827148438, 1100.6004638671875]",1
frame_0016.png,production,pair of ramps,ALL_GROUP,pair of ramps. loading ramp. metal ramp. vehicle loading ramp. two metal ramps. aluminum ramp.,0.2,0.2,12,0.3962,"[280.1548767089844, 677.1478881835938, 967.8931884765625, 994.7307739257812]",1
frame_0016.png,production,portable power station+basketball,ALL_GROUP,portable power station. large power bank. battery box. power generator box. portable battery. power station. basketball. orange basketball. sports ball. rubber ball.,0.22,0.22,0,0.0,,0
frame_0016.png,production,rectangular table+umbrella,ALL_GROUP,rectangular table. outdoor table. picnic table. long rectangular table. folding table. work table. umbrella. outdoor umbrella. parasol. patio umbrella. hand umbrella.,0.24,0.24,1,0.3355,"[391.2041015625, 1000.8731079101562, 677.5621337890625, 1098.0047607421875]",1
frame_0016.png,production,cardboard box,ALL_GROUP,cardboard box. brown cardboard box. cardboard package. shipping box.,0.26,0.26,0,0.0,,0
frame_0016.png,production,chair,ALL_GROUP,chair. folding chair. outdoor chair. plastic chair. armless chair.,0.3,0.3,0,0.0,,0
frame_0016.png,production,traffic cone+prohibition sign,ALL_GROUP,traffic cone. road cone. safety cone. orange cone. construction cone. prohibition sign. no entry sign. red prohibition sign. do not enter sign. stop sign. red circular sign.,0.22,0.22,1,0.223,"[1812.6693115234375, 822.4110107421875, 1881.34619140625, 871.0194091796875]",1
frame_0016.png,extras,basketball,basketball,basketball.,0.18,0.18,0,0.0,,0
frame_0016.png,extras,basketball,orange basketball,orange basketball.,0.18,0.18,0,0.0,,0
frame_0016.png,extras,basketball,round orange ball,round orange ball.,0.18,0.18,1,0.7174,"[1147.825927734375, 1649.0615234375, 1688.048095703125, 1854.957275390625]",1
frame_0016.png,extras,basketball,rubber ball on ground,rubber ball on ground.,0.18,0.18,2,0.6063,"[1142.908203125, 1641.197265625, 1690.8968505859375, 1852.2899169921875]",1
frame_0016.png,extras,basketball,sports ball,sports ball.,0.18,0.18,1,0.4,"[1152.9759521484375, 1659.112548828125, 1689.8646240234375, 1857.3807373046875]",1
frame_0016.png,extras,basketball,ball,ball.,0.18,0.18,1,0.3241,"[1152.2081298828125, 1659.0579833984375, 1690.8382568359375, 1857.0030517578125]",1
frame_0016.png,extras,umbrella,umbrella,umbrella.,0.2,0.2,3,0.3308,"[1052.305908203125, 869.4942626953125, 1178.9918212890625, 910.4683837890625]",1
frame_0016.png,extras,umbrella,outdoor umbrella,outdoor umbrella.,0.2,0.2,1,0.2035,"[1049.8660888671875, 864.3804321289062, 1180.5452880859375, 914.61474609375]",1
frame_0016.png,extras,umbrella,patio umbrella,patio umbrella.,0.2,0.2,2,0.2824,"[1050.7978515625, 864.6927490234375, 1179.8934326171875, 914.3884887695312]",1
frame_0016.png,extras,umbrella,open umbrella,open umbrella.,0.2,0.2,7,0.3175,"[1149.8814697265625, 1652.455322265625, 1690.90576171875, 1854.58544921875]",1
frame_0016.png,extras,umbrella,parasol,parasol.,0.2,0.2,0,0.0,,0
frame_0016.png,extras,umbrella,shade umbrella,shade umbrella.,0.2,0.2,5,0.3045,"[1.8024873733520508, 1737.8260498046875, 454.8471984863281, 1855.0341796875]",1
frame_0016.png,extras,umbrella,folded umbrella,folded umbrella.,0.2,0.2,4,0.3457,"[1.1647868156433105, 1738.227294921875, 455.7171936035156, 1854.7362060546875]",1
frame_0016.png,extras,electric_wheelchair,electric wheelchair,electric wheelchair.,0.2,0.2,0,0.0,,0
frame_0016.png,extras,electric_wheelchair,motorized wheelchair,motorized wheelchair.,0.2,0.2,2,0.318,"[384.64752197265625, 809.3509521484375, 686.6149291992188, 1098.5364990234375]",1
frame_0016.png,extras,electric_wheelchair,power wheelchair,power wheelchair.,0.2,0.2,1,0.2914,"[383.9319152832031, 808.9443969726562, 688.82373046875, 1099.927001953125]",1
frame_0016.png,extras,electric_wheelchair,wheelchair,wheelchair.,0.2,0.2,0,0.0,,0
frame_0016.png,extras,electric_wheelchair,mobility chair,mobility chair.,0.2,0.2,4,0.4515,"[386.53851318359375, 809.6531372070312, 687.227783203125, 1098.768310546875]",1
frame_0016.png,extras,electric_wheelchair,powered mobility scooter,powered mobility scooter.,0.2,0.2,1,0.7051,"[378.8972473144531, 805.7290649414062, 689.5602416992188, 1102.890625]",1
frame_0016.png,extras,electric_scooter,electric scooter,electric scooter.,0.2,0.2,0,0.0,,0
frame_0016.png,extras,electric_scooter,stand-up scooter,stand-up scooter.,0.2,0.2,1,0.6343,"[381.5687255859375, 804.2283935546875, 692.00341796875, 1102.4891357421875]",1
frame_0016.png,extras,electric_scooter,kick scooter,kick scooter.,0.2,0.2,3,0.3992,"[382.0257568359375, 808.4461059570312, 686.3251342773438, 1101.0897216796875]",1
frame_0016.png,extras,electric_scooter,two-wheeled scooter,two-wheeled scooter.,0.2,0.2,3,0.5234,"[378.0099792480469, 804.7022094726562, 691.524169921875, 1102.5682373046875]",1
frame_0016.png,extras,electric_scooter,scooter,scooter.,0.2,0.2,0,0.0,,0
frame_0016.png,extras,electric_scooter,electric kick scooter,electric kick scooter.,0.2,0.2,3,0.4661,"[379.9119567871094, 806.6978759765625, 689.1747436523438, 1102.097412109375]",1
frame_0016.png,extras,prohibition_sign,prohibition sign,prohibition sign.,0.2,0.2,3,0.3935,"[1.3209664821624756, 694.6243286132812, 213.3632049560547, 843.6929321289062]",1
frame_0016.png,extras,prohibition_sign,no entry sign,no entry sign.,0.2,0.2,6,0.3211,"[2.255244255065918, 694.0655517578125, 214.19467163085938, 846.0509643554688]",1
frame_0016.png,extras,prohibition_sign,red prohibition sign,red prohibition sign.,0.2,0.2,3,0.4558,"[1.6960680484771729, 695.4967041015625, 211.81834411621094, 842.8565673828125]",1
frame_0016.png,extras,prohibition_sign,do not enter sign,do not enter sign.,0.2,0.2,3,0.3326,"[2.5114381313323975, 695.6170654296875, 208.49501037597656, 842.84130859375]",1
frame_0016.png,extras,prohibition_sign,stop sign,stop sign.,0.2,0.2,0,0.0,,0
frame_0016.png,extras,prohibition_sign,red circular sign,red circular sign.,0.2,0.2,1,0.6066,"[1143.9466552734375, 1646.7781982421875, 1694.1666259765625, 1853.6751708984375]",1
frame_0016.png,extras,prohibition_sign,warning sign,warning sign.,0.2,0.2,4,0.3007,"[1.2117362022399902, 537.7854614257812, 236.8249969482422, 991.449951171875]",1
frame_0016.png,extras,prohibition_sign,red sign on ground,red sign on ground.,0.2,0.2,4,0.533,"[10.37435531616211, 979.0075073242188, 2870.33984375, 1847.7357177734375]",1
frame_0016.png,extras,pair_of_ramps,pair of ramps,pair of ramps.,0.18,0.18,8,0.385,"[280.7450866699219, 671.01171875, 953.9725952148438, 1105.110107421875]",1
frame_0016.png,extras,pair_of_ramps,loading ramps,loading ramps.,0.18,0.18,9,0.308,"[2248.632568359375, 1671.409423828125, 2878.418212890625, 1855.3773193359375]",1
frame_0016.png,extras,pair_of_ramps,metal ramps on ground,metal ramps on ground.,0.18,0.18,8,0.5601,"[9.551582336425781, 980.7682495117188, 2869.616943359375, 1846.9840087890625]",1
frame_0016.png,extras,pair_of_ramps,vehicle loading ramp,vehicle loading ramp.,0.18,0.18,8,0.3614,"[388.164306640625, 807.8655395507812, 689.9883422851562, 1098.65478515625]",1
frame_0016.png,extras,pair_of_ramps,two metal ramps,two metal ramps.,0.18,0.18,4,0.4811,"[284.0726623535156, 673.8470458984375, 954.6625366210938, 1106.1170654296875]",1
frame_0016.png,extras,pair_of_ramps,ramp,ramp.,0.18,0.18,5,0.3093,"[2251.12353515625, 1672.261474609375, 2878.26513671875, 1854.6597900390625]",1
frame_0016.png,extras,pair_of_ramps,aluminum ramp,aluminum ramp.,0.18,0.18,8,0.365,"[689.8052978515625, 933.2584228515625, 862.2451171875, 1013.1532592773438]",1
frame_0016.png,extras,pair_of_ramps,incline ramp,incline ramp.,0.18,0.18,1,0.202,"[2250.77587890625, 1671.7857666015625, 2878.19482421875, 1853.88916015625]",1
frame_0016.png,extras,trailer,trailer,trailer.,0.18,0.18,5,0.3489,"[391.4425354003906, 811.1797485351562, 684.3692016601562, 1097.569580078125]",1
frame_0016.png,extras,trailer,cargo trailer,cargo trailer.,0.18,0.18,7,0.3479,"[301.148681640625, 769.0984497070312, 483.5879211425781, 979.3712158203125]",1
frame_0016.png,extras,trailer,vehicle trailer,vehicle trailer.,0.18,0.18,8,0.385,"[302.388427734375, 769.3380737304688, 482.89886474609375, 980.0576171875]",1
frame_0016.png,extras,trailer,wheeled trailer,wheeled trailer.,0.18,0.18,3,0.4558,"[387.38720703125, 810.04541015625, 687.3806762695312, 1098.9095458984375]",1
frame_0016.png,extras,trailer,small trailer,small trailer.,0.18,0.18,3,0.402,"[386.9550476074219, 809.1105346679688, 691.4405517578125, 1100.178955078125]",1
frame_0016.png,extras,trailer,utility trailer,utility trailer.,0.18,0.18,5,0.342,"[301.3011779785156, 767.51708984375, 484.2261047363281, 980.1175537109375]",1
frame_0016.png,extras,trailer,open trailer,open trailer.,0.18,0.18,5,0.4609,"[387.5818176269531, 809.3469848632812, 689.46826171875, 1099.24365234375]",1
frame_0016.png,extras,trailer,covered trailer,covered trailer.,0.18,0.18,6,0.4186,"[283.2890930175781, 685.6564331054688, 959.33349609375, 998.25439453125]",1
frame_0016.png,extras,trailer,container trailer,container trailer.,0.18,0.18,8,0.4253,"[304.1447448730469, 769.2920532226562, 483.007568359375, 978.20458984375]",1
frame_0017.png,production,trailer,ALL_GROUP,trailer. cargo trailer. vehicle trailer. wheeled trailer. flatbed trailer. black trailer. utility trailer.,0.2,0.2,5,0.3287,"[331.74017333984375, 995.9684448242188, 622.5362548828125, 1104.172607421875]",1
frame_0017.png,production,electric utility vehicle+electric wheelchair+electric scooter+trolley,ALL_GROUP,electric utility vehicle. small electric cart. utility vehicle. golf cart. electric cart. small white utility vehicle. electric wheelchair. motorized wheelchair. power wheelchair. mobility scooter wheelchair. electric scooter. mobility scooter. stand-up scooter. kick scooter. scooter. trolley. hand cart. hand truck. luggage cart. flatbed cart. push cart. utility cart.,0.22,0.22,3,0.3099,"[331.3902587890625, 791.8618774414062, 630.482177734375, 1106.4420166015625]",1
frame_0017.png,production,pair of ramps,ALL_GROUP,pair of ramps. loading ramp. metal ramp. vehicle loading ramp. two metal ramps. aluminum ramp.,0.2,0.2,10,0.383,"[245.0553741455078, 665.2841186523438, 946.1008911132812, 999.816650390625]",1
frame_0017.png,production,portable power station+basketball,ALL_GROUP,portable power station. large power bank. battery box. power generator box. portable battery. power station. basketball. orange basketball. sports ball. rubber ball.,0.22,0.22,0,0.0,,0
frame_0017.png,production,rectangular table+umbrella,ALL_GROUP,rectangular table. outdoor table. picnic table. long rectangular table. folding table. work table. umbrella. outdoor umbrella. parasol. patio umbrella. hand umbrella.,0.24,0.24,1,0.3359,"[331.4559631347656, 996.15380859375, 622.7183227539062, 1103.6148681640625]",1
frame_0017.png,production,cardboard box,ALL_GROUP,cardboard box. brown cardboard box. cardboard package. shipping box.,0.26,0.26,0,0.0,,0
frame_0017.png,production,chair,ALL_GROUP,chair. folding chair. outdoor chair. plastic chair. armless chair.,0.3,0.3,0,0.0,,0
frame_0017.png,production,traffic cone+prohibition sign,ALL_GROUP,traffic cone. road cone. safety cone. orange cone. construction cone. prohibition sign. no entry sign. red prohibition sign. do not enter sign. stop sign. red circular sign.,0.22,0.22,1,0.2524,"[1817.8358154296875, 823.1622314453125, 1898.28662109375, 874.89111328125]",1
frame_0017.png,extras,basketball,basketball,basketball.,0.18,0.18,0,0.0,,0
frame_0017.png,extras,basketball,orange basketball,orange basketball.,0.18,0.18,0,0.0,,0
frame_0017.png,extras,basketball,round orange ball,round orange ball.,0.18,0.18,1,0.5752,"[1154.683837890625, 1652.1583251953125, 1688.3946533203125, 1855.1805419921875]",1
frame_0017.png,extras,basketball,rubber ball on ground,rubber ball on ground.,0.18,0.18,4,0.5467,"[11.336688995361328, 974.0081787109375, 2870.067138671875, 1848.8446044921875]",1
frame_0017.png,extras,basketball,sports ball,sports ball.,0.18,0.18,1,0.295,"[1161.1728515625, 1660.6549072265625, 1694.1881103515625, 1857.019287109375]",1
frame_0017.png,extras,basketball,ball,ball.,0.18,0.18,1,0.2679,"[1160.3507080078125, 1660.36474609375, 1695.0438232421875, 1856.6456298828125]",1
frame_0017.png,extras,umbrella,umbrella,umbrella.,0.2,0.2,4,0.3959,"[1042.5367431640625, 868.0045776367188, 1177.4334716796875, 907.4883422851562]",1
frame_0017.png,extras,umbrella,outdoor umbrella,outdoor umbrella.,0.2,0.2,1,0.3091,"[1045.286376953125, 862.1692504882812, 1179.7333984375, 912.0573120117188]",1
frame_0017.png,extras,umbrella,patio umbrella,patio umbrella.,0.2,0.2,1,0.3951,"[1046.1461181640625, 862.66455078125, 1179.076171875, 911.8834228515625]",1
frame_0017.png,extras,umbrella,open umbrella,open umbrella.,0.2,0.2,4,0.3122,"[1043.700439453125, 859.169189453125, 1180.85107421875, 912.4944458007812]",1
frame_0017.png,extras,umbrella,parasol,parasol.,0.2,0.2,0,0.0,,0
frame_0017.png,extras,umbrella,shade umbrella,shade umbrella.,0.2,0.2,5,0.3397,"[1048.7874755859375, 863.3600463867188, 1179.2686767578125, 911.8955688476562]",1
frame_0017.png,extras,umbrella,folded umbrella,folded umbrella.,0.2,0.2,4,0.3215,"[1046.979248046875, 865.7286376953125, 1179.0384521484375, 911.2468872070312]",1
frame_0017.png,extras,electric_wheelchair,electric wheelchair,electric wheelchair.,0.2,0.2,0,0.0,,0
frame_0017.png,extras,electric_wheelchair,motorized wheelchair,motorized wheelchair.,0.2,0.2,1,0.2371,"[332.5728759765625, 793.4359741210938, 627.2409057617188, 1103.205078125]",1
frame_0017.png,extras,electric_wheelchair,power wheelchair,power wheelchair.,0.2,0.2,1,0.2377,"[333.0118713378906, 793.06689453125, 628.20263671875, 1104.8951416015625]",1
frame_0017.png,extras,electric_wheelchair,wheelchair,wheelchair.,0.2,0.2,0,0.0,,0
frame_0017.png,extras,electric_wheelchair,mobility chair,mobility chair.,0.2,0.2,2,0.4284,"[330.7758483886719, 792.6962280273438, 626.1049194335938, 1104.146728515625]",1
frame_0017.png,extras,electric_wheelchair,powered mobility scooter,powered mobility scooter.,0.2,0.2,1,0.7712,"[328.3982849121094, 788.6784057617188, 629.8224487304688, 1108.5186767578125]",1
frame_0017.png,extras,electric_scooter,electric scooter,electric scooter.,0.2,0.2,0,0.0,,0
frame_0017.png,extras,electric_scooter,stand-up scooter,stand-up scooter.,0.2,0.2,1,0.6959,"[329.48834228515625, 786.9605712890625, 630.7159423828125, 1108.5416259765625]",1
frame_0017.png,extras,electric_scooter,kick scooter,kick scooter.,0.2,0.2,3,0.3908,"[1152.5234375, 1653.8604736328125, 2876.753173828125, 1853.2796630859375]",1
frame_0017.png,extras,electric_scooter,two-wheeled scooter,two-wheeled scooter.,0.2,0.2,3,0.5011,"[328.674072265625, 788.0265502929688, 632.5465698242188, 1108.7818603515625]",1
frame_0017.png,extras,electric_scooter,scooter,scooter.,0.2,0.2,0,0.0,,0
frame_0017.png,extras,electric_scooter,electric kick scooter,electric kick scooter.,0.2,0.2,2,0.4262,"[328.7958679199219, 789.5108032226562, 630.5634155273438, 1107.8316650390625]",1
frame_0017.png,extras,prohibition_sign,prohibition sign,prohibition sign.,0.2,0.2,3,0.3795,"[1.6364479064941406, 686.9620361328125, 193.40370178222656, 832.4251098632812]",1
frame_0017.png,extras,prohibition_sign,no entry sign,no entry sign.,0.2,0.2,5,0.3324,"[2.3195314407348633, 685.3775634765625, 194.29261779785156, 834.3614501953125]",1
frame_0017.png,extras,prohibition_sign,red prohibition sign,red prohibition sign.,0.2,0.2,4,0.3957,"[1.9571006298065186, 686.6941528320312, 191.12240600585938, 831.9124145507812]",1
frame_0017.png,extras,prohibition_sign,do not enter sign,do not enter sign.,0.2,0.2,3,0.2961,"[1816.1358642578125, 821.7144775390625, 1900.7178955078125, 877.64697265625]",1
frame_0017.png,extras,prohibition_sign,stop sign,stop sign.,0.2,0.2,0,0.0,,0
frame_0017.png,extras,prohibition_sign,red circular sign,red circular sign.,0.2,0.2,4,0.4674,"[1151.038330078125, 1650.5499267578125, 1696.08837890625, 1854.0595703125]",1
frame_0017.png,extras,prohibition_sign,warning sign,warning sign.,0.2,0.2,3,0.3262,"[1822.2794189453125, 826.525390625, 1894.7537841796875, 873.26123046875]",1
frame_0017.png,extras,prohibition_sign,red sign on ground,red sign on ground.,0.2,0.2,5,0.5344,"[10.163125991821289, 975.355712890625, 2870.381103515625, 1848.3314208984375]",1
frame_0017.png,extras,pair_of_ramps,pair of ramps,pair of ramps.,0.18,0.18,6,0.4816,"[245.54312133789062, 660.8155517578125, 936.9094848632812, 1107.868896484375]",1
frame_0017.png,extras,pair_of_ramps,loading ramps,loading ramps.,0.18,0.18,10,0.3059,"[331.0528869628906, 996.4150390625, 622.7940673828125, 1104.6134033203125]",1
frame_0017.png,extras,pair_of_ramps,metal ramps on ground,metal ramps on ground.,0.18,0.18,8,0.5184,"[9.443349838256836, 969.6248168945312, 2869.773193359375, 1847.69140625]",1
frame_0017.png,extras,pair_of_ramps,vehicle loading ramp,vehicle loading ramp.,0.18,0.18,6,0.3677,"[329.9716796875, 993.9404296875, 624.2903442382812, 1102.791748046875]",1
frame_0017.png,extras,pair_of_ramps,two metal ramps,two metal ramps.,0.18,0.18,1,0.6144,"[246.1862335205078, 662.0076904296875, 935.810791015625, 1108.9681396484375]",1
frame_0017.png,extras,pair_of_ramps,ramp,ramp.,0.18,0.18,6,0.3119,"[2244.46484375, 1670.536865234375, 2878.29541015625, 1854.87353515625]",1
frame_0017.png,extras,pair_of_ramps,aluminum ramp,aluminum ramp.,0.18,0.18,9,0.3733,"[330.34759521484375, 995.510498046875, 623.4927978515625, 1105.3292236328125]",1
frame_0017.png,extras,pair_of_ramps,incline ramp,incline ramp.,0.18,0.18,1,0.1954,"[2245.025634765625, 1670.0670166015625, 2878.250732421875, 1854.1253662109375]",1
frame_0017.png,extras,trailer,trailer,trailer.,0.18,0.18,5,0.4519,"[331.2293701171875, 793.9564208984375, 625.8060302734375, 1103.3179931640625]",1
frame_0017.png,extras,trailer,cargo trailer,cargo trailer.,0.18,0.18,8,0.3974,"[1.0524237155914307, 521.0390014648438, 217.90347290039062, 982.7525024414062]",1
frame_0017.png,extras,trailer,vehicle trailer,vehicle trailer.,0.18,0.18,7,0.4864,"[331.4518127441406, 794.2744140625, 625.18212890625, 1104.1993408203125]",1
frame_0017.png,extras,trailer,wheeled trailer,wheeled trailer.,0.18,0.18,2,0.5434,"[330.3263244628906, 793.5068969726562, 626.3259887695312, 1105.31591796875]",1
frame_0017.png,extras,trailer,small trailer,small trailer.,0.18,0.18,3,0.4599,"[330.0304870605469, 994.572021484375, 624.042236328125, 1106.254150390625]",1
frame_0017.png,extras,trailer,utility trailer,utility trailer.,0.18,0.18,5,0.4068,"[1.2133991718292236, 520.1636962890625, 217.95030212402344, 983.0242309570312]",1
frame_0017.png,extras,trailer,open trailer,open trailer.,0.18,0.18,4,0.5179,"[330.05059814453125, 792.0984497070312, 627.8817138671875, 1105.0247802734375]",1
frame_0017.png,extras,trailer,covered trailer,covered trailer.,0.18,0.18,6,0.3583,"[1.0395598411560059, 520.4430541992188, 218.7493438720703, 984.1398315429688]",1
frame_0017.png,extras,trailer,container trailer,container trailer.,0.18,0.18,7,0.4496,"[1.2008249759674072, 521.5359497070312, 216.89810180664062, 981.5201416015625]",1
frame_0018.png,production,trailer,ALL_GROUP,trailer. cargo trailer. vehicle trailer. wheeled trailer. flatbed trailer. black trailer. utility trailer.,0.2,0.2,7,0.3487,"[202.3719024658203, 757.967529296875, 513.2992553710938, 1134.09326171875]",1
frame_0018.png,production,electric utility vehicle+electric wheelchair+electric scooter+trolley,ALL_GROUP,electric utility vehicle. small electric cart. utility vehicle. golf cart. electric cart. small white utility vehicle. electric wheelchair. motorized wheelchair. power wheelchair. mobility scooter wheelchair. electric scooter. mobility scooter. stand-up scooter. kick scooter. scooter. trolley. hand cart. hand truck. luggage cart. flatbed cart. push cart. utility cart.,0.22,0.22,2,0.3163,"[252.18898010253906, 759.9525146484375, 502.7284851074219, 1007.2744140625]",1
frame_0018.png,production,pair of ramps,ALL_GROUP,pair of ramps. loading ramp. metal ramp. vehicle loading ramp. two metal ramps. aluminum ramp.,0.2,0.2,13,0.3927,"[187.29136657714844, 649.9757690429688, 918.226806640625, 1003.8609008789062]",1
frame_0018.png,production,portable power station+basketball,ALL_GROUP,portable power station. large power bank. battery box. power generator box. portable battery. power station. basketball. orange basketball. sports ball. rubber ball.,0.22,0.22,0,0.0,,0
frame_0018.png,production,rectangular table+umbrella,ALL_GROUP,rectangular table. outdoor table. picnic table. long rectangular table. folding table. work table. umbrella. outdoor umbrella. parasol. patio umbrella. hand umbrella.,0.24,0.24,2,0.3148,"[201.96182250976562, 1012.37353515625, 510.6314697265625, 1132.5045166015625]",1
frame_0018.png,production,cardboard box,ALL_GROUP,cardboard box. brown cardboard box. cardboard package. shipping box.,0.26,0.26,0,0.0,,0
frame_0018.png,production,chair,ALL_GROUP,chair. folding chair. outdoor chair. plastic chair. armless chair.,0.3,0.3,0,0.0,,0
frame_0018.png,production,traffic cone+prohibition sign,ALL_GROUP,traffic cone. road cone. safety cone. orange cone. construction cone. prohibition sign. no entry sign. red prohibition sign. do not enter sign. stop sign. red circular sign.,0.22,0.22,0,0.0,,0
frame_0018.png,extras,basketball,basketball,basketball.,0.18,0.18,0,0.0,,0
frame_0018.png,extras,basketball,orange basketball,orange basketball.,0.18,0.18,0,0.0,,0
frame_0018.png,extras,basketball,round orange ball,round orange ball.,0.18,0.18,1,0.578,"[1151.7279052734375, 1651.582275390625, 1687.21142578125, 1856.539306640625]",1
frame_0018.png,extras,basketball,rubber ball on ground,rubber ball on ground.,0.18,0.18,3,0.5087,"[1145.238525390625, 1643.2305908203125, 1689.9312744140625, 1853.48046875]",1
frame_0018.png,extras,basketball,sports ball,sports ball.,0.18,0.18,1,0.2932,"[1154.941162109375, 1660.365966796875, 1692.989013671875, 1857.2972412109375]",1
frame_0018.png,extras,basketball,ball,ball.,0.18,0.18,1,0.2505,"[1154.0579833984375, 1660.03515625, 1693.7352294921875, 1856.9393310546875]",1
frame_0018.png,extras,umbrella,umbrella,umbrella.,0.2,0.2,3,0.3814,"[1040.2559814453125, 861.1028442382812, 1170.989501953125, 900.1554565429688]",1
frame_0018.png,extras,umbrella,outdoor umbrella,outdoor umbrella.,0.2,0.2,2,0.3452,"[1040.1336669921875, 855.4596557617188, 1173.1641845703125, 905.7238159179688]",1
frame_0018.png,extras,umbrella,patio umbrella,patio umbrella.,0.2,0.2,3,0.4048,"[1040.5621337890625, 856.3350219726562, 1172.8248291015625, 904.7350463867188]",1
frame_0018.png,extras,umbrella,open umbrella,open umbrella.,0.2,0.2,5,0.3187,"[1151.015625, 1653.384765625, 1691.177978515625, 1854.7684326171875]",1
frame_0018.png,extras,umbrella,parasol,parasol.,0.2,0.2,0,0.0,,0
frame_0018.png,extras,umbrella,shade umbrella,shade umbrella.,0.2,0.2,4,0.3526,"[1546.662841796875, 0.44103339314460754, 1781.6668701171875, 149.78179931640625]",1
frame_0018.png,extras,umbrella,folded umbrella,folded umbrella.,0.2,0.2,5,0.3399,"[1.2266278266906738, 1738.0826416015625, 447.5881652832031, 1854.7384033203125]",1
frame_0018.png,extras,electric_wheelchair,electric wheelchair,electric wheelchair.,0.2,0.2,0,0.0,,0
frame_0018.png,extras,electric_wheelchair,motorized wheelchair,motorized wheelchair.,0.2,0.2,2,0.2912,"[203.5679473876953, 754.6277465820312, 514.6809692382812, 1133.6148681640625]",1
frame_0018.png,extras,electric_wheelchair,power wheelchair,power wheelchair.,0.2,0.2,3,0.3138,"[203.52627563476562, 751.7733154296875, 513.6815185546875, 1134.4144287109375]",1
frame_0018.png,extras,electric_wheelchair,wheelchair,wheelchair.,0.2,0.2,0,0.0,,0
frame_0018.png,extras,electric_wheelchair,mobility chair,mobility chair.,0.2,0.2,3,0.3402,"[193.7954559326172, 661.8285522460938, 517.8333740234375, 1133.9833984375]",1
frame_0018.png,extras,electric_wheelchair,powered mobility scooter,powered mobility scooter.,0.2,0.2,1,0.769,"[199.39112854003906, 750.0901489257812, 519.0113525390625, 1137.775146484375]",1
frame_0018.png,extras,electric_scooter,electric scooter,electric scooter.,0.2,0.2,0,0.0,,0
frame_0018.png,extras,electric_scooter,stand-up scooter,stand-up scooter.,0.2,0.2,1,0.7296,"[201.77374267578125, 750.9721069335938, 520.1571655273438, 1137.14111328125]",1
frame_0018.png,extras,electric_scooter,kick scooter,kick scooter.,0.2,0.2,3,0.3394,"[1146.309814453125, 1652.763671875, 2876.514892578125, 1853.4454345703125]",1
frame_0018.png,extras,electric_scooter,two-wheeled scooter,two-wheeled scooter.,0.2,0.2,2,0.5439,"[201.50355529785156, 753.044921875, 521.1010131835938, 1137.31689453125]",1
frame_0018.png,extras,electric_scooter,scooter,scooter.,0.2,0.2,0,0.0,,0
frame_0018.png,extras,electric_scooter,electric kick scooter,electric kick scooter.,0.2,0.2,3,0.4279,"[201.35801696777344, 754.2621459960938, 517.8394775390625, 1135.97705078125]",1
frame_0018.png,extras,prohibition_sign,prohibition sign,prohibition sign.,0.2,0.2,5,0.3401,"[1850.0389404296875, 804.377685546875, 1924.6357421875, 856.8834838867188]",1
frame_0018.png,extras,prohibition_sign,no entry sign,no entry sign.,0.2,0.2,7,0.3278,"[2.269524335861206, 690.8347778320312, 142.85623168945312, 834.7920532226562]",1
frame_0018.png,extras,prohibition_sign,red prohibition sign,red prohibition sign.,0.2,0.2,5,0.3472,"[1.527126431465149, 700.0750122070312, 129.57940673828125, 800.1631469726562]",1
frame_0018.png,extras,prohibition_sign,do not enter sign,do not enter sign.,0.2,0.2,4,0.2881,"[1846.0562744140625, 800.6640014648438, 1928.129638671875, 860.2340087890625]",1
frame_0018.png,extras,prohibition_sign,stop sign,stop sign.,0.2,0.2,0,0.0,,0
frame_0018.png,extras,prohibition_sign,red circular sign,red circular sign.,0.2,0.2,1,0.5887,"[1143.51318359375, 1647.520751953125, 1696.3841552734375, 1855.3111572265625]",1
frame_0018.png,extras,prohibition_sign,warning sign,warning sign.,0.2,0.2,5,0.2985,"[1851.20654296875, 805.1522827148438, 1923.8804931640625, 855.7661743164062]",1
frame_0018.png,extras,prohibition_sign,red sign on ground,red sign on ground.,0.2,0.2,5,0.5384,"[10.315132141113281, 975.8997192382812, 2870.279052734375, 1848.1767578125]",1
frame_0018.png,extras,pair_of_ramps,pair of ramps,pair of ramps.,0.18,0.18,7,0.4093,"[178.74850463867188, 645.3160400390625, 911.4999389648438, 1133.3441162109375]",1
frame_0018.png,extras,pair_of_ramps,loading ramps,loading ramps.,0.18,0.18,11,0.306,"[202.251220703125, 1010.4453735351562, 510.81060791015625, 1134.321533203125]",1
frame_0018.png,extras,pair_of_ramps,metal ramps on ground,metal ramps on ground.,0.18,0.18,9,0.5379,"[9.37631607055664, 976.8798828125, 2869.5302734375, 1847.3602294921875]",1
frame_0018.png,extras,pair_of_ramps,vehicle loading ramp,vehicle loading ramp.,0.18,0.18,9,0.4287,"[204.7022705078125, 756.9501953125, 516.6961669921875, 1133.569580078125]",1
frame_0018.png,extras,pair_of_ramps,two metal ramps,two metal ramps.,0.18,0.18,2,0.4864,"[178.225830078125, 645.6402587890625, 912.8162231445312, 1135.509765625]",1
frame_0018.png,extras,pair_of_ramps,ramp,ramp.,0.18,0.18,9,0.3424,"[2247.70068359375, 1670.77099609375, 2878.064697265625, 1854.993408203125]",1
frame_0018.png,extras,pair_of_ramps,aluminum ramp,aluminum ramp.,0.18,0.18,11,0.3231,"[201.4774932861328, 1007.0084838867188, 511.5107727050781, 1134.5118408203125]",1
frame_0018.png,extras,pair_of_ramps,incline ramp,incline ramp.,0.18,0.18,1,0.2517,"[2247.689208984375, 1670.4298095703125, 2878.13671875, 1854.2144775390625]",1
frame_0018.png,extras,trailer,trailer,trailer.,0.18,0.18,4,0.4548,"[192.51858520507812, 660.8491821289062, 524.7492065429688, 1134.00732421875]",1
frame_0018.png,extras,trailer,cargo trailer,cargo trailer.,0.18,0.18,5,0.4514,"[189.62913513183594, 657.725830078125, 908.6992797851562, 1008.0917358398438]",1
frame_0018.png,extras,trailer,vehicle trailer,vehicle trailer.,0.18,0.18,6,0.4864,"[256.022216796875, 758.8986206054688, 499.9851379394531, 1006.6917114257812]",1
frame_0018.png,extras,trailer,wheeled trailer,wheeled trailer.,0.18,0.18,2,0.5931,"[201.54539489746094, 757.1506958007812, 514.4364624023438, 1134.5260009765625]",1
frame_0018.png,extras,trailer,small trailer,small trailer.,0.18,0.18,2,0.5582,"[202.36631774902344, 755.3222045898438, 516.3699340820312, 1134.86572265625]",1
frame_0018.png,extras,trailer,utility trailer,utility trailer.,0.18,0.18,5,0.4899,"[202.8673553466797, 754.029296875, 514.9009399414062, 1134.4140625]",1
frame_0018.png,extras,trailer,open trailer,open trailer.,0.18,0.18,4,0.5393,"[203.17385864257812, 755.1995239257812, 515.1004638671875, 1134.1849365234375]",1
frame_0018.png,extras,trailer,covered trailer,covered trailer.,0.18,0.18,5,0.4072,"[189.9449005126953, 657.44384765625, 911.25, 1008.5450439453125]",1
frame_0018.png,extras,trailer,container trailer,container trailer.,0.18,0.18,7,0.4303,"[257.7969055175781, 757.7479248046875, 498.58038330078125, 1006.1624755859375]",1
frame_0019.png,production,trailer,ALL_GROUP,trailer. cargo trailer. vehicle trailer. wheeled trailer. flatbed trailer. black trailer. utility trailer.,0.2,0.2,4,0.2967,"[102.21070098876953, 622.7583618164062, 837.5792846679688, 1028.16259765625]",1
frame_0019.png,production,electric utility vehicle+electric wheelchair+electric scooter+trolley,ALL_GROUP,electric utility vehicle. small electric cart. utility vehicle. golf cart. electric cart. small white utility vehicle. electric wheelchair. motorized wheelchair. power wheelchair. mobility scooter wheelchair. electric scooter. mobility scooter. stand-up scooter. kick scooter. scooter. trolley. hand cart. hand truck. luggage cart. flatbed cart. push cart. utility cart.,0.22,0.22,3,0.269,"[0.6119459867477417, 728.3422241210938, 157.2216033935547, 1194.5872802734375]",1
frame_0019.png,production,pair of ramps,ALL_GROUP,pair of ramps. loading ramp. metal ramp. vehicle loading ramp. two metal ramps. aluminum ramp.,0.2,0.2,12,0.3779,"[97.7770767211914, 617.301025390625, 847.238525390625, 1030.57568359375]",1
frame_0019.png,production,portable power station+basketball,ALL_GROUP,portable power station. large power bank. battery box. power generator box. portable battery. power station. basketball. orange basketball. sports ball. rubber ball.,0.22,0.22,0,0.0,,0
frame_0019.png,production,rectangular table+umbrella,ALL_GROUP,rectangular table. outdoor table. picnic table. long rectangular table. folding table. work table. umbrella. outdoor umbrella. parasol. patio umbrella. hand umbrella.,0.24,0.24,0,0.0,,0
frame_0019.png,production,cardboard box,ALL_GROUP,cardboard box. brown cardboard box. cardboard package. shipping box.,0.26,0.26,0,0.0,,0
frame_0019.png,production,chair,ALL_GROUP,chair. folding chair. outdoor chair. plastic chair. armless chair.,0.3,0.3,0,0.0,,0
frame_0019.png,production,traffic cone+prohibition sign,ALL_GROUP,traffic cone. road cone. safety cone. orange cone. construction cone. prohibition sign. no entry sign. red prohibition sign. do not enter sign. stop sign. red circular sign.,0.22,0.22,3,0.2803,"[1910.2799072265625, 783.9959106445312, 1998.0157470703125, 844.3646240234375]",1
frame_0019.png,extras,basketball,basketball,basketball.,0.18,0.18,0,0.0,,0
frame_0019.png,extras,basketball,orange basketball,orange basketball.,0.18,0.18,0,0.0,,0
frame_0019.png,extras,basketball,round orange ball,round orange ball.,0.18,0.18,1,0.7671,"[1151.565673828125, 1649.57421875, 1693.9573974609375, 1854.9443359375]",1
frame_0019.png,extras,basketball,rubber ball on ground,rubber ball on ground.,0.18,0.18,2,0.6179,"[1146.221435546875, 1642.5582275390625, 1695.3409423828125, 1852.580810546875]",1
frame_0019.png,extras,basketball,sports ball,sports ball.,0.18,0.18,1,0.451,"[1157.5650634765625, 1659.3294677734375, 1693.224365234375, 1857.2086181640625]",1
frame_0019.png,extras,basketball,ball,ball.,0.18,0.18,1,0.3852,"[1157.3914794921875, 1659.3555908203125, 1693.215576171875, 1857.1221923828125]",1
frame_0019.png,extras,umbrella,umbrella,umbrella.,0.2,0.2,2,0.2787,"[1.0445809364318848, 1738.8282470703125, 450.4762878417969, 1856.818359375]",1
frame_0019.png,extras,umbrella,outdoor umbrella,outdoor umbrella.,0.2,0.2,0,0.0,,0
frame_0019.png,extras,umbrella,patio umbrella,patio umbrella.,0.2,0.2,1,0.2222,"[89.95098876953125, 626.4044189453125, 840.2032470703125, 1026.808837890625]",1
frame_0019.png,extras,umbrella,open umbrella,open umbrella.,0.2,0.2,4,0.3589,"[1154.8507080078125, 1652.7393798828125, 1693.7840576171875, 1854.6318359375]",1
frame_0019.png,extras,umbrella,parasol,parasol.,0.2,0.2,0,0.0,,0
frame_0019.png,extras,umbrella,shade umbrella,shade umbrella.,0.2,0.2,7,0.3655,"[89.32803344726562, 626.8717651367188, 839.5990600585938, 1018.9548950195312]",1
frame_0019.png,extras,umbrella,folded umbrella,folded umbrella.,0.2,0.2,4,0.3202,"[1.5037965774536133, 1737.2847900390625, 451.09722900390625, 1854.8465576171875]",1
frame_0019.png,extras,electric_wheelchair,electric wheelchair,electric wheelchair.,0.2,0.2,0,0.0,,0
frame_0019.png,extras,electric_wheelchair,motorized wheelchair,motorized wheelchair.,0.2,0.2,2,0.3105,"[181.3625030517578, 866.7175903320312, 364.6720275878906, 1023.9309692382812]",1
frame_0019.png,extras,electric_wheelchair,power wheelchair,power wheelchair.,0.2,0.2,2,0.2355,"[174.3922119140625, 751.0402221679688, 361.5301513671875, 1023.0665283203125]",1
frame_0019.png,extras,electric_wheelchair,wheelchair,wheelchair.,0.2,0.2,0,0.0,,0
frame_0019.png,extras,electric_wheelchair,mobility chair,mobility chair.,0.2,0.2,1,0.2586,"[0.9575378894805908, 729.4691162109375, 156.7694854736328, 1191.4403076171875]",1
frame_0019.png,extras,electric_wheelchair,powered mobility scooter,powered mobility scooter.,0.2,0.2,3,0.4987,"[1.1795121431350708, 725.8093872070312, 159.1197509765625, 1197.9111328125]",1
frame_0019.png,extras,electric_scooter,electric scooter,electric scooter.,0.2,0.2,0,0.0,,0
frame_0019.png,extras,electric_scooter,stand-up scooter,stand-up scooter.,0.2,0.2,3,0.4113,"[177.91079711914062, 856.3906860351562, 360.1886901855469, 1027.6712646484375]",1
frame_0019.png,extras,electric_scooter,kick scooter,kick scooter.,0.2,0.2,4,0.4125,"[179.62901306152344, 854.7042846679688, 364.7371826171875, 1025.9794921875]",1
frame_0019.png,extras,electric_scooter,two-wheeled scooter,two-wheeled scooter.,0.2,0.2,1,0.6786,"[176.54290771484375, 861.8312377929688, 364.0042724609375, 1028.2305908203125]",1
frame_0019.png,extras,electric_scooter,scooter,scooter.,0.2,0.2,0,0.0,,0
frame_0019.png,extras,electric_scooter,electric kick scooter,electric kick scooter.,0.2,0.2,3,0.4312,"[178.54025268554688, 855.2225341796875, 360.2663879394531, 1026.437744140625]",1
frame_0019.png,extras,prohibition_sign,prohibition sign,prohibition sign.,0.2,0.2,2,0.4023,"[1913.58056640625, 786.9356689453125, 1995.2769775390625, 843.2381591796875]",1
frame_0019.png,extras,prohibition_sign,no entry sign,no entry sign.,0.2,0.2,4,0.3843,"[1910.0218505859375, 782.322509765625, 1998.5496826171875, 845.8909301757812]",1
frame_0019.png,extras,prohibition_sign,red prohibition sign,red prohibition sign.,0.2,0.2,5,0.3894,"[1910.659912109375, 784.0756225585938, 1997.593017578125, 844.7224731445312]",1
frame_0019.png,extras,prohibition_sign,do not enter sign,do not enter sign.,0.2,0.2,4,0.3449,"[1909.052490234375, 783.598388671875, 2000.1878662109375, 846.7916259765625]",1
frame_0019.png,extras,prohibition_sign,stop sign,stop sign.,0.2,0.2,0,0.0,,0
frame_0019.png,extras,prohibition_sign,red circular sign,red circular sign.,0.2,0.2,1,0.6564,"[1149.0052490234375, 1647.0047607421875, 1697.398193359375, 1853.8570556640625]",1
frame_0019.png,extras,prohibition_sign,warning sign,warning sign.,0.2,0.2,3,0.3445,"[1914.5906982421875, 787.7726440429688, 1995.132080078125, 842.8164672851562]",1
frame_0019.png,extras,prohibition_sign,red sign on ground,red sign on ground.,0.2,0.2,4,0.5286,"[10.917234420776367, 975.1730346679688, 2870.572265625, 1848.93603515625]",1
frame_0019.png,extras,pair_of_ramps,pair of ramps,pair of ramps.,0.18,0.18,6,0.4773,"[90.3855972290039, 615.1425170898438, 845.6375732421875, 1034.3291015625]",1
frame_0019.png,extras,pair_of_ramps,loading ramps,loading ramps.,0.18,0.18,7,0.3394,"[339.1910705566406, 927.1786499023438, 726.103271484375, 1031.6666259765625]",1
frame_0019.png,extras,pair_of_ramps,metal ramps on ground,metal ramps on ground.,0.18,0.18,6,0.5114,"[9.725475311279297, 975.7337646484375, 2870.20166015625, 1847.464599609375]",1
frame_0019.png,extras,pair_of_ramps,vehicle loading ramp,vehicle loading ramp.,0.18,0.18,9,0.3294,"[337.286376953125, 926.7769165039062, 726.6046752929688, 1033.1976318359375]",1
frame_0019.png,extras,pair_of_ramps,two metal ramps,two metal ramps.,0.18,0.18,3,0.5364,"[93.79431915283203, 615.0875244140625, 848.8703002929688, 1036.1492919921875]",1
frame_0019.png,extras,pair_of_ramps,ramp,ramp.,0.18,0.18,9,0.3477,"[2247.8837890625, 1671.9951171875, 2878.34130859375, 1855.159912109375]",1
frame_0019.png,extras,pair_of_ramps,aluminum ramp,aluminum ramp.,0.18,0.18,7,0.3592,"[529.168212890625, 942.8484497070312, 650.2216796875, 1030.4755859375]",1
frame_0019.png,extras,pair_of_ramps,incline ramp,incline ramp.,0.18,0.18,1,0.1918,"[2248.742431640625, 1671.7403564453125, 2878.18115234375, 1853.9752197265625]",1
frame_0019.png,extras,trailer,trailer,trailer.,0.18,0.18,6,0.3041,"[0.7732325792312622, 730.8975219726562, 155.6534881591797, 1193.1221923828125]",1
frame_0019.png,extras,trailer,cargo trailer,cargo trailer.,0.18,0.18,5,0.5344,"[101.33643341064453, 626.9857177734375, 839.306640625, 1026.462646484375]",1
frame_0019.png,extras,trailer,vehicle trailer,vehicle trailer.,0.18,0.18,7,0.38,"[101.03881072998047, 626.754638671875, 838.9903564453125, 1028.51806640625]",1
frame_0019.png,extras,trailer,wheeled trailer,wheeled trailer.,0.18,0.18,7,0.4092,"[0.6573396921157837, 729.7924194335938, 156.36080932617188, 1193.7578125]",1
frame_0019.png,extras,trailer,small trailer,small trailer.,0.18,0.18,6,0.3508,"[1.062052845954895, 729.244384765625, 157.71524047851562, 1194.490234375]",1
frame_0019.png,extras,trailer,utility trailer,utility trailer.,0.18,0.18,5,0.4931,"[102.73405456542969, 625.9381713867188, 840.1959228515625, 1028.411865234375]",1
frame_0019.png,extras,trailer,open trailer,open trailer.,0.18,0.18,4,0.5866,"[102.30494689941406, 624.8452758789062, 840.1163330078125, 1030.500732421875]",1
frame_0019.png,extras,trailer,covered trailer,covered trailer.,0.18,0.18,2,0.6316,"[103.01129150390625, 626.5582275390625, 840.261474609375, 1027.0814208984375]",1
frame_0019.png,extras,trailer,container trailer,container trailer.,0.18,0.18,5,0.367,"[176.35888671875, 751.5588989257812, 325.70745849609375, 961.0208129882812]",1
frame_0020.png,production,trailer,ALL_GROUP,trailer. cargo trailer. vehicle trailer. wheeled trailer. flatbed trailer. black trailer. utility trailer.,0.2,0.2,4,0.2955,"[0.9174388647079468, 731.0031127929688, 155.0297088623047, 1193.890869140625]",1
frame_0020.png,production,electric utility vehicle+electric wheelchair+electric scooter+trolley,ALL_GROUP,electric utility vehicle. small electric cart. utility vehicle. golf cart. electric cart. small white utility vehicle. electric wheelchair. motorized wheelchair. power wheelchair. mobility scooter wheelchair. electric scooter. mobility scooter. stand-up scooter. kick scooter. scooter. trolley. hand cart. hand truck. luggage cart. flatbed cart. push cart. utility cart.,0.22,0.22,2,0.2827,"[0.667644739151001, 728.3828125, 157.28463745117188, 1194.7532958984375]",1
frame_0020.png,production,pair of ramps,ALL_GROUP,pair of ramps. loading ramp. metal ramp. vehicle loading ramp. two metal ramps. aluminum ramp.,0.2,0.2,12,0.3934,"[1.8206137418746948, 723.5819091796875, 159.47232055664062, 1196.2598876953125]",1
frame_0020.png,production,portable power station+basketball,ALL_GROUP,portable power station. large power bank. battery box. power generator box. portable battery. power station. basketball. orange basketball. sports ball. rubber ball.,0.22,0.22,0,0.0,,0
frame_0020.png,production,rectangular table+umbrella,ALL_GROUP,rectangular table. outdoor table. picnic table. long rectangular table. folding table. work table. umbrella. outdoor umbrella. parasol. patio umbrella. hand umbrella.,0.24,0.24,0,0.0,,0
frame_0020.png,production,cardboard box,ALL_GROUP,cardboard box. brown cardboard box. cardboard package. shipping box.,0.26,0.26,0,0.0,,0
frame_0020.png,production,chair,ALL_GROUP,chair. folding chair. outdoor chair. plastic chair. armless chair.,0.3,0.3,0,0.0,,0
frame_0020.png,production,traffic cone+prohibition sign,ALL_GROUP,traffic cone. road cone. safety cone. orange cone. construction cone. prohibition sign. no entry sign. red prohibition sign. do not enter sign. stop sign. red circular sign.,0.22,0.22,3,0.2891,"[1909.7313232421875, 783.9246826171875, 1998.7926025390625, 844.3121337890625]",1
frame_0020.png,extras,basketball,basketball,basketball.,0.18,0.18,0,0.0,,0
frame_0020.png,extras,basketball,orange basketball,orange basketball.,0.18,0.18,0,0.0,,0
frame_0020.png,extras,basketball,round orange ball,round orange ball.,0.18,0.18,1,0.7702,"[1152.353271484375, 1650.1768798828125, 1692.76513671875, 1855.33349609375]",1
frame_0020.png,extras,basketball,rubber ball on ground,rubber ball on ground.,0.18,0.18,2,0.6091,"[1146.6842041015625, 1643.1026611328125, 1694.5252685546875, 1852.8297119140625]",1
frame_0020.png,extras,basketball,sports ball,sports ball.,0.18,0.18,1,0.4634,"[1158.5650634765625, 1659.615478515625, 1692.5087890625, 1857.37158203125]",1
frame_0020.png,extras,basketball,ball,ball.,0.18,0.18,1,0.4205,"[1158.4998779296875, 1659.599609375, 1692.2012939453125, 1857.21142578125]",1
frame_0020.png,extras,umbrella,umbrella,umbrella.,0.2,0.2,4,0.2945,"[0.8617186546325684, 1739.55126953125, 452.1031188964844, 1857.02587890625]",1
frame_0020.png,extras,umbrella,outdoor umbrella,outdoor umbrella.,0.2,0.2,0,0.0,,0
frame_0020.png,extras,umbrella,patio umbrella,patio umbrella.,0.2,0.2,4,0.256,"[1.9010639190673828, 1736.5604248046875, 452.45513916015625, 1855.4920654296875]",1
frame_0020.png,extras,umbrella,open umbrella,open umbrella.,0.2,0.2,3,0.4576,"[1154.6136474609375, 1652.64697265625, 1693.0848388671875, 1854.9066162109375]",1
frame_0020.png,extras,umbrella,parasol,parasol.,0.2,0.2,0,0.0,,0
frame_0020.png,extras,umbrella,shade umbrella,shade umbrella.,0.2,0.2,7,0.3581,"[94.97268676757812, 626.805419921875, 841.6748657226562, 1020.9415893554688]",1
frame_0020.png,extras,umbrella,folded umbrella,folded umbrella.,0.2,0.2,4,0.3294,"[1158.99072265625, 1658.4793701171875, 1692.900634765625, 1854.756103515625]",1
frame_0020.png,extras,electric_wheelchair,electric wheelchair,electric wheelchair.,0.2,0.2,0,0.0,,0
frame_0020.png,extras,electric_wheelchair,motorized wheelchair,motorized wheelchair.,0.2,0.2,2,0.3386,"[180.33799743652344, 867.7835693359375, 367.3711853027344, 1023.982421875]",1
frame_0020.png,extras,electric_wheelchair,power wheelchair,power wheelchair.,0.2,0.2,2,0.2453,"[1.0025882720947266, 727.93115234375, 157.54953002929688, 1193.765380859375]",1
frame_0020.png,extras,electric_wheelchair,wheelchair,wheelchair.,0.2,0.2,0,0.0,,0
frame_0020.png,extras,electric_wheelchair,mobility chair,mobility chair.,0.2,0.2,1,0.2745,"[0.9240800142288208, 729.3631591796875, 156.94277954101562, 1191.552734375]",1
frame_0020.png,extras,electric_wheelchair,powered mobility scooter,powered mobility scooter.,0.2,0.2,3,0.51,"[1.1926281452178955, 725.5883178710938, 159.44656372070312, 1197.933349609375]",1
frame_0020.png,extras,electric_scooter,electric scooter,electric scooter.,0.2,0.2,0,0.0,,0
frame_0020.png,extras,electric_scooter,stand-up scooter,stand-up scooter.,0.2,0.2,3,0.4148,"[1.8139082193374634, 724.6063232421875, 160.31642150878906, 1198.346435546875]",1
frame_0020.png,extras,electric_scooter,kick scooter,kick scooter.,0.2,0.2,3,0.4286,"[179.00050354003906, 855.8233032226562, 367.8296813964844, 1025.809326171875]",1
frame_0020.png,extras,electric_scooter,two-wheeled scooter,two-wheeled scooter.,0.2,0.2,1,0.7126,"[175.6998748779297, 862.4220581054688, 366.52215576171875, 1028.2117919921875]",1
frame_0020.png,extras,electric_scooter,scooter,scooter.,0.2,0.2,0,0.0,,0
frame_0020.png,extras,electric_scooter,electric kick scooter,electric kick scooter.,0.2,0.2,3,0.4519,"[177.3904266357422, 857.7479248046875, 362.6340637207031, 1026.3587646484375]",1
frame_0020.png,extras,prohibition_sign,prohibition sign,prohibition sign.,0.2,0.2,3,0.4023,"[1913.0841064453125, 787.0379638671875, 1996.3695068359375, 843.74462890625]",1
frame_0020.png,extras,prohibition_sign,no entry sign,no entry sign.,0.2,0.2,4,0.38,"[1909.5557861328125, 782.2097778320312, 1999.337158203125, 846.1810302734375]",1
frame_0020.png,extras,prohibition_sign,red prohibition sign,red prohibition sign.,0.2,0.2,5,0.3759,"[1910.1361083984375, 784.130615234375, 1998.4444580078125, 845.3118286132812]",1
frame_0020.png,extras,prohibition_sign,do not enter sign,do not enter sign.,0.2,0.2,4,0.3425,"[1908.7083740234375, 783.5305786132812, 2000.9111328125, 847.0670776367188]",1
frame_0020.png,extras,prohibition_sign,stop sign,stop sign.,0.2,0.2,0,0.0,,0
frame_0020.png,extras,prohibition_sign,red circular sign,red circular sign.,0.2,0.2,1,0.6783,"[1149.4971923828125, 1647.3555908203125, 1696.95361328125, 1854.134765625]",1
frame_0020.png,extras,prohibition_sign,warning sign,warning sign.,0.2,0.2,4,0.3377,"[1914.078369140625, 787.78857421875, 1996.0848388671875, 843.1929321289062]",1
frame_0020.png,extras,prohibition_sign,red sign on ground,red sign on ground.,0.2,0.2,4,0.5318,"[11.107778549194336, 974.9757690429688, 2870.474609375, 1849.0447998046875]",1
frame_0020.png,extras,pair_of_ramps,pair of ramps,pair of ramps.,0.18,0.18,6,0.4672,"[95.2660140991211, 615.3181762695312, 848.5549926757812, 1034.9677734375]",1
frame_0020.png,extras,pair_of_ramps,loading ramps,loading ramps.,0.18,0.18,7,0.3321,"[341.4421691894531, 926.1433715820312, 725.8472900390625, 1031.9951171875]",1
frame_0020.png,extras,pair_of_ramps,metal ramps on ground,metal ramps on ground.,0.18,0.18,6,0.5136,"[9.704790115356445, 974.0174560546875, 2870.17236328125, 1847.5953369140625]",1
frame_0020.png,extras,pair_of_ramps,vehicle loading ramp,vehicle loading ramp.,0.18,0.18,9,0.3523,"[338.54864501953125, 926.369384765625, 726.4068603515625, 1033.300537109375]",1
frame_0020.png,extras,pair_of_ramps,two metal ramps,two metal ramps.,0.18,0.18,3,0.5319,"[98.72160339355469, 615.1494140625, 851.4681396484375, 1036.8365478515625]",1
frame_0020.png,extras,pair_of_ramps,ramp,ramp.,0.18,0.18,9,0.3457,"[2245.814453125, 1672.4779052734375, 2878.275390625, 1855.240478515625]",1
frame_0020.png,extras,pair_of_ramps,aluminum ramp,aluminum ramp.,0.18,0.18,7,0.3922,"[528.7435302734375, 942.5760498046875, 650.3062133789062, 1030.9898681640625]",1
frame_0020.png,extras,pair_of_ramps,incline ramp,incline ramp.,0.18,0.18,1,0.1997,"[2246.465087890625, 1672.127197265625, 2878.107666015625, 1854.152587890625]",1
frame_0020.png,extras,trailer,trailer,trailer.,0.18,0.18,5,0.3118,"[0.7868260145187378, 730.8245239257812, 155.83694458007812, 1193.1053466796875]",1
frame_0020.png,extras,trailer,cargo trailer,cargo trailer.,0.18,0.18,5,0.5152,"[104.63349151611328, 627.0258178710938, 842.181884765625, 1026.9791259765625]",1
frame_0020.png,extras,trailer,vehicle trailer,vehicle trailer.,0.18,0.18,5,0.387,"[104.5110092163086, 626.98828125, 841.8212280273438, 1028.997802734375]",1
frame_0020.png,extras,trailer,wheeled trailer,wheeled trailer.,0.18,0.18,7,0.4238,"[0.73009192943573, 729.573974609375, 156.54171752929688, 1193.562744140625]",1
frame_0020.png,extras,trailer,small trailer,small trailer.,0.18,0.18,6,0.3781,"[1.082303524017334, 728.6598510742188, 158.0481414794922, 1194.321533203125]",1
frame_0020.png,extras,trailer,utility trailer,utility trailer.,0.18,0.18,5,0.4841,"[106.10376739501953, 625.9776611328125, 842.948486328125, 1029.163818359375]",1
frame_0020.png,extras,trailer,open trailer,open trailer.,0.18,0.18,4,0.5545,"[105.51612854003906, 624.9873046875, 843.3724365234375, 1031.2379150390625]",1
frame_0020.png,extras,trailer,covered trailer,covered trailer.,0.18,0.18,3,0.6164,"[107.32728576660156, 626.765869140625, 843.1290893554688, 1028.012939453125]",1
frame_0020.png,extras,trailer,container trailer,container trailer.,0.18,0.18,5,0.3692,"[107.03134155273438, 627.7355346679688, 841.0703735351562, 1025.282470703125]",1
frame_0021.png,production,trailer,ALL_GROUP,trailer. cargo trailer. vehicle trailer. wheeled trailer. flatbed trailer. black trailer. utility trailer.,0.2,0.2,5,0.2678,"[76.45246124267578, 909.024169921875, 270.26080322265625, 1028.2763671875]",1
frame_0021.png,production,electric utility vehicle+electric wheelchair+electric scooter+trolley,ALL_GROUP,electric utility vehicle. small electric cart. utility vehicle. golf cart. electric cart. small white utility vehicle. electric wheelchair. motorized wheelchair. power wheelchair. mobility scooter wheelchair. electric scooter. mobility scooter. stand-up scooter. kick scooter. scooter. trolley. hand cart. hand truck. luggage cart. flatbed cart. push cart. utility cart.,0.22,0.22,2,0.2856,"[73.88270568847656, 876.0977783203125, 234.78985595703125, 1027.3016357421875]",1
frame_0021.png,production,pair of ramps,ALL_GROUP,pair of ramps. loading ramp. metal ramp. vehicle loading ramp. two metal ramps. aluminum ramp.,0.2,0.2,10,0.4179,"[4.808406829833984, 577.117431640625, 780.9343872070312, 1037.3211669921875]",1
frame_0021.png,production,portable power station+basketball,ALL_GROUP,portable power station. large power bank. battery box. power generator box. portable battery. power station. basketball. orange basketball. sports ball. rubber ball.,0.22,0.22,0,0.0,,0
frame_0021.png,production,rectangular table+umbrella,ALL_GROUP,rectangular table. outdoor table. picnic table. long rectangular table. folding table. work table. umbrella. outdoor umbrella. parasol. patio umbrella. hand umbrella.,0.24,0.24,1,0.2685,"[260.7795104980469, 923.0374755859375, 440.14727783203125, 1022.361083984375]",1
frame_0021.png,production,cardboard box,ALL_GROUP,cardboard box. brown cardboard box. cardboard package. shipping box.,0.26,0.26,0,0.0,,0
frame_0021.png,production,chair,ALL_GROUP,chair. folding chair. outdoor chair. plastic chair. armless chair.,0.3,0.3,2,0.3158,"[518.825927734375, 940.0742797851562, 642.8572387695312, 1028.247802734375]",1
frame_0021.png,production,traffic cone+prohibition sign,ALL_GROUP,traffic cone. road cone. safety cone. orange cone. construction cone. prohibition sign. no entry sign. red prohibition sign. do not enter sign. stop sign. red circular sign.,0.22,0.22,0,0.0,,0
frame_0021.png,extras,basketball,basketball,basketball.,0.18,0.18,0,0.0,,0
frame_0021.png,extras,basketball,orange basketball,orange basketball.,0.18,0.18,0,0.0,,0
frame_0021.png,extras,basketball,round orange ball,round orange ball.,0.18,0.18,2,0.5449,"[1146.1658935546875, 1650.9183349609375, 1691.31005859375, 1855.053466796875]",1
frame_0021.png,extras,basketball,rubber ball on ground,rubber ball on ground.,0.18,0.18,5,0.5598,"[11.295404434204102, 975.8944091796875, 2869.94580078125, 1848.44921875]",1
frame_0021.png,extras,basketball,sports ball,sports ball.,0.18,0.18,1,0.2692,"[1151.1409912109375, 1659.6942138671875, 1696.1744384765625, 1856.879638671875]",1
frame_0021.png,extras,basketball,ball,ball.,0.18,0.18,1,0.2483,"[1150.46142578125, 1659.2884521484375, 1697.1337890625, 1856.7080078125]",1
frame_0021.png,extras,umbrella,umbrella,umbrella.,0.2,0.2,6,0.3593,"[0.8239960670471191, 1739.3641357421875, 444.4230651855469, 1857.0970458984375]",1
frame_0021.png,extras,umbrella,outdoor umbrella,outdoor umbrella.,0.2,0.2,3,0.2608,"[4.133434295654297, 582.3746337890625, 778.453369140625, 1035.5203857421875]",1
frame_0021.png,extras,umbrella,patio umbrella,patio umbrella.,0.2,0.2,6,0.3144,"[2.093839645385742, 1736.3045654296875, 441.4969787597656, 1855.685546875]",1
frame_0021.png,extras,umbrella,open umbrella,open umbrella.,0.2,0.2,4,0.313,"[1543.3375244140625, 0.7325797080993652, 1786.60400390625, 147.34608459472656]",1
frame_0021.png,extras,umbrella,parasol,parasol.,0.2,0.2,0,0.0,,0
frame_0021.png,extras,umbrella,shade umbrella,shade umbrella.,0.2,0.2,6,0.3758,"[3.112778663635254, 583.6798706054688, 779.0022583007812, 1030.41943359375]",1
frame_0021.png,extras,umbrella,folded umbrella,folded umbrella.,0.2,0.2,4,0.3672,"[1.180579662322998, 1737.2967529296875, 442.84307861328125, 1855.1395263671875]",1
frame_0021.png,extras,electric_wheelchair,electric wheelchair,electric wheelchair.,0.2,0.2,1,0.2084,"[74.98955535888672, 871.8123168945312, 281.96319580078125, 1028.2801513671875]",1
frame_0021.png,extras,electric_wheelchair,motorized wheelchair,motorized wheelchair.,0.2,0.2,2,0.5472,"[74.79845428466797, 871.8197631835938, 285.26654052734375, 1029.8304443359375]",1
frame_0021.png,extras,electric_wheelchair,power wheelchair,power wheelchair.,0.2,0.2,1,0.2525,"[74.77627563476562, 871.6402587890625, 282.0434265136719, 1028.600830078125]",1
frame_0021.png,extras,electric_wheelchair,wheelchair,wheelchair.,0.2,0.2,0,0.0,,0
frame_0021.png,extras,electric_wheelchair,mobility chair,mobility chair.,0.2,0.2,5,0.3656,"[76.39408874511719, 880.8360595703125, 281.1259765625, 1028.4071044921875]",1
frame_0021.png,extras,electric_wheelchair,powered mobility scooter,powered mobility scooter.,0.2,0.2,1,0.6538,"[72.21827697753906, 868.433837890625, 256.477294921875, 1030.388427734375]",1
frame_0021.png,extras,electric_scooter,electric scooter,electric scooter.,0.2,0.2,0,0.0,,0
frame_0021.png,extras,electric_scooter,stand-up scooter,stand-up scooter.,0.2,0.2,1,0.6811,"[70.9547348022461, 868.206298828125, 250.77227783203125, 1031.238037109375]",1
frame_0021.png,extras,electric_scooter,kick scooter,kick scooter.,0.2,0.2,2,0.5205,"[74.28548431396484, 870.1598510742188, 289.8086853027344, 1031.2684326171875]",1
frame_0021.png,extras,electric_scooter,two-wheeled scooter,two-wheeled scooter.,0.2,0.2,1,0.8,"[70.3508529663086, 868.1485595703125, 264.1780090332031, 1031.798095703125]",1
frame_0021.png,extras,electric_scooter,scooter,scooter.,0.2,0.2,0,0.0,,0
frame_0021.png,extras,electric_scooter,electric kick scooter,electric kick scooter.,0.2,0.2,1,0.5441,"[72.93475341796875, 868.5285034179688, 279.2339782714844, 1030.794921875]",1
frame_0021.png,extras,prohibition_sign,prohibition sign,prohibition sign.,0.2,0.2,3,0.2955,"[1978.6612548828125, 765.5640258789062, 2068.1943359375, 826.2557373046875]",1
frame_0021.png,extras,prohibition_sign,no entry sign,no entry sign.,0.2,0.2,5,0.4126,"[1973.86328125, 760.8872680664062, 2071.3232421875, 829.2833251953125]",1
frame_0021.png,extras,prohibition_sign,red prohibition sign,red prohibition sign.,0.2,0.2,5,0.3576,"[4.432039260864258, 578.4251098632812, 778.528564453125, 1028.5760498046875]",1
frame_0021.png,extras,prohibition_sign,do not enter sign,do not enter sign.,0.2,0.2,4,0.3251,"[1145.882568359375, 1648.5655517578125, 1692.124267578125, 1855.14208984375]",1
frame_0021.png,extras,prohibition_sign,stop sign,stop sign.,0.2,0.2,0,0.0,,0
frame_0021.png,extras,prohibition_sign,red circular sign,red circular sign.,0.2,0.2,1,0.6027,"[1140.8441162109375, 1647.150146484375, 1700.0362548828125, 1853.896728515625]",1
frame_0021.png,extras,prohibition_sign,warning sign,warning sign.,0.2,0.2,3,0.2675,"[3.943662643432617, 583.6251220703125, 776.5767822265625, 1032.393798828125]",1
frame_0021.png,extras,prohibition_sign,red sign on ground,red sign on ground.,0.2,0.2,4,0.5009,"[10.648412704467773, 969.55517578125, 2870.57470703125, 1848.3133544921875]",1
frame_0021.png,extras,pair_of_ramps,pair of ramps,pair of ramps.,0.18,0.18,6,0.5032,"[5.36158561706543, 574.9291381835938, 780.1177978515625, 1041.6551513671875]",1
frame_0021.png,extras,pair_of_ramps,loading ramps,loading ramps.,0.18,0.18,7,0.3671,"[2.3705148696899414, 584.158203125, 778.0399169921875, 1030.7667236328125]",1
frame_0021.png,extras,pair_of_ramps,metal ramps on ground,metal ramps on ground.,0.18,0.18,6,0.5037,"[9.320526123046875, 970.9135131835938, 2869.801025390625, 1847.41748046875]",1
frame_0021.png,extras,pair_of_ramps,vehicle loading ramp,vehicle loading ramp.,0.18,0.18,10,0.3219,"[3.707756996154785, 581.7880249023438, 778.24267578125, 1033.6090087890625]",1
frame_0021.png,extras,pair_of_ramps,two metal ramps,two metal ramps.,0.18,0.18,1,0.5942,"[4.84248161315918, 574.8125610351562, 782.1989135742188, 1042.9981689453125]",1
frame_0021.png,extras,pair_of_ramps,ramp,ramp.,0.18,0.18,8,0.3583,"[2248.76123046875, 1671.8685302734375, 2877.911865234375, 1855.1968994140625]",1
frame_0021.png,extras,pair_of_ramps,aluminum ramp,aluminum ramp.,0.18,0.18,7,0.4272,"[517.8824462890625, 938.902099609375, 642.428466796875, 1028.15673828125]",1
frame_0021.png,extras,pair_of_ramps,incline ramp,incline ramp.,0.18,0.18,1,0.2362,"[2249.166015625, 1671.5552978515625, 2877.7890625, 1853.901611328125]",1
frame_0021.png,extras,trailer,trailer,trailer.,0.18,0.18,4,0.2728,"[3.0217981338500977, 584.5050659179688, 776.2640991210938, 1031.278564453125]",1
frame_0021.png,extras,trailer,cargo trailer,cargo trailer.,0.18,0.18,2,0.5765,"[2.989182472229004, 584.2315063476562, 776.8890991210938, 1029.7022705078125]",1
frame_0021.png,extras,trailer,vehicle trailer,vehicle trailer.,0.18,0.18,7,0.383,"[2.6836681365966797, 583.236328125, 776.3192749023438, 1032.091064453125]",1
frame_0021.png,extras,trailer,wheeled trailer,wheeled trailer.,0.18,0.18,6,0.3361,"[75.5860366821289, 897.4922485351562, 278.6582946777344, 1029.6375732421875]",1
frame_0021.png,extras,trailer,small trailer,small trailer.,0.18,0.18,5,0.3571,"[4.31088924407959, 581.781005859375, 777.853515625, 1034.801513671875]",1
frame_0021.png,extras,trailer,utility trailer,utility trailer.,0.18,0.18,1,0.6411,"[3.223586082458496, 583.1011962890625, 777.1979370117188, 1031.6580810546875]",1
frame_0021.png,extras,trailer,open trailer,open trailer.,0.18,0.18,2,0.6129,"[4.003787040710449, 582.6229248046875, 777.7142944335938, 1034.8516845703125]",1
frame_0021.png,extras,trailer,covered trailer,covered trailer.,0.18,0.18,1,0.7082,"[3.024158477783203, 583.5574951171875, 778.3665771484375, 1030.1195068359375]",1
frame_0021.png,extras,trailer,container trailer,container trailer.,0.18,0.18,2,0.3468,"[3.465285301208496, 583.5990600585938, 776.0139770507812, 1029.4544677734375]",1
frame_0022.png,production,trailer,ALL_GROUP,trailer. cargo trailer. vehicle trailer. wheeled trailer. flatbed trailer. black trailer. utility trailer.,0.2,0.2,3,0.3393,"[518.0861206054688, 916.382080078125, 669.4971923828125, 1033.6630859375]",1
frame_0022.png,production,electric utility vehicle+electric wheelchair+electric scooter+trolley,ALL_GROUP,electric utility vehicle. small electric cart. utility vehicle. golf cart. electric cart. small white utility vehicle. electric wheelchair. motorized wheelchair. power wheelchair. mobility scooter wheelchair. electric scooter. mobility scooter. stand-up scooter. kick scooter. scooter. trolley. hand cart. hand truck. luggage cart. flatbed cart. push cart. utility cart.,0.22,0.22,3,0.3515,"[516.8179321289062, 915.77978515625, 676.6996459960938, 1035.1654052734375]",1
frame_0022.png,production,pair of ramps,ALL_GROUP,pair of ramps. loading ramp. metal ramp. vehicle loading ramp. two metal ramps. aluminum ramp.,0.2,0.2,11,0.4203,"[244.9432373046875, 459.61346435546875, 1170.9757080078125, 1060.4393310546875]",1
frame_0022.png,production,portable power station+basketball,ALL_GROUP,portable power station. large power bank. battery box. power generator box. portable battery. power station. basketball. orange basketball. sports ball. rubber ball.,0.22,0.22,1,0.2267,"[246.45703125, 461.421630859375, 1168.599365234375, 1058.8543701171875]",1
frame_0022.png,production,rectangular table+umbrella,ALL_GROUP,rectangular table. outdoor table. picnic table. long rectangular table. folding table. work table. umbrella. outdoor umbrella. parasol. patio umbrella. hand umbrella.,0.24,0.24,2,0.3575,"[704.9722900390625, 928.3916625976562, 1020.2671508789062, 1054.5010986328125]",1
frame_0022.png,production,cardboard box,ALL_GROUP,cardboard box. brown cardboard box. cardboard package. shipping box.,0.26,0.26,2,0.2782,"[876.28662109375, 856.4153442382812, 948.864013671875, 937.3252563476562]",1
frame_0022.png,production,chair,ALL_GROUP,chair. folding chair. outdoor chair. plastic chair. armless chair.,0.3,0.3,1,0.3176,"[521.7359619140625, 918.1911010742188, 660.7039184570312, 1036.4837646484375]",1
frame_0022.png,production,traffic cone+prohibition sign,ALL_GROUP,traffic cone. road cone. safety cone. orange cone. construction cone. prohibition sign. no entry sign. red prohibition sign. do not enter sign. stop sign. red circular sign.,0.22,0.22,1,0.3077,"[269.6296081542969, 709.1109008789062, 465.4295654296875, 845.1686401367188]",1
frame_0022.png,extras,basketball,basketball,basketball.,0.18,0.18,0,0.0,,0
frame_0022.png,extras,basketball,orange basketball,orange basketball.,0.18,0.18,0,0.0,,0
frame_0022.png,extras,basketball,round orange ball,round orange ball.,0.18,0.18,3,0.3906,"[1155.4801025390625, 1656.10498046875, 1650.7891845703125, 1855.1839599609375]",1
frame_0022.png,extras,basketball,rubber ball on ground,rubber ball on ground.,0.18,0.18,8,0.5868,"[10.624122619628906, 967.6272583007812, 2869.822509765625, 1848.54052734375]",1
frame_0022.png,extras,basketball,sports ball,sports ball.,0.18,0.18,0,0.0,,0
frame_0022.png,extras,basketball,ball,ball.,0.18,0.18,0,0.0,,0
frame_0022.png,extras,umbrella,umbrella,umbrella.,0.2,0.2,3,0.295,"[1547.1949462890625, 0.8335357904434204, 1775.6529541015625, 1038.230224609375]",1
frame_0022.png,extras,umbrella,outdoor umbrella,outdoor umbrella.,0.2,0.2,0,0.0,,0
frame_0022.png,extras,umbrella,patio umbrella,patio umbrella.,0.2,0.2,0,0.0,,0
frame_0022.png,extras,umbrella,open umbrella,open umbrella.,0.2,0.2,4,0.2747,"[1154.55029296875, 1656.0072021484375, 1652.4425048828125, 1854.303466796875]",1
frame_0022.png,extras,umbrella,parasol,parasol.,0.2,0.2,0,0.0,,0
frame_0022.png,extras,umbrella,shade umbrella,shade umbrella.,0.2,0.2,10,0.2899,"[1539.0462646484375, 1.6193443536758423, 1781.2188720703125, 1041.9854736328125]",1
frame_0022.png,extras,umbrella,folded umbrella,folded umbrella.,0.2,0.2,3,0.3588,"[1.0019230842590332, 1736.4454345703125, 458.1717529296875, 1854.7666015625]",1
frame_0022.png,extras,electric_wheelchair,electric wheelchair,electric wheelchair.,0.2,0.2,1,0.2246,"[519.063720703125, 918.4090576171875, 682.0740966796875, 1028.6407470703125]",1
frame_0022.png,extras,electric_wheelchair,motorized wheelchair,motorized wheelchair.,0.2,0.2,2,0.51,"[518.4088745117188, 916.6024780273438, 681.8784790039062, 1033.0504150390625]",1
frame_0022.png,extras,electric_wheelchair,power wheelchair,power wheelchair.,0.2,0.2,1,0.265,"[519.0184326171875, 918.0926513671875, 681.1010131835938, 1029.13134765625]",1
frame_0022.png,extras,electric_wheelchair,wheelchair,wheelchair.,0.2,0.2,0,0.0,,0
frame_0022.png,extras,electric_wheelchair,mobility chair,mobility chair.,0.2,0.2,4,0.3987,"[520.7028198242188, 919.5889282226562, 665.5152587890625, 1032.6212158203125]",1
frame_0022.png,extras,electric_wheelchair,powered mobility scooter,powered mobility scooter.,0.2,0.2,2,0.5262,"[515.7453002929688, 913.7279052734375, 682.0388793945312, 1038.751953125]",1
frame_0022.png,extras,electric_scooter,electric scooter,electric scooter.,0.2,0.2,0,0.0,,0
frame_0022.png,extras,electric_scooter,stand-up scooter,stand-up scooter.,0.2,0.2,2,0.5896,"[515.077392578125, 913.3438110351562, 676.7490844726562, 1039.220458984375]",1
frame_0022.png,extras,electric_scooter,kick scooter,kick scooter.,0.2,0.2,3,0.4056,"[516.7907104492188, 916.9398803710938, 687.5155029296875, 1035.2890625]",1
frame_0022.png,extras,electric_scooter,two-wheeled scooter,two-wheeled scooter.,0.2,0.2,2,0.61,"[514.2474975585938, 914.6077270507812, 683.5413818359375, 1038.837158203125]",1
frame_0022.png,extras,electric_scooter,scooter,scooter.,0.2,0.2,0,0.0,,0
frame_0022.png,extras,electric_scooter,electric kick scooter,electric kick scooter.,0.2,0.2,2,0.5028,"[515.924560546875, 916.4756469726562, 685.0152587890625, 1036.298828125]",1
frame_0022.png,extras,prohibition_sign,prohibition sign,prohibition sign.,0.2,0.2,3,0.4653,"[273.260009765625, 711.240966796875, 460.85809326171875, 846.0624389648438]",1
frame_0022.png,extras,prohibition_sign,no entry sign,no entry sign.,0.2,0.2,3,0.4651,"[265.1748046875, 705.1046752929688, 467.3646240234375, 849.5772094726562]",1
frame_0022.png,extras,prohibition_sign,red prohibition sign,red prohibition sign.,0.2,0.2,3,0.4988,"[268.59393310546875, 708.2305908203125, 464.0581359863281, 847.8901977539062]",1
frame_0022.png,extras,prohibition_sign,do not enter sign,do not enter sign.,0.2,0.2,2,0.3276,"[241.50326538085938, 460.62982177734375, 1176.5755615234375, 1065.1572265625]",1
frame_0022.png,extras,prohibition_sign,stop sign,stop sign.,0.2,0.2,1,0.2285,"[1550.9779052734375, 0.32982921600341797, 1774.21630859375, 141.5240020751953]",1
frame_0022.png,extras,prohibition_sign,red circular sign,red circular sign.,0.2,0.2,1,0.4418,"[1146.87451171875, 1651.2230224609375, 1668.94970703125, 1854.2208251953125]",1
frame_0022.png,extras,prohibition_sign,warning sign,warning sign.,0.2,0.2,4,0.3532,"[276.2918701171875, 713.0762939453125, 458.7781677246094, 844.84912109375]",1
frame_0022.png,extras,prohibition_sign,red sign on ground,red sign on ground.,0.2,0.2,5,0.4988,"[9.735689163208008, 966.3285522460938, 2870.009033203125, 1847.639892578125]",1
frame_0022.png,extras,pair_of_ramps,pair of ramps,pair of ramps.,0.18,0.18,4,0.5939,"[248.85191345214844, 457.9638977050781, 1170.9410400390625, 1060.302490234375]",1
frame_0022.png,extras,pair_of_ramps,loading ramps,loading ramps.,0.18,0.18,8,0.3326,"[719.0904541015625, 935.1792602539062, 1018.5425415039062, 1053.717041015625]",1
frame_0022.png,extras,pair_of_ramps,metal ramps on ground,metal ramps on ground.,0.18,0.18,5,0.4868,"[8.767948150634766, 964.970703125, 2869.437744140625, 1847.2169189453125]",1
frame_0022.png,extras,pair_of_ramps,vehicle loading ramp,vehicle loading ramp.,0.18,0.18,8,0.3956,"[712.676025390625, 931.8685302734375, 1021.0758666992188, 1055.2841796875]",1
frame_0022.png,extras,pair_of_ramps,two metal ramps,two metal ramps.,0.18,0.18,1,0.6684,"[249.80447387695312, 458.9259338378906, 1172.9954833984375, 1068.7242431640625]",1
frame_0022.png,extras,pair_of_ramps,ramp,ramp.,0.18,0.18,5,0.2872,"[2246.654052734375, 1672.4112548828125, 2878.1123046875, 1854.5758056640625]",1
frame_0022.png,extras,pair_of_ramps,aluminum ramp,aluminum ramp.,0.18,0.18,8,0.3343,"[723.1727905273438, 933.7484741210938, 1018.2738037109375, 1055.2279052734375]",1
frame_0022.png,extras,pair_of_ramps,incline ramp,incline ramp.,0.18,0.18,2,0.2281,"[2246.153076171875, 1672.145751953125, 2878.140869140625, 1854.0216064453125]",1
frame_0022.png,extras,trailer,trailer,trailer.,0.18,0.18,2,0.2231,"[521.0122680664062, 919.1168212890625, 664.7741088867188, 1027.1400146484375]",1
frame_0022.png,extras,trailer,cargo trailer,cargo trailer.,0.18,0.18,5,0.4395,"[248.28419494628906, 465.5203857421875, 1165.8695068359375, 1027.4814453125]",1
frame_0022.png,extras,trailer,vehicle trailer,vehicle trailer.,0.18,0.18,5,0.4049,"[519.0986328125, 917.5740356445312, 667.443359375, 1027.372802734375]",1
frame_0022.png,extras,trailer,wheeled trailer,wheeled trailer.,0.18,0.18,5,0.4538,"[518.8696899414062, 918.1604614257812, 666.249755859375, 1033.4000244140625]",1
frame_0022.png,extras,trailer,small trailer,small trailer.,0.18,0.18,3,0.3438,"[707.7971801757812, 929.7582397460938, 1021.6312866210938, 1055.5198974609375]",1
frame_0022.png,extras,trailer,utility trailer,utility trailer.,0.18,0.18,4,0.4362,"[247.86778259277344, 464.6728515625, 1167.2496337890625, 1038.1944580078125]",1
frame_0022.png,extras,trailer,open trailer,open trailer.,0.18,0.18,2,0.6143,"[247.781005859375, 463.9886779785156, 1169.0880126953125, 1044.9150390625]",1
frame_0022.png,extras,trailer,covered trailer,covered trailer.,0.18,0.18,3,0.5967,"[248.5429229736328, 465.3251647949219, 1167.1798095703125, 1017.49755859375]",1
frame_0022.png,extras,trailer,container trailer,container trailer.,0.18,0.18,5,0.3104,"[249.79112243652344, 464.7300720214844, 1165.2716064453125, 1026.6575927734375]",1
frame_0023.png,production,trailer,ALL_GROUP,trailer. cargo trailer. vehicle trailer. wheeled trailer. flatbed trailer. black trailer. utility trailer.,0.2,0.2,2,0.2938,"[653.693359375, 912.4824829101562, 811.1704711914062, 1024.26513671875]",1
frame_0023.png,production,electric utility vehicle+electric wheelchair+electric scooter+trolley,ALL_GROUP,electric utility vehicle. small electric cart. utility vehicle. golf cart. electric cart. small white utility vehicle. electric wheelchair. motorized wheelchair. power wheelchair. mobility scooter wheelchair. electric scooter. mobility scooter. stand-up scooter. kick scooter. scooter. trolley. hand cart. hand truck. luggage cart. flatbed cart. push cart. utility cart.,0.22,0.22,2,0.3221,"[651.8392333984375, 911.739013671875, 817.6510620117188, 1028.7652587890625]",1
frame_0023.png,production,pair of ramps,ALL_GROUP,pair of ramps. loading ramp. metal ramp. vehicle loading ramp. two metal ramps. aluminum ramp.,0.2,0.2,11,0.3954,"[405.3761901855469, 440.9407653808594, 1293.6072998046875, 1079.5411376953125]",1
frame_0023.png,production,portable power station+basketball,ALL_GROUP,portable power station. large power bank. battery box. power generator box. portable battery. power station. basketball. orange basketball. sports ball. rubber ball.,0.22,0.22,1,0.2589,"[408.8238830566406, 443.16705322265625, 1292.90234375, 1078.9488525390625]",1
frame_0023.png,production,rectangular table+umbrella,ALL_GROUP,rectangular table. outdoor table. picnic table. long rectangular table. folding table. work table. umbrella. outdoor umbrella. parasol. patio umbrella. hand umbrella.,0.24,0.24,3,0.3509,"[824.3597412109375, 926.059814453125, 1151.0301513671875, 1057.1502685546875]",1
frame_0023.png,production,cardboard box,ALL_GROUP,cardboard box. brown cardboard box. cardboard package. shipping box.,0.26,0.26,1,0.3015,"[995.524658203125, 837.11767578125, 1090.584716796875, 940.3380126953125]",1
frame_0023.png,production,chair,ALL_GROUP,chair. folding chair. outdoor chair. plastic chair. armless chair.,0.3,0.3,0,0.0,,0
frame_0023.png,production,traffic cone+prohibition sign,ALL_GROUP,traffic cone. road cone. safety cone. orange cone. construction cone. prohibition sign. no entry sign. red prohibition sign. do not enter sign. stop sign. red circular sign.,0.22,0.22,0,0.0,,0
frame_0023.png,extras,basketball,basketball,basketball.,0.18,0.18,0,0.0,,0
frame_0023.png,extras,basketball,orange basketball,orange basketball.,0.18,0.18,0,0.0,,0
frame_0023.png,extras,basketball,round orange ball,round orange ball.,0.18,0.18,2,0.5308,"[1154.8387451171875, 1654.1572265625, 1654.6956787109375, 1855.760986328125]",1
frame_0023.png,extras,basketball,rubber ball on ground,rubber ball on ground.,0.18,0.18,5,0.5623,"[10.42902946472168, 963.5748291015625, 2869.4482421875, 1848.3167724609375]",1
frame_0023.png,extras,basketball,sports ball,sports ball.,0.18,0.18,1,0.2595,"[1159.2186279296875, 1661.583740234375, 1645.206787109375, 1856.82421875]",1
frame_0023.png,extras,basketball,ball,ball.,0.18,0.18,1,0.2124,"[1158.8472900390625, 1661.322265625, 1647.4256591796875, 1856.2611083984375]",1
frame_0023.png,extras,umbrella,umbrella,umbrella.,0.2,0.2,6,0.2831,"[1784.670654296875, 813.1455688476562, 1881.6077880859375, 852.2116088867188]",1
frame_0023.png,extras,umbrella,outdoor umbrella,outdoor umbrella.,0.2,0.2,1,0.2001,"[434.0349426269531, 446.34259033203125, 1290.471435546875, 1081.80908203125]",1
frame_0023.png,extras,umbrella,patio umbrella,patio umbrella.,0.2,0.2,5,0.254,"[431.7989501953125, 445.9740905761719, 1290.163818359375, 1079.17724609375]",1
frame_0023.png,extras,umbrella,open umbrella,open umbrella.,0.2,0.2,5,0.3234,"[1156.110595703125, 1655.181396484375, 1647.3558349609375, 1854.2359619140625]",1
frame_0023.png,extras,umbrella,parasol,parasol.,0.2,0.2,0,0.0,,0
frame_0023.png,extras,umbrella,shade umbrella,shade umbrella.,0.2,0.2,7,0.3251,"[441.84283447265625, 445.95684814453125, 1291.3201904296875, 1075.687255859375]",1
frame_0023.png,extras,umbrella,folded umbrella,folded umbrella.,0.2,0.2,4,0.3036,"[135.59678649902344, 884.7725219726562, 295.2745056152344, 1023.3378295898438]",1
frame_0023.png,extras,electric_wheelchair,electric wheelchair,electric wheelchair.,0.2,0.2,2,0.3227,"[133.7460479736328, 898.8131103515625, 296.05322265625, 1023.542236328125]",1
frame_0023.png,extras,electric_wheelchair,motorized wheelchair,motorized wheelchair.,0.2,0.2,2,0.5377,"[653.662109375, 912.5300903320312, 818.514404296875, 1028.0352783203125]",1
frame_0023.png,extras,electric_wheelchair,power wheelchair,power wheelchair.,0.2,0.2,2,0.3238,"[133.604736328125, 895.748046875, 296.4200134277344, 1023.6326293945312]",1
frame_0023.png,extras,electric_wheelchair,wheelchair,wheelchair.,0.2,0.2,2,0.3295,"[656.619140625, 915.9852905273438, 817.8611450195312, 1018.9251098632812]",1
frame_0023.png,extras,electric_wheelchair,mobility chair,mobility chair.,0.2,0.2,5,0.3814,"[134.55001831054688, 898.3687744140625, 296.2671813964844, 1023.1717529296875]",1
frame_0023.png,extras,electric_wheelchair,powered mobility scooter,powered mobility scooter.,0.2,0.2,2,0.5227,"[131.84646606445312, 890.1010131835938, 298.92584228515625, 1027.48779296875]",1
frame_0023.png,extras,electric_scooter,electric scooter,electric scooter.,0.2,0.2,2,0.2676,"[133.7096405029297, 901.9116821289062, 296.3394775390625, 1024.00927734375]",1
frame_0023.png,extras,electric_scooter,stand-up scooter,stand-up scooter.,0.2,0.2,2,0.5204,"[130.87643432617188, 894.439697265625, 299.87530517578125, 1028.813720703125]",1
frame_0023.png,extras,electric_scooter,kick scooter,kick scooter.,0.2,0.2,2,0.4224,"[132.63633728027344, 898.684326171875, 297.6510925292969, 1025.78662109375]",1
frame_0023.png,extras,electric_scooter,two-wheeled scooter,two-wheeled scooter.,0.2,0.2,2,0.5605,"[130.0749053955078, 896.9808959960938, 300.3431091308594, 1028.9808349609375]",1
frame_0023.png,extras,electric_scooter,scooter,scooter.,0.2,0.2,2,0.2252,"[135.36070251464844, 899.228271484375, 294.67156982421875, 1020.797119140625]",1
frame_0023.png,extras,electric_scooter,electric kick scooter,electric kick scooter.,0.2,0.2,2,0.4942,"[131.74710083007812, 898.8053588867188, 298.0411071777344, 1026.5963134765625]",1
frame_0023.png,extras,prohibition_sign,prohibition sign,prohibition sign.,0.2,0.2,5,0.3405,"[428.0912780761719, 717.7633666992188, 636.17236328125, 1004.48486328125]",1
frame_0023.png,extras,prohibition_sign,no entry sign,no entry sign.,0.2,0.2,6,0.3302,"[420.1597900390625, 709.0721435546875, 645.669189453125, 1005.8939208984375]",1
frame_0023.png,extras,prohibition_sign,red prohibition sign,red prohibition sign.,0.2,0.2,5,0.3793,"[430.401123046875, 717.3702392578125, 634.3407592773438, 846.8480834960938]",1
frame_0023.png,extras,prohibition_sign,do not enter sign,do not enter sign.,0.2,0.2,5,0.3366,"[402.8420104980469, 440.1990661621094, 1299.64111328125, 1083.339599609375]",1
frame_0023.png,extras,prohibition_sign,stop sign,stop sign.,0.2,0.2,0,0.0,,0
frame_0023.png,extras,prohibition_sign,red circular sign,red circular sign.,0.2,0.2,1,0.4978,"[1148.4351806640625, 1649.968017578125, 1672.0516357421875, 1853.8702392578125]",1
frame_0023.png,extras,prohibition_sign,warning sign,warning sign.,0.2,0.2,6,0.2833,"[429.6625061035156, 720.0623779296875, 633.5516967773438, 1006.3739013671875]",1
frame_0023.png,extras,prohibition_sign,red sign on ground,red sign on ground.,0.2,0.2,5,0.4932,"[9.97859001159668, 961.2164916992188, 2870.00146484375, 1847.55712890625]",1
frame_0023.png,extras,pair_of_ramps,pair of ramps,pair of ramps.,0.18,0.18,3,0.5835,"[405.8346252441406, 439.10040283203125, 1294.4365234375, 1078.18017578125]",1
frame_0023.png,extras,pair_of_ramps,loading ramps,loading ramps.,0.18,0.18,9,0.3242,"[841.2937622070312, 933.8406982421875, 1145.851318359375, 1055.548583984375]",1
frame_0023.png,extras,pair_of_ramps,metal ramps on ground,metal ramps on ground.,0.18,0.18,6,0.5049,"[9.29494857788086, 961.0396728515625, 2869.169189453125, 1846.5518798828125]",1
frame_0023.png,extras,pair_of_ramps,vehicle loading ramp,vehicle loading ramp.,0.18,0.18,8,0.3917,"[827.0451049804688, 929.1260986328125, 1151.0655517578125, 1056.93212890625]",1
frame_0023.png,extras,pair_of_ramps,two metal ramps,two metal ramps.,0.18,0.18,1,0.6534,"[405.1637268066406, 439.9534606933594, 1295.4324951171875, 1079.466552734375]",1
frame_0023.png,extras,pair_of_ramps,ramp,ramp.,0.18,0.18,6,0.2982,"[2250.32958984375, 1671.556640625, 2878.221923828125, 1854.9007568359375]",1
frame_0023.png,extras,pair_of_ramps,aluminum ramp,aluminum ramp.,0.18,0.18,8,0.4371,"[2248.579833984375, 1669.2725830078125, 2877.880126953125, 1854.3428955078125]",1
frame_0023.png,extras,pair_of_ramps,incline ramp,incline ramp.,0.18,0.18,1,0.2562,"[2250.04833984375, 1670.68994140625, 2878.176025390625, 1854.41064453125]",1
frame_0023.png,extras,trailer,trailer,trailer.,0.18,0.18,0,0.0,,0
frame_0023.png,extras,trailer,cargo trailer,cargo trailer.,0.18,0.18,3,0.4302,"[412.93341064453125, 446.2319030761719, 1289.8375244140625, 1058.2916259765625]",1
frame_0023.png,extras,trailer,vehicle trailer,vehicle trailer.,0.18,0.18,5,0.4072,"[134.38894653320312, 898.7721557617188, 295.48175048828125, 1022.6575317382812]",1
frame_0023.png,extras,trailer,wheeled trailer,wheeled trailer.,0.18,0.18,5,0.3869,"[134.12246704101562, 898.4088745117188, 296.56048583984375, 1023.8386840820312]",1
frame_0023.png,extras,trailer,small trailer,small trailer.,0.18,0.18,5,0.3519,"[411.17913818359375, 443.45220947265625, 1292.1875, 1076.677734375]",1
frame_0023.png,extras,trailer,utility trailer,utility trailer.,0.18,0.18,3,0.5646,"[412.8583984375, 445.4186096191406, 1290.9976806640625, 1074.3118896484375]",1
frame_0023.png,extras,trailer,open trailer,open trailer.,0.18,0.18,1,0.6847,"[412.1603698730469, 445.02685546875, 1292.1435546875, 1074.31982421875]",1
frame_0023.png,extras,trailer,covered trailer,covered trailer.,0.18,0.18,2,0.6401,"[412.0970764160156, 445.6768798828125, 1291.3759765625, 1059.536376953125]",1
frame_0023.png,extras,trailer,container trailer,container trailer.,0.18,0.18,3,0.3118,"[414.5869140625, 445.4148254394531, 1289.4700927734375, 1065.891845703125]",1
frame_0024.png,production,trailer,ALL_GROUP,trailer. cargo trailer. vehicle trailer. wheeled trailer. flatbed trailer. black trailer. utility trailer.,0.2,0.2,4,0.3013,"[619.0440673828125, 911.0868530273438, 770.6448364257812, 1037.5885009765625]",1
frame_0024.png,production,electric utility vehicle+electric wheelchair+electric scooter+trolley,ALL_GROUP,electric utility vehicle. small electric cart. utility vehicle. golf cart. electric cart. small white utility vehicle. electric wheelchair. motorized wheelchair. power wheelchair. mobility scooter wheelchair. electric scooter. mobility scooter. stand-up scooter. kick scooter. scooter. trolley. hand cart. hand truck. luggage cart. flatbed cart. push cart. utility cart.,0.22,0.22,3,0.3193,"[616.221435546875, 911.197998046875, 768.0325927734375, 1036.3380126953125]",1
frame_0024.png,production,pair of ramps,ALL_GROUP,pair of ramps. loading ramp. metal ramp. vehicle loading ramp. two metal ramps. aluminum ramp.,0.2,0.2,10,0.4033,"[356.5361022949219, 393.4344482421875, 1287.3487548828125, 1074.0020751953125]",1
frame_0024.png,production,portable power station+basketball,ALL_GROUP,portable power station. large power bank. battery box. power generator box. portable battery. power station. basketball. orange basketball. sports ball. rubber ball.,0.22,0.22,0,0.0,,0
frame_0024.png,production,rectangular table+umbrella,ALL_GROUP,rectangular table. outdoor table. picnic table. long rectangular table. folding table. work table. umbrella. outdoor umbrella. parasol. patio umbrella. hand umbrella.,0.24,0.24,3,0.3576,"[783.5130615234375, 928.006103515625, 1128.6873779296875, 1063.5150146484375]",1
frame_0024.png,production,cardboard box,ALL_GROUP,cardboard box. brown cardboard box. cardboard package. shipping box.,0.26,0.26,1,0.4412,"[969.4293212890625, 836.298095703125, 1071.8321533203125, 940.2083129882812]",1
frame_0024.png,production,chair,ALL_GROUP,chair. folding chair. outdoor chair. plastic chair. armless chair.,0.3,0.3,3,0.3602,"[654.5084228515625, 916.5538940429688, 763.39404296875, 1038.2537841796875]",1
frame_0024.png,production,traffic cone+prohibition sign,ALL_GROUP,traffic cone. road cone. safety cone. orange cone. construction cone. prohibition sign. no entry sign. red prohibition sign. do not enter sign. stop sign. red circular sign.,0.22,0.22,1,0.2248,"[395.55364990234375, 709.302001953125, 611.32470703125, 843.9271240234375]",1
frame_0024.png,extras,basketball,basketball,basketball.,0.18,0.18,0,0.0,,0
frame_0024.png,extras,basketball,orange basketball,orange basketball.,0.18,0.18,0,0.0,,0
frame_0024.png,extras,basketball,round orange ball,round orange ball.,0.18,0.18,1,0.6878,"[1155.445556640625, 1651.8162841796875, 1668.6859130859375, 1855.3114013671875]",1
frame_0024.png,extras,basketball,rubber ball on ground,rubber ball on ground.,0.18,0.18,5,0.5109,"[10.334787368774414, 972.4677124023438, 2869.751708984375, 1848.4561767578125]",1
frame_0024.png,extras,basketball,sports ball,sports ball.,0.18,0.18,1,0.3333,"[1159.4056396484375, 1660.38623046875, 1661.3966064453125, 1856.916015625]",1
frame_0024.png,extras,basketball,ball,ball.,0.18,0.18,1,0.2455,"[1159.1275634765625, 1660.4261474609375, 1665.827880859375, 1856.502685546875]",1
frame_0024.png,extras,umbrella,umbrella,umbrella.,0.2,0.2,4,0.2965,"[0.6931257247924805, 1737.58154296875, 460.23895263671875, 1856.7623291015625]",1
frame_0024.png,extras,umbrella,outdoor umbrella,outdoor umbrella.,0.2,0.2,0,0.0,,0
frame_0024.png,extras,umbrella,patio umbrella,patio umbrella.,0.2,0.2,2,0.2291,"[2.050924301147461, 1734.4857177734375, 460.3770446777344, 1855.2813720703125]",1
frame_0024.png,extras,umbrella,open umbrella,open umbrella.,0.2,0.2,6,0.321,"[1158.453857421875, 1654.7723388671875, 1665.8614501953125, 1854.23095703125]",1
frame_0024.png,extras,umbrella,parasol,parasol.,0.2,0.2,0,0.0,,0
frame_0024.png,extras,umbrella,shade umbrella,shade umbrella.,0.2,0.2,7,0.3244,"[386.00201416015625, 400.66632080078125, 1284.5953369140625, 1046.9024658203125]",1
frame_0024.png,extras,umbrella,folded umbrella,folded umbrella.,0.2,0.2,5,0.3353,"[1.16379976272583, 1735.9161376953125, 460.0038146972656, 1854.8270263671875]",1
frame_0024.png,extras,electric_wheelchair,electric wheelchair,electric wheelchair.,0.2,0.2,2,0.2864,"[80.78242492675781, 887.754150390625, 250.75718688964844, 1029.27001953125]",1
frame_0024.png,extras,electric_wheelchair,motorized wheelchair,motorized wheelchair.,0.2,0.2,2,0.5147,"[81.31549835205078, 887.8318481445312, 250.64927673339844, 1030.0736083984375]",1
frame_0024.png,extras,electric_wheelchair,power wheelchair,power wheelchair.,0.2,0.2,2,0.2999,"[80.92450714111328, 887.043701171875, 250.85496520996094, 1029.641357421875]",1
frame_0024.png,extras,electric_wheelchair,wheelchair,wheelchair.,0.2,0.2,2,0.2846,"[82.19955444335938, 891.7369384765625, 249.6778106689453, 1027.13818359375]",1
frame_0024.png,extras,electric_wheelchair,mobility chair,mobility chair.,0.2,0.2,5,0.4054,"[656.8197631835938, 916.8240356445312, 764.3345336914062, 1037.626708984375]",1
frame_0024.png,extras,electric_wheelchair,powered mobility scooter,powered mobility scooter.,0.2,0.2,2,0.5899,"[79.1384506225586, 884.8783569335938, 253.78671264648438, 1033.2132568359375]",1
frame_0024.png,extras,electric_scooter,electric scooter,electric scooter.,0.2,0.2,2,0.3193,"[80.7253189086914, 888.9552612304688, 250.7528076171875, 1029.720947265625]",1
frame_0024.png,extras,electric_scooter,stand-up scooter,stand-up scooter.,0.2,0.2,2,0.5683,"[77.93923950195312, 888.4187622070312, 254.45761108398438, 1034.7039794921875]",1
frame_0024.png,extras,electric_scooter,kick scooter,kick scooter.,0.2,0.2,2,0.5242,"[80.07083892822266, 892.57861328125, 252.0633544921875, 1031.52783203125]",1
frame_0024.png,extras,electric_scooter,two-wheeled scooter,two-wheeled scooter.,0.2,0.2,2,0.6352,"[76.48576354980469, 889.1594848632812, 255.19882202148438, 1035.0364990234375]",1
frame_0024.png,extras,electric_scooter,scooter,scooter.,0.2,0.2,1,0.2672,"[82.08607482910156, 889.3908081054688, 250.04989624023438, 1026.9752197265625]",1
frame_0024.png,extras,electric_scooter,electric kick scooter,electric kick scooter.,0.2,0.2,2,0.5826,"[79.38539123535156, 891.728271484375, 252.75155639648438, 1032.574462890625]",1
frame_0024.png,extras,prohibition_sign,prohibition sign,prohibition sign.,0.2,0.2,4,0.3924,"[395.74951171875, 712.0198364257812, 610.167724609375, 843.9658203125]",1
frame_0024.png,extras,prohibition_sign,no entry sign,no entry sign.,0.2,0.2,4,0.3849,"[389.3228454589844, 704.8453369140625, 614.803955078125, 847.90673828125]",1
frame_0024.png,extras,prohibition_sign,red prohibition sign,red prohibition sign.,0.2,0.2,4,0.4099,"[392.766845703125, 708.3883056640625, 613.1012573242188, 845.035400390625]",1
frame_0024.png,extras,prohibition_sign,do not enter sign,do not enter sign.,0.2,0.2,4,0.3332,"[355.2481689453125, 392.9560852050781, 1293.728271484375, 1085.9449462890625]",1
frame_0024.png,extras,prohibition_sign,stop sign,stop sign.,0.2,0.2,0,0.0,,0
frame_0024.png,extras,prohibition_sign,red circular sign,red circular sign.,0.2,0.2,1,0.522,"[1150.7183837890625, 1649.1246337890625, 1676.385498046875, 1853.8511962890625]",1
frame_0024.png,extras,prohibition_sign,warning sign,warning sign.,0.2,0.2,4,0.2907,"[366.7004699707031, 399.9202575683594, 1284.01708984375, 1081.9617919921875]",1
frame_0024.png,extras,prohibition_sign,red sign on ground,red sign on ground.,0.2,0.2,6,0.4927,"[9.832420349121094, 968.1353149414062, 2870.2822265625, 1848.2615966796875]",1
frame_0024.png,extras,pair_of_ramps,pair of ramps,pair of ramps.,0.18,0.18,3,0.5883,"[359.4275817871094, 391.1528015136719, 1287.8902587890625, 1074.7562255859375]",1
frame_0024.png,extras,pair_of_ramps,loading ramps,loading ramps.,0.18,0.18,7,0.3528,"[372.4426574707031, 400.21112060546875, 1283.490966796875, 1068.9969482421875]",1
frame_0024.png,extras,pair_of_ramps,metal ramps on ground,metal ramps on ground.,0.18,0.18,5,0.4705,"[9.160451889038086, 966.901611328125, 2869.451171875, 1847.051513671875]",1
frame_0024.png,extras,pair_of_ramps,vehicle loading ramp,vehicle loading ramp.,0.18,0.18,6,0.3509,"[783.48681640625, 930.0684204101562, 1127.259521484375, 1063.7159423828125]",1
frame_0024.png,extras,pair_of_ramps,two metal ramps,two metal ramps.,0.18,0.18,1,0.6275,"[358.1542053222656, 392.6995849609375, 1288.4908447265625, 1080.81787109375]",1
frame_0024.png,extras,pair_of_ramps,ramp,ramp.,0.18,0.18,1,0.1884,"[2248.478271484375, 1672.6397705078125, 2878.04541015625, 1854.5400390625]",1
frame_0024.png,extras,pair_of_ramps,aluminum ramp,aluminum ramp.,0.18,0.18,9,0.4133,"[2246.119140625, 1670.24560546875, 2878.132080078125, 1854.263427734375]",1
frame_0024.png,extras,pair_of_ramps,incline ramp,incline ramp.,0.18,0.18,0,0.0,,0
frame_0024.png,extras,trailer,trailer,trailer.,0.18,0.18,2,0.213,"[659.6901245117188, 915.1719360351562, 764.9884033203125, 1035.2935791015625]",1
frame_0024.png,extras,trailer,cargo trailer,cargo trailer.,0.18,0.18,2,0.4789,"[376.5621337890625, 400.5002746582031, 1283.717041015625, 1038.541748046875]",1
frame_0024.png,extras,trailer,vehicle trailer,vehicle trailer.,0.18,0.18,6,0.3884,"[373.73040771484375, 400.04205322265625, 1283.9969482421875, 1046.945068359375]",1
frame_0024.png,extras,trailer,wheeled trailer,wheeled trailer.,0.18,0.18,7,0.3336,"[656.0135498046875, 914.9345092773438, 765.6813354492188, 1039.589111328125]",1
frame_0024.png,extras,trailer,small trailer,small trailer.,0.18,0.18,6,0.3429,"[433.2124328613281, 905.2354736328125, 587.9328002929688, 1014.776611328125]",1
frame_0024.png,extras,trailer,utility trailer,utility trailer.,0.18,0.18,3,0.4972,"[372.0174560546875, 399.1123046875, 1284.6685791015625, 1058.752685546875]",1
frame_0024.png,extras,trailer,open trailer,open trailer.,0.18,0.18,2,0.619,"[371.1378479003906, 399.00018310546875, 1285.6826171875, 1056.2366943359375]",1
frame_0024.png,extras,trailer,covered trailer,covered trailer.,0.18,0.18,2,0.6173,"[375.021240234375, 400.26177978515625, 1285.16845703125, 1041.0211181640625]",1
frame_0024.png,extras,trailer,container trailer,container trailer.,0.18,0.18,4,0.342,"[376.609619140625, 399.79974365234375, 1283.186767578125, 1041.089599609375]",1
frame_0025.png,production,trailer,ALL_GROUP,trailer. cargo trailer. vehicle trailer. wheeled trailer. flatbed trailer. black trailer. utility trailer.,0.2,0.2,2,0.2976,"[251.6810302734375, 299.1205139160156, 1249.737548828125, 1073.9251708984375]",1
frame_0025.png,production,electric utility vehicle+electric wheelchair+electric scooter+trolley,ALL_GROUP,electric utility vehicle. small electric cart. utility vehicle. golf cart. electric cart. small white utility vehicle. electric wheelchair. motorized wheelchair. power wheelchair. mobility scooter wheelchair. electric scooter. mobility scooter. stand-up scooter. kick scooter. scooter. trolley. hand cart. hand truck. luggage cart. flatbed cart. push cart. utility cart.,0.22,0.22,3,0.3306,"[1.3656949996948242, 877.7828369140625, 165.25405883789062, 1036.5179443359375]",1
frame_0025.png,production,pair of ramps,ALL_GROUP,pair of ramps. loading ramp. metal ramp. vehicle loading ramp. two metal ramps. aluminum ramp.,0.2,0.2,8,0.4329,"[234.93576049804688, 292.6244201660156, 1255.5941162109375, 1092.1080322265625]",1
frame_0025.png,production,portable power station+basketball,ALL_GROUP,portable power station. large power bank. battery box. power generator box. portable battery. power station. basketball. orange basketball. sports ball. rubber ball.,0.22,0.22,1,0.2469,"[239.750732421875, 297.7723083496094, 1250.6363525390625, 1109.589599609375]",1
frame_0025.png,production,rectangular table+umbrella,ALL_GROUP,rectangular table. outdoor table. picnic table. long rectangular table. folding table. work table. umbrella. outdoor umbrella. parasol. patio umbrella. hand umbrella.,0.24,0.24,3,0.3855,"[688.8011474609375, 923.3282470703125, 1075.2557373046875, 1080.5621337890625]",1
frame_0025.png,production,cardboard box,ALL_GROUP,cardboard box. brown cardboard box. cardboard package. shipping box.,0.26,0.26,1,0.4106,"[911.5861206054688, 831.8861694335938, 1020.9014282226562, 939.0741577148438]",1
frame_0025.png,production,chair,ALL_GROUP,chair. folding chair. outdoor chair. plastic chair. armless chair.,0.3,0.3,3,0.3552,"[2251.416015625, 1669.269287109375, 2878.658447265625, 1853.72607421875]",1
frame_0025.png,production,traffic cone+prohibition sign,ALL_GROUP,traffic cone. road cone. safety cone. orange cone. construction cone. prohibition sign. no entry sign. red prohibition sign. do not enter sign. stop sign. red circular sign.,0.22,0.22,1,0.2847,"[345.88116455078125, 699.0740966796875, 556.5156860351562, 833.98681640625]",1
frame_0025.png,extras,basketball,basketball,basketball.,0.18,0.18,0,0.0,,0
frame_0025.png,extras,basketball,orange basketball,orange basketball.,0.18,0.18,0,0.0,,0
frame_0025.png,extras,basketball,round orange ball,round orange ball.,0.18,0.18,1,0.5558,"[1156.827880859375, 1654.39208984375, 1661.2783203125, 1857.023193359375]",1
frame_0025.png,extras,basketball,rubber ball on ground,rubber ball on ground.,0.18,0.18,4,0.5313,"[9.176931381225586, 967.7962036132812, 2869.36865234375, 1848.8687744140625]",1
frame_0025.png,extras,basketball,sports ball,sports ball.,0.18,0.18,1,0.2425,"[1159.7359619140625, 1661.4625244140625, 1648.341064453125, 1857.0909423828125]",1
frame_0025.png,extras,basketball,ball,ball.,0.18,0.18,0,0.0,,0
frame_0025.png,extras,umbrella,umbrella,umbrella.,0.2,0.2,3,0.2911,"[0.6693077087402344, 1738.2877197265625, 460.2477111816406, 1856.934814453125]",1
frame_0025.png,extras,umbrella,outdoor umbrella,outdoor umbrella.,0.2,0.2,1,0.2427,"[241.8867950439453, 301.57611083984375, 1248.27490234375, 1127.036376953125]",1
frame_0025.png,extras,umbrella,patio umbrella,patio umbrella.,0.2,0.2,3,0.2795,"[243.9867401123047, 301.2443542480469, 1248.4930419921875, 1122.5318603515625]",1
frame_0025.png,extras,umbrella,open umbrella,open umbrella.,0.2,0.2,5,0.3462,"[1157.076416015625, 1655.9012451171875, 1655.68701171875, 1854.5853271484375]",1
frame_0025.png,extras,umbrella,parasol,parasol.,0.2,0.2,0,0.0,,0
frame_0025.png,extras,umbrella,shade umbrella,shade umbrella.,0.2,0.2,9,0.3282,"[255.6375274658203, 300.9378356933594, 1249.0384521484375, 1112.3927001953125]",1
frame_0025.png,extras,umbrella,folded umbrella,folded umbrella.,0.2,0.2,4,0.3162,"[247.41390991210938, 302.98321533203125, 1247.7911376953125, 1107.332763671875]",1
frame_0025.png,extras,electric_wheelchair,electric wheelchair,electric wheelchair.,0.2,0.2,2,0.2485,"[543.7543334960938, 860.8710327148438, 733.9242553710938, 1031.829345703125]",1
frame_0025.png,extras,electric_wheelchair,motorized wheelchair,motorized wheelchair.,0.2,0.2,3,0.4354,"[543.7029418945312, 862.1245727539062, 734.203857421875, 1032.98291015625]",1
frame_0025.png,extras,electric_wheelchair,power wheelchair,power wheelchair.,0.2,0.2,3,0.2666,"[2.1077120304107666, 879.5684814453125, 164.4058837890625, 1033.25]",1
frame_0025.png,extras,electric_wheelchair,wheelchair,wheelchair.,0.2,0.2,2,0.2943,"[544.1824340820312, 860.382568359375, 732.5538330078125, 1029.68212890625]",1
frame_0025.png,extras,electric_wheelchair,mobility chair,mobility chair.,0.2,0.2,5,0.3383,"[3.5910110473632812, 878.8453979492188, 163.1065673828125, 1033.14990234375]",1
frame_0025.png,extras,electric_wheelchair,powered mobility scooter,powered mobility scooter.,0.2,0.2,2,0.5697,"[2.074136257171631, 875.75390625, 166.6136932373047, 1037.658935546875]",1
frame_0025.png,extras,electric_scooter,electric scooter,electric scooter.,0.2,0.2,2,0.2707,"[543.4468383789062, 860.135009765625, 734.5386962890625, 1033.71240234375]",1
frame_0025.png,extras,electric_scooter,stand-up scooter,stand-up scooter.,0.2,0.2,2,0.4882,"[2.4535722732543945, 875.6380615234375, 168.30184936523438, 1039.333251953125]",1
frame_0025.png,extras,electric_scooter,kick scooter,kick scooter.,0.2,0.2,3,0.4103,"[1.289917230606079, 878.6187744140625, 165.5412139892578, 1035.7427978515625]",1
frame_0025.png,extras,electric_scooter,two-wheeled scooter,two-wheeled scooter.,0.2,0.2,3,0.5545,"[2.2963786125183105, 876.4659423828125, 168.20053100585938, 1039.1556396484375]",1
frame_0025.png,extras,electric_scooter,scooter,scooter.,0.2,0.2,2,0.2252,"[1.2951797246932983, 880.2461547851562, 163.03472900390625, 1031.5338134765625]",1
frame_0025.png,extras,electric_scooter,electric kick scooter,electric kick scooter.,0.2,0.2,3,0.4957,"[1.8308115005493164, 877.8572387695312, 166.09814453125, 1036.571044921875]",1
frame_0025.png,extras,prohibition_sign,prohibition sign,prohibition sign.,0.2,0.2,4,0.4547,"[349.3390197753906, 702.8585815429688, 554.9544677734375, 833.357666015625]",1
frame_0025.png,extras,prohibition_sign,no entry sign,no entry sign.,0.2,0.2,4,0.4497,"[339.8111267089844, 694.8768310546875, 560.7578735351562, 837.5127563476562]",1
frame_0025.png,extras,prohibition_sign,red prohibition sign,red prohibition sign.,0.2,0.2,4,0.4596,"[344.2127685546875, 698.885009765625, 558.3836669921875, 835.5599365234375]",1
frame_0025.png,extras,prohibition_sign,do not enter sign,do not enter sign.,0.2,0.2,4,0.3013,"[230.77297973632812, 295.6354064941406, 1256.9173583984375, 1127.194091796875]",1
frame_0025.png,extras,prohibition_sign,stop sign,stop sign.,0.2,0.2,0,0.0,,0
frame_0025.png,extras,prohibition_sign,red circular sign,red circular sign.,0.2,0.2,2,0.4961,"[1150.56298828125, 1650.85791015625, 1675.305908203125, 1855.3756103515625]",1
frame_0025.png,extras,prohibition_sign,warning sign,warning sign.,0.2,0.2,7,0.325,"[351.4772644042969, 703.9691162109375, 555.10205078125, 832.4126586914062]",1
frame_0025.png,extras,prohibition_sign,red sign on ground,red sign on ground.,0.2,0.2,5,0.4693,"[9.070415496826172, 965.2815551757812, 2870.07275390625, 1848.563232421875]",1
frame_0025.png,extras,pair_of_ramps,pair of ramps,pair of ramps.,0.18,0.18,2,0.5952,"[243.87734985351562, 293.0318603515625, 1252.5435791015625, 1086.41845703125]",1
frame_0025.png,extras,pair_of_ramps,loading ramps,loading ramps.,0.18,0.18,11,0.3047,"[250.3601837158203, 301.03472900390625, 1248.6396484375, 1081.34521484375]",1
frame_0025.png,extras,pair_of_ramps,metal ramps on ground,metal ramps on ground.,0.18,0.18,8,0.4449,"[8.505048751831055, 962.3565063476562, 2869.04150390625, 1847.2205810546875]",1
frame_0025.png,extras,pair_of_ramps,vehicle loading ramp,vehicle loading ramp.,0.18,0.18,6,0.3531,"[242.73223876953125, 298.4096374511719, 1251.28076171875, 1081.4874267578125]",1
frame_0025.png,extras,pair_of_ramps,two metal ramps,two metal ramps.,0.18,0.18,1,0.6049,"[237.88966369628906, 293.6121520996094, 1253.883056640625, 1102.8807373046875]",1
frame_0025.png,extras,pair_of_ramps,ramp,ramp.,0.18,0.18,4,0.2537,"[2247.654296875, 1671.3927001953125, 2878.354248046875, 1855.05615234375]",1
frame_0025.png,extras,pair_of_ramps,aluminum ramp,aluminum ramp.,0.18,0.18,10,0.3828,"[2245.924560546875, 1669.4261474609375, 2877.91064453125, 1854.3883056640625]",1
frame_0025.png,extras,pair_of_ramps,incline ramp,incline ramp.,0.18,0.18,1,0.225,"[2247.88916015625, 1670.7164306640625, 2878.2841796875, 1854.3665771484375]",1
frame_0025.png,extras,trailer,trailer,trailer.,0.18,0.18,2,0.2545,"[259.4266052246094, 300.7281188964844, 1247.670166015625, 1068.0657958984375]",1
frame_0025.png,extras,trailer,cargo trailer,cargo trailer.,0.18,0.18,4,0.4527,"[261.6415100097656, 300.8943176269531, 1248.0091552734375, 1060.900390625]",1
frame_0025.png,extras,trailer,vehicle trailer,vehicle trailer.,0.18,0.18,5,0.4118,"[251.79119873046875, 300.42291259765625, 1248.2796630859375, 1070.4085693359375]",1
frame_0025.png,extras,trailer,wheeled trailer,wheeled trailer.,0.18,0.18,4,0.3925,"[251.09698486328125, 300.7704772949219, 1248.9788818359375, 1079.971435546875]",1
frame_0025.png,extras,trailer,small trailer,small trailer.,0.18,0.18,4,0.3814,"[248.7108612060547, 298.6694030761719, 1251.0555419921875, 1084.380615234375]",1
frame_0025.png,extras,trailer,utility trailer,utility trailer.,0.18,0.18,3,0.4639,"[252.80471801757812, 299.9609069824219, 1248.4468994140625, 1075.0960693359375]",1
frame_0025.png,extras,trailer,open trailer,open trailer.,0.18,0.18,2,0.5199,"[248.91375732421875, 299.8774719238281, 1250.1083984375, 1080.94482421875]",1
frame_0025.png,extras,trailer,covered trailer,covered trailer.,0.18,0.18,2,0.4973,"[257.8236389160156, 300.6971435546875, 1249.400146484375, 1060.5980224609375]",1
frame_0025.png,extras,trailer,container trailer,container trailer.,0.18,0.18,4,0.3614,"[259.17327880859375, 300.2122497558594, 1248.038818359375, 1066.730224609375]",1
frame_0026.png,production,trailer,ALL_GROUP,trailer. cargo trailer. vehicle trailer. wheeled trailer. flatbed trailer. black trailer. utility trailer.,0.2,0.2,4,0.3572,"[1.5965795516967773, 603.0399169921875, 378.6350402832031, 1017.9945068359375]",1
frame_0026.png,production,electric utility vehicle+electric wheelchair+electric scooter+trolley,ALL_GROUP,electric utility vehicle. small electric cart. utility vehicle. golf cart. electric cart. small white utility vehicle. electric wheelchair. motorized wheelchair. power wheelchair. mobility scooter wheelchair. electric scooter. mobility scooter. stand-up scooter. kick scooter. scooter. trolley. hand cart. hand truck. luggage cart. flatbed cart. push cart. utility cart.,0.22,0.22,4,0.3793,"[1.638486385345459, 602.1141357421875, 379.6304931640625, 1020.50146484375]",1
frame_0026.png,production,pair of ramps,ALL_GROUP,pair of ramps. loading ramp. metal ramp. vehicle loading ramp. two metal ramps. aluminum ramp.,0.2,0.2,12,0.569,"[3.582916259765625, 599.8073120117188, 384.2522277832031, 1018.5891723632812]",1
frame_0026.png,production,portable power station+basketball,ALL_GROUP,portable power station. large power bank. battery box. power generator box. portable battery. power station. basketball. orange basketball. sports ball. rubber ball.,0.22,0.22,0,0.0,,0
frame_0026.png,production,rectangular table+umbrella,ALL_GROUP,rectangular table. outdoor table. picnic table. long rectangular table. folding table. work table. umbrella. outdoor umbrella. parasol. patio umbrella. hand umbrella.,0.24,0.24,1,0.3633,"[1336.1275634765625, 915.2901611328125, 1862.2362060546875, 1149.968017578125]",1
frame_0026.png,production,cardboard box,ALL_GROUP,cardboard box. brown cardboard box. cardboard package. shipping box.,0.26,0.26,2,0.3652,"[1613.9461669921875, 768.0177001953125, 1761.263916015625, 930.0624389648438]",1
frame_0026.png,production,chair,ALL_GROUP,chair. folding chair. outdoor chair. plastic chair. armless chair.,0.3,0.3,2,0.3434,"[2265.828369140625, 1670.051513671875, 2878.71240234375, 1853.9305419921875]",1
frame_0026.png,production,traffic cone+prohibition sign,ALL_GROUP,traffic cone. road cone. safety cone. orange cone. construction cone. prohibition sign. no entry sign. red prohibition sign. do not enter sign. stop sign. red circular sign.,0.22,0.22,1,0.2309,"[1759.926025390625, 946.7068481445312, 1838.583984375, 994.2147827148438]",1
frame_0026.png,extras,basketball,basketball,basketball.,0.18,0.18,0,0.0,,0
frame_0026.png,extras,basketball,orange basketball,orange basketball.,0.18,0.18,0,0.0,,0
frame_0026.png,extras,basketball,round orange ball,round orange ball.,0.18,0.18,1,0.782,"[1159.02685546875, 1648.035400390625, 1688.68408203125, 1854.6639404296875]",1
frame_0026.png,extras,basketball,rubber ball on ground,rubber ball on ground.,0.18,0.18,4,0.4946,"[9.404382705688477, 964.4658203125, 2868.162841796875, 1848.7188720703125]",1
frame_0026.png,extras,basketball,sports ball,sports ball.,0.18,0.18,1,0.4593,"[1162.531982421875, 1656.07275390625, 1690.7742919921875, 1857.2373046875]",1
frame_0026.png,extras,basketball,ball,ball.,0.18,0.18,1,0.3257,"[1161.8338623046875, 1655.763427734375, 1691.58984375, 1856.8682861328125]",1
frame_0026.png,extras,umbrella,umbrella,umbrella.,0.2,0.2,2,0.2178,"[1.1863517761230469, 1737.599365234375, 462.3446350097656, 1856.4327392578125]",1
frame_0026.png,extras,umbrella,outdoor umbrella,outdoor umbrella.,0.2,0.2,0,0.0,,0
frame_0026.png,extras,umbrella,patio umbrella,patio umbrella.,0.2,0.2,2,0.2703,"[912.6736450195312, 2.1262729167938232, 2070.62353515625, 1242.3974609375]",1
frame_0026.png,extras,umbrella,open umbrella,open umbrella.,0.2,0.2,3,0.3201,"[1160.9017333984375, 1650.656494140625, 1692.570556640625, 1853.773193359375]",1
frame_0026.png,extras,umbrella,parasol,parasol.,0.2,0.2,0,0.0,,0
frame_0026.png,extras,umbrella,shade umbrella,shade umbrella.,0.2,0.2,9,0.2658,"[1178.4388427734375, 0.29293209314346313, 2063.2509765625, 884.2723388671875]",1
frame_0026.png,extras,umbrella,folded umbrella,folded umbrella.,0.2,0.2,4,0.2944,"[1.0676908493041992, 1736.04248046875, 463.37054443359375, 1854.986083984375]",1
frame_0026.png,extras,electric_wheelchair,electric wheelchair,electric wheelchair.,0.2,0.2,2,0.2831,"[792.9154663085938, 885.4553833007812, 908.6107788085938, 1009.8088989257812]",1
frame_0026.png,extras,electric_wheelchair,motorized wheelchair,motorized wheelchair.,0.2,0.2,2,0.5966,"[792.2882080078125, 883.1803588867188, 910.1200561523438, 1010.3829345703125]",1
frame_0026.png,extras,electric_wheelchair,power wheelchair,power wheelchair.,0.2,0.2,2,0.3034,"[792.77783203125, 884.3717041015625, 909.476318359375, 1010.095458984375]",1
frame_0026.png,extras,electric_wheelchair,wheelchair,wheelchair.,0.2,0.2,1,0.2604,"[794.0347290039062, 886.6448974609375, 906.6339111328125, 1008.15478515625]",1
frame_0026.png,extras,electric_wheelchair,mobility chair,mobility chair.,0.2,0.2,5,0.3751,"[794.2396850585938, 883.2388305664062, 909.105712890625, 1008.5504760742188]",1
frame_0026.png,extras,electric_wheelchair,powered mobility scooter,powered mobility scooter.,0.2,0.2,2,0.548,"[789.00341796875, 879.0219116210938, 914.2744750976562, 1013.439697265625]",1
frame_0026.png,extras,electric_scooter,electric scooter,electric scooter.,0.2,0.2,2,0.3435,"[792.6642456054688, 884.4227905273438, 910.4498901367188, 1010.5272827148438]",1
frame_0026.png,extras,electric_scooter,stand-up scooter,stand-up scooter.,0.2,0.2,2,0.5036,"[787.720947265625, 879.2041015625, 914.9486083984375, 1014.9832763671875]",1
frame_0026.png,extras,electric_scooter,kick scooter,kick scooter.,0.2,0.2,2,0.3974,"[790.4029541015625, 883.7001342773438, 911.1514892578125, 1011.9998168945312]",1
frame_0026.png,extras,electric_scooter,two-wheeled scooter,two-wheeled scooter.,0.2,0.2,2,0.5916,"[787.1885375976562, 879.7640380859375, 914.6026611328125, 1014.7907104492188]",1
frame_0026.png,extras,electric_scooter,scooter,scooter.,0.2,0.2,1,0.2265,"[794.8067016601562, 885.1909790039062, 907.2442016601562, 1008.1303100585938]",1
frame_0026.png,extras,electric_scooter,electric kick scooter,electric kick scooter.,0.2,0.2,3,0.4691,"[789.915283203125, 882.4411010742188, 912.833251953125, 1012.9464721679688]",1
frame_0026.png,extras,prohibition_sign,prohibition sign,prohibition sign.,0.2,0.2,4,0.3649,"[1102.8812255859375, 710.6659545898438, 1302.06396484375, 846.4933471679688]",1
frame_0026.png,extras,prohibition_sign,no entry sign,no entry sign.,0.2,0.2,3,0.3646,"[1091.6927490234375, 705.1029052734375, 1308.4102783203125, 853.0886840820312]",1
frame_0026.png,extras,prohibition_sign,red prohibition sign,red prohibition sign.,0.2,0.2,6,0.3613,"[1096.2486572265625, 707.1458740234375, 1305.626708984375, 848.9473876953125]",1
frame_0026.png,extras,prohibition_sign,do not enter sign,do not enter sign.,0.2,0.2,3,0.2721,"[1159.4669189453125, 1645.40625, 1689.842529296875, 1855.08837890625]",1
frame_0026.png,extras,prohibition_sign,stop sign,stop sign.,0.2,0.2,0,0.0,,0
frame_0026.png,extras,prohibition_sign,red circular sign,red circular sign.,0.2,0.2,2,0.5262,"[1156.4051513671875, 1645.698486328125, 1695.977294921875, 1853.65673828125]",1
frame_0026.png,extras,prohibition_sign,warning sign,warning sign.,0.2,0.2,4,0.2532,"[1107.14697265625, 712.2564086914062, 1302.5113525390625, 844.9986572265625]",1
frame_0026.png,extras,prohibition_sign,red sign on ground,red sign on ground.,0.2,0.2,4,0.5007,"[9.733285903930664, 961.3616333007812, 2868.734130859375, 1848.476318359375]",1
frame_0026.png,extras,pair_of_ramps,pair of ramps,pair of ramps.,0.18,0.18,6,0.3712,"[1444.2440185546875, 915.2066650390625, 1860.328857421875, 1156.3558349609375]",1
frame_0026.png,extras,pair_of_ramps,loading ramps,loading ramps.,0.18,0.18,5,0.3808,"[1457.80322265625, 923.4576416015625, 1851.495849609375, 1149.5499267578125]",1
frame_0026.png,extras,pair_of_ramps,metal ramps on ground,metal ramps on ground.,0.18,0.18,3,0.5244,"[1439.203125, 907.63037109375, 1866.581298828125, 1166.4736328125]",1
frame_0026.png,extras,pair_of_ramps,vehicle loading ramp,vehicle loading ramp.,0.18,0.18,7,0.3289,"[1455.7073974609375, 922.0751342773438, 1853.331787109375, 1151.724365234375]",1
frame_0026.png,extras,pair_of_ramps,two metal ramps,two metal ramps.,0.18,0.18,3,0.3386,"[1445.78125, 917.9788818359375, 1860.06494140625, 1155.989013671875]",1
frame_0026.png,extras,pair_of_ramps,ramp,ramp.,0.18,0.18,5,0.4041,"[1659.375, 928.2789916992188, 1849.232177734375, 1145.7860107421875]",1
frame_0026.png,extras,pair_of_ramps,aluminum ramp,aluminum ramp.,0.18,0.18,3,0.5,"[1459.011962890625, 927.583984375, 1605.1668701171875, 1146.678955078125]",1
frame_0026.png,extras,pair_of_ramps,incline ramp,incline ramp.,0.18,0.18,4,0.3232,"[1658.9512939453125, 927.31787109375, 1850.4482421875, 1147.4757080078125]",1
frame_0026.png,extras,trailer,trailer,trailer.,0.18,0.18,3,0.3896,"[1.6068577766418457, 604.3517456054688, 376.10174560546875, 1013.7656860351562]",1
frame_0026.png,extras,trailer,cargo trailer,cargo trailer.,0.18,0.18,3,0.6283,"[1.763627529144287, 603.5899658203125, 377.0968017578125, 1013.1915893554688]",1
frame_0026.png,extras,trailer,vehicle trailer,vehicle trailer.,0.18,0.18,8,0.592,"[1.4769744873046875, 602.8737182617188, 377.4917907714844, 1015.3756103515625]",1
frame_0026.png,extras,trailer,wheeled trailer,wheeled trailer.,0.18,0.18,7,0.4011,"[1.6242384910583496, 603.9365844726562, 377.1214294433594, 1018.8557739257812]",1
frame_0026.png,extras,trailer,small trailer,small trailer.,0.18,0.18,1,0.6084,"[2.3373842239379883, 602.6970825195312, 379.1128234863281, 1017.8623046875]",1
frame_0026.png,extras,trailer,utility trailer,utility trailer.,0.18,0.18,1,0.6193,"[1.831669807434082, 603.0607299804688, 378.2249755859375, 1016.2120971679688]",1
frame_0026.png,extras,trailer,open trailer,open trailer.,0.18,0.18,4,0.4611,"[2.325561046600342, 603.127685546875, 379.1598205566406, 1015.125732421875]",1
frame_0026.png,extras,trailer,covered trailer,covered trailer.,0.18,0.18,3,0.5215,"[1.597287654876709, 603.7337036132812, 378.08831787109375, 1013.0127563476562]",1
frame_0026.png,extras,trailer,container trailer,container trailer.,0.18,0.18,4,0.5027,"[2.0023012161254883, 603.853515625, 376.4762268066406, 1012.2611083984375]",1
frame_0027.png,production,trailer,ALL_GROUP,trailer. cargo trailer. vehicle trailer. wheeled trailer. flatbed trailer. black trailer. utility trailer.,0.2,0.2,3,0.3586,"[1.640782356262207, 605.0447387695312, 379.4692687988281, 1016.2377319335938]",1
frame_0027.png,production,electric utility vehicle+electric wheelchair+electric scooter+trolley,ALL_GROUP,electric utility vehicle. small electric cart. utility vehicle. golf cart. electric cart. small white utility vehicle. electric wheelchair. motorized wheelchair. power wheelchair. mobility scooter wheelchair. electric scooter. mobility scooter. stand-up scooter. kick scooter. scooter. trolley. hand cart. hand truck. luggage cart. flatbed cart. push cart. utility cart.,0.22,0.22,4,0.3927,"[1.7122793197631836, 603.7696533203125, 380.4704895019531, 1019.7085571289062]",1
frame_0027.png,production,pair of ramps,ALL_GROUP,pair of ramps. loading ramp. metal ramp. vehicle loading ramp. two metal ramps. aluminum ramp.,0.2,0.2,11,0.5794,"[3.5756850242614746, 601.7090454101562, 385.78387451171875, 1018.2329711914062]",1
frame_0027.png,production,portable power station+basketball,ALL_GROUP,portable power station. large power bank. battery box. power generator box. portable battery. power station. basketball. orange basketball. sports ball. rubber ball.,0.22,0.22,0,0.0,,0
frame_0027.png,production,rectangular table+umbrella,ALL_GROUP,rectangular table. outdoor table. picnic table. long rectangular table. folding table. work table. umbrella. outdoor umbrella. parasol. patio umbrella. hand umbrella.,0.24,0.24,1,0.3447,"[1329.6044921875, 919.6675415039062, 1850.9580078125, 1149.0440673828125]",1
frame_0027.png,production,cardboard box,ALL_GROUP,cardboard box. brown cardboard box. cardboard package. shipping box.,0.26,0.26,1,0.368,"[1612.83349609375, 777.1790771484375, 1756.293701171875, 932.7232666015625]",1
frame_0027.png,production,chair,ALL_GROUP,chair. folding chair. outdoor chair. plastic chair. armless chair.,0.3,0.3,1,0.31,"[794.834716796875, 884.364990234375, 911.3231201171875, 1008.9644775390625]",1
frame_0027.png,production,traffic cone+prohibition sign,ALL_GROUP,traffic cone. road cone. safety cone. orange cone. construction cone. prohibition sign. no entry sign. red prohibition sign. do not enter sign. stop sign. red circular sign.,0.22,0.22,1,0.2282,"[1087.6326904296875, 704.489013671875, 1310.353515625, 851.6829833984375]",1
frame_0027.png,extras,basketball,basketball,basketball.,0.18,0.18,0,0.0,,0
frame_0027.png,extras,basketball,orange basketball,orange basketball.,0.18,0.18,0,0.0,,0
frame_0027.png,extras,basketball,round orange ball,round orange ball.,0.18,0.18,1,0.7542,"[1156.9730224609375, 1650.2459716796875, 1690.638671875, 1854.8502197265625]",1
frame_0027.png,extras,basketball,rubber ball on ground,rubber ball on ground.,0.18,0.18,3,0.4696,"[1149.9329833984375, 1641.205078125, 1694.4952392578125, 1852.01220703125]",1
frame_0027.png,extras,basketball,sports ball,sports ball.,0.18,0.18,1,0.449,"[1160.19970703125, 1658.45556640625, 1694.7022705078125, 1857.266357421875]",1
frame_0027.png,extras,basketball,ball,ball.,0.18,0.18,1,0.3048,"[1159.6602783203125, 1658.3115234375, 1695.8656005859375, 1856.9576416015625]",1
frame_0027.png,extras,umbrella,umbrella,umbrella.,0.2,0.2,2,0.2309,"[1.0829901695251465, 1737.9010009765625, 464.4508972167969, 1856.342529296875]",1
frame_0027.png,extras,umbrella,outdoor umbrella,outdoor umbrella.,0.2,0.2,0,0.0,,0
frame_0027.png,extras,umbrella,patio umbrella,patio umbrella.,0.2,0.2,1,0.2307,"[2501.677001953125, 790.688232421875, 2734.9140625, 851.095458984375]",1
frame_0027.png,extras,umbrella,open umbrella,open umbrella.,0.2,0.2,3,0.3332,"[1158.7498779296875, 1653.081787109375, 1695.8607177734375, 1853.833740234375]",1
frame_0027.png,extras,umbrella,parasol,parasol.,0.2,0.2,0,0.0,,0
frame_0027.png,extras,umbrella,shade umbrella,shade umbrella.,0.2,0.2,10,0.2625,"[1181.3218994140625, 0.6156036257743835, 2063.644287109375, 850.1343383789062]",1
frame_0027.png,extras,umbrella,folded umbrella,folded umbrella.,0.2,0.2,4,0.308,"[1161.9283447265625, 1657.57666015625, 1696.2843017578125, 1854.3128662109375]",1
frame_0027.png,extras,electric_wheelchair,electric wheelchair,electric wheelchair.,0.2,0.2,2,0.3809,"[794.3195190429688, 886.365234375, 910.6981811523438, 1010.0398559570312]",1
frame_0027.png,extras,electric_wheelchair,motorized wheelchair,motorized wheelchair.,0.2,0.2,3,0.6042,"[793.8345336914062, 884.4622802734375, 910.5874633789062, 1010.4461669921875]",1
frame_0027.png,extras,electric_wheelchair,power wheelchair,power wheelchair.,0.2,0.2,2,0.3647,"[794.1510009765625, 885.628173828125, 911.7907104492188, 1010.4174194335938]",1
frame_0027.png,extras,electric_wheelchair,wheelchair,wheelchair.,0.2,0.2,1,0.2685,"[795.88623046875, 887.638916015625, 907.5401611328125, 1008.3884887695312]",1
frame_0027.png,extras,electric_wheelchair,mobility chair,mobility chair.,0.2,0.2,4,0.396,"[795.4130859375, 884.699951171875, 910.6376953125, 1008.7521362304688]",1
frame_0027.png,extras,electric_wheelchair,powered mobility scooter,powered mobility scooter.,0.2,0.2,2,0.5416,"[790.451904296875, 880.4185791015625, 915.4194946289062, 1013.700927734375]",1
frame_0027.png,extras,electric_scooter,electric scooter,electric scooter.,0.2,0.2,3,0.3782,"[794.0491943359375, 885.4617919921875, 911.28173828125, 1010.6190795898438]",1
frame_0027.png,extras,electric_scooter,stand-up scooter,stand-up scooter.,0.2,0.2,2,0.5069,"[789.197998046875, 880.2627563476562, 916.275634765625, 1014.9779663085938]",1
frame_0027.png,extras,electric_scooter,kick scooter,kick scooter.,0.2,0.2,2,0.4109,"[791.9340209960938, 884.2548217773438, 912.5472412109375, 1012.0444946289062]",1
frame_0027.png,extras,electric_scooter,two-wheeled scooter,two-wheeled scooter.,0.2,0.2,2,0.5778,"[788.5744018554688, 880.5332641601562, 915.6563720703125, 1014.9990234375]",1
frame_0027.png,extras,electric_scooter,scooter,scooter.,0.2,0.2,1,0.2446,"[796.1257934570312, 886.1630249023438, 908.4732055664062, 1008.361328125]",1
frame_0027.png,extras,electric_scooter,electric kick scooter,electric kick scooter.,0.2,0.2,3,0.4526,"[790.933837890625, 883.1131591796875, 914.2174072265625, 1013.0010375976562]",1
frame_0027.png,extras,prohibition_sign,prohibition sign,prohibition sign.,0.2,0.2,3,0.4141,"[1092.702880859375, 710.0447998046875, 1306.4202880859375, 848.186767578125]",1
frame_0027.png,extras,prohibition_sign,no entry sign,no entry sign.,0.2,0.2,3,0.4217,"[1086.1287841796875, 705.5197143554688, 1311.140625, 852.9715576171875]",1
frame_0027.png,extras,prohibition_sign,red prohibition sign,red prohibition sign.,0.2,0.2,5,0.4159,"[1087.3826904296875, 707.5459594726562, 1308.7386474609375, 849.8662109375]",1
frame_0027.png,extras,prohibition_sign,do not enter sign,do not enter sign.,0.2,0.2,4,0.279,"[1086.272705078125, 706.1698608398438, 1310.8646240234375, 851.958251953125]",1
frame_0027.png,extras,prohibition_sign,stop sign,stop sign.,0.2,0.2,0,0.0,,0
frame_0027.png,extras,prohibition_sign,red circular sign,red circular sign.,0.2,0.2,2,0.5601,"[1154.4075927734375, 1648.1497802734375, 1698.072265625, 1853.928955078125]",1
frame_0027.png,extras,prohibition_sign,warning sign,warning sign.,0.2,0.2,2,0.2954,"[1095.9091796875, 711.2042846679688, 1306.15771484375, 848.0256958007812]",1
frame_0027.png,extras,prohibition_sign,red sign on ground,red sign on ground.,0.2,0.2,4,0.4965,"[9.952154159545898, 962.4019775390625, 2868.6748046875, 1848.4791259765625]",1
frame_0027.png,extras,pair_of_ramps,pair of ramps,pair of ramps.,0.18,0.18,7,0.3779,"[1445.315185546875, 920.0089111328125, 1855.01904296875, 1154.82861328125]",1
frame_0027.png,extras,pair_of_ramps,loading ramps,loading ramps.,0.18,0.18,4,0.4124,"[1457.1239013671875, 928.3355712890625, 1846.724853515625, 1149.395263671875]",1
frame_0027.png,extras,pair_of_ramps,metal ramps on ground,metal ramps on ground.,0.18,0.18,3,0.4776,"[1438.6072998046875, 912.3584594726562, 1860.781982421875, 1164.47216796875]",1
frame_0027.png,extras,pair_of_ramps,vehicle loading ramp,vehicle loading ramp.,0.18,0.18,9,0.3121,"[1454.806884765625, 925.2158813476562, 1849.5157470703125, 1152.1300048828125]",1
frame_0027.png,extras,pair_of_ramps,two metal ramps,two metal ramps.,0.18,0.18,5,0.3234,"[904.3250732421875, 4.500771522521973, 2073.3662109375, 1207.2296142578125]",1
frame_0027.png,extras,pair_of_ramps,ramp,ramp.,0.18,0.18,5,0.4377,"[1657.9376220703125, 932.0164184570312, 1844.6890869140625, 1145.37890625]",1
frame_0027.png,extras,pair_of_ramps,aluminum ramp,aluminum ramp.,0.18,0.18,4,0.5473,"[1457.9698486328125, 931.8248291015625, 1602.3834228515625, 1146.6927490234375]",1
frame_0027.png,extras,pair_of_ramps,incline ramp,incline ramp.,0.18,0.18,5,0.3679,"[1657.1102294921875, 930.544677734375, 1845.8289794921875, 1147.1251220703125]",1
frame_0027.png,extras,trailer,trailer,trailer.,0.18,0.18,2,0.3989,"[1.5755510330200195, 605.7975463867188, 377.2102966308594, 1013.1923828125]",1
frame_0027.png,extras,trailer,cargo trailer,cargo trailer.,0.18,0.18,1,0.6428,"[1.8494367599487305, 605.1243896484375, 378.0578308105469, 1012.2843017578125]",1
frame_0027.png,extras,trailer,vehicle trailer,vehicle trailer.,0.18,0.18,6,0.5973,"[1.4579415321350098, 604.4840087890625, 378.36572265625, 1014.6402587890625]",1
frame_0027.png,extras,trailer,wheeled trailer,wheeled trailer.,0.18,0.18,6,0.4127,"[1.562483310699463, 605.5633544921875, 378.45745849609375, 1018.0753173828125]",1
frame_0027.png,extras,trailer,small trailer,small trailer.,0.18,0.18,1,0.6423,"[2.339615821838379, 603.8682861328125, 380.1994323730469, 1016.0046997070312]",1
frame_0027.png,extras,trailer,utility trailer,utility trailer.,0.18,0.18,2,0.6186,"[1.9022655487060547, 604.6776733398438, 379.19091796875, 1015.4169921875]",1
frame_0027.png,extras,trailer,open trailer,open trailer.,0.18,0.18,4,0.4386,"[2.2993826866149902, 604.6600952148438, 380.3100280761719, 1013.669189453125]",1
frame_0027.png,extras,trailer,covered trailer,covered trailer.,0.18,0.18,4,0.524,"[1.6643643379211426, 605.2621459960938, 379.0421447753906, 1011.8153076171875]",1
frame_0027.png,extras,trailer,container trailer,container trailer.,0.18,0.18,4,0.5215,"[1.9611454010009766, 605.427001953125, 377.4678649902344, 1011.96923828125]",1
frame_0028.png,production,trailer,ALL_GROUP,trailer. cargo trailer. vehicle trailer. wheeled trailer. flatbed trailer. black trailer. utility trailer.,0.2,0.2,2,0.3568,"[1.5654230117797852, 604.9559326171875, 380.2837219238281, 1016.8899536132812]",1
frame_0028.png,production,electric utility vehicle+electric wheelchair+electric scooter+trolley,ALL_GROUP,electric utility vehicle. small electric cart. utility vehicle. golf cart. electric cart. small white utility vehicle. electric wheelchair. motorized wheelchair. power wheelchair. mobility scooter wheelchair. electric scooter. mobility scooter. stand-up scooter. kick scooter. scooter. trolley. hand cart. hand truck. luggage cart. flatbed cart. push cart. utility cart.,0.22,0.22,4,0.3974,"[1.6704154014587402, 603.6644287109375, 381.06903076171875, 1020.4493408203125]",1
frame_0028.png,production,pair of ramps,ALL_GROUP,pair of ramps. loading ramp. metal ramp. vehicle loading ramp. two metal ramps. aluminum ramp.,0.2,0.2,12,0.5805,"[3.50663423538208, 601.53466796875, 386.64251708984375, 1018.4234008789062]",1
frame_0028.png,production,portable power station+basketball,ALL_GROUP,portable power station. large power bank. battery box. power generator box. portable battery. power station. basketball. orange basketball. sports ball. rubber ball.,0.22,0.22,0,0.0,,0
frame_0028.png,production,rectangular table+umbrella,ALL_GROUP,rectangular table. outdoor table. picnic table. long rectangular table. folding table. work table. umbrella. outdoor umbrella. parasol. patio umbrella. hand umbrella.,0.24,0.24,1,0.3437,"[1330.07763671875, 919.9038696289062, 1851.4755859375, 1148.8096923828125]",1
frame_0028.png,production,cardboard box,ALL_GROUP,cardboard box. brown cardboard box. cardboard package. shipping box.,0.26,0.26,1,0.3767,"[1612.02685546875, 778.6359252929688, 1755.391845703125, 933.7777099609375]",1
frame_0028.png,production,chair,ALL_GROUP,chair. folding chair. outdoor chair. plastic chair. armless chair.,0.3,0.3,1,0.3203,"[794.857666015625, 884.3048706054688, 911.4696655273438, 1009.1493530273438]",1
frame_0028.png,production,traffic cone+prohibition sign,ALL_GROUP,traffic cone. road cone. safety cone. orange cone. construction cone. prohibition sign. no entry sign. red prohibition sign. do not enter sign. stop sign. red circular sign.,0.22,0.22,1,0.236,"[1085.4681396484375, 705.0487060546875, 1310.7435302734375, 851.4423828125]",1
frame_0028.png,extras,basketball,basketball,basketball.,0.18,0.18,0,0.0,,0
frame_0028.png,extras,basketball,orange basketball,orange basketball.,0.18,0.18,0,0.0,,0
frame_0028.png,extras,basketball,round orange ball,round orange ball.,0.18,0.18,1,0.7607,"[1156.194091796875, 1650.7288818359375, 1688.24951171875, 1855.660888671875]",1
frame_0028.png,extras,basketball,rubber ball on ground,rubber ball on ground.,0.18,0.18,3,0.4774,"[1149.112060546875, 1641.33740234375, 1693.3092041015625, 1852.6259765625]",1
frame_0028.png,extras,basketball,sports ball,sports ball.,0.18,0.18,1,0.4506,"[1159.9078369140625, 1658.8089599609375, 1692.4691162109375, 1857.3717041015625]",1
frame_0028.png,extras,basketball,ball,ball.,0.18,0.18,1,0.3067,"[1159.6439208984375, 1658.5877685546875, 1694.037841796875, 1857.1844482421875]",1
frame_0028.png,extras,umbrella,umbrella,umbrella.,0.2,0.2,1,0.214,"[1.2221431732177734, 1738.1741943359375, 464.04168701171875, 1856.3729248046875]",1
frame_0028.png,extras,umbrella,outdoor umbrella,outdoor umbrella.,0.2,0.2,1,0.2067,"[905.5213012695312, 0.9764403104782104, 2212.031005859375, 1264.39013671875]",1
frame_0028.png,extras,umbrella,patio umbrella,patio umbrella.,0.2,0.2,3,0.2105,"[909.6688232421875, 1.7815947532653809, 2068.33642578125, 1239.2518310546875]",1
frame_0028.png,extras,umbrella,open umbrella,open umbrella.,0.2,0.2,2,0.3878,"[1158.0767822265625, 1652.8973388671875, 1694.871826171875, 1853.9066162109375]",1
frame_0028.png,extras,umbrella,parasol,parasol.,0.2,0.2,0,0.0,,0
frame_0028.png,extras,umbrella,shade umbrella,shade umbrella.,0.2,0.2,10,0.2632,"[925.2920532226562, 1.6754140853881836, 2064.444580078125, 737.9068603515625]",1
frame_0028.png,extras,umbrella,folded umbrella,folded umbrella.,0.2,0.2,5,0.353,"[1161.51513671875, 1657.7303466796875, 1694.770751953125, 1854.5166015625]",1
frame_0028.png,extras,electric_wheelchair,electric wheelchair,electric wheelchair.,0.2,0.2,3,0.3764,"[794.3783569335938, 886.6376953125, 910.9810791015625, 1010.2693481445312]",1
frame_0028.png,extras,electric_wheelchair,motorized wheelchair,motorized wheelchair.,0.2,0.2,3,0.6031,"[794.0112915039062, 884.5241088867188, 910.9341430664062, 1010.5856323242188]",1
frame_0028.png,extras,electric_wheelchair,power wheelchair,power wheelchair.,0.2,0.2,2,0.3777,"[794.1815185546875, 885.69287109375, 911.9346923828125, 1010.6083374023438]",1
frame_0028.png,extras,electric_wheelchair,wheelchair,wheelchair.,0.2,0.2,1,0.2751,"[796.1045532226562, 887.5919189453125, 907.9014282226562, 1008.583740234375]",1
frame_0028.png,extras,electric_wheelchair,mobility chair,mobility chair.,0.2,0.2,3,0.4304,"[795.4852294921875, 884.6535034179688, 910.5076293945312, 1009.0567016601562]",1
frame_0028.png,extras,electric_wheelchair,powered mobility scooter,powered mobility scooter.,0.2,0.2,2,0.5395,"[790.7318115234375, 880.5836791992188, 915.4091186523438, 1013.76953125]",1
frame_0028.png,extras,electric_scooter,electric scooter,electric scooter.,0.2,0.2,3,0.3735,"[794.1964111328125, 885.6004638671875, 911.5774536132812, 1010.8265380859375]",1
frame_0028.png,extras,electric_scooter,stand-up scooter,stand-up scooter.,0.2,0.2,2,0.5048,"[789.36181640625, 880.3096923828125, 916.6411743164062, 1015.07275390625]",1
frame_0028.png,extras,electric_scooter,kick scooter,kick scooter.,0.2,0.2,2,0.3965,"[792.029052734375, 884.2684936523438, 913.158447265625, 1012.1304931640625]",1
frame_0028.png,extras,electric_scooter,two-wheeled scooter,two-wheeled scooter.,0.2,0.2,2,0.573,"[788.7302856445312, 880.5491333007812, 916.117431640625, 1015.1107788085938]",1
frame_0028.png,extras,electric_scooter,scooter,scooter.,0.2,0.2,1,0.2464,"[796.3885498046875, 886.255859375, 909.0578002929688, 1008.4865112304688]",1
frame_0028.png,extras,electric_scooter,electric kick scooter,electric kick scooter.,0.2,0.2,4,0.4266,"[791.2431030273438, 883.1145629882812, 914.5546264648438, 1013.0878295898438]",1
frame_0028.png,extras,prohibition_sign,prohibition sign,prohibition sign.,0.2,0.2,3,0.4291,"[1088.98291015625, 710.1571655273438, 1306.886474609375, 849.1300659179688]",1
frame_0028.png,extras,prohibition_sign,no entry sign,no entry sign.,0.2,0.2,2,0.4357,"[1084.2877197265625, 706.08544921875, 1311.6494140625, 853.157958984375]",1
frame_0028.png,extras,prohibition_sign,red prohibition sign,red prohibition sign.,0.2,0.2,4,0.4416,"[1085.56884765625, 707.9850463867188, 1309.56005859375, 850.6813354492188]",1
frame_0028.png,extras,prohibition_sign,do not enter sign,do not enter sign.,0.2,0.2,4,0.2833,"[1083.772216796875, 707.2889404296875, 1311.9622802734375, 852.0830688476562]",1
frame_0028.png,extras,prohibition_sign,stop sign,stop sign.,0.2,0.2,0,0.0,,0
frame_0028.png,extras,prohibition_sign,red circular sign,red circular sign.,0.2,0.2,2,0.5711,"[1153.6942138671875, 1648.4603271484375, 1696.2095947265625, 1854.9716796875]",1
frame_0028.png,extras,prohibition_sign,warning sign,warning sign.,0.2,0.2,3,0.3035,"[1091.1820068359375, 711.6044921875, 1306.595947265625, 849.0560913085938]",1
frame_0028.png,extras,prohibition_sign,red sign on ground,red sign on ground.,0.2,0.2,4,0.4924,"[9.986572265625, 962.0665893554688, 2868.576171875, 1848.4544677734375]",1
frame_0028.png,extras,pair_of_ramps,pair of ramps,pair of ramps.,0.18,0.18,8,0.3769,"[906.1973266601562, 2.9375247955322266, 2073.37353515625, 1181.3857421875]",1
frame_0028.png,extras,pair_of_ramps,loading ramps,loading ramps.,0.18,0.18,4,0.4045,"[1456.9320068359375, 928.1102905273438, 1846.8511962890625, 1149.5196533203125]",1
frame_0028.png,extras,pair_of_ramps,metal ramps on ground,metal ramps on ground.,0.18,0.18,3,0.4764,"[1437.9549560546875, 912.0143432617188, 1861.245361328125, 1164.5286865234375]",1
frame_0028.png,extras,pair_of_ramps,vehicle loading ramp,vehicle loading ramp.,0.18,0.18,9,0.3177,"[1454.8768310546875, 925.13330078125, 1849.6036376953125, 1151.8955078125]",1
frame_0028.png,extras,pair_of_ramps,two metal ramps,two metal ramps.,0.18,0.18,5,0.3274,"[906.3726806640625, 4.778931140899658, 2072.89892578125, 1201.7235107421875]",1
frame_0028.png,extras,pair_of_ramps,ramp,ramp.,0.18,0.18,5,0.4278,"[1658.230712890625, 931.6632080078125, 1844.8272705078125, 1145.46337890625]",1
frame_0028.png,extras,pair_of_ramps,aluminum ramp,aluminum ramp.,0.18,0.18,4,0.5327,"[1457.84716796875, 931.8795166015625, 1602.6239013671875, 1146.62939453125]",1
frame_0028.png,extras,pair_of_ramps,incline ramp,incline ramp.,0.18,0.18,4,0.3532,"[1657.4088134765625, 930.4186401367188, 1845.8648681640625, 1147.0576171875]",1
frame_0028.png,extras,trailer,trailer,trailer.,0.18,0.18,2,0.4054,"[1.552591323852539, 605.6704711914062, 378.06951904296875, 1014.2017822265625]",1
frame_0028.png,extras,trailer,cargo trailer,cargo trailer.,0.18,0.18,1,0.6452,"[1.7232441902160645, 604.9825439453125, 378.8657531738281, 1013.1348266601562]",1
frame_0028.png,extras,trailer,vehicle trailer,vehicle trailer.,0.18,0.18,6,0.607,"[1.4324498176574707, 604.3509521484375, 379.0605163574219, 1015.33154296875]",1
frame_0028.png,extras,trailer,wheeled trailer,wheeled trailer.,0.18,0.18,7,0.4253,"[1.5172076225280762, 605.46142578125, 379.45489501953125, 1018.4142456054688]",1
frame_0028.png,extras,trailer,small trailer,small trailer.,0.18,0.18,1,0.6488,"[2.2771525382995605, 603.772705078125, 380.9554748535156, 1016.4835205078125]",1
frame_0028.png,extras,trailer,utility trailer,utility trailer.,0.18,0.18,2,0.6214,"[1.8207907676696777, 604.5789184570312, 379.9237060546875, 1016.0064697265625]",1
frame_0028.png,extras,trailer,open trailer,open trailer.,0.18,0.18,4,0.4521,"[2.195463180541992, 604.5322265625, 381.1629638671875, 1014.3299560546875]",1
frame_0028.png,extras,trailer,covered trailer,covered trailer.,0.18,0.18,4,0.5317,"[1.5316057205200195, 605.1051025390625, 379.8111877441406, 1012.6328735351562]",1
frame_0028.png,extras,trailer,container trailer,container trailer.,0.18,0.18,2,0.5287,"[1.91087007522583, 605.2257690429688, 378.3018493652344, 1012.9095458984375]",1
frame_0029.png,production,trailer,ALL_GROUP,trailer. cargo trailer. vehicle trailer. wheeled trailer. flatbed trailer. black trailer. utility trailer.,0.2,0.2,2,0.336,"[1.8688130378723145, 606.8585205078125, 386.94757080078125, 1020.8619995117188]",1
frame_0029.png,production,electric utility vehicle+electric wheelchair+electric scooter+trolley,ALL_GROUP,electric utility vehicle. small electric cart. utility vehicle. golf cart. electric cart. small white utility vehicle. electric wheelchair. motorized wheelchair. power wheelchair. mobility scooter wheelchair. electric scooter. mobility scooter. stand-up scooter. kick scooter. scooter. trolley. hand cart. hand truck. luggage cart. flatbed cart. push cart. utility cart.,0.22,0.22,4,0.3323,"[1.6117286682128906, 605.9453125, 385.52960205078125, 1022.3265380859375]",1
frame_0029.png,production,pair of ramps,ALL_GROUP,pair of ramps. loading ramp. metal ramp. vehicle loading ramp. two metal ramps. aluminum ramp.,0.2,0.2,13,0.5692,"[3.3546924591064453, 604.09619140625, 392.0960998535156, 1023.0673217773438]",1
frame_0029.png,production,portable power station+basketball,ALL_GROUP,portable power station. large power bank. battery box. power generator box. portable battery. power station. basketball. orange basketball. sports ball. rubber ball.,0.22,0.22,0,0.0,,0
frame_0029.png,production,rectangular table+umbrella,ALL_GROUP,rectangular table. outdoor table. picnic table. long rectangular table. folding table. work table. umbrella. outdoor umbrella. parasol. patio umbrella. hand umbrella.,0.24,0.24,1,0.3942,"[1360.477294921875, 918.4885864257812, 1877.0596923828125, 1149.8544921875]",1
frame_0029.png,production,cardboard box,ALL_GROUP,cardboard box. brown cardboard box. cardboard package. shipping box.,0.26,0.26,2,0.3727,"[1635.0694580078125, 770.6576538085938, 1780.765625, 933.02783203125]",1
frame_0029.png,production,chair,ALL_GROUP,chair. folding chair. outdoor chair. plastic chair. armless chair.,0.3,0.3,0,0.0,,0
frame_0029.png,production,traffic cone+prohibition sign,ALL_GROUP,traffic cone. road cone. safety cone. orange cone. construction cone. prohibition sign. no entry sign. red prohibition sign. do not enter sign. stop sign. red circular sign.,0.22,0.22,0,0.0,,0
frame_0029.png,extras,basketball,basketball,basketball.,0.18,0.18,0,0.0,,0
frame_0029.png,extras,basketball,orange basketball,orange basketball.,0.18,0.18,0,0.0,,0
frame_0029.png,extras,basketball,round orange ball,round orange ball.,0.18,0.18,1,0.7842,"[1158.5244140625, 1650.0997314453125, 1679.97607421875, 1855.0235595703125]",1
frame_0029.png,extras,basketball,rubber ball on ground,rubber ball on ground.,0.18,0.18,3,0.5474,"[1150.9833984375, 1640.724365234375, 1684.7471923828125, 1852.1873779296875]",1
frame_0029.png,extras,basketball,sports ball,sports ball.,0.18,0.18,1,0.4718,"[1161.1263427734375, 1659.259033203125, 1679.6156005859375, 1857.3983154296875]",1
frame_0029.png,extras,basketball,ball,ball.,0.18,0.18,1,0.3404,"[1161.41259765625, 1659.11181640625, 1682.61376953125, 1857.1588134765625]",1
frame_0029.png,extras,umbrella,umbrella,umbrella.,0.2,0.2,0,0.0,,0
frame_0029.png,extras,umbrella,outdoor umbrella,outdoor umbrella.,0.2,0.2,1,0.2349,"[932.7804565429688, 0.9737241268157959, 2246.060302734375, 1257.7471923828125]",1
frame_0029.png,extras,umbrella,patio umbrella,patio umbrella.,0.2,0.2,4,0.2343,"[936.4754028320312, 1.7130804061889648, 2102.069091796875, 1238.852783203125]",1
frame_0029.png,extras,umbrella,open umbrella,open umbrella.,0.2,0.2,3,0.3414,"[1159.8907470703125, 1652.2259521484375, 1685.991455078125, 1853.7889404296875]",1
frame_0029.png,extras,umbrella,parasol,parasol.,0.2,0.2,0,0.0,,0
frame_0029.png,extras,umbrella,shade umbrella,shade umbrella.,0.2,0.2,8,0.2642,"[941.74658203125, 1.2781307697296143, 2095.993896484375, 724.8430786132812]",1
frame_0029.png,extras,umbrella,folded umbrella,folded umbrella.,0.2,0.2,5,0.3308,"[1162.9744873046875, 1657.6253662109375, 1686.4959716796875, 1854.3499755859375]",1
frame_0029.png,extras,electric_wheelchair,electric wheelchair,electric wheelchair.,0.2,0.2,3,0.3201,"[810.9129028320312, 888.4389038085938, 934.1233520507812, 1010.767333984375]",1
frame_0029.png,extras,electric_wheelchair,motorized wheelchair,motorized wheelchair.,0.2,0.2,4,0.5198,"[810.5841064453125, 885.722900390625, 933.624267578125, 1011.39306640625]",1
frame_0029.png,extras,electric_wheelchair,power wheelchair,power wheelchair.,0.2,0.2,3,0.3151,"[810.787353515625, 887.3739624023438, 934.6317138671875, 1010.9024658203125]",1
frame_0029.png,extras,electric_wheelchair,wheelchair,wheelchair.,0.2,0.2,1,0.2641,"[811.6196899414062, 889.801513671875, 930.1558227539062, 1009.0147705078125]",1
frame_0029.png,extras,electric_wheelchair,mobility chair,mobility chair.,0.2,0.2,5,0.3214,"[811.9069213867188, 885.6607666015625, 934.1716918945312, 1010.1604614257812]",1
frame_0029.png,extras,electric_wheelchair,powered mobility scooter,powered mobility scooter.,0.2,0.2,3,0.4198,"[807.2652587890625, 881.644287109375, 937.709716796875, 1014.3281860351562]",1
frame_0029.png,extras,electric_scooter,electric scooter,electric scooter.,0.2,0.2,4,0.3464,"[810.76123046875, 886.8251342773438, 934.418212890625, 1011.3665771484375]",1
frame_0029.png,extras,electric_scooter,stand-up scooter,stand-up scooter.,0.2,0.2,3,0.4137,"[806.4010620117188, 881.5193481445312, 939.1072998046875, 1016.2216186523438]",1
frame_0029.png,extras,electric_scooter,kick scooter,kick scooter.,0.2,0.2,4,0.3472,"[808.6607055664062, 885.2080688476562, 935.7174072265625, 1012.5751953125]",1
frame_0029.png,extras,electric_scooter,two-wheeled scooter,two-wheeled scooter.,0.2,0.2,4,0.4811,"[806.3294677734375, 882.0379028320312, 937.5482788085938, 1016.1133422851562]",1
frame_0029.png,extras,electric_scooter,scooter,scooter.,0.2,0.2,2,0.2414,"[811.9432373046875, 887.0684204101562, 930.7213745117188, 1009.101806640625]",1
frame_0029.png,extras,electric_scooter,electric kick scooter,electric kick scooter.,0.2,0.2,4,0.4063,"[808.0530395507812, 884.2763671875, 936.7883911132812, 1013.4014892578125]",1
frame_0029.png,extras,prohibition_sign,prohibition sign,prohibition sign.,0.2,0.2,3,0.3536,"[1101.3818359375, 708.8080444335938, 1317.9661865234375, 850.4635620117188]",1
frame_0029.png,extras,prohibition_sign,no entry sign,no entry sign.,0.2,0.2,5,0.3973,"[1095.8992919921875, 703.5894775390625, 1321.81884765625, 854.0498657226562]",1
frame_0029.png,extras,prohibition_sign,red prohibition sign,red prohibition sign.,0.2,0.2,4,0.3397,"[1097.281982421875, 706.3890991210938, 1319.7073974609375, 852.5606079101562]",1
frame_0029.png,extras,prohibition_sign,do not enter sign,do not enter sign.,0.2,0.2,3,0.279,"[1159.4840087890625, 1647.9449462890625, 1681.310546875, 1855.11083984375]",1
frame_0029.png,extras,prohibition_sign,stop sign,stop sign.,0.2,0.2,0,0.0,,0
frame_0029.png,extras,prohibition_sign,red circular sign,red circular sign.,0.2,0.2,1,0.6237,"[1154.9652099609375, 1646.9239501953125, 1689.9097900390625, 1854.3182373046875]",1
frame_0029.png,extras,prohibition_sign,warning sign,warning sign.,0.2,0.2,3,0.2463,"[1103.4149169921875, 709.303955078125, 1318.9366455078125, 850.2861938476562]",1
frame_0029.png,extras,prohibition_sign,red sign on ground,red sign on ground.,0.2,0.2,4,0.4991,"[9.961080551147461, 962.4542846679688, 2869.81201171875, 1848.2332763671875]",1
frame_0029.png,extras,pair_of_ramps,pair of ramps,pair of ramps.,0.18,0.18,8,0.3895,"[1481.8651123046875, 921.2147827148438, 1884.55078125, 1153.7247314453125]",1
frame_0029.png,extras,pair_of_ramps,loading ramps,loading ramps.,0.18,0.18,5,0.4093,"[1488.6339111328125, 926.6821899414062, 1878.670166015625, 1149.588623046875]",1
frame_0029.png,extras,pair_of_ramps,metal ramps on ground,metal ramps on ground.,0.18,0.18,4,0.4193,"[1470.6092529296875, 912.8675537109375, 1892.9130859375, 1163.0911865234375]",1
frame_0029.png,extras,pair_of_ramps,vehicle loading ramp,vehicle loading ramp.,0.18,0.18,6,0.3283,"[1488.5283203125, 925.5716552734375, 1881.07568359375, 1151.5792236328125]",1
frame_0029.png,extras,pair_of_ramps,two metal ramps,two metal ramps.,0.18,0.18,4,0.3449,"[929.7435302734375, 4.994840145111084, 2109.59716796875, 1201.18310546875]",1
frame_0029.png,extras,pair_of_ramps,ramp,ramp.,0.18,0.18,6,0.4255,"[1680.6817626953125, 930.2255249023438, 1877.467529296875, 1145.6162109375]",1
frame_0029.png,extras,pair_of_ramps,aluminum ramp,aluminum ramp.,0.18,0.18,5,0.5239,"[1677.085693359375, 927.537353515625, 1878.4674072265625, 1147.6287841796875]",1
frame_0029.png,extras,pair_of_ramps,incline ramp,incline ramp.,0.18,0.18,4,0.3772,"[1680.0267333984375, 929.3944091796875, 1878.232421875, 1147.15771484375]",1
frame_0029.png,extras,trailer,trailer,trailer.,0.18,0.18,2,0.4083,"[1.6865086555480957, 608.417724609375, 384.10888671875, 1016.5697631835938]",1
frame_0029.png,extras,trailer,cargo trailer,cargo trailer.,0.18,0.18,2,0.6262,"[1.8033027648925781, 607.8417358398438, 386.507568359375, 1016.383056640625]",1
frame_0029.png,extras,trailer,vehicle trailer,vehicle trailer.,0.18,0.18,7,0.5857,"[1.538407802581787, 606.7764892578125, 384.832275390625, 1018.9703369140625]",1
frame_0029.png,extras,trailer,wheeled trailer,wheeled trailer.,0.18,0.18,6,0.3927,"[1.5887904167175293, 608.1036376953125, 380.92388916015625, 1020.69140625]",1
frame_0029.png,extras,trailer,small trailer,small trailer.,0.18,0.18,1,0.6072,"[2.1480202674865723, 606.4981689453125, 384.4759826660156, 1020.3360595703125]",1
frame_0029.png,extras,trailer,utility trailer,utility trailer.,0.18,0.18,2,0.6172,"[1.7398953437805176, 607.3167114257812, 385.6012268066406, 1018.2112426757812]",1
frame_0029.png,extras,trailer,open trailer,open trailer.,0.18,0.18,5,0.4227,"[935.732177734375, 2.6309287548065186, 2103.62548828125, 1166.5899658203125]",1
frame_0029.png,extras,trailer,covered trailer,covered trailer.,0.18,0.18,4,0.5108,"[1.5130019187927246, 608.1305541992188, 388.001220703125, 1016.7862548828125]",1
frame_0029.png,extras,trailer,container trailer,container trailer.,0.18,0.18,4,0.5289,"[2.0537567138671875, 608.157958984375, 384.243896484375, 1015.5696411132812]",1
frame_0030.png,production,trailer,ALL_GROUP,trailer. cargo trailer. vehicle trailer. wheeled trailer. flatbed trailer. black trailer. utility trailer.,0.2,0.2,3,0.3472,"[1.865851879119873, 601.3245239257812, 387.3125305175781, 1022.1189575195312]",1
frame_0030.png,production,electric utility vehicle+electric wheelchair+electric scooter+trolley,ALL_GROUP,electric utility vehicle. small electric cart. utility vehicle. golf cart. electric cart. small white utility vehicle. electric wheelchair. motorized wheelchair. power wheelchair. mobility scooter wheelchair. electric scooter. mobility scooter. stand-up scooter. kick scooter. scooter. trolley. hand cart. hand truck. luggage cart. flatbed cart. push cart. utility cart.,0.22,0.22,4,0.3558,"[1.6668105125427246, 601.3712768554688, 384.7248229980469, 1023.6170043945312]",1
frame_0030.png,production,pair of ramps,ALL_GROUP,pair of ramps. loading ramp. metal ramp. vehicle loading ramp. two metal ramps. aluminum ramp.,0.2,0.2,11,0.551,"[3.4854769706726074, 598.7578125, 391.69744873046875, 1022.8536987304688]",1
frame_0030.png,production,portable power station+basketball,ALL_GROUP,portable power station. large power bank. battery box. power generator box. portable battery. power station. basketball. orange basketball. sports ball. rubber ball.,0.22,0.22,0,0.0,,0
frame_0030.png,production,rectangular table+umbrella,ALL_GROUP,rectangular table. outdoor table. picnic table. long rectangular table. folding table. work table. umbrella. outdoor umbrella. parasol. patio umbrella. hand umbrella.,0.24,0.24,1,0.3833,"[1390.1343994140625, 915.0809936523438, 1936.91748046875, 1150.389404296875]",1
frame_0030.png,production,cardboard box,ALL_GROUP,cardboard box. brown cardboard box. cardboard package. shipping box.,0.26,0.26,2,0.3281,"[1682.6878662109375, 802.15185546875, 1789.5380859375, 903.0858764648438]",1
frame_0030.png,production,chair,ALL_GROUP,chair. folding chair. outdoor chair. plastic chair. armless chair.,0.3,0.3,0,0.0,,0
frame_0030.png,production,traffic cone+prohibition sign,ALL_GROUP,traffic cone. road cone. safety cone. orange cone. construction cone. prohibition sign. no entry sign. red prohibition sign. do not enter sign. stop sign. red circular sign.,0.22,0.22,0,0.0,,0
frame_0030.png,extras,basketball,basketball,basketball.,0.18,0.18,0,0.0,,0
frame_0030.png,extras,basketball,orange basketball,orange basketball.,0.18,0.18,0,0.0,,0
frame_0030.png,extras,basketball,round orange ball,round orange ball.,0.18,0.18,1,0.8053,"[1156.2938232421875, 1650.2650146484375, 1684.0172119140625, 1854.4256591796875]",1
frame_0030.png,extras,basketball,rubber ball on ground,rubber ball on ground.,0.18,0.18,2,0.544,"[1149.2176513671875, 1640.1002197265625, 1689.2418212890625, 1852.113525390625]",1
frame_0030.png,extras,basketball,sports ball,sports ball.,0.18,0.18,1,0.4965,"[1159.6173095703125, 1659.43896484375, 1686.0633544921875, 1857.3028564453125]",1
frame_0030.png,extras,basketball,ball,ball.,0.18,0.18,1,0.3767,"[1159.26513671875, 1658.9981689453125, 1687.6575927734375, 1856.9456787109375]",1
frame_0030.png,extras,umbrella,umbrella,umbrella.,0.2,0.2,3,0.2146,"[2524.733642578125, 793.1724853515625, 2741.678466796875, 843.60400390625]",1
frame_0030.png,extras,umbrella,outdoor umbrella,outdoor umbrella.,0.2,0.2,1,0.2268,"[949.6014404296875, 1.0149657726287842, 2329.43115234375, 1263.3880615234375]",1
frame_0030.png,extras,umbrella,patio umbrella,patio umbrella.,0.2,0.2,3,0.2162,"[1160.1734619140625, 1655.7086181640625, 1689.1285400390625, 1854.4112548828125]",1
frame_0030.png,extras,umbrella,open umbrella,open umbrella.,0.2,0.2,3,0.3276,"[1156.8623046875, 1650.5357666015625, 1690.0052490234375, 1854.05224609375]",1
frame_0030.png,extras,umbrella,parasol,parasol.,0.2,0.2,0,0.0,,0
frame_0030.png,extras,umbrella,shade umbrella,shade umbrella.,0.2,0.2,8,0.2946,"[1288.0684814453125, 0.18830358982086182, 2161.563720703125, 818.9642333984375]",1
frame_0030.png,extras,umbrella,folded umbrella,folded umbrella.,0.2,0.2,5,0.3192,"[1161.4429931640625, 1656.852294921875, 1689.48486328125, 1854.323974609375]",1
frame_0030.png,extras,electric_wheelchair,electric wheelchair,electric wheelchair.,0.2,0.2,2,0.2676,"[818.5512084960938, 887.072998046875, 948.5223999023438, 1012.597900390625]",1
frame_0030.png,extras,electric_wheelchair,motorized wheelchair,motorized wheelchair.,0.2,0.2,3,0.5221,"[817.390869140625, 885.1392822265625, 949.0905151367188, 1013.1717529296875]",1
frame_0030.png,extras,electric_wheelchair,power wheelchair,power wheelchair.,0.2,0.2,2,0.2945,"[818.4229125976562, 886.314697265625, 948.5914916992188, 1012.689697265625]",1
frame_0030.png,extras,electric_wheelchair,wheelchair,wheelchair.,0.2,0.2,2,0.2651,"[819.772705078125, 889.650146484375, 946.2750854492188, 1010.8489379882812]",1
frame_0030.png,extras,electric_wheelchair,mobility chair,mobility chair.,0.2,0.2,9,0.3737,"[821.2943725585938, 885.7071533203125, 945.4002075195312, 1011.0912475585938]",1
frame_0030.png,extras,electric_wheelchair,powered mobility scooter,powered mobility scooter.,0.2,0.2,3,0.4735,"[814.9478149414062, 880.9496459960938, 952.7307739257812, 1016.1207885742188]",1
frame_0030.png,extras,electric_scooter,electric scooter,electric scooter.,0.2,0.2,5,0.3925,"[817.60888671875, 885.8843383789062, 949.204345703125, 1013.2921752929688]",1
frame_0030.png,extras,electric_scooter,stand-up scooter,stand-up scooter.,0.2,0.2,3,0.4654,"[814.3827514648438, 880.7539672851562, 953.911865234375, 1017.6034545898438]",1
frame_0030.png,extras,electric_scooter,kick scooter,kick scooter.,0.2,0.2,4,0.3639,"[815.4485473632812, 884.0880737304688, 951.2620239257812, 1014.9176635742188]",1
frame_0030.png,extras,electric_scooter,two-wheeled scooter,two-wheeled scooter.,0.2,0.2,3,0.5191,"[813.8851928710938, 881.1637573242188, 953.4402465820312, 1017.7692260742188]",1
frame_0030.png,extras,electric_scooter,scooter,scooter.,0.2,0.2,3,0.2934,"[818.75146484375, 887.0750122070312, 945.965087890625, 1010.873779296875]",1
frame_0030.png,extras,electric_scooter,electric kick scooter,electric kick scooter.,0.2,0.2,4,0.4554,"[814.9234008789062, 883.1637573242188, 951.9773559570312, 1015.48974609375]",1
frame_0030.png,extras,prohibition_sign,prohibition sign,prohibition sign.,0.2,0.2,3,0.4446,"[1105.467041015625, 708.5081787109375, 1327.323486328125, 851.6293334960938]",1
frame_0030.png,extras,prohibition_sign,no entry sign,no entry sign.,0.2,0.2,3,0.4519,"[1099.776123046875, 701.5469360351562, 1329.7725830078125, 857.4180908203125]",1
frame_0030.png,extras,prohibition_sign,red prohibition sign,red prohibition sign.,0.2,0.2,4,0.4386,"[1102.8636474609375, 705.8037719726562, 1328.0283203125, 853.5189208984375]",1
frame_0030.png,extras,prohibition_sign,do not enter sign,do not enter sign.,0.2,0.2,3,0.3151,"[1102.254638671875, 703.2653198242188, 1329.30908203125, 855.8563842773438]",1
frame_0030.png,extras,prohibition_sign,stop sign,stop sign.,0.2,0.2,0,0.0,,0
frame_0030.png,extras,prohibition_sign,red circular sign,red circular sign.,0.2,0.2,1,0.6305,"[1152.479248046875, 1646.6568603515625, 1691.686767578125, 1853.881103515625]",1
frame_0030.png,extras,prohibition_sign,warning sign,warning sign.,0.2,0.2,2,0.3292,"[1106.486083984375, 708.4039916992188, 1328.3492431640625, 851.184326171875]",1
frame_0030.png,extras,prohibition_sign,red sign on ground,red sign on ground.,0.2,0.2,6,0.5315,"[10.114459991455078, 959.6305541992188, 2869.98193359375, 1848.4703369140625]",1
frame_0030.png,extras,pair_of_ramps,pair of ramps,pair of ramps.,0.18,0.18,7,0.365,"[1541.496337890625, 917.5963134765625, 1946.4166259765625, 1155.4813232421875]",1
frame_0030.png,extras,pair_of_ramps,loading ramps,loading ramps.,0.18,0.18,5,0.4422,"[1715.8634033203125, 927.0232543945312, 1940.1651611328125, 1147.1820068359375]",1
frame_0030.png,extras,pair_of_ramps,metal ramps on ground,metal ramps on ground.,0.18,0.18,5,0.3926,"[1532.002197265625, 912.0122680664062, 1952.6739501953125, 1162.6417236328125]",1
frame_0030.png,extras,pair_of_ramps,vehicle loading ramp,vehicle loading ramp.,0.18,0.18,6,0.3509,"[1714.40673828125, 924.8226928710938, 1942.35791015625, 1149.5538330078125]",1
frame_0030.png,extras,pair_of_ramps,two metal ramps,two metal ramps.,0.18,0.18,4,0.3607,"[1542.820068359375, 918.3560180664062, 1947.730712890625, 1155.60009765625]",1
frame_0030.png,extras,pair_of_ramps,ramp,ramp.,0.18,0.18,4,0.4819,"[1717.0906982421875, 928.0474853515625, 1939.119873046875, 1145.870361328125]",1
frame_0030.png,extras,pair_of_ramps,aluminum ramp,aluminum ramp.,0.18,0.18,5,0.5397,"[1714.4814453125, 925.286376953125, 1940.9161376953125, 1148.2763671875]",1
frame_0030.png,extras,pair_of_ramps,incline ramp,incline ramp.,0.18,0.18,4,0.4739,"[1716.3499755859375, 926.9814453125, 1940.409912109375, 1147.8570556640625]",1
frame_0030.png,extras,trailer,trailer,trailer.,0.18,0.18,1,0.3821,"[1.6071796417236328, 603.8984375, 384.2254638671875, 1017.1129760742188]",1
frame_0030.png,extras,trailer,cargo trailer,cargo trailer.,0.18,0.18,1,0.6297,"[1.663527488708496, 602.6199340820312, 387.2892761230469, 1017.1175537109375]",1
frame_0030.png,extras,trailer,vehicle trailer,vehicle trailer.,0.18,0.18,5,0.586,"[1.4894413948059082, 601.5313720703125, 385.2272644042969, 1020.4097900390625]",1
frame_0030.png,extras,trailer,wheeled trailer,wheeled trailer.,0.18,0.18,6,0.4273,"[1.7032241821289062, 603.1471557617188, 380.9595947265625, 1022.4382934570312]",1
frame_0030.png,extras,trailer,small trailer,small trailer.,0.18,0.18,1,0.6104,"[2.2537636756896973, 601.3939819335938, 384.6940002441406, 1021.984619140625]",1
frame_0030.png,extras,trailer,utility trailer,utility trailer.,0.18,0.18,1,0.6471,"[1.7109060287475586, 602.03515625, 385.9830017089844, 1020.1533203125]",1
frame_0030.png,extras,trailer,open trailer,open trailer.,0.18,0.18,4,0.4885,"[2.0660948753356934, 601.9269409179688, 387.22113037109375, 1018.9417114257812]",1
frame_0030.png,extras,trailer,covered trailer,covered trailer.,0.18,0.18,3,0.5241,"[1.5052342414855957, 603.048095703125, 388.85894775390625, 1016.8125610351562]",1
frame_0030.png,extras,trailer,container trailer,container trailer.,0.18,0.18,2,0.5077,"[2.0050907135009766, 603.057373046875, 385.00823974609375, 1016.951904296875]",1
frame_0031.png,production,trailer,ALL_GROUP,trailer. cargo trailer. vehicle trailer. wheeled trailer. flatbed trailer. black trailer. utility trailer.,0.2,0.2,5,0.3494,"[1.9331645965576172, 594.6426391601562, 392.7919616699219, 1020.998779296875]",1
frame_0031.png,production,electric utility vehicle+electric wheelchair+electric scooter+trolley,ALL_GROUP,electric utility vehicle. small electric cart. utility vehicle. golf cart. electric cart. small white utility vehicle. electric wheelchair. motorized wheelchair. power wheelchair. mobility scooter wheelchair. electric scooter. mobility scooter. stand-up scooter. kick scooter. scooter. trolley. hand cart. hand truck. luggage cart. flatbed cart. push cart. utility cart.,0.22,0.22,5,0.3597,"[824.3193359375, 880.5789184570312, 969.3425903320312, 1014.32275390625]",1
frame_0031.png,production,pair of ramps,ALL_GROUP,pair of ramps. loading ramp. metal ramp. vehicle loading ramp. two metal ramps. aluminum ramp.,0.2,0.2,12,0.5173,"[3.684818744659424, 591.7684936523438, 397.0205078125, 1021.1934814453125]",1
frame_0031.png,production,portable power station+basketball,ALL_GROUP,portable power station. large power bank. battery box. power generator box. portable battery. power station. basketball. orange basketball. sports ball. rubber ball.,0.22,0.22,0,0.0,,0
frame_0031.png,production,rectangular table+umbrella,ALL_GROUP,rectangular table. outdoor table. picnic table. long rectangular table. folding table. work table. umbrella. outdoor umbrella. parasol. patio umbrella. hand umbrella.,0.24,0.24,3,0.3852,"[1437.030029296875, 915.6702880859375, 1995.9537353515625, 1154.908447265625]",1
frame_0031.png,production,cardboard box,ALL_GROUP,cardboard box. brown cardboard box. cardboard package. shipping box.,0.26,0.26,2,0.3467,"[1709.487060546875, 778.8423461914062, 1833.59716796875, 931.2310180664062]",1
frame_0031.png,production,chair,ALL_GROUP,chair. folding chair. outdoor chair. plastic chair. armless chair.,0.3,0.3,1,0.3191,"[827.22509765625, 881.5552978515625, 951.6826782226562, 1011.2112426757812]",1
frame_0031.png,production,traffic cone+prohibition sign,ALL_GROUP,traffic cone. road cone. safety cone. orange cone. construction cone. prohibition sign. no entry sign. red prohibition sign. do not enter sign. stop sign. red circular sign.,0.22,0.22,0,0.0,,0
frame_0031.png,extras,basketball,basketball,basketball.,0.18,0.18,0,0.0,,0
frame_0031.png,extras,basketball,orange basketball,orange basketball.,0.18,0.18,0,0.0,,0
frame_0031.png,extras,basketball,round orange ball,round orange ball.,0.18,0.18,1,0.7788,"[1154.44775390625, 1650.8516845703125, 1679.35986328125, 1854.5345458984375]",1
frame_0031.png,extras,basketball,rubber ball on ground,rubber ball on ground.,0.18,0.18,3,0.5366,"[1147.3887939453125, 1641.8831787109375, 1684.69482421875, 1852.17431640625]",1
frame_0031.png,extras,basketball,sports ball,sports ball.,0.18,0.18,3,0.4776,"[1158.329345703125, 1659.8154296875, 1677.82958984375, 1857.35595703125]",1
frame_0031.png,extras,basketball,ball,ball.,0.18,0.18,1,0.3404,"[1158.228271484375, 1659.2198486328125, 1681.263427734375, 1856.8499755859375]",1
frame_0031.png,extras,umbrella,umbrella,umbrella.,0.2,0.2,2,0.2452,"[0.6929326057434082, 1737.94970703125, 459.3265380859375, 1856.7249755859375]",1
frame_0031.png,extras,umbrella,outdoor umbrella,outdoor umbrella.,0.2,0.2,1,0.2114,"[970.1959228515625, 0.6438463926315308, 2227.302001953125, 1263.230224609375]",1
frame_0031.png,extras,umbrella,patio umbrella,patio umbrella.,0.2,0.2,2,0.2333,"[969.9580078125, 1.8067610263824463, 2231.457763671875, 1264.4632568359375]",1
frame_0031.png,extras,umbrella,open umbrella,open umbrella.,0.2,0.2,2,0.4107,"[1155.316162109375, 1651.8505859375, 1684.82666015625, 1853.8353271484375]",1
frame_0031.png,extras,umbrella,parasol,parasol.,0.2,0.2,0,0.0,,0
frame_0031.png,extras,umbrella,shade umbrella,shade umbrella.,0.2,0.2,5,0.2945,"[1359.4747314453125, 0.8358362317085266, 2228.077880859375, 820.4485473632812]",1
frame_0031.png,extras,umbrella,folded umbrella,folded umbrella.,0.2,0.2,3,0.3801,"[1159.909912109375, 1657.74755859375, 1684.904541015625, 1854.689453125]",1
frame_0031.png,extras,electric_wheelchair,electric wheelchair,electric wheelchair.,0.2,0.2,2,0.2692,"[827.1067504882812, 884.6019287109375, 966.7455444335938, 1011.951904296875]",1
frame_0031.png,extras,electric_wheelchair,motorized wheelchair,motorized wheelchair.,0.2,0.2,3,0.5562,"[826.5404052734375, 882.68359375, 967.6199951171875, 1012.8358154296875]",1
frame_0031.png,extras,electric_wheelchair,power wheelchair,power wheelchair.,0.2,0.2,1,0.3017,"[826.673583984375, 883.2393798828125, 965.4940795898438, 1012.1669921875]",1
frame_0031.png,extras,electric_wheelchair,wheelchair,wheelchair.,0.2,0.2,1,0.2424,"[827.8042602539062, 885.8432006835938, 965.2706909179688, 1010.1864013671875]",1
frame_0031.png,extras,electric_wheelchair,mobility chair,mobility chair.,0.2,0.2,6,0.4108,"[828.0479736328125, 882.9646606445312, 963.0671997070312, 1011.09716796875]",1
frame_0031.png,extras,electric_wheelchair,powered mobility scooter,powered mobility scooter.,0.2,0.2,1,0.6141,"[823.29052734375, 878.8914184570312, 969.852783203125, 1015.873779296875]",1
frame_0031.png,extras,electric_scooter,electric scooter,electric scooter.,0.2,0.2,1,0.2148,"[826.8080444335938, 883.61767578125, 968.5855712890625, 1012.466552734375]",1
frame_0031.png,extras,electric_scooter,stand-up scooter,stand-up scooter.,0.2,0.2,2,0.5848,"[821.7369384765625, 878.2199096679688, 970.4610595703125, 1017.8993530273438]",1
frame_0031.png,extras,electric_scooter,kick scooter,kick scooter.,0.2,0.2,3,0.4134,"[824.443359375, 881.9493408203125, 969.803955078125, 1014.0733032226562]",1
frame_0031.png,extras,electric_scooter,two-wheeled scooter,two-wheeled scooter.,0.2,0.2,2,0.6028,"[821.6973266601562, 879.0122680664062, 970.9327392578125, 1017.3609008789062]",1
frame_0031.png,extras,electric_scooter,scooter,scooter.,0.2,0.2,0,0.0,,0
frame_0031.png,extras,electric_scooter,electric kick scooter,electric kick scooter.,0.2,0.2,3,0.5231,"[823.9593505859375, 880.9429321289062, 970.7899169921875, 1014.8594360351562]",1
frame_0031.png,extras,prohibition_sign,prohibition sign,prohibition sign.,0.2,0.2,5,0.3638,"[1122.1363525390625, 705.9474487304688, 1334.6043701171875, 847.7686157226562]",1
frame_0031.png,extras,prohibition_sign,no entry sign,no entry sign.,0.2,0.2,4,0.3494,"[1117.914306640625, 702.495361328125, 1341.782958984375, 850.7973022460938]",1
frame_0031.png,extras,prohibition_sign,red prohibition sign,red prohibition sign.,0.2,0.2,6,0.3158,"[1119.176513671875, 705.3917846679688, 1336.7666015625, 848.5835571289062]",1
frame_0031.png,extras,prohibition_sign,do not enter sign,do not enter sign.,0.2,0.2,3,0.2668,"[1117.7127685546875, 704.2744140625, 1339.5048828125, 849.4244384765625]",1
frame_0031.png,extras,prohibition_sign,stop sign,stop sign.,0.2,0.2,0,0.0,,0
frame_0031.png,extras,prohibition_sign,red circular sign,red circular sign.,0.2,0.2,1,0.6192,"[1150.75439453125, 1647.073974609375, 1687.6490478515625, 1853.955322265625]",1
frame_0031.png,extras,prohibition_sign,warning sign,warning sign.,0.2,0.2,2,0.3036,"[1123.448486328125, 706.649658203125, 1334.33251953125, 846.8182373046875]",1
frame_0031.png,extras,prohibition_sign,red sign on ground,red sign on ground.,0.2,0.2,5,0.524,"[10.095663070678711, 960.129150390625, 2869.90185546875, 1848.182861328125]",1
frame_0031.png,extras,pair_of_ramps,pair of ramps,pair of ramps.,0.18,0.18,7,0.4006,"[1583.2486572265625, 918.1060180664062, 2001.6705322265625, 1159.96337890625]",1
frame_0031.png,extras,pair_of_ramps,loading ramps,loading ramps.,0.18,0.18,4,0.4328,"[1593.2060546875, 926.0281372070312, 1996.5306396484375, 1154.4051513671875]",1
frame_0031.png,extras,pair_of_ramps,metal ramps on ground,metal ramps on ground.,0.18,0.18,3,0.4583,"[1562.308349609375, 909.4280395507812, 2009.643798828125, 1170.3233642578125]",1
frame_0031.png,extras,pair_of_ramps,vehicle loading ramp,vehicle loading ramp.,0.18,0.18,7,0.384,"[1592.347412109375, 924.6954956054688, 1999.12646484375, 1155.8551025390625]",1
frame_0031.png,extras,pair_of_ramps,two metal ramps,two metal ramps.,0.18,0.18,3,0.3493,"[1584.104736328125, 919.2342529296875, 2003.29052734375, 1159.774658203125]",1
frame_0031.png,extras,pair_of_ramps,ramp,ramp.,0.18,0.18,6,0.4486,"[1755.8792724609375, 928.4581909179688, 1995.46533203125, 1149.1597900390625]",1
frame_0031.png,extras,pair_of_ramps,aluminum ramp,aluminum ramp.,0.18,0.18,5,0.5306,"[1593.0899658203125, 931.6710815429688, 1754.41259765625, 1151.88525390625]",1
frame_0031.png,extras,pair_of_ramps,incline ramp,incline ramp.,0.18,0.18,4,0.3516,"[1756.4515380859375, 928.2828369140625, 1997.223876953125, 1150.75927734375]",1
frame_0031.png,extras,trailer,trailer,trailer.,0.18,0.18,3,0.3481,"[1.7133307456970215, 596.7236328125, 390.1622009277344, 1016.4727783203125]",1
frame_0031.png,extras,trailer,cargo trailer,cargo trailer.,0.18,0.18,2,0.6064,"[1.6952204704284668, 595.842041015625, 392.5473327636719, 1015.9828491210938]",1
frame_0031.png,extras,trailer,vehicle trailer,vehicle trailer.,0.18,0.18,8,0.5485,"[1.4269781112670898, 595.0630493164062, 392.467041015625, 1018.81689453125]",1
frame_0031.png,extras,trailer,wheeled trailer,wheeled trailer.,0.18,0.18,7,0.3143,"[1.8229150772094727, 595.8134155273438, 389.7801513671875, 1021.4136352539062]",1
frame_0031.png,extras,trailer,small trailer,small trailer.,0.18,0.18,3,0.4896,"[2.430124282836914, 594.6497192382812, 392.3619079589844, 1020.969970703125]",1
frame_0031.png,extras,trailer,utility trailer,utility trailer.,0.18,0.18,2,0.5934,"[1.7387795448303223, 595.1497802734375, 392.7803649902344, 1019.0692138671875]",1
frame_0031.png,extras,trailer,open trailer,open trailer.,0.18,0.18,5,0.4561,"[2.0836901664733887, 594.962646484375, 394.36822509765625, 1018.2402954101562]",1
frame_0031.png,extras,trailer,covered trailer,covered trailer.,0.18,0.18,2,0.5258,"[1.3889122009277344, 595.938232421875, 394.1506042480469, 1015.9706420898438]",1
frame_0031.png,extras,trailer,container trailer,container trailer.,0.18,0.18,4,0.4696,"[2.041161060333252, 596.1658325195312, 391.0901794433594, 1015.6527099609375]",1
frame_0032.png,production,trailer,ALL_GROUP,trailer. cargo trailer. vehicle trailer. wheeled trailer. flatbed trailer. black trailer. utility trailer.,0.2,0.2,6,0.3509,"[1.8622469902038574, 590.4089965820312, 396.52362060546875, 1021.8074340820312]",1
frame_0032.png,production,electric utility vehicle+electric wheelchair+electric scooter+trolley,ALL_GROUP,electric utility vehicle. small electric cart. utility vehicle. golf cart. electric cart. small white utility vehicle. electric wheelchair. motorized wheelchair. power wheelchair. mobility scooter wheelchair. electric scooter. mobility scooter. stand-up scooter. kick scooter. scooter. trolley. hand cart. hand truck. luggage cart. flatbed cart. push cart. utility cart.,0.22,0.22,4,0.3417,"[832.470703125, 880.7243041992188, 977.6641845703125, 1014.510009765625]",1
frame_0032.png,production,pair of ramps,ALL_GROUP,pair of ramps. loading ramp. metal ramp. vehicle loading ramp. two metal ramps. aluminum ramp.,0.2,0.2,11,0.5185,"[3.7251806259155273, 588.375244140625, 401.0207214355469, 1021.166748046875]",1
frame_0032.png,production,portable power station+basketball,ALL_GROUP,portable power station. large power bank. battery box. power generator box. portable battery. power station. basketball. orange basketball. sports ball. rubber ball.,0.22,0.22,0,0.0,,0
frame_0032.png,production,rectangular table+umbrella,ALL_GROUP,rectangular table. outdoor table. picnic table. long rectangular table. folding table. work table. umbrella. outdoor umbrella. parasol. patio umbrella. hand umbrella.,0.24,0.24,4,0.3785,"[1482.3717041015625, 914.9627685546875, 2053.1767578125, 1157.72021484375]",1
frame_0032.png,production,cardboard box,ALL_GROUP,cardboard box. brown cardboard box. cardboard package. shipping box.,0.26,0.26,3,0.3571,"[1738.1829833984375, 796.1029663085938, 1855.10400390625, 922.4916381835938]",1
frame_0032.png,production,chair,ALL_GROUP,chair. folding chair. outdoor chair. plastic chair. armless chair.,0.3,0.3,1,0.3155,"[834.9306640625, 881.756591796875, 970.6478271484375, 1012.1121215820312]",1
frame_0032.png,production,traffic cone+prohibition sign,ALL_GROUP,traffic cone. road cone. safety cone. orange cone. construction cone. prohibition sign. no entry sign. red prohibition sign. do not enter sign. stop sign. red circular sign.,0.22,0.22,0,0.0,,0
frame_0032.png,extras,basketball,basketball,basketball.,0.18,0.18,1,0.2081,"[1162.8841552734375, 1661.443603515625, 1684.5948486328125, 1856.15234375]",1
frame_0032.png,extras,basketball,orange basketball,orange basketball.,0.18,0.18,0,0.0,,0
frame_0032.png,extras,basketball,round orange ball,round orange ball.,0.18,0.18,1,0.7566,"[1157.2623291015625, 1652.57861328125, 1680.3551025390625, 1854.52783203125]",1
frame_0032.png,extras,basketball,rubber ball on ground,rubber ball on ground.,0.18,0.18,3,0.4758,"[1151.0224609375, 1643.75341796875, 1684.1632080078125, 1852.0782470703125]",1
frame_0032.png,extras,basketball,sports ball,sports ball.,0.18,0.18,3,0.4872,"[1160.071044921875, 1661.8990478515625, 1676.2828369140625, 1857.30712890625]",1
frame_0032.png,extras,basketball,ball,ball.,0.18,0.18,1,0.3804,"[1159.69189453125, 1661.202880859375, 1680.1810302734375, 1856.937744140625]",1
frame_0032.png,extras,umbrella,umbrella,umbrella.,0.2,0.2,0,0.0,,0
frame_0032.png,extras,umbrella,outdoor umbrella,outdoor umbrella.,0.2,0.2,1,0.2569,"[987.3782348632812, 0.9425711631774902, 2288.5224609375, 1275.5008544921875]",1
frame_0032.png,extras,umbrella,patio umbrella,patio umbrella.,0.2,0.2,2,0.2581,"[986.7044677734375, 0.9511077404022217, 2293.040283203125, 1275.4422607421875]",1
frame_0032.png,extras,umbrella,open umbrella,open umbrella.,0.2,0.2,2,0.3847,"[1157.053955078125, 1653.255615234375, 1686.3701171875, 1853.9893798828125]",1
frame_0032.png,extras,umbrella,parasol,parasol.,0.2,0.2,0,0.0,,0
frame_0032.png,extras,umbrella,shade umbrella,shade umbrella.,0.2,0.2,5,0.3104,"[997.9735717773438, 395.2690734863281, 1481.700439453125, 713.1253051757812]",1
frame_0032.png,extras,umbrella,folded umbrella,folded umbrella.,0.2,0.2,4,0.3824,"[1161.5791015625, 1659.6402587890625, 1686.1680908203125, 1854.6812744140625]",1
frame_0032.png,extras,electric_wheelchair,electric wheelchair,electric wheelchair.,0.2,0.2,3,0.3234,"[834.2603149414062, 884.0592651367188, 976.138427734375, 1012.8185424804688]",1
frame_0032.png,extras,electric_wheelchair,motorized wheelchair,motorized wheelchair.,0.2,0.2,3,0.6019,"[833.5772705078125, 882.4557495117188, 975.8988037109375, 1013.6471557617188]",1
frame_0032.png,extras,electric_wheelchair,power wheelchair,power wheelchair.,0.2,0.2,3,0.3613,"[833.9417114257812, 883.1541137695312, 976.2582397460938, 1013.1384887695312]",1
frame_0032.png,extras,electric_wheelchair,wheelchair,wheelchair.,0.2,0.2,2,0.3308,"[835.940673828125, 884.9932250976562, 974.2664794921875, 1011.2681274414062]",1
frame_0032.png,extras,electric_wheelchair,mobility chair,mobility chair.,0.2,0.2,6,0.3988,"[835.287109375, 882.7495727539062, 974.2100830078125, 1012.0734252929688]",1
frame_0032.png,extras,electric_wheelchair,powered mobility scooter,powered mobility scooter.,0.2,0.2,2,0.564,"[831.124755859375, 878.974365234375, 978.3162841796875, 1016.45947265625]",1
frame_0032.png,extras,electric_scooter,electric scooter,electric scooter.,0.2,0.2,2,0.25,"[833.8633422851562, 883.6390380859375, 976.8790893554688, 1013.0794067382812]",1
frame_0032.png,extras,electric_scooter,stand-up scooter,stand-up scooter.,0.2,0.2,2,0.5491,"[829.532470703125, 878.1923828125, 979.03857421875, 1018.232421875]",1
frame_0032.png,extras,electric_scooter,kick scooter,kick scooter.,0.2,0.2,3,0.379,"[832.2744140625, 882.5501098632812, 977.2947998046875, 1014.5564575195312]",1
frame_0032.png,extras,electric_scooter,two-wheeled scooter,two-wheeled scooter.,0.2,0.2,2,0.5913,"[829.3594360351562, 879.24658203125, 978.7850341796875, 1017.6409301757812]",1
frame_0032.png,extras,electric_scooter,scooter,scooter.,0.2,0.2,0,0.0,,0
frame_0032.png,extras,electric_scooter,electric kick scooter,electric kick scooter.,0.2,0.2,3,0.4253,"[831.8547973632812, 881.9060668945312, 978.2586059570312, 1015.3079223632812]",1
frame_0032.png,extras,prohibition_sign,prohibition sign,prohibition sign.,0.2,0.2,4,0.3133,"[1130.8896484375, 704.2501831054688, 1349.3907470703125, 845.8868408203125]",1
frame_0032.png,extras,prohibition_sign,no entry sign,no entry sign.,0.2,0.2,3,0.3496,"[1122.281005859375, 698.7868041992188, 1354.322265625, 850.8558349609375]",1
frame_0032.png,extras,prohibition_sign,red prohibition sign,red prohibition sign.,0.2,0.2,5,0.3526,"[1125.65771484375, 702.3935546875, 1351.6962890625, 848.1182861328125]",1
frame_0032.png,extras,prohibition_sign,do not enter sign,do not enter sign.,0.2,0.2,3,0.283,"[1157.763916015625, 1650.0018310546875, 1681.033203125, 1855.2821044921875]",1
frame_0032.png,extras,prohibition_sign,stop sign,stop sign.,0.2,0.2,0,0.0,,0
frame_0032.png,extras,prohibition_sign,red circular sign,red circular sign.,0.2,0.2,2,0.5588,"[1153.5133056640625, 1648.513916015625, 1688.91357421875, 1854.14208984375]",1
frame_0032.png,extras,prohibition_sign,warning sign,warning sign.,0.2,0.2,3,0.2936,"[1131.9659423828125, 704.8129272460938, 1350.7557373046875, 844.9656372070312]",1
frame_0032.png,extras,prohibition_sign,red sign on ground,red sign on ground.,0.2,0.2,5,0.532,"[10.166215896606445, 959.5438842773438, 2869.941650390625, 1848.2213134765625]",1
frame_0032.png,extras,pair_of_ramps,pair of ramps,pair of ramps.,0.18,0.18,8,0.38,"[1621.3607177734375, 916.3485107421875, 2059.74658203125, 1162.328125]",1
frame_0032.png,extras,pair_of_ramps,loading ramps,loading ramps.,0.18,0.18,5,0.4276,"[1631.452392578125, 925.212158203125, 2055.214599609375, 1157.0794677734375]",1
frame_0032.png,extras,pair_of_ramps,metal ramps on ground,metal ramps on ground.,0.18,0.18,4,0.4105,"[1606.4991455078125, 909.6060791015625, 2064.7822265625, 1171.523681640625]",1
frame_0032.png,extras,pair_of_ramps,vehicle loading ramp,vehicle loading ramp.,0.18,0.18,7,0.3828,"[1631.531005859375, 924.719970703125, 2056.7333984375, 1158.215576171875]",1
frame_0032.png,extras,pair_of_ramps,two metal ramps,two metal ramps.,0.18,0.18,4,0.3367,"[1620.9410400390625, 917.3828125, 2061.382568359375, 1162.3841552734375]",1
frame_0032.png,extras,pair_of_ramps,ramp,ramp.,0.18,0.18,4,0.4336,"[1634.9786376953125, 934.1531982421875, 1814.660400390625, 1153.5660400390625]",1
frame_0032.png,extras,pair_of_ramps,aluminum ramp,aluminum ramp.,0.18,0.18,4,0.5027,"[1631.2554931640625, 930.9627685546875, 1815.557373046875, 1155.893310546875]",1
frame_0032.png,extras,pair_of_ramps,incline ramp,incline ramp.,0.18,0.18,5,0.4151,"[1633.783935546875, 932.993896484375, 1815.3466796875, 1155.0360107421875]",1
frame_0032.png,extras,trailer,trailer,trailer.,0.18,0.18,3,0.39,"[1.7130303382873535, 592.9087524414062, 393.8090515136719, 1017.0405883789062]",1
frame_0032.png,extras,trailer,cargo trailer,cargo trailer.,0.18,0.18,2,0.5877,"[1.5454673767089844, 591.6970825195312, 395.79864501953125, 1017.3182983398438]",1
frame_0032.png,extras,trailer,vehicle trailer,vehicle trailer.,0.18,0.18,9,0.5581,"[1.4151334762573242, 590.9127807617188, 395.8768310546875, 1019.3052368164062]",1
frame_0032.png,extras,trailer,wheeled trailer,wheeled trailer.,0.18,0.18,5,0.3832,"[1.87941312789917, 591.9685668945312, 394.208251953125, 1023.5901489257812]",1
frame_0032.png,extras,trailer,small trailer,small trailer.,0.18,0.18,2,0.5516,"[2.4998831748962402, 590.284912109375, 396.5457763671875, 1022.8512573242188]",1
frame_0032.png,extras,trailer,utility trailer,utility trailer.,0.18,0.18,2,0.5816,"[1.8687915802001953, 591.1244506835938, 396.1513671875, 1019.910888671875]",1
frame_0032.png,extras,trailer,open trailer,open trailer.,0.18,0.18,4,0.4284,"[2.2487640380859375, 590.9005737304688, 397.6328125, 1019.4475708007812]",1
frame_0032.png,extras,trailer,covered trailer,covered trailer.,0.18,0.18,3,0.5006,"[1.392045021057129, 591.8463134765625, 396.55078125, 1016.691162109375]",1
frame_0032.png,extras,trailer,container trailer,container trailer.,0.18,0.18,4,0.4862,"[1.9667243957519531, 592.2152099609375, 394.570068359375, 1016.3501586914062]",1
frame_0033.png,production,trailer,ALL_GROUP,trailer. cargo trailer. vehicle trailer. wheeled trailer. flatbed trailer. black trailer. utility trailer.,0.2,0.2,6,0.3536,"[1.9423484802246094, 588.4549560546875, 398.2457580566406, 1021.2511596679688]",1
frame_0033.png,production,electric utility vehicle+electric wheelchair+electric scooter+trolley,ALL_GROUP,electric utility vehicle. small electric cart. utility vehicle. golf cart. electric cart. small white utility vehicle. electric wheelchair. motorized wheelchair. power wheelchair. mobility scooter wheelchair. electric scooter. mobility scooter. stand-up scooter. kick scooter. scooter. trolley. hand cart. hand truck. luggage cart. flatbed cart. push cart. utility cart.,0.22,0.22,3,0.3703,"[836.7278442382812, 879.1072387695312, 984.6819458007812, 1014.4550170898438]",1
frame_0033.png,production,pair of ramps,ALL_GROUP,pair of ramps. loading ramp. metal ramp. vehicle loading ramp. two metal ramps. aluminum ramp.,0.2,0.2,14,0.4754,"[3.756229877471924, 586.275634765625, 402.2689514160156, 1020.1864013671875]",1
frame_0033.png,production,portable power station+basketball,ALL_GROUP,portable power station. large power bank. battery box. power generator box. portable battery. power station. basketball. orange basketball. sports ball. rubber ball.,0.22,0.22,0,0.0,,0
frame_0033.png,production,rectangular table+umbrella,ALL_GROUP,rectangular table. outdoor table. picnic table. long rectangular table. folding table. work table. umbrella. outdoor umbrella. parasol. patio umbrella. hand umbrella.,0.24,0.24,1,0.3308,"[1487.819580078125, 914.0575561523438, 2079.2685546875, 1157.144287109375]",1
frame_0033.png,production,cardboard box,ALL_GROUP,cardboard box. brown cardboard box. cardboard package. shipping box.,0.26,0.26,1,0.4035,"[1749.6568603515625, 770.716796875, 1880.9832763671875, 931.13525390625]",1
frame_0033.png,production,chair,ALL_GROUP,chair. folding chair. outdoor chair. plastic chair. armless chair.,0.3,0.3,1,0.3302,"[838.9072875976562, 880.9491577148438, 982.2474365234375, 1012.266357421875]",1
frame_0033.png,production,traffic cone+prohibition sign,ALL_GROUP,traffic cone. road cone. safety cone. orange cone. construction cone. prohibition sign. no entry sign. red prohibition sign. do not enter sign. stop sign. red circular sign.,0.22,0.22,0,0.0,,0
frame_0033.png,extras,basketball,basketball,basketball.,0.18,0.18,0,0.0,,0
frame_0033.png,extras,basketball,orange basketball,orange basketball.,0.18,0.18,0,0.0,,0
frame_0033.png,extras,basketball,round orange ball,round orange ball.,0.18,0.18,3,0.6807,"[1156.583251953125, 1651.2479248046875, 1686.0108642578125, 1855.0526123046875]",1
frame_0033.png,extras,basketball,rubber ball on ground,rubber ball on ground.,0.18,0.18,3,0.5534,"[1148.2701416015625, 1640.622314453125, 1690.015869140625, 1851.982177734375]",1
frame_0033.png,extras,basketball,sports ball,sports ball.,0.18,0.18,2,0.4832,"[1159.1766357421875, 1658.918212890625, 1687.7333984375, 1857.33740234375]",1
frame_0033.png,extras,basketball,ball,ball.,0.18,0.18,1,0.3581,"[1158.6680908203125, 1658.032958984375, 1690.257080078125, 1856.8629150390625]",1
frame_0033.png,extras,umbrella,umbrella,umbrella.,0.2,0.2,1,0.2469,"[2556.050537109375, 792.2418212890625, 2753.166015625, 839.4943237304688]",1
frame_0033.png,extras,umbrella,outdoor umbrella,outdoor umbrella.,0.2,0.2,0,0.0,,0
frame_0033.png,extras,umbrella,patio umbrella,patio umbrella.,0.2,0.2,3,0.2413,"[997.96533203125, 0.42300403118133545, 2321.818603515625, 1278.7852783203125]",1
frame_0033.png,extras,umbrella,open umbrella,open umbrella.,0.2,0.2,3,0.3991,"[1156.231689453125, 1652.5068359375, 1691.0372314453125, 1853.9130859375]",1
frame_0033.png,extras,umbrella,parasol,parasol.,0.2,0.2,0,0.0,,0
frame_0033.png,extras,umbrella,shade umbrella,shade umbrella.,0.2,0.2,6,0.2852,"[1008.111328125, 3.2851409912109375, 2316.910888671875, 961.5182495117188]",1
frame_0033.png,extras,umbrella,folded umbrella,folded umbrella.,0.2,0.2,4,0.386,"[1159.5782470703125, 1657.6883544921875, 1690.86767578125, 1854.43603515625]",1
frame_0033.png,extras,electric_wheelchair,electric wheelchair,electric wheelchair.,0.2,0.2,2,0.2726,"[839.3096923828125, 883.1255493164062, 982.2736206054688, 1011.8624267578125]",1
frame_0033.png,extras,electric_wheelchair,motorized wheelchair,motorized wheelchair.,0.2,0.2,5,0.562,"[837.9967651367188, 881.5029907226562, 982.6671142578125, 1012.8955078125]",1
frame_0033.png,extras,electric_wheelchair,power wheelchair,power wheelchair.,0.2,0.2,3,0.3176,"[838.6773071289062, 882.0285034179688, 982.2610473632812, 1012.1557006835938]",1
frame_0033.png,extras,electric_wheelchair,wheelchair,wheelchair.,0.2,0.2,1,0.2642,"[839.9146728515625, 884.2091064453125, 980.7245483398438, 1010.2036743164062]",1
frame_0033.png,extras,electric_wheelchair,mobility chair,mobility chair.,0.2,0.2,7,0.4451,"[839.4857788085938, 882.1126708984375, 981.7340087890625, 1011.412353515625]",1
frame_0033.png,extras,electric_wheelchair,powered mobility scooter,powered mobility scooter.,0.2,0.2,4,0.5411,"[834.8518676757812, 877.8632202148438, 984.6739501953125, 1015.4682006835938]",1
frame_0033.png,extras,electric_scooter,electric scooter,electric scooter.,0.2,0.2,1,0.2146,"[838.6382446289062, 882.1729736328125, 983.0441284179688, 1012.6708984375]",1
frame_0033.png,extras,electric_scooter,stand-up scooter,stand-up scooter.,0.2,0.2,4,0.5311,"[833.6964721679688, 877.1192016601562, 985.3555297851562, 1017.1280517578125]",1
frame_0033.png,extras,electric_scooter,kick scooter,kick scooter.,0.2,0.2,5,0.3162,"[1312.3397216796875, 902.27783203125, 1508.5753173828125, 1065.9615478515625]",1
frame_0033.png,extras,electric_scooter,two-wheeled scooter,two-wheeled scooter.,0.2,0.2,4,0.5821,"[833.1285400390625, 877.5867309570312, 986.0204467773438, 1017.30322265625]",1
frame_0033.png,extras,electric_scooter,scooter,scooter.,0.2,0.2,0,0.0,,0
frame_0033.png,extras,electric_scooter,electric kick scooter,electric kick scooter.,0.2,0.2,5,0.3762,"[1314.06591796875, 902.9931640625, 1508.140869140625, 1068.337158203125]",1
frame_0033.png,extras,prohibition_sign,prohibition sign,prohibition sign.,0.2,0.2,4,0.3566,"[1125.0599365234375, 684.7570190429688, 1440.7012939453125, 972.1083984375]",1
frame_0033.png,extras,prohibition_sign,no entry sign,no entry sign.,0.2,0.2,5,0.3706,"[1130.34765625, 698.4434814453125, 1356.5673828125, 847.9928588867188]",1
frame_0033.png,extras,prohibition_sign,red prohibition sign,red prohibition sign.,0.2,0.2,5,0.3293,"[180.78646850585938, 677.4814453125, 265.2098693847656, 718.6110229492188]",1
frame_0033.png,extras,prohibition_sign,do not enter sign,do not enter sign.,0.2,0.2,3,0.289,"[1155.63525390625, 1648.0380859375, 1685.5054931640625, 1855.26318359375]",1
frame_0033.png,extras,prohibition_sign,stop sign,stop sign.,0.2,0.2,0,0.0,,0
frame_0033.png,extras,prohibition_sign,red circular sign,red circular sign.,0.2,0.2,2,0.5212,"[1152.1015625, 1647.9222412109375, 1692.6268310546875, 1854.0650634765625]",1
frame_0033.png,extras,prohibition_sign,warning sign,warning sign.,0.2,0.2,1,0.3381,"[1126.375732421875, 687.1026000976562, 1441.997314453125, 970.7709350585938]",1
frame_0033.png,extras,prohibition_sign,red sign on ground,red sign on ground.,0.2,0.2,6,0.5452,"[10.025110244750977, 955.4265747070312, 2869.776611328125, 1848.1947021484375]",1
frame_0033.png,extras,pair_of_ramps,pair of ramps,pair of ramps.,0.18,0.18,7,0.3543,"[1632.9110107421875, 914.165771484375, 2087.5537109375, 1162.83251953125]",1
frame_0033.png,extras,pair_of_ramps,loading ramps,loading ramps.,0.18,0.18,5,0.4037,"[1647.0107421875, 923.609375, 2080.84619140625, 1157.719482421875]",1
frame_0033.png,extras,pair_of_ramps,metal ramps on ground,metal ramps on ground.,0.18,0.18,3,0.4588,"[1621.900146484375, 907.9744873046875, 2092.996337890625, 1172.456298828125]",1
frame_0033.png,extras,pair_of_ramps,vehicle loading ramp,vehicle loading ramp.,0.18,0.18,8,0.3234,"[1645.177001953125, 922.127197265625, 2082.296875, 1158.897705078125]",1
frame_0033.png,extras,pair_of_ramps,two metal ramps,two metal ramps.,0.18,0.18,4,0.3198,"[1634.9962158203125, 915.4100341796875, 2088.259765625, 1163.1295166015625]",1
frame_0033.png,extras,pair_of_ramps,ramp,ramp.,0.18,0.18,6,0.4184,"[1812.06640625, 926.5533447265625, 2079.254638671875, 1150.7108154296875]",1
frame_0033.png,extras,pair_of_ramps,aluminum ramp,aluminum ramp.,0.18,0.18,5,0.4991,"[1647.9039306640625, 927.0671997070312, 1842.462158203125, 1156.2811279296875]",1
frame_0033.png,extras,pair_of_ramps,incline ramp,incline ramp.,0.18,0.18,5,0.3491,"[1650.3699951171875, 928.5142211914062, 1841.353515625, 1155.6263427734375]",1
frame_0033.png,extras,trailer,trailer,trailer.,0.18,0.18,4,0.3758,"[1.7163348197937012, 590.6423950195312, 396.1575622558594, 1015.5249633789062]",1
frame_0033.png,extras,trailer,cargo trailer,cargo trailer.,0.18,0.18,4,0.5803,"[1.7015933990478516, 589.6740112304688, 397.5816650390625, 1016.0693359375]",1
frame_0033.png,extras,trailer,vehicle trailer,vehicle trailer.,0.18,0.18,9,0.5374,"[1.571946144104004, 588.986328125, 397.5132141113281, 1018.2144165039062]",1
frame_0033.png,extras,trailer,wheeled trailer,wheeled trailer.,0.18,0.18,6,0.341,"[1.8117785453796387, 589.716796875, 396.38629150390625, 1023.0746459960938]",1
frame_0033.png,extras,trailer,small trailer,small trailer.,0.18,0.18,2,0.5462,"[2.620389461517334, 588.2273559570312, 398.29937744140625, 1021.8886108398438]",1
frame_0033.png,extras,trailer,utility trailer,utility trailer.,0.18,0.18,3,0.5692,"[2.0445728302001953, 589.1874389648438, 397.9559631347656, 1019.166015625]",1
frame_0033.png,extras,trailer,open trailer,open trailer.,0.18,0.18,4,0.3811,"[2.3302173614501953, 588.6290283203125, 399.48602294921875, 1017.8317260742188]",1
frame_0033.png,extras,trailer,covered trailer,covered trailer.,0.18,0.18,6,0.4675,"[1.4435434341430664, 589.8340454101562, 398.2932434082031, 1015.3841552734375]",1
frame_0033.png,extras,trailer,container trailer,container trailer.,0.18,0.18,5,0.491,"[2.0102405548095703, 590.0237426757812, 396.60943603515625, 1014.9296264648438]",1
frame_0034.png,production,trailer,ALL_GROUP,trailer. cargo trailer. vehicle trailer. wheeled trailer. flatbed trailer. black trailer. utility trailer.,0.2,0.2,4,0.3473,"[1355.5992431640625, 890.0750122070312, 1552.5799560546875, 1027.19482421875]",1
frame_0034.png,production,electric utility vehicle+electric wheelchair+electric scooter+trolley,ALL_GROUP,electric utility vehicle. small electric cart. utility vehicle. golf cart. electric cart. small white utility vehicle. electric wheelchair. motorized wheelchair. power wheelchair. mobility scooter wheelchair. electric scooter. mobility scooter. stand-up scooter. kick scooter. scooter. trolley. hand cart. hand truck. luggage cart. flatbed cart. push cart. utility cart.,0.22,0.22,5,0.3815,"[850.8843994140625, 873.9908447265625, 1005.2596435546875, 1013.2965087890625]",1
frame_0034.png,production,pair of ramps,ALL_GROUP,pair of ramps. loading ramp. metal ramp. vehicle loading ramp. two metal ramps. aluminum ramp.,0.2,0.2,8,0.5045,"[4.291577339172363, 561.2831420898438, 396.1678466796875, 1020.2533569335938]",1
frame_0034.png,production,portable power station+basketball,ALL_GROUP,portable power station. large power bank. battery box. power generator box. portable battery. power station. basketball. orange basketball. sports ball. rubber ball.,0.22,0.22,0,0.0,,0
frame_0034.png,production,rectangular table+umbrella,ALL_GROUP,rectangular table. outdoor table. picnic table. long rectangular table. folding table. work table. umbrella. outdoor umbrella. parasol. patio umbrella. hand umbrella.,0.24,0.24,2,0.2785,"[1177.5870361328125, 889.912109375, 1322.8787841796875, 1002.3659057617188]",1
frame_0034.png,production,cardboard box,ALL_GROUP,cardboard box. brown cardboard box. cardboard package. shipping box.,0.26,0.26,1,0.3628,"[1811.550537109375, 783.7476196289062, 1961.031982421875, 928.5859985351562]",1
frame_0034.png,production,chair,ALL_GROUP,chair. folding chair. outdoor chair. plastic chair. armless chair.,0.3,0.3,1,0.3256,"[854.2582397460938, 875.455078125, 1002.4259033203125, 1011.5217895507812]",1
frame_0034.png,production,traffic cone+prohibition sign,ALL_GROUP,traffic cone. road cone. safety cone. orange cone. construction cone. prohibition sign. no entry sign. red prohibition sign. do not enter sign. stop sign. red circular sign.,0.22,0.22,0,0.0,,0
frame_0034.png,extras,basketball,basketball,basketball.,0.18,0.18,0,0.0,,0
frame_0034.png,extras,basketball,orange basketball,orange basketball.,0.18,0.18,0,0.0,,0
frame_0034.png,extras,basketball,round orange ball,round orange ball.,0.18,0.18,1,0.7531,"[1155.798828125, 1650.568115234375, 1686.7625732421875, 1854.6280517578125]",1
frame_0034.png,extras,basketball,rubber ball on ground,rubber ball on ground.,0.18,0.18,2,0.5725,"[1147.6365966796875, 1639.9744873046875, 1689.8189697265625, 1851.9625244140625]",1
frame_0034.png,extras,basketball,sports ball,sports ball.,0.18,0.18,2,0.4608,"[1159.5643310546875, 1658.9837646484375, 1687.858642578125, 1857.1661376953125]",1
frame_0034.png,extras,basketball,ball,ball.,0.18,0.18,1,0.3359,"[1159.523681640625, 1658.4161376953125, 1689.881103515625, 1856.879638671875]",1
frame_0034.png,extras,umbrella,umbrella,umbrella.,0.2,0.2,1,0.202,"[1.1341667175292969, 1738.4373779296875, 464.4468994140625, 1856.5858154296875]",1
frame_0034.png,extras,umbrella,outdoor umbrella,outdoor umbrella.,0.2,0.2,1,0.2809,"[1045.395751953125, 0.5817621946334839, 2491.38037109375, 1323.94482421875]",1
frame_0034.png,extras,umbrella,patio umbrella,patio umbrella.,0.2,0.2,1,0.2711,"[1045.0037841796875, 0.8247220516204834, 2493.3515625, 1325.2525634765625]",1
frame_0034.png,extras,umbrella,open umbrella,open umbrella.,0.2,0.2,2,0.3847,"[1041.575439453125, 2.01607346534729, 2489.816162109375, 1325.4892578125]",1
frame_0034.png,extras,umbrella,parasol,parasol.,0.2,0.2,0,0.0,,0
frame_0034.png,extras,umbrella,shade umbrella,shade umbrella.,0.2,0.2,4,0.3829,"[1049.153076171875, 1.2703979015350342, 2490.37841796875, 1320.26416015625]",1
frame_0034.png,extras,umbrella,folded umbrella,folded umbrella.,0.2,0.2,5,0.3207,"[1160.92919921875, 1658.010009765625, 1690.2457275390625, 1854.223876953125]",1
frame_0034.png,extras,electric_wheelchair,electric wheelchair,electric wheelchair.,0.2,0.2,3,0.308,"[1355.37744140625, 841.7090454101562, 1556.281982421875, 1025.7279052734375]",1
frame_0034.png,extras,electric_wheelchair,motorized wheelchair,motorized wheelchair.,0.2,0.2,2,0.5754,"[852.3657836914062, 875.4676513671875, 1003.30419921875, 1011.6821899414062]",1
frame_0034.png,extras,electric_wheelchair,power wheelchair,power wheelchair.,0.2,0.2,3,0.3152,"[1355.0692138671875, 840.8517456054688, 1554.45166015625, 1025.3822021484375]",1
frame_0034.png,extras,electric_wheelchair,wheelchair,wheelchair.,0.2,0.2,1,0.2458,"[854.1597290039062, 878.6103515625, 1000.5767211914062, 1009.0671997070312]",1
frame_0034.png,extras,electric_wheelchair,mobility chair,mobility chair.,0.2,0.2,7,0.4587,"[854.2818603515625, 875.811279296875, 1002.3270874023438, 1010.6508178710938]",1
frame_0034.png,extras,electric_wheelchair,powered mobility scooter,powered mobility scooter.,0.2,0.2,3,0.4741,"[849.9247436523438, 872.0458374023438, 1006.3873901367188, 1014.58251953125]",1
frame_0034.png,extras,electric_scooter,electric scooter,electric scooter.,0.2,0.2,4,0.3033,"[1354.5067138671875, 845.0606689453125, 1556.0860595703125, 1026.3294677734375]",1
frame_0034.png,extras,electric_scooter,stand-up scooter,stand-up scooter.,0.2,0.2,2,0.5019,"[848.744384765625, 871.4840698242188, 1006.9993896484375, 1016.3768310546875]",1
frame_0034.png,extras,electric_scooter,kick scooter,kick scooter.,0.2,0.2,4,0.3783,"[850.9443359375, 874.7991333007812, 1004.8704833984375, 1012.9952392578125]",1
frame_0034.png,extras,electric_scooter,two-wheeled scooter,two-wheeled scooter.,0.2,0.2,3,0.5334,"[848.250732421875, 871.8917236328125, 1007.1160888671875, 1016.2583618164062]",1
frame_0034.png,extras,electric_scooter,scooter,scooter.,0.2,0.2,1,0.2019,"[854.0275268554688, 878.3892211914062, 1001.5155639648438, 1009.1607666015625]",1
frame_0034.png,extras,electric_scooter,electric kick scooter,electric kick scooter.,0.2,0.2,5,0.4325,"[850.2525634765625, 873.9520874023438, 1005.38134765625, 1014.087158203125]",1
frame_0034.png,extras,prohibition_sign,prohibition sign,prohibition sign.,0.2,0.2,5,0.3184,"[1160.883544921875, 701.8963012695312, 1314.37890625, 834.6790771484375]",1
frame_0034.png,extras,prohibition_sign,no entry sign,no entry sign.,0.2,0.2,5,0.3565,"[1155.3741455078125, 699.1282958984375, 1317.9827880859375, 836.5233154296875]",1
frame_0034.png,extras,prohibition_sign,red prohibition sign,red prohibition sign.,0.2,0.2,6,0.3352,"[169.87754821777344, 660.2991333007812, 252.42970275878906, 703.3650512695312]",1
frame_0034.png,extras,prohibition_sign,do not enter sign,do not enter sign.,0.2,0.2,4,0.2961,"[1156.96142578125, 699.8706665039062, 1320.2998046875, 836.0079956054688]",1
frame_0034.png,extras,prohibition_sign,stop sign,stop sign.,0.2,0.2,0,0.0,,0
frame_0034.png,extras,prohibition_sign,red circular sign,red circular sign.,0.2,0.2,4,0.48,"[1153.2962646484375, 1648.208251953125, 1692.5177001953125, 1853.820556640625]",1
frame_0034.png,extras,prohibition_sign,warning sign,warning sign.,0.2,0.2,5,0.2709,"[1155.663818359375, 696.2681884765625, 1371.1358642578125, 837.1889038085938]",1
frame_0034.png,extras,prohibition_sign,red sign on ground,red sign on ground.,0.2,0.2,4,0.5423,"[9.939537048339844, 953.7202758789062, 2870.440185546875, 1848.6571044921875]",1
frame_0034.png,extras,pair_of_ramps,pair of ramps,pair of ramps.,0.18,0.18,7,0.3713,"[1739.5482177734375, 907.4302368164062, 2253.45068359375, 1174.418212890625]",1
frame_0034.png,extras,pair_of_ramps,loading ramps,loading ramps.,0.18,0.18,5,0.4189,"[1912.5557861328125, 923.0321044921875, 2246.3173828125, 1160.45703125]",1
frame_0034.png,extras,pair_of_ramps,metal ramps on ground,metal ramps on ground.,0.18,0.18,3,0.5035,"[1735.0753173828125, 898.6653442382812, 2259.240478515625, 1188.901611328125]",1
frame_0034.png,extras,pair_of_ramps,vehicle loading ramp,vehicle loading ramp.,0.18,0.18,6,0.3534,"[1910.86083984375, 920.51318359375, 2248.548828125, 1162.91455078125]",1
frame_0034.png,extras,pair_of_ramps,two metal ramps,two metal ramps.,0.18,0.18,4,0.3188,"[1738.3526611328125, 907.7744140625, 2254.19140625, 1175.66748046875]",1
frame_0034.png,extras,pair_of_ramps,ramp,ramp.,0.18,0.18,5,0.3823,"[1751.3408203125, 922.0963134765625, 2008.093017578125, 1165.3975830078125]",1
frame_0034.png,extras,pair_of_ramps,aluminum ramp,aluminum ramp.,0.18,0.18,4,0.5258,"[1912.093994140625, 921.5590209960938, 2246.705078125, 1161.39013671875]",1
frame_0034.png,extras,pair_of_ramps,incline ramp,incline ramp.,0.18,0.18,0,0.0,,0
frame_0034.png,extras,trailer,trailer,trailer.,0.18,0.18,3,0.3569,"[2.1024227142333984, 566.1370849609375, 390.69329833984375, 1015.14892578125]",1
frame_0034.png,extras,trailer,cargo trailer,cargo trailer.,0.18,0.18,3,0.6091,"[2.152526378631592, 564.6931762695312, 392.2500305175781, 1014.6728515625]",1
frame_0034.png,extras,trailer,vehicle trailer,vehicle trailer.,0.18,0.18,8,0.5509,"[1.7563533782958984, 564.2168579101562, 391.62109375, 1017.5709838867188]",1
frame_0034.png,extras,trailer,wheeled trailer,wheeled trailer.,0.18,0.18,6,0.3276,"[852.6770629882812, 875.689697265625, 1003.55029296875, 1011.9673461914062]",1
frame_0034.png,extras,trailer,small trailer,small trailer.,0.18,0.18,3,0.4726,"[3.0129146575927734, 563.9037475585938, 392.5824890136719, 1020.2855224609375]",1
frame_0034.png,extras,trailer,utility trailer,utility trailer.,0.18,0.18,2,0.6119,"[2.468404769897461, 564.3804321289062, 392.8934020996094, 1017.595947265625]",1
frame_0034.png,extras,trailer,open trailer,open trailer.,0.18,0.18,2,0.4398,"[2.7101898193359375, 564.3203125, 393.2469482421875, 1017.56298828125]",1
frame_0034.png,extras,trailer,covered trailer,covered trailer.,0.18,0.18,2,0.533,"[1.861710548400879, 564.844970703125, 392.871826171875, 1014.8341674804688]",1
frame_0034.png,extras,trailer,container trailer,container trailer.,0.18,0.18,3,0.4738,"[2.6689696311950684, 565.3507080078125, 391.1374816894531, 1013.412353515625]",1
frame_0035.png,production,trailer,ALL_GROUP,trailer. cargo trailer. vehicle trailer. wheeled trailer. flatbed trailer. black trailer. utility trailer.,0.2,0.2,6,0.3207,"[1388.69384765625, 896.1906127929688, 1599.892333984375, 1035.514404296875]",1
frame_0035.png,production,electric utility vehicle+electric wheelchair+electric scooter+trolley,ALL_GROUP,electric utility vehicle. small electric cart. utility vehicle. golf cart. electric cart. small white utility vehicle. electric wheelchair. motorized wheelchair. power wheelchair. mobility scooter wheelchair. electric scooter. mobility scooter. stand-up scooter. kick scooter. scooter. trolley. hand cart. hand truck. luggage cart. flatbed cart. push cart. utility cart.,0.22,0.22,3,0.3618,"[844.6512451171875, 865.9833374023438, 1006.9561767578125, 1014.9419555664062]",1
frame_0035.png,production,pair of ramps,ALL_GROUP,pair of ramps. loading ramp. metal ramp. vehicle loading ramp. two metal ramps. aluminum ramp.,0.2,0.2,8,0.3692,"[1056.532958984375, 4.47333288192749, 2612.521484375, 1447.6964111328125]",1
frame_0035.png,production,portable power station+basketball,ALL_GROUP,portable power station. large power bank. battery box. power generator box. portable battery. power station. basketball. orange basketball. sports ball. rubber ball.,0.22,0.22,0,0.0,,0
frame_0035.png,production,rectangular table+umbrella,ALL_GROUP,rectangular table. outdoor table. picnic table. long rectangular table. folding table. work table. umbrella. outdoor umbrella. parasol. patio umbrella. hand umbrella.,0.24,0.24,1,0.2663,"[1190.91259765625, 888.6005859375, 1341.9847412109375, 1004.2763061523438]",1
frame_0035.png,production,cardboard box,ALL_GROUP,cardboard box. brown cardboard box. cardboard package. shipping box.,0.26,0.26,2,0.3725,"[1874.3199462890625, 783.2496337890625, 2012.0064697265625, 909.8934326171875]",1
frame_0035.png,production,chair,ALL_GROUP,chair. folding chair. outdoor chair. plastic chair. armless chair.,0.3,0.3,0,0.0,,0
frame_0035.png,production,traffic cone+prohibition sign,ALL_GROUP,traffic cone. road cone. safety cone. orange cone. construction cone. prohibition sign. no entry sign. red prohibition sign. do not enter sign. stop sign. red circular sign.,0.22,0.22,1,0.2205,"[1215.2509765625, 822.1942749023438, 1300.96875, 891.2911987304688]",1
frame_0035.png,extras,basketball,basketball,basketball.,0.18,0.18,0,0.0,,0
frame_0035.png,extras,basketball,orange basketball,orange basketball.,0.18,0.18,0,0.0,,0
frame_0035.png,extras,basketball,round orange ball,round orange ball.,0.18,0.18,3,0.6463,"[1150.471923828125, 1652.3609619140625, 1681.0950927734375, 1855.9412841796875]",1
frame_0035.png,extras,basketball,rubber ball on ground,rubber ball on ground.,0.18,0.18,4,0.4929,"[9.838600158691406, 953.0883178710938, 2870.124267578125, 1848.17236328125]",1
frame_0035.png,extras,basketball,sports ball,sports ball.,0.18,0.18,2,0.4259,"[1152.5582275390625, 1660.9404296875, 1676.831298828125, 1857.4207763671875]",1
frame_0035.png,extras,basketball,ball,ball.,0.18,0.18,1,0.3025,"[1152.3182373046875, 1660.691162109375, 1676.1322021484375, 1857.0460205078125]",1
frame_0035.png,extras,umbrella,umbrella,umbrella.,0.2,0.2,3,0.2231,"[1.0203123092651367, 1738.0848388671875, 462.1456298828125, 1856.44189453125]",1
frame_0035.png,extras,umbrella,outdoor umbrella,outdoor umbrella.,0.2,0.2,1,0.2191,"[1061.119873046875, 0.8434581756591797, 2613.78076171875, 1450.5928955078125]",1
frame_0035.png,extras,umbrella,patio umbrella,patio umbrella.,0.2,0.2,1,0.2505,"[1060.2606201171875, 0.796617865562439, 2615.2177734375, 1450.228515625]",1
frame_0035.png,extras,umbrella,open umbrella,open umbrella.,0.2,0.2,2,0.3951,"[1151.891845703125, 1654.068603515625, 1684.5762939453125, 1853.9996337890625]",1
frame_0035.png,extras,umbrella,parasol,parasol.,0.2,0.2,0,0.0,,0
frame_0035.png,extras,umbrella,shade umbrella,shade umbrella.,0.2,0.2,5,0.3475,"[1068.5382080078125, 0.913081169128418, 2614.906005859375, 1446.7310791015625]",1
frame_0035.png,extras,umbrella,folded umbrella,folded umbrella.,0.2,0.2,6,0.3637,"[1155.139404296875, 1660.1488037109375, 1683.5589599609375, 1854.69384765625]",1
frame_0035.png,extras,electric_wheelchair,electric wheelchair,electric wheelchair.,0.2,0.2,4,0.366,"[846.9212646484375, 870.25244140625, 1005.04833984375, 1012.54150390625]",1
frame_0035.png,extras,electric_wheelchair,motorized wheelchair,motorized wheelchair.,0.2,0.2,4,0.5782,"[845.958251953125, 868.3675537109375, 1005.2028198242188, 1013.1563720703125]",1
frame_0035.png,extras,electric_wheelchair,power wheelchair,power wheelchair.,0.2,0.2,5,0.3961,"[846.9524536132812, 869.3860473632812, 1004.7996826171875, 1012.6199951171875]",1
frame_0035.png,extras,electric_wheelchair,wheelchair,wheelchair.,0.2,0.2,4,0.2628,"[1390.68603515625, 893.6483154296875, 1602.0533447265625, 1033.2420654296875]",1
frame_0035.png,extras,electric_wheelchair,mobility chair,mobility chair.,0.2,0.2,6,0.4353,"[848.3297729492188, 868.5902709960938, 1003.97509765625, 1011.8318481445312]",1
frame_0035.png,extras,electric_wheelchair,powered mobility scooter,powered mobility scooter.,0.2,0.2,3,0.4844,"[843.3838500976562, 864.3369750976562, 1008.4931030273438, 1015.8368530273438]",1
frame_0035.png,extras,electric_scooter,electric scooter,electric scooter.,0.2,0.2,5,0.3629,"[846.8405151367188, 869.6591186523438, 1005.5718383789062, 1012.5435180664062]",1
frame_0035.png,extras,electric_scooter,stand-up scooter,stand-up scooter.,0.2,0.2,3,0.5375,"[842.3378295898438, 863.8630981445312, 1009.1647338867188, 1017.4021606445312]",1
frame_0035.png,extras,electric_scooter,kick scooter,kick scooter.,0.2,0.2,4,0.3949,"[844.8179321289062, 868.1253051757812, 1006.9204711914062, 1013.9337158203125]",1
frame_0035.png,extras,electric_scooter,two-wheeled scooter,two-wheeled scooter.,0.2,0.2,3,0.5546,"[841.6849975585938, 864.2085571289062, 1009.210693359375, 1017.4706420898438]",1
frame_0035.png,extras,electric_scooter,scooter,scooter.,0.2,0.2,4,0.2876,"[848.6807861328125, 870.6053466796875, 1003.5250244140625, 1010.3744506835938]",1
frame_0035.png,extras,electric_scooter,electric kick scooter,electric kick scooter.,0.2,0.2,5,0.4761,"[843.69873046875, 867.0678100585938, 1007.4359130859375, 1015.1080322265625]",1
frame_0035.png,extras,prohibition_sign,prohibition sign,prohibition sign.,0.2,0.2,4,0.3717,"[1144.6734619140625, 558.9210205078125, 1453.727783203125, 976.2015991210938]",1
frame_0035.png,extras,prohibition_sign,no entry sign,no entry sign.,0.2,0.2,4,0.3418,"[1151.9140625, 682.4981689453125, 1386.309326171875, 837.8900756835938]",1
frame_0035.png,extras,prohibition_sign,red prohibition sign,red prohibition sign.,0.2,0.2,6,0.3178,"[1156.900146484375, 685.8110961914062, 1385.69189453125, 834.2072143554688]",1
frame_0035.png,extras,prohibition_sign,do not enter sign,do not enter sign.,0.2,0.2,3,0.2971,"[1157.795166015625, 685.214599609375, 1385.6480712890625, 835.3856201171875]",1
frame_0035.png,extras,prohibition_sign,stop sign,stop sign.,0.2,0.2,0,0.0,,0
frame_0035.png,extras,prohibition_sign,red circular sign,red circular sign.,0.2,0.2,3,0.4046,"[1147.8199462890625, 1649.8387451171875, 1688.424560546875, 1854.4188232421875]",1
frame_0035.png,extras,prohibition_sign,warning sign,warning sign.,0.2,0.2,4,0.3271,"[1146.1468505859375, 559.28955078125, 1451.6033935546875, 976.8126220703125]",1
frame_0035.png,extras,prohibition_sign,red sign on ground,red sign on ground.,0.2,0.2,3,0.5757,"[9.94314193725586, 950.4500732421875, 2870.50341796875, 1848.367431640625]",1
frame_0035.png,extras,pair_of_ramps,pair of ramps,pair of ramps.,0.18,0.18,6,0.4093,"[1058.6014404296875, 3.2709503173828125, 2609.0078125, 1445.46044921875]",1
frame_0035.png,extras,pair_of_ramps,loading ramps,loading ramps.,0.18,0.18,8,0.3395,"[2058.8837890625, 924.7301635742188, 2447.4765625, 1193.197998046875]",1
frame_0035.png,extras,pair_of_ramps,metal ramps on ground,metal ramps on ground.,0.18,0.18,6,0.3723,"[8.704261779785156, 954.0660400390625, 2870.090087890625, 1847.4283447265625]",1
frame_0035.png,extras,pair_of_ramps,vehicle loading ramp,vehicle loading ramp.,0.18,0.18,9,0.2803,"[1060.4822998046875, 2.267957925796509, 2610.045166015625, 1448.5804443359375]",1
frame_0035.png,extras,pair_of_ramps,two metal ramps,two metal ramps.,0.18,0.18,3,0.4595,"[1053.669677734375, 5.7071452140808105, 2607.614013671875, 1444.202392578125]",1
frame_0035.png,extras,pair_of_ramps,ramp,ramp.,0.18,0.18,4,0.2207,"[2274.043212890625, 1674.549072265625, 2878.0732421875, 1854.77197265625]",1
frame_0035.png,extras,pair_of_ramps,aluminum ramp,aluminum ramp.,0.18,0.18,7,0.4258,"[2057.275146484375, 923.20703125, 2447.908447265625, 1193.448486328125]",1
frame_0035.png,extras,pair_of_ramps,incline ramp,incline ramp.,0.18,0.18,0,0.0,,0
frame_0035.png,extras,trailer,trailer,trailer.,0.18,0.18,2,0.2417,"[1390.9163818359375, 896.454345703125, 1599.321533203125, 1031.3509521484375]",1
frame_0035.png,extras,trailer,cargo trailer,cargo trailer.,0.18,0.18,6,0.3785,"[1.6642999649047852, 540.209228515625, 364.0229187011719, 1020.208251953125]",1
frame_0035.png,extras,trailer,vehicle trailer,vehicle trailer.,0.18,0.18,10,0.359,"[1389.6463623046875, 895.319091796875, 1600.8221435546875, 1034.556640625]",1
frame_0035.png,extras,trailer,wheeled trailer,wheeled trailer.,0.18,0.18,5,0.3599,"[1389.1927490234375, 897.0933227539062, 1600.6239013671875, 1033.619140625]",1
frame_0035.png,extras,trailer,small trailer,small trailer.,0.18,0.18,4,0.3406,"[1389.271240234375, 896.5635375976562, 1592.4580078125, 1031.89111328125]",1
frame_0035.png,extras,trailer,utility trailer,utility trailer.,0.18,0.18,3,0.3664,"[1059.3350830078125, 1.2665730714797974, 2612.635986328125, 1448.035400390625]",1
frame_0035.png,extras,trailer,open trailer,open trailer.,0.18,0.18,2,0.5086,"[1059.0711669921875, 2.49556303024292, 2610.524658203125, 1446.027099609375]",1
frame_0035.png,extras,trailer,covered trailer,covered trailer.,0.18,0.18,4,0.397,"[1063.16357421875, 0.500110387802124, 2612.357666015625, 1447.77294921875]",1
frame_0035.png,extras,trailer,container trailer,container trailer.,0.18,0.18,5,0.2869,"[2.114417552947998, 540.6420288085938, 363.1698913574219, 1018.7685546875]",1
frame_0036.png,production,trailer,ALL_GROUP,trailer. cargo trailer. vehicle trailer. wheeled trailer. flatbed trailer. black trailer. utility trailer.,0.2,0.2,7,0.3132,"[1411.9725341796875, 894.4221801757812, 1647.80908203125, 1047.998779296875]",1
frame_0036.png,production,electric utility vehicle+electric wheelchair+electric scooter+trolley,ALL_GROUP,electric utility vehicle. small electric cart. utility vehicle. golf cart. electric cart. small white utility vehicle. electric wheelchair. motorized wheelchair. power wheelchair. mobility scooter wheelchair. electric scooter. mobility scooter. stand-up scooter. kick scooter. scooter. trolley. hand cart. hand truck. luggage cart. flatbed cart. push cart. utility cart.,0.22,0.22,5,0.3742,"[1411.4085693359375, 892.11669921875, 1649.831787109375, 1047.477783203125]",1
frame_0036.png,production,pair of ramps,ALL_GROUP,pair of ramps. loading ramp. metal ramp. vehicle loading ramp. two metal ramps. aluminum ramp.,0.2,0.2,15,0.3944,"[1980.0892333984375, 923.3213500976562, 2520.88623046875, 1298.2635498046875]",1
frame_0036.png,production,portable power station+basketball,ALL_GROUP,portable power station. large power bank. battery box. power generator box. portable battery. power station. basketball. orange basketball. sports ball. rubber ball.,0.22,0.22,0,0.0,,0
frame_0036.png,production,rectangular table+umbrella,ALL_GROUP,rectangular table. outdoor table. picnic table. long rectangular table. folding table. work table. umbrella. outdoor umbrella. parasol. patio umbrella. hand umbrella.,0.24,0.24,1,0.2946,"[1190.5189208984375, 887.6787719726562, 1356.38330078125, 1014.5247802734375]",1
frame_0036.png,production,cardboard box,ALL_GROUP,cardboard box. brown cardboard box. cardboard package. shipping box.,0.26,0.26,3,0.3657,"[1940.186767578125, 779.2958984375, 2106.530029296875, 896.1176147460938]",1
frame_0036.png,production,chair,ALL_GROUP,chair. folding chair. outdoor chair. plastic chair. armless chair.,0.3,0.3,1,0.3374,"[818.2953491210938, 864.523193359375, 988.3784790039062, 1021.72216796875]",1
frame_0036.png,production,traffic cone+prohibition sign,ALL_GROUP,traffic cone. road cone. safety cone. orange cone. construction cone. prohibition sign. no entry sign. red prohibition sign. do not enter sign. stop sign. red circular sign.,0.22,0.22,1,0.2273,"[1160.796142578125, 687.81396484375, 1350.7166748046875, 831.4500122070312]",1
frame_0036.png,extras,basketball,basketball,basketball.,0.18,0.18,0,0.0,,0
frame_0036.png,extras,basketball,orange basketball,orange basketball.,0.18,0.18,0,0.0,,0
frame_0036.png,extras,basketball,round orange ball,round orange ball.,0.18,0.18,2,0.4865,"[1150.688720703125, 1656.2630615234375, 1684.2188720703125, 1855.9366455078125]",1
frame_0036.png,extras,basketball,rubber ball on ground,rubber ball on ground.,0.18,0.18,8,0.5548,"[10.130853652954102, 960.010498046875, 2869.762451171875, 1848.4710693359375]",1
frame_0036.png,extras,basketball,sports ball,sports ball.,0.18,0.18,1,0.1969,"[1154.5322265625, 1662.2755126953125, 1684.26708984375, 1857.0557861328125]",1
frame_0036.png,extras,basketball,ball,ball.,0.18,0.18,0,0.0,,0
frame_0036.png,extras,umbrella,umbrella,umbrella.,0.2,0.2,1,0.2093,"[1.0294532775878906, 1737.7069091796875, 461.7586364746094, 1856.537109375]",1
frame_0036.png,extras,umbrella,outdoor umbrella,outdoor umbrella.,0.2,0.2,0,0.0,,0
frame_0036.png,extras,umbrella,patio umbrella,patio umbrella.,0.2,0.2,1,0.2223,"[1032.2657470703125, -1.2866395711898804, 2852.994873046875, 1847.693603515625]",1
frame_0036.png,extras,umbrella,open umbrella,open umbrella.,0.2,0.2,5,0.3447,"[1034.635498046875, -0.6389683485031128, 2808.685791015625, 1847.7698974609375]",1
frame_0036.png,extras,umbrella,parasol,parasol.,0.2,0.2,0,0.0,,0
frame_0036.png,extras,umbrella,shade umbrella,shade umbrella.,0.2,0.2,7,0.2823,"[1068.63134765625, 2.6964497566223145, 2712.677978515625, 959.99755859375]",1
frame_0036.png,extras,umbrella,folded umbrella,folded umbrella.,0.2,0.2,7,0.3004,"[1.1018943786621094, 1736.0125732421875, 462.69744873046875, 1855.261474609375]",1
frame_0036.png,extras,electric_wheelchair,electric wheelchair,electric wheelchair.,0.2,0.2,3,0.4007,"[817.869140625, 865.599853515625, 988.71923828125, 1020.494140625]",1
frame_0036.png,extras,electric_wheelchair,motorized wheelchair,motorized wheelchair.,0.2,0.2,2,0.5866,"[817.169677734375, 864.5001220703125, 989.1045532226562, 1021.827392578125]",1
frame_0036.png,extras,electric_wheelchair,power wheelchair,power wheelchair.,0.2,0.2,4,0.4332,"[817.70556640625, 865.0089111328125, 988.7188720703125, 1020.6121215820312]",1
frame_0036.png,extras,electric_wheelchair,wheelchair,wheelchair.,0.2,0.2,2,0.3139,"[819.1575317382812, 866.975341796875, 986.9627075195312, 1017.8488159179688]",1
frame_0036.png,extras,electric_wheelchair,mobility chair,mobility chair.,0.2,0.2,5,0.5053,"[818.2401123046875, 864.6885375976562, 988.1566772460938, 1020.5034790039062]",1
frame_0036.png,extras,electric_wheelchair,powered mobility scooter,powered mobility scooter.,0.2,0.2,2,0.5583,"[814.2637939453125, 861.1024780273438, 992.203369140625, 1024.9495849609375]",1
frame_0036.png,extras,electric_scooter,electric scooter,electric scooter.,0.2,0.2,3,0.3115,"[817.5419311523438, 865.7852783203125, 989.418212890625, 1021.0291748046875]",1
frame_0036.png,extras,electric_scooter,stand-up scooter,stand-up scooter.,0.2,0.2,2,0.5471,"[812.707275390625, 860.490966796875, 993.19580078125, 1026.7138671875]",1
frame_0036.png,extras,electric_scooter,kick scooter,kick scooter.,0.2,0.2,4,0.3768,"[815.76171875, 863.94189453125, 990.5706787109375, 1022.5199584960938]",1
frame_0036.png,extras,electric_scooter,two-wheeled scooter,two-wheeled scooter.,0.2,0.2,2,0.6422,"[812.5541381835938, 860.8915405273438, 993.11328125, 1026.681884765625]",1
frame_0036.png,extras,electric_scooter,scooter,scooter.,0.2,0.2,1,0.2329,"[818.6420288085938, 866.5911865234375, 987.523681640625, 1017.8728637695312]",1
frame_0036.png,extras,electric_scooter,electric kick scooter,electric kick scooter.,0.2,0.2,4,0.4711,"[814.5033569335938, 862.962890625, 991.432861328125, 1024.208740234375]",1
frame_0036.png,extras,prohibition_sign,prohibition sign,prohibition sign.,0.2,0.2,5,0.318,"[1143.110107421875, 546.2905883789062, 1462.5299072265625, 978.36669921875]",1
frame_0036.png,extras,prohibition_sign,no entry sign,no entry sign.,0.2,0.2,6,0.3582,"[1159.7462158203125, 687.2144165039062, 1349.8988037109375, 831.905517578125]",1
frame_0036.png,extras,prohibition_sign,red prohibition sign,red prohibition sign.,0.2,0.2,5,0.3111,"[70.50969696044922, 616.1087036132812, 159.8687286376953, 658.9916381835938]",1
frame_0036.png,extras,prohibition_sign,do not enter sign,do not enter sign.,0.2,0.2,3,0.2918,"[1164.3297119140625, 689.4387817382812, 1347.241943359375, 829.2607421875]",1
frame_0036.png,extras,prohibition_sign,stop sign,stop sign.,0.2,0.2,0,0.0,,0
frame_0036.png,extras,prohibition_sign,red circular sign,red circular sign.,0.2,0.2,5,0.3482,"[1147.3319091796875, 1652.5166015625, 1692.28271484375, 1854.1632080078125]",1
frame_0036.png,extras,prohibition_sign,warning sign,warning sign.,0.2,0.2,3,0.3016,"[1144.5770263671875, 545.631103515625, 1461.07421875, 977.695068359375]",1
frame_0036.png,extras,prohibition_sign,red sign on ground,red sign on ground.,0.2,0.2,5,0.554,"[9.9261474609375, 959.111083984375, 2869.54052734375, 1848.6995849609375]",1
frame_0036.png,extras,pair_of_ramps,pair of ramps,pair of ramps.,0.18,0.18,7,0.3604,"[1051.00146484375, 5.5414581298828125, 2728.763671875, 1305.1317138671875]",1
frame_0036.png,extras,pair_of_ramps,loading ramps,loading ramps.,0.18,0.18,8,0.3626,"[1985.9630126953125, 930.8609619140625, 2518.1083984375, 1294.7408447265625]",1
frame_0036.png,extras,pair_of_ramps,metal ramps on ground,metal ramps on ground.,0.18,0.18,7,0.3478,"[1971.6900634765625, 906.6801147460938, 2674.16796875, 1309.7166748046875]",1
frame_0036.png,extras,pair_of_ramps,vehicle loading ramp,vehicle loading ramp.,0.18,0.18,7,0.2983,"[1039.92919921875, 3.2662386894226074, 2748.40478515625, 1581.69140625]",1
frame_0036.png,extras,pair_of_ramps,two metal ramps,two metal ramps.,0.18,0.18,4,0.385,"[1041.6220703125, 10.479479789733887, 2733.928955078125, 1319.8428955078125]",1
frame_0036.png,extras,pair_of_ramps,ramp,ramp.,0.18,0.18,1,0.1945,"[1053.2469482421875, 2.9731125831604004, 2732.33349609375, 1300.60302734375]",1
frame_0036.png,extras,pair_of_ramps,aluminum ramp,aluminum ramp.,0.18,0.18,8,0.4471,"[1985.8822021484375, 929.2807006835938, 2519.01953125, 1295.40478515625]",1
frame_0036.png,extras,pair_of_ramps,incline ramp,incline ramp.,0.18,0.18,0,0.0,,0
frame_0036.png,extras,trailer,trailer,trailer.,0.18,0.18,4,0.2497,"[1414.202880859375, 896.4710693359375, 1645.8270263671875, 1045.484619140625]",1
frame_0036.png,extras,trailer,cargo trailer,cargo trailer.,0.18,0.18,6,0.3348,"[1144.2559814453125, 544.435302734375, 1464.3759765625, 980.1107177734375]",1
frame_0036.png,extras,trailer,vehicle trailer,vehicle trailer.,0.18,0.18,10,0.3147,"[1413.1214599609375, 895.389404296875, 1646.3916015625, 1047.0047607421875]",1
frame_0036.png,extras,trailer,wheeled trailer,wheeled trailer.,0.18,0.18,5,0.33,"[1040.857421875, 1.47682785987854, 2760.874267578125, 1702.53857421875]",1
frame_0036.png,extras,trailer,small trailer,small trailer.,0.18,0.18,7,0.2795,"[1411.5380859375, 894.8296508789062, 1646.368408203125, 1048.908447265625]",1
frame_0036.png,extras,trailer,utility trailer,utility trailer.,0.18,0.18,5,0.3409,"[1038.833740234375, 2.6551527976989746, 2744.013427734375, 1500.0623779296875]",1
frame_0036.png,extras,trailer,open trailer,open trailer.,0.18,0.18,4,0.3823,"[1036.5054931640625, 2.7589774131774902, 2759.89892578125, 1527.88720703125]",1
frame_0036.png,extras,trailer,covered trailer,covered trailer.,0.18,0.18,4,0.4358,"[1049.364501953125, 2.2562062740325928, 2728.4599609375, 1306.8121337890625]",1
frame_0036.png,extras,trailer,container trailer,container trailer.,0.18,0.18,6,0.3264,"[1145.4774169921875, 545.869384765625, 1463.1533203125, 976.9580688476562]",1
frame_0037.png,production,trailer,ALL_GROUP,trailer. cargo trailer. vehicle trailer. wheeled trailer. flatbed trailer. black trailer. utility trailer.,0.2,0.2,6,0.3209,"[1022.7407836914062, 4.288244247436523, 2803.486328125, 1321.7808837890625]",1
frame_0037.png,production,electric utility vehicle+electric wheelchair+electric scooter+trolley,ALL_GROUP,electric utility vehicle. small electric cart. utility vehicle. golf cart. electric cart. small white utility vehicle. electric wheelchair. motorized wheelchair. power wheelchair. mobility scooter wheelchair. electric scooter. mobility scooter. stand-up scooter. kick scooter. scooter. trolley. hand cart. hand truck. luggage cart. flatbed cart. push cart. utility cart.,0.22,0.22,3,0.353,"[805.0775146484375, 862.5491943359375, 981.796875, 1025.12548828125]",1
frame_0037.png,production,pair of ramps,ALL_GROUP,pair of ramps. loading ramp. metal ramp. vehicle loading ramp. two metal ramps. aluminum ramp.,0.2,0.2,13,0.387,"[1018.5836791992188, 6.577987194061279, 2843.325927734375, 1329.747314453125]",1
frame_0037.png,production,portable power station+basketball,ALL_GROUP,portable power station. large power bank. battery box. power generator box. portable battery. power station. basketball. orange basketball. sports ball. rubber ball.,0.22,0.22,0,0.0,,0
frame_0037.png,production,rectangular table+umbrella,ALL_GROUP,rectangular table. outdoor table. picnic table. long rectangular table. folding table. work table. umbrella. outdoor umbrella. parasol. patio umbrella. hand umbrella.,0.24,0.24,1,0.2798,"[1185.3712158203125, 888.0602416992188, 1353.287109375, 1018.1634521484375]",1
frame_0037.png,production,cardboard box,ALL_GROUP,cardboard box. brown cardboard box. cardboard package. shipping box.,0.26,0.26,3,0.4152,"[1960.626953125, 775.69091796875, 2120.9140625, 890.2216796875]",1
frame_0037.png,production,chair,ALL_GROUP,chair. folding chair. outdoor chair. plastic chair. armless chair.,0.3,0.3,2,0.3385,"[808.3831176757812, 864.0504760742188, 978.2484130859375, 1023.6665649414062]",1
frame_0037.png,production,traffic cone+prohibition sign,ALL_GROUP,traffic cone. road cone. safety cone. orange cone. construction cone. prohibition sign. no entry sign. red prohibition sign. do not enter sign. stop sign. red circular sign.,0.22,0.22,1,0.2285,"[1144.514404296875, 678.3956298828125, 1389.1915283203125, 833.3270874023438]",1
frame_0037.png,extras,basketball,basketball,basketball.,0.18,0.18,0,0.0,,0
frame_0037.png,extras,basketball,orange basketball,orange basketball.,0.18,0.18,0,0.0,,0
frame_0037.png,extras,basketball,round orange ball,round orange ball.,0.18,0.18,2,0.6469,"[1147.2347412109375, 1651.6097412109375, 1681.7984619140625, 1856.2547607421875]",1
frame_0037.png,extras,basketball,rubber ball on ground,rubber ball on ground.,0.18,0.18,8,0.5316,"[9.7064208984375, 957.385986328125, 2869.5810546875, 1848.6915283203125]",1
frame_0037.png,extras,basketball,sports ball,sports ball.,0.18,0.18,1,0.3005,"[1151.060791015625, 1659.54541015625, 1677.7657470703125, 1857.2554931640625]",1
frame_0037.png,extras,basketball,ball,ball.,0.18,0.18,1,0.2069,"[1151.213623046875, 1659.2344970703125, 1678.520263671875, 1857.397216796875]",1
frame_0037.png,extras,umbrella,umbrella,umbrella.,0.2,0.2,0,0.0,,0
frame_0037.png,extras,umbrella,outdoor umbrella,outdoor umbrella.,0.2,0.2,0,0.0,,0
frame_0037.png,extras,umbrella,patio umbrella,patio umbrella.,0.2,0.2,0,0.0,,0
frame_0037.png,extras,umbrella,open umbrella,open umbrella.,0.2,0.2,3,0.334,"[1149.7601318359375, 1654.4422607421875, 1682.5784912109375, 1854.9063720703125]",1
frame_0037.png,extras,umbrella,parasol,parasol.,0.2,0.2,0,0.0,,0
frame_0037.png,extras,umbrella,shade umbrella,shade umbrella.,0.2,0.2,5,0.2727,"[1055.5633544921875, 2.1636343002319336, 2669.67626953125, 976.0369873046875]",1
frame_0037.png,extras,umbrella,folded umbrella,folded umbrella.,0.2,0.2,7,0.2753,"[0.9566688537597656, 1736.8271484375, 462.4479675292969, 1855.009521484375]",1
frame_0037.png,extras,electric_wheelchair,electric wheelchair,electric wheelchair.,0.2,0.2,3,0.4394,"[808.063232421875, 865.1781005859375, 978.9148559570312, 1022.7509155273438]",1
frame_0037.png,extras,electric_wheelchair,motorized wheelchair,motorized wheelchair.,0.2,0.2,2,0.6385,"[807.4403686523438, 864.185791015625, 979.2268676757812, 1023.724853515625]",1
frame_0037.png,extras,electric_wheelchair,power wheelchair,power wheelchair.,0.2,0.2,4,0.439,"[808.2042236328125, 864.6600341796875, 978.6906127929688, 1022.8618774414062]",1
frame_0037.png,extras,electric_wheelchair,wheelchair,wheelchair.,0.2,0.2,2,0.322,"[809.183349609375, 866.4002685546875, 977.1907348632812, 1019.83984375]",1
frame_0037.png,extras,electric_wheelchair,mobility chair,mobility chair.,0.2,0.2,5,0.4802,"[808.586181640625, 864.4257202148438, 977.8594360351562, 1022.4491577148438]",1
frame_0037.png,extras,electric_wheelchair,powered mobility scooter,powered mobility scooter.,0.2,0.2,2,0.5413,"[804.464111328125, 860.5743408203125, 981.9058227539062, 1026.5416259765625]",1
frame_0037.png,extras,electric_scooter,electric scooter,electric scooter.,0.2,0.2,3,0.3788,"[807.89208984375, 864.8409423828125, 979.6212768554688, 1023.646240234375]",1
frame_0037.png,extras,electric_scooter,stand-up scooter,stand-up scooter.,0.2,0.2,2,0.5284,"[803.1002197265625, 860.114501953125, 982.9493408203125, 1028.2943115234375]",1
frame_0037.png,extras,electric_scooter,kick scooter,kick scooter.,0.2,0.2,4,0.3929,"[806.0988159179688, 863.71337890625, 981.033935546875, 1024.59765625]",1
frame_0037.png,extras,electric_scooter,two-wheeled scooter,two-wheeled scooter.,0.2,0.2,2,0.5671,"[802.5614013671875, 860.2836303710938, 983.29150390625, 1028.2333984375]",1
frame_0037.png,extras,electric_scooter,scooter,scooter.,0.2,0.2,3,0.3482,"[809.5711059570312, 865.9669799804688, 977.8174438476562, 1020.095947265625]",1
frame_0037.png,extras,electric_scooter,electric kick scooter,electric kick scooter.,0.2,0.2,4,0.468,"[804.8388061523438, 862.3180541992188, 981.9700317382812, 1026.1119384765625]",1
frame_0037.png,extras,prohibition_sign,prohibition sign,prohibition sign.,0.2,0.2,4,0.3751,"[1137.644775390625, 540.8978271484375, 1461.9022216796875, 979.3687744140625]",1
frame_0037.png,extras,prohibition_sign,no entry sign,no entry sign.,0.2,0.2,3,0.3652,"[1143.8118896484375, 676.8473510742188, 1389.6326904296875, 835.3260498046875]",1
frame_0037.png,extras,prohibition_sign,red prohibition sign,red prohibition sign.,0.2,0.2,5,0.2951,"[51.53453826904297, 610.722412109375, 143.205810546875, 653.9523315429688]",1
frame_0037.png,extras,prohibition_sign,do not enter sign,do not enter sign.,0.2,0.2,4,0.2676,"[1155.7547607421875, 685.911376953125, 1365.6458740234375, 827.7428588867188]",1
frame_0037.png,extras,prohibition_sign,stop sign,stop sign.,0.2,0.2,0,0.0,,0
frame_0037.png,extras,prohibition_sign,red circular sign,red circular sign.,0.2,0.2,3,0.4192,"[1144.381103515625, 1649.3123779296875, 1687.9962158203125, 1854.7647705078125]",1
frame_0037.png,extras,prohibition_sign,warning sign,warning sign.,0.2,0.2,3,0.3469,"[1138.633544921875, 541.0750732421875, 1461.814208984375, 977.29638671875]",1
frame_0037.png,extras,prohibition_sign,red sign on ground,red sign on ground.,0.2,0.2,3,0.5655,"[10.093088150024414, 957.99755859375, 2868.97412109375, 1848.68798828125]",1
frame_0037.png,extras,pair_of_ramps,pair of ramps,pair of ramps.,0.18,0.18,5,0.4622,"[1030.2625732421875, 6.236579418182373, 2812.745361328125, 1324.8182373046875]",1
frame_0037.png,extras,pair_of_ramps,loading ramps,loading ramps.,0.18,0.18,7,0.3469,"[1042.1241455078125, 3.0772697925567627, 2804.029052734375, 1318.5191650390625]",1
frame_0037.png,extras,pair_of_ramps,metal ramps on ground,metal ramps on ground.,0.18,0.18,7,0.3468,"[1688.799072265625, 880.5042724609375, 2805.919189453125, 1333.5350341796875]",1
frame_0037.png,extras,pair_of_ramps,vehicle loading ramp,vehicle loading ramp.,0.18,0.18,7,0.3517,"[1024.6690673828125, 3.8736658096313477, 2840.313232421875, 1323.396240234375]",1
frame_0037.png,extras,pair_of_ramps,two metal ramps,two metal ramps.,0.18,0.18,2,0.472,"[1021.1044311523438, 9.290789604187012, 2824.09326171875, 1329.1585693359375]",1
frame_0037.png,extras,pair_of_ramps,ramp,ramp.,0.18,0.18,1,0.2099,"[1036.0673828125, 2.0919604301452637, 2824.0263671875, 1320.7943115234375]",1
frame_0037.png,extras,pair_of_ramps,aluminum ramp,aluminum ramp.,0.18,0.18,7,0.462,"[2013.34619140625, 929.5186157226562, 2583.29296875, 1320.3734130859375]",1
frame_0037.png,extras,pair_of_ramps,incline ramp,incline ramp.,0.18,0.18,0,0.0,,0
frame_0037.png,extras,trailer,trailer,trailer.,0.18,0.18,5,0.2837,"[1031.7271728515625, 2.2806520462036133, 2809.93017578125, 1321.14990234375]",1
frame_0037.png,extras,trailer,cargo trailer,cargo trailer.,0.18,0.18,5,0.4034,"[1031.6416015625, 2.1718382835388184, 2804.038818359375, 1319.8553466796875]",1
frame_0037.png,extras,trailer,vehicle trailer,vehicle trailer.,0.18,0.18,9,0.4244,"[1025.176513671875, 2.8364717960357666, 2808.12939453125, 1322.3773193359375]",1
frame_0037.png,extras,trailer,wheeled trailer,wheeled trailer.,0.18,0.18,5,0.3915,"[1025.7135009765625, 3.639686107635498, 2822.5625, 1321.6025390625]",1
frame_0037.png,extras,trailer,small trailer,small trailer.,0.18,0.18,8,0.3237,"[1184.9959716796875, 888.0764770507812, 1352.896484375, 1017.5401611328125]",1
frame_0037.png,extras,trailer,utility trailer,utility trailer.,0.18,0.18,3,0.4668,"[1024.6593017578125, 2.8648531436920166, 2805.03076171875, 1322.03076171875]",1
frame_0037.png,extras,trailer,open trailer,open trailer.,0.18,0.18,1,0.5621,"[1025.5428466796875, 4.506425857543945, 2813.2099609375, 1322.1170654296875]",1
frame_0037.png,extras,trailer,covered trailer,covered trailer.,0.18,0.18,3,0.5017,"[1029.604736328125, 2.055485725402832, 2803.9697265625, 1320.2415771484375]",1
frame_0037.png,extras,trailer,container trailer,container trailer.,0.18,0.18,6,0.3423,"[1139.7637939453125, 540.0029296875, 1462.9051513671875, 981.5865478515625]",1
frame_0038.png,production,trailer,ALL_GROUP,trailer. cargo trailer. vehicle trailer. wheeled trailer. flatbed trailer. black trailer. utility trailer.,0.2,0.2,6,0.3088,"[1408.8641357421875, 896.3117065429688, 1652.960693359375, 1050.3824462890625]",1
frame_0038.png,production,electric utility vehicle+electric wheelchair+electric scooter+trolley,ALL_GROUP,electric utility vehicle. small electric cart. utility vehicle. golf cart. electric cart. small white utility vehicle. electric wheelchair. motorized wheelchair. power wheelchair. mobility scooter wheelchair. electric scooter. mobility scooter. stand-up scooter. kick scooter. scooter. trolley. hand cart. hand truck. luggage cart. flatbed cart. push cart. utility cart.,0.22,0.22,2,0.3611,"[1408.2344970703125, 894.5825805664062, 1654.158935546875, 1050.5986328125]",1
frame_0038.png,production,pair of ramps,ALL_GROUP,pair of ramps. loading ramp. metal ramp. vehicle loading ramp. two metal ramps. aluminum ramp.,0.2,0.2,13,0.3822,"[1020.82275390625, 5.596446990966797, 2857.904052734375, 1329.6309814453125]",1
frame_0038.png,production,portable power station+basketball,ALL_GROUP,portable power station. large power bank. battery box. power generator box. portable battery. power station. basketball. orange basketball. sports ball. rubber ball.,0.22,0.22,0,0.0,,0
frame_0038.png,production,rectangular table+umbrella,ALL_GROUP,rectangular table. outdoor table. picnic table. long rectangular table. folding table. work table. umbrella. outdoor umbrella. parasol. patio umbrella. hand umbrella.,0.24,0.24,1,0.2797,"[1184.6156005859375, 889.3231811523438, 1352.275146484375, 1018.2241821289062]",1
frame_0038.png,production,cardboard box,ALL_GROUP,cardboard box. brown cardboard box. cardboard package. shipping box.,0.26,0.26,3,0.4039,"[1960.9061279296875, 776.679443359375, 2121.187255859375, 890.5960083007812]",1
frame_0038.png,production,chair,ALL_GROUP,chair. folding chair. outdoor chair. plastic chair. armless chair.,0.3,0.3,1,0.3447,"[808.0017700195312, 864.7015991210938, 977.1038818359375, 1024.1038818359375]",1
frame_0038.png,production,traffic cone+prohibition sign,ALL_GROUP,traffic cone. road cone. safety cone. orange cone. construction cone. prohibition sign. no entry sign. red prohibition sign. do not enter sign. stop sign. red circular sign.,0.22,0.22,0,0.0,,0
frame_0038.png,extras,basketball,basketball,basketball.,0.18,0.18,0,0.0,,0
frame_0038.png,extras,basketball,orange basketball,orange basketball.,0.18,0.18,0,0.0,,0
frame_0038.png,extras,basketball,round orange ball,round orange ball.,0.18,0.18,2,0.6164,"[379.7464294433594, 999.4953002929688, 460.56365966796875, 1083.425537109375]",1
frame_0038.png,extras,basketball,rubber ball on ground,rubber ball on ground.,0.18,0.18,9,0.5409,"[9.777917861938477, 958.0791015625, 2869.614501953125, 1848.85009765625]",1
frame_0038.png,extras,basketball,sports ball,sports ball.,0.18,0.18,1,0.2736,"[1151.224853515625, 1660.080078125, 1677.9027099609375, 1857.390625]",1
frame_0038.png,extras,basketball,ball,ball.,0.18,0.18,0,0.0,,0
frame_0038.png,extras,umbrella,umbrella,umbrella.,0.2,0.2,0,0.0,,0
frame_0038.png,extras,umbrella,outdoor umbrella,outdoor umbrella.,0.2,0.2,0,0.0,,0
frame_0038.png,extras,umbrella,patio umbrella,patio umbrella.,0.2,0.2,0,0.0,,0
frame_0038.png,extras,umbrella,open umbrella,open umbrella.,0.2,0.2,4,0.2845,"[1019.7268676757812, 2.727159261703491, 2852.072021484375, 1329.517578125]",1
frame_0038.png,extras,umbrella,parasol,parasol.,0.2,0.2,0,0.0,,0
frame_0038.png,extras,umbrella,shade umbrella,shade umbrella.,0.2,0.2,5,0.2903,"[1054.3089599609375, 2.934309959411621, 2670.271240234375, 972.2103881835938]",1
frame_0038.png,extras,umbrella,folded umbrella,folded umbrella.,0.2,0.2,6,0.2821,"[1.2877821922302246, 1736.4183349609375, 463.1526184082031, 1855.0665283203125]",1
frame_0038.png,extras,electric_wheelchair,electric wheelchair,electric wheelchair.,0.2,0.2,4,0.425,"[807.65869140625, 865.9483032226562, 978.306396484375, 1023.3040161132812]",1
frame_0038.png,extras,electric_wheelchair,motorized wheelchair,motorized wheelchair.,0.2,0.2,2,0.5989,"[807.1124267578125, 864.9082641601562, 978.3600463867188, 1024.2923583984375]",1
frame_0038.png,extras,electric_wheelchair,power wheelchair,power wheelchair.,0.2,0.2,4,0.4258,"[807.8132934570312, 865.3663330078125, 978.0504150390625, 1023.4083251953125]",1
frame_0038.png,extras,electric_wheelchair,wheelchair,wheelchair.,0.2,0.2,2,0.3173,"[808.860107421875, 867.087646484375, 976.627685546875, 1020.6303100585938]",1
frame_0038.png,extras,electric_wheelchair,mobility chair,mobility chair.,0.2,0.2,3,0.4918,"[808.0784301757812, 865.0474853515625, 977.1439208984375, 1023.0453491210938]",1
frame_0038.png,extras,electric_wheelchair,powered mobility scooter,powered mobility scooter.,0.2,0.2,2,0.5548,"[804.1216430664062, 861.1451416015625, 981.2487182617188, 1027.3773193359375]",1
frame_0038.png,extras,electric_scooter,electric scooter,electric scooter.,0.2,0.2,3,0.3434,"[807.386474609375, 865.6869506835938, 978.970947265625, 1024.240478515625]",1
frame_0038.png,extras,electric_scooter,stand-up scooter,stand-up scooter.,0.2,0.2,2,0.5443,"[802.7781982421875, 860.611572265625, 982.1825561523438, 1029.1138916015625]",1
frame_0038.png,extras,electric_scooter,kick scooter,kick scooter.,0.2,0.2,4,0.4007,"[805.6770629882812, 864.5396118164062, 980.2650756835938, 1025.381591796875]",1
frame_0038.png,extras,electric_scooter,two-wheeled scooter,two-wheeled scooter.,0.2,0.2,2,0.5736,"[802.3636474609375, 860.915283203125, 982.5929565429688, 1028.9627685546875]",1
frame_0038.png,extras,electric_scooter,scooter,scooter.,0.2,0.2,3,0.2784,"[809.056640625, 866.7431030273438, 977.3756103515625, 1020.7947998046875]",1
frame_0038.png,extras,electric_scooter,electric kick scooter,electric kick scooter.,0.2,0.2,4,0.4684,"[804.4113159179688, 863.1701049804688, 981.1641845703125, 1026.8076171875]",1
frame_0038.png,extras,prohibition_sign,prohibition sign,prohibition sign.,0.2,0.2,4,0.3499,"[1137.0836181640625, 543.0658569335938, 1462.636962890625, 979.1652221679688]",1
frame_0038.png,extras,prohibition_sign,no entry sign,no entry sign.,0.2,0.2,4,0.3634,"[1143.410888671875, 676.833740234375, 1392.102294921875, 836.0101928710938]",1
frame_0038.png,extras,prohibition_sign,red prohibition sign,red prohibition sign.,0.2,0.2,5,0.3099,"[50.57158279418945, 610.498779296875, 143.31314086914062, 654.3931274414062]",1
frame_0038.png,extras,prohibition_sign,do not enter sign,do not enter sign.,0.2,0.2,4,0.269,"[1155.8782958984375, 686.41455078125, 1362.582275390625, 828.7827758789062]",1
frame_0038.png,extras,prohibition_sign,stop sign,stop sign.,0.2,0.2,0,0.0,,0
frame_0038.png,extras,prohibition_sign,red circular sign,red circular sign.,0.2,0.2,3,0.3185,"[371.7785949707031, 826.52294921875, 416.8287048339844, 874.7200927734375]",1
frame_0038.png,extras,prohibition_sign,warning sign,warning sign.,0.2,0.2,3,0.3289,"[1138.0316162109375, 542.7243041992188, 1462.323486328125, 976.912841796875]",1
frame_0038.png,extras,prohibition_sign,red sign on ground,red sign on ground.,0.2,0.2,4,0.5667,"[10.100898742675781, 959.0922241210938, 2869.123779296875, 1848.8055419921875]",1
frame_0038.png,extras,pair_of_ramps,pair of ramps,pair of ramps.,0.18,0.18,5,0.4794,"[1031.3592529296875, 5.491513729095459, 2829.491455078125, 1324.7335205078125]",1
frame_0038.png,extras,pair_of_ramps,loading ramps,loading ramps.,0.18,0.18,6,0.3617,"[2018.9267578125, 933.5965576171875, 2582.797607421875, 1320.3973388671875]",1
frame_0038.png,extras,pair_of_ramps,metal ramps on ground,metal ramps on ground.,0.18,0.18,7,0.361,"[2004.3546142578125, 909.3199462890625, 2804.10546875, 1330.4886474609375]",1
frame_0038.png,extras,pair_of_ramps,vehicle loading ramp,vehicle loading ramp.,0.18,0.18,7,0.3695,"[1026.6456298828125, 4.278931617736816, 2829.836669921875, 1322.241455078125]",1
frame_0038.png,extras,pair_of_ramps,two metal ramps,two metal ramps.,0.18,0.18,3,0.4951,"[1022.5932006835938, 7.626821994781494, 2848.2373046875, 1328.6077880859375]",1
frame_0038.png,extras,pair_of_ramps,ramp,ramp.,0.18,0.18,1,0.2091,"[1037.20556640625, 2.1529359817504883, 2820.9248046875, 1320.7149658203125]",1
frame_0038.png,extras,pair_of_ramps,aluminum ramp,aluminum ramp.,0.18,0.18,7,0.4723,"[2013.8966064453125, 931.042236328125, 2582.452880859375, 1320.8150634765625]",1
frame_0038.png,extras,pair_of_ramps,incline ramp,incline ramp.,0.18,0.18,0,0.0,,0
frame_0038.png,extras,trailer,trailer,trailer.,0.18,0.18,4,0.2843,"[1032.2449951171875, 2.5052638053894043, 2808.131103515625, 1320.5474853515625]",1
frame_0038.png,extras,trailer,cargo trailer,cargo trailer.,0.18,0.18,5,0.4148,"[1032.9908447265625, 1.8304860591888428, 2804.02294921875, 1319.9456787109375]",1
frame_0038.png,extras,trailer,vehicle trailer,vehicle trailer.,0.18,0.18,8,0.4482,"[1024.92822265625, 2.1908516883850098, 2806.1328125, 1321.949462890625]",1
frame_0038.png,extras,trailer,wheeled trailer,wheeled trailer.,0.18,0.18,4,0.418,"[1026.108154296875, 3.3126907348632812, 2816.146728515625, 1321.541748046875]",1
frame_0038.png,extras,trailer,small trailer,small trailer.,0.18,0.18,7,0.3567,"[1026.0985107421875, 3.8367481231689453, 2807.224609375, 1324.5794677734375]",1
frame_0038.png,extras,trailer,utility trailer,utility trailer.,0.18,0.18,3,0.4832,"[1025.1663818359375, 2.5778799057006836, 2805.68017578125, 1322.0240478515625]",1
frame_0038.png,extras,trailer,open trailer,open trailer.,0.18,0.18,1,0.58,"[1026.401611328125, 4.084308624267578, 2812.17138671875, 1321.8785400390625]",1
frame_0038.png,extras,trailer,covered trailer,covered trailer.,0.18,0.18,3,0.5052,"[1030.4541015625, 1.7937344312667847, 2803.984130859375, 1320.2264404296875]",1
frame_0038.png,extras,trailer,container trailer,container trailer.,0.18,0.18,6,0.3531,"[1138.825439453125, 541.7328491210938, 1463.723388671875, 981.42431640625]",1
frame_0039.png,production,trailer,ALL_GROUP,trailer. cargo trailer. vehicle trailer. wheeled trailer. flatbed trailer. black trailer. utility trailer.,0.2,0.2,5,0.3129,"[1421.379150390625, 893.2294921875, 1673.1202392578125, 1054.9022216796875]",1
frame_0039.png,production,electric utility vehicle+electric wheelchair+electric scooter+trolley,ALL_GROUP,electric utility vehicle. small electric cart. utility vehicle. golf cart. electric cart. small white utility vehicle. electric wheelchair. motorized wheelchair. power wheelchair. mobility scooter wheelchair. electric scooter. mobility scooter. stand-up scooter. kick scooter. scooter. trolley. hand cart. hand truck. luggage cart. flatbed cart. push cart. utility cart.,0.22,0.22,4,0.3549,"[805.0939331054688, 862.998046875, 986.6857299804688, 1029.114990234375]",1
frame_0039.png,production,pair of ramps,ALL_GROUP,pair of ramps. loading ramp. metal ramp. vehicle loading ramp. two metal ramps. aluminum ramp.,0.2,0.2,13,0.4033,"[1687.9508056640625, 894.4706420898438, 2872.1083984375, 1359.8775634765625]",1
frame_0039.png,production,portable power station+basketball,ALL_GROUP,portable power station. large power bank. battery box. power generator box. portable battery. power station. basketball. orange basketball. sports ball. rubber ball.,0.22,0.22,0,0.0,,0
frame_0039.png,production,rectangular table+umbrella,ALL_GROUP,rectangular table. outdoor table. picnic table. long rectangular table. folding table. work table. umbrella. outdoor umbrella. parasol. patio umbrella. hand umbrella.,0.24,0.24,1,0.2864,"[1191.9822998046875, 888.8388671875, 1360.640380859375, 1020.105224609375]",1
frame_0039.png,production,cardboard box,ALL_GROUP,cardboard box. brown cardboard box. cardboard package. shipping box.,0.26,0.26,3,0.4078,"[250.31280517578125, 1001.3078002929688, 385.1697998046875, 1102.8746337890625]",1
frame_0039.png,production,chair,ALL_GROUP,chair. folding chair. outdoor chair. plastic chair. armless chair.,0.3,0.3,1,0.3415,"[808.0330810546875, 864.6192016601562, 983.9509887695312, 1027.60888671875]",1
frame_0039.png,production,traffic cone+prohibition sign,ALL_GROUP,traffic cone. road cone. safety cone. orange cone. construction cone. prohibition sign. no entry sign. red prohibition sign. do not enter sign. stop sign. red circular sign.,0.22,0.22,0,0.0,,0
frame_0039.png,extras,basketball,basketball,basketball.,0.18,0.18,0,0.0,,0
frame_0039.png,extras,basketball,orange basketball,orange basketball.,0.18,0.18,0,0.0,,0
frame_0039.png,extras,basketball,round orange ball,round orange ball.,0.18,0.18,3,0.5342,"[1155.2484130859375, 1655.6795654296875, 1682.20703125, 1855.9609375]",1
frame_0039.png,extras,basketball,rubber ball on ground,rubber ball on ground.,0.18,0.18,9,0.5588,"[9.270572662353516, 959.1668090820312, 2869.82470703125, 1848.55029296875]",1
frame_0039.png,extras,basketball,sports ball,sports ball.,0.18,0.18,1,0.2432,"[1158.749267578125, 1662.8072509765625, 1678.9920654296875, 1857.2501220703125]",1
frame_0039.png,extras,basketball,ball,ball.,0.18,0.18,0,0.0,,0
frame_0039.png,extras,umbrella,umbrella,umbrella.,0.2,0.2,2,0.221,"[0.9363913536071777, 1738.0308837890625, 460.9571533203125, 1856.4561767578125]",1
frame_0039.png,extras,umbrella,outdoor umbrella,outdoor umbrella.,0.2,0.2,0,0.0,,0
frame_0039.png,extras,umbrella,patio umbrella,patio umbrella.,0.2,0.2,1,0.2138,"[1017.4307250976562, 1.9784349203109741, 2871.144775390625, 1355.101806640625]",1
frame_0039.png,extras,umbrella,open umbrella,open umbrella.,0.2,0.2,2,0.2795,"[1013.2914428710938, 2.9944539070129395, 2867.120849609375, 1358.095947265625]",1
frame_0039.png,extras,umbrella,parasol,parasol.,0.2,0.2,0,0.0,,0
frame_0039.png,extras,umbrella,shade umbrella,shade umbrella.,0.2,0.2,7,0.2951,"[1024.1090087890625, 2.611970901489258, 2868.51318359375, 1354.300048828125]",1
frame_0039.png,extras,umbrella,folded umbrella,folded umbrella.,0.2,0.2,6,0.2757,"[1.3651371002197266, 1735.8358154296875, 461.7729797363281, 1855.0130615234375]",1
frame_0039.png,extras,electric_wheelchair,electric wheelchair,electric wheelchair.,0.2,0.2,3,0.423,"[807.8283081054688, 866.2528686523438, 983.7683715820312, 1027.10546875]",1
frame_0039.png,extras,electric_wheelchair,motorized wheelchair,motorized wheelchair.,0.2,0.2,2,0.5918,"[807.0139770507812, 864.6646118164062, 984.1954345703125, 1027.7796630859375]",1
frame_0039.png,extras,electric_wheelchair,power wheelchair,power wheelchair.,0.2,0.2,4,0.4762,"[807.8551025390625, 865.3565673828125, 983.80322265625, 1027.451416015625]",1
frame_0039.png,extras,electric_wheelchair,wheelchair,wheelchair.,0.2,0.2,2,0.337,"[809.199951171875, 867.4448852539062, 981.890625, 1024.6993408203125]",1
frame_0039.png,extras,electric_wheelchair,mobility chair,mobility chair.,0.2,0.2,3,0.5299,"[807.9049682617188, 865.049072265625, 983.2740478515625, 1026.8167724609375]",1
frame_0039.png,extras,electric_wheelchair,powered mobility scooter,powered mobility scooter.,0.2,0.2,1,0.5962,"[804.2125854492188, 861.3526000976562, 987.4427490234375, 1030.6070556640625]",1
frame_0039.png,extras,electric_scooter,electric scooter,electric scooter.,0.2,0.2,3,0.4634,"[807.3706665039062, 865.8108520507812, 984.351806640625, 1027.5155029296875]",1
frame_0039.png,extras,electric_scooter,stand-up scooter,stand-up scooter.,0.2,0.2,2,0.6179,"[802.4699096679688, 860.8347778320312, 988.3951416015625, 1032.5399169921875]",1
frame_0039.png,extras,electric_scooter,kick scooter,kick scooter.,0.2,0.2,5,0.444,"[805.5661010742188, 864.7774658203125, 986.2245483398438, 1029.1734619140625]",1
frame_0039.png,extras,electric_scooter,two-wheeled scooter,two-wheeled scooter.,0.2,0.2,2,0.6436,"[802.17822265625, 861.1945190429688, 988.48095703125, 1032.334228515625]",1
frame_0039.png,extras,electric_scooter,scooter,scooter.,0.2,0.2,3,0.3348,"[809.45263671875, 866.929931640625, 982.4088745117188, 1024.7745361328125]",1
frame_0039.png,extras,electric_scooter,electric kick scooter,electric kick scooter.,0.2,0.2,4,0.5614,"[804.1675415039062, 863.365478515625, 987.0418701171875, 1030.66552734375]",1
frame_0039.png,extras,prohibition_sign,prohibition sign,prohibition sign.,0.2,0.2,2,0.428,"[1146.07763671875, 535.4362182617188, 1476.5552978515625, 980.8904418945312]",1
frame_0039.png,extras,prohibition_sign,no entry sign,no entry sign.,0.2,0.2,4,0.3644,"[1151.3331298828125, 666.5814819335938, 1414.6497802734375, 838.373291015625]",1
frame_0039.png,extras,prohibition_sign,red prohibition sign,red prohibition sign.,0.2,0.2,4,0.3346,"[1152.8453369140625, 669.0400390625, 1412.2418212890625, 835.9342651367188]",1
frame_0039.png,extras,prohibition_sign,do not enter sign,do not enter sign.,0.2,0.2,2,0.2998,"[1156.5897216796875, 669.3212280273438, 1412.4476318359375, 835.2251586914062]",1
frame_0039.png,extras,prohibition_sign,stop sign,stop sign.,0.2,0.2,0,0.0,,0
frame_0039.png,extras,prohibition_sign,red circular sign,red circular sign.,0.2,0.2,4,0.3574,"[1151.6964111328125, 1652.2490234375, 1689.6363525390625, 1854.1365966796875]",1
frame_0039.png,extras,prohibition_sign,warning sign,warning sign.,0.2,0.2,2,0.3988,"[1146.6085205078125, 535.3084716796875, 1476.574462890625, 981.5026245117188]",1
frame_0039.png,extras,prohibition_sign,red sign on ground,red sign on ground.,0.2,0.2,5,0.5636,"[9.340009689331055, 957.73388671875, 2870.396240234375, 1848.574951171875]",1
frame_0039.png,extras,pair_of_ramps,pair of ramps,pair of ramps.,0.18,0.18,4,0.4699,"[1022.38623046875, 6.252599239349365, 2869.264404296875, 1357.6229248046875]",1
frame_0039.png,extras,pair_of_ramps,loading ramps,loading ramps.,0.18,0.18,8,0.3266,"[2070.022216796875, 929.0164184570312, 2876.925537109375, 1355.3275146484375]",1
frame_0039.png,extras,pair_of_ramps,metal ramps on ground,metal ramps on ground.,0.18,0.18,5,0.4168,"[2054.505859375, 907.3440551757812, 2868.0517578125, 1364.9036865234375]",1
frame_0039.png,extras,pair_of_ramps,vehicle loading ramp,vehicle loading ramp.,0.18,0.18,7,0.3716,"[1017.6808471679688, 5.09173583984375, 2872.365234375, 1357.5350341796875]",1
frame_0039.png,extras,pair_of_ramps,two metal ramps,two metal ramps.,0.18,0.18,3,0.5107,"[1015.960205078125, 8.955867767333984, 2869.72509765625, 1361.58984375]",1
frame_0039.png,extras,pair_of_ramps,ramp,ramp.,0.18,0.18,1,0.228,"[1028.4892578125, 2.3210620880126953, 2876.946533203125, 1354.9761962890625]",1
frame_0039.png,extras,pair_of_ramps,aluminum ramp,aluminum ramp.,0.18,0.18,6,0.4519,"[2061.59375, 926.8692016601562, 2877.1416015625, 1356.152099609375]",1
frame_0039.png,extras,pair_of_ramps,incline ramp,incline ramp.,0.18,0.18,0,0.0,,0
frame_0039.png,extras,trailer,trailer,trailer.,0.18,0.18,4,0.3256,"[1025.0107421875, 2.571117401123047, 2875.992431640625, 1354.817138671875]",1
frame_0039.png,extras,trailer,cargo trailer,cargo trailer.,0.18,0.18,3,0.4267,"[1024.8892822265625, 2.727491855621338, 2875.060546875, 1354.251220703125]",1
frame_0039.png,extras,trailer,vehicle trailer,vehicle trailer.,0.18,0.18,7,0.4703,"[1018.397705078125, 3.0513830184936523, 2875.752685546875, 1356.3638916015625]",1
frame_0039.png,extras,trailer,wheeled trailer,wheeled trailer.,0.18,0.18,4,0.4223,"[1019.8473510742188, 4.115018367767334, 2876.8544921875, 1356.375244140625]",1
frame_0039.png,extras,trailer,small trailer,small trailer.,0.18,0.18,6,0.3668,"[1019.26318359375, 4.519896030426025, 2874.624267578125, 1359.1688232421875]",1
frame_0039.png,extras,trailer,utility trailer,utility trailer.,0.18,0.18,2,0.4967,"[1019.8060913085938, 2.969564914703369, 2875.384765625, 1356.032470703125]",1
frame_0039.png,extras,trailer,open trailer,open trailer.,0.18,0.18,2,0.5774,"[1018.8486328125, 4.7249956130981445, 2875.259765625, 1356.884765625]",1
frame_0039.png,extras,trailer,covered trailer,covered trailer.,0.18,0.18,3,0.5129,"[1022.2100219726562, 2.4431796073913574, 2876.07421875, 1355.0517578125]",1
frame_0039.png,extras,trailer,container trailer,container trailer.,0.18,0.18,6,0.3462,"[1021.824462890625, 2.6182901859283447, 2872.975830078125, 1355.0433349609375]",1
frame_0040.png,production,trailer,ALL_GROUP,trailer. cargo trailer. vehicle trailer. wheeled trailer. flatbed trailer. black trailer. utility trailer.,0.2,0.2,6,0.3245,"[6.273665428161621, 528.5007934570312, 492.91937255859375, 1020.8218383789062]",1
frame_0040.png,production,electric utility vehicle+electric wheelchair+electric scooter+trolley,ALL_GROUP,electric utility vehicle. small electric cart. utility vehicle. golf cart. electric cart. small white utility vehicle. electric wheelchair. motorized wheelchair. power wheelchair. mobility scooter wheelchair. electric scooter. mobility scooter. stand-up scooter. kick scooter. scooter. trolley. hand cart. hand truck. luggage cart. flatbed cart. push cart. utility cart.,0.22,0.22,4,0.3806,"[970.0978393554688, 862.5826416015625, 1145.6787109375, 1027.4754638671875]",1
frame_0040.png,production,pair of ramps,ALL_GROUP,pair of ramps. loading ramp. metal ramp. vehicle loading ramp. two metal ramps. aluminum ramp.,0.2,0.2,9,0.3389,"[1597.544921875, 890.7015380859375, 1870.1336669921875, 1069.9215087890625]",1
frame_0040.png,production,portable power station+basketball,ALL_GROUP,portable power station. large power bank. battery box. power generator box. portable battery. power station. basketball. orange basketball. sports ball. rubber ball.,0.22,0.22,0,0.0,,0
frame_0040.png,production,rectangular table+umbrella,ALL_GROUP,rectangular table. outdoor table. picnic table. long rectangular table. folding table. work table. umbrella. outdoor umbrella. parasol. patio umbrella. hand umbrella.,0.24,0.24,1,0.2447,"[1353.95703125, 887.6962280273438, 1531.7349853515625, 1022.36376953125]",1
frame_0040.png,production,cardboard box,ALL_GROUP,cardboard box. brown cardboard box. cardboard package. shipping box.,0.26,0.26,3,0.4133,"[2231.42529296875, 744.7366943359375, 2428.96826171875, 887.6632080078125]",1
frame_0040.png,production,chair,ALL_GROUP,chair. folding chair. outdoor chair. plastic chair. armless chair.,0.3,0.3,2,0.3367,"[973.4215698242188, 864.3756713867188, 1143.49609375, 1025.4879150390625]",1
frame_0040.png,production,traffic cone+prohibition sign,ALL_GROUP,traffic cone. road cone. safety cone. orange cone. construction cone. prohibition sign. no entry sign. red prohibition sign. do not enter sign. stop sign. red circular sign.,0.22,0.22,0,0.0,,0
frame_0040.png,extras,basketball,basketball,basketball.,0.18,0.18,0,0.0,,0
frame_0040.png,extras,basketball,orange basketball,orange basketball.,0.18,0.18,0,0.0,,0
frame_0040.png,extras,basketball,round orange ball,round orange ball.,0.18,0.18,1,0.7516,"[1154.101806640625, 1652.2177734375, 1670.72314453125, 1854.3880615234375]",1
frame_0040.png,extras,basketball,rubber ball on ground,rubber ball on ground.,0.18,0.18,6,0.4665,"[10.14561653137207, 960.6438598632812, 2869.17822265625, 1848.3294677734375]",1
frame_0040.png,extras,basketball,sports ball,sports ball.,0.18,0.18,1,0.4229,"[1158.7701416015625, 1661.8739013671875, 1665.173095703125, 1856.9775390625]",1
frame_0040.png,extras,basketball,ball,ball.,0.18,0.18,1,0.3033,"[1158.60595703125, 1661.8519287109375, 1667.130859375, 1856.3980712890625]",1
frame_0040.png,extras,umbrella,umbrella,umbrella.,0.2,0.2,1,0.2136,"[0.9599947929382324, 1737.42724609375, 458.26104736328125, 1856.469482421875]",1
frame_0040.png,extras,umbrella,outdoor umbrella,outdoor umbrella.,0.2,0.2,1,0.2225,"[1175.0740966796875, 2.4061508178710938, 2875.247802734375, 1366.8221435546875]",1
frame_0040.png,extras,umbrella,patio umbrella,patio umbrella.,0.2,0.2,1,0.2606,"[1174.991943359375, 2.305596351623535, 2875.260009765625, 1367.6199951171875]",1
frame_0040.png,extras,umbrella,open umbrella,open umbrella.,0.2,0.2,2,0.321,"[1156.6422119140625, 1656.490478515625, 1670.027099609375, 1853.8062744140625]",1
frame_0040.png,extras,umbrella,parasol,parasol.,0.2,0.2,0,0.0,,0
frame_0040.png,extras,umbrella,shade umbrella,shade umbrella.,0.2,0.2,5,0.3252,"[1201.5208740234375, 1.644178032875061, 2837.7958984375, 945.4691772460938]",1
frame_0040.png,extras,umbrella,folded umbrella,folded umbrella.,0.2,0.2,5,0.3272,"[1159.0157470703125, 1661.609130859375, 1666.9617919921875, 1854.626220703125]",1
frame_0040.png,extras,electric_wheelchair,electric wheelchair,electric wheelchair.,0.2,0.2,3,0.4206,"[972.8435668945312, 865.63623046875, 1143.96142578125, 1025.801025390625]",1
frame_0040.png,extras,electric_wheelchair,motorized wheelchair,motorized wheelchair.,0.2,0.2,2,0.5965,"[972.4584350585938, 864.6849365234375, 1143.999267578125, 1026.404296875]",1
frame_0040.png,extras,electric_wheelchair,power wheelchair,power wheelchair.,0.2,0.2,4,0.4394,"[973.1192626953125, 865.0905151367188, 1143.903564453125, 1025.9571533203125]",1
frame_0040.png,extras,electric_wheelchair,wheelchair,wheelchair.,0.2,0.2,2,0.3425,"[974.0023803710938, 866.8955078125, 1142.5499267578125, 1023.6796264648438]",1
frame_0040.png,extras,electric_wheelchair,mobility chair,mobility chair.,0.2,0.2,3,0.556,"[973.236083984375, 864.6782836914062, 1143.0677490234375, 1025.229736328125]",1
frame_0040.png,extras,electric_wheelchair,powered mobility scooter,powered mobility scooter.,0.2,0.2,2,0.5222,"[969.0284423828125, 861.265869140625, 1146.5711669921875, 1029.3477783203125]",1
frame_0040.png,extras,electric_scooter,electric scooter,electric scooter.,0.2,0.2,2,0.3423,"[972.455322265625, 865.6351928710938, 1144.253662109375, 1026.4345703125]",1
frame_0040.png,extras,electric_scooter,stand-up scooter,stand-up scooter.,0.2,0.2,2,0.5362,"[967.3099975585938, 860.3494262695312, 1147.707763671875, 1031.0355224609375]",1
frame_0040.png,extras,electric_scooter,kick scooter,kick scooter.,0.2,0.2,4,0.4634,"[970.5326538085938, 864.1869506835938, 1145.5819091796875, 1027.53466796875]",1
frame_0040.png,extras,electric_scooter,two-wheeled scooter,two-wheeled scooter.,0.2,0.2,2,0.5663,"[967.0926513671875, 860.7438354492188, 1148.1448974609375, 1030.8343505859375]",1
frame_0040.png,extras,electric_scooter,scooter,scooter.,0.2,0.2,2,0.2956,"[974.4105834960938, 866.9443359375, 1142.902587890625, 1023.5176391601562]",1
frame_0040.png,extras,electric_scooter,electric kick scooter,electric kick scooter.,0.2,0.2,6,0.4879,"[969.3301391601562, 862.827880859375, 1146.38720703125, 1028.681884765625]",1
frame_0040.png,extras,prohibition_sign,prohibition sign,prohibition sign.,0.2,0.2,4,0.3833,"[1303.47705078125, 534.6004028320312, 1646.770263671875, 979.3922119140625]",1
frame_0040.png,extras,prohibition_sign,no entry sign,no entry sign.,0.2,0.2,6,0.3243,"[1305.8525390625, 660.7324829101562, 1574.3658447265625, 835.1795043945312]",1
frame_0040.png,extras,prohibition_sign,red prohibition sign,red prohibition sign.,0.2,0.2,6,0.3245,"[1307.4083251953125, 663.4119262695312, 1575.1572265625, 832.346923828125]",1
frame_0040.png,extras,prohibition_sign,do not enter sign,do not enter sign.,0.2,0.2,3,0.2817,"[1307.6353759765625, 662.4078979492188, 1573.54736328125, 832.1669311523438]",1
frame_0040.png,extras,prohibition_sign,stop sign,stop sign.,0.2,0.2,0,0.0,,0
frame_0040.png,extras,prohibition_sign,red circular sign,red circular sign.,0.2,0.2,3,0.4128,"[1151.9698486328125, 1649.9969482421875, 1679.2293701171875, 1853.285888671875]",1
frame_0040.png,extras,prohibition_sign,warning sign,warning sign.,0.2,0.2,4,0.3391,"[1304.4305419921875, 532.1425170898438, 1650.5458984375, 978.1609497070312]",1
frame_0040.png,extras,prohibition_sign,red sign on ground,red sign on ground.,0.2,0.2,3,0.5564,"[10.005712509155273, 958.4078369140625, 2869.90966796875, 1848.498291015625]",1
frame_0040.png,extras,pair_of_ramps,pair of ramps,pair of ramps.,0.18,0.18,6,0.4213,"[1179.498046875, 5.283032417297363, 2872.029052734375, 1364.770751953125]",1
frame_0040.png,extras,pair_of_ramps,loading ramps,loading ramps.,0.18,0.18,5,0.3525,"[1188.320068359375, 2.651660442352295, 2876.785400390625, 1364.91015625]",1
frame_0040.png,extras,pair_of_ramps,metal ramps on ground,metal ramps on ground.,0.18,0.18,5,0.4175,"[9.4097900390625, 955.7325439453125, 2869.249267578125, 1847.0833740234375]",1
frame_0040.png,extras,pair_of_ramps,vehicle loading ramp,vehicle loading ramp.,0.18,0.18,5,0.3723,"[1177.2352294921875, 3.9482779502868652, 2875.561767578125, 1366.5999755859375]",1
frame_0040.png,extras,pair_of_ramps,two metal ramps,two metal ramps.,0.18,0.18,3,0.4674,"[1173.8681640625, 6.810581207275391, 2870.61669921875, 1366.3623046875]",1
frame_0040.png,extras,pair_of_ramps,ramp,ramp.,0.18,0.18,1,0.1928,"[1186.2662353515625, 2.0769381523132324, 2877.84423828125, 1367.58935546875]",1
frame_0040.png,extras,pair_of_ramps,aluminum ramp,aluminum ramp.,0.18,0.18,5,0.3973,"[1182.57421875, 4.6703948974609375, 2876.996337890625, 1365.22216796875]",1
frame_0040.png,extras,pair_of_ramps,incline ramp,incline ramp.,0.18,0.18,0,0.0,,0
frame_0040.png,extras,trailer,trailer,trailer.,0.18,0.18,6,0.2807,"[5.425980091094971, 531.126220703125, 489.70733642578125, 1017.8550415039062]",1
frame_0040.png,extras,trailer,cargo trailer,cargo trailer.,0.18,0.18,5,0.4904,"[5.753939151763916, 530.2018432617188, 491.25872802734375, 1018.7096557617188]",1
frame_0040.png,extras,trailer,vehicle trailer,vehicle trailer.,0.18,0.18,9,0.4106,"[5.567471981048584, 529.1653442382812, 491.4407653808594, 1019.2772827148438]",1
frame_0040.png,extras,trailer,wheeled trailer,wheeled trailer.,0.18,0.18,4,0.3106,"[1176.51318359375, 3.3135223388671875, 2876.366943359375, 1365.5947265625]",1
frame_0040.png,extras,trailer,small trailer,small trailer.,0.18,0.18,6,0.3035,"[6.420693397521973, 528.1012573242188, 493.8675537109375, 1020.9630126953125]",1
frame_0040.png,extras,trailer,utility trailer,utility trailer.,0.18,0.18,3,0.4967,"[6.994493007659912, 529.3624877929688, 492.37890625, 1019.8740844726562]",1
frame_0040.png,extras,trailer,open trailer,open trailer.,0.18,0.18,4,0.4597,"[1177.686767578125, 4.116237640380859, 2876.038818359375, 1365.9326171875]",1
frame_0040.png,extras,trailer,covered trailer,covered trailer.,0.18,0.18,3,0.409,"[1179.276123046875, 2.0375256538391113, 2876.84423828125, 1366.0648193359375]",1
frame_0040.png,extras,trailer,container trailer,container trailer.,0.18,0.18,7,0.393,"[6.686661243438721, 530.4949340820312, 490.3703918457031, 1017.7926025390625]",1
frame_0041.png,production,trailer,ALL_GROUP,trailer. cargo trailer. vehicle trailer. wheeled trailer. flatbed trailer. black trailer. utility trailer.,0.2,0.2,4,0.3224,"[2076.61181640625, 880.4053955078125, 2877.3935546875, 1173.918212890625]",1
frame_0041.png,production,electric utility vehicle+electric wheelchair+electric scooter+trolley,ALL_GROUP,electric utility vehicle. small electric cart. utility vehicle. golf cart. electric cart. small white utility vehicle. electric wheelchair. motorized wheelchair. power wheelchair. mobility scooter wheelchair. electric scooter. mobility scooter. stand-up scooter. kick scooter. scooter. trolley. hand cart. hand truck. luggage cart. flatbed cart. push cart. utility cart.,0.22,0.22,3,0.3792,"[1760.9384765625, 887.4954833984375, 2057.43603515625, 1079.2569580078125]",1
frame_0041.png,production,pair of ramps,ALL_GROUP,pair of ramps. loading ramp. metal ramp. vehicle loading ramp. two metal ramps. aluminum ramp.,0.2,0.2,6,0.4388,"[2072.9375, 879.570556640625, 2872.870849609375, 1128.42041015625]",1
frame_0041.png,production,portable power station+basketball,ALL_GROUP,portable power station. large power bank. battery box. power generator box. portable battery. power station. basketball. orange basketball. sports ball. rubber ball.,0.22,0.22,0,0.0,,0
frame_0041.png,production,rectangular table+umbrella,ALL_GROUP,rectangular table. outdoor table. picnic table. long rectangular table. folding table. work table. umbrella. outdoor umbrella. parasol. patio umbrella. hand umbrella.,0.24,0.24,1,0.2574,"[1498.2265625, 886.3551635742188, 1681.295166015625, 1024.5208740234375]",1
frame_0041.png,production,cardboard box,ALL_GROUP,cardboard box. brown cardboard box. cardboard package. shipping box.,0.26,0.26,2,0.4082,"[563.3135986328125, 996.6759033203125, 684.7398681640625, 1095.1314697265625]",1
frame_0041.png,production,chair,ALL_GROUP,chair. folding chair. outdoor chair. plastic chair. armless chair.,0.3,0.3,0,0.0,,0
frame_0041.png,production,traffic cone+prohibition sign,ALL_GROUP,traffic cone. road cone. safety cone. orange cone. construction cone. prohibition sign. no entry sign. red prohibition sign. do not enter sign. stop sign. red circular sign.,0.22,0.22,1,0.2512,"[1447.2843017578125, 639.947998046875, 1720.08447265625, 833.0964965820312]",1
frame_0041.png,extras,basketball,basketball,basketball.,0.18,0.18,0,0.0,,0
frame_0041.png,extras,basketball,orange basketball,orange basketball.,0.18,0.18,0,0.0,,0
frame_0041.png,extras,basketball,round orange ball,round orange ball.,0.18,0.18,1,0.7068,"[1155.4361572265625, 1646.1917724609375, 1670.760986328125, 1854.930419921875]",1
frame_0041.png,extras,basketball,rubber ball on ground,rubber ball on ground.,0.18,0.18,6,0.4893,"[10.372123718261719, 959.0343627929688, 2869.9658203125, 1848.226806640625]",1
frame_0041.png,extras,basketball,sports ball,sports ball.,0.18,0.18,1,0.4236,"[1158.7403564453125, 1655.2989501953125, 1657.070556640625, 1857.4580078125]",1
frame_0041.png,extras,basketball,ball,ball.,0.18,0.18,1,0.3205,"[1158.7933349609375, 1654.8983154296875, 1662.153564453125, 1856.81494140625]",1
frame_0041.png,extras,umbrella,umbrella,umbrella.,0.2,0.2,1,0.2229,"[1.0645794868469238, 1739.7530517578125, 459.5731201171875, 1856.766357421875]",1
frame_0041.png,extras,umbrella,outdoor umbrella,outdoor umbrella.,0.2,0.2,1,0.27,"[1313.547119140625, 1.7876368761062622, 2875.52880859375, 1134.1552734375]",1
frame_0041.png,extras,umbrella,patio umbrella,patio umbrella.,0.2,0.2,2,0.3179,"[1314.3338623046875, 1.0087019205093384, 2875.381591796875, 1127.1153564453125]",1
frame_0041.png,extras,umbrella,open umbrella,open umbrella.,0.2,0.2,3,0.3438,"[1157.738037109375, 1649.065185546875, 1670.3135986328125, 1853.98291015625]",1
frame_0041.png,extras,umbrella,parasol,parasol.,0.2,0.2,0,0.0,,0
frame_0041.png,extras,umbrella,shade umbrella,shade umbrella.,0.2,0.2,3,0.3828,"[1318.620361328125, 3.053600311279297, 2875.16748046875, 943.555419921875]",1
frame_0041.png,extras,umbrella,folded umbrella,folded umbrella.,0.2,0.2,5,0.3087,"[1.0216641426086426, 1737.892333984375, 460.3346252441406, 1854.8642578125]",1
frame_0041.png,extras,electric_wheelchair,electric wheelchair,electric wheelchair.,0.2,0.2,3,0.4096,"[1115.53076171875, 864.8723754882812, 1286.65185546875, 1024.9237060546875]",1
frame_0041.png,extras,electric_wheelchair,motorized wheelchair,motorized wheelchair.,0.2,0.2,2,0.5426,"[1114.8690185546875, 864.2215576171875, 1286.697998046875, 1025.6590576171875]",1
frame_0041.png,extras,electric_wheelchair,power wheelchair,power wheelchair.,0.2,0.2,3,0.3561,"[1115.127197265625, 864.07421875, 1286.708984375, 1025.2603759765625]",1
frame_0041.png,extras,electric_wheelchair,wheelchair,wheelchair.,0.2,0.2,0,0.0,,0
frame_0041.png,extras,electric_wheelchair,mobility chair,mobility chair.,0.2,0.2,3,0.3738,"[1763.6856689453125, 882.0275268554688, 2056.103759765625, 1075.919189453125]",1
frame_0041.png,extras,electric_wheelchair,powered mobility scooter,powered mobility scooter.,0.2,0.2,2,0.478,"[1111.826904296875, 860.7725219726562, 1289.631103515625, 1028.4263916015625]",1
frame_0041.png,extras,electric_scooter,electric scooter,electric scooter.,0.2,0.2,3,0.3427,"[1115.061767578125, 864.6005249023438, 1287.0738525390625, 1025.8912353515625]",1
frame_0041.png,extras,electric_scooter,stand-up scooter,stand-up scooter.,0.2,0.2,2,0.4503,"[1110.281494140625, 859.8735961914062, 1290.746337890625, 1030.20068359375]",1
frame_0041.png,extras,electric_scooter,kick scooter,kick scooter.,0.2,0.2,3,0.4505,"[1112.716552734375, 863.5524291992188, 1288.5323486328125, 1026.970947265625]",1
frame_0041.png,extras,electric_scooter,two-wheeled scooter,two-wheeled scooter.,0.2,0.2,2,0.4711,"[1109.793701171875, 860.2739868164062, 1291.2332763671875, 1030.396484375]",1
frame_0041.png,extras,electric_scooter,scooter,scooter.,0.2,0.2,2,0.2377,"[1116.62890625, 866.0078125, 1284.63232421875, 1022.3360595703125]",1
frame_0041.png,extras,electric_scooter,electric kick scooter,electric kick scooter.,0.2,0.2,3,0.5275,"[1111.594970703125, 862.318359375, 1289.0521240234375, 1028.1756591796875]",1
frame_0041.png,extras,prohibition_sign,prohibition sign,prohibition sign.,0.2,0.2,3,0.4397,"[1440.66162109375, 521.361572265625, 1736.089111328125, 983.7136840820312]",1
frame_0041.png,extras,prohibition_sign,no entry sign,no entry sign.,0.2,0.2,4,0.3661,"[1432.5048828125, 529.6961669921875, 1747.1011962890625, 996.3189086914062]",1
frame_0041.png,extras,prohibition_sign,red prohibition sign,red prohibition sign.,0.2,0.2,4,0.3512,"[1445.69189453125, 640.0975341796875, 1722.2679443359375, 835.0429077148438]",1
frame_0041.png,extras,prohibition_sign,do not enter sign,do not enter sign.,0.2,0.2,3,0.3034,"[1434.766845703125, 525.5272216796875, 1748.956298828125, 990.6866455078125]",1
frame_0041.png,extras,prohibition_sign,stop sign,stop sign.,0.2,0.2,0,0.0,,0
frame_0041.png,extras,prohibition_sign,red circular sign,red circular sign.,0.2,0.2,2,0.5216,"[1152.2972412109375, 1643.51953125, 1687.5482177734375, 1853.6915283203125]",1
frame_0041.png,extras,prohibition_sign,warning sign,warning sign.,0.2,0.2,3,0.4222,"[1441.826416015625, 521.1781616210938, 1733.6649169921875, 988.1083984375]",1
frame_0041.png,extras,prohibition_sign,red sign on ground,red sign on ground.,0.2,0.2,3,0.5501,"[9.619560241699219, 955.951171875, 2870.86865234375, 1848.819091796875]",1
frame_0041.png,extras,pair_of_ramps,pair of ramps,pair of ramps.,0.18,0.18,6,0.4092,"[1309.548095703125, 3.4994423389434814, 2872.2548828125, 1135.965087890625]",1
frame_0041.png,extras,pair_of_ramps,loading ramps,loading ramps.,0.18,0.18,7,0.3093,"[2077.958740234375, 845.3236083984375, 2877.322509765625, 1146.857177734375]",1
frame_0041.png,extras,pair_of_ramps,metal ramps on ground,metal ramps on ground.,0.18,0.18,5,0.4553,"[9.543085098266602, 956.5921020507812, 2870.189208984375, 1847.5091552734375]",1
frame_0041.png,extras,pair_of_ramps,vehicle loading ramp,vehicle loading ramp.,0.18,0.18,3,0.5106,"[2077.188720703125, 887.5673828125, 2876.06103515625, 1123.78076171875]",1
frame_0041.png,extras,pair_of_ramps,two metal ramps,two metal ramps.,0.18,0.18,3,0.4503,"[1307.4102783203125, 4.691458702087402, 2871.910888671875, 1130.3365478515625]",1
frame_0041.png,extras,pair_of_ramps,ramp,ramp.,0.18,0.18,0,0.0,,0
frame_0041.png,extras,pair_of_ramps,aluminum ramp,aluminum ramp.,0.18,0.18,4,0.3496,"[2277.611328125, 1670.01416015625, 2877.951416015625, 1853.483642578125]",1
frame_0041.png,extras,pair_of_ramps,incline ramp,incline ramp.,0.18,0.18,0,0.0,,0
frame_0041.png,extras,trailer,trailer,trailer.,0.18,0.18,5,0.3386,"[2079.889404296875, 866.583984375, 2877.106201171875, 1150.8890380859375]",1
frame_0041.png,extras,trailer,cargo trailer,cargo trailer.,0.18,0.18,3,0.423,"[207.3531036376953, 558.8875122070312, 653.2337646484375, 1010.523193359375]",1
frame_0041.png,extras,trailer,vehicle trailer,vehicle trailer.,0.18,0.18,6,0.4512,"[2078.4765625, 873.662841796875, 2877.458740234375, 1156.82666015625]",1
frame_0041.png,extras,trailer,wheeled trailer,wheeled trailer.,0.18,0.18,1,0.5995,"[2078.503662109375, 883.1609497070312, 2877.868408203125, 1168.210205078125]",1
frame_0041.png,extras,trailer,small trailer,small trailer.,0.18,0.18,1,0.5847,"[2077.50537109375, 878.8260498046875, 2876.5849609375, 1164.063720703125]",1
frame_0041.png,extras,trailer,utility trailer,utility trailer.,0.18,0.18,3,0.4239,"[206.78367614746094, 558.0632934570312, 654.5780029296875, 1011.379638671875]",1
frame_0041.png,extras,trailer,open trailer,open trailer.,0.18,0.18,2,0.5599,"[2076.98876953125, 876.9400634765625, 2876.82177734375, 1150.6302490234375]",1
frame_0041.png,extras,trailer,covered trailer,covered trailer.,0.18,0.18,3,0.3971,"[206.56585693359375, 558.877685546875, 654.3258666992188, 1011.6595458984375]",1
frame_0041.png,extras,trailer,container trailer,container trailer.,0.18,0.18,6,0.398,"[207.56619262695312, 558.724853515625, 652.5025024414062, 1009.6613159179688]",1
frame_0042.png,production,trailer,ALL_GROUP,trailer. cargo trailer. vehicle trailer. wheeled trailer. flatbed trailer. black trailer. utility trailer.,0.2,0.2,5,0.2996,"[2283.879150390625, 868.34814453125, 2876.7373046875, 1131.025146484375]",1
frame_0042.png,production,electric utility vehicle+electric wheelchair+electric scooter+trolley,ALL_GROUP,electric utility vehicle. small electric cart. utility vehicle. golf cart. electric cart. small white utility vehicle. electric wheelchair. motorized wheelchair. power wheelchair. mobility scooter wheelchair. electric scooter. mobility scooter. stand-up scooter. kick scooter. scooter. trolley. hand cart. hand truck. luggage cart. flatbed cart. push cart. utility cart.,0.22,0.22,4,0.391,"[1502.9710693359375, 854.4090576171875, 1692.0145263671875, 1030.990478515625]",1
frame_0042.png,production,pair of ramps,ALL_GROUP,pair of ramps. loading ramp. metal ramp. vehicle loading ramp. two metal ramps. aluminum ramp.,0.2,0.2,10,0.2956,"[2278.750244140625, 586.6650390625, 2873.373291015625, 1132.8935546875]",1
frame_0042.png,production,portable power station+basketball,ALL_GROUP,portable power station. large power bank. battery box. power generator box. portable battery. power station. basketball. orange basketball. sports ball. rubber ball.,0.22,0.22,1,0.2438,"[240.78842163085938, 394.02349853515625, 631.812255859375, 998.842041015625]",1
frame_0042.png,production,rectangular table+umbrella,ALL_GROUP,rectangular table. outdoor table. picnic table. long rectangular table. folding table. work table. umbrella. outdoor umbrella. parasol. patio umbrella. hand umbrella.,0.24,0.24,0,0.0,,0
frame_0042.png,production,cardboard box,ALL_GROUP,cardboard box. brown cardboard box. cardboard package. shipping box.,0.26,0.26,1,0.458,"[952.6509399414062, 994.4924926757812, 1071.8668212890625, 1092.1287841796875]",1
frame_0042.png,production,chair,ALL_GROUP,chair. folding chair. outdoor chair. plastic chair. armless chair.,0.3,0.3,1,0.3278,"[1507.3909912109375, 857.1674194335938, 1688.5311279296875, 1028.0032958984375]",1
frame_0042.png,production,traffic cone+prohibition sign,ALL_GROUP,traffic cone. road cone. safety cone. orange cone. construction cone. prohibition sign. no entry sign. red prohibition sign. do not enter sign. stop sign. red circular sign.,0.22,0.22,0,0.0,,0
frame_0042.png,extras,basketball,basketball,basketball.,0.18,0.18,1,0.2315,"[1150.4644775390625, 1658.3416748046875, 1693.2352294921875, 1856.244384765625]",1
frame_0042.png,extras,basketball,orange basketball,orange basketball.,0.18,0.18,0,0.0,,0
frame_0042.png,extras,basketball,round orange ball,round orange ball.,0.18,0.18,1,0.8217,"[1144.199462890625, 1647.5068359375, 1691.4442138671875, 1854.10888671875]",1
frame_0042.png,extras,basketball,rubber ball on ground,rubber ball on ground.,0.18,0.18,2,0.5832,"[1136.60107421875, 1636.9056396484375, 1695.67919921875, 1852.0794677734375]",1
frame_0042.png,extras,basketball,sports ball,sports ball.,0.18,0.18,1,0.4845,"[1149.2059326171875, 1657.5936279296875, 1692.0770263671875, 1857.3114013671875]",1
frame_0042.png,extras,basketball,ball,ball.,0.18,0.18,1,0.3847,"[1148.7982177734375, 1657.5628662109375, 1693.232177734375, 1857.01513671875]",1
frame_0042.png,extras,umbrella,umbrella,umbrella.,0.2,0.2,5,0.269,"[2263.52587890625, 1673.620849609375, 2878.492919921875, 1855.597900390625]",1
frame_0042.png,extras,umbrella,outdoor umbrella,outdoor umbrella.,0.2,0.2,2,0.2253,"[1148.399169921875, 1655.035400390625, 1693.551025390625, 1853.85009765625]",1
frame_0042.png,extras,umbrella,patio umbrella,patio umbrella.,0.2,0.2,3,0.2239,"[2267.06103515625, 1670.0289306640625, 2878.109375, 1853.6697998046875]",1
frame_0042.png,extras,umbrella,open umbrella,open umbrella.,0.2,0.2,3,0.3744,"[1145.3084716796875, 1651.259521484375, 1694.29931640625, 1853.7059326171875]",1
frame_0042.png,extras,umbrella,parasol,parasol.,0.2,0.2,0,0.0,,0
frame_0042.png,extras,umbrella,shade umbrella,shade umbrella.,0.2,0.2,7,0.3047,"[2264.9423828125, 1671.0185546875, 2878.29736328125, 1853.2471923828125]",1
frame_0042.png,extras,umbrella,folded umbrella,folded umbrella.,0.2,0.2,3,0.3835,"[1148.216796875, 1656.5341796875, 1695.08056640625, 1854.6090087890625]",1
frame_0042.png,extras,electric_wheelchair,electric wheelchair,electric wheelchair.,0.2,0.2,4,0.3275,"[1506.375244140625, 858.3059692382812, 1688.5076904296875, 1028.324462890625]",1
frame_0042.png,extras,electric_wheelchair,motorized wheelchair,motorized wheelchair.,0.2,0.2,5,0.3514,"[1505.7991943359375, 857.1898193359375, 1689.0689697265625, 1028.74609375]",1
frame_0042.png,extras,electric_wheelchair,power wheelchair,power wheelchair.,0.2,0.2,5,0.3051,"[1506.386474609375, 857.8314819335938, 1688.094482421875, 1028.486328125]",1
frame_0042.png,extras,electric_wheelchair,wheelchair,wheelchair.,0.2,0.2,3,0.2775,"[2283.846435546875, 862.4002685546875, 2694.7333984375, 1118.0670166015625]",1
frame_0042.png,extras,electric_wheelchair,mobility chair,mobility chair.,0.2,0.2,5,0.3961,"[1507.12890625, 857.5407104492188, 1687.9288330078125, 1027.835693359375]",1
frame_0042.png,extras,electric_wheelchair,powered mobility scooter,powered mobility scooter.,0.2,0.2,5,0.3475,"[1503.1248779296875, 853.3216552734375, 1691.791015625, 1030.6719970703125]",1
frame_0042.png,extras,electric_scooter,electric scooter,electric scooter.,0.2,0.2,4,0.3672,"[1505.879638671875, 857.7427978515625, 1688.99951171875, 1028.808349609375]",1
frame_0042.png,extras,electric_scooter,stand-up scooter,stand-up scooter.,0.2,0.2,3,0.411,"[2277.87841796875, 859.9485473632812, 2697.609619140625, 1125.232177734375]",1
frame_0042.png,extras,electric_scooter,kick scooter,kick scooter.,0.2,0.2,5,0.3239,"[1503.951416015625, 856.1202392578125, 1691.309814453125, 1030.20654296875]",1
frame_0042.png,extras,electric_scooter,two-wheeled scooter,two-wheeled scooter.,0.2,0.2,3,0.4524,"[2277.20068359375, 865.732666015625, 2696.460205078125, 1126.107177734375]",1
frame_0042.png,extras,electric_scooter,scooter,scooter.,0.2,0.2,1,0.2875,"[1507.7623291015625, 859.4895629882812, 1686.5411376953125, 1026.0933837890625]",1
frame_0042.png,extras,electric_scooter,electric kick scooter,electric kick scooter.,0.2,0.2,5,0.4118,"[1502.729248046875, 855.4744262695312, 1691.832763671875, 1031.123046875]",1
frame_0042.png,extras,prohibition_sign,prohibition sign,prohibition sign.,0.2,0.2,4,0.3952,"[1832.040283203125, 462.4984436035156, 2194.91455078125, 1008.8283081054688]",1
frame_0042.png,extras,prohibition_sign,no entry sign,no entry sign.,0.2,0.2,4,0.3296,"[1831.251953125, 514.1843872070312, 2186.906494140625, 1008.2926025390625]",1
frame_0042.png,extras,prohibition_sign,red prohibition sign,red prohibition sign.,0.2,0.2,5,0.3476,"[1842.52880859375, 584.998291015625, 2165.046142578125, 815.8363037109375]",1
frame_0042.png,extras,prohibition_sign,do not enter sign,do not enter sign.,0.2,0.2,4,0.2725,"[1826.161376953125, 465.5362548828125, 2199.49951171875, 1016.0423583984375]",1
frame_0042.png,extras,prohibition_sign,stop sign,stop sign.,0.2,0.2,0,0.0,,0
frame_0042.png,extras,prohibition_sign,red circular sign,red circular sign.,0.2,0.2,1,0.6191,"[1141.3756103515625, 1645.7548828125, 1697.621337890625, 1853.6380615234375]",1
frame_0042.png,extras,prohibition_sign,warning sign,warning sign.,0.2,0.2,3,0.3759,"[1834.495849609375, 468.5396423339844, 2188.965576171875, 1001.6471557617188]",1
frame_0042.png,extras,prohibition_sign,red sign on ground,red sign on ground.,0.2,0.2,3,0.5281,"[10.54936408996582, 960.8961791992188, 2870.25, 1848.9451904296875]",1
frame_0042.png,extras,pair_of_ramps,pair of ramps,pair of ramps.,0.18,0.18,6,0.3454,"[1726.4515380859375, 3.028212070465088, 2872.3837890625, 1027.162841796875]",1
frame_0042.png,extras,pair_of_ramps,loading ramps,loading ramps.,0.18,0.18,5,0.2848,"[246.72756958007812, 398.1504211425781, 625.956787109375, 991.195068359375]",1
frame_0042.png,extras,pair_of_ramps,metal ramps on ground,metal ramps on ground.,0.18,0.18,4,0.4979,"[10.20930290222168, 965.1405639648438, 2869.485107421875, 1847.2568359375]",1
frame_0042.png,extras,pair_of_ramps,vehicle loading ramp,vehicle loading ramp.,0.18,0.18,4,0.3146,"[2279.713623046875, 589.0615234375, 2876.30859375, 1131.1475830078125]",1
frame_0042.png,extras,pair_of_ramps,two metal ramps,two metal ramps.,0.18,0.18,3,0.3567,"[1730.644287109375, 3.8241095542907715, 2871.673095703125, 971.6339111328125]",1
frame_0042.png,extras,pair_of_ramps,ramp,ramp.,0.18,0.18,0,0.0,,0
frame_0042.png,extras,pair_of_ramps,aluminum ramp,aluminum ramp.,0.18,0.18,7,0.3245,"[2267.544189453125, 1670.253662109375, 2877.94189453125, 1853.470947265625]",1
frame_0042.png,extras,pair_of_ramps,incline ramp,incline ramp.,0.18,0.18,0,0.0,,0
frame_0042.png,extras,trailer,trailer,trailer.,0.18,0.18,7,0.3041,"[692.7012939453125, 609.9091186523438, 1063.57958984375, 999.9802856445312]",1
frame_0042.png,extras,trailer,cargo trailer,cargo trailer.,0.18,0.18,3,0.4886,"[246.57467651367188, 398.20220947265625, 628.0818481445312, 997.7808837890625]",1
frame_0042.png,extras,trailer,vehicle trailer,vehicle trailer.,0.18,0.18,9,0.3764,"[690.6063232421875, 607.7664794921875, 1065.523681640625, 1001.47412109375]",1
frame_0042.png,extras,trailer,wheeled trailer,wheeled trailer.,0.18,0.18,4,0.3414,"[2283.81787109375, 864.0939331054688, 2876.299560546875, 1131.1141357421875]",1
frame_0042.png,extras,trailer,small trailer,small trailer.,0.18,0.18,6,0.3498,"[243.34219360351562, 396.5615539550781, 630.7671508789062, 999.685302734375]",1
frame_0042.png,extras,trailer,utility trailer,utility trailer.,0.18,0.18,3,0.4994,"[245.03123474121094, 396.925537109375, 629.28173828125, 998.4176635742188]",1
frame_0042.png,extras,trailer,open trailer,open trailer.,0.18,0.18,5,0.4229,"[244.8792724609375, 396.74346923828125, 630.0210571289062, 998.673095703125]",1
frame_0042.png,extras,trailer,covered trailer,covered trailer.,0.18,0.18,2,0.5567,"[245.91644287109375, 397.51336669921875, 629.392333984375, 998.854248046875]",1
frame_0042.png,extras,trailer,container trailer,container trailer.,0.18,0.18,6,0.4638,"[245.54608154296875, 398.4314880371094, 627.2521362304688, 996.531005859375]",1
frame_0043.png,production,trailer,ALL_GROUP,trailer. cargo trailer. vehicle trailer. wheeled trailer. flatbed trailer. black trailer. utility trailer.,0.2,0.2,7,0.3506,"[1632.6416015625, 882.3209228515625, 1973.6297607421875, 1091.2138671875]",1
frame_0043.png,production,electric utility vehicle+electric wheelchair+electric scooter+trolley,ALL_GROUP,electric utility vehicle. small electric cart. utility vehicle. golf cart. electric cart. small white utility vehicle. electric wheelchair. motorized wheelchair. power wheelchair. mobility scooter wheelchair. electric scooter. mobility scooter. stand-up scooter. kick scooter. scooter. trolley. hand cart. hand truck. luggage cart. flatbed cart. push cart. utility cart.,0.22,0.22,4,0.3923,"[823.0232543945312, 843.3963623046875, 1043.4967041015625, 1046.0401611328125]",1
frame_0043.png,production,pair of ramps,ALL_GROUP,pair of ramps. loading ramp. metal ramp. vehicle loading ramp. two metal ramps. aluminum ramp.,0.2,0.2,9,0.3412,"[1879.227783203125, 852.316650390625, 2872.028564453125, 1111.00341796875]",1
frame_0043.png,production,portable power station+basketball,ALL_GROUP,portable power station. large power bank. battery box. power generator box. portable battery. power station. basketball. orange basketball. sports ball. rubber ball.,0.22,0.22,0,0.0,,0
frame_0043.png,production,rectangular table+umbrella,ALL_GROUP,rectangular table. outdoor table. picnic table. long rectangular table. folding table. work table. umbrella. outdoor umbrella. parasol. patio umbrella. hand umbrella.,0.24,0.24,0,0.0,,0
frame_0043.png,production,cardboard box,ALL_GROUP,cardboard box. brown cardboard box. cardboard package. shipping box.,0.26,0.26,2,0.4657,"[1.3956284523010254, 1036.3603515625, 166.53829956054688, 1188.7978515625]",1
frame_0043.png,production,chair,ALL_GROUP,chair. folding chair. outdoor chair. plastic chair. armless chair.,0.3,0.3,1,0.3358,"[826.9244995117188, 846.05615234375, 1040.4569091796875, 1042.4583740234375]",1
frame_0043.png,production,traffic cone+prohibition sign,ALL_GROUP,traffic cone. road cone. safety cone. orange cone. construction cone. prohibition sign. no entry sign. red prohibition sign. do not enter sign. stop sign. red circular sign.,0.22,0.22,1,0.2377,"[1238.930419921875, 636.1078491210938, 1506.2698974609375, 807.8853149414062]",1
frame_0043.png,extras,basketball,basketball,basketball.,0.18,0.18,1,0.2424,"[154.48953247070312, 1038.69091796875, 269.9497985839844, 1142.228515625]",1
frame_0043.png,extras,basketball,orange basketball,orange basketball.,0.18,0.18,0,0.0,,0
frame_0043.png,extras,basketball,round orange ball,round orange ball.,0.18,0.18,2,0.6138,"[1153.2518310546875, 1654.27392578125, 1660.4119873046875, 1855.0205078125]",1
frame_0043.png,extras,basketball,rubber ball on ground,rubber ball on ground.,0.18,0.18,9,0.5251,"[10.143470764160156, 957.089111328125, 2869.735595703125, 1848.7835693359375]",1
frame_0043.png,extras,basketball,sports ball,sports ball.,0.18,0.18,2,0.3559,"[1157.655029296875, 1664.582763671875, 1654.94873046875, 1857.409423828125]",1
frame_0043.png,extras,basketball,ball,ball.,0.18,0.18,1,0.2374,"[1157.5135498046875, 1664.9808349609375, 1656.040283203125, 1857.0384521484375]",1
frame_0043.png,extras,umbrella,umbrella,umbrella.,0.2,0.2,1,0.2169,"[1.0550308227539062, 1738.3287353515625, 459.8941345214844, 1856.475341796875]",1
frame_0043.png,extras,umbrella,outdoor umbrella,outdoor umbrella.,0.2,0.2,0,0.0,,0
frame_0043.png,extras,umbrella,patio umbrella,patio umbrella.,0.2,0.2,0,0.0,,0
frame_0043.png,extras,umbrella,open umbrella,open umbrella.,0.2,0.2,3,0.3333,"[1155.470703125, 1657.0650634765625, 1661.260986328125, 1854.0531005859375]",1
frame_0043.png,extras,umbrella,parasol,parasol.,0.2,0.2,0,0.0,,0
frame_0043.png,extras,umbrella,shade umbrella,shade umbrella.,0.2,0.2,3,0.3333,"[1242.5830078125, 3.488328218460083, 2872.8759765625, 928.3775024414062]",1
frame_0043.png,extras,umbrella,folded umbrella,folded umbrella.,0.2,0.2,5,0.3521,"[1157.5760498046875, 1663.21923828125, 1658.316162109375, 1855.098876953125]",1
frame_0043.png,extras,electric_wheelchair,electric wheelchair,electric wheelchair.,0.2,0.2,2,0.392,"[826.033203125, 846.320068359375, 1041.3848876953125, 1042.497314453125]",1
frame_0043.png,extras,electric_wheelchair,motorized wheelchair,motorized wheelchair.,0.2,0.2,2,0.5022,"[825.634765625, 845.5325927734375, 1041.6387939453125, 1043.4739990234375]",1
frame_0043.png,extras,electric_wheelchair,power wheelchair,power wheelchair.,0.2,0.2,3,0.4285,"[825.8955078125, 845.7107543945312, 1041.4566650390625, 1042.7459716796875]",1
frame_0043.png,extras,electric_wheelchair,wheelchair,wheelchair.,0.2,0.2,2,0.2761,"[827.5548706054688, 847.5985107421875, 1038.2509765625, 1039.74462890625]",1
frame_0043.png,extras,electric_wheelchair,mobility chair,mobility chair.,0.2,0.2,2,0.4555,"[826.542724609375, 845.7850341796875, 1040.4354248046875, 1041.8497314453125]",1
frame_0043.png,extras,electric_wheelchair,powered mobility scooter,powered mobility scooter.,0.2,0.2,2,0.5192,"[822.789306640625, 842.3424072265625, 1044.7960205078125, 1045.6588134765625]",1
frame_0043.png,extras,electric_scooter,electric scooter,electric scooter.,0.2,0.2,3,0.3736,"[825.8733520507812, 845.83349609375, 1042.085693359375, 1043.0968017578125]",1
frame_0043.png,extras,electric_scooter,stand-up scooter,stand-up scooter.,0.2,0.2,2,0.5257,"[820.8721923828125, 842.0256958007812, 1046.5892333984375, 1047.7509765625]",1
frame_0043.png,extras,electric_scooter,kick scooter,kick scooter.,0.2,0.2,3,0.4233,"[823.402099609375, 845.210693359375, 1043.3038330078125, 1044.5914306640625]",1
frame_0043.png,extras,electric_scooter,two-wheeled scooter,two-wheeled scooter.,0.2,0.2,2,0.492,"[820.1177978515625, 842.0011596679688, 1047.0377197265625, 1047.9417724609375]",1
frame_0043.png,extras,electric_scooter,scooter,scooter.,0.2,0.2,2,0.3171,"[828.2567138671875, 846.9750366210938, 1038.600830078125, 1039.4373779296875]",1
frame_0043.png,extras,electric_scooter,electric kick scooter,electric kick scooter.,0.2,0.2,3,0.498,"[821.9146118164062, 844.0213623046875, 1044.656494140625, 1046.1063232421875]",1
frame_0043.png,extras,prohibition_sign,prohibition sign,prohibition sign.,0.2,0.2,2,0.6102,"[1224.3123779296875, 477.4828186035156, 1540.914794921875, 989.5110473632812]",1
frame_0043.png,extras,prohibition_sign,no entry sign,no entry sign.,0.2,0.2,4,0.4682,"[1215.0546875, 478.26629638671875, 1546.430419921875, 994.572021484375]",1
frame_0043.png,extras,prohibition_sign,red prohibition sign,red prohibition sign.,0.2,0.2,3,0.4665,"[1219.9306640625, 474.8995361328125, 1547.82861328125, 985.1412963867188]",1
frame_0043.png,extras,prohibition_sign,do not enter sign,do not enter sign.,0.2,0.2,3,0.393,"[1217.610595703125, 480.8082580566406, 1544.2894287109375, 989.504150390625]",1
frame_0043.png,extras,prohibition_sign,stop sign,stop sign.,0.2,0.2,0,0.0,,0
frame_0043.png,extras,prohibition_sign,red circular sign,red circular sign.,0.2,0.2,2,0.5014,"[1150.3509521484375, 1649.0340576171875, 1671.9560546875, 1853.80517578125]",1
frame_0043.png,extras,prohibition_sign,warning sign,warning sign.,0.2,0.2,2,0.5218,"[1225.090087890625, 476.7610778808594, 1533.468017578125, 991.9563598632812]",1
frame_0043.png,extras,prohibition_sign,red sign on ground,red sign on ground.,0.2,0.2,5,0.5172,"[9.436054229736328, 956.4397583007812, 2870.846923828125, 1849.449951171875]",1
frame_0043.png,extras,pair_of_ramps,pair of ramps,pair of ramps.,0.18,0.18,6,0.3669,"[1232.597900390625, 3.410362720489502, 2868.869873046875, 965.6381225585938]",1
frame_0043.png,extras,pair_of_ramps,loading ramps,loading ramps.,0.18,0.18,3,0.2691,"[1886.6234130859375, 816.0009765625, 2875.6240234375, 1105.701416015625]",1
frame_0043.png,extras,pair_of_ramps,metal ramps on ground,metal ramps on ground.,0.18,0.18,6,0.5027,"[9.667110443115234, 961.871337890625, 2870.3720703125, 1847.7740478515625]",1
frame_0043.png,extras,pair_of_ramps,vehicle loading ramp,vehicle loading ramp.,0.18,0.18,6,0.308,"[1876.173828125, 840.23095703125, 2875.622802734375, 1109.0213623046875]",1
frame_0043.png,extras,pair_of_ramps,two metal ramps,two metal ramps.,0.18,0.18,3,0.3845,"[1229.467041015625, 4.230705261230469, 2867.5810546875, 968.7337646484375]",1
frame_0043.png,extras,pair_of_ramps,ramp,ramp.,0.18,0.18,0,0.0,,0
frame_0043.png,extras,pair_of_ramps,aluminum ramp,aluminum ramp.,0.18,0.18,3,0.2804,"[1.975414752960205, 1735.3134765625, 460.6006774902344, 1855.228759765625]",1
frame_0043.png,extras,pair_of_ramps,incline ramp,incline ramp.,0.18,0.18,0,0.0,,0
frame_0043.png,extras,trailer,trailer,trailer.,0.18,0.18,5,0.3128,"[1881.5155029296875, 849.830810546875, 2876.984619140625, 1109.0079345703125]",1
frame_0043.png,extras,trailer,cargo trailer,cargo trailer.,0.18,0.18,3,0.4083,"[1878.7457275390625, 848.328369140625, 2876.712158203125, 1114.2664794921875]",1
frame_0043.png,extras,trailer,vehicle trailer,vehicle trailer.,0.18,0.18,11,0.3062,"[1878.1864013671875, 849.3907470703125, 2876.230712890625, 1111.461669921875]",1
frame_0043.png,extras,trailer,wheeled trailer,wheeled trailer.,0.18,0.18,5,0.3711,"[1884.01416015625, 855.5560302734375, 2876.472412109375, 1112.52783203125]",1
frame_0043.png,extras,trailer,small trailer,small trailer.,0.18,0.18,4,0.4595,"[2099.747314453125, 1081.208251953125, 2344.806884765625, 1290.7076416015625]",1
frame_0043.png,extras,trailer,utility trailer,utility trailer.,0.18,0.18,6,0.3817,"[1880.4697265625, 847.769287109375, 2876.266357421875, 1116.3486328125]",1
frame_0043.png,extras,trailer,open trailer,open trailer.,0.18,0.18,4,0.4264,"[1877.3880615234375, 845.572265625, 2876.013671875, 1114.598388671875]",1
frame_0043.png,extras,trailer,covered trailer,covered trailer.,0.18,0.18,3,0.3997,"[1877.5126953125, 850.218505859375, 2877.26806640625, 1112.01904296875]",1
frame_0043.png,extras,trailer,container trailer,container trailer.,0.18,0.18,6,0.291,"[2103.595947265625, 1084.699462890625, 2340.3623046875, 1287.586669921875]",1
frame_0044.png,production,trailer,ALL_GROUP,trailer. cargo trailer. vehicle trailer. wheeled trailer. flatbed trailer. black trailer. utility trailer.,0.2,0.2,7,0.2953,"[1498.5291748046875, 660.735595703125, 1832.088134765625, 1086.7572021484375]",1
frame_0044.png,production,electric utility vehicle+electric wheelchair+electric scooter+trolley,ALL_GROUP,electric utility vehicle. small electric cart. utility vehicle. golf cart. electric cart. small white utility vehicle. electric wheelchair. motorized wheelchair. power wheelchair. mobility scooter wheelchair. electric scooter. mobility scooter. stand-up scooter. kick scooter. scooter. trolley. hand cart. hand truck. luggage cart. flatbed cart. push cart. utility cart.,0.22,0.22,5,0.3791,"[671.2796020507812, 838.1744384765625, 901.153076171875, 1051.320556640625]",1
frame_0044.png,production,pair of ramps,ALL_GROUP,pair of ramps. loading ramp. metal ramp. vehicle loading ramp. two metal ramps. aluminum ramp.,0.2,0.2,9,0.3364,"[1496.0733642578125, 656.9174194335938, 1835.0531005859375, 1088.649658203125]",1
frame_0044.png,production,portable power station+basketball,ALL_GROUP,portable power station. large power bank. battery box. power generator box. portable battery. power station. basketball. orange basketball. sports ball. rubber ball.,0.22,0.22,0,0.0,,0
frame_0044.png,production,rectangular table+umbrella,ALL_GROUP,rectangular table. outdoor table. picnic table. long rectangular table. folding table. work table. umbrella. outdoor umbrella. parasol. patio umbrella. hand umbrella.,0.24,0.24,0,0.0,,0
frame_0044.png,production,cardboard box,ALL_GROUP,cardboard box. brown cardboard box. cardboard package. shipping box.,0.26,0.26,0,0.0,,0
frame_0044.png,production,chair,ALL_GROUP,chair. folding chair. outdoor chair. plastic chair. armless chair.,0.3,0.3,1,0.3327,"[675.25390625, 840.2001953125, 897.5473022460938, 1047.5203857421875]",1
frame_0044.png,production,traffic cone+prohibition sign,ALL_GROUP,traffic cone. road cone. safety cone. orange cone. construction cone. prohibition sign. no entry sign. red prohibition sign. do not enter sign. stop sign. red circular sign.,0.22,0.22,1,0.2677,"[1098.8291015625, 625.6238403320312, 1382.9871826171875, 814.5452880859375]",1
frame_0044.png,extras,basketball,basketball,basketball.,0.18,0.18,0,0.0,,0
frame_0044.png,extras,basketball,orange basketball,orange basketball.,0.18,0.18,0,0.0,,0
frame_0044.png,extras,basketball,round orange ball,round orange ball.,0.18,0.18,4,0.4495,"[1154.110107421875, 1655.1383056640625, 1665.3507080078125, 1856.765380859375]",1
frame_0044.png,extras,basketball,rubber ball on ground,rubber ball on ground.,0.18,0.18,7,0.5625,"[9.710197448730469, 957.639892578125, 2869.970458984375, 1848.8536376953125]",1
frame_0044.png,extras,basketball,sports ball,sports ball.,0.18,0.18,1,0.2306,"[1156.8616943359375, 1662.45556640625, 1664.04931640625, 1857.3919677734375]",1
frame_0044.png,extras,basketball,ball,ball.,0.18,0.18,0,0.0,,0
frame_0044.png,extras,umbrella,umbrella,umbrella.,0.2,0.2,0,0.0,,0
frame_0044.png,extras,umbrella,outdoor umbrella,outdoor umbrella.,0.2,0.2,0,0.0,,0
frame_0044.png,extras,umbrella,patio umbrella,patio umbrella.,0.2,0.2,0,0.0,,0
frame_0044.png,extras,umbrella,open umbrella,open umbrella.,0.2,0.2,3,0.29,"[1156.3824462890625, 1657.7725830078125, 1667.83154296875, 1854.711181640625]",1
frame_0044.png,extras,umbrella,parasol,parasol.,0.2,0.2,0,0.0,,0
frame_0044.png,extras,umbrella,shade umbrella,shade umbrella.,0.2,0.2,4,0.2755,"[1116.079833984375, 1.785142421722412, 2875.0166015625, 1103.8427734375]",1
frame_0044.png,extras,umbrella,folded umbrella,folded umbrella.,0.2,0.2,7,0.2866,"[0.9210920333862305, 1735.17578125, 462.2271423339844, 1855.0816650390625]",1
frame_0044.png,extras,electric_wheelchair,electric wheelchair,electric wheelchair.,0.2,0.2,5,0.3821,"[674.2398071289062, 841.417724609375, 899.3163452148438, 1048.2691650390625]",1
frame_0044.png,extras,electric_wheelchair,motorized wheelchair,motorized wheelchair.,0.2,0.2,4,0.4067,"[673.1917114257812, 840.2338256835938, 899.2896728515625, 1048.848388671875]",1
frame_0044.png,extras,electric_wheelchair,power wheelchair,power wheelchair.,0.2,0.2,4,0.4079,"[674.5237426757812, 840.977783203125, 898.5888671875, 1047.9388427734375]",1
frame_0044.png,extras,electric_wheelchair,wheelchair,wheelchair.,0.2,0.2,2,0.2695,"[675.809326171875, 842.74658203125, 896.4300537109375, 1045.96484375]",1
frame_0044.png,extras,electric_wheelchair,mobility chair,mobility chair.,0.2,0.2,6,0.4334,"[675.0814819335938, 840.4131469726562, 898.0634155273438, 1047.12939453125]",1
frame_0044.png,extras,electric_wheelchair,powered mobility scooter,powered mobility scooter.,0.2,0.2,4,0.3686,"[670.0552368164062, 836.8257446289062, 903.5192260742188, 1051.7030029296875]",1
frame_0044.png,extras,electric_scooter,electric scooter,electric scooter.,0.2,0.2,5,0.3692,"[673.801513671875, 841.1865844726562, 900.0732421875, 1049.05859375]",1
frame_0044.png,extras,electric_scooter,stand-up scooter,stand-up scooter.,0.2,0.2,4,0.37,"[668.6609497070312, 836.4716186523438, 904.3687133789062, 1053.4652099609375]",1
frame_0044.png,extras,electric_scooter,kick scooter,kick scooter.,0.2,0.2,5,0.3926,"[1498.2274169921875, 782.4827270507812, 1835.154052734375, 1086.7755126953125]",1
frame_0044.png,extras,electric_scooter,two-wheeled scooter,two-wheeled scooter.,0.2,0.2,3,0.4053,"[667.7655029296875, 836.904052734375, 904.3074951171875, 1053.2747802734375]",1
frame_0044.png,extras,electric_scooter,scooter,scooter.,0.2,0.2,2,0.3027,"[676.2119140625, 842.6082763671875, 897.6319580078125, 1046.0946044921875]",1
frame_0044.png,extras,electric_scooter,electric kick scooter,electric kick scooter.,0.2,0.2,4,0.3877,"[670.8377075195312, 839.2122192382812, 902.4122924804688, 1051.666015625]",1
frame_0044.png,extras,prohibition_sign,prohibition sign,prohibition sign.,0.2,0.2,3,0.4549,"[1091.7559814453125, 470.66705322265625, 1419.200439453125, 995.0604858398438]",1
frame_0044.png,extras,prohibition_sign,no entry sign,no entry sign.,0.2,0.2,4,0.3689,"[1096.91552734375, 623.1481323242188, 1382.7957763671875, 814.010498046875]",1
frame_0044.png,extras,prohibition_sign,red prohibition sign,red prohibition sign.,0.2,0.2,3,0.3742,"[1096.872314453125, 624.1511840820312, 1384.7506103515625, 814.9159545898438]",1
frame_0044.png,extras,prohibition_sign,do not enter sign,do not enter sign.,0.2,0.2,3,0.3204,"[1107.9761962890625, 634.81982421875, 1377.62939453125, 810.662353515625]",1
frame_0044.png,extras,prohibition_sign,stop sign,stop sign.,0.2,0.2,0,0.0,,0
frame_0044.png,extras,prohibition_sign,red circular sign,red circular sign.,0.2,0.2,2,0.5253,"[1148.3087158203125, 1649.3096923828125, 1686.0042724609375, 1854.767822265625]",1
frame_0044.png,extras,prohibition_sign,warning sign,warning sign.,0.2,0.2,3,0.4452,"[1092.604248046875, 470.2762756347656, 1415.201171875, 997.6651000976562]",1
frame_0044.png,extras,prohibition_sign,red sign on ground,red sign on ground.,0.2,0.2,5,0.5425,"[9.250831604003906, 954.2561645507812, 2871.005615234375, 1849.5750732421875]",1
frame_0044.png,extras,pair_of_ramps,pair of ramps,pair of ramps.,0.18,0.18,6,0.3733,"[1099.3194580078125, 2.9536004066467285, 2871.22216796875, 1146.6468505859375]",1
frame_0044.png,extras,pair_of_ramps,loading ramps,loading ramps.,0.18,0.18,5,0.2914,"[2274.166748046875, 1671.5908203125, 2878.113037109375, 1854.442626953125]",1
frame_0044.png,extras,pair_of_ramps,metal ramps on ground,metal ramps on ground.,0.18,0.18,3,0.4965,"[9.445667266845703, 960.3383178710938, 2870.32568359375, 1848.2860107421875]",1
frame_0044.png,extras,pair_of_ramps,vehicle loading ramp,vehicle loading ramp.,0.18,0.18,6,0.3038,"[1497.7315673828125, 659.6806640625, 1834.1717529296875, 1087.6014404296875]",1
frame_0044.png,extras,pair_of_ramps,two metal ramps,two metal ramps.,0.18,0.18,3,0.4031,"[1089.9244384765625, 3.7952847480773926, 2870.230712890625, 1133.8182373046875]",1
frame_0044.png,extras,pair_of_ramps,ramp,ramp.,0.18,0.18,0,0.0,,0
frame_0044.png,extras,pair_of_ramps,aluminum ramp,aluminum ramp.,0.18,0.18,4,0.3396,"[2274.60546875, 1670.623291015625, 2877.9306640625, 1853.763427734375]",1
frame_0044.png,extras,pair_of_ramps,incline ramp,incline ramp.,0.18,0.18,0,0.0,,0
frame_0044.png,extras,trailer,trailer,trailer.,0.18,0.18,6,0.2732,"[1501.8057861328125, 663.0247192382812, 1831.8203125, 1083.37939453125]",1
frame_0044.png,extras,trailer,cargo trailer,cargo trailer.,0.18,0.18,8,0.3472,"[1753.915771484375, 735.3380126953125, 2872.230224609375, 1166.79296875]",1
frame_0044.png,extras,trailer,vehicle trailer,vehicle trailer.,0.18,0.18,8,0.4049,"[1499.85986328125, 660.9048461914062, 1831.1151123046875, 1085.5145263671875]",1
frame_0044.png,extras,trailer,wheeled trailer,wheeled trailer.,0.18,0.18,4,0.418,"[1759.4490966796875, 856.3797607421875, 2864.95947265625, 1182.704345703125]",1
frame_0044.png,extras,trailer,small trailer,small trailer.,0.18,0.18,5,0.3603,"[1945.7205810546875, 1075.40869140625, 2174.5966796875, 1273.8798828125]",1
frame_0044.png,extras,trailer,utility trailer,utility trailer.,0.18,0.18,8,0.3349,"[1754.556640625, 857.085205078125, 2868.759765625, 1167.859619140625]",1
frame_0044.png,extras,trailer,open trailer,open trailer.,0.18,0.18,6,0.3591,"[1754.6534423828125, 815.3368530273438, 2870.2138671875, 1166.642333984375]",1
frame_0044.png,extras,trailer,covered trailer,covered trailer.,0.18,0.18,7,0.3442,"[1111.35986328125, 2.011361598968506, 2877.531494140625, 1139.76318359375]",1
frame_0044.png,extras,trailer,container trailer,container trailer.,0.18,0.18,6,0.3153,"[1093.7437744140625, 469.7003173828125, 1424.4471435546875, 985.2876586914062]",1
frame_0045.png,production,trailer,ALL_GROUP,trailer. cargo trailer. vehicle trailer. wheeled trailer. flatbed trailer. black trailer. utility trailer.,0.2,0.2,9,0.2947,"[625.1159057617188, 839.84814453125, 855.6533203125, 1051.249755859375]",1
frame_0045.png,production,electric utility vehicle+electric wheelchair+electric scooter+trolley,ALL_GROUP,electric utility vehicle. small electric cart. utility vehicle. golf cart. electric cart. small white utility vehicle. electric wheelchair. motorized wheelchair. power wheelchair. mobility scooter wheelchair. electric scooter. mobility scooter. stand-up scooter. kick scooter. scooter. trolley. hand cart. hand truck. luggage cart. flatbed cart. push cart. utility cart.,0.22,0.22,4,0.3733,"[622.4116821289062, 837.9686279296875, 857.4877319335938, 1052.8602294921875]",1
frame_0045.png,production,pair of ramps,ALL_GROUP,pair of ramps. loading ramp. metal ramp. vehicle loading ramp. two metal ramps. aluminum ramp.,0.2,0.2,8,0.3314,"[1716.2432861328125, 869.5161743164062, 2851.457275390625, 1100.0076904296875]",1
frame_0045.png,production,portable power station+basketball,ALL_GROUP,portable power station. large power bank. battery box. power generator box. portable battery. power station. basketball. orange basketball. sports ball. rubber ball.,0.22,0.22,0,0.0,,0
frame_0045.png,production,rectangular table+umbrella,ALL_GROUP,rectangular table. outdoor table. picnic table. long rectangular table. folding table. work table. umbrella. outdoor umbrella. parasol. patio umbrella. hand umbrella.,0.24,0.24,2,0.2665,"[1712.268310546875, 896.1522216796875, 2806.77294921875, 1193.5775146484375]",1
frame_0045.png,production,cardboard box,ALL_GROUP,cardboard box. brown cardboard box. cardboard package. shipping box.,0.26,0.26,0,0.0,,0
frame_0045.png,production,chair,ALL_GROUP,chair. folding chair. outdoor chair. plastic chair. armless chair.,0.3,0.3,1,0.3153,"[627.0375366210938, 840.022705078125, 854.1826171875, 1049.9732666015625]",1
frame_0045.png,production,traffic cone+prohibition sign,ALL_GROUP,traffic cone. road cone. safety cone. orange cone. construction cone. prohibition sign. no entry sign. red prohibition sign. do not enter sign. stop sign. red circular sign.,0.22,0.22,1,0.2295,"[1056.0042724609375, 631.7174072265625, 1346.8701171875, 812.9996337890625]",1
frame_0045.png,extras,basketball,basketball,basketball.,0.18,0.18,0,0.0,,0
frame_0045.png,extras,basketball,orange basketball,orange basketball.,0.18,0.18,0,0.0,,0
frame_0045.png,extras,basketball,round orange ball,round orange ball.,0.18,0.18,1,0.6395,"[1145.5113525390625, 1645.1634521484375, 1687.0478515625, 1856.1805419921875]",1
frame_0045.png,extras,basketball,rubber ball on ground,rubber ball on ground.,0.18,0.18,7,0.5164,"[10.223636627197266, 951.8814697265625, 2870.1591796875, 1848.814697265625]",1
frame_0045.png,extras,basketball,sports ball,sports ball.,0.18,0.18,1,0.3179,"[1146.585693359375, 1651.086181640625, 1686.6011962890625, 1857.07666015625]",1
frame_0045.png,extras,basketball,ball,ball.,0.18,0.18,1,0.2019,"[1146.660888671875, 1650.6953125, 1691.06005859375, 1856.865234375]",1
frame_0045.png,extras,umbrella,umbrella,umbrella.,0.2,0.2,0,0.0,,0
frame_0045.png,extras,umbrella,outdoor umbrella,outdoor umbrella.,0.2,0.2,0,0.0,,0
frame_0045.png,extras,umbrella,patio umbrella,patio umbrella.,0.2,0.2,0,0.0,,0
frame_0045.png,extras,umbrella,open umbrella,open umbrella.,0.2,0.2,4,0.3617,"[1147.1337890625, 1647.5430908203125, 1687.342041015625, 1854.42578125]",1
frame_0045.png,extras,umbrella,parasol,parasol.,0.2,0.2,0,0.0,,0
frame_0045.png,extras,umbrella,shade umbrella,shade umbrella.,0.2,0.2,4,0.2728,"[1069.177490234375, 1.1467283964157104, 2873.504638671875, 595.51220703125]",1
frame_0045.png,extras,umbrella,folded umbrella,folded umbrella.,0.2,0.2,5,0.3291,"[325.41845703125, 766.4263916015625, 554.4337158203125, 1099.0211181640625]",1
frame_0045.png,extras,electric_wheelchair,electric wheelchair,electric wheelchair.,0.2,0.2,4,0.3854,"[625.78955078125, 841.0889282226562, 854.2537231445312, 1050.0166015625]",1
frame_0045.png,extras,electric_wheelchair,motorized wheelchair,motorized wheelchair.,0.2,0.2,2,0.5864,"[1459.3707275390625, 782.7940673828125, 1791.36083984375, 1084.702880859375]",1
frame_0045.png,extras,electric_wheelchair,power wheelchair,power wheelchair.,0.2,0.2,5,0.3983,"[626.3158569335938, 841.1773681640625, 853.8240966796875, 1049.687744140625]",1
frame_0045.png,extras,electric_wheelchair,wheelchair,wheelchair.,0.2,0.2,3,0.2623,"[626.7448120117188, 842.6885375976562, 852.2185668945312, 1048.249755859375]",1
frame_0045.png,extras,electric_wheelchair,mobility chair,mobility chair.,0.2,0.2,4,0.4365,"[626.4110107421875, 840.494384765625, 853.9242553710938, 1049.30419921875]",1
frame_0045.png,extras,electric_wheelchair,powered mobility scooter,powered mobility scooter.,0.2,0.2,2,0.5117,"[1456.2630615234375, 779.6395874023438, 1793.040283203125, 1087.0194091796875]",1
frame_0045.png,extras,electric_scooter,electric scooter,electric scooter.,0.2,0.2,4,0.4362,"[1459.8560791015625, 781.3755493164062, 1791.0482177734375, 1084.309326171875]",1
frame_0045.png,extras,electric_scooter,stand-up scooter,stand-up scooter.,0.2,0.2,2,0.5412,"[1454.347412109375, 779.6257934570312, 1794.380126953125, 1088.5814208984375]",1
frame_0045.png,extras,electric_scooter,kick scooter,kick scooter.,0.2,0.2,3,0.4167,"[623.8814086914062, 840.6123046875, 856.599365234375, 1051.7901611328125]",1
frame_0045.png,extras,electric_scooter,two-wheeled scooter,two-wheeled scooter.,0.2,0.2,2,0.5809,"[1454.599853515625, 781.1668090820312, 1794.4735107421875, 1088.9124755859375]",1
frame_0045.png,extras,electric_scooter,scooter,scooter.,0.2,0.2,3,0.376,"[627.3662719726562, 842.286865234375, 852.4879760742188, 1047.716796875]",1
frame_0045.png,extras,electric_scooter,electric kick scooter,electric kick scooter.,0.2,0.2,3,0.4043,"[622.1897583007812, 839.28173828125, 858.2318725585938, 1053.4039306640625]",1
frame_0045.png,extras,prohibition_sign,prohibition sign,prohibition sign.,0.2,0.2,3,0.4871,"[1048.8990478515625, 474.7870788574219, 1380.4461669921875, 987.48486328125]",1
frame_0045.png,extras,prohibition_sign,no entry sign,no entry sign.,0.2,0.2,3,0.405,"[1039.0733642578125, 478.43902587890625, 1381.4923095703125, 1006.79638671875]",1
frame_0045.png,extras,prohibition_sign,red prohibition sign,red prohibition sign.,0.2,0.2,3,0.3966,"[1044.544921875, 474.0830383300781, 1383.615478515625, 988.2293090820312]",1
frame_0045.png,extras,prohibition_sign,do not enter sign,do not enter sign.,0.2,0.2,3,0.3379,"[1042.9039306640625, 473.46240234375, 1381.9217529296875, 993.4710083007812]",1
frame_0045.png,extras,prohibition_sign,stop sign,stop sign.,0.2,0.2,0,0.0,,0
frame_0045.png,extras,prohibition_sign,red circular sign,red circular sign.,0.2,0.2,1,0.5739,"[1141.2855224609375, 1642.0064697265625, 1697.100341796875, 1854.52734375]",1
frame_0045.png,extras,prohibition_sign,warning sign,warning sign.,0.2,0.2,3,0.4518,"[1049.9029541015625, 472.315673828125, 1377.5706787109375, 992.9906005859375]",1
frame_0045.png,extras,prohibition_sign,red sign on ground,red sign on ground.,0.2,0.2,4,0.5485,"[9.664363861083984, 948.521240234375, 2871.098876953125, 1850.034423828125]",1
frame_0045.png,extras,pair_of_ramps,pair of ramps,pair of ramps.,0.18,0.18,7,0.377,"[1042.04052734375, 2.7419042587280273, 2870.377685546875, 1164.4002685546875]",1
frame_0045.png,extras,pair_of_ramps,loading ramps,loading ramps.,0.18,0.18,4,0.307,"[1716.7598876953125, 863.9105834960938, 2875.303955078125, 1095.9793701171875]",1
frame_0045.png,extras,pair_of_ramps,metal ramps on ground,metal ramps on ground.,0.18,0.18,3,0.4669,"[9.276580810546875, 957.197998046875, 2870.605224609375, 1848.3031005859375]",1
frame_0045.png,extras,pair_of_ramps,vehicle loading ramp,vehicle loading ramp.,0.18,0.18,5,0.3293,"[1457.981689453125, 662.0325317382812, 1790.431396484375, 1086.3419189453125]",1
frame_0045.png,extras,pair_of_ramps,two metal ramps,two metal ramps.,0.18,0.18,4,0.3646,"[932.1149291992188, 3.0129683017730713, 2868.587158203125, 1274.833984375]",1
frame_0045.png,extras,pair_of_ramps,ramp,ramp.,0.18,0.18,0,0.0,,0
frame_0045.png,extras,pair_of_ramps,aluminum ramp,aluminum ramp.,0.18,0.18,4,0.3354,"[2267.823486328125, 1669.7767333984375, 2878.280029296875, 1854.0572509765625]",1
frame_0045.png,extras,pair_of_ramps,incline ramp,incline ramp.,0.18,0.18,0,0.0,,0
frame_0045.png,extras,trailer,trailer,trailer.,0.18,0.18,6,0.2635,"[1461.4605712890625, 664.919921875, 1788.4466552734375, 1082.2623291015625]",1
frame_0045.png,extras,trailer,cargo trailer,cargo trailer.,0.18,0.18,6,0.3173,"[1059.7459716796875, 1.1463403701782227, 2874.826416015625, 1170.3212890625]",1
frame_0045.png,extras,trailer,vehicle trailer,vehicle trailer.,0.18,0.18,8,0.3984,"[1460.0433349609375, 663.1317138671875, 1788.3013916015625, 1084.0714111328125]",1
frame_0045.png,extras,trailer,wheeled trailer,wheeled trailer.,0.18,0.18,7,0.3493,"[1716.9365234375, 874.4173583984375, 2821.16650390625, 1186.136962890625]",1
frame_0045.png,extras,trailer,small trailer,small trailer.,0.18,0.18,5,0.375,"[1902.7896728515625, 1073.0399169921875, 2124.1123046875, 1269.7572021484375]",1
frame_0045.png,extras,trailer,utility trailer,utility trailer.,0.18,0.18,6,0.3821,"[1049.5970458984375, 465.7272033691406, 1385.4647216796875, 999.6527099609375]",1
frame_0045.png,extras,trailer,open trailer,open trailer.,0.18,0.18,5,0.3632,"[1053.402099609375, 2.7933454513549805, 2873.52294921875, 1154.713623046875]",1
frame_0045.png,extras,trailer,covered trailer,covered trailer.,0.18,0.18,4,0.4639,"[1061.0528564453125, 1.5547657012939453, 2875.632080078125, 1139.4246826171875]",1
frame_0045.png,extras,trailer,container trailer,container trailer.,0.18,0.18,7,0.3781,"[1052.2266845703125, 468.22576904296875, 1383.865478515625, 989.9852905273438]",1
frame_0046.png,production,trailer,ALL_GROUP,trailer. cargo trailer. vehicle trailer. wheeled trailer. flatbed trailer. black trailer. utility trailer.,0.2,0.2,8,0.3132,"[615.365966796875, 839.3057861328125, 847.370849609375, 1053.8096923828125]",1
frame_0046.png,production,electric utility vehicle+electric wheelchair+electric scooter+trolley,ALL_GROUP,electric utility vehicle. small electric cart. utility vehicle. golf cart. electric cart. small white utility vehicle. electric wheelchair. motorized wheelchair. power wheelchair. mobility scooter wheelchair. electric scooter. mobility scooter. stand-up scooter. kick scooter. scooter. trolley. hand cart. hand truck. luggage cart. flatbed cart. push cart. utility cart.,0.22,0.22,5,0.3908,"[613.0537109375, 837.156494140625, 849.1296997070312, 1055.5283203125]",1
frame_0046.png,production,pair of ramps,ALL_GROUP,pair of ramps. loading ramp. metal ramp. vehicle loading ramp. two metal ramps. aluminum ramp.,0.2,0.2,8,0.316,"[1455.797119140625, 657.843505859375, 1797.3504638671875, 1089.5377197265625]",1
frame_0046.png,production,portable power station+basketball,ALL_GROUP,portable power station. large power bank. battery box. power generator box. portable battery. power station. basketball. orange basketball. sports ball. rubber ball.,0.22,0.22,0,0.0,,0
frame_0046.png,production,rectangular table+umbrella,ALL_GROUP,rectangular table. outdoor table. picnic table. long rectangular table. folding table. work table. umbrella. outdoor umbrella. parasol. patio umbrella. hand umbrella.,0.24,0.24,1,0.2695,"[1120.2308349609375, 876.535888671875, 1337.8206787109375, 1035.5841064453125]",1
frame_0046.png,production,cardboard box,ALL_GROUP,cardboard box. brown cardboard box. cardboard package. shipping box.,0.26,0.26,0,0.0,,0
frame_0046.png,production,chair,ALL_GROUP,chair. folding chair. outdoor chair. plastic chair. armless chair.,0.3,0.3,1,0.3308,"[617.1808471679688, 839.8836669921875, 846.5904541015625, 1052.5631103515625]",1
frame_0046.png,production,traffic cone+prohibition sign,ALL_GROUP,traffic cone. road cone. safety cone. orange cone. construction cone. prohibition sign. no entry sign. red prohibition sign. do not enter sign. stop sign. red circular sign.,0.22,0.22,1,0.2423,"[1054.2880859375, 631.2705688476562, 1339.095947265625, 812.7300415039062]",1
frame_0046.png,extras,basketball,basketball,basketball.,0.18,0.18,0,0.0,,0
frame_0046.png,extras,basketball,orange basketball,orange basketball.,0.18,0.18,0,0.0,,0
frame_0046.png,extras,basketball,round orange ball,round orange ball.,0.18,0.18,2,0.4794,"[1147.010986328125, 1651.5089111328125, 1674.5972900390625, 1856.3980712890625]",1
frame_0046.png,extras,basketball,rubber ball on ground,rubber ball on ground.,0.18,0.18,6,0.5483,"[9.490385055541992, 950.42236328125, 2869.875, 1848.4752197265625]",1
frame_0046.png,extras,basketball,sports ball,sports ball.,0.18,0.18,1,0.2085,"[1148.6328125, 1657.88818359375, 1677.4500732421875, 1856.8582763671875]",1
frame_0046.png,extras,basketball,ball,ball.,0.18,0.18,0,0.0,,0
frame_0046.png,extras,umbrella,umbrella,umbrella.,0.2,0.2,0,0.0,,0
frame_0046.png,extras,umbrella,outdoor umbrella,outdoor umbrella.,0.2,0.2,0,0.0,,0
frame_0046.png,extras,umbrella,patio umbrella,patio umbrella.,0.2,0.2,0,0.0,,0
frame_0046.png,extras,umbrella,open umbrella,open umbrella.,0.2,0.2,4,0.294,"[1149.19677734375, 1653.1170654296875, 1680.74169921875, 1854.0831298828125]",1
frame_0046.png,extras,umbrella,parasol,parasol.,0.2,0.2,0,0.0,,0
frame_0046.png,extras,umbrella,shade umbrella,shade umbrella.,0.2,0.2,4,0.2741,"[1066.5277099609375, 1.3591172695159912, 2873.87451171875, 593.3207397460938]",1
frame_0046.png,extras,umbrella,folded umbrella,folded umbrella.,0.2,0.2,7,0.312,"[311.3336181640625, 766.707763671875, 547.551025390625, 1100.734375]",1
frame_0046.png,extras,electric_wheelchair,electric wheelchair,electric wheelchair.,0.2,0.2,4,0.4182,"[616.4827270507812, 840.735595703125, 846.7352905273438, 1052.481689453125]",1
frame_0046.png,extras,electric_wheelchair,motorized wheelchair,motorized wheelchair.,0.2,0.2,2,0.5268,"[1459.044921875, 782.2734985351562, 1794.4658203125, 1086.6248779296875]",1
frame_0046.png,extras,electric_wheelchair,power wheelchair,power wheelchair.,0.2,0.2,5,0.4475,"[616.881591796875, 840.64013671875, 846.1764526367188, 1052.118408203125]",1
frame_0046.png,extras,electric_wheelchair,wheelchair,wheelchair.,0.2,0.2,2,0.2597,"[617.7258911132812, 842.5367431640625, 845.2980346679688, 1050.4990234375]",1
frame_0046.png,extras,electric_wheelchair,mobility chair,mobility chair.,0.2,0.2,4,0.4358,"[616.9160766601562, 839.9733276367188, 846.493896484375, 1051.5657958984375]",1
frame_0046.png,extras,electric_wheelchair,powered mobility scooter,powered mobility scooter.,0.2,0.2,2,0.5394,"[1456.4017333984375, 778.4066772460938, 1796.359619140625, 1089.2012939453125]",1
frame_0046.png,extras,electric_scooter,electric scooter,electric scooter.,0.2,0.2,2,0.4147,"[616.0166625976562, 840.4169311523438, 847.4202880859375, 1053.342041015625]",1
frame_0046.png,extras,electric_scooter,stand-up scooter,stand-up scooter.,0.2,0.2,2,0.548,"[1454.154541015625, 778.7264404296875, 1797.61181640625, 1090.83349609375]",1
frame_0046.png,extras,electric_scooter,kick scooter,kick scooter.,0.2,0.2,3,0.4082,"[614.9429321289062, 839.6062622070312, 848.3839111328125, 1054.14404296875]",1
frame_0046.png,extras,electric_scooter,two-wheeled scooter,two-wheeled scooter.,0.2,0.2,2,0.5502,"[1454.1156005859375, 778.9668579101562, 1797.7950439453125, 1091.181396484375]",1
frame_0046.png,extras,electric_scooter,scooter,scooter.,0.2,0.2,3,0.3649,"[618.4273071289062, 842.0331420898438, 845.5872802734375, 1050.07568359375]",1
frame_0046.png,extras,electric_scooter,electric kick scooter,electric kick scooter.,0.2,0.2,3,0.4585,"[612.9039916992188, 837.9161376953125, 849.7056884765625, 1055.621337890625]",1
frame_0046.png,extras,prohibition_sign,prohibition sign,prohibition sign.,0.2,0.2,3,0.4782,"[1044.5289306640625, 470.8690490722656, 1377.50439453125, 989.2611694335938]",1
frame_0046.png,extras,prohibition_sign,no entry sign,no entry sign.,0.2,0.2,4,0.3787,"[1047.803466796875, 625.7944946289062, 1340.0904541015625, 814.9644775390625]",1
frame_0046.png,extras,prohibition_sign,red prohibition sign,red prohibition sign.,0.2,0.2,3,0.3861,"[1048.297119140625, 626.1978149414062, 1347.6563720703125, 814.6098022460938]",1
frame_0046.png,extras,prohibition_sign,do not enter sign,do not enter sign.,0.2,0.2,3,0.3274,"[1038.094482421875, 470.556640625, 1379.0633544921875, 998.3397216796875]",1
frame_0046.png,extras,prohibition_sign,stop sign,stop sign.,0.2,0.2,0,0.0,,0
frame_0046.png,extras,prohibition_sign,red circular sign,red circular sign.,0.2,0.2,2,0.4862,"[1141.7430419921875, 1647.47119140625, 1694.7142333984375, 1854.671630859375]",1
frame_0046.png,extras,prohibition_sign,warning sign,warning sign.,0.2,0.2,3,0.4456,"[1045.5858154296875, 468.5327453613281, 1374.1920166015625, 992.654052734375]",1
frame_0046.png,extras,prohibition_sign,red sign on ground,red sign on ground.,0.2,0.2,3,0.5619,"[9.495878219604492, 948.3976440429688, 2870.94287109375, 1849.4183349609375]",1
frame_0046.png,extras,pair_of_ramps,pair of ramps,pair of ramps.,0.18,0.18,7,0.384,"[1050.3138427734375, 2.902214527130127, 2871.3603515625, 1168.4544677734375]",1
frame_0046.png,extras,pair_of_ramps,loading ramps,loading ramps.,0.18,0.18,4,0.3064,"[1714.2403564453125, 2.7707290649414062, 2875.5986328125, 1175.3751220703125]",1
frame_0046.png,extras,pair_of_ramps,metal ramps on ground,metal ramps on ground.,0.18,0.18,5,0.4638,"[8.92888069152832, 955.94189453125, 2870.460693359375, 1847.9866943359375]",1
frame_0046.png,extras,pair_of_ramps,vehicle loading ramp,vehicle loading ramp.,0.18,0.18,8,0.2999,"[1457.614990234375, 660.5682983398438, 1795.308349609375, 1088.249267578125]",1
frame_0046.png,extras,pair_of_ramps,two metal ramps,two metal ramps.,0.18,0.18,4,0.345,"[906.9376831054688, 2.813079357147217, 2870.312744140625, 1294.4288330078125]",1
frame_0046.png,extras,pair_of_ramps,ramp,ramp.,0.18,0.18,0,0.0,,0
frame_0046.png,extras,pair_of_ramps,aluminum ramp,aluminum ramp.,0.18,0.18,5,0.3607,"[2280.51416015625, 1670.3189697265625, 2877.9853515625, 1853.9324951171875]",1
frame_0046.png,extras,pair_of_ramps,incline ramp,incline ramp.,0.18,0.18,0,0.0,,0
frame_0046.png,extras,trailer,trailer,trailer.,0.18,0.18,7,0.2693,"[1717.2747802734375, 868.2122802734375, 2872.27978515625, 1189.849853515625]",1
frame_0046.png,extras,trailer,cargo trailer,cargo trailer.,0.18,0.18,8,0.3661,"[1046.69384765625, 464.5991516113281, 1383.33203125, 994.3849487304688]",1
frame_0046.png,extras,trailer,vehicle trailer,vehicle trailer.,0.18,0.18,11,0.3985,"[1459.683349609375, 662.1304931640625, 1792.802978515625, 1086.0648193359375]",1
frame_0046.png,extras,trailer,wheeled trailer,wheeled trailer.,0.18,0.18,5,0.357,"[1720.8802490234375, 877.3704833984375, 2868.85498046875, 1195.27294921875]",1
frame_0046.png,extras,trailer,small trailer,small trailer.,0.18,0.18,4,0.3381,"[1913.9146728515625, 1076.7655029296875, 2144.917236328125, 1278.08837890625]",1
frame_0046.png,extras,trailer,utility trailer,utility trailer.,0.18,0.18,6,0.3983,"[1045.6142578125, 463.22479248046875, 1383.644287109375, 997.5726928710938]",1
frame_0046.png,extras,trailer,open trailer,open trailer.,0.18,0.18,6,0.3329,"[1059.2825927734375, 2.5839221477508545, 2875.533447265625, 1167.9378662109375]",1
frame_0046.png,extras,trailer,covered trailer,covered trailer.,0.18,0.18,6,0.402,"[1062.278076171875, 1.487138271331787, 2876.71435546875, 1150.3572998046875]",1
frame_0046.png,extras,trailer,container trailer,container trailer.,0.18,0.18,5,0.4089,"[1047.5234375, 465.64056396484375, 1382.387939453125, 991.0662231445312]",1
frame_0047.png,production,trailer,ALL_GROUP,trailer. cargo trailer. vehicle trailer. wheeled trailer. flatbed trailer. black trailer. utility trailer.,0.2,0.2,9,0.3129,"[1457.359619140625, 659.9799194335938, 1797.157470703125, 1089.76220703125]",1
frame_0047.png,production,electric utility vehicle+electric wheelchair+electric scooter+trolley,ALL_GROUP,electric utility vehicle. small electric cart. utility vehicle. golf cart. electric cart. small white utility vehicle. electric wheelchair. motorized wheelchair. power wheelchair. mobility scooter wheelchair. electric scooter. mobility scooter. stand-up scooter. kick scooter. scooter. trolley. hand cart. hand truck. luggage cart. flatbed cart. push cart. utility cart.,0.22,0.22,4,0.393,"[605.0702514648438, 836.8919677734375, 843.0429077148438, 1057.0970458984375]",1
frame_0047.png,production,pair of ramps,ALL_GROUP,pair of ramps. loading ramp. metal ramp. vehicle loading ramp. two metal ramps. aluminum ramp.,0.2,0.2,7,0.3377,"[1454.53955078125, 655.3399047851562, 1800.0911865234375, 1090.99072265625]",1
frame_0047.png,production,portable power station+basketball,ALL_GROUP,portable power station. large power bank. battery box. power generator box. portable battery. power station. basketball. orange basketball. sports ball. rubber ball.,0.22,0.22,0,0.0,,0
frame_0047.png,production,rectangular table+umbrella,ALL_GROUP,rectangular table. outdoor table. picnic table. long rectangular table. folding table. work table. umbrella. outdoor umbrella. parasol. patio umbrella. hand umbrella.,0.24,0.24,0,0.0,,0
frame_0047.png,production,cardboard box,ALL_GROUP,cardboard box. brown cardboard box. cardboard package. shipping box.,0.26,0.26,0,0.0,,0
frame_0047.png,production,chair,ALL_GROUP,chair. folding chair. outdoor chair. plastic chair. armless chair.,0.3,0.3,1,0.3554,"[609.1724243164062, 839.4357299804688, 840.714599609375, 1054.052001953125]",1
frame_0047.png,production,traffic cone+prohibition sign,ALL_GROUP,traffic cone. road cone. safety cone. orange cone. construction cone. prohibition sign. no entry sign. red prohibition sign. do not enter sign. stop sign. red circular sign.,0.22,0.22,1,0.2466,"[1049.2628173828125, 626.265380859375, 1341.85791015625, 813.6744995117188]",1
frame_0047.png,extras,basketball,basketball,basketball.,0.18,0.18,0,0.0,,0
frame_0047.png,extras,basketball,orange basketball,orange basketball.,0.18,0.18,0,0.0,,0
frame_0047.png,extras,basketball,round orange ball,round orange ball.,0.18,0.18,2,0.4652,"[1152.618896484375, 1651.1912841796875, 1667.4229736328125, 1856.2938232421875]",1
frame_0047.png,extras,basketball,rubber ball on ground,rubber ball on ground.,0.18,0.18,8,0.5514,"[10.040302276611328, 952.969482421875, 2869.99755859375, 1848.686767578125]",1
frame_0047.png,extras,basketball,sports ball,sports ball.,0.18,0.18,1,0.212,"[1156.720947265625, 1657.8358154296875, 1664.30615234375, 1857.0819091796875]",1
frame_0047.png,extras,basketball,ball,ball.,0.18,0.18,0,0.0,,0
frame_0047.png,extras,umbrella,umbrella,umbrella.,0.2,0.2,0,0.0,,0
frame_0047.png,extras,umbrella,outdoor umbrella,outdoor umbrella.,0.2,0.2,0,0.0,,0
frame_0047.png,extras,umbrella,patio umbrella,patio umbrella.,0.2,0.2,0,0.0,,0
frame_0047.png,extras,umbrella,open umbrella,open umbrella.,0.2,0.2,5,0.2618,"[1154.8814697265625, 1653.143310546875, 1669.1405029296875, 1854.5240478515625]",1
frame_0047.png,extras,umbrella,parasol,parasol.,0.2,0.2,0,0.0,,0
frame_0047.png,extras,umbrella,shade umbrella,shade umbrella.,0.2,0.2,4,0.3066,"[1065.78955078125, 2.220175266265869, 2873.876953125, 936.0328369140625]",1
frame_0047.png,extras,umbrella,folded umbrella,folded umbrella.,0.2,0.2,5,0.3676,"[297.84124755859375, 766.2445068359375, 533.3564453125, 1103.7288818359375]",1
frame_0047.png,extras,electric_wheelchair,electric wheelchair,electric wheelchair.,0.2,0.2,4,0.4471,"[608.9654541015625, 841.3856811523438, 840.4518432617188, 1053.3515625]",1
frame_0047.png,extras,electric_wheelchair,motorized wheelchair,motorized wheelchair.,0.2,0.2,3,0.5027,"[608.0709838867188, 839.904296875, 841.3165283203125, 1053.9896240234375]",1
frame_0047.png,extras,electric_wheelchair,power wheelchair,power wheelchair.,0.2,0.2,5,0.4303,"[609.4158935546875, 841.4287109375, 840.0015869140625, 1052.9127197265625]",1
frame_0047.png,extras,electric_wheelchair,wheelchair,wheelchair.,0.2,0.2,2,0.2875,"[609.7175903320312, 842.5410766601562, 839.064697265625, 1051.435791015625]",1
frame_0047.png,extras,electric_wheelchair,mobility chair,mobility chair.,0.2,0.2,6,0.5003,"[609.2399291992188, 840.067138671875, 840.4213256835938, 1052.9088134765625]",1
frame_0047.png,extras,electric_wheelchair,powered mobility scooter,powered mobility scooter.,0.2,0.2,2,0.4948,"[1455.714599609375, 773.6472778320312, 1800.3890380859375, 1090.495361328125]",1
frame_0047.png,extras,electric_scooter,electric scooter,electric scooter.,0.2,0.2,3,0.4006,"[608.4814453125, 840.7190551757812, 841.1893920898438, 1054.1939697265625]",1
frame_0047.png,extras,electric_scooter,stand-up scooter,stand-up scooter.,0.2,0.2,2,0.4968,"[1453.7291259765625, 773.5725708007812, 1801.7852783203125, 1092.243896484375]",1
frame_0047.png,extras,electric_scooter,kick scooter,kick scooter.,0.2,0.2,4,0.4507,"[1458.01806640625, 774.6954956054688, 1798.78857421875, 1088.5960693359375]",1
frame_0047.png,extras,electric_scooter,two-wheeled scooter,two-wheeled scooter.,0.2,0.2,2,0.5342,"[1453.206298828125, 774.0460205078125, 1802.2923583984375, 1092.3388671875]",1
frame_0047.png,extras,electric_scooter,scooter,scooter.,0.2,0.2,3,0.3506,"[610.520263671875, 842.1557006835938, 839.2341918945312, 1051.150634765625]",1
frame_0047.png,extras,electric_scooter,electric kick scooter,electric kick scooter.,0.2,0.2,3,0.4293,"[605.465576171875, 838.9915771484375, 843.3236694335938, 1056.869873046875]",1
frame_0047.png,extras,prohibition_sign,prohibition sign,prohibition sign.,0.2,0.2,3,0.4708,"[1041.723388671875, 467.2666320800781, 1378.586181640625, 996.7022705078125]",1
frame_0047.png,extras,prohibition_sign,no entry sign,no entry sign.,0.2,0.2,4,0.3746,"[1045.285888671875, 623.1232299804688, 1338.903076171875, 814.5328979492188]",1
frame_0047.png,extras,prohibition_sign,red prohibition sign,red prohibition sign.,0.2,0.2,3,0.3897,"[1045.249755859375, 621.9547729492188, 1347.4620361328125, 813.8950805664062]",1
frame_0047.png,extras,prohibition_sign,do not enter sign,do not enter sign.,0.2,0.2,3,0.315,"[1035.685791015625, 463.74737548828125, 1381.8887939453125, 1018.0059204101562]",1
frame_0047.png,extras,prohibition_sign,stop sign,stop sign.,0.2,0.2,0,0.0,,0
frame_0047.png,extras,prohibition_sign,red circular sign,red circular sign.,0.2,0.2,4,0.4494,"[1147.38720703125, 1646.697021484375, 1690.618896484375, 1854.487060546875]",1
frame_0047.png,extras,prohibition_sign,warning sign,warning sign.,0.2,0.2,3,0.4425,"[1042.4022216796875, 466.0056457519531, 1375.751220703125, 1005.9692993164062]",1
frame_0047.png,extras,prohibition_sign,red sign on ground,red sign on ground.,0.2,0.2,3,0.5567,"[9.411077499389648, 948.5406494140625, 2870.83154296875, 1849.588134765625]",1
frame_0047.png,extras,pair_of_ramps,pair of ramps,pair of ramps.,0.18,0.18,6,0.3576,"[1046.26513671875, 2.9304850101470947, 2871.83154296875, 1158.4892578125]",1
frame_0047.png,extras,pair_of_ramps,loading ramps,loading ramps.,0.18,0.18,3,0.3437,"[1063.086181640625, 1.143125295639038, 2876.435302734375, 1130.710693359375]",1
frame_0047.png,extras,pair_of_ramps,metal ramps on ground,metal ramps on ground.,0.18,0.18,3,0.4647,"[9.063806533813477, 956.7964477539062, 2870.366943359375, 1848.3809814453125]",1
frame_0047.png,extras,pair_of_ramps,vehicle loading ramp,vehicle loading ramp.,0.18,0.18,5,0.3637,"[1456.8592529296875, 658.5380859375, 1797.68701171875, 1090.2078857421875]",1
frame_0047.png,extras,pair_of_ramps,two metal ramps,two metal ramps.,0.18,0.18,4,0.3385,"[896.644775390625, 4.009918689727783, 2871.16943359375, 1314.311767578125]",1
frame_0047.png,extras,pair_of_ramps,ramp,ramp.,0.18,0.18,0,0.0,,0
frame_0047.png,extras,pair_of_ramps,aluminum ramp,aluminum ramp.,0.18,0.18,5,0.309,"[2270.767333984375, 1668.70947265625, 2877.890869140625, 1853.80224609375]",1
frame_0047.png,extras,pair_of_ramps,incline ramp,incline ramp.,0.18,0.18,0,0.0,,0
frame_0047.png,extras,trailer,trailer,trailer.,0.18,0.18,8,0.3192,"[1460.4476318359375, 661.1192016601562, 1796.4627685546875, 1086.5594482421875]",1
frame_0047.png,extras,trailer,cargo trailer,cargo trailer.,0.18,0.18,6,0.3707,"[1043.1888427734375, 462.9989318847656, 1383.285888671875, 995.786865234375]",1
frame_0047.png,extras,trailer,vehicle trailer,vehicle trailer.,0.18,0.18,10,0.4306,"[1459.1070556640625, 659.6377563476562, 1796.4962158203125, 1088.0670166015625]",1
frame_0047.png,extras,trailer,wheeled trailer,wheeled trailer.,0.18,0.18,4,0.3846,"[1458.4036865234375, 661.737548828125, 1798.11669921875, 1088.55419921875]",1
frame_0047.png,extras,trailer,small trailer,small trailer.,0.18,0.18,3,0.3644,"[1926.863037109375, 1080.8389892578125, 2164.430419921875, 1288.3536376953125]",1
frame_0047.png,extras,trailer,utility trailer,utility trailer.,0.18,0.18,6,0.3996,"[1042.2755126953125, 461.3559265136719, 1383.5125732421875, 1000.6837158203125]",1
frame_0047.png,extras,trailer,open trailer,open trailer.,0.18,0.18,5,0.3867,"[1054.0562744140625, 2.804043769836426, 2875.78564453125, 1163.96875]",1
frame_0047.png,extras,trailer,covered trailer,covered trailer.,0.18,0.18,4,0.4552,"[1059.6055908203125, 1.3421827554702759, 2876.74462890625, 1146.2037353515625]",1
frame_0047.png,extras,trailer,container trailer,container trailer.,0.18,0.18,6,0.4072,"[1044.14599609375, 464.5426025390625, 1381.8409423828125, 992.6498413085938]",1
frame_0048.png,production,trailer,ALL_GROUP,trailer. cargo trailer. vehicle trailer. wheeled trailer. flatbed trailer. black trailer. utility trailer.,0.2,0.2,9,0.3109,"[1460.426025390625, 880.8746948242188, 1812.3424072265625, 1097.492431640625]",1
frame_0048.png,production,electric utility vehicle+electric wheelchair+electric scooter+trolley,ALL_GROUP,electric utility vehicle. small electric cart. utility vehicle. golf cart. electric cart. small white utility vehicle. electric wheelchair. motorized wheelchair. power wheelchair. mobility scooter wheelchair. electric scooter. mobility scooter. stand-up scooter. kick scooter. scooter. trolley. hand cart. hand truck. luggage cart. flatbed cart. push cart. utility cart.,0.22,0.22,7,0.3964,"[577.9478759765625, 837.4164428710938, 823.2123413085938, 1062.3048095703125]",1
frame_0048.png,production,pair of ramps,ALL_GROUP,pair of ramps. loading ramp. metal ramp. vehicle loading ramp. two metal ramps. aluminum ramp.,0.2,0.2,8,0.3203,"[1725.8765869140625, 841.9742431640625, 2869.5166015625, 1172.4976806640625]",1
frame_0048.png,production,portable power station+basketball,ALL_GROUP,portable power station. large power bank. battery box. power generator box. portable battery. power station. basketball. orange basketball. sports ball. rubber ball.,0.22,0.22,1,0.2437,"[1977.67919921875, 1098.419189453125, 2240.65234375, 1328.1690673828125]",1
frame_0048.png,production,rectangular table+umbrella,ALL_GROUP,rectangular table. outdoor table. picnic table. long rectangular table. folding table. work table. umbrella. outdoor umbrella. parasol. patio umbrella. hand umbrella.,0.24,0.24,1,0.2475,"[1107.885498046875, 874.423095703125, 1319.469482421875, 1040.1429443359375]",1
frame_0048.png,production,cardboard box,ALL_GROUP,cardboard box. brown cardboard box. cardboard package. shipping box.,0.26,0.26,1,0.2842,"[2217.258056640625, 670.2833862304688, 2434.973388671875, 876.9473876953125]",1
frame_0048.png,production,chair,ALL_GROUP,chair. folding chair. outdoor chair. plastic chair. armless chair.,0.3,0.3,0,0.0,,0
frame_0048.png,production,traffic cone+prohibition sign,ALL_GROUP,traffic cone. road cone. safety cone. orange cone. construction cone. prohibition sign. no entry sign. red prohibition sign. do not enter sign. stop sign. red circular sign.,0.22,0.22,1,0.2332,"[1045.3651123046875, 614.72607421875, 1332.96240234375, 809.1553955078125]",1
frame_0048.png,extras,basketball,basketball,basketball.,0.18,0.18,0,0.0,,0
frame_0048.png,extras,basketball,orange basketball,orange basketball.,0.18,0.18,0,0.0,,0
frame_0048.png,extras,basketball,round orange ball,round orange ball.,0.18,0.18,1,0.6963,"[1153.9581298828125, 1646.8463134765625, 1676.514892578125, 1854.9725341796875]",1
frame_0048.png,extras,basketball,rubber ball on ground,rubber ball on ground.,0.18,0.18,6,0.4886,"[9.874649047851562, 949.3255615234375, 2870.08349609375, 1849.373291015625]",1
frame_0048.png,extras,basketball,sports ball,sports ball.,0.18,0.18,1,0.3882,"[1154.6097412109375, 1654.745361328125, 1671.7049560546875, 1857.16796875]",1
frame_0048.png,extras,basketball,ball,ball.,0.18,0.18,1,0.2434,"[1154.8011474609375, 1653.780517578125, 1678.6243896484375, 1856.853271484375]",1
frame_0048.png,extras,umbrella,umbrella,umbrella.,0.2,0.2,0,0.0,,0
frame_0048.png,extras,umbrella,outdoor umbrella,outdoor umbrella.,0.2,0.2,0,0.0,,0
frame_0048.png,extras,umbrella,patio umbrella,patio umbrella.,0.2,0.2,0,0.0,,0
frame_0048.png,extras,umbrella,open umbrella,open umbrella.,0.2,0.2,2,0.3458,"[1157.37646484375, 1649.5670166015625, 1677.265380859375, 1854.083251953125]",1
frame_0048.png,extras,umbrella,parasol,parasol.,0.2,0.2,0,0.0,,0
frame_0048.png,extras,umbrella,shade umbrella,shade umbrella.,0.2,0.2,4,0.3085,"[1066.0369873046875, 1.0981974601745605, 2873.7431640625, 583.6766967773438]",1
frame_0048.png,extras,umbrella,folded umbrella,folded umbrella.,0.2,0.2,8,0.3472,"[1158.4332275390625, 1654.2371826171875, 1672.36669921875, 1855.0303955078125]",1
frame_0048.png,extras,electric_wheelchair,electric wheelchair,electric wheelchair.,0.2,0.2,6,0.4095,"[582.6100463867188, 840.1588134765625, 820.6202392578125, 1058.354248046875]",1
frame_0048.png,extras,electric_wheelchair,motorized wheelchair,motorized wheelchair.,0.2,0.2,4,0.4088,"[581.3263549804688, 838.4855346679688, 821.2886352539062, 1059.6578369140625]",1
frame_0048.png,extras,electric_wheelchair,power wheelchair,power wheelchair.,0.2,0.2,5,0.434,"[1979.0977783203125, 1098.4552001953125, 2239.81591796875, 1327.92919921875]",1
frame_0048.png,extras,electric_wheelchair,wheelchair,wheelchair.,0.2,0.2,0,0.0,,0
frame_0048.png,extras,electric_wheelchair,mobility chair,mobility chair.,0.2,0.2,5,0.3888,"[583.179443359375, 838.8262329101562, 820.1400146484375, 1057.8507080078125]",1
frame_0048.png,extras,electric_wheelchair,powered mobility scooter,powered mobility scooter.,0.2,0.2,4,0.3917,"[1456.91650390625, 760.997802734375, 1815.7843017578125, 1099.2236328125]",1
frame_0048.png,extras,electric_scooter,electric scooter,electric scooter.,0.2,0.2,4,0.3286,"[581.634521484375, 840.6825561523438, 821.3978881835938, 1059.650634765625]",1
frame_0048.png,extras,electric_scooter,stand-up scooter,stand-up scooter.,0.2,0.2,4,0.4233,"[575.5820922851562, 835.1454467773438, 826.2369995117188, 1064.696044921875]",1
frame_0048.png,extras,electric_scooter,kick scooter,kick scooter.,0.2,0.2,5,0.3862,"[1459.140869140625, 769.26220703125, 1814.2369384765625, 1097.8162841796875]",1
frame_0048.png,extras,electric_scooter,two-wheeled scooter,two-wheeled scooter.,0.2,0.2,3,0.4795,"[574.87890625, 836.0415649414062, 826.3182373046875, 1065.0164794921875]",1
frame_0048.png,extras,electric_scooter,scooter,scooter.,0.2,0.2,2,0.2792,"[584.6455078125, 840.8662719726562, 819.4688720703125, 1055.995361328125]",1
frame_0048.png,extras,electric_scooter,electric kick scooter,electric kick scooter.,0.2,0.2,6,0.3585,"[579.1050415039062, 841.5225830078125, 823.2125854492188, 1061.99267578125]",1
frame_0048.png,extras,prohibition_sign,prohibition sign,prohibition sign.,0.2,0.2,2,0.5936,"[1035.23974609375, 457.0328063964844, 1378.0888671875, 998.1631469726562]",1
frame_0048.png,extras,prohibition_sign,no entry sign,no entry sign.,0.2,0.2,2,0.4806,"[1025.0152587890625, 452.9706726074219, 1375.6470947265625, 1027.5421142578125]",1
frame_0048.png,extras,prohibition_sign,red prohibition sign,red prohibition sign.,0.2,0.2,2,0.5037,"[1030.0430908203125, 454.91943359375, 1381.002685546875, 997.8763427734375]",1
frame_0048.png,extras,prohibition_sign,do not enter sign,do not enter sign.,0.2,0.2,2,0.3737,"[1028.8699951171875, 453.0069885253906, 1379.34619140625, 1011.8697509765625]",1
frame_0048.png,extras,prohibition_sign,stop sign,stop sign.,0.2,0.2,0,0.0,,0
frame_0048.png,extras,prohibition_sign,red circular sign,red circular sign.,0.2,0.2,2,0.5781,"[1148.781982421875, 1642.662109375, 1692.8807373046875, 1853.850341796875]",1
frame_0048.png,extras,prohibition_sign,warning sign,warning sign.,0.2,0.2,1,0.5221,"[1035.9658203125, 457.0517883300781, 1373.91455078125, 999.8344116210938]",1
frame_0048.png,extras,prohibition_sign,red sign on ground,red sign on ground.,0.2,0.2,4,0.5328,"[9.411764144897461, 946.7011108398438, 2870.95751953125, 1849.9940185546875]",1
frame_0048.png,extras,pair_of_ramps,pair of ramps,pair of ramps.,0.18,0.18,7,0.3325,"[1046.8204345703125, 2.8848087787628174, 2871.638916015625, 1185.9998779296875]",1
frame_0048.png,extras,pair_of_ramps,loading ramps,loading ramps.,0.18,0.18,3,0.2636,"[1732.8912353515625, 844.6431884765625, 2874.184326171875, 1110.4720458984375]",1
frame_0048.png,extras,pair_of_ramps,metal ramps on ground,metal ramps on ground.,0.18,0.18,3,0.4689,"[9.073247909545898, 950.4541015625, 2870.457763671875, 1848.36669921875]",1
frame_0048.png,extras,pair_of_ramps,vehicle loading ramp,vehicle loading ramp.,0.18,0.18,7,0.3023,"[1456.9814453125, 653.4163208007812, 1815.178955078125, 1098.535888671875]",1
frame_0048.png,extras,pair_of_ramps,two metal ramps,two metal ramps.,0.18,0.18,5,0.3256,"[825.084228515625, 3.9102511405944824, 2871.0966796875, 1366.3560791015625]",1
frame_0048.png,extras,pair_of_ramps,ramp,ramp.,0.18,0.18,0,0.0,,0
frame_0048.png,extras,pair_of_ramps,aluminum ramp,aluminum ramp.,0.18,0.18,4,0.316,"[2264.209228515625, 1671.125, 2878.020263671875, 1853.762939453125]",1
frame_0048.png,extras,pair_of_ramps,incline ramp,incline ramp.,0.18,0.18,0,0.0,,0
frame_0048.png,extras,trailer,trailer,trailer.,0.18,0.18,6,0.2464,"[1729.455810546875, 852.300048828125, 2875.87060546875, 1211.5899658203125]",1
frame_0048.png,extras,trailer,cargo trailer,cargo trailer.,0.18,0.18,7,0.3401,"[1035.9508056640625, 454.09149169921875, 1382.645751953125, 992.0759887695312]",1
frame_0048.png,extras,trailer,vehicle trailer,vehicle trailer.,0.18,0.18,10,0.3411,"[1459.3004150390625, 655.0584716796875, 1812.3017578125, 1097.00830078125]",1
frame_0048.png,extras,trailer,wheeled trailer,wheeled trailer.,0.18,0.18,4,0.3799,"[1730.2972412109375, 856.9139404296875, 2875.15673828125, 1219.88671875]",1
frame_0048.png,extras,trailer,small trailer,small trailer.,0.18,0.18,5,0.3698,"[1976.6153564453125, 1097.1148681640625, 2242.64697265625, 1327.6741943359375]",1
frame_0048.png,extras,trailer,utility trailer,utility trailer.,0.18,0.18,8,0.3684,"[1034.74072265625, 452.17303466796875, 1383.09521484375, 998.2965087890625]",1
frame_0048.png,extras,trailer,open trailer,open trailer.,0.18,0.18,6,0.3506,"[1726.0172119140625, 846.2992553710938, 2874.980712890625, 1175.848388671875]",1
frame_0048.png,extras,trailer,covered trailer,covered trailer.,0.18,0.18,5,0.3811,"[1059.004150390625, 1.9648540019989014, 2876.723388671875, 1167.0855712890625]",1
frame_0048.png,extras,trailer,container trailer,container trailer.,0.18,0.18,5,0.4108,"[1037.1834716796875, 454.5325012207031, 1381.156982421875, 987.7239990234375]",1
frame_0049.png,production,trailer,ALL_GROUP,trailer. cargo trailer. vehicle trailer. wheeled trailer. flatbed trailer. black trailer. utility trailer.,0.2,0.2,8,0.2801,"[675.70556640625, 845.903564453125, 892.3886108398438, 1043.5513916015625]",1
frame_0049.png,production,electric utility vehicle+electric wheelchair+electric scooter+trolley,ALL_GROUP,electric utility vehicle. small electric cart. utility vehicle. golf cart. electric cart. small white utility vehicle. electric wheelchair. motorized wheelchair. power wheelchair. mobility scooter wheelchair. electric scooter. mobility scooter. stand-up scooter. kick scooter. scooter. trolley. hand cart. hand truck. luggage cart. flatbed cart. push cart. utility cart.,0.22,0.22,3,0.3524,"[673.1368408203125, 843.4205322265625, 894.5906982421875, 1044.72705078125]",1
frame_0049.png,production,pair of ramps,ALL_GROUP,pair of ramps. loading ramp. metal ramp. vehicle loading ramp. two metal ramps. aluminum ramp.,0.2,0.2,10,0.3336,"[1063.1737060546875, 4.90398645401001, 2860.37841796875, 1068.4571533203125]",1
frame_0049.png,production,portable power station+basketball,ALL_GROUP,portable power station. large power bank. battery box. power generator box. portable battery. power station. basketball. orange basketball. sports ball. rubber ball.,0.22,0.22,0,0.0,,0
frame_0049.png,production,rectangular table+umbrella,ALL_GROUP,rectangular table. outdoor table. picnic table. long rectangular table. folding table. work table. umbrella. outdoor umbrella. parasol. patio umbrella. hand umbrella.,0.24,0.24,0,0.0,,0
frame_0049.png,production,cardboard box,ALL_GROUP,cardboard box. brown cardboard box. cardboard package. shipping box.,0.26,0.26,2,0.3864,"[2212.421875, 751.5464477539062, 2306.72509765625, 890.702880859375]",1
frame_0049.png,production,chair,ALL_GROUP,chair. folding chair. outdoor chair. plastic chair. armless chair.,0.3,0.3,1,0.3354,"[677.23291015625, 846.3049926757812, 891.0714721679688, 1042.7918701171875]",1
frame_0049.png,production,traffic cone+prohibition sign,ALL_GROUP,traffic cone. road cone. safety cone. orange cone. construction cone. prohibition sign. no entry sign. red prohibition sign. do not enter sign. stop sign. red circular sign.,0.22,0.22,1,0.2565,"[1084.81884765625, 645.8386840820312, 1343.5172119140625, 817.0050659179688]",1
frame_0049.png,extras,basketball,basketball,basketball.,0.18,0.18,2,0.5108,"[53.15850830078125, 1038.8797607421875, 164.1730194091797, 1152.3297119140625]",1
frame_0049.png,extras,basketball,orange basketball,orange basketball.,0.18,0.18,1,0.3666,"[53.54663848876953, 1038.523193359375, 165.76625061035156, 1152.0494384765625]",1
frame_0049.png,extras,basketball,round orange ball,round orange ball.,0.18,0.18,2,0.6507,"[49.19139099121094, 1032.9954833984375, 170.77809143066406, 1155.3953857421875]",1
frame_0049.png,extras,basketball,rubber ball on ground,rubber ball on ground.,0.18,0.18,6,0.5644,"[9.799461364746094, 948.8367919921875, 2869.98486328125, 1848.7919921875]",1
frame_0049.png,extras,basketball,sports ball,sports ball.,0.18,0.18,2,0.4845,"[53.11812973022461, 1039.051025390625, 164.3850860595703, 1152.539794921875]",1
frame_0049.png,extras,basketball,ball,ball.,0.18,0.18,1,0.3183,"[52.96691131591797, 1038.433349609375, 164.85470581054688, 1151.4720458984375]",1
frame_0049.png,extras,umbrella,umbrella,umbrella.,0.2,0.2,0,0.0,,0
frame_0049.png,extras,umbrella,outdoor umbrella,outdoor umbrella.,0.2,0.2,0,0.0,,0
frame_0049.png,extras,umbrella,patio umbrella,patio umbrella.,0.2,0.2,1,0.237,"[1043.0975341796875, 2.250441312789917, 2876.179931640625, 1224.876708984375]",1
frame_0049.png,extras,umbrella,open umbrella,open umbrella.,0.2,0.2,4,0.2984,"[1033.6029052734375, 1.497393250465393, 2874.88232421875, 1849.59423828125]",1
frame_0049.png,extras,umbrella,parasol,parasol.,0.2,0.2,0,0.0,,0
frame_0049.png,extras,umbrella,shade umbrella,shade umbrella.,0.2,0.2,4,0.3333,"[1094.4578857421875, 1.3150763511657715, 2874.644775390625, 625.5722045898438]",1
frame_0049.png,extras,umbrella,folded umbrella,folded umbrella.,0.2,0.2,7,0.2834,"[1.1441445350646973, 1736.0118408203125, 461.37762451171875, 1855.18115234375]",1
frame_0049.png,extras,electric_wheelchair,electric wheelchair,electric wheelchair.,0.2,0.2,3,0.4179,"[675.9986572265625, 846.6292724609375, 891.1383056640625, 1042.2154541015625]",1
frame_0049.png,extras,electric_wheelchair,motorized wheelchair,motorized wheelchair.,0.2,0.2,2,0.5478,"[675.064697265625, 845.4183349609375, 891.8924560546875, 1043.0780029296875]",1
frame_0049.png,extras,electric_wheelchair,power wheelchair,power wheelchair.,0.2,0.2,6,0.4545,"[676.3665771484375, 846.2425537109375, 890.81494140625, 1041.9239501953125]",1
frame_0049.png,extras,electric_wheelchair,wheelchair,wheelchair.,0.2,0.2,2,0.3102,"[677.6167602539062, 847.850830078125, 888.9217529296875, 1039.5050048828125]",1
frame_0049.png,extras,electric_wheelchair,mobility chair,mobility chair.,0.2,0.2,4,0.5447,"[676.784912109375, 846.0170288085938, 890.2190551757812, 1041.61376953125]",1
frame_0049.png,extras,electric_wheelchair,powered mobility scooter,powered mobility scooter.,0.2,0.2,2,0.4287,"[671.9913940429688, 841.6212768554688, 895.869384765625, 1045.9139404296875]",1
frame_0049.png,extras,electric_scooter,electric scooter,electric scooter.,0.2,0.2,4,0.4704,"[1453.6204833984375, 792.5598754882812, 1753.3515625, 1069.9266357421875]",1
frame_0049.png,extras,electric_scooter,stand-up scooter,stand-up scooter.,0.2,0.2,2,0.447,"[670.3326416015625, 841.1446533203125, 897.1098022460938, 1047.779541015625]",1
frame_0049.png,extras,electric_scooter,kick scooter,kick scooter.,0.2,0.2,2,0.4964,"[1452.7431640625, 793.9413452148438, 1754.7596435546875, 1070.594970703125]",1
frame_0049.png,extras,electric_scooter,two-wheeled scooter,two-wheeled scooter.,0.2,0.2,2,0.5573,"[1447.9603271484375, 791.4137573242188, 1756.9525146484375, 1074.004150390625]",1
frame_0049.png,extras,electric_scooter,scooter,scooter.,0.2,0.2,2,0.3925,"[678.3155517578125, 847.689208984375, 889.2108154296875, 1039.6180419921875]",1
frame_0049.png,extras,electric_scooter,electric kick scooter,electric kick scooter.,0.2,0.2,3,0.4946,"[1450.5947265625, 792.3425903320312, 1755.7598876953125, 1071.917724609375]",1
frame_0049.png,extras,prohibition_sign,prohibition sign,prohibition sign.,0.2,0.2,3,0.411,"[1083.92626953125, 641.68505859375, 1346.47021484375, 817.3975219726562]",1
frame_0049.png,extras,prohibition_sign,no entry sign,no entry sign.,0.2,0.2,3,0.4266,"[1079.2874755859375, 638.072509765625, 1344.019775390625, 821.3824462890625]",1
frame_0049.png,extras,prohibition_sign,red prohibition sign,red prohibition sign.,0.2,0.2,3,0.4456,"[1081.316650390625, 642.97216796875, 1346.156494140625, 818.97900390625]",1
frame_0049.png,extras,prohibition_sign,do not enter sign,do not enter sign.,0.2,0.2,3,0.3509,"[1083.6861572265625, 644.431396484375, 1343.93798828125, 817.5441284179688]",1
frame_0049.png,extras,prohibition_sign,stop sign,stop sign.,0.2,0.2,0,0.0,,0
frame_0049.png,extras,prohibition_sign,red circular sign,red circular sign.,0.2,0.2,3,0.4042,"[47.58406066894531, 1030.431396484375, 173.60052490234375, 1155.6866455078125]",1
frame_0049.png,extras,prohibition_sign,warning sign,warning sign.,0.2,0.2,3,0.3333,"[1084.568359375, 641.8294677734375, 1343.839111328125, 816.68408203125]",1
frame_0049.png,extras,prohibition_sign,red sign on ground,red sign on ground.,0.2,0.2,3,0.5421,"[9.43227767944336, 947.0004272460938, 2871.3125, 1849.688720703125]",1
frame_0049.png,extras,pair_of_ramps,pair of ramps,pair of ramps.,0.18,0.18,7,0.4349,"[1043.5859375, 3.763134002685547, 2871.18115234375, 1193.538330078125]",1
frame_0049.png,extras,pair_of_ramps,loading ramps,loading ramps.,0.18,0.18,6,0.3245,"[1062.640625, 1.9917386770248413, 2875.951904296875, 1206.065185546875]",1
frame_0049.png,extras,pair_of_ramps,metal ramps on ground,metal ramps on ground.,0.18,0.18,3,0.4744,"[9.39056396484375, 958.0506591796875, 2870.764892578125, 1848.1304931640625]",1
frame_0049.png,extras,pair_of_ramps,vehicle loading ramp,vehicle loading ramp.,0.18,0.18,6,0.3203,"[1045.057373046875, 3.1101412773132324, 2874.782470703125, 1215.50732421875]",1
frame_0049.png,extras,pair_of_ramps,two metal ramps,two metal ramps.,0.18,0.18,3,0.4755,"[1034.8209228515625, 4.890460968017578, 2870.53173828125, 1207.212646484375]",1
frame_0049.png,extras,pair_of_ramps,ramp,ramp.,0.18,0.18,0,0.0,,0
frame_0049.png,extras,pair_of_ramps,aluminum ramp,aluminum ramp.,0.18,0.18,5,0.3438,"[2278.331787109375, 1670.536376953125, 2878.1689453125, 1854.041015625]",1
frame_0049.png,extras,pair_of_ramps,incline ramp,incline ramp.,0.18,0.18,0,0.0,,0
frame_0049.png,extras,trailer,trailer,trailer.,0.18,0.18,8,0.2546,"[1059.0284423828125, 1.628546118736267, 2876.507080078125, 1214.7626953125]",1
frame_0049.png,extras,trailer,cargo trailer,cargo trailer.,0.18,0.18,8,0.3576,"[1058.4498291015625, 2.5992214679718018, 2876.337158203125, 1207.5665283203125]",1
frame_0049.png,extras,trailer,vehicle trailer,vehicle trailer.,0.18,0.18,10,0.3659,"[1049.697265625, 1.4563179016113281, 2876.933837890625, 1215.219970703125]",1
frame_0049.png,extras,trailer,wheeled trailer,wheeled trailer.,0.18,0.18,8,0.2703,"[675.8587036132812, 846.3089599609375, 892.1464233398438, 1042.955810546875]",1
frame_0049.png,extras,trailer,small trailer,small trailer.,0.18,0.18,8,0.3461,"[1810.805419921875, 1047.32861328125, 1983.62890625, 1206.11962890625]",1
frame_0049.png,extras,trailer,utility trailer,utility trailer.,0.18,0.18,6,0.3198,"[1050.317626953125, 1.8236124515533447, 2875.93310546875, 1210.086669921875]",1
frame_0049.png,extras,trailer,open trailer,open trailer.,0.18,0.18,5,0.4193,"[1047.9593505859375, 3.5860276222229004, 2875.7197265625, 1208.701171875]",1
frame_0049.png,extras,trailer,covered trailer,covered trailer.,0.18,0.18,3,0.3907,"[1058.896728515625, 2.8701746463775635, 2876.466064453125, 1202.8154296875]",1
frame_0049.png,extras,trailer,container trailer,container trailer.,0.18,0.18,6,0.3469,"[1520.3270263671875, 677.0548706054688, 1682.2490234375, 925.484130859375]",1
frame_0050.png,production,trailer,ALL_GROUP,trailer. cargo trailer. vehicle trailer. wheeled trailer. flatbed trailer. black trailer. utility trailer.,0.2,0.2,9,0.2902,"[744.263916015625, 856.7372436523438, 942.1546020507812, 1037.985595703125]",1
frame_0050.png,production,electric utility vehicle+electric wheelchair+electric scooter+trolley,ALL_GROUP,electric utility vehicle. small electric cart. utility vehicle. golf cart. electric cart. small white utility vehicle. electric wheelchair. motorized wheelchair. power wheelchair. mobility scooter wheelchair. electric scooter. mobility scooter. stand-up scooter. kick scooter. scooter. trolley. hand cart. hand truck. luggage cart. flatbed cart. push cart. utility cart.,0.22,0.22,4,0.3481,"[742.3713989257812, 855.0023193359375, 943.66650390625, 1038.9556884765625]",1
frame_0050.png,production,pair of ramps,ALL_GROUP,pair of ramps. loading ramp. metal ramp. vehicle loading ramp. two metal ramps. aluminum ramp.,0.2,0.2,13,0.3984,"[1099.62548828125, 6.563796520233154, 2870.659423828125, 1276.5775146484375]",1
frame_0050.png,production,portable power station+basketball,ALL_GROUP,portable power station. large power bank. battery box. power generator box. portable battery. power station. basketball. orange basketball. sports ball. rubber ball.,0.22,0.22,0,0.0,,0
frame_0050.png,production,rectangular table+umbrella,ALL_GROUP,rectangular table. outdoor table. picnic table. long rectangular table. folding table. work table. umbrella. outdoor umbrella. parasol. patio umbrella. hand umbrella.,0.24,0.24,2,0.2774,"[1170.0391845703125, 887.8043823242188, 1344.9810791015625, 1020.4481201171875]",1
frame_0050.png,production,cardboard box,ALL_GROUP,cardboard box. brown cardboard box. cardboard package. shipping box.,0.26,0.26,4,0.4055,"[113.76981353759766, 1022.9586791992188, 276.5935974121094, 1151.9215087890625]",1
frame_0050.png,production,chair,ALL_GROUP,chair. folding chair. outdoor chair. plastic chair. armless chair.,0.3,0.3,1,0.3358,"[745.2705078125, 856.1853637695312, 940.3013916015625, 1037.164794921875]",1
frame_0050.png,production,traffic cone+prohibition sign,ALL_GROUP,traffic cone. road cone. safety cone. orange cone. construction cone. prohibition sign. no entry sign. red prohibition sign. do not enter sign. stop sign. red circular sign.,0.22,0.22,1,0.2819,"[1100.2696533203125, 663.4193115234375, 1347.1055908203125, 824.348876953125]",1
frame_0050.png,extras,basketball,basketball,basketball.,0.18,0.18,1,0.4327,"[264.2316589355469, 1028.0830078125, 358.6436462402344, 1124.30224609375]",1
frame_0050.png,extras,basketball,orange basketball,orange basketball.,0.18,0.18,1,0.2346,"[265.1440124511719, 1027.736328125, 359.0704345703125, 1124.4266357421875]",1
frame_0050.png,extras,basketball,round orange ball,round orange ball.,0.18,0.18,2,0.616,"[259.031982421875, 1022.0143432617188, 366.0589294433594, 1128.85595703125]",1
frame_0050.png,extras,basketball,rubber ball on ground,rubber ball on ground.,0.18,0.18,3,0.5349,"[9.804611206054688, 944.5607299804688, 2869.2099609375, 1849.0667724609375]",1
frame_0050.png,extras,basketball,sports ball,sports ball.,0.18,0.18,2,0.3807,"[263.7981262207031, 1027.796630859375, 359.9569091796875, 1124.5556640625]",1
frame_0050.png,extras,basketball,ball,ball.,0.18,0.18,2,0.2723,"[264.3988952636719, 1027.6297607421875, 360.8313903808594, 1124.8232421875]",1
frame_0050.png,extras,umbrella,umbrella,umbrella.,0.2,0.2,0,0.0,,0
frame_0050.png,extras,umbrella,outdoor umbrella,outdoor umbrella.,0.2,0.2,0,0.0,,0
frame_0050.png,extras,umbrella,patio umbrella,patio umbrella.,0.2,0.2,0,0.0,,0
frame_0050.png,extras,umbrella,open umbrella,open umbrella.,0.2,0.2,4,0.3105,"[1156.51806640625, 1653.5550537109375, 1688.86962890625, 1854.634765625]",1
frame_0050.png,extras,umbrella,parasol,parasol.,0.2,0.2,0,0.0,,0
frame_0050.png,extras,umbrella,shade umbrella,shade umbrella.,0.2,0.2,5,0.3214,"[1153.4564208984375, 0.9325379133224487, 2877.400634765625, 650.4710083007812]",1
frame_0050.png,extras,umbrella,folded umbrella,folded umbrella.,0.2,0.2,6,0.2975,"[518.9029541015625, 803.0341796875, 710.12744140625, 1068.5458984375]",1
frame_0050.png,extras,electric_wheelchair,electric wheelchair,electric wheelchair.,0.2,0.2,3,0.436,"[744.3850708007812, 857.9431762695312, 940.5108032226562, 1036.06591796875]",1
frame_0050.png,extras,electric_wheelchair,motorized wheelchair,motorized wheelchair.,0.2,0.2,2,0.5977,"[743.8699340820312, 856.4879760742188, 940.6865844726562, 1036.8148193359375]",1
frame_0050.png,extras,electric_wheelchair,power wheelchair,power wheelchair.,0.2,0.2,4,0.4543,"[744.3533325195312, 857.8040771484375, 940.376220703125, 1035.9061279296875]",1
frame_0050.png,extras,electric_wheelchair,wheelchair,wheelchair.,0.2,0.2,2,0.3199,"[745.527099609375, 859.5551147460938, 938.447021484375, 1034.0167236328125]",1
frame_0050.png,extras,electric_wheelchair,mobility chair,mobility chair.,0.2,0.2,5,0.4952,"[745.0308227539062, 856.761962890625, 939.869873046875, 1035.8360595703125]",1
frame_0050.png,extras,electric_wheelchair,powered mobility scooter,powered mobility scooter.,0.2,0.2,3,0.4997,"[741.4537353515625, 853.2762451171875, 944.6470947265625, 1039.3848876953125]",1
frame_0050.png,extras,electric_scooter,electric scooter,electric scooter.,0.2,0.2,4,0.4468,"[744.171142578125, 857.8914184570312, 941.0907592773438, 1036.02099609375]",1
frame_0050.png,extras,electric_scooter,stand-up scooter,stand-up scooter.,0.2,0.2,3,0.5313,"[739.8349609375, 852.3927612304688, 945.996826171875, 1041.2518310546875]",1
frame_0050.png,extras,electric_scooter,kick scooter,kick scooter.,0.2,0.2,3,0.3695,"[742.4330444335938, 856.3896484375, 942.4818725585938, 1037.7635498046875]",1
frame_0050.png,extras,electric_scooter,two-wheeled scooter,two-wheeled scooter.,0.2,0.2,3,0.5478,"[739.6422729492188, 852.8287353515625, 945.8163452148438, 1041.1837158203125]",1
frame_0050.png,extras,electric_scooter,scooter,scooter.,0.2,0.2,4,0.4157,"[745.9057006835938, 859.8223876953125, 938.6203002929688, 1033.646484375]",1
frame_0050.png,extras,electric_scooter,electric kick scooter,electric kick scooter.,0.2,0.2,4,0.4423,"[741.3560791015625, 855.13037109375, 943.7236938476562, 1039.186279296875]",1
frame_0050.png,extras,prohibition_sign,prohibition sign,prohibition sign.,0.2,0.2,3,0.381,"[1099.409912109375, 662.925537109375, 1346.482177734375, 825.1311645507812]",1
frame_0050.png,extras,prohibition_sign,no entry sign,no entry sign.,0.2,0.2,3,0.3947,"[1095.412353515625, 657.0517578125, 1352.887939453125, 829.3697509765625]",1
frame_0050.png,extras,prohibition_sign,red prohibition sign,red prohibition sign.,0.2,0.2,3,0.4255,"[1091.91943359375, 660.284912109375, 1350.92333984375, 827.3037109375]",1
frame_0050.png,extras,prohibition_sign,do not enter sign,do not enter sign.,0.2,0.2,3,0.351,"[1095.5338134765625, 660.4174194335938, 1349.3636474609375, 826.6602172851562]",1
frame_0050.png,extras,prohibition_sign,stop sign,stop sign.,0.2,0.2,0,0.0,,0
frame_0050.png,extras,prohibition_sign,red circular sign,red circular sign.,0.2,0.2,4,0.4393,"[1150.5008544921875, 1648.418212890625, 1696.347412109375, 1854.3043212890625]",1
frame_0050.png,extras,prohibition_sign,warning sign,warning sign.,0.2,0.2,3,0.3385,"[1105.866455078125, 663.0949096679688, 1343.447021484375, 823.33056640625]",1
frame_0050.png,extras,prohibition_sign,red sign on ground,red sign on ground.,0.2,0.2,4,0.5342,"[9.586858749389648, 948.705078125, 2870.5322265625, 1849.5760498046875]",1
frame_0050.png,extras,pair_of_ramps,pair of ramps,pair of ramps.,0.18,0.18,6,0.4492,"[1115.370849609375, 4.588576316833496, 2870.563720703125, 1273.988525390625]",1
frame_0050.png,extras,pair_of_ramps,loading ramps,loading ramps.,0.18,0.18,6,0.3706,"[2193.338623046875, 922.1890258789062, 2878.3125, 1276.9915771484375]",1
frame_0050.png,extras,pair_of_ramps,metal ramps on ground,metal ramps on ground.,0.18,0.18,5,0.4011,"[8.882532119750977, 952.3540649414062, 2869.7744140625, 1848.185791015625]",1
frame_0050.png,extras,pair_of_ramps,vehicle loading ramp,vehicle loading ramp.,0.18,0.18,5,0.3301,"[1121.5791015625, 3.7971138954162598, 2873.689697265625, 1274.829345703125]",1
frame_0050.png,extras,pair_of_ramps,two metal ramps,two metal ramps.,0.18,0.18,3,0.4987,"[1114.2396240234375, 6.8705034255981445, 2870.583740234375, 1276.885986328125]",1
frame_0050.png,extras,pair_of_ramps,ramp,ramp.,0.18,0.18,2,0.1926,"[2266.4736328125, 1672.5269775390625, 2878.553466796875, 1854.9432373046875]",1
frame_0050.png,extras,pair_of_ramps,aluminum ramp,aluminum ramp.,0.18,0.18,6,0.5235,"[2189.966552734375, 921.343017578125, 2877.78857421875, 1277.310791015625]",1
frame_0050.png,extras,pair_of_ramps,incline ramp,incline ramp.,0.18,0.18,0,0.0,,0
frame_0050.png,extras,trailer,trailer,trailer.,0.18,0.18,5,0.2467,"[1116.0443115234375, 1.8160182237625122, 2876.360595703125, 1275.8023681640625]",1
frame_0050.png,extras,trailer,cargo trailer,cargo trailer.,0.18,0.18,6,0.3802,"[1119.5523681640625, 1.6129696369171143, 2875.78955078125, 1274.98095703125]",1
frame_0050.png,extras,trailer,vehicle trailer,vehicle trailer.,0.18,0.18,9,0.3915,"[1107.511962890625, 2.3122482299804688, 2877.234619140625, 1275.5357666015625]",1
frame_0050.png,extras,trailer,wheeled trailer,wheeled trailer.,0.18,0.18,8,0.2811,"[1449.721923828125, 816.5214233398438, 1712.2965087890625, 1057.3431396484375]",1
frame_0050.png,extras,trailer,small trailer,small trailer.,0.18,0.18,5,0.243,"[1730.584716796875, 1030.1722412109375, 1861.5335693359375, 1148.4525146484375]",1
frame_0050.png,extras,trailer,utility trailer,utility trailer.,0.18,0.18,5,0.3645,"[1114.508544921875, 2.36856746673584, 2875.151611328125, 1275.3865966796875]",1
frame_0050.png,extras,trailer,open trailer,open trailer.,0.18,0.18,2,0.4698,"[1125.459228515625, 4.1222243309021, 2874.822265625, 1275.430908203125]",1
frame_0050.png,extras,trailer,covered trailer,covered trailer.,0.18,0.18,2,0.4299,"[1130.1383056640625, 1.809588074684143, 2875.916015625, 1275.267578125]",1
frame_0050.png,extras,trailer,container trailer,container trailer.,0.18,0.18,5,0.3097,"[1116.5048828125, 1.6312068700790405, 2875.81005859375, 1275.972900390625]",1
frame_0051.png,production,trailer,ALL_GROUP,trailer. cargo trailer. vehicle trailer. wheeled trailer. flatbed trailer. black trailer. utility trailer.,0.2,0.2,8,0.3251,"[1451.6729736328125, 892.3147583007812, 1720.624755859375, 1061.3607177734375]",1
frame_0051.png,production,electric utility vehicle+electric wheelchair+electric scooter+trolley,ALL_GROUP,electric utility vehicle. small electric cart. utility vehicle. golf cart. electric cart. small white utility vehicle. electric wheelchair. motorized wheelchair. power wheelchair. mobility scooter wheelchair. electric scooter. mobility scooter. stand-up scooter. kick scooter. scooter. trolley. hand cart. hand truck. luggage cart. flatbed cart. push cart. utility cart.,0.22,0.22,6,0.3639,"[729.3419799804688, 856.4987182617188, 934.1672973632812, 1042.15771484375]",1
frame_0051.png,production,pair of ramps,ALL_GROUP,pair of ramps. loading ramp. metal ramp. vehicle loading ramp. two metal ramps. aluminum ramp.,0.2,0.2,11,0.3842,"[1095.689453125, 6.683807373046875, 2872.806396484375, 1293.3477783203125]",1
frame_0051.png,production,portable power station+basketball,ALL_GROUP,portable power station. large power bank. battery box. power generator box. portable battery. power station. basketball. orange basketball. sports ball. rubber ball.,0.22,0.22,0,0.0,,0
frame_0051.png,production,rectangular table+umbrella,ALL_GROUP,rectangular table. outdoor table. picnic table. long rectangular table. folding table. work table. umbrella. outdoor umbrella. parasol. patio umbrella. hand umbrella.,0.24,0.24,2,0.3087,"[1164.8563232421875, 887.6427001953125, 1341.688720703125, 1023.865234375]",1
frame_0051.png,production,cardboard box,ALL_GROUP,cardboard box. brown cardboard box. cardboard package. shipping box.,0.26,0.26,3,0.4157,"[72.8973617553711, 1023.3131103515625, 240.9650421142578, 1159.5364990234375]",1
frame_0051.png,production,chair,ALL_GROUP,chair. folding chair. outdoor chair. plastic chair. armless chair.,0.3,0.3,0,0.0,,0
frame_0051.png,production,traffic cone+prohibition sign,ALL_GROUP,traffic cone. road cone. safety cone. orange cone. construction cone. prohibition sign. no entry sign. red prohibition sign. do not enter sign. stop sign. red circular sign.,0.22,0.22,1,0.3083,"[1114.654052734375, 655.7889404296875, 1344.4462890625, 827.2179565429688]",1
frame_0051.png,extras,basketball,basketball,basketball.,0.18,0.18,1,0.3839,"[228.76966857910156, 1032.7852783203125, 317.8503723144531, 1130.309326171875]",1
frame_0051.png,extras,basketball,orange basketball,orange basketball.,0.18,0.18,1,0.2137,"[229.6166229248047, 1032.7520751953125, 318.4277648925781, 1129.6513671875]",1
frame_0051.png,extras,basketball,round orange ball,round orange ball.,0.18,0.18,2,0.5129,"[1155.060791015625, 1652.32080078125, 1672.48974609375, 1855.5743408203125]",1
frame_0051.png,extras,basketball,rubber ball on ground,rubber ball on ground.,0.18,0.18,8,0.5281,"[9.740409851074219, 948.9800415039062, 2869.1884765625, 1848.679443359375]",1
frame_0051.png,extras,basketball,sports ball,sports ball.,0.18,0.18,3,0.3504,"[228.3371124267578, 1032.61181640625, 318.0737609863281, 1130.5810546875]",1
frame_0051.png,extras,basketball,ball,ball.,0.18,0.18,2,0.2583,"[1158.17138671875, 1659.0140380859375, 1669.6534423828125, 1857.1131591796875]",1
frame_0051.png,extras,umbrella,umbrella,umbrella.,0.2,0.2,3,0.2405,"[594.2305908203125, 805.8442993164062, 695.1651000976562, 1069.10791015625]",1
frame_0051.png,extras,umbrella,outdoor umbrella,outdoor umbrella.,0.2,0.2,4,0.2952,"[499.06201171875, 799.8601684570312, 696.2297973632812, 1073.76123046875]",1
frame_0051.png,extras,umbrella,patio umbrella,patio umbrella.,0.2,0.2,2,0.263,"[498.7675476074219, 799.34521484375, 695.5335083007812, 1073.6141357421875]",1
frame_0051.png,extras,umbrella,open umbrella,open umbrella.,0.2,0.2,7,0.356,"[497.7957763671875, 797.6946411132812, 698.3541870117188, 1074.943359375]",1
frame_0051.png,extras,umbrella,parasol,parasol.,0.2,0.2,1,0.2084,"[1114.2724609375, 1.4262735843658447, 2876.96533203125, 1290.2550048828125]",1
frame_0051.png,extras,umbrella,shade umbrella,shade umbrella.,0.2,0.2,5,0.3064,"[1153.00341796875, 1.199389100074768, 2875.334228515625, 643.6619873046875]",1
frame_0051.png,extras,umbrella,folded umbrella,folded umbrella.,0.2,0.2,4,0.3832,"[499.98980712890625, 802.6326293945312, 696.151123046875, 1073.849609375]",1
frame_0051.png,extras,electric_wheelchair,electric wheelchair,electric wheelchair.,0.2,0.2,4,0.436,"[732.0448608398438, 859.0643310546875, 931.1343383789062, 1039.4970703125]",1
frame_0051.png,extras,electric_wheelchair,motorized wheelchair,motorized wheelchair.,0.2,0.2,3,0.5703,"[731.2506713867188, 858.1463012695312, 931.4119873046875, 1040.284912109375]",1
frame_0051.png,extras,electric_wheelchair,power wheelchair,power wheelchair.,0.2,0.2,5,0.4693,"[732.3399047851562, 858.763427734375, 930.321044921875, 1039.247314453125]",1
frame_0051.png,extras,electric_wheelchair,wheelchair,wheelchair.,0.2,0.2,3,0.2925,"[1452.5692138671875, 813.053955078125, 1717.302001953125, 1058.2183837890625]",1
frame_0051.png,extras,electric_wheelchair,mobility chair,mobility chair.,0.2,0.2,8,0.4714,"[732.8280029296875, 858.7950439453125, 930.319091796875, 1038.92822265625]",1
frame_0051.png,extras,electric_wheelchair,powered mobility scooter,powered mobility scooter.,0.2,0.2,3,0.4404,"[728.7993774414062, 855.4711303710938, 935.4577026367188, 1042.977783203125]",1
frame_0051.png,extras,electric_scooter,electric scooter,electric scooter.,0.2,0.2,3,0.4149,"[732.0220336914062, 859.1367797851562, 932.1290893554688, 1040.2908935546875]",1
frame_0051.png,extras,electric_scooter,stand-up scooter,stand-up scooter.,0.2,0.2,4,0.4553,"[727.2575073242188, 854.989013671875, 936.3922119140625, 1044.9246826171875]",1
frame_0051.png,extras,electric_scooter,kick scooter,kick scooter.,0.2,0.2,4,0.3823,"[730.2485961914062, 858.5429077148438, 933.7135009765625, 1041.284423828125]",1
frame_0051.png,extras,electric_scooter,two-wheeled scooter,two-wheeled scooter.,0.2,0.2,3,0.4835,"[726.6917724609375, 855.3175048828125, 936.89404296875, 1044.85595703125]",1
frame_0051.png,extras,electric_scooter,scooter,scooter.,0.2,0.2,3,0.3556,"[734.1928100585938, 860.5860595703125, 929.4308471679688, 1036.92822265625]",1
frame_0051.png,extras,electric_scooter,electric kick scooter,electric kick scooter.,0.2,0.2,3,0.444,"[494.90008544921875, 801.2463989257812, 683.763671875, 1075.8662109375]",1
frame_0051.png,extras,prohibition_sign,prohibition sign,prohibition sign.,0.2,0.2,3,0.4149,"[1114.714111328125, 651.1430053710938, 1344.66845703125, 830.27197265625]",1
frame_0051.png,extras,prohibition_sign,no entry sign,no entry sign.,0.2,0.2,4,0.4471,"[1111.2933349609375, 649.1976928710938, 1349.062744140625, 831.9369506835938]",1
frame_0051.png,extras,prohibition_sign,red prohibition sign,red prohibition sign.,0.2,0.2,2,0.4357,"[1108.571044921875, 653.1633911132812, 1346.466552734375, 831.2246704101562]",1
frame_0051.png,extras,prohibition_sign,do not enter sign,do not enter sign.,0.2,0.2,3,0.3891,"[1098.103515625, 649.537109375, 1349.131591796875, 830.55859375]",1
frame_0051.png,extras,prohibition_sign,stop sign,stop sign.,0.2,0.2,0,0.0,,0
frame_0051.png,extras,prohibition_sign,red circular sign,red circular sign.,0.2,0.2,2,0.4747,"[1150.84033203125, 1647.8765869140625, 1681.901611328125, 1853.829833984375]",1
frame_0051.png,extras,prohibition_sign,warning sign,warning sign.,0.2,0.2,3,0.3725,"[1116.778564453125, 650.1141967773438, 1344.2421875, 828.7156982421875]",1
frame_0051.png,extras,prohibition_sign,red sign on ground,red sign on ground.,0.2,0.2,5,0.5582,"[9.787874221801758, 954.7467651367188, 2869.981201171875, 1849.036865234375]",1
frame_0051.png,extras,pair_of_ramps,pair of ramps,pair of ramps.,0.18,0.18,4,0.5057,"[1107.140380859375, 5.202045917510986, 2871.965576171875, 1290.3096923828125]",1
frame_0051.png,extras,pair_of_ramps,loading ramps,loading ramps.,0.18,0.18,5,0.3971,"[1126.818603515625, 1.8764948844909668, 2877.01513671875, 1290.8570556640625]",1
frame_0051.png,extras,pair_of_ramps,metal ramps on ground,metal ramps on ground.,0.18,0.18,5,0.3889,"[8.968877792358398, 955.3067626953125, 2869.616455078125, 1848.08154296875]",1
frame_0051.png,extras,pair_of_ramps,vehicle loading ramp,vehicle loading ramp.,0.18,0.18,5,0.3984,"[1117.8294677734375, 4.516237258911133, 2875.38232421875, 1293.5408935546875]",1
frame_0051.png,extras,pair_of_ramps,two metal ramps,two metal ramps.,0.18,0.18,2,0.5591,"[1102.9117431640625, 7.1075873374938965, 2871.9951171875, 1292.326904296875]",1
frame_0051.png,extras,pair_of_ramps,ramp,ramp.,0.18,0.18,1,0.2311,"[1113.10888671875, 3.223167657852173, 2877.806640625, 1290.5521240234375]",1
frame_0051.png,extras,pair_of_ramps,aluminum ramp,aluminum ramp.,0.18,0.18,4,0.4374,"[2231.88330078125, 922.2446899414062, 2878.310791015625, 1294.4984130859375]",1
frame_0051.png,extras,pair_of_ramps,incline ramp,incline ramp.,0.18,0.18,0,0.0,,0
frame_0051.png,extras,trailer,trailer,trailer.,0.18,0.18,5,0.3106,"[1114.6259765625, 2.331150770187378, 2877.5166015625, 1292.2960205078125]",1
frame_0051.png,extras,trailer,cargo trailer,cargo trailer.,0.18,0.18,3,0.5101,"[1114.6961669921875, 2.3240554332733154, 2877.257568359375, 1292.2947998046875]",1
frame_0051.png,extras,trailer,vehicle trailer,vehicle trailer.,0.18,0.18,10,0.4809,"[1106.7490234375, 2.189687490463257, 2877.61767578125, 1293.336669921875]",1
frame_0051.png,extras,trailer,wheeled trailer,wheeled trailer.,0.18,0.18,6,0.3437,"[1112.6185302734375, 3.810140609741211, 2876.342529296875, 1292.981689453125]",1
frame_0051.png,extras,trailer,small trailer,small trailer.,0.18,0.18,4,0.3259,"[1164.466552734375, 887.4678344726562, 1343.8206787109375, 1025.5316162109375]",1
frame_0051.png,extras,trailer,utility trailer,utility trailer.,0.18,0.18,3,0.4851,"[1111.39501953125, 2.3681795597076416, 2876.987060546875, 1292.275146484375]",1
frame_0051.png,extras,trailer,open trailer,open trailer.,0.18,0.18,1,0.6385,"[1118.8642578125, 3.9977235794067383, 2876.503662109375, 1293.8504638671875]",1
frame_0051.png,extras,trailer,covered trailer,covered trailer.,0.18,0.18,1,0.6562,"[1124.6895751953125, 1.953379511833191, 2876.96875, 1293.0262451171875]",1
frame_0051.png,extras,trailer,container trailer,container trailer.,0.18,0.18,4,0.3504,"[1114.45849609375, 2.646228075027466, 2877.015625, 1292.3177490234375]",1
frame_0052.png,production,trailer,ALL_GROUP,trailer. cargo trailer. vehicle trailer. wheeled trailer. flatbed trailer. black trailer. utility trailer.,0.2,0.2,6,0.3147,"[606.5400390625, 839.780517578125, 839.0416870117188, 1054.5914306640625]",1
frame_0052.png,production,electric utility vehicle+electric wheelchair+electric scooter+trolley,ALL_GROUP,electric utility vehicle. small electric cart. utility vehicle. golf cart. electric cart. small white utility vehicle. electric wheelchair. motorized wheelchair. power wheelchair. mobility scooter wheelchair. electric scooter. mobility scooter. stand-up scooter. kick scooter. scooter. trolley. hand cart. hand truck. luggage cart. flatbed cart. push cart. utility cart.,0.22,0.22,6,0.4004,"[603.1989135742188, 837.4346923828125, 841.006103515625, 1056.0537109375]",1
frame_0052.png,production,pair of ramps,ALL_GROUP,pair of ramps. loading ramp. metal ramp. vehicle loading ramp. two metal ramps. aluminum ramp.,0.2,0.2,7,0.3273,"[1448.521484375, 657.4175415039062, 1789.047119140625, 1089.470703125]",1
frame_0052.png,production,portable power station+basketball,ALL_GROUP,portable power station. large power bank. battery box. power generator box. portable battery. power station. basketball. orange basketball. sports ball. rubber ball.,0.22,0.22,0,0.0,,0
frame_0052.png,production,rectangular table+umbrella,ALL_GROUP,rectangular table. outdoor table. picnic table. long rectangular table. folding table. work table. umbrella. outdoor umbrella. parasol. patio umbrella. hand umbrella.,0.24,0.24,0,0.0,,0
frame_0052.png,production,cardboard box,ALL_GROUP,cardboard box. brown cardboard box. cardboard package. shipping box.,0.26,0.26,0,0.0,,0
frame_0052.png,production,chair,ALL_GROUP,chair. folding chair. outdoor chair. plastic chair. armless chair.,0.3,0.3,1,0.3448,"[607.5919189453125, 839.921875, 838.3497924804688, 1053.0189208984375]",1
frame_0052.png,production,traffic cone+prohibition sign,ALL_GROUP,traffic cone. road cone. safety cone. orange cone. construction cone. prohibition sign. no entry sign. red prohibition sign. do not enter sign. stop sign. red circular sign.,0.22,0.22,1,0.2648,"[1043.5067138671875, 621.336669921875, 1344.41796875, 812.4657592773438]",1
frame_0052.png,extras,basketball,basketball,basketball.,0.18,0.18,0,0.0,,0
frame_0052.png,extras,basketball,orange basketball,orange basketball.,0.18,0.18,0,0.0,,0
frame_0052.png,extras,basketball,round orange ball,round orange ball.,0.18,0.18,2,0.4173,"[1155.5299072265625, 1650.8453369140625, 1670.4189453125, 1856.31103515625]",1
frame_0052.png,extras,basketball,rubber ball on ground,rubber ball on ground.,0.18,0.18,6,0.5551,"[9.830703735351562, 950.4181518554688, 2870.06298828125, 1848.290283203125]",1
frame_0052.png,extras,basketball,sports ball,sports ball.,0.18,0.18,0,0.0,,0
frame_0052.png,extras,basketball,ball,ball.,0.18,0.18,0,0.0,,0
frame_0052.png,extras,umbrella,umbrella,umbrella.,0.2,0.2,0,0.0,,0
frame_0052.png,extras,umbrella,outdoor umbrella,outdoor umbrella.,0.2,0.2,0,0.0,,0
frame_0052.png,extras,umbrella,patio umbrella,patio umbrella.,0.2,0.2,0,0.0,,0
frame_0052.png,extras,umbrella,open umbrella,open umbrella.,0.2,0.2,3,0.2544,"[1158.0657958984375, 1653.1453857421875, 1668.6947021484375, 1854.3775634765625]",1
frame_0052.png,extras,umbrella,parasol,parasol.,0.2,0.2,0,0.0,,0
frame_0052.png,extras,umbrella,shade umbrella,shade umbrella.,0.2,0.2,4,0.2704,"[1060.8287353515625, 2.087026834487915, 2873.076416015625, 936.6198120117188]",1
frame_0052.png,extras,umbrella,folded umbrella,folded umbrella.,0.2,0.2,5,0.314,"[300.70904541015625, 766.6644897460938, 534.468017578125, 1102.087646484375]",1
frame_0052.png,extras,electric_wheelchair,electric wheelchair,electric wheelchair.,0.2,0.2,6,0.4445,"[607.3917846679688, 841.32275390625, 837.9360961914062, 1052.7777099609375]",1
frame_0052.png,extras,electric_wheelchair,motorized wheelchair,motorized wheelchair.,0.2,0.2,4,0.4849,"[606.071044921875, 840.30615234375, 838.833251953125, 1053.25146484375]",1
frame_0052.png,extras,electric_wheelchair,power wheelchair,power wheelchair.,0.2,0.2,6,0.4364,"[607.9315185546875, 841.4398803710938, 837.3546752929688, 1052.176513671875]",1
frame_0052.png,extras,electric_wheelchair,wheelchair,wheelchair.,0.2,0.2,2,0.3037,"[1452.554443359375, 664.986083984375, 1785.20263671875, 1084.7325439453125]",1
frame_0052.png,extras,electric_wheelchair,mobility chair,mobility chair.,0.2,0.2,5,0.4903,"[607.8341064453125, 840.369140625, 837.769775390625, 1051.9263916015625]",1
frame_0052.png,extras,electric_wheelchair,powered mobility scooter,powered mobility scooter.,0.2,0.2,4,0.3647,"[602.3753051757812, 836.156005859375, 842.8191528320312, 1055.9520263671875]",1
frame_0052.png,extras,electric_scooter,electric scooter,electric scooter.,0.2,0.2,5,0.3485,"[606.602294921875, 840.739013671875, 839.0918579101562, 1053.62353515625]",1
frame_0052.png,extras,electric_scooter,stand-up scooter,stand-up scooter.,0.2,0.2,4,0.3485,"[600.8453979492188, 836.0901489257812, 843.5477905273438, 1057.64306640625]",1
frame_0052.png,extras,electric_scooter,kick scooter,kick scooter.,0.2,0.2,5,0.3456,"[604.846923828125, 840.158935546875, 840.0238037109375, 1054.4935302734375]",1
frame_0052.png,extras,electric_scooter,two-wheeled scooter,two-wheeled scooter.,0.2,0.2,4,0.4413,"[1446.2589111328125, 772.9391479492188, 1791.5224609375, 1090.9825439453125]",1
frame_0052.png,extras,electric_scooter,scooter,scooter.,0.2,0.2,2,0.3106,"[1452.472412109375, 665.0647583007812, 1785.42919921875, 1084.323486328125]",1
frame_0052.png,extras,electric_scooter,electric kick scooter,electric kick scooter.,0.2,0.2,5,0.3731,"[602.8372192382812, 838.9278564453125, 841.2672729492188, 1055.74755859375]",1
frame_0052.png,extras,prohibition_sign,prohibition sign,prohibition sign.,0.2,0.2,2,0.4477,"[1038.171875, 463.59466552734375, 1371.1624755859375, 1018.5013427734375]",1
frame_0052.png,extras,prohibition_sign,no entry sign,no entry sign.,0.2,0.2,4,0.3922,"[1039.7359619140625, 617.5455322265625, 1344.606689453125, 813.9646606445312]",1
frame_0052.png,extras,prohibition_sign,red prohibition sign,red prohibition sign.,0.2,0.2,3,0.3955,"[1040.85498046875, 618.1507568359375, 1348.9796142578125, 813.6370239257812]",1
frame_0052.png,extras,prohibition_sign,do not enter sign,do not enter sign.,0.2,0.2,2,0.3629,"[1041.5584716796875, 616.1828002929688, 1349.1806640625, 813.9103393554688]",1
frame_0052.png,extras,prohibition_sign,stop sign,stop sign.,0.2,0.2,0,0.0,,0
frame_0052.png,extras,prohibition_sign,red circular sign,red circular sign.,0.2,0.2,4,0.4388,"[1149.634765625, 1646.20556640625, 1690.1820068359375, 1854.4195556640625]",1
frame_0052.png,extras,prohibition_sign,warning sign,warning sign.,0.2,0.2,2,0.4217,"[1039.0859375, 464.4075622558594, 1370.653564453125, 1012.1132202148438]",1
frame_0052.png,extras,prohibition_sign,red sign on ground,red sign on ground.,0.2,0.2,3,0.5586,"[9.284048080444336, 949.684326171875, 2871.09423828125, 1849.3575439453125]",1
frame_0052.png,extras,pair_of_ramps,pair of ramps,pair of ramps.,0.18,0.18,5,0.3651,"[1040.52978515625, 3.1268815994262695, 2871.261474609375, 1153.147216796875]",1
frame_0052.png,extras,pair_of_ramps,loading ramps,loading ramps.,0.18,0.18,3,0.3239,"[1039.6932373046875, 461.6476135253906, 1425.822021484375, 981.7014770507812]",1
frame_0052.png,extras,pair_of_ramps,metal ramps on ground,metal ramps on ground.,0.18,0.18,4,0.4824,"[9.147319793701172, 954.77001953125, 2870.4775390625, 1847.942626953125]",1
frame_0052.png,extras,pair_of_ramps,vehicle loading ramp,vehicle loading ramp.,0.18,0.18,5,0.3558,"[1450.12646484375, 659.7470092773438, 1786.9573974609375, 1088.91064453125]",1
frame_0052.png,extras,pair_of_ramps,two metal ramps,two metal ramps.,0.18,0.18,4,0.3443,"[899.879638671875, 2.5283236503601074, 2870.46240234375, 1298.450927734375]",1
frame_0052.png,extras,pair_of_ramps,ramp,ramp.,0.18,0.18,0,0.0,,0
frame_0052.png,extras,pair_of_ramps,aluminum ramp,aluminum ramp.,0.18,0.18,7,0.3153,"[2273.687255859375, 1669.2762451171875, 2877.9970703125, 1853.8809814453125]",1
frame_0052.png,extras,pair_of_ramps,incline ramp,incline ramp.,0.18,0.18,0,0.0,,0
frame_0052.png,extras,trailer,trailer,trailer.,0.18,0.18,4,0.3122,"[1453.077392578125, 662.611083984375, 1784.8380126953125, 1085.044921875]",1
frame_0052.png,extras,trailer,cargo trailer,cargo trailer.,0.18,0.18,4,0.3863,"[1052.1630859375, 1.2379145622253418, 2876.504638671875, 1173.5872802734375]",1
frame_0052.png,extras,trailer,vehicle trailer,vehicle trailer.,0.18,0.18,8,0.3988,"[1451.6644287109375, 661.1773681640625, 1784.35888671875, 1086.3096923828125]",1
frame_0052.png,extras,trailer,wheeled trailer,wheeled trailer.,0.18,0.18,4,0.3801,"[1450.662109375, 662.3463745117188, 1785.8631591796875, 1087.0712890625]",1
frame_0052.png,extras,trailer,small trailer,small trailer.,0.18,0.18,3,0.3701,"[1907.006103515625, 1077.8885498046875, 2136.7529296875, 1279.31494140625]",1
frame_0052.png,extras,trailer,utility trailer,utility trailer.,0.18,0.18,3,0.4206,"[1037.5556640625, 461.78253173828125, 1380.1607666015625, 1004.7225341796875]",1
frame_0052.png,extras,trailer,open trailer,open trailer.,0.18,0.18,4,0.4269,"[1050.1890869140625, 2.7348642349243164, 2874.861083984375, 1152.446533203125]",1
frame_0052.png,extras,trailer,covered trailer,covered trailer.,0.18,0.18,3,0.4918,"[1053.487060546875, 1.1600321531295776, 2877.0966796875, 1138.1146240234375]",1
frame_0052.png,extras,trailer,container trailer,container trailer.,0.18,0.18,6,0.4158,"[1039.3231201171875, 463.8655090332031, 1378.946044921875, 991.2235717773438]",1
frame_0053.png,production,trailer,ALL_GROUP,trailer. cargo trailer. vehicle trailer. wheeled trailer. flatbed trailer. black trailer. utility trailer.,0.2,0.2,7,0.3252,"[1433.196533203125, 645.3712158203125, 1819.677734375, 1113.3011474609375]",1
frame_0053.png,production,electric utility vehicle+electric wheelchair+electric scooter+trolley,ALL_GROUP,electric utility vehicle. small electric cart. utility vehicle. golf cart. electric cart. small white utility vehicle. electric wheelchair. motorized wheelchair. power wheelchair. mobility scooter wheelchair. electric scooter. mobility scooter. stand-up scooter. kick scooter. scooter. trolley. hand cart. hand truck. luggage cart. flatbed cart. push cart. utility cart.,0.22,0.22,9,0.347,"[488.05059814453125, 825.4002075195312, 753.7299194335938, 1070.509033203125]",1
frame_0053.png,production,pair of ramps,ALL_GROUP,pair of ramps. loading ramp. metal ramp. vehicle loading ramp. two metal ramps. aluminum ramp.,0.2,0.2,7,0.3184,"[1429.066650390625, 640.4354248046875, 1823.0115966796875, 1114.03125]",1
frame_0053.png,production,portable power station+basketball,ALL_GROUP,portable power station. large power bank. battery box. power generator box. portable battery. power station. basketball. orange basketball. sports ball. rubber ball.,0.22,0.22,1,0.2853,"[2066.254150390625, 1128.4892578125, 2405.51806640625, 1425.8448486328125]",1
frame_0053.png,production,rectangular table+umbrella,ALL_GROUP,rectangular table. outdoor table. picnic table. long rectangular table. folding table. work table. umbrella. outdoor umbrella. parasol. patio umbrella. hand umbrella.,0.24,0.24,2,0.2662,"[1059.4078369140625, 869.4218139648438, 1283.45068359375, 1047.7337646484375]",1
frame_0053.png,production,cardboard box,ALL_GROUP,cardboard box. brown cardboard box. cardboard package. shipping box.,0.26,0.26,1,0.3041,"[2213.263671875, 647.7037353515625, 2519.8291015625, 869.8085327148438]",1
frame_0053.png,production,chair,ALL_GROUP,chair. folding chair. outdoor chair. plastic chair. armless chair.,0.3,0.3,1,0.3115,"[493.7962341308594, 829.4768676757812, 749.8497924804688, 1066.505859375]",1
frame_0053.png,production,traffic cone+prohibition sign,ALL_GROUP,traffic cone. road cone. safety cone. orange cone. construction cone. prohibition sign. no entry sign. red prohibition sign. do not enter sign. stop sign. red circular sign.,0.22,0.22,0,0.0,,0
frame_0053.png,extras,basketball,basketball,basketball.,0.18,0.18,0,0.0,,0
frame_0053.png,extras,basketball,orange basketball,orange basketball.,0.18,0.18,0,0.0,,0
frame_0053.png,extras,basketball,round orange ball,round orange ball.,0.18,0.18,2,0.6554,"[1151.9912109375, 1647.3515625, 1675.3760986328125, 1855.05224609375]",1
frame_0053.png,extras,basketball,rubber ball on ground,rubber ball on ground.,0.18,0.18,7,0.4851,"[9.625482559204102, 956.470458984375, 2869.658447265625, 1849.02001953125]",1
frame_0053.png,extras,basketball,sports ball,sports ball.,0.18,0.18,2,0.3434,"[1149.8798828125, 1656.8602294921875, 1675.86474609375, 1857.288818359375]",1
frame_0053.png,extras,basketball,ball,ball.,0.18,0.18,1,0.2007,"[1150.972900390625, 1656.2080078125, 1681.55078125, 1856.9219970703125]",1
frame_0053.png,extras,umbrella,umbrella,umbrella.,0.2,0.2,0,0.0,,0
frame_0053.png,extras,umbrella,outdoor umbrella,outdoor umbrella.,0.2,0.2,0,0.0,,0
frame_0053.png,extras,umbrella,patio umbrella,patio umbrella.,0.2,0.2,0,0.0,,0
frame_0053.png,extras,umbrella,open umbrella,open umbrella.,0.2,0.2,4,0.2866,"[1156.5133056640625, 1651.7786865234375, 1680.0123291015625, 1854.7625732421875]",1
frame_0053.png,extras,umbrella,parasol,parasol.,0.2,0.2,0,0.0,,0
frame_0053.png,extras,umbrella,shade umbrella,shade umbrella.,0.2,0.2,2,0.2316,"[1043.7239990234375, 1.6929030418395996, 2873.0859375, 562.6149291992188]",1
frame_0053.png,extras,umbrella,folded umbrella,folded umbrella.,0.2,0.2,7,0.3506,"[2068.73828125, 1129.9666748046875, 2403.30224609375, 1425.0306396484375]",1
frame_0053.png,extras,electric_wheelchair,electric wheelchair,electric wheelchair.,0.2,0.2,6,0.374,"[493.98199462890625, 829.4891357421875, 751.3729858398438, 1066.6651611328125]",1
frame_0053.png,extras,electric_wheelchair,motorized wheelchair,motorized wheelchair.,0.2,0.2,4,0.432,"[492.51593017578125, 828.9405517578125, 751.1316528320312, 1067.3536376953125]",1
frame_0053.png,extras,electric_wheelchair,power wheelchair,power wheelchair.,0.2,0.2,5,0.4546,"[2066.62109375, 1129.5723876953125, 2403.85693359375, 1425.39013671875]",1
frame_0053.png,extras,electric_wheelchair,wheelchair,wheelchair.,0.2,0.2,2,0.3074,"[495.6673889160156, 830.349853515625, 748.9244384765625, 1063.958251953125]",1
frame_0053.png,extras,electric_wheelchair,mobility chair,mobility chair.,0.2,0.2,3,0.4689,"[493.9861755371094, 829.1612548828125, 750.2049560546875, 1065.3157958984375]",1
frame_0053.png,extras,electric_wheelchair,powered mobility scooter,powered mobility scooter.,0.2,0.2,3,0.3926,"[1430.8687744140625, 748.7674560546875, 1822.4239501953125, 1113.2689208984375]",1
frame_0053.png,extras,electric_scooter,electric scooter,electric scooter.,0.2,0.2,5,0.3695,"[491.69775390625, 829.2340087890625, 752.09375, 1067.833740234375]",1
frame_0053.png,extras,electric_scooter,stand-up scooter,stand-up scooter.,0.2,0.2,4,0.3715,"[485.2413024902344, 824.8339233398438, 756.9375610351562, 1071.4166259765625]",1
frame_0053.png,extras,electric_scooter,kick scooter,kick scooter.,0.2,0.2,4,0.4087,"[1432.50927734375, 752.1128540039062, 1821.8736572265625, 1111.7425537109375]",1
frame_0053.png,extras,electric_scooter,two-wheeled scooter,two-wheeled scooter.,0.2,0.2,3,0.4483,"[1427.295166015625, 743.3125610351562, 1824.585205078125, 1116.26513671875]",1
frame_0053.png,extras,electric_scooter,scooter,scooter.,0.2,0.2,3,0.287,"[494.3494873046875, 830.28857421875, 750.1475219726562, 1065.5484619140625]",1
frame_0053.png,extras,electric_scooter,electric kick scooter,electric kick scooter.,0.2,0.2,6,0.3475,"[488.2784729003906, 827.6256103515625, 754.6045532226562, 1069.8302001953125]",1
frame_0053.png,extras,prohibition_sign,prohibition sign,prohibition sign.,0.2,0.2,2,0.587,"[993.1743774414062, 439.72491455078125, 1353.3914794921875, 979.6777954101562]",1
frame_0053.png,extras,prohibition_sign,no entry sign,no entry sign.,0.2,0.2,3,0.511,"[982.6798706054688, 437.6080322265625, 1350.3603515625, 1016.145263671875]",1
frame_0053.png,extras,prohibition_sign,red prohibition sign,red prohibition sign.,0.2,0.2,3,0.5067,"[988.8737182617188, 439.46710205078125, 1358.175048828125, 983.4057006835938]",1
frame_0053.png,extras,prohibition_sign,do not enter sign,do not enter sign.,0.2,0.2,3,0.3849,"[986.9921264648438, 435.897705078125, 1359.624755859375, 997.554931640625]",1
frame_0053.png,extras,prohibition_sign,stop sign,stop sign.,0.2,0.2,0,0.0,,0
frame_0053.png,extras,prohibition_sign,red circular sign,red circular sign.,0.2,0.2,3,0.493,"[1146.68115234375, 1644.595703125, 1697.3111572265625, 1853.7662353515625]",1
frame_0053.png,extras,prohibition_sign,warning sign,warning sign.,0.2,0.2,1,0.5687,"[993.583251953125, 439.4614562988281, 1353.7755126953125, 987.2683715820312]",1
frame_0053.png,extras,prohibition_sign,red sign on ground,red sign on ground.,0.2,0.2,4,0.5199,"[9.678182601928711, 951.4205932617188, 2870.4931640625, 1849.5574951171875]",1
frame_0053.png,extras,pair_of_ramps,pair of ramps,pair of ramps.,0.18,0.18,7,0.357,"[1029.005126953125, 2.628268003463745, 2870.625244140625, 1193.8193359375]",1
frame_0053.png,extras,pair_of_ramps,loading ramps,loading ramps.,0.18,0.18,6,0.2753,"[1732.3712158203125, 778.8197021484375, 2874.89404296875, 1125.5843505859375]",1
frame_0053.png,extras,pair_of_ramps,metal ramps on ground,metal ramps on ground.,0.18,0.18,4,0.4681,"[9.256153106689453, 957.9075317382812, 2869.97705078125, 1848.429443359375]",1
frame_0053.png,extras,pair_of_ramps,vehicle loading ramp,vehicle loading ramp.,0.18,0.18,7,0.3578,"[1431.1236572265625, 642.681884765625, 1821.6114501953125, 1113.80908203125]",1
frame_0053.png,extras,pair_of_ramps,two metal ramps,two metal ramps.,0.18,0.18,5,0.3521,"[1034.9154052734375, 5.101214408874512, 2866.70458984375, 983.0842895507812]",1
frame_0053.png,extras,pair_of_ramps,ramp,ramp.,0.18,0.18,0,0.0,,0
frame_0053.png,extras,pair_of_ramps,aluminum ramp,aluminum ramp.,0.18,0.18,3,0.3132,"[2277.999755859375, 1670.8250732421875, 2878.213623046875, 1853.7750244140625]",1
frame_0053.png,extras,pair_of_ramps,incline ramp,incline ramp.,0.18,0.18,0,0.0,,0
frame_0053.png,extras,trailer,trailer,trailer.,0.18,0.18,7,0.2749,"[1730.3499755859375, 800.2140502929688, 2876.9267578125, 1134.9534912109375]",1
frame_0053.png,extras,trailer,cargo trailer,cargo trailer.,0.18,0.18,6,0.3158,"[1729.17626953125, 817.806640625, 2876.218017578125, 1139.750244140625]",1
frame_0053.png,extras,trailer,vehicle trailer,vehicle trailer.,0.18,0.18,8,0.3805,"[1433.7332763671875, 644.0724487304688, 1819.1343994140625, 1111.99267578125]",1
frame_0053.png,extras,trailer,wheeled trailer,wheeled trailer.,0.18,0.18,4,0.3245,"[1731.277587890625, 802.740234375, 2876.760009765625, 1258.73779296875]",1
frame_0053.png,extras,trailer,small trailer,small trailer.,0.18,0.18,5,0.3829,"[2064.8203125, 1127.754150390625, 2406.763671875, 1425.0010986328125]",1
frame_0053.png,extras,trailer,utility trailer,utility trailer.,0.18,0.18,8,0.3482,"[1732.83349609375, 813.8181762695312, 2875.303955078125, 1148.9595947265625]",1
frame_0053.png,extras,trailer,open trailer,open trailer.,0.18,0.18,5,0.3786,"[1730.77392578125, 805.9641723632812, 2875.58056640625, 1139.850341796875]",1
frame_0053.png,extras,trailer,covered trailer,covered trailer.,0.18,0.18,6,0.4,"[1042.6351318359375, 2.6609177589416504, 2877.163818359375, 1172.775634765625]",1
frame_0053.png,extras,trailer,container trailer,container trailer.,0.18,0.18,6,0.3761,"[995.1072998046875, 438.07666015625, 1356.5682373046875, 980.5595703125]",1
frame_0054.png,production,trailer,ALL_GROUP,trailer. cargo trailer. vehicle trailer. wheeled trailer. flatbed trailer. black trailer. utility trailer.,0.2,0.2,8,0.3767,"[966.5606689453125, 411.48077392578125, 1353.7412109375, 992.9407348632812]",1
frame_0054.png,production,electric utility vehicle+electric wheelchair+electric scooter+trolley,ALL_GROUP,electric utility vehicle. small electric cart. utility vehicle. golf cart. electric cart. small white utility vehicle. electric wheelchair. motorized wheelchair. power wheelchair. mobility scooter wheelchair. electric scooter. mobility scooter. stand-up scooter. kick scooter. scooter. trolley. hand cart. hand truck. luggage cart. flatbed cart. push cart. utility cart.,0.22,0.22,8,0.3755,"[2240.108154296875, 1171.8978271484375, 2778.709228515625, 1617.2752685546875]",1
frame_0054.png,production,pair of ramps,ALL_GROUP,pair of ramps. loading ramp. metal ramp. vehicle loading ramp. two metal ramps. aluminum ramp.,0.2,0.2,9,0.3,"[1750.723876953125, 741.9158935546875, 2874.468994140625, 1152.3883056640625]",1
frame_0054.png,production,portable power station+basketball,ALL_GROUP,portable power station. large power bank. battery box. power generator box. portable battery. power station. basketball. orange basketball. sports ball. rubber ball.,0.22,0.22,2,0.3147,"[2245.125244140625, 1181.3485107421875, 2701.08642578125, 1567.19091796875]",1
frame_0054.png,production,rectangular table+umbrella,ALL_GROUP,rectangular table. outdoor table. picnic table. long rectangular table. folding table. work table. umbrella. outdoor umbrella. parasol. patio umbrella. hand umbrella.,0.24,0.24,1,0.2604,"[1029.34423828125, 861.9978637695312, 1266.156982421875, 1052.112060546875]",1
frame_0054.png,production,cardboard box,ALL_GROUP,cardboard box. brown cardboard box. cardboard package. shipping box.,0.26,0.26,1,0.3001,"[2311.2861328125, 617.1197509765625, 2596.221923828125, 847.8508911132812]",1
frame_0054.png,production,chair,ALL_GROUP,chair. folding chair. outdoor chair. plastic chair. armless chair.,0.3,0.3,1,0.3627,"[426.1340026855469, 818.7378540039062, 698.4182739257812, 1073.0264892578125]",1
frame_0054.png,production,traffic cone+prohibition sign,ALL_GROUP,traffic cone. road cone. safety cone. orange cone. construction cone. prohibition sign. no entry sign. red prohibition sign. do not enter sign. stop sign. red circular sign.,0.22,0.22,1,0.2283,"[977.3851318359375, 589.1360473632812, 1300.81884765625, 794.5818481445312]",1
frame_0054.png,extras,basketball,basketball,basketball.,0.18,0.18,0,0.0,,0
frame_0054.png,extras,basketball,orange basketball,orange basketball.,0.18,0.18,0,0.0,,0
frame_0054.png,extras,basketball,round orange ball,round orange ball.,0.18,0.18,2,0.5014,"[1166.8294677734375, 1653.6297607421875, 1661.1546630859375, 1855.8564453125]",1
frame_0054.png,extras,basketball,rubber ball on ground,rubber ball on ground.,0.18,0.18,7,0.5394,"[9.702816009521484, 948.0199584960938, 2869.753173828125, 1849.0950927734375]",1
frame_0054.png,extras,basketball,sports ball,sports ball.,0.18,0.18,1,0.1926,"[1169.0164794921875, 1659.98681640625, 1653.497314453125, 1857.409423828125]",1
frame_0054.png,extras,basketball,ball,ball.,0.18,0.18,0,0.0,,0
frame_0054.png,extras,umbrella,umbrella,umbrella.,0.2,0.2,0,0.0,,0
frame_0054.png,extras,umbrella,outdoor umbrella,outdoor umbrella.,0.2,0.2,0,0.0,,0
frame_0054.png,extras,umbrella,patio umbrella,patio umbrella.,0.2,0.2,0,0.0,,0
frame_0054.png,extras,umbrella,open umbrella,open umbrella.,0.2,0.2,4,0.2912,"[223.49778747558594, 5.044008255004883, 2866.64599609375, 1786.990478515625]",1
frame_0054.png,extras,umbrella,parasol,parasol.,0.2,0.2,0,0.0,,0
frame_0054.png,extras,umbrella,shade umbrella,shade umbrella.,0.2,0.2,1,0.2627,"[1040.478515625, 1.0860023498535156, 2870.22021484375, 532.6524047851562]",1
frame_0054.png,extras,umbrella,folded umbrella,folded umbrella.,0.2,0.2,6,0.364,"[22.502145767211914, 720.231689453125, 246.91419982910156, 1145.8348388671875]",1
frame_0054.png,extras,electric_wheelchair,electric wheelchair,electric wheelchair.,0.2,0.2,4,0.4648,"[425.6537780761719, 819.2544555664062, 698.53076171875, 1072.84326171875]",1
frame_0054.png,extras,electric_wheelchair,motorized wheelchair,motorized wheelchair.,0.2,0.2,3,0.5164,"[424.6513671875, 818.6159057617188, 699.2037963867188, 1073.6005859375]",1
frame_0054.png,extras,electric_wheelchair,power wheelchair,power wheelchair.,0.2,0.2,6,0.5191,"[426.3091125488281, 819.1959228515625, 697.6189575195312, 1072.244384765625]",1
frame_0054.png,extras,electric_wheelchair,wheelchair,wheelchair.,0.2,0.2,3,0.4146,"[427.38507080078125, 820.2530517578125, 697.35107421875, 1070.3546142578125]",1
frame_0054.png,extras,electric_wheelchair,mobility chair,mobility chair.,0.2,0.2,3,0.5488,"[425.1324157714844, 818.3167114257812, 697.7058715820312, 1072.4857177734375]",1
frame_0054.png,extras,electric_wheelchair,powered mobility scooter,powered mobility scooter.,0.2,0.2,2,0.5802,"[1426.2474365234375, 714.2976684570312, 1862.676025390625, 1130.153564453125]",1
frame_0054.png,extras,electric_scooter,electric scooter,electric scooter.,0.2,0.2,3,0.3794,"[425.2582702636719, 819.77734375, 699.2464599609375, 1073.371337890625]",1
frame_0054.png,extras,electric_scooter,stand-up scooter,stand-up scooter.,0.2,0.2,3,0.451,"[418.6423645019531, 814.9129028320312, 705.5751953125, 1078.3853759765625]",1
frame_0054.png,extras,electric_scooter,kick scooter,kick scooter.,0.2,0.2,3,0.5205,"[1429.1346435546875, 720.1588134765625, 1862.148681640625, 1128.502197265625]",1
frame_0054.png,extras,electric_scooter,two-wheeled scooter,two-wheeled scooter.,0.2,0.2,3,0.4947,"[418.05377197265625, 815.6656494140625, 705.6321411132812, 1078.82275390625]",1
frame_0054.png,extras,electric_scooter,scooter,scooter.,0.2,0.2,2,0.3051,"[428.3753356933594, 820.820068359375, 697.4528198242188, 1069.7410888671875]",1
frame_0054.png,extras,electric_scooter,electric kick scooter,electric kick scooter.,0.2,0.2,3,0.473,"[421.73004150390625, 819.0818481445312, 702.2101440429688, 1076.4632568359375]",1
frame_0054.png,extras,prohibition_sign,prohibition sign,prohibition sign.,0.2,0.2,2,0.5495,"[968.8373413085938, 417.4824523925781, 1347.94970703125, 986.721923828125]",1
frame_0054.png,extras,prohibition_sign,no entry sign,no entry sign.,0.2,0.2,4,0.4173,"[974.8067016601562, 581.6011962890625, 1299.1568603515625, 795.9956665039062]",1
frame_0054.png,extras,prohibition_sign,red prohibition sign,red prohibition sign.,0.2,0.2,3,0.4493,"[964.0686645507812, 418.67559814453125, 1350.6912841796875, 990.0094604492188]",1
frame_0054.png,extras,prohibition_sign,do not enter sign,do not enter sign.,0.2,0.2,3,0.3318,"[976.9197387695312, 580.1065673828125, 1308.6212158203125, 796.9327392578125]",1
frame_0054.png,extras,prohibition_sign,stop sign,stop sign.,0.2,0.2,0,0.0,,0
frame_0054.png,extras,prohibition_sign,red circular sign,red circular sign.,0.2,0.2,3,0.427,"[1158.5029296875, 1648.714599609375, 1686.158935546875, 1853.3463134765625]",1
frame_0054.png,extras,prohibition_sign,warning sign,warning sign.,0.2,0.2,2,0.5331,"[969.4720458984375, 416.5310363769531, 1345.782958984375, 992.3372192382812]",1
frame_0054.png,extras,prohibition_sign,red sign on ground,red sign on ground.,0.2,0.2,3,0.4937,"[9.11616325378418, 943.869384765625, 2870.854248046875, 1849.77978515625]",1
frame_0054.png,extras,pair_of_ramps,pair of ramps,pair of ramps.,0.18,0.18,8,0.3192,"[1036.0150146484375, 1.746312141418457, 2865.991455078125, 533.0626831054688]",1
frame_0054.png,extras,pair_of_ramps,loading ramps,loading ramps.,0.18,0.18,7,0.2748,"[1764.5936279296875, 732.2803344726562, 2877.251220703125, 1148.617919921875]",1
frame_0054.png,extras,pair_of_ramps,metal ramps on ground,metal ramps on ground.,0.18,0.18,4,0.4695,"[9.485921859741211, 950.3336791992188, 2869.921875, 1848.3292236328125]",1
frame_0054.png,extras,pair_of_ramps,vehicle loading ramp,vehicle loading ramp.,0.18,0.18,8,0.3022,"[1751.1337890625, 742.0401000976562, 2876.90966796875, 1151.4307861328125]",1
frame_0054.png,extras,pair_of_ramps,two metal ramps,two metal ramps.,0.18,0.18,6,0.3206,"[1030.063232421875, 2.2054858207702637, 2871.72705078125, 1143.5078125]",1
frame_0054.png,extras,pair_of_ramps,ramp,ramp.,0.18,0.18,0,0.0,,0
frame_0054.png,extras,pair_of_ramps,aluminum ramp,aluminum ramp.,0.18,0.18,4,0.3582,"[2287.00390625, 1670.9495849609375, 2878.29443359375, 1854.3101806640625]",1
frame_0054.png,extras,pair_of_ramps,incline ramp,incline ramp.,0.18,0.18,0,0.0,,0
frame_0054.png,extras,trailer,trailer,trailer.,0.18,0.18,7,0.2793,"[2247.146728515625, 1184.1671142578125, 2701.109130859375, 1571.0186767578125]",1
frame_0054.png,extras,trailer,cargo trailer,cargo trailer.,0.18,0.18,6,0.4087,"[969.0619506835938, 413.0961608886719, 1355.081298828125, 993.468994140625]",1
frame_0054.png,extras,trailer,vehicle trailer,vehicle trailer.,0.18,0.18,10,0.421,"[967.6744384765625, 412.41204833984375, 1353.5845947265625, 994.320556640625]",1
frame_0054.png,extras,trailer,wheeled trailer,wheeled trailer.,0.18,0.18,6,0.2987,"[2245.35498046875, 1181.205810546875, 2706.82275390625, 1574.4334716796875]",1
frame_0054.png,extras,trailer,small trailer,small trailer.,0.18,0.18,2,0.5071,"[2243.950927734375, 1179.686279296875, 2705.560791015625, 1570.83203125]",1
frame_0054.png,extras,trailer,utility trailer,utility trailer.,0.18,0.18,6,0.442,"[968.0067138671875, 411.64471435546875, 1351.8084716796875, 995.293701171875]",1
frame_0054.png,extras,trailer,open trailer,open trailer.,0.18,0.18,6,0.3247,"[1750.3692626953125, 736.5504150390625, 2877.739990234375, 1158.5584716796875]",1
frame_0054.png,extras,trailer,covered trailer,covered trailer.,0.18,0.18,5,0.3543,"[969.3009033203125, 413.4414978027344, 1358.108642578125, 993.1119995117188]",1
frame_0054.png,extras,trailer,container trailer,container trailer.,0.18,0.18,4,0.4698,"[970.38134765625, 413.7713317871094, 1350.31640625, 991.2584838867188]",1
frame_0055.png,production,trailer,ALL_GROUP,trailer. cargo trailer. vehicle trailer. wheeled trailer. flatbed trailer. black trailer. utility trailer.,0.2,0.2,6,0.394,"[2309.62060546875, 1201.107666015625, 2803.4638671875, 1630.3104248046875]",1
frame_0055.png,production,electric utility vehicle+electric wheelchair+electric scooter+trolley,ALL_GROUP,electric utility vehicle. small electric cart. utility vehicle. golf cart. electric cart. small white utility vehicle. electric wheelchair. motorized wheelchair. power wheelchair. mobility scooter wheelchair. electric scooter. mobility scooter. stand-up scooter. kick scooter. scooter. trolley. hand cart. hand truck. luggage cart. flatbed cart. push cart. utility cart.,0.22,0.22,7,0.428,"[2306.396484375, 1195.62451171875, 2812.4677734375, 1634.37060546875]",1
frame_0055.png,production,pair of ramps,ALL_GROUP,pair of ramps. loading ramp. metal ramp. vehicle loading ramp. two metal ramps. aluminum ramp.,0.2,0.2,9,0.3235,"[1763.219482421875, 814.323974609375, 2874.51513671875, 1156.406494140625]",1
frame_0055.png,production,portable power station+basketball,ALL_GROUP,portable power station. large power bank. battery box. power generator box. portable battery. power station. basketball. orange basketball. sports ball. rubber ball.,0.22,0.22,1,0.3196,"[2309.208740234375, 1199.898681640625, 2802.622314453125, 1629.256591796875]",1
frame_0055.png,production,rectangular table+umbrella,ALL_GROUP,rectangular table. outdoor table. picnic table. long rectangular table. folding table. work table. umbrella. outdoor umbrella. parasol. patio umbrella. hand umbrella.,0.24,0.24,0,0.0,,0
frame_0055.png,production,cardboard box,ALL_GROUP,cardboard box. brown cardboard box. cardboard package. shipping box.,0.26,0.26,1,0.3506,"[2334.091796875, 607.15283203125, 2630.74072265625, 843.0693969726562]",1
frame_0055.png,production,chair,ALL_GROUP,chair. folding chair. outdoor chair. plastic chair. armless chair.,0.3,0.3,1,0.357,"[411.3844299316406, 816.4522094726562, 685.3958740234375, 1074.5384521484375]",1
frame_0055.png,production,traffic cone+prohibition sign,ALL_GROUP,traffic cone. road cone. safety cone. orange cone. construction cone. prohibition sign. no entry sign. red prohibition sign. do not enter sign. stop sign. red circular sign.,0.22,0.22,0,0.0,,0
frame_0055.png,extras,basketball,basketball,basketball.,0.18,0.18,0,0.0,,0
frame_0055.png,extras,basketball,orange basketball,orange basketball.,0.18,0.18,0,0.0,,0
frame_0055.png,extras,basketball,round orange ball,round orange ball.,0.18,0.18,2,0.5626,"[1161.5565185546875, 1652.2305908203125, 1660.927978515625, 1855.4024658203125]",1
frame_0055.png,extras,basketball,rubber ball on ground,rubber ball on ground.,0.18,0.18,6,0.533,"[9.878253936767578, 948.6727905273438, 2870.4814453125, 1849.5272216796875]",1
frame_0055.png,extras,basketball,sports ball,sports ball.,0.18,0.18,1,0.2599,"[1162.2064208984375, 1658.853515625, 1653.240966796875, 1857.192138671875]",1
frame_0055.png,extras,basketball,ball,ball.,0.18,0.18,0,0.0,,0
frame_0055.png,extras,umbrella,umbrella,umbrella.,0.2,0.2,0,0.0,,0
frame_0055.png,extras,umbrella,outdoor umbrella,outdoor umbrella.,0.2,0.2,0,0.0,,0
frame_0055.png,extras,umbrella,patio umbrella,patio umbrella.,0.2,0.2,0,0.0,,0
frame_0055.png,extras,umbrella,open umbrella,open umbrella.,0.2,0.2,5,0.2934,"[1162.7730712890625, 1654.692138671875, 1659.919189453125, 1854.6588134765625]",1
frame_0055.png,extras,umbrella,parasol,parasol.,0.2,0.2,0,0.0,,0
frame_0055.png,extras,umbrella,shade umbrella,shade umbrella.,0.2,0.2,1,0.2192,"[1039.2744140625, 1.124804973602295, 2871.16845703125, 522.4465942382812]",1
frame_0055.png,extras,umbrella,folded umbrella,folded umbrella.,0.2,0.2,5,0.3862,"[2311.2470703125, 1203.370849609375, 2803.34326171875, 1631.610107421875]",1
frame_0055.png,extras,electric_wheelchair,electric wheelchair,electric wheelchair.,0.2,0.2,4,0.4792,"[410.3565979003906, 816.4132080078125, 684.5082397460938, 1074.4268798828125]",1
frame_0055.png,extras,electric_wheelchair,motorized wheelchair,motorized wheelchair.,0.2,0.2,4,0.5171,"[409.6422424316406, 815.2567138671875, 685.5694580078125, 1075.18115234375]",1
frame_0055.png,extras,electric_wheelchair,power wheelchair,power wheelchair.,0.2,0.2,4,0.5345,"[411.2410583496094, 816.2949829101562, 683.5672607421875, 1073.641845703125]",1
frame_0055.png,extras,electric_wheelchair,wheelchair,wheelchair.,0.2,0.2,2,0.425,"[411.8721923828125, 817.3416137695312, 683.2938842773438, 1072.1328125]",1
frame_0055.png,extras,electric_wheelchair,mobility chair,mobility chair.,0.2,0.2,4,0.5225,"[410.8216247558594, 815.7097778320312, 684.5240478515625, 1073.7330322265625]",1
frame_0055.png,extras,electric_wheelchair,powered mobility scooter,powered mobility scooter.,0.2,0.2,2,0.5451,"[1427.3548583984375, 658.0504760742188, 1876.70263671875, 1137.4752197265625]",1
frame_0055.png,extras,electric_scooter,electric scooter,electric scooter.,0.2,0.2,4,0.3777,"[410.12408447265625, 817.2020874023438, 685.081298828125, 1075.0069580078125]",1
frame_0055.png,extras,electric_scooter,stand-up scooter,stand-up scooter.,0.2,0.2,3,0.4709,"[403.7378234863281, 811.9285888671875, 691.8509521484375, 1080.695068359375]",1
frame_0055.png,extras,electric_scooter,kick scooter,kick scooter.,0.2,0.2,4,0.43,"[1430.931640625, 713.3931274414062, 1874.687255859375, 1134.1070556640625]",1
frame_0055.png,extras,electric_scooter,two-wheeled scooter,two-wheeled scooter.,0.2,0.2,3,0.5679,"[1423.7080078125, 694.03662109375, 1879.0555419921875, 1139.427978515625]",1
frame_0055.png,extras,electric_scooter,scooter,scooter.,0.2,0.2,2,0.3104,"[412.8590393066406, 818.13720703125, 683.2542114257812, 1071.4266357421875]",1
frame_0055.png,extras,electric_scooter,electric kick scooter,electric kick scooter.,0.2,0.2,3,0.419,"[406.6424560546875, 817.3956298828125, 688.1852416992188, 1078.1815185546875]",1
frame_0055.png,extras,prohibition_sign,prohibition sign,prohibition sign.,0.2,0.2,2,0.4923,"[970.4307861328125, 572.2078247070312, 1305.1539306640625, 796.0406494140625]",1
frame_0055.png,extras,prohibition_sign,no entry sign,no entry sign.,0.2,0.2,4,0.4269,"[969.679931640625, 579.2909545898438, 1289.1343994140625, 794.7020874023438]",1
frame_0055.png,extras,prohibition_sign,red prohibition sign,red prohibition sign.,0.2,0.2,2,0.4377,"[967.82373046875, 574.6888427734375, 1307.0889892578125, 797.1766967773438]",1
frame_0055.png,extras,prohibition_sign,do not enter sign,do not enter sign.,0.2,0.2,2,0.3435,"[971.1984252929688, 575.1807861328125, 1303.899658203125, 795.9855346679688]",1
frame_0055.png,extras,prohibition_sign,stop sign,stop sign.,0.2,0.2,0,0.0,,0
frame_0055.png,extras,prohibition_sign,red circular sign,red circular sign.,0.2,0.2,2,0.4746,"[1155.517578125, 1648.2093505859375, 1685.237548828125, 1853.2586669921875]",1
frame_0055.png,extras,prohibition_sign,warning sign,warning sign.,0.2,0.2,2,0.4816,"[963.9490356445312, 407.8519287109375, 1343.020263671875, 996.23388671875]",1
frame_0055.png,extras,prohibition_sign,red sign on ground,red sign on ground.,0.2,0.2,3,0.4948,"[9.251432418823242, 944.4310302734375, 2871.5390625, 1849.7734375]",1
frame_0055.png,extras,pair_of_ramps,pair of ramps,pair of ramps.,0.18,0.18,7,0.3018,"[1035.1265869140625, 1.6357245445251465, 2861.085693359375, 523.6051635742188]",1
frame_0055.png,extras,pair_of_ramps,loading ramps,loading ramps.,0.18,0.18,6,0.2798,"[1772.10400390625, 816.4134521484375, 2878.10595703125, 1155.20556640625]",1
frame_0055.png,extras,pair_of_ramps,metal ramps on ground,metal ramps on ground.,0.18,0.18,5,0.4662,"[10.007514953613281, 949.1536254882812, 2869.939208984375, 1848.31689453125]",1
frame_0055.png,extras,pair_of_ramps,vehicle loading ramp,vehicle loading ramp.,0.18,0.18,6,0.2956,"[1763.674072265625, 818.663818359375, 2876.3828125, 1155.0845947265625]",1
frame_0055.png,extras,pair_of_ramps,two metal ramps,two metal ramps.,0.18,0.18,5,0.3087,"[23.387317657470703, 6.530869483947754, 2868.501953125, 1839.00439453125]",1
frame_0055.png,extras,pair_of_ramps,ramp,ramp.,0.18,0.18,0,0.0,,0
frame_0055.png,extras,pair_of_ramps,aluminum ramp,aluminum ramp.,0.18,0.18,5,0.3068,"[2274.273681640625, 1671.5174560546875, 2878.339111328125, 1853.9703369140625]",1
frame_0055.png,extras,pair_of_ramps,incline ramp,incline ramp.,0.18,0.18,0,0.0,,0
frame_0055.png,extras,trailer,trailer,trailer.,0.18,0.18,7,0.3218,"[1765.9185791015625, 822.2179565429688, 2879.228271484375, 1161.6761474609375]",1
frame_0055.png,extras,trailer,cargo trailer,cargo trailer.,0.18,0.18,7,0.3757,"[1762.302490234375, 820.390869140625, 2879.193115234375, 1161.53125]",1
frame_0055.png,extras,trailer,vehicle trailer,vehicle trailer.,0.18,0.18,8,0.3424,"[1761.9560546875, 820.2542114257812, 2878.7333984375, 1161.398681640625]",1
frame_0055.png,extras,trailer,wheeled trailer,wheeled trailer.,0.18,0.18,7,0.3226,"[2308.69677734375, 1200.115966796875, 2805.827880859375, 1631.0836181640625]",1
frame_0055.png,extras,trailer,small trailer,small trailer.,0.18,0.18,2,0.5445,"[2307.98876953125, 1198.5303955078125, 2805.1953125, 1630.318359375]",1
frame_0055.png,extras,trailer,utility trailer,utility trailer.,0.18,0.18,6,0.3644,"[1765.1275634765625, 819.2621459960938, 2878.764892578125, 1164.998046875]",1
frame_0055.png,extras,trailer,open trailer,open trailer.,0.18,0.18,6,0.4234,"[1765.2598876953125, 818.9778442382812, 2877.99267578125, 1162.525390625]",1
frame_0055.png,extras,trailer,covered trailer,covered trailer.,0.18,0.18,4,0.3565,"[1760.7581787109375, 818.4663696289062, 2879.367919921875, 1162.07177734375]",1
frame_0055.png,extras,trailer,container trailer,container trailer.,0.18,0.18,4,0.405,"[2310.657470703125, 1202.699462890625, 2802.32373046875, 1629.437744140625]",1
frame_0056.png,production,trailer,ALL_GROUP,trailer. cargo trailer. vehicle trailer. wheeled trailer. flatbed trailer. black trailer. utility trailer.,0.2,0.2,6,0.3591,"[960.8048706054688, 370.42742919921875, 1374.7445068359375, 1000.1773071289062]",1
frame_0056.png,production,electric utility vehicle+electric wheelchair+electric scooter+trolley,ALL_GROUP,electric utility vehicle. small electric cart. utility vehicle. golf cart. electric cart. small white utility vehicle. electric wheelchair. motorized wheelchair. power wheelchair. mobility scooter wheelchair. electric scooter. mobility scooter. stand-up scooter. kick scooter. scooter. trolley. hand cart. hand truck. luggage cart. flatbed cart. push cart. utility cart.,0.22,0.22,5,0.4,"[318.6672668457031, 800.3903198242188, 624.4453125, 1097.0203857421875]",1
frame_0056.png,production,pair of ramps,ALL_GROUP,pair of ramps. loading ramp. metal ramp. vehicle loading ramp. two metal ramps. aluminum ramp.,0.2,0.2,10,0.3305,"[1461.6865234375, 581.5640869140625, 2028.2281494140625, 1188.9720458984375]",1
frame_0056.png,production,portable power station+basketball,ALL_GROUP,portable power station. large power bank. battery box. power generator box. portable battery. power station. basketball. orange basketball. sports ball. rubber ball.,0.22,0.22,0,0.0,,0
frame_0056.png,production,rectangular table+umbrella,ALL_GROUP,rectangular table. outdoor table. picnic table. long rectangular table. folding table. work table. umbrella. outdoor umbrella. parasol. patio umbrella. hand umbrella.,0.24,0.24,1,0.2412,"[999.4078979492188, 848.3706665039062, 1282.609375, 1069.9202880859375]",1
frame_0056.png,production,cardboard box,ALL_GROUP,cardboard box. brown cardboard box. cardboard package. shipping box.,0.26,0.26,1,0.3463,"[2524.067138671875, 624.0781860351562, 2842.215087890625, 822.2611083984375]",1
frame_0056.png,production,chair,ALL_GROUP,chair. folding chair. outdoor chair. plastic chair. armless chair.,0.3,0.3,1,0.3457,"[325.2713623046875, 804.3950805664062, 621.0053100585938, 1092.6689453125]",1
frame_0056.png,production,traffic cone+prohibition sign,ALL_GROUP,traffic cone. road cone. safety cone. orange cone. construction cone. prohibition sign. no entry sign. red prohibition sign. do not enter sign. stop sign. red circular sign.,0.22,0.22,0,0.0,,0
frame_0056.png,extras,basketball,basketball,basketball.,0.18,0.18,0,0.0,,0
frame_0056.png,extras,basketball,orange basketball,orange basketball.,0.18,0.18,0,0.0,,0
frame_0056.png,extras,basketball,round orange ball,round orange ball.,0.18,0.18,3,0.6042,"[1153.9625244140625, 1650.49072265625, 1664.0865478515625, 1855.0838623046875]",1
frame_0056.png,extras,basketball,rubber ball on ground,rubber ball on ground.,0.18,0.18,2,0.5462,"[1144.3291015625, 1638.5709228515625, 1672.499755859375, 1851.6468505859375]",1
frame_0056.png,extras,basketball,sports ball,sports ball.,0.18,0.18,1,0.2734,"[1157.740234375, 1658.310546875, 1654.479736328125, 1857.232666015625]",1
frame_0056.png,extras,basketball,ball,ball.,0.18,0.18,0,0.0,,0
frame_0056.png,extras,umbrella,umbrella,umbrella.,0.2,0.2,0,0.0,,0
frame_0056.png,extras,umbrella,outdoor umbrella,outdoor umbrella.,0.2,0.2,0,0.0,,0
frame_0056.png,extras,umbrella,patio umbrella,patio umbrella.,0.2,0.2,0,0.0,,0
frame_0056.png,extras,umbrella,open umbrella,open umbrella.,0.2,0.2,3,0.3635,"[1466.1539306640625, 538.0423583984375, 2027.114501953125, 1187.4527587890625]",1
frame_0056.png,extras,umbrella,parasol,parasol.,0.2,0.2,0,0.0,,0
frame_0056.png,extras,umbrella,shade umbrella,shade umbrella.,0.2,0.2,1,0.2124,"[1063.2796630859375, 0.9110578894615173, 2873.50146484375, 466.5643005371094]",1
frame_0056.png,extras,umbrella,folded umbrella,folded umbrella.,0.2,0.2,5,0.4439,"[1469.3951416015625, 540.8519287109375, 2025.2391357421875, 1186.6468505859375]",1
frame_0056.png,extras,electric_wheelchair,electric wheelchair,electric wheelchair.,0.2,0.2,2,0.5795,"[323.4939880371094, 804.2590942382812, 620.3107299804688, 1093.8399658203125]",1
frame_0056.png,extras,electric_wheelchair,motorized wheelchair,motorized wheelchair.,0.2,0.2,2,0.5826,"[323.15069580078125, 803.5599365234375, 620.7544555664062, 1093.7005615234375]",1
frame_0056.png,extras,electric_wheelchair,power wheelchair,power wheelchair.,0.2,0.2,2,0.6126,"[323.9507141113281, 804.0267944335938, 619.72119140625, 1093.22314453125]",1
frame_0056.png,extras,electric_wheelchair,wheelchair,wheelchair.,0.2,0.2,2,0.4573,"[325.0589294433594, 805.2632446289062, 618.7711791992188, 1091.2454833984375]",1
frame_0056.png,extras,electric_wheelchair,mobility chair,mobility chair.,0.2,0.2,4,0.4877,"[324.3104248046875, 803.5916137695312, 619.8539428710938, 1091.81591796875]",1
frame_0056.png,extras,electric_wheelchair,powered mobility scooter,powered mobility scooter.,0.2,0.2,1,0.6389,"[1464.39306640625, 540.9384765625, 2028.83935546875, 1188.712158203125]",1
frame_0056.png,extras,electric_scooter,electric scooter,electric scooter.,0.2,0.2,2,0.4594,"[323.0548400878906, 805.3298950195312, 620.7389526367188, 1093.611328125]",1
frame_0056.png,extras,electric_scooter,stand-up scooter,stand-up scooter.,0.2,0.2,2,0.514,"[1461.777099609375, 542.495849609375, 2030.31787109375, 1190.6600341796875]",1
frame_0056.png,extras,electric_scooter,kick scooter,kick scooter.,0.2,0.2,2,0.6485,"[1467.122314453125, 542.1288452148438, 2027.5242919921875, 1186.63134765625]",1
frame_0056.png,extras,electric_scooter,two-wheeled scooter,two-wheeled scooter.,0.2,0.2,2,0.5817,"[1461.293701171875, 542.90478515625, 2031.25244140625, 1191.2437744140625]",1
frame_0056.png,extras,electric_scooter,scooter,scooter.,0.2,0.2,2,0.3589,"[1468.7664794921875, 539.0506591796875, 2025.6693115234375, 1184.4840087890625]",1
frame_0056.png,extras,electric_scooter,electric kick scooter,electric kick scooter.,0.2,0.2,2,0.5287,"[319.8072509765625, 803.7548217773438, 623.5581665039062, 1096.14013671875]",1
frame_0056.png,extras,prohibition_sign,prohibition sign,prohibition sign.,0.2,0.2,3,0.6095,"[962.5765991210938, 374.2423095703125, 1369.6824951171875, 993.3986206054688]",1
frame_0056.png,extras,prohibition_sign,no entry sign,no entry sign.,0.2,0.2,1,0.581,"[949.80712890625, 374.66943359375, 1368.4183349609375, 1011.187744140625]",1
frame_0056.png,extras,prohibition_sign,red prohibition sign,red prohibition sign.,0.2,0.2,2,0.5304,"[957.5975341796875, 373.1246337890625, 1372.699951171875, 995.00146484375]",1
frame_0056.png,extras,prohibition_sign,do not enter sign,do not enter sign.,0.2,0.2,2,0.4517,"[955.059326171875, 374.2922058105469, 1371.4150390625, 1005.1239624023438]",1
frame_0056.png,extras,prohibition_sign,stop sign,stop sign.,0.2,0.2,1,0.2263,"[964.5524291992188, 374.1000671386719, 1368.1585693359375, 998.6581420898438]",1
frame_0056.png,extras,prohibition_sign,red circular sign,red circular sign.,0.2,0.2,3,0.4661,"[1150.4794921875, 1647.346923828125, 1681.2813720703125, 1853.240966796875]",1
frame_0056.png,extras,prohibition_sign,warning sign,warning sign.,0.2,0.2,2,0.5894,"[963.058349609375, 373.894287109375, 1366.89208984375, 995.6384887695312]",1
frame_0056.png,extras,prohibition_sign,red sign on ground,red sign on ground.,0.2,0.2,2,0.4827,"[8.571395874023438, 943.757080078125, 2871.43212890625, 1849.2784423828125]",1
frame_0056.png,extras,pair_of_ramps,pair of ramps,pair of ramps.,0.18,0.18,6,0.3229,"[1044.4295654296875, 2.978600263595581, 2871.563720703125, 1220.0947265625]",1
frame_0056.png,extras,pair_of_ramps,loading ramps,loading ramps.,0.18,0.18,8,0.2634,"[965.128662109375, 371.503173828125, 1369.497314453125, 995.7750854492188]",1
frame_0056.png,extras,pair_of_ramps,metal ramps on ground,metal ramps on ground.,0.18,0.18,4,0.5075,"[8.755073547363281, 945.1690673828125, 2870.46875, 1847.5009765625]",1
frame_0056.png,extras,pair_of_ramps,vehicle loading ramp,vehicle loading ramp.,0.18,0.18,8,0.3139,"[1463.596923828125, 570.7470703125, 2028.617919921875, 1187.920654296875]",1
frame_0056.png,extras,pair_of_ramps,two metal ramps,two metal ramps.,0.18,0.18,3,0.3721,"[1014.5247192382812, 3.710528612136841, 2871.587158203125, 1223.1114501953125]",1
frame_0056.png,extras,pair_of_ramps,ramp,ramp.,0.18,0.18,2,0.2173,"[1470.2440185546875, 544.6495361328125, 2024.302001953125, 1184.4425048828125]",1
frame_0056.png,extras,pair_of_ramps,aluminum ramp,aluminum ramp.,0.18,0.18,10,0.3065,"[2266.4970703125, 1671.7138671875, 2878.078369140625, 1852.928955078125]",1
frame_0056.png,extras,pair_of_ramps,incline ramp,incline ramp.,0.18,0.18,0,0.0,,0
frame_0056.png,extras,trailer,trailer,trailer.,0.18,0.18,7,0.2851,"[1875.376708984375, 791.6219482421875, 2878.19091796875, 1224.8250732421875]",1
frame_0056.png,extras,trailer,cargo trailer,cargo trailer.,0.18,0.18,5,0.3692,"[962.9032592773438, 371.51416015625, 1372.2933349609375, 1000.496826171875]",1
frame_0056.png,extras,trailer,vehicle trailer,vehicle trailer.,0.18,0.18,8,0.3576,"[961.8363037109375, 370.52374267578125, 1372.7965087890625, 1001.1010131835938]",1
frame_0056.png,extras,trailer,wheeled trailer,wheeled trailer.,0.18,0.18,6,0.3336,"[1470.3961181640625, 555.5048828125, 2878.481201171875, 1222.7677001953125]",1
frame_0056.png,extras,trailer,small trailer,small trailer.,0.18,0.18,6,0.3696,"[321.6181335449219, 802.7759399414062, 622.82763671875, 1094.74267578125]",1
frame_0056.png,extras,trailer,utility trailer,utility trailer.,0.18,0.18,3,0.5238,"[962.0210571289062, 370.37420654296875, 1373.1943359375, 1002.6618041992188]",1
frame_0056.png,extras,trailer,open trailer,open trailer.,0.18,0.18,5,0.3347,"[1056.852294921875, 4.186304092407227, 2876.333251953125, 1227.0902099609375]",1
frame_0056.png,extras,trailer,covered trailer,covered trailer.,0.18,0.18,6,0.329,"[1059.67919921875, 2.632591724395752, 2877.74658203125, 1225.341064453125]",1
frame_0056.png,extras,trailer,container trailer,container trailer.,0.18,0.18,3,0.4599,"[963.8506469726562, 371.08599853515625, 1371.3966064453125, 998.5836181640625]",1
frame_0057.png,production,trailer,ALL_GROUP,trailer. cargo trailer. vehicle trailer. wheeled trailer. flatbed trailer. black trailer. utility trailer.,0.2,0.2,6,0.3589,"[1509.14892578125, 504.4849853515625, 2117.59130859375, 1209.8681640625]",1
frame_0057.png,production,electric utility vehicle+electric wheelchair+electric scooter+trolley,ALL_GROUP,electric utility vehicle. small electric cart. utility vehicle. golf cart. electric cart. small white utility vehicle. electric wheelchair. motorized wheelchair. power wheelchair. mobility scooter wheelchair. electric scooter. mobility scooter. stand-up scooter. kick scooter. scooter. trolley. hand cart. hand truck. luggage cart. flatbed cart. push cart. utility cart.,0.22,0.22,6,0.4144,"[331.67999267578125, 798.8021850585938, 640.27392578125, 1100.480712890625]",1
frame_0057.png,production,pair of ramps,ALL_GROUP,pair of ramps. loading ramp. metal ramp. vehicle loading ramp. two metal ramps. aluminum ramp.,0.2,0.2,9,0.3342,"[1505.0504150390625, 503.2601623535156, 2120.654541015625, 1211.5966796875]",1
frame_0057.png,production,portable power station+basketball,ALL_GROUP,portable power station. large power bank. battery box. power generator box. portable battery. power station. basketball. orange basketball. sports ball. rubber ball.,0.22,0.22,0,0.0,,0
frame_0057.png,production,rectangular table+umbrella,ALL_GROUP,rectangular table. outdoor table. picnic table. long rectangular table. folding table. work table. umbrella. outdoor umbrella. parasol. patio umbrella. hand umbrella.,0.24,0.24,1,0.2407,"[1022.6106567382812, 846.5387573242188, 1315.43603515625, 1076.33837890625]",1
frame_0057.png,production,cardboard box,ALL_GROUP,cardboard box. brown cardboard box. cardboard package. shipping box.,0.26,0.26,0,0.0,,0
frame_0057.png,production,chair,ALL_GROUP,chair. folding chair. outdoor chair. plastic chair. armless chair.,0.3,0.3,1,0.3338,"[338.19677734375, 802.2142944335938, 636.6317749023438, 1095.6533203125]",1
frame_0057.png,production,traffic cone+prohibition sign,ALL_GROUP,traffic cone. road cone. safety cone. orange cone. construction cone. prohibition sign. no entry sign. red prohibition sign. do not enter sign. stop sign. red circular sign.,0.22,0.22,0,0.0,,0
frame_0057.png,extras,basketball,basketball,basketball.,0.18,0.18,0,0.0,,0
frame_0057.png,extras,basketball,orange basketball,orange basketball.,0.18,0.18,0,0.0,,0
frame_0057.png,extras,basketball,round orange ball,round orange ball.,0.18,0.18,4,0.4146,"[1156.641357421875, 1655.228515625, 1667.0611572265625, 1855.8489990234375]",1
frame_0057.png,extras,basketball,rubber ball on ground,rubber ball on ground.,0.18,0.18,7,0.5419,"[9.28293228149414, 946.8759155273438, 2869.61328125, 1848.50439453125]",1
frame_0057.png,extras,basketball,sports ball,sports ball.,0.18,0.18,0,0.0,,0
frame_0057.png,extras,basketball,ball,ball.,0.18,0.18,0,0.0,,0
frame_0057.png,extras,umbrella,umbrella,umbrella.,0.2,0.2,0,0.0,,0
frame_0057.png,extras,umbrella,outdoor umbrella,outdoor umbrella.,0.2,0.2,0,0.0,,0
frame_0057.png,extras,umbrella,patio umbrella,patio umbrella.,0.2,0.2,0,0.0,,0
frame_0057.png,extras,umbrella,open umbrella,open umbrella.,0.2,0.2,3,0.3664,"[1511.9871826171875, 501.2692565917969, 2118.13720703125, 1209.4403076171875]",1
frame_0057.png,extras,umbrella,parasol,parasol.,0.2,0.2,0,0.0,,0
frame_0057.png,extras,umbrella,shade umbrella,shade umbrella.,0.2,0.2,2,0.2237,"[1103.1015625, 1.356498122215271, 2870.718994140625, 447.1473083496094]",1
frame_0057.png,extras,umbrella,folded umbrella,folded umbrella.,0.2,0.2,3,0.4909,"[1515.87109375, 502.6936340332031, 2117.247314453125, 1208.525146484375]",1
frame_0057.png,extras,electric_wheelchair,electric wheelchair,electric wheelchair.,0.2,0.2,3,0.5119,"[336.43292236328125, 802.6425170898438, 635.2548217773438, 1096.6785888671875]",1
frame_0057.png,extras,electric_wheelchair,motorized wheelchair,motorized wheelchair.,0.2,0.2,3,0.4686,"[335.4565734863281, 801.5294189453125, 636.201416015625, 1096.8333740234375]",1
frame_0057.png,extras,electric_wheelchair,power wheelchair,power wheelchair.,0.2,0.2,3,0.574,"[337.00958251953125, 802.447998046875, 634.592041015625, 1096.206298828125]",1
frame_0057.png,extras,electric_wheelchair,wheelchair,wheelchair.,0.2,0.2,2,0.4186,"[338.02557373046875, 803.572509765625, 633.738037109375, 1094.480712890625]",1
frame_0057.png,extras,electric_wheelchair,mobility chair,mobility chair.,0.2,0.2,5,0.4934,"[337.141845703125, 801.7315673828125, 635.238525390625, 1095.423828125]",1
frame_0057.png,extras,electric_wheelchair,powered mobility scooter,powered mobility scooter.,0.2,0.2,1,0.6872,"[1510.443603515625, 499.6081848144531, 2121.688232421875, 1210.3837890625]",1
frame_0057.png,extras,electric_scooter,electric scooter,electric scooter.,0.2,0.2,2,0.4811,"[1512.803955078125, 501.7155456542969, 2120.34716796875, 1208.7227783203125]",1
frame_0057.png,extras,electric_scooter,stand-up scooter,stand-up scooter.,0.2,0.2,2,0.6149,"[1507.369873046875, 498.6190490722656, 2123.0986328125, 1212.223876953125]",1
frame_0057.png,extras,electric_scooter,kick scooter,kick scooter.,0.2,0.2,1,0.6461,"[1513.0413818359375, 501.3775634765625, 2121.1181640625, 1208.34228515625]",1
frame_0057.png,extras,electric_scooter,two-wheeled scooter,two-wheeled scooter.,0.2,0.2,2,0.7038,"[1507.21435546875, 498.7021789550781, 2123.612548828125, 1211.91357421875]",1
frame_0057.png,extras,electric_scooter,scooter,scooter.,0.2,0.2,2,0.4335,"[1515.8193359375, 502.4407043457031, 2118.158203125, 1206.4232177734375]",1
frame_0057.png,extras,electric_scooter,electric kick scooter,electric kick scooter.,0.2,0.2,2,0.6195,"[1509.8358154296875, 500.0886535644531, 2122.0703125, 1209.5400390625]",1
frame_0057.png,extras,prohibition_sign,prohibition sign,prohibition sign.,0.2,0.2,2,0.5422,"[992.1317138671875, 364.34991455078125, 1404.2550048828125, 989.9439697265625]",1
frame_0057.png,extras,prohibition_sign,no entry sign,no entry sign.,0.2,0.2,4,0.4365,"[981.9090576171875, 364.1204833984375, 1392.6319580078125, 1005.5492553710938]",1
frame_0057.png,extras,prohibition_sign,red prohibition sign,red prohibition sign.,0.2,0.2,4,0.4382,"[987.08056640625, 363.24761962890625, 1406.26171875, 989.965576171875]",1
frame_0057.png,extras,prohibition_sign,do not enter sign,do not enter sign.,0.2,0.2,2,0.3932,"[986.4241333007812, 362.4892578125, 1404.0086669921875, 1002.5829467773438]",1
frame_0057.png,extras,prohibition_sign,stop sign,stop sign.,0.2,0.2,1,0.213,"[996.6654663085938, 366.3247375488281, 1404.6392822265625, 997.3612670898438]",1
frame_0057.png,extras,prohibition_sign,red circular sign,red circular sign.,0.2,0.2,3,0.382,"[1150.4072265625, 1651.293701171875, 1687.3262939453125, 1853.9691162109375]",1
frame_0057.png,extras,prohibition_sign,warning sign,warning sign.,0.2,0.2,2,0.5657,"[993.200439453125, 363.9582214355469, 1398.2613525390625, 998.8982543945312]",1
frame_0057.png,extras,prohibition_sign,red sign on ground,red sign on ground.,0.2,0.2,3,0.4936,"[8.51689338684082, 944.9622802734375, 2870.862548828125, 1849.1998291015625]",1
frame_0057.png,extras,pair_of_ramps,pair of ramps,pair of ramps.,0.18,0.18,5,0.3652,"[1093.798583984375, 1.7967277765274048, 2871.376708984375, 1246.92919921875]",1
frame_0057.png,extras,pair_of_ramps,loading ramps,loading ramps.,0.18,0.18,8,0.2734,"[1961.76025390625, 770.6962890625, 2878.40966796875, 1252.420166015625]",1
frame_0057.png,extras,pair_of_ramps,metal ramps on ground,metal ramps on ground.,0.18,0.18,7,0.5022,"[8.967676162719727, 947.0950927734375, 2870.01416015625, 1847.6119384765625]",1
frame_0057.png,extras,pair_of_ramps,vehicle loading ramp,vehicle loading ramp.,0.18,0.18,5,0.3958,"[1508.4947509765625, 502.6271667480469, 2119.34228515625, 1210.256103515625]",1
frame_0057.png,extras,pair_of_ramps,two metal ramps,two metal ramps.,0.18,0.18,2,0.3794,"[1079.5369873046875, 2.385751724243164, 2871.884033203125, 1250.6644287109375]",1
frame_0057.png,extras,pair_of_ramps,ramp,ramp.,0.18,0.18,1,0.2063,"[1514.97607421875, 506.1078186035156, 2116.71923828125, 1206.675537109375]",1
frame_0057.png,extras,pair_of_ramps,aluminum ramp,aluminum ramp.,0.18,0.18,7,0.3412,"[2281.964599609375, 771.3974609375, 2877.0205078125, 920.1713256835938]",1
frame_0057.png,extras,pair_of_ramps,incline ramp,incline ramp.,0.18,0.18,0,0.0,,0
frame_0057.png,extras,trailer,trailer,trailer.,0.18,0.18,4,0.329,"[1965.584228515625, 773.0520629882812, 2879.149658203125, 1254.6473388671875]",1
frame_0057.png,extras,trailer,cargo trailer,cargo trailer.,0.18,0.18,5,0.3883,"[1961.1904296875, 773.4213256835938, 2878.607421875, 1253.6610107421875]",1
frame_0057.png,extras,trailer,vehicle trailer,vehicle trailer.,0.18,0.18,6,0.3616,"[1962.4383544921875, 770.1365356445312, 2879.051513671875, 1253.94287109375]",1
frame_0057.png,extras,trailer,wheeled trailer,wheeled trailer.,0.18,0.18,4,0.4252,"[1962.7431640625, 773.3618774414062, 2878.4228515625, 1255.1925048828125]",1
frame_0057.png,extras,trailer,small trailer,small trailer.,0.18,0.18,5,0.3977,"[1961.7669677734375, 772.6315307617188, 2877.324951171875, 1255.48828125]",1
frame_0057.png,extras,trailer,utility trailer,utility trailer.,0.18,0.18,3,0.514,"[993.5694580078125, 361.8008117675781, 1409.506103515625, 1004.5030517578125]",1
frame_0057.png,extras,trailer,open trailer,open trailer.,0.18,0.18,6,0.4354,"[1956.490234375, 772.5842895507812, 2877.622802734375, 1253.9918212890625]",1
frame_0057.png,extras,trailer,covered trailer,covered trailer.,0.18,0.18,4,0.3532,"[1101.2022705078125, 2.102381706237793, 2877.89404296875, 1255.3765869140625]",1
frame_0057.png,extras,trailer,container trailer,container trailer.,0.18,0.18,2,0.4456,"[994.9656372070312, 362.2431945800781, 1407.471923828125, 999.338623046875]",1
frame_0058.png,production,trailer,ALL_GROUP,trailer. cargo trailer. vehicle trailer. wheeled trailer. flatbed trailer. black trailer. utility trailer.,0.2,0.2,6,0.3862,"[536.9760131835938, 789.3866577148438, 849.89453125, 1131.362060546875]",1
frame_0058.png,production,electric utility vehicle+electric wheelchair+electric scooter+trolley,ALL_GROUP,electric utility vehicle. small electric cart. utility vehicle. golf cart. electric cart. small white utility vehicle. electric wheelchair. motorized wheelchair. power wheelchair. mobility scooter wheelchair. electric scooter. mobility scooter. stand-up scooter. kick scooter. scooter. trolley. hand cart. hand truck. luggage cart. flatbed cart. push cart. utility cart.,0.22,0.22,5,0.3736,"[531.9390258789062, 784.9768676757812, 853.0824584960938, 1133.5504150390625]",1
frame_0058.png,production,pair of ramps,ALL_GROUP,pair of ramps. loading ramp. metal ramp. vehicle loading ramp. two metal ramps. aluminum ramp.,0.2,0.2,8,0.3102,"[1292.1773681640625, 253.66033935546875, 1752.0352783203125, 1148.3970947265625]",1
frame_0058.png,production,portable power station+basketball,ALL_GROUP,portable power station. large power bank. battery box. power generator box. portable battery. power station. basketball. orange basketball. sports ball. rubber ball.,0.22,0.22,0,0.0,,0
frame_0058.png,production,rectangular table+umbrella,ALL_GROUP,rectangular table. outdoor table. picnic table. long rectangular table. folding table. work table. umbrella. outdoor umbrella. parasol. patio umbrella. hand umbrella.,0.24,0.24,0,0.0,,0
frame_0058.png,production,cardboard box,ALL_GROUP,cardboard box. brown cardboard box. cardboard package. shipping box.,0.26,0.26,0,0.0,,0
frame_0058.png,production,chair,ALL_GROUP,chair. folding chair. outdoor chair. plastic chair. armless chair.,0.3,0.3,1,0.3545,"[538.6842041015625, 788.16943359375, 850.0042114257812, 1129.4056396484375]",1
frame_0058.png,production,traffic cone+prohibition sign,ALL_GROUP,traffic cone. road cone. safety cone. orange cone. construction cone. prohibition sign. no entry sign. red prohibition sign. do not enter sign. stop sign. red circular sign.,0.22,0.22,1,0.2399,"[1957.460205078125, 484.5781555175781, 2497.5986328125, 976.197509765625]",1
frame_0058.png,extras,basketball,basketball,basketball.,0.18,0.18,0,0.0,,0
frame_0058.png,extras,basketball,orange basketball,orange basketball.,0.18,0.18,0,0.0,,0
frame_0058.png,extras,basketball,round orange ball,round orange ball.,0.18,0.18,1,0.694,"[1156.3743896484375, 1645.3740234375, 1687.9560546875, 1854.89599609375]",1
frame_0058.png,extras,basketball,rubber ball on ground,rubber ball on ground.,0.18,0.18,2,0.6409,"[1146.3651123046875, 1632.8212890625, 1691.7022705078125, 1851.816650390625]",1
frame_0058.png,extras,basketball,sports ball,sports ball.,0.18,0.18,1,0.368,"[1159.921142578125, 1652.58349609375, 1690.2010498046875, 1857.107177734375]",1
frame_0058.png,extras,basketball,ball,ball.,0.18,0.18,1,0.2313,"[1160.4071044921875, 1651.4461669921875, 1691.6988525390625, 1856.6214599609375]",1
frame_0058.png,extras,umbrella,umbrella,umbrella.,0.2,0.2,0,0.0,,0
frame_0058.png,extras,umbrella,outdoor umbrella,outdoor umbrella.,0.2,0.2,1,0.2219,"[2169.525146484375, 12.739511489868164, 2873.060791015625, 1578.1702880859375]",1
frame_0058.png,extras,umbrella,patio umbrella,patio umbrella.,0.2,0.2,0,0.0,,0
frame_0058.png,extras,umbrella,open umbrella,open umbrella.,0.2,0.2,2,0.3625,"[2167.947998046875, 14.948877334594727, 2873.08984375, 1579.3748779296875]",1
frame_0058.png,extras,umbrella,parasol,parasol.,0.2,0.2,0,0.0,,0
frame_0058.png,extras,umbrella,shade umbrella,shade umbrella.,0.2,0.2,2,0.2455,"[1556.6668701171875, 0.8300712704658508, 2466.210205078125, 262.8653259277344]",1
frame_0058.png,extras,umbrella,folded umbrella,folded umbrella.,0.2,0.2,5,0.4513,"[2170.31396484375, 13.993112564086914, 2877.53369140625, 1579.26025390625]",1
frame_0058.png,extras,electric_wheelchair,electric wheelchair,electric wheelchair.,0.2,0.2,2,0.5678,"[538.1942749023438, 788.2225341796875, 848.681640625, 1130.734130859375]",1
frame_0058.png,extras,electric_wheelchair,motorized wheelchair,motorized wheelchair.,0.2,0.2,1,0.7973,"[536.149658203125, 786.3652954101562, 850.1224975585938, 1131.3304443359375]",1
frame_0058.png,extras,electric_wheelchair,power wheelchair,power wheelchair.,0.2,0.2,2,0.6545,"[538.0223999023438, 787.8690795898438, 848.3429565429688, 1130.6756591796875]",1
frame_0058.png,extras,electric_wheelchair,wheelchair,wheelchair.,0.2,0.2,2,0.5678,"[539.3893432617188, 788.2944946289062, 847.308349609375, 1129.5478515625]",1
frame_0058.png,extras,electric_wheelchair,mobility chair,mobility chair.,0.2,0.2,2,0.6775,"[537.7487182617188, 786.038330078125, 848.7133178710938, 1129.56982421875]",1
frame_0058.png,extras,electric_wheelchair,powered mobility scooter,powered mobility scooter.,0.2,0.2,2,0.4899,"[2166.1103515625, 14.146549224853516, 2875.04345703125, 1580.3824462890625]",1
frame_0058.png,extras,electric_scooter,electric scooter,electric scooter.,0.2,0.2,2,0.4804,"[2167.6982421875, 13.685020446777344, 2876.0712890625, 1579.1871337890625]",1
frame_0058.png,extras,electric_scooter,stand-up scooter,stand-up scooter.,0.2,0.2,2,0.4503,"[530.352783203125, 783.153076171875, 855.7418212890625, 1134.4554443359375]",1
frame_0058.png,extras,electric_scooter,kick scooter,kick scooter.,0.2,0.2,1,0.6156,"[2168.387939453125, 15.24427604675293, 2877.41357421875, 1580.3079833984375]",1
frame_0058.png,extras,electric_scooter,two-wheeled scooter,two-wheeled scooter.,0.2,0.2,3,0.4332,"[529.653076171875, 783.5283813476562, 856.19091796875, 1134.6361083984375]",1
frame_0058.png,extras,electric_scooter,scooter,scooter.,0.2,0.2,2,0.3851,"[2167.385498046875, 13.033468246459961, 2876.68017578125, 1578.647705078125]",1
frame_0058.png,extras,electric_scooter,electric kick scooter,electric kick scooter.,0.2,0.2,1,0.6789,"[2165.023681640625, 16.197546005249023, 2874.57470703125, 1580.997314453125]",1
frame_0058.png,extras,prohibition_sign,prohibition sign,prohibition sign.,0.2,0.2,3,0.3609,"[1297.5196533203125, 257.7322082519531, 1743.6134033203125, 1140.5264892578125]",1
frame_0058.png,extras,prohibition_sign,no entry sign,no entry sign.,0.2,0.2,4,0.3699,"[1283.677734375, 256.1497497558594, 1755.92236328125, 1140.372314453125]",1
frame_0058.png,extras,prohibition_sign,red prohibition sign,red prohibition sign.,0.2,0.2,4,0.3446,"[1290.86328125, 256.09259033203125, 1752.0028076171875, 1140.097900390625]",1
frame_0058.png,extras,prohibition_sign,do not enter sign,do not enter sign.,0.2,0.2,4,0.3246,"[1287.7099609375, 255.38540649414062, 1754.72021484375, 1141.5299072265625]",1
frame_0058.png,extras,prohibition_sign,stop sign,stop sign.,0.2,0.2,0,0.0,,0
frame_0058.png,extras,prohibition_sign,red circular sign,red circular sign.,0.2,0.2,5,0.4062,"[1153.69873046875, 1642.08740234375, 1694.039794921875, 1853.400390625]",1
frame_0058.png,extras,prohibition_sign,warning sign,warning sign.,0.2,0.2,4,0.383,"[1950.6602783203125, 488.783447265625, 2497.72998046875, 999.5975952148438]",1
frame_0058.png,extras,prohibition_sign,red sign on ground,red sign on ground.,0.2,0.2,5,0.5289,"[10.116262435913086, 951.3676147460938, 2869.0302734375, 1848.44677734375]",1
frame_0058.png,extras,pair_of_ramps,pair of ramps,pair of ramps.,0.18,0.18,7,0.3152,"[1287.927978515625, 252.02980041503906, 1754.702392578125, 1146.6783447265625]",1
frame_0058.png,extras,pair_of_ramps,loading ramps,loading ramps.,0.18,0.18,4,0.2783,"[1300.292236328125, 257.8026123046875, 1741.2628173828125, 1142.2266845703125]",1
frame_0058.png,extras,pair_of_ramps,metal ramps on ground,metal ramps on ground.,0.18,0.18,5,0.5408,"[10.127592086791992, 951.2738037109375, 2868.018798828125, 1847.027099609375]",1
frame_0058.png,extras,pair_of_ramps,vehicle loading ramp,vehicle loading ramp.,0.18,0.18,7,0.3414,"[1941.335693359375, 486.8127136230469, 2495.087890625, 1015.9113159179688]",1
frame_0058.png,extras,pair_of_ramps,two metal ramps,two metal ramps.,0.18,0.18,5,0.3179,"[1286.589111328125, 252.17706298828125, 1751.240234375, 1149.2991943359375]",1
frame_0058.png,extras,pair_of_ramps,ramp,ramp.,0.18,0.18,0,0.0,,0
frame_0058.png,extras,pair_of_ramps,aluminum ramp,aluminum ramp.,0.18,0.18,4,0.33,"[2243.53564453125, 1672.0814208984375, 2878.00927734375, 1853.619384765625]",1
frame_0058.png,extras,pair_of_ramps,incline ramp,incline ramp.,0.18,0.18,0,0.0,,0
frame_0058.png,extras,trailer,trailer,trailer.,0.18,0.18,5,0.3475,"[1944.86474609375, 488.8811950683594, 2492.620361328125, 1013.55712890625]",1
frame_0058.png,extras,trailer,cargo trailer,cargo trailer.,0.18,0.18,4,0.525,"[1944.8077392578125, 488.251708984375, 2493.040283203125, 1015.0640258789062]",1
frame_0058.png,extras,trailer,vehicle trailer,vehicle trailer.,0.18,0.18,8,0.5221,"[1944.3416748046875, 486.54937744140625, 2494.5888671875, 1014.757568359375]",1
frame_0058.png,extras,trailer,wheeled trailer,wheeled trailer.,0.18,0.18,5,0.4707,"[537.8316650390625, 788.4141845703125, 849.5711059570312, 1130.738037109375]",1
frame_0058.png,extras,trailer,small trailer,small trailer.,0.18,0.18,3,0.4916,"[1944.00244140625, 487.0195007324219, 2493.309326171875, 1016.0768432617188]",1
frame_0058.png,extras,trailer,utility trailer,utility trailer.,0.18,0.18,3,0.5022,"[1943.7384033203125, 487.3577880859375, 2491.56103515625, 1017.7445068359375]",1
frame_0058.png,extras,trailer,open trailer,open trailer.,0.18,0.18,4,0.4617,"[1943.072265625, 487.5791320800781, 2495.1962890625, 1016.3065795898438]",1
frame_0058.png,extras,trailer,covered trailer,covered trailer.,0.18,0.18,4,0.5217,"[1944.1385498046875, 487.78057861328125, 2492.2412109375, 1015.1875]",1
frame_0058.png,extras,trailer,container trailer,container trailer.,0.18,0.18,5,0.4499,"[1946.015869140625, 487.6436462402344, 2489.9580078125, 1013.0626831054688]",1
frame_0059.png,production,trailer,ALL_GROUP,trailer. cargo trailer. vehicle trailer. wheeled trailer. flatbed trailer. black trailer. utility trailer.,0.2,0.2,4,0.4262,"[440.7851867675781, 772.5399169921875, 773.986328125, 1155.01025390625]",1
frame_0059.png,production,electric utility vehicle+electric wheelchair+electric scooter+trolley,ALL_GROUP,electric utility vehicle. small electric cart. utility vehicle. golf cart. electric cart. small white utility vehicle. electric wheelchair. motorized wheelchair. power wheelchair. mobility scooter wheelchair. electric scooter. mobility scooter. stand-up scooter. kick scooter. scooter. trolley. hand cart. hand truck. luggage cart. flatbed cart. push cart. utility cart.,0.22,0.22,5,0.3779,"[434.8269348144531, 767.298583984375, 778.4555053710938, 1158.4559326171875]",1
frame_0059.png,production,pair of ramps,ALL_GROUP,pair of ramps. loading ramp. metal ramp. vehicle loading ramp. two metal ramps. aluminum ramp.,0.2,0.2,7,0.3315,"[1954.963134765625, 456.6261291503906, 2542.5732421875, 1026.6319580078125]",1
frame_0059.png,production,portable power station+basketball,ALL_GROUP,portable power station. large power bank. battery box. power generator box. portable battery. power station. basketball. orange basketball. sports ball. rubber ball.,0.22,0.22,2,0.2856,"[1283.3712158203125, 221.73875427246094, 1779.705322265625, 1180.9019775390625]",1
frame_0059.png,production,rectangular table+umbrella,ALL_GROUP,rectangular table. outdoor table. picnic table. long rectangular table. folding table. work table. umbrella. outdoor umbrella. parasol. patio umbrella. hand umbrella.,0.24,0.24,1,0.2982,"[1302.119384765625, 793.2954711914062, 1762.298583984375, 1174.86279296875]",1
frame_0059.png,production,cardboard box,ALL_GROUP,cardboard box. brown cardboard box. cardboard package. shipping box.,0.26,0.26,0,0.0,,0
frame_0059.png,production,chair,ALL_GROUP,chair. folding chair. outdoor chair. plastic chair. armless chair.,0.3,0.3,1,0.3342,"[443.2931823730469, 771.3714599609375, 774.52783203125, 1153.70947265625]",1
frame_0059.png,production,traffic cone+prohibition sign,ALL_GROUP,traffic cone. road cone. safety cone. orange cone. construction cone. prohibition sign. no entry sign. red prohibition sign. do not enter sign. stop sign. red circular sign.,0.22,0.22,2,0.2942,"[1962.2650146484375, 453.7853088378906, 2546.3564453125, 994.8679809570312]",1
frame_0059.png,extras,basketball,basketball,basketball.,0.18,0.18,0,0.0,,0
frame_0059.png,extras,basketball,orange basketball,orange basketball.,0.18,0.18,0,0.0,,0
frame_0059.png,extras,basketball,round orange ball,round orange ball.,0.18,0.18,1,0.731,"[1155.8775634765625, 1644.39111328125, 1669.6016845703125, 1854.33349609375]",1
frame_0059.png,extras,basketball,rubber ball on ground,rubber ball on ground.,0.18,0.18,2,0.6094,"[1146.733154296875, 1633.071533203125, 1675.96484375, 1851.7236328125]",1
frame_0059.png,extras,basketball,sports ball,sports ball.,0.18,0.18,1,0.3884,"[1158.72900390625, 1652.216552734375, 1660.736083984375, 1857.3074951171875]",1
frame_0059.png,extras,basketball,ball,ball.,0.18,0.18,1,0.2521,"[1158.93115234375, 1651.794677734375, 1661.2127685546875, 1856.7213134765625]",1
frame_0059.png,extras,umbrella,umbrella,umbrella.,0.2,0.2,3,0.2701,"[1556.6527099609375, 0.08104205131530762, 2879.2099609375, 1545.6947021484375]",1
frame_0059.png,extras,umbrella,outdoor umbrella,outdoor umbrella.,0.2,0.2,1,0.3524,"[1559.062744140625, 1.5181249380111694, 2878.074462890625, 1547.413818359375]",1
frame_0059.png,extras,umbrella,patio umbrella,patio umbrella.,0.2,0.2,1,0.2833,"[1559.2763671875, 0.9514403343200684, 2877.720947265625, 1547.768310546875]",1
frame_0059.png,extras,umbrella,open umbrella,open umbrella.,0.2,0.2,2,0.4462,"[1556.8011474609375, 2.792957305908203, 2876.63916015625, 1547.910888671875]",1
frame_0059.png,extras,umbrella,parasol,parasol.,0.2,0.2,0,0.0,,0
frame_0059.png,extras,umbrella,shade umbrella,shade umbrella.,0.2,0.2,3,0.3681,"[1557.54833984375, 2.293124198913574, 2878.148681640625, 1547.27978515625]",1
frame_0059.png,extras,umbrella,folded umbrella,folded umbrella.,0.2,0.2,6,0.3558,"[2394.55908203125, 128.05775451660156, 2879.540283203125, 1549.302734375]",1
frame_0059.png,extras,electric_wheelchair,electric wheelchair,electric wheelchair.,0.2,0.2,1,0.5949,"[440.9788513183594, 771.0850830078125, 773.13134765625, 1155.24169921875]",1
frame_0059.png,extras,electric_wheelchair,motorized wheelchair,motorized wheelchair.,0.2,0.2,1,0.8902,"[438.1893005371094, 768.6898803710938, 775.2618408203125, 1156.584228515625]",1
frame_0059.png,extras,electric_wheelchair,power wheelchair,power wheelchair.,0.2,0.2,1,0.6649,"[440.82818603515625, 770.6341552734375, 773.0714111328125, 1155.532470703125]",1
frame_0059.png,extras,electric_wheelchair,wheelchair,wheelchair.,0.2,0.2,1,0.5669,"[442.295166015625, 771.3247680664062, 771.348388671875, 1154.4378662109375]",1
frame_0059.png,extras,electric_wheelchair,mobility chair,mobility chair.,0.2,0.2,1,0.7652,"[441.26800537109375, 768.7904663085938, 773.7059936523438, 1154.2327880859375]",1
frame_0059.png,extras,electric_wheelchair,powered mobility scooter,powered mobility scooter.,0.2,0.2,1,0.8052,"[436.52593994140625, 767.7796020507812, 777.8359985351562, 1157.0716552734375]",1
frame_0059.png,extras,electric_scooter,electric scooter,electric scooter.,0.2,0.2,2,0.3985,"[440.243896484375, 772.0695190429688, 773.364013671875, 1154.2967529296875]",1
frame_0059.png,extras,electric_scooter,stand-up scooter,stand-up scooter.,0.2,0.2,1,0.8613,"[433.22039794921875, 765.9832153320312, 780.3909912109375, 1159.1278076171875]",1
frame_0059.png,extras,electric_scooter,kick scooter,kick scooter.,0.2,0.2,3,0.3866,"[439.97369384765625, 772.1848754882812, 774.8099975585938, 1155.864990234375]",1
frame_0059.png,extras,electric_scooter,two-wheeled scooter,two-wheeled scooter.,0.2,0.2,1,0.8335,"[432.808837890625, 767.1466064453125, 780.6876220703125, 1159.568359375]",1
frame_0059.png,extras,electric_scooter,scooter,scooter.,0.2,0.2,1,0.3708,"[442.0698547363281, 772.615478515625, 771.0213623046875, 1153.92822265625]",1
frame_0059.png,extras,electric_scooter,electric kick scooter,electric kick scooter.,0.2,0.2,3,0.5227,"[436.5013122558594, 771.13330078125, 777.570068359375, 1157.160888671875]",1
frame_0059.png,extras,prohibition_sign,prohibition sign,prohibition sign.,0.2,0.2,4,0.4006,"[1963.2918701171875, 460.8727111816406, 2539.642822265625, 1001.8250732421875]",1
frame_0059.png,extras,prohibition_sign,no entry sign,no entry sign.,0.2,0.2,4,0.3435,"[1964.488037109375, 450.5044250488281, 2549.61669921875, 1006.83349609375]",1
frame_0059.png,extras,prohibition_sign,red prohibition sign,red prohibition sign.,0.2,0.2,4,0.3777,"[1961.6304931640625, 456.6385498046875, 2544.0244140625, 997.5951538085938]",1
frame_0059.png,extras,prohibition_sign,do not enter sign,do not enter sign.,0.2,0.2,4,0.3214,"[1958.7696533203125, 453.3931884765625, 2546.14013671875, 989.248046875]",1
frame_0059.png,extras,prohibition_sign,stop sign,stop sign.,0.2,0.2,0,0.0,,0
frame_0059.png,extras,prohibition_sign,red circular sign,red circular sign.,0.2,0.2,4,0.3744,"[1152.7933349609375, 1642.006103515625, 1674.66064453125, 1852.4158935546875]",1
frame_0059.png,extras,prohibition_sign,warning sign,warning sign.,0.2,0.2,4,0.4114,"[1963.2664794921875, 460.8802490234375, 2538.70947265625, 1003.6973876953125]",1
frame_0059.png,extras,prohibition_sign,red sign on ground,red sign on ground.,0.2,0.2,4,0.4961,"[10.274190902709961, 948.4252319335938, 2869.2470703125, 1848.354736328125]",1
frame_0059.png,extras,pair_of_ramps,pair of ramps,pair of ramps.,0.18,0.18,6,0.3675,"[1276.16796875, 218.61524963378906, 1783.71533203125, 1185.5538330078125]",1
frame_0059.png,extras,pair_of_ramps,loading ramps,loading ramps.,0.18,0.18,4,0.2976,"[1287.953125, 225.37123107910156, 1772.913330078125, 1178.2142333984375]",1
frame_0059.png,extras,pair_of_ramps,metal ramps on ground,metal ramps on ground.,0.18,0.18,4,0.5199,"[9.579305648803711, 946.3159790039062, 2868.951171875, 1846.703369140625]",1
frame_0059.png,extras,pair_of_ramps,vehicle loading ramp,vehicle loading ramp.,0.18,0.18,6,0.3734,"[1957.064697265625, 459.64080810546875, 2540.4052734375, 1022.9920654296875]",1
frame_0059.png,extras,pair_of_ramps,two metal ramps,two metal ramps.,0.18,0.18,4,0.3459,"[1274.418701171875, 218.60549926757812, 1783.9261474609375, 1185.7547607421875]",1
frame_0059.png,extras,pair_of_ramps,ramp,ramp.,0.18,0.18,1,0.1816,"[443.3067932128906, 773.5164184570312, 771.388916015625, 1150.91162109375]",1
frame_0059.png,extras,pair_of_ramps,aluminum ramp,aluminum ramp.,0.18,0.18,4,0.2887,"[1287.1754150390625, 224.84967041015625, 1773.3756103515625, 1175.847412109375]",1
frame_0059.png,extras,pair_of_ramps,incline ramp,incline ramp.,0.18,0.18,0,0.0,,0
frame_0059.png,extras,trailer,trailer,trailer.,0.18,0.18,5,0.3883,"[443.5044250488281, 772.2781982421875, 771.4671020507812, 1152.55322265625]",1
frame_0059.png,extras,trailer,cargo trailer,cargo trailer.,0.18,0.18,4,0.5323,"[1959.7666015625, 462.3233947753906, 2538.4140625, 1020.5127563476562]",1
frame_0059.png,extras,trailer,vehicle trailer,vehicle trailer.,0.18,0.18,7,0.5075,"[1959.4415283203125, 460.4291687011719, 2539.488037109375, 1020.6710815429688]",1
frame_0059.png,extras,trailer,wheeled trailer,wheeled trailer.,0.18,0.18,2,0.5808,"[441.47869873046875, 771.1802978515625, 773.9701538085938, 1155.0819091796875]",1
frame_0059.png,extras,trailer,small trailer,small trailer.,0.18,0.18,2,0.4605,"[1958.019287109375, 459.3800354003906, 2539.935302734375, 1021.765625]",1
frame_0059.png,extras,trailer,utility trailer,utility trailer.,0.18,0.18,3,0.5376,"[1959.1373291015625, 461.032470703125, 2538.79931640625, 1024.8619384765625]",1
frame_0059.png,extras,trailer,open trailer,open trailer.,0.18,0.18,4,0.4813,"[1958.16552734375, 460.88739013671875, 2539.542724609375, 1020.813232421875]",1
frame_0059.png,extras,trailer,covered trailer,covered trailer.,0.18,0.18,1,0.5929,"[1959.576416015625, 461.79754638671875, 2539.708740234375, 1018.2318725585938]",1
frame_0059.png,extras,trailer,container trailer,container trailer.,0.18,0.18,6,0.4794,"[1961.425537109375, 461.5361022949219, 2538.35546875, 1018.0052490234375]",1
frame_0060.png,production,trailer,ALL_GROUP,trailer. cargo trailer. vehicle trailer. wheeled trailer. flatbed trailer. black trailer. utility trailer.,0.2,0.2,7,0.4513,"[513.2753295898438, 764.0369873046875, 847.9237670898438, 1173.559814453125]",1
frame_0060.png,production,electric utility vehicle+electric wheelchair+electric scooter+trolley,ALL_GROUP,electric utility vehicle. small electric cart. utility vehicle. golf cart. electric cart. small white utility vehicle. electric wheelchair. motorized wheelchair. power wheelchair. mobility scooter wheelchair. electric scooter. mobility scooter. stand-up scooter. kick scooter. scooter. trolley. hand cart. hand truck. luggage cart. flatbed cart. push cart. utility cart.,0.22,0.22,3,0.3971,"[2104.386962890625, 395.55230712890625, 2786.61083984375, 1034.1962890625]",1
frame_0060.png,production,pair of ramps,ALL_GROUP,pair of ramps. loading ramp. metal ramp. vehicle loading ramp. two metal ramps. aluminum ramp.,0.2,0.2,8,0.3716,"[2107.15087890625, 394.0325927734375, 2787.46240234375, 1033.4200439453125]",1
frame_0060.png,production,portable power station+basketball,ALL_GROUP,portable power station. large power bank. battery box. power generator box. portable battery. power station. basketball. orange basketball. sports ball. rubber ball.,0.22,0.22,1,0.2977,"[1391.0416259765625, 168.39202880859375, 1947.4432373046875, 1219.400390625]",1
frame_0060.png,production,rectangular table+umbrella,ALL_GROUP,rectangular table. outdoor table. picnic table. long rectangular table. folding table. work table. umbrella. outdoor umbrella. parasol. patio umbrella. hand umbrella.,0.24,0.24,0,0.0,,0
frame_0060.png,production,cardboard box,ALL_GROUP,cardboard box. brown cardboard box. cardboard package. shipping box.,0.26,0.26,0,0.0,,0
frame_0060.png,production,chair,ALL_GROUP,chair. folding chair. outdoor chair. plastic chair. armless chair.,0.3,0.3,2,0.3448,"[516.032958984375, 763.0935668945312, 847.884521484375, 1172.5240478515625]",1
frame_0060.png,production,traffic cone+prohibition sign,ALL_GROUP,traffic cone. road cone. safety cone. orange cone. construction cone. prohibition sign. no entry sign. red prohibition sign. do not enter sign. stop sign. red circular sign.,0.22,0.22,4,0.2597,"[1401.861083984375, 420.244873046875, 1895.660400390625, 778.7492065429688]",1
frame_0060.png,extras,basketball,basketball,basketball.,0.18,0.18,1,0.1815,"[517.5712890625, 766.7974243164062, 843.2774047851562, 1170.7618408203125]",1
frame_0060.png,extras,basketball,orange basketball,orange basketball.,0.18,0.18,0,0.0,,0
frame_0060.png,extras,basketball,round orange ball,round orange ball.,0.18,0.18,1,0.7143,"[1150.335693359375, 1644.993896484375, 1687.6727294921875, 1854.2659912109375]",1
frame_0060.png,extras,basketball,rubber ball on ground,rubber ball on ground.,0.18,0.18,2,0.5771,"[1141.9595947265625, 1633.0198974609375, 1691.8284912109375, 1851.7552490234375]",1
frame_0060.png,extras,basketball,sports ball,sports ball.,0.18,0.18,1,0.3612,"[1152.608154296875, 1654.4923095703125, 1687.45849609375, 1856.61669921875]",1
frame_0060.png,extras,basketball,ball,ball.,0.18,0.18,2,0.2335,"[1152.335693359375, 1653.9141845703125, 1689.2486572265625, 1856.40869140625]",1
frame_0060.png,extras,umbrella,umbrella,umbrella.,0.2,0.2,0,0.0,,0
frame_0060.png,extras,umbrella,outdoor umbrella,outdoor umbrella.,0.2,0.2,0,0.0,,0
frame_0060.png,extras,umbrella,patio umbrella,patio umbrella.,0.2,0.2,0,0.0,,0
frame_0060.png,extras,umbrella,open umbrella,open umbrella.,0.2,0.2,3,0.3741,"[1151.1724853515625, 1647.9658203125, 1689.4564208984375, 1853.7607421875]",1
frame_0060.png,extras,umbrella,parasol,parasol.,0.2,0.2,0,0.0,,0
frame_0060.png,extras,umbrella,shade umbrella,shade umbrella.,0.2,0.2,3,0.2506,"[2248.6044921875, 1672.2010498046875, 2878.097900390625, 1853.1591796875]",1
frame_0060.png,extras,umbrella,folded umbrella,folded umbrella.,0.2,0.2,6,0.3553,"[1153.5338134765625, 1652.9466552734375, 1690.3673095703125, 1854.711669921875]",1
frame_0060.png,extras,electric_wheelchair,electric wheelchair,electric wheelchair.,0.2,0.2,1,0.5027,"[513.2457885742188, 763.4508056640625, 847.4014892578125, 1173.134033203125]",1
frame_0060.png,extras,electric_wheelchair,motorized wheelchair,motorized wheelchair.,0.2,0.2,1,0.9354,"[510.4767761230469, 760.8388671875, 849.178955078125, 1175.1710205078125]",1
frame_0060.png,extras,electric_wheelchair,power wheelchair,power wheelchair.,0.2,0.2,1,0.6434,"[512.8872680664062, 762.336181640625, 847.9439697265625, 1174.220458984375]",1
frame_0060.png,extras,electric_wheelchair,wheelchair,wheelchair.,0.2,0.2,1,0.4462,"[515.1788940429688, 764.2906494140625, 845.5604248046875, 1172.6651611328125]",1
frame_0060.png,extras,electric_wheelchair,mobility chair,mobility chair.,0.2,0.2,2,0.6789,"[513.6997680664062, 761.1305541992188, 847.4036254882812, 1171.950927734375]",1
frame_0060.png,extras,electric_wheelchair,powered mobility scooter,powered mobility scooter.,0.2,0.2,1,0.8998,"[508.5367431640625, 758.859130859375, 852.3426513671875, 1175.9647216796875]",1
frame_0060.png,extras,electric_scooter,electric scooter,electric scooter.,0.2,0.2,1,0.3217,"[512.44482421875, 764.0697631835938, 847.4940185546875, 1172.941650390625]",1
frame_0060.png,extras,electric_scooter,stand-up scooter,stand-up scooter.,0.2,0.2,1,0.9495,"[505.0064392089844, 757.1760864257812, 854.8419799804688, 1177.754150390625]",1
frame_0060.png,extras,electric_scooter,kick scooter,kick scooter.,0.2,0.2,1,0.8004,"[512.337890625, 763.648193359375, 849.1131591796875, 1174.321533203125]",1
frame_0060.png,extras,electric_scooter,two-wheeled scooter,two-wheeled scooter.,0.2,0.2,1,0.9379,"[505.1005859375, 759.3455200195312, 854.458251953125, 1177.5584716796875]",1
frame_0060.png,extras,electric_scooter,scooter,scooter.,0.2,0.2,1,0.2824,"[515.5145263671875, 765.6547241210938, 845.2903442382812, 1172.52392578125]",1
frame_0060.png,extras,electric_scooter,electric kick scooter,electric kick scooter.,0.2,0.2,1,0.8194,"[508.13922119140625, 761.9580688476562, 851.550537109375, 1175.978759765625]",1
frame_0060.png,extras,prohibition_sign,prohibition sign,prohibition sign.,0.2,0.2,6,0.3768,"[2116.2646484375, 398.4978942871094, 2784.537109375, 998.4156494140625]",1
frame_0060.png,extras,prohibition_sign,no entry sign,no entry sign.,0.2,0.2,5,0.3266,"[1386.450439453125, 179.5824432373047, 1907.0220947265625, 816.4105224609375]",1
frame_0060.png,extras,prohibition_sign,red prohibition sign,red prohibition sign.,0.2,0.2,5,0.3337,"[1390.78173828125, 175.816162109375, 1902.08544921875, 810.814208984375]",1
frame_0060.png,extras,prohibition_sign,do not enter sign,do not enter sign.,0.2,0.2,5,0.3342,"[2113.8681640625, 389.6589050292969, 2790.257568359375, 994.1959228515625]",1
frame_0060.png,extras,prohibition_sign,stop sign,stop sign.,0.2,0.2,3,0.2863,"[1394.6580810546875, 173.2661590576172, 1894.6015625, 818.2767333984375]",1
frame_0060.png,extras,prohibition_sign,red circular sign,red circular sign.,0.2,0.2,3,0.3551,"[1146.8355712890625, 1642.881103515625, 1692.1151123046875, 1852.5902099609375]",1
frame_0060.png,extras,prohibition_sign,warning sign,warning sign.,0.2,0.2,6,0.3595,"[2116.865478515625, 398.631103515625, 2784.227294921875, 1000.3091430664062]",1
frame_0060.png,extras,prohibition_sign,red sign on ground,red sign on ground.,0.2,0.2,5,0.3933,"[1372.6395263671875, 166.1355438232422, 1998.3817138671875, 1240.7017822265625]",1
frame_0060.png,extras,pair_of_ramps,pair of ramps,pair of ramps.,0.18,0.18,7,0.3404,"[1381.9967041015625, 166.08432006835938, 1990.0360107421875, 1235.31787109375]",1
frame_0060.png,extras,pair_of_ramps,loading ramps,loading ramps.,0.18,0.18,5,0.28,"[1393.0184326171875, 170.57118225097656, 1983.2281494140625, 1228.2933349609375]",1
frame_0060.png,extras,pair_of_ramps,metal ramps on ground,metal ramps on ground.,0.18,0.18,5,0.5376,"[9.826326370239258, 956.1961059570312, 2869.5419921875, 1846.77490234375]",1
frame_0060.png,extras,pair_of_ramps,vehicle loading ramp,vehicle loading ramp.,0.18,0.18,4,0.3819,"[2108.348876953125, 397.7003479003906, 2785.548583984375, 1023.9752807617188]",1
frame_0060.png,extras,pair_of_ramps,two metal ramps,two metal ramps.,0.18,0.18,3,0.3747,"[1380.4857177734375, 165.20948791503906, 1991.24658203125, 1235.32666015625]",1
frame_0060.png,extras,pair_of_ramps,ramp,ramp.,0.18,0.18,1,0.1988,"[515.6477661132812, 765.8767700195312, 844.7229614257812, 1169.6492919921875]",1
frame_0060.png,extras,pair_of_ramps,aluminum ramp,aluminum ramp.,0.18,0.18,4,0.3941,"[2246.176513671875, 1670.4407958984375, 2877.968505859375, 1853.854736328125]",1
frame_0060.png,extras,pair_of_ramps,incline ramp,incline ramp.,0.18,0.18,0,0.0,,0
frame_0060.png,extras,trailer,trailer,trailer.,0.18,0.18,6,0.3583,"[2115.449462890625, 399.9082336425781, 2782.677734375, 1020.2816162109375]",1
frame_0060.png,extras,trailer,cargo trailer,cargo trailer.,0.18,0.18,4,0.5459,"[2114.943603515625, 400.5110168457031, 2783.580810546875, 1025.4718017578125]",1
frame_0060.png,extras,trailer,vehicle trailer,vehicle trailer.,0.18,0.18,9,0.5408,"[2113.866455078125, 398.20343017578125, 2783.993896484375, 1026.32080078125]",1
frame_0060.png,extras,trailer,wheeled trailer,wheeled trailer.,0.18,0.18,2,0.6294,"[514.3818359375, 763.392333984375, 847.3955688476562, 1173.3385009765625]",1
frame_0060.png,extras,trailer,small trailer,small trailer.,0.18,0.18,2,0.4367,"[2113.30712890625, 397.4183349609375, 2785.7099609375, 1026.71533203125]",1
frame_0060.png,extras,trailer,utility trailer,utility trailer.,0.18,0.18,3,0.5652,"[2114.271240234375, 399.3127136230469, 2783.85791015625, 1031.676513671875]",1
frame_0060.png,extras,trailer,open trailer,open trailer.,0.18,0.18,3,0.517,"[2112.90625, 399.52496337890625, 2785.01171875, 1024.7178955078125]",1
frame_0060.png,extras,trailer,covered trailer,covered trailer.,0.18,0.18,1,0.6191,"[2115.059326171875, 400.483154296875, 2784.49267578125, 1022.892822265625]",1
frame_0060.png,extras,trailer,container trailer,container trailer.,0.18,0.18,8,0.5025,"[2115.826416015625, 399.3154602050781, 2783.4326171875, 1022.4361572265625]",1
frame_0061.png,production,trailer,ALL_GROUP,trailer. cargo trailer. vehicle trailer. wheeled trailer. flatbed trailer. black trailer. utility trailer.,0.2,0.2,5,0.3915,"[550.5675048828125, 757.2908935546875, 890.0977172851562, 1186.4427490234375]",1
frame_0061.png,production,electric utility vehicle+electric wheelchair+electric scooter+trolley,ALL_GROUP,electric utility vehicle. small electric cart. utility vehicle. golf cart. electric cart. small white utility vehicle. electric wheelchair. motorized wheelchair. power wheelchair. mobility scooter wheelchair. electric scooter. mobility scooter. stand-up scooter. kick scooter. scooter. trolley. hand cart. hand truck. luggage cart. flatbed cart. push cart. utility cart.,0.22,0.22,3,0.3914,"[540.9006958007812, 753.1338500976562, 895.5160522460938, 1191.6705322265625]",1
frame_0061.png,production,pair of ramps,ALL_GROUP,pair of ramps. loading ramp. metal ramp. vehicle loading ramp. two metal ramps. aluminum ramp.,0.2,0.2,7,0.3983,"[544.6868896484375, 751.1092529296875, 895.3582763671875, 1186.6719970703125]",1
frame_0061.png,production,portable power station+basketball,ALL_GROUP,portable power station. large power bank. battery box. power generator box. portable battery. power station. basketball. orange basketball. sports ball. rubber ball.,0.22,0.22,2,0.3098,"[1464.0753173828125, 122.01817321777344, 2103.609375, 1249.765380859375]",1
frame_0061.png,production,rectangular table+umbrella,ALL_GROUP,rectangular table. outdoor table. picnic table. long rectangular table. folding table. work table. umbrella. outdoor umbrella. parasol. patio umbrella. hand umbrella.,0.24,0.24,1,0.2702,"[1526.9981689453125, 731.1842041015625, 2101.343017578125, 1252.941650390625]",1
frame_0061.png,production,cardboard box,ALL_GROUP,cardboard box. brown cardboard box. cardboard package. shipping box.,0.26,0.26,0,0.0,,0
frame_0061.png,production,chair,ALL_GROUP,chair. folding chair. outdoor chair. plastic chair. armless chair.,0.3,0.3,1,0.3365,"[552.023193359375, 756.0986938476562, 891.152587890625, 1185.87646484375]",1
frame_0061.png,production,traffic cone+prohibition sign,ALL_GROUP,traffic cone. road cone. safety cone. orange cone. construction cone. prohibition sign. no entry sign. red prohibition sign. do not enter sign. stop sign. red circular sign.,0.22,0.22,2,0.2415,"[1481.443115234375, 387.41802978515625, 2004.5718994140625, 747.3934936523438]",1
frame_0061.png,extras,basketball,basketball,basketball.,0.18,0.18,0,0.0,,0
frame_0061.png,extras,basketball,orange basketball,orange basketball.,0.18,0.18,0,0.0,,0
frame_0061.png,extras,basketball,round orange ball,round orange ball.,0.18,0.18,1,0.7011,"[1153.791748046875, 1646.5731201171875, 1687.38037109375, 1854.4969482421875]",1
frame_0061.png,extras,basketball,rubber ball on ground,rubber ball on ground.,0.18,0.18,5,0.5059,"[1145.833740234375, 1634.624755859375, 1693.418212890625, 1852.010498046875]",1
frame_0061.png,extras,basketball,sports ball,sports ball.,0.18,0.18,1,0.3403,"[1158.462158203125, 1655.641845703125, 1684.9110107421875, 1856.7940673828125]",1
frame_0061.png,extras,basketball,ball,ball.,0.18,0.18,2,0.2191,"[1159.4384765625, 1655.40478515625, 1689.5146484375, 1856.3857421875]",1
frame_0061.png,extras,umbrella,umbrella,umbrella.,0.2,0.2,0,0.0,,0
frame_0061.png,extras,umbrella,outdoor umbrella,outdoor umbrella.,0.2,0.2,0,0.0,,0
frame_0061.png,extras,umbrella,patio umbrella,patio umbrella.,0.2,0.2,0,0.0,,0
frame_0061.png,extras,umbrella,open umbrella,open umbrella.,0.2,0.2,2,0.3623,"[545.71240234375, 751.700439453125, 894.1104736328125, 1187.076171875]",1
frame_0061.png,extras,umbrella,parasol,parasol.,0.2,0.2,0,0.0,,0
frame_0061.png,extras,umbrella,shade umbrella,shade umbrella.,0.2,0.2,3,0.2765,"[551.9526977539062, 756.2094116210938, 888.8307495117188, 1183.6905517578125]",1
frame_0061.png,extras,umbrella,folded umbrella,folded umbrella.,0.2,0.2,5,0.4159,"[1159.572998046875, 1654.033935546875, 1690.7642822265625, 1855.132568359375]",1
frame_0061.png,extras,electric_wheelchair,electric wheelchair,electric wheelchair.,0.2,0.2,1,0.4595,"[549.412109375, 755.1694946289062, 889.8419189453125, 1185.984619140625]",1
frame_0061.png,extras,electric_wheelchair,motorized wheelchair,motorized wheelchair.,0.2,0.2,1,0.9184,"[547.337158203125, 752.9818115234375, 891.2874145507812, 1188.2430419921875]",1
frame_0061.png,extras,electric_wheelchair,power wheelchair,power wheelchair.,0.2,0.2,1,0.5772,"[549.045654296875, 754.4957885742188, 890.2840576171875, 1186.6724853515625]",1
frame_0061.png,extras,electric_wheelchair,wheelchair,wheelchair.,0.2,0.2,1,0.3277,"[552.2692260742188, 756.139404296875, 886.7965698242188, 1184.44482421875]",1
frame_0061.png,extras,electric_wheelchair,mobility chair,mobility chair.,0.2,0.2,2,0.6605,"[550.0684814453125, 754.0360717773438, 890.0685424804688, 1185.009765625]",1
frame_0061.png,extras,electric_wheelchair,powered mobility scooter,powered mobility scooter.,0.2,0.2,1,0.8725,"[545.4358520507812, 752.2341918945312, 894.1443481445312, 1188.8348388671875]",1
frame_0061.png,extras,electric_scooter,electric scooter,electric scooter.,0.2,0.2,1,0.2626,"[548.3536376953125, 755.7510375976562, 889.9468383789062, 1186.0072021484375]",1
frame_0061.png,extras,electric_scooter,stand-up scooter,stand-up scooter.,0.2,0.2,1,0.9136,"[542.3108520507812, 750.4052124023438, 896.206787109375, 1190.8974609375]",1
frame_0061.png,extras,electric_scooter,kick scooter,kick scooter.,0.2,0.2,1,0.7781,"[548.698974609375, 755.7955932617188, 891.5369262695312, 1187.676025390625]",1
frame_0061.png,extras,electric_scooter,two-wheeled scooter,two-wheeled scooter.,0.2,0.2,1,0.9126,"[540.714599609375, 751.5074462890625, 897.3400268554688, 1191.4019775390625]",1
frame_0061.png,extras,electric_scooter,scooter,scooter.,0.2,0.2,1,0.2533,"[552.1640014648438, 756.916015625, 886.557861328125, 1184.6343994140625]",1
frame_0061.png,extras,electric_scooter,electric kick scooter,electric kick scooter.,0.2,0.2,1,0.7756,"[544.1317138671875, 753.6144409179688, 894.0516967773438, 1188.9405517578125]",1
frame_0061.png,extras,prohibition_sign,prohibition sign,prohibition sign.,0.2,0.2,5,0.3678,"[1469.5921630859375, 128.1783447265625, 2013.4617919921875, 937.2147216796875]",1
frame_0061.png,extras,prohibition_sign,no entry sign,no entry sign.,0.2,0.2,5,0.3478,"[1453.973876953125, 132.814208984375, 2031.5224609375, 884.82763671875]",1
frame_0061.png,extras,prohibition_sign,red prohibition sign,red prohibition sign.,0.2,0.2,4,0.3285,"[1464.524169921875, 128.70062255859375, 2023.6820068359375, 933.3323974609375]",1
frame_0061.png,extras,prohibition_sign,do not enter sign,do not enter sign.,0.2,0.2,4,0.3376,"[1457.21826171875, 127.19231414794922, 2031.911376953125, 916.0082397460938]",1
frame_0061.png,extras,prohibition_sign,stop sign,stop sign.,0.2,0.2,1,0.2676,"[1471.2464599609375, 129.659912109375, 2007.0411376953125, 792.9393920898438]",1
frame_0061.png,extras,prohibition_sign,red circular sign,red circular sign.,0.2,0.2,4,0.3855,"[1150.8333740234375, 1643.5235595703125, 1695.986083984375, 1852.8968505859375]",1
frame_0061.png,extras,prohibition_sign,warning sign,warning sign.,0.2,0.2,4,0.3448,"[1470.0028076171875, 129.44918823242188, 2013.664306640625, 944.7801513671875]",1
frame_0061.png,extras,prohibition_sign,red sign on ground,red sign on ground.,0.2,0.2,5,0.5289,"[10.124759674072266, 952.8441162109375, 2870.529296875, 1848.895751953125]",1
frame_0061.png,extras,pair_of_ramps,pair of ramps,pair of ramps.,0.18,0.18,7,0.3587,"[1515.9876708984375, 724.1901245117188, 2122.78076171875, 1259.449951171875]",1
frame_0061.png,extras,pair_of_ramps,loading ramps,loading ramps.,0.18,0.18,8,0.2555,"[1469.44580078125, 127.07266235351562, 2094.7841796875, 1007.7664184570312]",1
frame_0061.png,extras,pair_of_ramps,metal ramps on ground,metal ramps on ground.,0.18,0.18,5,0.5246,"[9.81302261352539, 954.6654052734375, 2869.615234375, 1847.24658203125]",1
frame_0061.png,extras,pair_of_ramps,vehicle loading ramp,vehicle loading ramp.,0.18,0.18,5,0.4012,"[548.3026123046875, 754.3839111328125, 893.0289916992188, 1186.8026123046875]",1
frame_0061.png,extras,pair_of_ramps,two metal ramps,two metal ramps.,0.18,0.18,3,0.4369,"[1516.7724609375, 725.84423828125, 2114.091552734375, 1261.5926513671875]",1
frame_0061.png,extras,pair_of_ramps,ramp,ramp.,0.18,0.18,1,0.2013,"[552.2373657226562, 757.6156005859375, 887.5875244140625, 1182.5244140625]",1
frame_0061.png,extras,pair_of_ramps,aluminum ramp,aluminum ramp.,0.18,0.18,3,0.4158,"[2250.448974609375, 1670.3170166015625, 2878.23388671875, 1853.82373046875]",1
frame_0061.png,extras,pair_of_ramps,incline ramp,incline ramp.,0.18,0.18,0,0.0,,0
frame_0061.png,extras,trailer,trailer,trailer.,0.18,0.18,6,0.3974,"[2229.68603515625, 351.14825439453125, 2878.36279296875, 1034.486572265625]",1
frame_0061.png,extras,trailer,cargo trailer,cargo trailer.,0.18,0.18,5,0.5274,"[2229.364501953125, 351.46148681640625, 2878.4228515625, 1039.489013671875]",1
frame_0061.png,extras,trailer,vehicle trailer,vehicle trailer.,0.18,0.18,7,0.5495,"[2228.5478515625, 349.5912780761719, 2878.559814453125, 1042.0748291015625]",1
frame_0061.png,extras,trailer,wheeled trailer,wheeled trailer.,0.18,0.18,3,0.4992,"[550.8741455078125, 756.3291015625, 889.516357421875, 1186.2972412109375]",1
frame_0061.png,extras,trailer,small trailer,small trailer.,0.18,0.18,2,0.439,"[2227.6484375, 348.938720703125, 2877.106201171875, 1043.363037109375]",1
frame_0061.png,extras,trailer,utility trailer,utility trailer.,0.18,0.18,4,0.5275,"[2227.913818359375, 350.2812805175781, 2878.04248046875, 1045.3963623046875]",1
frame_0061.png,extras,trailer,open trailer,open trailer.,0.18,0.18,4,0.441,"[2227.364990234375, 350.4717712402344, 2877.499755859375, 1037.796630859375]",1
frame_0061.png,extras,trailer,covered trailer,covered trailer.,0.18,0.18,2,0.5369,"[2229.3154296875, 351.41278076171875, 2878.148681640625, 1036.635498046875]",1
frame_0061.png,extras,trailer,container trailer,container trailer.,0.18,0.18,7,0.526,"[2229.52587890625, 350.96826171875, 2878.38671875, 1036.7628173828125]",1
frame_0062.png,production,trailer,ALL_GROUP,trailer. cargo trailer. vehicle trailer. wheeled trailer. flatbed trailer. black trailer. utility trailer.,0.2,0.2,5,0.4244,"[605.5446166992188, 750.5284423828125, 951.55712890625, 1205.49609375]",1
frame_0062.png,production,electric utility vehicle+electric wheelchair+electric scooter+trolley,ALL_GROUP,electric utility vehicle. small electric cart. utility vehicle. golf cart. electric cart. small white utility vehicle. electric wheelchair. motorized wheelchair. power wheelchair. mobility scooter wheelchair. electric scooter. mobility scooter. stand-up scooter. kick scooter. scooter. trolley. hand cart. hand truck. luggage cart. flatbed cart. push cart. utility cart.,0.22,0.22,5,0.4082,"[595.4678344726562, 744.8963012695312, 959.4713134765625, 1209.718017578125]",1
frame_0062.png,production,pair of ramps,ALL_GROUP,pair of ramps. loading ramp. metal ramp. vehicle loading ramp. two metal ramps. aluminum ramp.,0.2,0.2,6,0.4463,"[596.767333984375, 745.0833129882812, 958.4724731445312, 1206.398193359375]",1
frame_0062.png,production,portable power station+basketball,ALL_GROUP,portable power station. large power bank. battery box. power generator box. portable battery. power station. basketball. orange basketball. sports ball. rubber ball.,0.22,0.22,2,0.229,"[1543.1773681640625, 68.46090698242188, 2333.156982421875, 1318.979736328125]",1
frame_0062.png,production,rectangular table+umbrella,ALL_GROUP,rectangular table. outdoor table. picnic table. long rectangular table. folding table. work table. umbrella. outdoor umbrella. parasol. patio umbrella. hand umbrella.,0.24,0.24,1,0.3324,"[1647.593017578125, 690.945556640625, 2331.57373046875, 1308.68994140625]",1
frame_0062.png,production,cardboard box,ALL_GROUP,cardboard box. brown cardboard box. cardboard package. shipping box.,0.26,0.26,0,0.0,,0
frame_0062.png,production,chair,ALL_GROUP,chair. folding chair. outdoor chair. plastic chair. armless chair.,0.3,0.3,2,0.3649,"[607.2098999023438, 750.7415161132812, 951.7686157226562, 1204.0230712890625]",1
frame_0062.png,production,traffic cone+prohibition sign,ALL_GROUP,traffic cone. road cone. safety cone. orange cone. construction cone. prohibition sign. no entry sign. red prohibition sign. do not enter sign. stop sign. red circular sign.,0.22,0.22,2,0.2472,"[1571.4898681640625, 344.1058654785156, 2141.5380859375, 738.892333984375]",1
frame_0062.png,extras,basketball,basketball,basketball.,0.18,0.18,1,0.1917,"[610.090087890625, 751.779296875, 946.0200805664062, 1202.88671875]",1
frame_0062.png,extras,basketball,orange basketball,orange basketball.,0.18,0.18,0,0.0,,0
frame_0062.png,extras,basketball,round orange ball,round orange ball.,0.18,0.18,1,0.7159,"[1148.7728271484375, 1647.379638671875, 1692.64453125, 1854.39697265625]",1
frame_0062.png,extras,basketball,rubber ball on ground,rubber ball on ground.,0.18,0.18,5,0.4765,"[1140.95751953125, 1635.999267578125, 1697.47802734375, 1851.814697265625]",1
frame_0062.png,extras,basketball,sports ball,sports ball.,0.18,0.18,1,0.3375,"[1151.967041015625, 1656.75927734375, 1689.480224609375, 1856.984130859375]",1
frame_0062.png,extras,basketball,ball,ball.,0.18,0.18,2,0.2301,"[1151.555908203125, 1656.556884765625, 1689.906982421875, 1856.64111328125]",1
frame_0062.png,extras,umbrella,umbrella,umbrella.,0.2,0.2,1,0.2096,"[1.3024163246154785, 1738.6590576171875, 453.00732421875, 1856.1292724609375]",1
frame_0062.png,extras,umbrella,outdoor umbrella,outdoor umbrella.,0.2,0.2,0,0.0,,0
frame_0062.png,extras,umbrella,patio umbrella,patio umbrella.,0.2,0.2,0,0.0,,0
frame_0062.png,extras,umbrella,open umbrella,open umbrella.,0.2,0.2,2,0.365,"[1150.3238525390625, 1650.2532958984375, 1692.5413818359375, 1854.3546142578125]",1
frame_0062.png,extras,umbrella,parasol,parasol.,0.2,0.2,0,0.0,,0
frame_0062.png,extras,umbrella,shade umbrella,shade umbrella.,0.2,0.2,4,0.2878,"[607.3336181640625, 750.4487915039062, 950.1343994140625, 1203.746337890625]",1
frame_0062.png,extras,umbrella,folded umbrella,folded umbrella.,0.2,0.2,4,0.4066,"[609.1563720703125, 750.8464965820312, 950.2782592773438, 1204.8370361328125]",1
frame_0062.png,extras,electric_wheelchair,electric wheelchair,electric wheelchair.,0.2,0.2,1,0.6545,"[604.37158203125, 748.14501953125, 952.484375, 1206.595703125]",1
frame_0062.png,extras,electric_wheelchair,motorized wheelchair,motorized wheelchair.,0.2,0.2,1,0.9409,"[601.6951904296875, 746.2244262695312, 954.2587890625, 1207.607666015625]",1
frame_0062.png,extras,electric_wheelchair,power wheelchair,power wheelchair.,0.2,0.2,1,0.7085,"[603.681396484375, 747.2355346679688, 952.68115234375, 1207.2005615234375]",1
frame_0062.png,extras,electric_wheelchair,wheelchair,wheelchair.,0.2,0.2,1,0.5051,"[606.6448974609375, 748.8961181640625, 949.015869140625, 1205.1727294921875]",1
frame_0062.png,extras,electric_wheelchair,mobility chair,mobility chair.,0.2,0.2,3,0.6464,"[605.232421875, 747.7677001953125, 951.4774780273438, 1204.5723876953125]",1
frame_0062.png,extras,electric_wheelchair,powered mobility scooter,powered mobility scooter.,0.2,0.2,1,0.9001,"[599.443359375, 744.8344116210938, 958.4130249023438, 1207.2960205078125]",1
frame_0062.png,extras,electric_scooter,electric scooter,electric scooter.,0.2,0.2,1,0.412,"[603.9490356445312, 749.2810668945312, 954.8238525390625, 1205.8330078125]",1
frame_0062.png,extras,electric_scooter,stand-up scooter,stand-up scooter.,0.2,0.2,1,0.9496,"[595.6626586914062, 743.3966674804688, 961.4194946289062, 1209.2830810546875]",1
frame_0062.png,extras,electric_scooter,kick scooter,kick scooter.,0.2,0.2,1,0.816,"[603.8566284179688, 749.1458740234375, 956.513916015625, 1206.0811767578125]",1
frame_0062.png,extras,electric_scooter,two-wheeled scooter,two-wheeled scooter.,0.2,0.2,1,0.9345,"[595.2460327148438, 745.1688232421875, 961.67919921875, 1209.1177978515625]",1
frame_0062.png,extras,electric_scooter,scooter,scooter.,0.2,0.2,1,0.3618,"[608.093017578125, 750.4715576171875, 948.7111206054688, 1204.4786376953125]",1
frame_0062.png,extras,electric_scooter,electric kick scooter,electric kick scooter.,0.2,0.2,1,0.8441,"[597.8258666992188, 747.2174682617188, 961.0896606445312, 1207.7857666015625]",1
frame_0062.png,extras,prohibition_sign,prohibition sign,prohibition sign.,0.2,0.2,3,0.4845,"[1551.0240478515625, 74.74458312988281, 2151.595458984375, 944.8446655273438]",1
frame_0062.png,extras,prohibition_sign,no entry sign,no entry sign.,0.2,0.2,5,0.3516,"[1540.7357177734375, 77.5105972290039, 2159.41748046875, 956.4837646484375]",1
frame_0062.png,extras,prohibition_sign,red prohibition sign,red prohibition sign.,0.2,0.2,3,0.3712,"[1546.4271240234375, 74.3667221069336, 2155.834228515625, 945.5585327148438]",1
frame_0062.png,extras,prohibition_sign,do not enter sign,do not enter sign.,0.2,0.2,3,0.368,"[1541.4149169921875, 73.2833023071289, 2161.287353515625, 938.8377075195312]",1
frame_0062.png,extras,prohibition_sign,stop sign,stop sign.,0.2,0.2,3,0.2487,"[1554.290771484375, 74.97601318359375, 2143.194580078125, 928.8860473632812]",1
frame_0062.png,extras,prohibition_sign,red circular sign,red circular sign.,0.2,0.2,7,0.3097,"[1148.2271728515625, 1645.3128662109375, 1694.852783203125, 1853.4921875]",1
frame_0062.png,extras,prohibition_sign,warning sign,warning sign.,0.2,0.2,3,0.4801,"[1551.9661865234375, 76.1492919921875, 2152.171875, 955.5681762695312]",1
frame_0062.png,extras,prohibition_sign,red sign on ground,red sign on ground.,0.2,0.2,5,0.5237,"[10.37710189819336, 966.9825439453125, 2870.116943359375, 1848.9368896484375]",1
frame_0062.png,extras,pair_of_ramps,pair of ramps,pair of ramps.,0.18,0.18,4,0.4898,"[1634.704833984375, 682.6890258789062, 2344.93701171875, 1316.3773193359375]",1
frame_0062.png,extras,pair_of_ramps,loading ramps,loading ramps.,0.18,0.18,4,0.4008,"[1650.964599609375, 692.8173828125, 2331.4443359375, 1317.544189453125]",1
frame_0062.png,extras,pair_of_ramps,metal ramps on ground,metal ramps on ground.,0.18,0.18,4,0.4966,"[9.946918487548828, 962.53564453125, 2869.93603515625, 1847.1251220703125]",1
frame_0062.png,extras,pair_of_ramps,vehicle loading ramp,vehicle loading ramp.,0.18,0.18,4,0.4114,"[603.07861328125, 747.3353271484375, 954.9168090820312, 1205.3597412109375]",1
frame_0062.png,extras,pair_of_ramps,two metal ramps,two metal ramps.,0.18,0.18,3,0.5255,"[1636.60791015625, 685.42431640625, 2341.0087890625, 1315.9979248046875]",1
frame_0062.png,extras,pair_of_ramps,ramp,ramp.,0.18,0.18,1,0.217,"[607.972900390625, 751.6273803710938, 948.6728515625, 1201.9957275390625]",1
frame_0062.png,extras,pair_of_ramps,aluminum ramp,aluminum ramp.,0.18,0.18,3,0.3984,"[2248.559326171875, 1670.9132080078125, 2877.97998046875, 1853.9052734375]",1
frame_0062.png,extras,pair_of_ramps,incline ramp,incline ramp.,0.18,0.18,0,0.0,,0
frame_0062.png,extras,trailer,trailer,trailer.,0.18,0.18,4,0.3768,"[2375.059814453125, 290.9344177246094, 2878.259765625, 1037.6697998046875]",1
frame_0062.png,extras,trailer,cargo trailer,cargo trailer.,0.18,0.18,3,0.471,"[2371.386474609375, 290.6982116699219, 2878.4169921875, 1039.323974609375]",1
frame_0062.png,extras,trailer,vehicle trailer,vehicle trailer.,0.18,0.18,6,0.4999,"[2371.656494140625, 289.03558349609375, 2878.373291015625, 1041.3192138671875]",1
frame_0062.png,extras,trailer,wheeled trailer,wheeled trailer.,0.18,0.18,3,0.5615,"[606.21142578125, 749.320556640625, 951.0488891601562, 1205.5714111328125]",1
frame_0062.png,extras,trailer,small trailer,small trailer.,0.18,0.18,4,0.4124,"[602.0010986328125, 747.414794921875, 954.0892333984375, 1206.4150390625]",1
frame_0062.png,extras,trailer,utility trailer,utility trailer.,0.18,0.18,6,0.4611,"[2371.490478515625, 289.8861389160156, 2878.166748046875, 1047.6236572265625]",1
frame_0062.png,extras,trailer,open trailer,open trailer.,0.18,0.18,6,0.326,"[604.3711547851562, 748.0016479492188, 952.2681274414062, 1205.4478759765625]",1
frame_0062.png,extras,trailer,covered trailer,covered trailer.,0.18,0.18,3,0.432,"[2370.206787109375, 290.636962890625, 2878.6162109375, 1038.3240966796875]",1
frame_0062.png,extras,trailer,container trailer,container trailer.,0.18,0.18,6,0.5005,"[2373.85888671875, 290.32171630859375, 2878.244140625, 1037.638916015625]",1
frame_0063.png,production,trailer,ALL_GROUP,trailer. cargo trailer. vehicle trailer. wheeled trailer. flatbed trailer. black trailer. utility trailer.,0.2,0.2,4,0.4132,"[746.4420166015625, 744.7498168945312, 1109.2423095703125, 1237.0264892578125]",1
frame_0063.png,production,electric utility vehicle+electric wheelchair+electric scooter+trolley,ALL_GROUP,electric utility vehicle. small electric cart. utility vehicle. golf cart. electric cart. small white utility vehicle. electric wheelchair. motorized wheelchair. power wheelchair. mobility scooter wheelchair. electric scooter. mobility scooter. stand-up scooter. kick scooter. scooter. trolley. hand cart. hand truck. luggage cart. flatbed cart. push cart. utility cart.,0.22,0.22,4,0.3456,"[739.274169921875, 739.3798828125, 1114.5299072265625, 1240.517578125]",1
frame_0063.png,production,pair of ramps,ALL_GROUP,pair of ramps. loading ramp. metal ramp. vehicle loading ramp. two metal ramps. aluminum ramp.,0.2,0.2,5,0.498,"[738.5428466796875, 740.060791015625, 1116.9171142578125, 1239.2926025390625]",1
frame_0063.png,production,portable power station+basketball,ALL_GROUP,portable power station. large power bank. battery box. power generator box. portable battery. power station. basketball. orange basketball. sports ball. rubber ball.,0.22,0.22,0,0.0,,0
frame_0063.png,production,rectangular table+umbrella,ALL_GROUP,rectangular table. outdoor table. picnic table. long rectangular table. folding table. work table. umbrella. outdoor umbrella. parasol. patio umbrella. hand umbrella.,0.24,0.24,0,0.0,,0
frame_0063.png,production,cardboard box,ALL_GROUP,cardboard box. brown cardboard box. cardboard package. shipping box.,0.26,0.26,0,0.0,,0
frame_0063.png,production,chair,ALL_GROUP,chair. folding chair. outdoor chair. plastic chair. armless chair.,0.3,0.3,2,0.3383,"[749.2376098632812, 743.9548950195312, 1108.505126953125, 1235.6693115234375]",1
frame_0063.png,production,traffic cone+prohibition sign,ALL_GROUP,traffic cone. road cone. safety cone. orange cone. construction cone. prohibition sign. no entry sign. red prohibition sign. do not enter sign. stop sign. red circular sign.,0.22,0.22,4,0.2735,"[206.4394989013672, 573.3719482421875, 313.0016174316406, 617.4461669921875]",1
frame_0063.png,extras,basketball,basketball,basketball.,0.18,0.18,2,0.1933,"[753.169189453125, 746.08544921875, 1104.1087646484375, 1233.656982421875]",1
frame_0063.png,extras,basketball,orange basketball,orange basketball.,0.18,0.18,0,0.0,,0
frame_0063.png,extras,basketball,round orange ball,round orange ball.,0.18,0.18,1,0.8095,"[1155.123291015625, 1646.61962890625, 1696.1761474609375, 1853.8023681640625]",1
frame_0063.png,extras,basketball,rubber ball on ground,rubber ball on ground.,0.18,0.18,2,0.6472,"[1147.291748046875, 1634.8653564453125, 1701.784912109375, 1851.7724609375]",1
frame_0063.png,extras,basketball,sports ball,sports ball.,0.18,0.18,1,0.4542,"[1157.0264892578125, 1655.4327392578125, 1693.064697265625, 1857.0098876953125]",1
frame_0063.png,extras,basketball,ball,ball.,0.18,0.18,2,0.3338,"[1156.472412109375, 1655.49755859375, 1693.3646240234375, 1856.8115234375]",1
frame_0063.png,extras,umbrella,umbrella,umbrella.,0.2,0.2,2,0.2125,"[1.350266933441162, 1740.4857177734375, 459.3963928222656, 1856.060791015625]",1
frame_0063.png,extras,umbrella,outdoor umbrella,outdoor umbrella.,0.2,0.2,0,0.0,,0
frame_0063.png,extras,umbrella,patio umbrella,patio umbrella.,0.2,0.2,0,0.0,,0
frame_0063.png,extras,umbrella,open umbrella,open umbrella.,0.2,0.2,2,0.4642,"[1154.59765625, 1649.06884765625, 1695.038330078125, 1853.83447265625]",1
frame_0063.png,extras,umbrella,parasol,parasol.,0.2,0.2,0,0.0,,0
frame_0063.png,extras,umbrella,shade umbrella,shade umbrella.,0.2,0.2,4,0.2881,"[2242.486572265625, 1673.7718505859375, 2878.21923828125, 1853.1451416015625]",1
frame_0063.png,extras,umbrella,folded umbrella,folded umbrella.,0.2,0.2,4,0.3773,"[750.734619140625, 744.29150390625, 1107.5274658203125, 1236.0731201171875]",1
frame_0063.png,extras,electric_wheelchair,electric wheelchair,electric wheelchair.,0.2,0.2,1,0.6146,"[747.9618530273438, 742.5075073242188, 1108.4891357421875, 1237.0968017578125]",1
frame_0063.png,extras,electric_wheelchair,motorized wheelchair,motorized wheelchair.,0.2,0.2,1,0.9356,"[744.5858764648438, 740.633544921875, 1110.776611328125, 1238.792724609375]",1
frame_0063.png,extras,electric_wheelchair,power wheelchair,power wheelchair.,0.2,0.2,1,0.6673,"[747.2184448242188, 741.56689453125, 1109.411376953125, 1237.8963623046875]",1
frame_0063.png,extras,electric_wheelchair,wheelchair,wheelchair.,0.2,0.2,1,0.4726,"[750.2822875976562, 743.3482666015625, 1106.211669921875, 1235.7205810546875]",1
frame_0063.png,extras,electric_wheelchair,mobility chair,mobility chair.,0.2,0.2,1,0.6765,"[747.9315185546875, 741.4542846679688, 1108.405029296875, 1236.365966796875]",1
frame_0063.png,extras,electric_wheelchair,powered mobility scooter,powered mobility scooter.,0.2,0.2,1,0.8804,"[742.5226440429688, 740.3717041015625, 1113.87646484375, 1239.196044921875]",1
frame_0063.png,extras,electric_scooter,electric scooter,electric scooter.,0.2,0.2,1,0.4427,"[747.7587890625, 743.7817993164062, 1108.700439453125, 1236.653564453125]",1
frame_0063.png,extras,electric_scooter,stand-up scooter,stand-up scooter.,0.2,0.2,1,0.9428,"[739.1481323242188, 738.6617431640625, 1116.7183837890625, 1240.999267578125]",1
frame_0063.png,extras,electric_scooter,kick scooter,kick scooter.,0.2,0.2,1,0.7943,"[747.605712890625, 743.6571655273438, 1109.7413330078125, 1237.4041748046875]",1
frame_0063.png,extras,electric_scooter,two-wheeled scooter,two-wheeled scooter.,0.2,0.2,1,0.9378,"[738.46923828125, 740.3798828125, 1116.990966796875, 1241.169921875]",1
frame_0063.png,extras,electric_scooter,scooter,scooter.,0.2,0.2,1,0.3885,"[751.7366943359375, 744.8717651367188, 1105.1044921875, 1235.486572265625]",1
frame_0063.png,extras,electric_scooter,electric kick scooter,electric kick scooter.,0.2,0.2,1,0.7946,"[742.34033203125, 742.2872924804688, 1113.2535400390625, 1238.897216796875]",1
frame_0063.png,extras,prohibition_sign,prohibition sign,prohibition sign.,0.2,0.2,2,0.5399,"[1742.0347900390625, 3.8632445335388184, 2456.205810546875, 938.1387939453125]",1
frame_0063.png,extras,prohibition_sign,no entry sign,no entry sign.,0.2,0.2,3,0.4033,"[1733.9532470703125, 18.59518814086914, 2469.059814453125, 938.5343627929688]",1
frame_0063.png,extras,prohibition_sign,red prohibition sign,red prohibition sign.,0.2,0.2,3,0.4172,"[1738.9554443359375, 7.491678237915039, 2461.78369140625, 937.6826171875]",1
frame_0063.png,extras,prohibition_sign,do not enter sign,do not enter sign.,0.2,0.2,3,0.4195,"[1733.7117919921875, 13.89887809753418, 2466.1318359375, 933.1718139648438]",1
frame_0063.png,extras,prohibition_sign,stop sign,stop sign.,0.2,0.2,1,0.2694,"[1742.20458984375, 3.9901015758514404, 2452.968505859375, 932.0248413085938]",1
frame_0063.png,extras,prohibition_sign,red circular sign,red circular sign.,0.2,0.2,7,0.327,"[1152.620361328125, 1643.359375, 1697.31494140625, 1853.5789794921875]",1
frame_0063.png,extras,prohibition_sign,warning sign,warning sign.,0.2,0.2,2,0.512,"[1741.9266357421875, 4.300328254699707, 2456.152587890625, 937.9216918945312]",1
frame_0063.png,extras,prohibition_sign,red sign on ground,red sign on ground.,0.2,0.2,4,0.4368,"[10.34688949584961, 959.7713623046875, 2870.1162109375, 1848.671875]",1
frame_0063.png,extras,pair_of_ramps,pair of ramps,pair of ramps.,0.18,0.18,6,0.3289,"[1970.201416015625, 592.654541015625, 2873.59130859375, 1456.737060546875]",1
frame_0063.png,extras,pair_of_ramps,loading ramps,loading ramps.,0.18,0.18,8,0.2852,"[1978.3436279296875, 602.9891357421875, 2876.15283203125, 1308.0228271484375]",1
frame_0063.png,extras,pair_of_ramps,metal ramps on ground,metal ramps on ground.,0.18,0.18,5,0.5246,"[10.037384033203125, 961.0813598632812, 2869.122314453125, 1847.28759765625]",1
frame_0063.png,extras,pair_of_ramps,vehicle loading ramp,vehicle loading ramp.,0.18,0.18,4,0.5044,"[744.7310180664062, 741.1673583984375, 1113.1878662109375, 1237.890380859375]",1
frame_0063.png,extras,pair_of_ramps,two metal ramps,two metal ramps.,0.18,0.18,3,0.3665,"[1966.2620849609375, 590.8204345703125, 2873.594482421875, 1452.80615234375]",1
frame_0063.png,extras,pair_of_ramps,ramp,ramp.,0.18,0.18,1,0.219,"[751.7827758789062, 745.1695556640625, 1106.125, 1233.634765625]",1
frame_0063.png,extras,pair_of_ramps,aluminum ramp,aluminum ramp.,0.18,0.18,6,0.399,"[1975.363037109375, 603.5599365234375, 2875.87060546875, 1303.3157958984375]",1
frame_0063.png,extras,pair_of_ramps,incline ramp,incline ramp.,0.18,0.18,0,0.0,,0
frame_0063.png,extras,trailer,trailer,trailer.,0.18,0.18,3,0.3575,"[2.876143455505371, 480.39007568359375, 594.1547241210938, 1041.252197265625]",1
frame_0063.png,extras,trailer,cargo trailer,cargo trailer.,0.18,0.18,4,0.4839,"[2.410876750946045, 481.9867248535156, 595.5272827148438, 1040.4300537109375]",1
frame_0063.png,extras,trailer,vehicle trailer,vehicle trailer.,0.18,0.18,7,0.4662,"[2.691221237182617, 481.7261962890625, 595.5855712890625, 1043.9140625]",1
frame_0063.png,extras,trailer,wheeled trailer,wheeled trailer.,0.18,0.18,1,0.6373,"[748.8817138671875, 743.4176025390625, 1108.973876953125, 1236.8370361328125]",1
frame_0063.png,extras,trailer,small trailer,small trailer.,0.18,0.18,2,0.4606,"[745.0673828125, 741.733642578125, 1112.3035888671875, 1237.4786376953125]",1
frame_0063.png,extras,trailer,utility trailer,utility trailer.,0.18,0.18,3,0.527,"[2.895498275756836, 485.59564208984375, 596.1909790039062, 1041.03125]",1
frame_0063.png,extras,trailer,open trailer,open trailer.,0.18,0.18,5,0.4061,"[3.4365320205688477, 482.45513916015625, 596.9503173828125, 1042.0872802734375]",1
frame_0063.png,extras,trailer,covered trailer,covered trailer.,0.18,0.18,3,0.5039,"[2.367253303527832, 479.7501525878906, 596.33056640625, 1039.8333740234375]",1
frame_0063.png,extras,trailer,container trailer,container trailer.,0.18,0.18,6,0.4426,"[3.1094956398010254, 484.1534729003906, 595.26708984375, 1038.6187744140625]",1
frame_0064.png,production,trailer,ALL_GROUP,trailer. cargo trailer. vehicle trailer. wheeled trailer. flatbed trailer. black trailer. utility trailer.,0.2,0.2,6,0.4678,"[1296.4178466796875, 756.434814453125, 1642.7308349609375, 1211.201171875]",1
frame_0064.png,production,electric utility vehicle+electric wheelchair+electric scooter+trolley,ALL_GROUP,electric utility vehicle. small electric cart. utility vehicle. golf cart. electric cart. small white utility vehicle. electric wheelchair. motorized wheelchair. power wheelchair. mobility scooter wheelchair. electric scooter. mobility scooter. stand-up scooter. kick scooter. scooter. trolley. hand cart. hand truck. luggage cart. flatbed cart. push cart. utility cart.,0.22,0.22,3,0.3436,"[521.9896850585938, 653.6062622070312, 809.0030517578125, 1224.202880859375]",1
frame_0064.png,production,pair of ramps,ALL_GROUP,pair of ramps. loading ramp. metal ramp. vehicle loading ramp. two metal ramps. aluminum ramp.,0.2,0.2,9,0.3824,"[1290.80224609375, 752.2943115234375, 1647.720947265625, 1211.8011474609375]",1
frame_0064.png,production,portable power station+basketball,ALL_GROUP,portable power station. large power bank. battery box. power generator box. portable battery. power station. basketball. orange basketball. sports ball. rubber ball.,0.22,0.22,0,0.0,,0
frame_0064.png,production,rectangular table+umbrella,ALL_GROUP,rectangular table. outdoor table. picnic table. long rectangular table. folding table. work table. umbrella. outdoor umbrella. parasol. patio umbrella. hand umbrella.,0.24,0.24,0,0.0,,0
frame_0064.png,production,cardboard box,ALL_GROUP,cardboard box. brown cardboard box. cardboard package. shipping box.,0.26,0.26,0,0.0,,0
frame_0064.png,production,chair,ALL_GROUP,chair. folding chair. outdoor chair. plastic chair. armless chair.,0.3,0.3,2,0.3591,"[1297.370849609375, 755.2088012695312, 1642.4847412109375, 1209.8226318359375]",1
frame_0064.png,production,traffic cone+prohibition sign,ALL_GROUP,traffic cone. road cone. safety cone. orange cone. construction cone. prohibition sign. no entry sign. red prohibition sign. do not enter sign. stop sign. red circular sign.,0.22,0.22,0,0.0,,0
frame_0064.png,extras,basketball,basketball,basketball.,0.18,0.18,2,0.4162,"[0.5947315692901611, 1050.4881591796875, 87.48458862304688, 1189.07421875]",1
frame_0064.png,extras,basketball,orange basketball,orange basketball.,0.18,0.18,1,0.2494,"[0.7497096061706543, 1050.418701171875, 88.2031021118164, 1189.0478515625]",1
frame_0064.png,extras,basketball,round orange ball,round orange ball.,0.18,0.18,2,0.4934,"[1.075758934020996, 1046.0054931640625, 92.6124267578125, 1190.987060546875]",1
frame_0064.png,extras,basketball,rubber ball on ground,rubber ball on ground.,0.18,0.18,4,0.5013,"[10.614252090454102, 982.136962890625, 2868.623046875, 1847.5869140625]",1
frame_0064.png,extras,basketball,sports ball,sports ball.,0.18,0.18,2,0.4559,"[0.6388190388679504, 1051.396484375, 87.30792999267578, 1189.532470703125]",1
frame_0064.png,extras,basketball,ball,ball.,0.18,0.18,3,0.2447,"[1154.792236328125, 1659.610595703125, 1690.8616943359375, 1857.135009765625]",1
frame_0064.png,extras,umbrella,umbrella,umbrella.,0.2,0.2,0,0.0,,0
frame_0064.png,extras,umbrella,outdoor umbrella,outdoor umbrella.,0.2,0.2,1,0.2779,"[528.3621215820312, 658.2553100585938, 803.2266845703125, 1221.31298828125]",1
frame_0064.png,extras,umbrella,patio umbrella,patio umbrella.,0.2,0.2,0,0.0,,0
frame_0064.png,extras,umbrella,open umbrella,open umbrella.,0.2,0.2,3,0.3949,"[1152.6351318359375, 1653.950927734375, 1692.64404296875, 1854.92333984375]",1
frame_0064.png,extras,umbrella,parasol,parasol.,0.2,0.2,0,0.0,,0
frame_0064.png,extras,umbrella,shade umbrella,shade umbrella.,0.2,0.2,5,0.301,"[2245.457763671875, 1673.8775634765625, 2878.438232421875, 1853.5611572265625]",1
frame_0064.png,extras,umbrella,folded umbrella,folded umbrella.,0.2,0.2,3,0.5037,"[530.1691284179688, 660.5330200195312, 803.9717407226562, 1222.0833740234375]",1
frame_0064.png,extras,electric_wheelchair,electric wheelchair,electric wheelchair.,0.2,0.2,2,0.5327,"[1296.4354248046875, 754.9159545898438, 1642.3876953125, 1210.3970947265625]",1
frame_0064.png,extras,electric_wheelchair,motorized wheelchair,motorized wheelchair.,0.2,0.2,1,0.909,"[1293.9825439453125, 752.929443359375, 1643.116455078125, 1211.94580078125]",1
frame_0064.png,extras,electric_wheelchair,power wheelchair,power wheelchair.,0.2,0.2,2,0.6214,"[1295.8355712890625, 754.3895874023438, 1642.566650390625, 1210.8306884765625]",1
frame_0064.png,extras,electric_wheelchair,wheelchair,wheelchair.,0.2,0.2,1,0.454,"[1298.3538818359375, 755.1666259765625, 1640.322021484375, 1208.1893310546875]",1
frame_0064.png,extras,electric_wheelchair,mobility chair,mobility chair.,0.2,0.2,2,0.6394,"[1295.8326416015625, 753.235107421875, 1642.744140625, 1209.9586181640625]",1
frame_0064.png,extras,electric_wheelchair,powered mobility scooter,powered mobility scooter.,0.2,0.2,2,0.4821,"[1291.372802734375, 751.481201171875, 1646.76953125, 1213.466796875]",1
frame_0064.png,extras,electric_scooter,electric scooter,electric scooter.,0.2,0.2,2,0.5656,"[527.8233642578125, 658.3504638671875, 803.8834228515625, 1221.809326171875]",1
frame_0064.png,extras,electric_scooter,stand-up scooter,stand-up scooter.,0.2,0.2,2,0.5604,"[1287.87451171875, 750.3488159179688, 1648.847900390625, 1215.0792236328125]",1
frame_0064.png,extras,electric_scooter,kick scooter,kick scooter.,0.2,0.2,2,0.6024,"[528.8475341796875, 658.2760620117188, 803.3076782226562, 1221.8104248046875]",1
frame_0064.png,extras,electric_scooter,two-wheeled scooter,two-wheeled scooter.,0.2,0.2,2,0.6394,"[1287.747802734375, 752.072021484375, 1649.1943359375, 1215.4979248046875]",1
frame_0064.png,extras,electric_scooter,scooter,scooter.,0.2,0.2,2,0.4809,"[530.9776611328125, 660.8853149414062, 801.9885864257812, 1219.238525390625]",1
frame_0064.png,extras,electric_scooter,electric kick scooter,electric kick scooter.,0.2,0.2,2,0.7179,"[524.7424926757812, 654.0405883789062, 806.2432861328125, 1223.6376953125]",1
frame_0064.png,extras,prohibition_sign,prohibition sign,prohibition sign.,0.2,0.2,1,0.5836,"[2197.448486328125, 1.1020499467849731, 2877.3583984375, 938.6323852539062]",1
frame_0064.png,extras,prohibition_sign,no entry sign,no entry sign.,0.2,0.2,2,0.4408,"[2202.351318359375, 5.009973049163818, 2875.31689453125, 922.0991821289062]",1
frame_0064.png,extras,prohibition_sign,red prohibition sign,red prohibition sign.,0.2,0.2,2,0.471,"[2197.343505859375, 2.0789337158203125, 2876.247802734375, 931.54443359375]",1
frame_0064.png,extras,prohibition_sign,do not enter sign,do not enter sign.,0.2,0.2,2,0.4164,"[2196.11083984375, 4.033865451812744, 2874.689208984375, 928.0543823242188]",1
frame_0064.png,extras,prohibition_sign,stop sign,stop sign.,0.2,0.2,1,0.2294,"[2197.712890625, 0.49811482429504395, 2877.189453125, 950.8624267578125]",1
frame_0064.png,extras,prohibition_sign,red circular sign,red circular sign.,0.2,0.2,5,0.4558,"[1149.7332763671875, 1649.2047119140625, 1694.4244384765625, 1854.4808349609375]",1
frame_0064.png,extras,prohibition_sign,warning sign,warning sign.,0.2,0.2,1,0.6075,"[2197.6591796875, 1.0778814554214478, 2877.932373046875, 940.028564453125]",1
frame_0064.png,extras,prohibition_sign,red sign on ground,red sign on ground.,0.2,0.2,5,0.4915,"[9.9755859375, 980.8192138671875, 2869.857666015625, 1848.4774169921875]",1
frame_0064.png,extras,pair_of_ramps,pair of ramps,pair of ramps.,0.18,0.18,6,0.371,"[415.273681640625, 449.3926696777344, 811.2680053710938, 600.480224609375]",1
frame_0064.png,extras,pair_of_ramps,loading ramps,loading ramps.,0.18,0.18,2,0.2361,"[2243.435546875, 1673.893310546875, 2878.58251953125, 1853.6746826171875]",1
frame_0064.png,extras,pair_of_ramps,metal ramps on ground,metal ramps on ground.,0.18,0.18,6,0.5615,"[9.735345840454102, 977.8297729492188, 2868.740966796875, 1846.6429443359375]",1
frame_0064.png,extras,pair_of_ramps,vehicle loading ramp,vehicle loading ramp.,0.18,0.18,4,0.4912,"[1293.3648681640625, 753.2970581054688, 1646.0084228515625, 1211.6893310546875]",1
frame_0064.png,extras,pair_of_ramps,two metal ramps,two metal ramps.,0.18,0.18,7,0.3196,"[415.10400390625, 450.21820068359375, 811.9866333007812, 600.6924438476562]",1
frame_0064.png,extras,pair_of_ramps,ramp,ramp.,0.18,0.18,1,0.2306,"[1299.9290771484375, 757.457275390625, 1639.71533203125, 1207.5107421875]",1
frame_0064.png,extras,pair_of_ramps,aluminum ramp,aluminum ramp.,0.18,0.18,5,0.3371,"[2244.14208984375, 1673.017578125, 2878.259765625, 1853.479248046875]",1
frame_0064.png,extras,pair_of_ramps,incline ramp,incline ramp.,0.18,0.18,0,0.0,,0
frame_0064.png,extras,trailer,trailer,trailer.,0.18,0.18,5,0.3274,"[1298.558837890625, 756.1173706054688, 1639.71533203125, 1208.4385986328125]",1
frame_0064.png,extras,trailer,cargo trailer,cargo trailer.,0.18,0.18,4,0.372,"[285.6431579589844, 569.0015869140625, 1123.0328369140625, 1013.2586669921875]",1
frame_0064.png,extras,trailer,vehicle trailer,vehicle trailer.,0.18,0.18,8,0.3516,"[1295.7413330078125, 755.3521118164062, 1642.0010986328125, 1209.7744140625]",1
frame_0064.png,extras,trailer,wheeled trailer,wheeled trailer.,0.18,0.18,2,0.5482,"[1296.36474609375, 755.1112060546875, 1641.6708984375, 1210.7196044921875]",1
frame_0064.png,extras,trailer,small trailer,small trailer.,0.18,0.18,3,0.4294,"[1292.3905029296875, 753.798095703125, 1645.58447265625, 1211.91064453125]",1
frame_0064.png,extras,trailer,utility trailer,utility trailer.,0.18,0.18,3,0.4095,"[399.6180419921875, 570.9528198242188, 1121.054931640625, 1012.2774047851562]",1
frame_0064.png,extras,trailer,open trailer,open trailer.,0.18,0.18,4,0.4072,"[395.3688659667969, 570.87158203125, 1122.34033203125, 1010.8644409179688]",1
frame_0064.png,extras,trailer,covered trailer,covered trailer.,0.18,0.18,4,0.39,"[288.6092224121094, 568.2682495117188, 1122.015380859375, 1013.478271484375]",1
frame_0064.png,extras,trailer,container trailer,container trailer.,0.18,0.18,6,0.3256,"[402.0079345703125, 572.7703247070312, 1119.5504150390625, 1010.9926147460938]",1
frame_0065.png,production,trailer,ALL_GROUP,trailer. cargo trailer. vehicle trailer. wheeled trailer. flatbed trailer. black trailer. utility trailer.,0.2,0.2,4,0.4077,"[1502.5054931640625, 753.7001953125, 1865.690185546875, 1210.943603515625]",1
frame_0065.png,production,electric utility vehicle+electric wheelchair+electric scooter+trolley,ALL_GROUP,electric utility vehicle. small electric cart. utility vehicle. golf cart. electric cart. small white utility vehicle. electric wheelchair. motorized wheelchair. power wheelchair. mobility scooter wheelchair. electric scooter. mobility scooter. stand-up scooter. kick scooter. scooter. trolley. hand cart. hand truck. luggage cart. flatbed cart. push cart. utility cart.,0.22,0.22,5,0.3581,"[1496.5750732421875, 748.21533203125, 1869.3223876953125, 1214.7047119140625]",1
frame_0065.png,production,pair of ramps,ALL_GROUP,pair of ramps. loading ramp. metal ramp. vehicle loading ramp. two metal ramps. aluminum ramp.,0.2,0.2,7,0.4123,"[1496.9210205078125, 748.6629028320312, 1871.4432373046875, 1212.277099609375]",1
frame_0065.png,production,portable power station+basketball,ALL_GROUP,portable power station. large power bank. battery box. power generator box. portable battery. power station. basketball. orange basketball. sports ball. rubber ball.,0.22,0.22,0,0.0,,0
frame_0065.png,production,rectangular table+umbrella,ALL_GROUP,rectangular table. outdoor table. picnic table. long rectangular table. folding table. work table. umbrella. outdoor umbrella. parasol. patio umbrella. hand umbrella.,0.24,0.24,0,0.0,,0
frame_0065.png,production,cardboard box,ALL_GROUP,cardboard box. brown cardboard box. cardboard package. shipping box.,0.26,0.26,1,0.5023,"[163.25843811035156, 1023.92626953125, 273.03399658203125, 1152.1341552734375]",1
frame_0065.png,production,chair,ALL_GROUP,chair. folding chair. outdoor chair. plastic chair. armless chair.,0.3,0.3,1,0.3289,"[1504.038330078125, 753.7824096679688, 1865.6807861328125, 1208.494873046875]",1
frame_0065.png,production,traffic cone+prohibition sign,ALL_GROUP,traffic cone. road cone. safety cone. orange cone. construction cone. prohibition sign. no entry sign. red prohibition sign. do not enter sign. stop sign. red circular sign.,0.22,0.22,1,0.2375,"[2590.005859375, 153.04074096679688, 2874.318115234375, 593.0098266601562]",1
frame_0065.png,extras,basketball,basketball,basketball.,0.18,0.18,3,0.2032,"[1158.48095703125, 1658.5849609375, 1688.716796875, 1855.774169921875]",1
frame_0065.png,extras,basketball,orange basketball,orange basketball.,0.18,0.18,1,0.182,"[1506.8804931640625, 755.3335571289062, 1862.0399169921875, 1205.343505859375]",1
frame_0065.png,extras,basketball,round orange ball,round orange ball.,0.18,0.18,1,0.7546,"[1154.849609375, 1648.8040771484375, 1689.672607421875, 1853.7288818359375]",1
frame_0065.png,extras,basketball,rubber ball on ground,rubber ball on ground.,0.18,0.18,3,0.5635,"[1149.7017822265625, 1637.7667236328125, 1691.7330322265625, 1851.6357421875]",1
frame_0065.png,extras,basketball,sports ball,sports ball.,0.18,0.18,2,0.432,"[1156.9541015625, 1658.4605712890625, 1687.6888427734375, 1856.812255859375]",1
frame_0065.png,extras,basketball,ball,ball.,0.18,0.18,2,0.3176,"[1156.08740234375, 1657.880126953125, 1688.816162109375, 1856.5960693359375]",1
frame_0065.png,extras,umbrella,umbrella,umbrella.,0.2,0.2,4,0.2516,"[1.0841917991638184, 1738.195068359375, 454.5078125, 1856.2923583984375]",1
frame_0065.png,extras,umbrella,outdoor umbrella,outdoor umbrella.,0.2,0.2,2,0.355,"[787.2338256835938, 672.0424194335938, 1030.82080078125, 1197.217529296875]",1
frame_0065.png,extras,umbrella,patio umbrella,patio umbrella.,0.2,0.2,0,0.0,,0
frame_0065.png,extras,umbrella,open umbrella,open umbrella.,0.2,0.2,3,0.4352,"[782.7435302734375, 667.2066040039062, 1035.213623046875, 1199.5318603515625]",1
frame_0065.png,extras,umbrella,parasol,parasol.,0.2,0.2,0,0.0,,0
frame_0065.png,extras,umbrella,shade umbrella,shade umbrella.,0.2,0.2,5,0.2538,"[2.036118507385254, 1736.814697265625, 452.018310546875, 1854.6693115234375]",1
frame_0065.png,extras,umbrella,folded umbrella,folded umbrella.,0.2,0.2,2,0.5081,"[789.5886840820312, 675.380615234375, 1030.8218994140625, 1197.722412109375]",1
frame_0065.png,extras,electric_wheelchair,electric wheelchair,electric wheelchair.,0.2,0.2,2,0.5818,"[1501.2486572265625, 751.6719360351562, 1866.540283203125, 1210.5411376953125]",1
frame_0065.png,extras,electric_wheelchair,motorized wheelchair,motorized wheelchair.,0.2,0.2,1,0.933,"[1499.4959716796875, 750.0307006835938, 1867.3013916015625, 1211.7039794921875]",1
frame_0065.png,extras,electric_wheelchair,power wheelchair,power wheelchair.,0.2,0.2,2,0.7026,"[1500.7384033203125, 750.9048461914062, 1866.63330078125, 1210.62548828125]",1
frame_0065.png,extras,electric_wheelchair,wheelchair,wheelchair.,0.2,0.2,1,0.5134,"[1503.3251953125, 752.7545166015625, 1864.3533935546875, 1207.56689453125]",1
frame_0065.png,extras,electric_wheelchair,mobility chair,mobility chair.,0.2,0.2,1,0.7176,"[1501.6497802734375, 750.1695556640625, 1866.0181884765625, 1209.5633544921875]",1
frame_0065.png,extras,electric_wheelchair,powered mobility scooter,powered mobility scooter.,0.2,0.2,1,0.7365,"[1496.9703369140625, 748.948486328125, 1869.903564453125, 1213.9237060546875]",1
frame_0065.png,extras,electric_scooter,electric scooter,electric scooter.,0.2,0.2,3,0.4208,"[1501.5345458984375, 753.4102172851562, 1866.358642578125, 1210.1976318359375]",1
frame_0065.png,extras,electric_scooter,stand-up scooter,stand-up scooter.,0.2,0.2,1,0.8623,"[1493.59814453125, 747.5167846679688, 1872.552001953125, 1216.3232421875]",1
frame_0065.png,extras,electric_scooter,kick scooter,kick scooter.,0.2,0.2,2,0.4358,"[1501.4541015625, 753.3694458007812, 1866.7608642578125, 1210.9466552734375]",1
frame_0065.png,extras,electric_scooter,two-wheeled scooter,two-wheeled scooter.,0.2,0.2,1,0.7429,"[1493.98095703125, 750.1609497070312, 1872.9200439453125, 1216.004150390625]",1
frame_0065.png,extras,electric_scooter,scooter,scooter.,0.2,0.2,2,0.4092,"[1504.3916015625, 754.7408447265625, 1862.917724609375, 1206.942138671875]",1
frame_0065.png,extras,electric_scooter,electric kick scooter,electric kick scooter.,0.2,0.2,2,0.6113,"[781.5519409179688, 669.622314453125, 1033.9884033203125, 1199.72802734375]",1
frame_0065.png,extras,prohibition_sign,prohibition sign,prohibition sign.,0.2,0.2,2,0.556,"[2400.13427734375, 2.400662899017334, 2877.494140625, 938.8446655273438]",1
frame_0065.png,extras,prohibition_sign,no entry sign,no entry sign.,0.2,0.2,4,0.3671,"[2497.067138671875, 35.60650634765625, 2875.348388671875, 909.4354858398438]",1
frame_0065.png,extras,prohibition_sign,red prohibition sign,red prohibition sign.,0.2,0.2,4,0.4016,"[2399.812255859375, 3.2055954933166504, 2876.008544921875, 933.226806640625]",1
frame_0065.png,extras,prohibition_sign,do not enter sign,do not enter sign.,0.2,0.2,4,0.3174,"[2397.564697265625, 4.7608323097229, 2875.044189453125, 931.727294921875]",1
frame_0065.png,extras,prohibition_sign,stop sign,stop sign.,0.2,0.2,2,0.2202,"[2391.68896484375, 0.7441788911819458, 2877.674560546875, 932.8480834960938]",1
frame_0065.png,extras,prohibition_sign,red circular sign,red circular sign.,0.2,0.2,2,0.5308,"[1151.2156982421875, 1645.937255859375, 1693.1005859375, 1852.64306640625]",1
frame_0065.png,extras,prohibition_sign,warning sign,warning sign.,0.2,0.2,2,0.5229,"[2398.848388671875, 1.7807632684707642, 2877.98388671875, 940.1083984375]",1
frame_0065.png,extras,prohibition_sign,red sign on ground,red sign on ground.,0.2,0.2,6,0.5066,"[9.662818908691406, 979.954833984375, 2870.466552734375, 1848.0345458984375]",1
frame_0065.png,extras,pair_of_ramps,pair of ramps,pair of ramps.,0.18,0.18,9,0.3008,"[5.976991653442383, 5.088576316833496, 663.5324096679688, 979.5306396484375]",1
frame_0065.png,extras,pair_of_ramps,loading ramps,loading ramps.,0.18,0.18,4,0.2472,"[2245.686767578125, 1674.684814453125, 2878.553955078125, 1853.6177978515625]",1
frame_0065.png,extras,pair_of_ramps,metal ramps on ground,metal ramps on ground.,0.18,0.18,6,0.5673,"[10.065879821777344, 976.63720703125, 2868.90576171875, 1846.638427734375]",1
frame_0065.png,extras,pair_of_ramps,vehicle loading ramp,vehicle loading ramp.,0.18,0.18,3,0.5215,"[1499.173095703125, 749.978271484375, 1869.315185546875, 1211.1063232421875]",1
frame_0065.png,extras,pair_of_ramps,two metal ramps,two metal ramps.,0.18,0.18,6,0.2945,"[645.0100708007812, 482.9680480957031, 1008.8108520507812, 625.1773681640625]",1
frame_0065.png,extras,pair_of_ramps,ramp,ramp.,0.18,0.18,1,0.2099,"[1506.679443359375, 754.6868286132812, 1862.84521484375, 1206.291748046875]",1
frame_0065.png,extras,pair_of_ramps,aluminum ramp,aluminum ramp.,0.18,0.18,5,0.3831,"[2244.723388671875, 1673.6953125, 2878.2470703125, 1853.585205078125]",1
frame_0065.png,extras,pair_of_ramps,incline ramp,incline ramp.,0.18,0.18,0,0.0,,0
frame_0065.png,extras,trailer,trailer,trailer.,0.18,0.18,4,0.3609,"[1505.2474365234375, 753.468994140625, 1863.1617431640625, 1207.64794921875]",1
frame_0065.png,extras,trailer,cargo trailer,cargo trailer.,0.18,0.18,3,0.4098,"[541.4677124023438, 493.8429870605469, 1314.638916015625, 1003.1402587890625]",1
frame_0065.png,extras,trailer,vehicle trailer,vehicle trailer.,0.18,0.18,4,0.5004,"[1501.7889404296875, 752.9840087890625, 1865.3228759765625, 1209.400634765625]",1
frame_0065.png,extras,trailer,wheeled trailer,wheeled trailer.,0.18,0.18,1,0.6777,"[1503.1016845703125, 753.2207641601562, 1864.989990234375, 1209.7515869140625]",1
frame_0065.png,extras,trailer,small trailer,small trailer.,0.18,0.18,2,0.5501,"[1498.9134521484375, 751.3517456054688, 1868.748291015625, 1211.967041015625]",1
frame_0065.png,extras,trailer,utility trailer,utility trailer.,0.18,0.18,3,0.4604,"[547.5554809570312, 493.8511962890625, 1314.7684326171875, 1004.2074584960938]",1
frame_0065.png,extras,trailer,open trailer,open trailer.,0.18,0.18,3,0.463,"[1501.8179931640625, 751.5719604492188, 1866.4652099609375, 1210.753173828125]",1
frame_0065.png,extras,trailer,covered trailer,covered trailer.,0.18,0.18,3,0.4476,"[543.8927001953125, 492.8775634765625, 1316.5504150390625, 1004.2714233398438]",1
frame_0065.png,extras,trailer,container trailer,container trailer.,0.18,0.18,5,0.3105,"[540.9839477539062, 491.2481994628906, 1313.11669921875, 1002.9384155273438]",1
frame_0066.png,production,trailer,ALL_GROUP,trailer. cargo trailer. vehicle trailer. wheeled trailer. flatbed trailer. black trailer. utility trailer.,0.2,0.2,7,0.4193,"[2079.584228515625, 727.161376953125, 2522.01904296875, 1255.2728271484375]",1
frame_0066.png,production,electric utility vehicle+electric wheelchair+electric scooter+trolley,ALL_GROUP,electric utility vehicle. small electric cart. utility vehicle. golf cart. electric cart. small white utility vehicle. electric wheelchair. motorized wheelchair. power wheelchair. mobility scooter wheelchair. electric scooter. mobility scooter. stand-up scooter. kick scooter. scooter. trolley. hand cart. hand truck. luggage cart. flatbed cart. push cart. utility cart.,0.22,0.22,5,0.355,"[1370.92822265625, 686.9649658203125, 1602.2000732421875, 1175.5535888671875]",1
frame_0066.png,production,pair of ramps,ALL_GROUP,pair of ramps. loading ramp. metal ramp. vehicle loading ramp. two metal ramps. aluminum ramp.,0.2,0.2,9,0.3632,"[2072.712646484375, 720.8148193359375, 2530.999755859375, 1258.868408203125]",1
frame_0066.png,production,portable power station+basketball,ALL_GROUP,portable power station. large power bank. battery box. power generator box. portable battery. power station. basketball. orange basketball. sports ball. rubber ball.,0.22,0.22,1,0.2334,"[220.111083984375, 179.37161254882812, 1232.66552734375, 973.7850952148438]",1
frame_0066.png,production,rectangular table+umbrella,ALL_GROUP,rectangular table. outdoor table. picnic table. long rectangular table. folding table. work table. umbrella. outdoor umbrella. parasol. patio umbrella. hand umbrella.,0.24,0.24,1,0.2569,"[957.2877807617188, 930.789794921875, 1104.9200439453125, 1107.1661376953125]",1
frame_0066.png,production,cardboard box,ALL_GROUP,cardboard box. brown cardboard box. cardboard package. shipping box.,0.26,0.26,1,0.4869,"[855.8017578125, 1003.17529296875, 934.9072265625, 1102.9290771484375]",1
frame_0066.png,production,chair,ALL_GROUP,chair. folding chair. outdoor chair. plastic chair. armless chair.,0.3,0.3,2,0.3996,"[2081.080810546875, 726.6635131835938, 2522.13623046875, 1254.19091796875]",1
frame_0066.png,production,traffic cone+prohibition sign,ALL_GROUP,traffic cone. road cone. safety cone. orange cone. construction cone. prohibition sign. no entry sign. red prohibition sign. do not enter sign. stop sign. red circular sign.,0.22,0.22,0,0.0,,0
frame_0066.png,extras,basketball,basketball,basketball.,0.18,0.18,0,0.0,,0
frame_0066.png,extras,basketball,orange basketball,orange basketball.,0.18,0.18,0,0.0,,0
frame_0066.png,extras,basketball,round orange ball,round orange ball.,0.18,0.18,2,0.4549,"[1157.6239013671875, 1651.31640625, 1677.3685302734375, 1855.075439453125]",1
frame_0066.png,extras,basketball,rubber ball on ground,rubber ball on ground.,0.18,0.18,5,0.5302,"[10.581636428833008, 942.6804809570312, 2870.306884765625, 1848.385986328125]",1
frame_0066.png,extras,basketball,sports ball,sports ball.,0.18,0.18,2,0.243,"[1157.264404296875, 1656.839599609375, 1671.921875, 1857.16259765625]",1
frame_0066.png,extras,basketball,ball,ball.,0.18,0.18,0,0.0,,0
frame_0066.png,extras,umbrella,umbrella,umbrella.,0.2,0.2,0,0.0,,0
frame_0066.png,extras,umbrella,outdoor umbrella,outdoor umbrella.,0.2,0.2,0,0.0,,0
frame_0066.png,extras,umbrella,patio umbrella,patio umbrella.,0.2,0.2,0,0.0,,0
frame_0066.png,extras,umbrella,open umbrella,open umbrella.,0.2,0.2,3,0.3386,"[2075.863525390625, 721.9338989257812, 2527.22802734375, 1258.600341796875]",1
frame_0066.png,extras,umbrella,parasol,parasol.,0.2,0.2,0,0.0,,0
frame_0066.png,extras,umbrella,shade umbrella,shade umbrella.,0.2,0.2,4,0.2629,"[2081.912841796875, 727.4702758789062, 2521.1162109375, 1253.9295654296875]",1
frame_0066.png,extras,umbrella,folded umbrella,folded umbrella.,0.2,0.2,5,0.4395,"[2082.221923828125, 727.8264770507812, 2520.924560546875, 1254.4912109375]",1
frame_0066.png,extras,electric_wheelchair,electric wheelchair,electric wheelchair.,0.2,0.2,2,0.5183,"[2080.507080078125, 726.0821533203125, 2522.209716796875, 1255.056640625]",1
frame_0066.png,extras,electric_wheelchair,motorized wheelchair,motorized wheelchair.,0.2,0.2,1,0.8849,"[2078.44873046875, 724.4136962890625, 2522.454345703125, 1256.76220703125]",1
frame_0066.png,extras,electric_wheelchair,power wheelchair,power wheelchair.,0.2,0.2,2,0.5362,"[2079.728759765625, 724.8514404296875, 2522.67919921875, 1255.8243408203125]",1
frame_0066.png,extras,electric_wheelchair,wheelchair,wheelchair.,0.2,0.2,1,0.3124,"[2082.0693359375, 726.7879028320312, 2518.7041015625, 1252.813720703125]",1
frame_0066.png,extras,electric_wheelchair,mobility chair,mobility chair.,0.2,0.2,4,0.5931,"[2079.998291015625, 724.5582885742188, 2522.809814453125, 1253.9827880859375]",1
frame_0066.png,extras,electric_wheelchair,powered mobility scooter,powered mobility scooter.,0.2,0.2,2,0.6149,"[2074.190673828125, 722.9413452148438, 2526.552490234375, 1259.9503173828125]",1
frame_0066.png,extras,electric_scooter,electric scooter,electric scooter.,0.2,0.2,2,0.4028,"[1377.5360107421875, 687.8014526367188, 1588.894775390625, 1173.4486083984375]",1
frame_0066.png,extras,electric_scooter,stand-up scooter,stand-up scooter.,0.2,0.2,2,0.7491,"[2071.079833984375, 721.9027709960938, 2529.044921875, 1262.16748046875]",1
frame_0066.png,extras,electric_scooter,kick scooter,kick scooter.,0.2,0.2,2,0.5266,"[2078.695068359375, 726.6336669921875, 2523.2392578125, 1257.552734375]",1
frame_0066.png,extras,electric_scooter,two-wheeled scooter,two-wheeled scooter.,0.2,0.2,2,0.6616,"[2070.737060546875, 722.4716186523438, 2529.85791015625, 1262.7056884765625]",1
frame_0066.png,extras,electric_scooter,scooter,scooter.,0.2,0.2,2,0.3282,"[2082.492919921875, 728.5294189453125, 2518.385009765625, 1253.062255859375]",1
frame_0066.png,extras,electric_scooter,electric kick scooter,electric kick scooter.,0.2,0.2,2,0.5335,"[1373.6884765625, 686.1475830078125, 1589.740234375, 1175.820556640625]",1
frame_0066.png,extras,prohibition_sign,prohibition sign,prohibition sign.,0.2,0.2,4,0.3198,"[2080.39990234375, 727.1176147460938, 2522.596435546875, 1254.71337890625]",1
frame_0066.png,extras,prohibition_sign,no entry sign,no entry sign.,0.2,0.2,5,0.3304,"[425.240234375, 319.1740417480469, 511.0301818847656, 479.6359558105469]",1
frame_0066.png,extras,prohibition_sign,red prohibition sign,red prohibition sign.,0.2,0.2,8,0.3286,"[2074.758056640625, 722.5945434570312, 2528.61474609375, 1258.382080078125]",1
frame_0066.png,extras,prohibition_sign,do not enter sign,do not enter sign.,0.2,0.2,2,0.3504,"[1156.945556640625, 1648.6656494140625, 1679.5504150390625, 1855.193603515625]",1
frame_0066.png,extras,prohibition_sign,stop sign,stop sign.,0.2,0.2,0,0.0,,0
frame_0066.png,extras,prohibition_sign,red circular sign,red circular sign.,0.2,0.2,2,0.5044,"[1151.8719482421875, 1647.2965087890625, 1686.54345703125, 1853.9632568359375]",1
frame_0066.png,extras,prohibition_sign,warning sign,warning sign.,0.2,0.2,4,0.3248,"[2080.772705078125, 726.994140625, 2522.497314453125, 1254.6356201171875]",1
frame_0066.png,extras,prohibition_sign,red sign on ground,red sign on ground.,0.2,0.2,5,0.5287,"[9.495363235473633, 945.4971313476562, 2870.60302734375, 1848.852294921875]",1
frame_0066.png,extras,pair_of_ramps,pair of ramps,pair of ramps.,0.18,0.18,6,0.4242,"[740.7302856445312, 353.6547546386719, 1212.0322265625, 948.4596557617188]",1
frame_0066.png,extras,pair_of_ramps,loading ramps,loading ramps.,0.18,0.18,5,0.3024,"[237.0984344482422, 183.770751953125, 1218.031494140625, 968.809814453125]",1
frame_0066.png,extras,pair_of_ramps,metal ramps on ground,metal ramps on ground.,0.18,0.18,5,0.5359,"[8.874378204345703, 945.4209594726562, 2870.150634765625, 1847.8792724609375]",1
frame_0066.png,extras,pair_of_ramps,vehicle loading ramp,vehicle loading ramp.,0.18,0.18,5,0.4666,"[2076.338134765625, 723.2318115234375, 2526.43310546875, 1256.489990234375]",1
frame_0066.png,extras,pair_of_ramps,two metal ramps,two metal ramps.,0.18,0.18,7,0.3022,"[241.3170166015625, 179.1914825439453, 1224.9107666015625, 972.2105102539062]",1
frame_0066.png,extras,pair_of_ramps,ramp,ramp.,0.18,0.18,1,0.2078,"[2082.373046875, 727.8427734375, 2520.05810546875, 1253.4052734375]",1
frame_0066.png,extras,pair_of_ramps,aluminum ramp,aluminum ramp.,0.18,0.18,5,0.4145,"[2238.785888671875, 1670.91455078125, 2877.957763671875, 1854.0665283203125]",1
frame_0066.png,extras,pair_of_ramps,incline ramp,incline ramp.,0.18,0.18,0,0.0,,0
frame_0066.png,extras,trailer,trailer,trailer.,0.18,0.18,8,0.3146,"[1411.739013671875, 597.1964721679688, 1820.33642578125, 1004.989501953125]",1
frame_0066.png,extras,trailer,cargo trailer,cargo trailer.,0.18,0.18,7,0.3855,"[1407.3424072265625, 597.3206787109375, 1821.5400390625, 1004.7626953125]",1
frame_0066.png,extras,trailer,vehicle trailer,vehicle trailer.,0.18,0.18,9,0.4097,"[1409.2030029296875, 596.5045776367188, 1821.6202392578125, 1005.479736328125]",1
frame_0066.png,extras,trailer,wheeled trailer,wheeled trailer.,0.18,0.18,3,0.5556,"[2079.25830078125, 725.9625854492188, 2522.288818359375, 1255.6251220703125]",1
frame_0066.png,extras,trailer,small trailer,small trailer.,0.18,0.18,4,0.3912,"[2076.202880859375, 723.7225341796875, 2525.68310546875, 1257.4927978515625]",1
frame_0066.png,extras,trailer,utility trailer,utility trailer.,0.18,0.18,4,0.4452,"[1404.364990234375, 596.326904296875, 1821.9490966796875, 1006.9892578125]",1
frame_0066.png,extras,trailer,open trailer,open trailer.,0.18,0.18,3,0.4582,"[2078.731689453125, 725.2952880859375, 2522.933349609375, 1255.9403076171875]",1
frame_0066.png,extras,trailer,covered trailer,covered trailer.,0.18,0.18,7,0.3598,"[1403.247314453125, 596.9059448242188, 1823.0963134765625, 1005.3529052734375]",1
frame_0066.png,extras,trailer,container trailer,container trailer.,0.18,0.18,6,0.4003,"[1409.3714599609375, 596.787841796875, 1821.0704345703125, 1004.892822265625]",1
frame_0067.png,production,trailer,ALL_GROUP,trailer. cargo trailer. vehicle trailer. wheeled trailer. flatbed trailer. black trailer. utility trailer.,0.2,0.2,8,0.4536,"[2183.843017578125, 697.2319946289062, 2737.767333984375, 1304.9808349609375]",1
frame_0067.png,production,electric utility vehicle+electric wheelchair+electric scooter+trolley,ALL_GROUP,electric utility vehicle. small electric cart. utility vehicle. golf cart. electric cart. small white utility vehicle. electric wheelchair. motorized wheelchair. power wheelchair. mobility scooter wheelchair. electric scooter. mobility scooter. stand-up scooter. kick scooter. scooter. trolley. hand cart. hand truck. luggage cart. flatbed cart. push cart. utility cart.,0.22,0.22,4,0.3729,"[1379.9892578125, 646.5820922851562, 1637.4305419921875, 1214.876708984375]",1
frame_0067.png,production,pair of ramps,ALL_GROUP,pair of ramps. loading ramp. metal ramp. vehicle loading ramp. two metal ramps. aluminum ramp.,0.2,0.2,11,0.3664,"[2178.175537109375, 690.83837890625, 2742.943603515625, 1307.8692626953125]",1
frame_0067.png,production,portable power station+basketball,ALL_GROUP,portable power station. large power bank. battery box. power generator box. portable battery. power station. basketball. orange basketball. sports ball. rubber ball.,0.22,0.22,1,0.2327,"[241.57408142089844, 177.0375213623047, 1240.383544921875, 975.8102416992188]",1
frame_0067.png,production,rectangular table+umbrella,ALL_GROUP,rectangular table. outdoor table. picnic table. long rectangular table. folding table. work table. umbrella. outdoor umbrella. parasol. patio umbrella. hand umbrella.,0.24,0.24,2,0.287,"[921.83251953125, 931.160888671875, 1090.63916015625, 1123.41259765625]",1
frame_0067.png,production,cardboard box,ALL_GROUP,cardboard box. brown cardboard box. cardboard package. shipping box.,0.26,0.26,1,0.4296,"[816.5970458984375, 1009.15380859375, 905.3543701171875, 1120.9554443359375]",1
frame_0067.png,production,chair,ALL_GROUP,chair. folding chair. outdoor chair. plastic chair. armless chair.,0.3,0.3,2,0.3316,"[2185.294677734375, 697.2584228515625, 2737.5908203125, 1304.73876953125]",1
frame_0067.png,production,traffic cone+prohibition sign,ALL_GROUP,traffic cone. road cone. safety cone. orange cone. construction cone. prohibition sign. no entry sign. red prohibition sign. do not enter sign. stop sign. red circular sign.,0.22,0.22,0,0.0,,0
frame_0067.png,extras,basketball,basketball,basketball.,0.18,0.18,2,0.358,"[889.9202880859375, 1019.4945068359375, 992.689697265625, 1129.1527099609375]",1
frame_0067.png,extras,basketball,orange basketball,orange basketball.,0.18,0.18,1,0.241,"[890.3585815429688, 1019.1343994140625, 993.818359375, 1129.63232421875]",1
frame_0067.png,extras,basketball,round orange ball,round orange ball.,0.18,0.18,2,0.6132,"[882.9574584960938, 1014.4043579101562, 998.102783203125, 1133.115966796875]",1
frame_0067.png,extras,basketball,rubber ball on ground,rubber ball on ground.,0.18,0.18,4,0.5115,"[10.155916213989258, 952.743896484375, 2869.84033203125, 1848.0382080078125]",1
frame_0067.png,extras,basketball,sports ball,sports ball.,0.18,0.18,2,0.3974,"[889.299560546875, 1019.838623046875, 993.19091796875, 1130.3773193359375]",1
frame_0067.png,extras,basketball,ball,ball.,0.18,0.18,3,0.2404,"[1151.967041015625, 1652.250244140625, 1692.637451171875, 1856.9490966796875]",1
frame_0067.png,extras,umbrella,umbrella,umbrella.,0.2,0.2,0,0.0,,0
frame_0067.png,extras,umbrella,outdoor umbrella,outdoor umbrella.,0.2,0.2,0,0.0,,0
frame_0067.png,extras,umbrella,patio umbrella,patio umbrella.,0.2,0.2,0,0.0,,0
frame_0067.png,extras,umbrella,open umbrella,open umbrella.,0.2,0.2,3,0.3569,"[2181.707275390625, 691.4381713867188, 2740.34716796875, 1307.62890625]",1
frame_0067.png,extras,umbrella,parasol,parasol.,0.2,0.2,0,0.0,,0
frame_0067.png,extras,umbrella,shade umbrella,shade umbrella.,0.2,0.2,4,0.2598,"[2185.12109375, 696.255859375, 2737.093505859375, 1302.1826171875]",1
frame_0067.png,extras,umbrella,folded umbrella,folded umbrella.,0.2,0.2,3,0.4651,"[2185.956787109375, 696.9091186523438, 2736.73046875, 1303.551025390625]",1
frame_0067.png,extras,electric_wheelchair,electric wheelchair,electric wheelchair.,0.2,0.2,2,0.5643,"[2184.3720703125, 694.8761596679688, 2737.474853515625, 1304.654052734375]",1
frame_0067.png,extras,electric_wheelchair,motorized wheelchair,motorized wheelchair.,0.2,0.2,1,0.903,"[2181.739990234375, 693.7266235351562, 2738.3408203125, 1306.2706298828125]",1
frame_0067.png,extras,electric_wheelchair,power wheelchair,power wheelchair.,0.2,0.2,2,0.5721,"[2183.386474609375, 694.1246337890625, 2738.1083984375, 1304.849365234375]",1
frame_0067.png,extras,electric_wheelchair,wheelchair,wheelchair.,0.2,0.2,1,0.4075,"[2184.7705078125, 695.8777465820312, 2735.06982421875, 1301.35205078125]",1
frame_0067.png,extras,electric_wheelchair,mobility chair,mobility chair.,0.2,0.2,2,0.6451,"[2183.9072265625, 694.1012573242188, 2737.627685546875, 1303.6925048828125]",1
frame_0067.png,extras,electric_wheelchair,powered mobility scooter,powered mobility scooter.,0.2,0.2,1,0.7399,"[2179.828857421875, 692.4249877929688, 2741.563232421875, 1308.6759033203125]",1
frame_0067.png,extras,electric_scooter,electric scooter,electric scooter.,0.2,0.2,2,0.4342,"[1384.3572998046875, 648.7101440429688, 1633.7747802734375, 1212.4481201171875]",1
frame_0067.png,extras,electric_scooter,stand-up scooter,stand-up scooter.,0.2,0.2,1,0.8118,"[2176.7451171875, 691.0768432617188, 2744.106689453125, 1311.46337890625]",1
frame_0067.png,extras,electric_scooter,kick scooter,kick scooter.,0.2,0.2,2,0.6037,"[2183.387939453125, 695.9422607421875, 2738.43603515625, 1306.872314453125]",1
frame_0067.png,extras,electric_scooter,two-wheeled scooter,two-wheeled scooter.,0.2,0.2,1,0.8378,"[2176.821533203125, 692.285400390625, 2744.36376953125, 1311.73779296875]",1
frame_0067.png,extras,electric_scooter,scooter,scooter.,0.2,0.2,2,0.4042,"[2185.2919921875, 697.4021606445312, 2735.231201171875, 1301.085693359375]",1
frame_0067.png,extras,electric_scooter,electric kick scooter,electric kick scooter.,0.2,0.2,2,0.4986,"[1381.9295654296875, 646.1132202148438, 1635.7305908203125, 1214.141357421875]",1
frame_0067.png,extras,prohibition_sign,prohibition sign,prohibition sign.,0.2,0.2,2,0.3241,"[2184.36865234375, 695.9258422851562, 2738.183837890625, 1303.8199462890625]",1
frame_0067.png,extras,prohibition_sign,no entry sign,no entry sign.,0.2,0.2,5,0.3262,"[2171.18310546875, 686.212890625, 2748.75, 1313.239990234375]",1
frame_0067.png,extras,prohibition_sign,red prohibition sign,red prohibition sign.,0.2,0.2,4,0.3422,"[2179.614990234375, 691.7235717773438, 2742.44921875, 1307.587890625]",1
frame_0067.png,extras,prohibition_sign,do not enter sign,do not enter sign.,0.2,0.2,3,0.3095,"[1148.7802734375, 1644.1241455078125, 1691.0426025390625, 1855.345947265625]",1
frame_0067.png,extras,prohibition_sign,stop sign,stop sign.,0.2,0.2,0,0.0,,0
frame_0067.png,extras,prohibition_sign,red circular sign,red circular sign.,0.2,0.2,2,0.4811,"[1145.8453369140625, 1643.1375732421875, 1696.4866943359375, 1853.921142578125]",1
frame_0067.png,extras,prohibition_sign,warning sign,warning sign.,0.2,0.2,2,0.3086,"[2184.637939453125, 696.0829467773438, 2737.825927734375, 1303.6422119140625]",1
frame_0067.png,extras,prohibition_sign,red sign on ground,red sign on ground.,0.2,0.2,7,0.5171,"[9.589262008666992, 951.5440063476562, 2870.409912109375, 1848.7296142578125]",1
frame_0067.png,extras,pair_of_ramps,pair of ramps,pair of ramps.,0.18,0.18,8,0.3806,"[747.3082275390625, 370.55877685546875, 1217.7445068359375, 954.8733520507812]",1
frame_0067.png,extras,pair_of_ramps,loading ramps,loading ramps.,0.18,0.18,4,0.2721,"[255.8402557373047, 181.56373596191406, 1229.450927734375, 969.8005981445312]",1
frame_0067.png,extras,pair_of_ramps,metal ramps on ground,metal ramps on ground.,0.18,0.18,5,0.5347,"[9.266796112060547, 947.8213500976562, 2869.904541015625, 1848.0220947265625]",1
frame_0067.png,extras,pair_of_ramps,vehicle loading ramp,vehicle loading ramp.,0.18,0.18,3,0.4558,"[2180.95458984375, 693.7213134765625, 2740.656494140625, 1305.600341796875]",1
frame_0067.png,extras,pair_of_ramps,two metal ramps,two metal ramps.,0.18,0.18,7,0.2811,"[744.7401733398438, 361.71197509765625, 1220.5472412109375, 962.2611694335938]",1
frame_0067.png,extras,pair_of_ramps,ramp,ramp.,0.18,0.18,1,0.2198,"[2184.967529296875, 696.9556274414062, 2736.231201171875, 1301.3311767578125]",1
frame_0067.png,extras,pair_of_ramps,aluminum ramp,aluminum ramp.,0.18,0.18,6,0.3989,"[2242.720947265625, 1671.472900390625, 2878.032470703125, 1854.1339111328125]",1
frame_0067.png,extras,pair_of_ramps,incline ramp,incline ramp.,0.18,0.18,0,0.0,,0
frame_0067.png,extras,trailer,trailer,trailer.,0.18,0.18,9,0.2827,"[1432.8497314453125, 579.2042846679688, 1843.909423828125, 1005.0132446289062]",1
frame_0067.png,extras,trailer,cargo trailer,cargo trailer.,0.18,0.18,5,0.4149,"[1208.8240966796875, 579.2333984375, 1844.548583984375, 1004.3868408203125]",1
frame_0067.png,extras,trailer,vehicle trailer,vehicle trailer.,0.18,0.18,8,0.3374,"[2183.6240234375, 695.9061889648438, 2737.6865234375, 1303.6622314453125]",1
frame_0067.png,extras,trailer,wheeled trailer,wheeled trailer.,0.18,0.18,3,0.5159,"[2183.190673828125, 695.69287109375, 2738.257080078125, 1304.40673828125]",1
frame_0067.png,extras,trailer,small trailer,small trailer.,0.18,0.18,4,0.3582,"[119.26277160644531, 907.880126953125, 278.95416259765625, 1051.3287353515625]",1
frame_0067.png,extras,trailer,utility trailer,utility trailer.,0.18,0.18,3,0.423,"[1207.00927734375, 574.0609741210938, 1845.415283203125, 1006.6979370117188]",1
frame_0067.png,extras,trailer,open trailer,open trailer.,0.18,0.18,5,0.3697,"[2182.3759765625, 694.8798217773438, 2738.813720703125, 1304.7213134765625]",1
frame_0067.png,extras,trailer,covered trailer,covered trailer.,0.18,0.18,2,0.5539,"[1199.7496337890625, 571.0225219726562, 1846.255126953125, 1007.201904296875]",1
frame_0067.png,extras,trailer,container trailer,container trailer.,0.18,0.18,6,0.3437,"[1431.4605712890625, 579.4205932617188, 1844.3521728515625, 1003.8577880859375]",1
frame_0068.png,production,trailer,ALL_GROUP,trailer. cargo trailer. vehicle trailer. wheeled trailer. flatbed trailer. black trailer. utility trailer.,0.2,0.2,6,0.4353,"[2321.6572265625, 666.543701171875, 2878.218994140625, 1361.201416015625]",1
frame_0068.png,production,electric utility vehicle+electric wheelchair+electric scooter+trolley,ALL_GROUP,electric utility vehicle. small electric cart. utility vehicle. golf cart. electric cart. small white utility vehicle. electric wheelchair. motorized wheelchair. power wheelchair. mobility scooter wheelchair. electric scooter. mobility scooter. stand-up scooter. kick scooter. scooter. trolley. hand cart. hand truck. luggage cart. flatbed cart. push cart. utility cart.,0.22,0.22,4,0.3502,"[1436.5362548828125, 576.3392333984375, 1720.943359375, 1251.9256591796875]",1
frame_0068.png,production,pair of ramps,ALL_GROUP,pair of ramps. loading ramp. metal ramp. vehicle loading ramp. two metal ramps. aluminum ramp.,0.2,0.2,7,0.3621,"[2316.51123046875, 660.2171020507812, 2874.389404296875, 1362.234619140625]",1
frame_0068.png,production,portable power station+basketball,ALL_GROUP,portable power station. large power bank. battery box. power generator box. portable battery. power station. basketball. orange basketball. sports ball. rubber ball.,0.22,0.22,1,0.2557,"[286.9599609375, 183.46263122558594, 1280.3560791015625, 971.6024169921875]",1
frame_0068.png,production,rectangular table+umbrella,ALL_GROUP,rectangular table. outdoor table. picnic table. long rectangular table. folding table. work table. umbrella. outdoor umbrella. parasol. patio umbrella. hand umbrella.,0.24,0.24,3,0.2973,"[933.5790405273438, 905.5468139648438, 1132.785400390625, 1147.9869384765625]",1
frame_0068.png,production,cardboard box,ALL_GROUP,cardboard box. brown cardboard box. cardboard package. shipping box.,0.26,0.26,2,0.4061,"[824.65087890625, 1012.0359497070312, 913.2882080078125, 1130.595703125]",1
frame_0068.png,production,chair,ALL_GROUP,chair. folding chair. outdoor chair. plastic chair. armless chair.,0.3,0.3,2,0.4309,"[952.863525390625, 881.9514770507812, 1118.4283447265625, 1140.714599609375]",1
frame_0068.png,production,traffic cone+prohibition sign,ALL_GROUP,traffic cone. road cone. safety cone. orange cone. construction cone. prohibition sign. no entry sign. red prohibition sign. do not enter sign. stop sign. red circular sign.,0.22,0.22,0,0.0,,0
frame_0068.png,extras,basketball,basketball,basketball.,0.18,0.18,1,0.3254,"[901.6021118164062, 1025.90771484375, 1010.1926879882812, 1144.1591796875]",1
frame_0068.png,extras,basketball,orange basketball,orange basketball.,0.18,0.18,1,0.1977,"[901.844482421875, 1025.998046875, 1011.3157348632812, 1144.380615234375]",1
frame_0068.png,extras,basketball,round orange ball,round orange ball.,0.18,0.18,1,0.6966,"[894.7294921875, 1020.6641845703125, 1015.6361083984375, 1147.91357421875]",1
frame_0068.png,extras,basketball,rubber ball on ground,rubber ball on ground.,0.18,0.18,2,0.5278,"[888.6580810546875, 1016.4049072265625, 1021.3947143554688, 1152.7445068359375]",1
frame_0068.png,extras,basketball,sports ball,sports ball.,0.18,0.18,1,0.4039,"[901.3944702148438, 1026.209716796875, 1010.85400390625, 1143.1640625]",1
frame_0068.png,extras,basketball,ball,ball.,0.18,0.18,1,0.2616,"[900.5049438476562, 1025.4891357421875, 1011.0184936523438, 1144.608154296875]",1
frame_0068.png,extras,umbrella,umbrella,umbrella.,0.2,0.2,1,0.2161,"[1448.3809814453125, 580.4404296875, 1714.5255126953125, 1244.375732421875]",1
frame_0068.png,extras,umbrella,outdoor umbrella,outdoor umbrella.,0.2,0.2,1,0.315,"[1443.726806640625, 578.30078125, 1717.4703369140625, 1248.204345703125]",1
frame_0068.png,extras,umbrella,patio umbrella,patio umbrella.,0.2,0.2,0,0.0,,0
frame_0068.png,extras,umbrella,open umbrella,open umbrella.,0.2,0.2,2,0.5046,"[1438.102294921875, 575.106201171875, 1722.4171142578125, 1250.7083740234375]",1
frame_0068.png,extras,umbrella,parasol,parasol.,0.2,0.2,0,0.0,,0
frame_0068.png,extras,umbrella,shade umbrella,shade umbrella.,0.2,0.2,5,0.245,"[1.9403529167175293, 1737.258056640625, 454.3248291015625, 1855.3741455078125]",1
frame_0068.png,extras,umbrella,folded umbrella,folded umbrella.,0.2,0.2,3,0.4707,"[1444.0364990234375, 581.1802368164062, 1716.83447265625, 1247.838623046875]",1
frame_0068.png,extras,electric_wheelchair,electric wheelchair,electric wheelchair.,0.2,0.2,2,0.4927,"[2321.427734375, 663.8982543945312, 2877.75341796875, 1361.6900634765625]",1
frame_0068.png,extras,electric_wheelchair,motorized wheelchair,motorized wheelchair.,0.2,0.2,1,0.8688,"[2320.058837890625, 662.8875122070312, 2877.41162109375, 1362.6192626953125]",1
frame_0068.png,extras,electric_wheelchair,power wheelchair,power wheelchair.,0.2,0.2,3,0.5513,"[2321.366943359375, 663.3508911132812, 2877.8916015625, 1361.02587890625]",1
frame_0068.png,extras,electric_wheelchair,wheelchair,wheelchair.,0.2,0.2,2,0.4246,"[2322.495849609375, 665.4639892578125, 2877.900634765625, 1357.5003662109375]",1
frame_0068.png,extras,electric_wheelchair,mobility chair,mobility chair.,0.2,0.2,3,0.4946,"[2321.885986328125, 663.7506103515625, 2877.9404296875, 1357.894287109375]",1
frame_0068.png,extras,electric_wheelchair,powered mobility scooter,powered mobility scooter.,0.2,0.2,2,0.5352,"[1438.8197021484375, 576.6475830078125, 1718.63134765625, 1251.8023681640625]",1
frame_0068.png,extras,electric_scooter,electric scooter,electric scooter.,0.2,0.2,2,0.5532,"[1440.1875, 579.3384399414062, 1716.4552001953125, 1249.3140869140625]",1
frame_0068.png,extras,electric_scooter,stand-up scooter,stand-up scooter.,0.2,0.2,2,0.5475,"[2314.19287109375, 659.5657958984375, 2875.929443359375, 1366.2462158203125]",1
frame_0068.png,extras,electric_scooter,kick scooter,kick scooter.,0.2,0.2,2,0.5788,"[1443.2095947265625, 579.88818359375, 1717.1732177734375, 1249.7606201171875]",1
frame_0068.png,extras,electric_scooter,two-wheeled scooter,two-wheeled scooter.,0.2,0.2,2,0.4722,"[1432.32861328125, 576.5921630859375, 1720.457763671875, 1253.9332275390625]",1
frame_0068.png,extras,electric_scooter,scooter,scooter.,0.2,0.2,2,0.4626,"[1442.68603515625, 580.4942626953125, 1714.5718994140625, 1246.3616943359375]",1
frame_0068.png,extras,electric_scooter,electric kick scooter,electric kick scooter.,0.2,0.2,1,0.7333,"[1438.5118408203125, 576.6851196289062, 1718.3817138671875, 1251.1646728515625]",1
frame_0068.png,extras,prohibition_sign,prohibition sign,prohibition sign.,0.2,0.2,2,0.3436,"[1445.328857421875, 579.195556640625, 1720.0897216796875, 1246.6214599609375]",1
frame_0068.png,extras,prohibition_sign,no entry sign,no entry sign.,0.2,0.2,4,0.3438,"[1432.0211181640625, 570.8922729492188, 1735.119384765625, 1253.4964599609375]",1
frame_0068.png,extras,prohibition_sign,red prohibition sign,red prohibition sign.,0.2,0.2,4,0.3396,"[1440.3643798828125, 575.2982177734375, 1726.61083984375, 1248.8677978515625]",1
frame_0068.png,extras,prohibition_sign,do not enter sign,do not enter sign.,0.2,0.2,2,0.2795,"[1432.6978759765625, 573.1622314453125, 1731.3258056640625, 1253.6859130859375]",1
frame_0068.png,extras,prohibition_sign,stop sign,stop sign.,0.2,0.2,0,0.0,,0
frame_0068.png,extras,prohibition_sign,red circular sign,red circular sign.,0.2,0.2,3,0.4236,"[1146.331298828125, 1649.1634521484375, 1690.685302734375, 1854.0352783203125]",1
frame_0068.png,extras,prohibition_sign,warning sign,warning sign.,0.2,0.2,3,0.3451,"[1445.32470703125, 579.7060546875, 1718.7154541015625, 1247.122314453125]",1
frame_0068.png,extras,prohibition_sign,red sign on ground,red sign on ground.,0.2,0.2,3,0.5253,"[9.729080200195312, 945.279052734375, 2869.982177734375, 1849.0848388671875]",1
frame_0068.png,extras,pair_of_ramps,pair of ramps,pair of ramps.,0.18,0.18,5,0.4197,"[788.5848388671875, 361.8486328125, 1258.2353515625, 958.5301513671875]",1
frame_0068.png,extras,pair_of_ramps,loading ramps,loading ramps.,0.18,0.18,6,0.3418,"[295.73797607421875, 187.4654541015625, 1271.1036376953125, 963.0942993164062]",1
frame_0068.png,extras,pair_of_ramps,metal ramps on ground,metal ramps on ground.,0.18,0.18,6,0.5288,"[9.635095596313477, 940.9490966796875, 2869.6435546875, 1847.8533935546875]",1
frame_0068.png,extras,pair_of_ramps,vehicle loading ramp,vehicle loading ramp.,0.18,0.18,3,0.4172,"[2318.970703125, 663.2974853515625, 2877.073974609375, 1360.3841552734375]",1
frame_0068.png,extras,pair_of_ramps,two metal ramps,two metal ramps.,0.18,0.18,5,0.3265,"[785.6964111328125, 366.6484069824219, 1261.6224365234375, 959.3262329101562]",1
frame_0068.png,extras,pair_of_ramps,ramp,ramp.,0.18,0.18,2,0.2107,"[2322.69091796875, 666.2918090820312, 2878.312255859375, 1357.6104736328125]",1
frame_0068.png,extras,pair_of_ramps,aluminum ramp,aluminum ramp.,0.18,0.18,9,0.4232,"[2245.241455078125, 1670.6885986328125, 2878.14599609375, 1854.449951171875]",1
frame_0068.png,extras,pair_of_ramps,incline ramp,incline ramp.,0.18,0.18,0,0.0,,0
frame_0068.png,extras,trailer,trailer,trailer.,0.18,0.18,10,0.3164,"[2322.987060546875, 665.9082641601562, 2878.36572265625, 1358.3980712890625]",1
frame_0068.png,extras,trailer,cargo trailer,cargo trailer.,0.18,0.18,6,0.4295,"[1247.676025390625, 544.751220703125, 1897.029541015625, 1007.8378295898438]",1
frame_0068.png,extras,trailer,vehicle trailer,vehicle trailer.,0.18,0.18,11,0.3728,"[2322.03564453125, 665.6666870117188, 2878.2099609375, 1360.3028564453125]",1
frame_0068.png,extras,trailer,wheeled trailer,wheeled trailer.,0.18,0.18,3,0.5101,"[2321.216796875, 665.4331665039062, 2877.835693359375, 1360.3232421875]",1
frame_0068.png,extras,trailer,small trailer,small trailer.,0.18,0.18,6,0.3148,"[145.39422607421875, 907.4782104492188, 302.79864501953125, 1049.335693359375]",1
frame_0068.png,extras,trailer,utility trailer,utility trailer.,0.18,0.18,5,0.3961,"[1466.4176025390625, 568.2269287109375, 1898.10888671875, 1009.9452514648438]",1
frame_0068.png,extras,trailer,open trailer,open trailer.,0.18,0.18,3,0.5088,"[2320.88916015625, 664.6076049804688, 2877.39599609375, 1359.9803466796875]",1
frame_0068.png,extras,trailer,covered trailer,covered trailer.,0.18,0.18,3,0.4844,"[1246.5390625, 559.0429077148438, 1899.10498046875, 1008.06201171875]",1
frame_0068.png,extras,trailer,container trailer,container trailer.,0.18,0.18,7,0.3328,"[1252.8861083984375, 603.9738159179688, 1483.635986328125, 991.887939453125]",1
frame_0069.png,production,trailer,ALL_GROUP,trailer. cargo trailer. vehicle trailer. wheeled trailer. flatbed trailer. black trailer. utility trailer.,0.2,0.2,7,0.3286,"[2687.95263671875, 596.1937866210938, 2878.9814453125, 1297.2230224609375]",1
frame_0069.png,production,electric utility vehicle+electric wheelchair+electric scooter+trolley,ALL_GROUP,electric utility vehicle. small electric cart. utility vehicle. golf cart. electric cart. small white utility vehicle. electric wheelchair. motorized wheelchair. power wheelchair. mobility scooter wheelchair. electric scooter. mobility scooter. stand-up scooter. kick scooter. scooter. trolley. hand cart. hand truck. luggage cart. flatbed cart. push cart. utility cart.,0.22,0.22,6,0.36,"[276.2015686035156, 853.9203491210938, 441.2718811035156, 1045.6363525390625]",1
frame_0069.png,production,pair of ramps,ALL_GROUP,pair of ramps. loading ramp. metal ramp. vehicle loading ramp. two metal ramps. aluminum ramp.,0.2,0.2,10,0.3196,"[1616.376953125, 498.288818359375, 2059.199462890625, 1340.8572998046875]",1
frame_0069.png,production,portable power station+basketball,ALL_GROUP,portable power station. large power bank. battery box. power generator box. portable battery. power station. basketball. orange basketball. sports ball. rubber ball.,0.22,0.22,1,0.2486,"[465.0026550292969, 212.33114624023438, 1406.3284912109375, 971.5042724609375]",1
frame_0069.png,production,rectangular table+umbrella,ALL_GROUP,rectangular table. outdoor table. picnic table. long rectangular table. folding table. work table. umbrella. outdoor umbrella. parasol. patio umbrella. hand umbrella.,0.24,0.24,3,0.3119,"[1047.647705078125, 926.6456298828125, 1232.6517333984375, 1161.2095947265625]",1
frame_0069.png,production,cardboard box,ALL_GROUP,cardboard box. brown cardboard box. cardboard package. shipping box.,0.26,0.26,3,0.3613,"[917.363037109375, 1013.6407470703125, 1048.9002685546875, 1146.391845703125]",1
frame_0069.png,production,chair,ALL_GROUP,chair. folding chair. outdoor chair. plastic chair. armless chair.,0.3,0.3,2,0.3156,"[1046.17041015625, 927.2721557617188, 1234.3140869140625, 1161.2978515625]",1
frame_0069.png,production,traffic cone+prohibition sign,ALL_GROUP,traffic cone. road cone. safety cone. orange cone. construction cone. prohibition sign. no entry sign. red prohibition sign. do not enter sign. stop sign. red circular sign.,0.22,0.22,0,0.0,,0
frame_0069.png,extras,basketball,basketball,basketball.,0.18,0.18,2,0.3161,"[995.9976196289062, 1029.3206787109375, 1117.2899169921875, 1153.4227294921875]",1
frame_0069.png,extras,basketball,orange basketball,orange basketball.,0.18,0.18,1,0.212,"[996.0370483398438, 1029.0498046875, 1118.5699462890625, 1157.3753662109375]",1
frame_0069.png,extras,basketball,round orange ball,round orange ball.,0.18,0.18,2,0.4877,"[989.487060546875, 1024.1611328125, 1122.615234375, 1162.9130859375]",1
frame_0069.png,extras,basketball,rubber ball on ground,rubber ball on ground.,0.18,0.18,5,0.4564,"[1146.984375, 1642.2940673828125, 1694.343505859375, 1851.9010009765625]",1
frame_0069.png,extras,basketball,sports ball,sports ball.,0.18,0.18,2,0.3995,"[995.5753173828125, 1030.2779541015625, 1117.7705078125, 1154.516357421875]",1
frame_0069.png,extras,basketball,ball,ball.,0.18,0.18,2,0.2528,"[1154.5274658203125, 1659.459716796875, 1690.51611328125, 1856.8572998046875]",1
frame_0069.png,extras,umbrella,umbrella,umbrella.,0.2,0.2,0,0.0,,0
frame_0069.png,extras,umbrella,outdoor umbrella,outdoor umbrella.,0.2,0.2,2,0.268,"[1622.4847412109375, 506.1757507324219, 1983.7808837890625, 1335.74462890625]",1
frame_0069.png,extras,umbrella,patio umbrella,patio umbrella.,0.2,0.2,0,0.0,,0
frame_0069.png,extras,umbrella,open umbrella,open umbrella.,0.2,0.2,3,0.4527,"[1617.74609375, 502.54376220703125, 1988.087646484375, 1338.4615478515625]",1
frame_0069.png,extras,umbrella,parasol,parasol.,0.2,0.2,0,0.0,,0
frame_0069.png,extras,umbrella,shade umbrella,shade umbrella.,0.2,0.2,7,0.2926,"[2250.32958984375, 1672.8441162109375, 2878.35400390625, 1854.0059814453125]",1
frame_0069.png,extras,umbrella,folded umbrella,folded umbrella.,0.2,0.2,4,0.4361,"[1622.343505859375, 507.8941955566406, 1984.0257568359375, 1336.1976318359375]",1
frame_0069.png,extras,electric_wheelchair,electric wheelchair,electric wheelchair.,0.2,0.2,2,0.3355,"[1620.818359375, 506.7124328613281, 1988.0089111328125, 1336.863037109375]",1
frame_0069.png,extras,electric_wheelchair,motorized wheelchair,motorized wheelchair.,0.2,0.2,4,0.4447,"[2688.253662109375, 597.23779296875, 2878.53515625, 1296.594970703125]",1
frame_0069.png,extras,electric_wheelchair,power wheelchair,power wheelchair.,0.2,0.2,4,0.2989,"[1620.57080078125, 504.28594970703125, 2056.54833984375, 1337.372802734375]",1
frame_0069.png,extras,electric_wheelchair,wheelchair,wheelchair.,0.2,0.2,0,0.0,,0
frame_0069.png,extras,electric_wheelchair,mobility chair,mobility chair.,0.2,0.2,6,0.3576,"[278.5536193847656, 857.1439819335938, 438.39593505859375, 1043.5367431640625]",1
frame_0069.png,extras,electric_wheelchair,powered mobility scooter,powered mobility scooter.,0.2,0.2,1,0.6922,"[1617.50146484375, 504.72607421875, 1988.1890869140625, 1339.865234375]",1
frame_0069.png,extras,electric_scooter,electric scooter,electric scooter.,0.2,0.2,3,0.5311,"[1620.886474609375, 505.62591552734375, 1983.2430419921875, 1336.498779296875]",1
frame_0069.png,extras,electric_scooter,stand-up scooter,stand-up scooter.,0.2,0.2,1,0.6688,"[1614.4239501953125, 503.23455810546875, 1990.484619140625, 1341.02880859375]",1
frame_0069.png,extras,electric_scooter,kick scooter,kick scooter.,0.2,0.2,1,0.7577,"[1621.9620361328125, 506.5762939453125, 1984.55517578125, 1337.26806640625]",1
frame_0069.png,extras,electric_scooter,two-wheeled scooter,two-wheeled scooter.,0.2,0.2,2,0.6656,"[1613.879638671875, 503.1859436035156, 1987.1854248046875, 1341.667724609375]",1
frame_0069.png,extras,electric_scooter,scooter,scooter.,0.2,0.2,3,0.3789,"[1622.611328125, 507.3071594238281, 1983.18359375, 1333.3526611328125]",1
frame_0069.png,extras,electric_scooter,electric kick scooter,electric kick scooter.,0.2,0.2,1,0.7879,"[1618.544677734375, 503.35040283203125, 1985.75, 1338.64501953125]",1
frame_0069.png,extras,prohibition_sign,prohibition sign,prohibition sign.,0.2,0.2,1,0.2915,"[1620.176513671875, 504.98919677734375, 2051.307373046875, 1336.6429443359375]",1
frame_0069.png,extras,prohibition_sign,no entry sign,no entry sign.,0.2,0.2,6,0.3168,"[1603.785400390625, 498.6117248535156, 2000.8089599609375, 1343.226806640625]",1
frame_0069.png,extras,prohibition_sign,red prohibition sign,red prohibition sign.,0.2,0.2,4,0.3143,"[1613.4849853515625, 501.2408752441406, 2017.9671630859375, 1338.9608154296875]",1
frame_0069.png,extras,prohibition_sign,do not enter sign,do not enter sign.,0.2,0.2,3,0.2934,"[1152.33349609375, 1650.2452392578125, 1690.52001953125, 1855.283203125]",1
frame_0069.png,extras,prohibition_sign,stop sign,stop sign.,0.2,0.2,0,0.0,,0
frame_0069.png,extras,prohibition_sign,red circular sign,red circular sign.,0.2,0.2,1,0.5519,"[1148.2672119140625, 1649.1807861328125, 1695.133056640625, 1853.7967529296875]",1
frame_0069.png,extras,prohibition_sign,warning sign,warning sign.,0.2,0.2,3,0.2505,"[1618.9656982421875, 505.11627197265625, 2058.730712890625, 1336.8897705078125]",1
frame_0069.png,extras,prohibition_sign,red sign on ground,red sign on ground.,0.2,0.2,6,0.5232,"[9.974298477172852, 933.8404541015625, 2870.46044921875, 1849.6549072265625]",1
frame_0069.png,extras,pair_of_ramps,pair of ramps,pair of ramps.,0.18,0.18,6,0.4023,"[929.2152099609375, 396.7037658691406, 1390.19384765625, 956.7274780273438]",1
frame_0069.png,extras,pair_of_ramps,loading ramps,loading ramps.,0.18,0.18,5,0.3748,"[471.5550842285156, 216.10658264160156, 1395.2314453125, 962.0668334960938]",1
frame_0069.png,extras,pair_of_ramps,metal ramps on ground,metal ramps on ground.,0.18,0.18,7,0.5425,"[9.371423721313477, 934.0267333984375, 2870.1357421875, 1848.61669921875]",1
frame_0069.png,extras,pair_of_ramps,vehicle loading ramp,vehicle loading ramp.,0.18,0.18,7,0.3994,"[1615.82275390625, 505.4185791015625, 2061.34521484375, 1337.9761962890625]",1
frame_0069.png,extras,pair_of_ramps,two metal ramps,two metal ramps.,0.18,0.18,5,0.3177,"[926.7850952148438, 403.96026611328125, 1391.884765625, 953.2623901367188]",1
frame_0069.png,extras,pair_of_ramps,ramp,ramp.,0.18,0.18,1,0.1861,"[2250.39990234375, 1673.6910400390625, 2878.458740234375, 1854.427734375]",1
frame_0069.png,extras,pair_of_ramps,aluminum ramp,aluminum ramp.,0.18,0.18,6,0.4088,"[2248.700439453125, 1671.1380615234375, 2878.359130859375, 1854.3883056640625]",1
frame_0069.png,extras,pair_of_ramps,incline ramp,incline ramp.,0.18,0.18,0,0.0,,0
frame_0069.png,extras,trailer,trailer,trailer.,0.18,0.18,7,0.3167,"[1618.085693359375, 505.93798828125, 2059.73876953125, 1336.5108642578125]",1
frame_0069.png,extras,trailer,cargo trailer,cargo trailer.,0.18,0.18,5,0.4277,"[1380.5875244140625, 487.5767517089844, 2060.616455078125, 1006.371337890625]",1
frame_0069.png,extras,trailer,vehicle trailer,vehicle trailer.,0.18,0.18,7,0.3604,"[278.9829406738281, 858.1351928710938, 437.46636962890625, 1043.56494140625]",1
frame_0069.png,extras,trailer,wheeled trailer,wheeled trailer.,0.18,0.18,4,0.405,"[1617.6712646484375, 506.26824951171875, 2057.265869140625, 1337.874755859375]",1
frame_0069.png,extras,trailer,small trailer,small trailer.,0.18,0.18,4,0.4489,"[277.3078918457031, 857.9213256835938, 440.9632873535156, 1045.657958984375]",1
frame_0069.png,extras,trailer,utility trailer,utility trailer.,0.18,0.18,5,0.3912,"[1380.48876953125, 487.1197204589844, 2060.8046875, 1007.3098754882812]",1
frame_0069.png,extras,trailer,open trailer,open trailer.,0.18,0.18,4,0.4018,"[1616.3470458984375, 505.8790588378906, 2062.5107421875, 1337.942138671875]",1
frame_0069.png,extras,trailer,covered trailer,covered trailer.,0.18,0.18,3,0.4489,"[1380.04541015625, 489.0333557128906, 2061.77685546875, 1009.2844848632812]",1
frame_0069.png,extras,trailer,container trailer,container trailer.,0.18,0.18,6,0.3869,"[1607.5723876953125, 513.6051025390625, 2059.928955078125, 1008.511474609375]",1
frame_0070.png,production,trailer,ALL_GROUP,trailer. cargo trailer. vehicle trailer. wheeled trailer. flatbed trailer. black trailer. utility trailer.,0.2,0.2,5,0.3751,"[303.50933837890625, 858.7006225585938, 465.0790710449219, 1047.3197021484375]",1
frame_0070.png,production,electric utility vehicle+electric wheelchair+electric scooter+trolley,ALL_GROUP,electric utility vehicle. small electric cart. utility vehicle. golf cart. electric cart. small white utility vehicle. electric wheelchair. motorized wheelchair. power wheelchair. mobility scooter wheelchair. electric scooter. mobility scooter. stand-up scooter. kick scooter. scooter. trolley. hand cart. hand truck. luggage cart. flatbed cart. push cart. utility cart.,0.22,0.22,4,0.3528,"[300.6461181640625, 851.0715942382812, 467.6386413574219, 1048.3011474609375]",1
frame_0070.png,production,pair of ramps,ALL_GROUP,pair of ramps. loading ramp. metal ramp. vehicle loading ramp. two metal ramps. aluminum ramp.,0.2,0.2,12,0.3269,"[1660.623291015625, 448.688720703125, 2112.077392578125, 1385.2003173828125]",1
frame_0070.png,production,portable power station+basketball,ALL_GROUP,portable power station. large power bank. battery box. power generator box. portable battery. power station. basketball. orange basketball. sports ball. rubber ball.,0.22,0.22,1,0.2524,"[508.89794921875, 215.12135314941406, 1436.5877685546875, 971.6458740234375]",1
frame_0070.png,production,rectangular table+umbrella,ALL_GROUP,rectangular table. outdoor table. picnic table. long rectangular table. folding table. work table. umbrella. outdoor umbrella. parasol. patio umbrella. hand umbrella.,0.24,0.24,2,0.303,"[1064.144287109375, 925.7142333984375, 1260.0423583984375, 1171.1312255859375]",1
frame_0070.png,production,cardboard box,ALL_GROUP,cardboard box. brown cardboard box. cardboard package. shipping box.,0.26,0.26,1,0.4084,"[932.295166015625, 1019.181396484375, 1022.33154296875, 1155.563720703125]",1
frame_0070.png,production,chair,ALL_GROUP,chair. folding chair. outdoor chair. plastic chair. armless chair.,0.3,0.3,0,0.0,,0
frame_0070.png,production,traffic cone+prohibition sign,ALL_GROUP,traffic cone. road cone. safety cone. orange cone. construction cone. prohibition sign. no entry sign. red prohibition sign. do not enter sign. stop sign. red circular sign.,0.22,0.22,0,0.0,,0
frame_0070.png,extras,basketball,basketball,basketball.,0.18,0.18,1,0.4387,"[1012.2430419921875, 1034.413818359375, 1138.1556396484375, 1166.056396484375]",1
frame_0070.png,extras,basketball,orange basketball,orange basketball.,0.18,0.18,1,0.346,"[1011.8756103515625, 1034.591064453125, 1139.6177978515625, 1165.8853759765625]",1
frame_0070.png,extras,basketball,round orange ball,round orange ball.,0.18,0.18,2,0.6169,"[1006.2517700195312, 1029.930419921875, 1144.5504150390625, 1170.8333740234375]",1
frame_0070.png,extras,basketball,rubber ball on ground,rubber ball on ground.,0.18,0.18,5,0.4647,"[9.984941482543945, 937.1334838867188, 2869.690673828125, 1848.8897705078125]",1
frame_0070.png,extras,basketball,sports ball,sports ball.,0.18,0.18,3,0.4387,"[1012.708984375, 1034.9678955078125, 1138.541748046875, 1164.826904296875]",1
frame_0070.png,extras,basketball,ball,ball.,0.18,0.18,2,0.2944,"[1157.1614990234375, 1657.3055419921875, 1692.444580078125, 1857.140625]",1
frame_0070.png,extras,umbrella,umbrella,umbrella.,0.2,0.2,1,0.2942,"[1689.3148193359375, 451.9846496582031, 2095.48583984375, 1379.13818359375]",1
frame_0070.png,extras,umbrella,outdoor umbrella,outdoor umbrella.,0.2,0.2,2,0.4404,"[1686.3067626953125, 448.75555419921875, 2096.98779296875, 1382.4501953125]",1
frame_0070.png,extras,umbrella,patio umbrella,patio umbrella.,0.2,0.2,1,0.2335,"[1686.548828125, 450.0246276855469, 2099.53271484375, 1381.9173583984375]",1
frame_0070.png,extras,umbrella,open umbrella,open umbrella.,0.2,0.2,3,0.6096,"[1678.2105712890625, 443.387939453125, 2103.527099609375, 1386.1009521484375]",1
frame_0070.png,extras,umbrella,parasol,parasol.,0.2,0.2,0,0.0,,0
frame_0070.png,extras,umbrella,shade umbrella,shade umbrella.,0.2,0.2,3,0.2838,"[2246.2060546875, 1673.29736328125, 2878.15478515625, 1854.2655029296875]",1
frame_0070.png,extras,umbrella,folded umbrella,folded umbrella.,0.2,0.2,2,0.5316,"[1687.88330078125, 450.87322998046875, 2097.042236328125, 1382.11865234375]",1
frame_0070.png,extras,electric_wheelchair,electric wheelchair,electric wheelchair.,0.2,0.2,2,0.3687,"[1685.947265625, 450.65460205078125, 2098.042724609375, 1382.4937744140625]",1
frame_0070.png,extras,electric_wheelchair,motorized wheelchair,motorized wheelchair.,0.2,0.2,2,0.4942,"[1685.2933349609375, 450.4213562011719, 2098.3037109375, 1383.0543212890625]",1
frame_0070.png,extras,electric_wheelchair,power wheelchair,power wheelchair.,0.2,0.2,2,0.412,"[1684.63720703125, 450.3230285644531, 2099.343994140625, 1382.38232421875]",1
frame_0070.png,extras,electric_wheelchair,wheelchair,wheelchair.,0.2,0.2,1,0.2474,"[1686.968505859375, 451.3892517089844, 2098.322998046875, 1380.59765625]",1
frame_0070.png,extras,electric_wheelchair,mobility chair,mobility chair.,0.2,0.2,5,0.3984,"[306.9764709472656, 857.0828247070312, 464.0378723144531, 1045.0740966796875]",1
frame_0070.png,extras,electric_wheelchair,powered mobility scooter,powered mobility scooter.,0.2,0.2,1,0.7991,"[1680.0648193359375, 445.2046203613281, 2098.079833984375, 1385.7281494140625]",1
frame_0070.png,extras,electric_scooter,electric scooter,electric scooter.,0.2,0.2,2,0.6089,"[1685.509765625, 448.8083801269531, 2093.99951171875, 1381.689208984375]",1
frame_0070.png,extras,electric_scooter,stand-up scooter,stand-up scooter.,0.2,0.2,1,0.8406,"[1677.3994140625, 444.30804443359375, 2099.72705078125, 1386.410888671875]",1
frame_0070.png,extras,electric_scooter,kick scooter,kick scooter.,0.2,0.2,1,0.8437,"[1686.5244140625, 449.5995788574219, 2095.10107421875, 1381.64697265625]",1
frame_0070.png,extras,electric_scooter,two-wheeled scooter,two-wheeled scooter.,0.2,0.2,1,0.8559,"[1677.2978515625, 443.97772216796875, 2098.623046875, 1387.1712646484375]",1
frame_0070.png,extras,electric_scooter,scooter,scooter.,0.2,0.2,2,0.4764,"[1687.8265380859375, 450.8720703125, 2093.54443359375, 1378.9727783203125]",1
frame_0070.png,extras,electric_scooter,electric kick scooter,electric kick scooter.,0.2,0.2,1,0.8762,"[1681.7318115234375, 445.5640563964844, 2096.740478515625, 1383.6580810546875]",1
frame_0070.png,extras,prohibition_sign,prohibition sign,prohibition sign.,0.2,0.2,2,0.3702,"[1682.5997314453125, 450.5650329589844, 2103.534423828125, 1381.514404296875]",1
frame_0070.png,extras,prohibition_sign,no entry sign,no entry sign.,0.2,0.2,3,0.3678,"[1747.1068115234375, 1107.3486328125, 1823.51708984375, 1227.2052001953125]",1
frame_0070.png,extras,prohibition_sign,red prohibition sign,red prohibition sign.,0.2,0.2,3,0.3812,"[1674.1068115234375, 447.43084716796875, 2104.433837890625, 1382.8470458984375]",1
frame_0070.png,extras,prohibition_sign,do not enter sign,do not enter sign.,0.2,0.2,3,0.3035,"[1747.886474609375, 1108.5748291015625, 1823.990478515625, 1227.7020263671875]",1
frame_0070.png,extras,prohibition_sign,stop sign,stop sign.,0.2,0.2,0,0.0,,0
frame_0070.png,extras,prohibition_sign,red circular sign,red circular sign.,0.2,0.2,2,0.5044,"[1149.5045166015625, 1647.0035400390625, 1696.204833984375, 1854.5281982421875]",1
frame_0070.png,extras,prohibition_sign,warning sign,warning sign.,0.2,0.2,2,0.3646,"[1685.2249755859375, 450.68902587890625, 2102.04345703125, 1382.0797119140625]",1
frame_0070.png,extras,prohibition_sign,red sign on ground,red sign on ground.,0.2,0.2,5,0.528,"[10.052833557128906, 935.8009643554688, 2870.1796875, 1850.1131591796875]",1
frame_0070.png,extras,pair_of_ramps,pair of ramps,pair of ramps.,0.18,0.18,7,0.3807,"[516.201904296875, 214.52017211914062, 1427.8204345703125, 967.1854248046875]",1
frame_0070.png,extras,pair_of_ramps,loading ramps,loading ramps.,0.18,0.18,9,0.349,"[515.671875, 219.08387756347656, 1426.013427734375, 964.9014892578125]",1
frame_0070.png,extras,pair_of_ramps,metal ramps on ground,metal ramps on ground.,0.18,0.18,5,0.5504,"[9.639387130737305, 934.2462158203125, 2870.232177734375, 1848.8236083984375]",1
frame_0070.png,extras,pair_of_ramps,vehicle loading ramp,vehicle loading ramp.,0.18,0.18,4,0.3753,"[1664.6937255859375, 451.42999267578125, 2109.807861328125, 1383.5140380859375]",1
frame_0070.png,extras,pair_of_ramps,two metal ramps,two metal ramps.,0.18,0.18,6,0.3106,"[520.8778076171875, 214.40057373046875, 1430.1207275390625, 967.796630859375]",1
frame_0070.png,extras,pair_of_ramps,ramp,ramp.,0.18,0.18,1,0.1989,"[1685.7799072265625, 453.3818054199219, 2102.620361328125, 1380.4898681640625]",1
frame_0070.png,extras,pair_of_ramps,aluminum ramp,aluminum ramp.,0.18,0.18,7,0.3801,"[2241.39208984375, 1671.5303955078125, 2878.3564453125, 1854.3690185546875]",1
frame_0070.png,extras,pair_of_ramps,incline ramp,incline ramp.,0.18,0.18,0,0.0,,0
frame_0070.png,extras,trailer,trailer,trailer.,0.18,0.18,6,0.3476,"[307.0398864746094, 859.2029418945312, 462.5582275390625, 1045.1734619140625]",1
frame_0070.png,extras,trailer,cargo trailer,cargo trailer.,0.18,0.18,4,0.402,"[1414.210205078125, 475.9283752441406, 2107.6904296875, 1006.1947021484375]",1
frame_0070.png,extras,trailer,vehicle trailer,vehicle trailer.,0.18,0.18,6,0.4335,"[304.894775390625, 858.8380126953125, 462.9838562011719, 1045.8172607421875]",1
frame_0070.png,extras,trailer,wheeled trailer,wheeled trailer.,0.18,0.18,2,0.4182,"[303.7294006347656, 858.1737670898438, 464.58563232421875, 1046.6116943359375]",1
frame_0070.png,extras,trailer,small trailer,small trailer.,0.18,0.18,3,0.4992,"[302.1005859375, 860.1812744140625, 466.915771484375, 1048.4752197265625]",1
frame_0070.png,extras,trailer,utility trailer,utility trailer.,0.18,0.18,5,0.4705,"[1639.206787109375, 511.0579528808594, 2108.197021484375, 1008.7885131835938]",1
frame_0070.png,extras,trailer,open trailer,open trailer.,0.18,0.18,6,0.3753,"[1658.5595703125, 452.93670654296875, 2110.67578125, 1382.801513671875]",1
frame_0070.png,extras,trailer,covered trailer,covered trailer.,0.18,0.18,4,0.3999,"[1414.163818359375, 476.72393798828125, 2108.6455078125, 1008.5595703125]",1
frame_0070.png,extras,trailer,container trailer,container trailer.,0.18,0.18,4,0.4612,"[1641.943603515625, 512.0745849609375, 2107.080322265625, 1003.9869384765625]",1
frame_0071.png,production,trailer,ALL_GROUP,trailer. cargo trailer. vehicle trailer. wheeled trailer. flatbed trailer. black trailer. utility trailer.,0.2,0.2,8,0.3257,"[2207.701171875, 420.58929443359375, 2522.142578125, 1430.2158203125]",1
frame_0071.png,production,electric utility vehicle+electric wheelchair+electric scooter+trolley,ALL_GROUP,electric utility vehicle. small electric cart. utility vehicle. golf cart. electric cart. small white utility vehicle. electric wheelchair. motorized wheelchair. power wheelchair. mobility scooter wheelchair. electric scooter. mobility scooter. stand-up scooter. kick scooter. scooter. trolley. hand cart. hand truck. luggage cart. flatbed cart. push cart. utility cart.,0.22,0.22,3,0.3077,"[2192.873779296875, 357.8318786621094, 2658.251953125, 1432.402587890625]",1
frame_0071.png,production,pair of ramps,ALL_GROUP,pair of ramps. loading ramp. metal ramp. vehicle loading ramp. two metal ramps. aluminum ramp.,0.2,0.2,11,0.3197,"[2090.38232421875, 361.5695495605469, 2656.89208984375, 1433.1619873046875]",1
frame_0071.png,production,portable power station+basketball,ALL_GROUP,portable power station. large power bank. battery box. power generator box. portable battery. power station. basketball. orange basketball. sports ball. rubber ball.,0.22,0.22,1,0.2602,"[977.7553100585938, 286.627685546875, 1837.8880615234375, 971.7593994140625]",1
frame_0071.png,production,rectangular table+umbrella,ALL_GROUP,rectangular table. outdoor table. picnic table. long rectangular table. folding table. work table. umbrella. outdoor umbrella. parasol. patio umbrella. hand umbrella.,0.24,0.24,2,0.3428,"[1524.922607421875, 927.356689453125, 1707.46484375, 1169.311279296875]",1
frame_0071.png,production,cardboard box,ALL_GROUP,cardboard box. brown cardboard box. cardboard package. shipping box.,0.26,0.26,2,0.3707,"[1381.7686767578125, 1006.75634765625, 1507.8848876953125, 1153.10546875]",1
frame_0071.png,production,chair,ALL_GROUP,chair. folding chair. outdoor chair. plastic chair. armless chair.,0.3,0.3,0,0.0,,0
frame_0071.png,production,traffic cone+prohibition sign,ALL_GROUP,traffic cone. road cone. safety cone. orange cone. construction cone. prohibition sign. no entry sign. red prohibition sign. do not enter sign. stop sign. red circular sign.,0.22,0.22,1,0.2422,"[2248.989013671875, 556.1182250976562, 2350.775634765625, 601.3313598632812]",1
frame_0071.png,extras,basketball,basketball,basketball.,0.18,0.18,3,0.3858,"[1465.5233154296875, 1032.8504638671875, 1588.453125, 1164.0059814453125]",1
frame_0071.png,extras,basketball,orange basketball,orange basketball.,0.18,0.18,2,0.3265,"[1465.191650390625, 1032.671875, 1589.8074951171875, 1168.1055908203125]",1
frame_0071.png,extras,basketball,round orange ball,round orange ball.,0.18,0.18,1,0.6803,"[1459.8082275390625, 1028.82568359375, 1594.05908203125, 1170.748046875]",1
frame_0071.png,extras,basketball,rubber ball on ground,rubber ball on ground.,0.18,0.18,4,0.4972,"[10.482673645019531, 934.1075439453125, 2869.939208984375, 1848.1119384765625]",1
frame_0071.png,extras,basketball,sports ball,sports ball.,0.18,0.18,3,0.4467,"[1465.6474609375, 1034.013916015625, 1589.0911865234375, 1160.49951171875]",1
frame_0071.png,extras,basketball,ball,ball.,0.18,0.18,1,0.3144,"[1464.34912109375, 1032.4874267578125, 1589.11572265625, 1165.59423828125]",1
frame_0071.png,extras,umbrella,umbrella,umbrella.,0.2,0.2,1,0.2171,"[2207.658935546875, 361.6990966796875, 2659.232421875, 1426.224365234375]",1
frame_0071.png,extras,umbrella,outdoor umbrella,outdoor umbrella.,0.2,0.2,1,0.384,"[2203.2626953125, 358.981689453125, 2661.42431640625, 1429.731201171875]",1
frame_0071.png,extras,umbrella,patio umbrella,patio umbrella.,0.2,0.2,1,0.2621,"[2199.12939453125, 359.58087158203125, 2660.022705078125, 1428.8028564453125]",1
frame_0071.png,extras,umbrella,open umbrella,open umbrella.,0.2,0.2,4,0.5243,"[2195.301025390625, 355.8759460449219, 2663.314453125, 1432.9736328125]",1
frame_0071.png,extras,umbrella,parasol,parasol.,0.2,0.2,0,0.0,,0
frame_0071.png,extras,umbrella,shade umbrella,shade umbrella.,0.2,0.2,5,0.3033,"[2190.25732421875, 360.33123779296875, 2659.670166015625, 1429.146484375]",1
frame_0071.png,extras,umbrella,folded umbrella,folded umbrella.,0.2,0.2,3,0.4333,"[2207.658447265625, 360.9259338378906, 2662.07373046875, 1429.665283203125]",1
frame_0071.png,extras,electric_wheelchair,electric wheelchair,electric wheelchair.,0.2,0.2,1,0.3194,"[2205.546142578125, 360.5818176269531, 2660.95703125, 1429.5264892578125]",1
frame_0071.png,extras,electric_wheelchair,motorized wheelchair,motorized wheelchair.,0.2,0.2,2,0.4336,"[2203.345458984375, 360.73345947265625, 2660.659423828125, 1430.74755859375]",1
frame_0071.png,extras,electric_wheelchair,power wheelchair,power wheelchair.,0.2,0.2,2,0.3982,"[2203.0458984375, 359.8711242675781, 2660.5244140625, 1430.006591796875]",1
frame_0071.png,extras,electric_wheelchair,wheelchair,wheelchair.,0.2,0.2,0,0.0,,0
frame_0071.png,extras,electric_wheelchair,mobility chair,mobility chair.,0.2,0.2,4,0.3991,"[2205.029541015625, 361.10443115234375, 2658.984619140625, 1429.4202880859375]",1
frame_0071.png,extras,electric_wheelchair,powered mobility scooter,powered mobility scooter.,0.2,0.2,1,0.7925,"[2198.94921875, 356.2829895019531, 2662.637939453125, 1434.637451171875]",1
frame_0071.png,extras,electric_scooter,electric scooter,electric scooter.,0.2,0.2,1,0.4388,"[2206.1279296875, 359.82958984375, 2661.222900390625, 1429.895263671875]",1
frame_0071.png,extras,electric_scooter,stand-up scooter,stand-up scooter.,0.2,0.2,1,0.8452,"[2194.86279296875, 355.4446716308594, 2663.5673828125, 1436.4957275390625]",1
frame_0071.png,extras,electric_scooter,kick scooter,kick scooter.,0.2,0.2,1,0.7936,"[2207.218505859375, 359.9719543457031, 2661.9560546875, 1431.83740234375]",1
frame_0071.png,extras,electric_scooter,two-wheeled scooter,two-wheeled scooter.,0.2,0.2,1,0.8168,"[2194.83447265625, 355.2671813964844, 2663.618896484375, 1437.3875732421875]",1
frame_0071.png,extras,electric_scooter,scooter,scooter.,0.2,0.2,1,0.3392,"[2206.78857421875, 360.9010314941406, 2660.175537109375, 1426.8270263671875]",1
frame_0071.png,extras,electric_scooter,electric kick scooter,electric kick scooter.,0.2,0.2,1,0.8083,"[2200.99755859375, 356.7810974121094, 2663.0341796875, 1433.1068115234375]",1
frame_0071.png,extras,prohibition_sign,prohibition sign,prohibition sign.,0.2,0.2,2,0.2392,"[2087.404296875, 360.6645202636719, 2659.032958984375, 1429.1396484375]",1
frame_0071.png,extras,prohibition_sign,no entry sign,no entry sign.,0.2,0.2,6,0.3169,"[2245.189453125, 552.26904296875, 2352.887939453125, 607.9431762695312]",1
frame_0071.png,extras,prohibition_sign,red prohibition sign,red prohibition sign.,0.2,0.2,3,0.4383,"[2248.651123046875, 555.3452758789062, 2350.31982421875, 603.7730102539062]",1
frame_0071.png,extras,prohibition_sign,do not enter sign,do not enter sign.,0.2,0.2,4,0.2604,"[1149.671875, 1651.94482421875, 1693.7828369140625, 1855.7362060546875]",1
frame_0071.png,extras,prohibition_sign,stop sign,stop sign.,0.2,0.2,0,0.0,,0
frame_0071.png,extras,prohibition_sign,red circular sign,red circular sign.,0.2,0.2,3,0.4655,"[1145.7381591796875, 1650.2337646484375, 1698.435546875, 1854.7315673828125]",1
frame_0071.png,extras,prohibition_sign,warning sign,warning sign.,0.2,0.2,3,0.2485,"[2208.78955078125, 360.6893005371094, 2657.426025390625, 1429.395263671875]",1
frame_0071.png,extras,prohibition_sign,red sign on ground,red sign on ground.,0.2,0.2,4,0.5221,"[10.158920288085938, 931.4777221679688, 2870.51953125, 1849.508056640625]",1
frame_0071.png,extras,pair_of_ramps,pair of ramps,pair of ramps.,0.18,0.18,8,0.3376,"[989.1768798828125, 284.9554138183594, 2165.13330078125, 974.749755859375]",1
frame_0071.png,extras,pair_of_ramps,loading ramps,loading ramps.,0.18,0.18,5,0.3138,"[989.4141235351562, 292.29937744140625, 1829.6444091796875, 961.8640747070312]",1
frame_0071.png,extras,pair_of_ramps,metal ramps on ground,metal ramps on ground.,0.18,0.18,8,0.5319,"[9.94863510131836, 933.8499145507812, 2870.2529296875, 1847.8248291015625]",1
frame_0071.png,extras,pair_of_ramps,vehicle loading ramp,vehicle loading ramp.,0.18,0.18,6,0.3124,"[2089.743408203125, 368.1673278808594, 2649.862060546875, 1429.7928466796875]",1
frame_0071.png,extras,pair_of_ramps,two metal ramps,two metal ramps.,0.18,0.18,5,0.3038,"[995.1941528320312, 285.0271301269531, 2166.002685546875, 972.7958374023438]",1
frame_0071.png,extras,pair_of_ramps,ramp,ramp.,0.18,0.18,0,0.0,,0
frame_0071.png,extras,pair_of_ramps,aluminum ramp,aluminum ramp.,0.18,0.18,4,0.4198,"[2249.55615234375, 1671.776123046875, 2877.97021484375, 1854.496826171875]",1
frame_0071.png,extras,pair_of_ramps,incline ramp,incline ramp.,0.18,0.18,0,0.0,,0
frame_0071.png,extras,trailer,trailer,trailer.,0.18,0.18,7,0.2888,"[1823.8125, 542.4682006835938, 2093.112060546875, 993.9507446289062]",1
frame_0071.png,extras,trailer,cargo trailer,cargo trailer.,0.18,0.18,5,0.4003,"[2076.370849609375, 421.5921630859375, 2638.119384765625, 1026.94580078125]",1
frame_0071.png,extras,trailer,vehicle trailer,vehicle trailer.,0.18,0.18,8,0.3921,"[2076.415283203125, 421.98236083984375, 2638.2705078125, 1027.52294921875]",1
frame_0071.png,extras,trailer,wheeled trailer,wheeled trailer.,0.18,0.18,4,0.3895,"[2201.459228515625, 360.38763427734375, 2658.185546875, 1430.059814453125]",1
frame_0071.png,extras,trailer,small trailer,small trailer.,0.18,0.18,3,0.3997,"[825.2406005859375, 966.3565063476562, 956.8751831054688, 1028.6025390625]",1
frame_0071.png,extras,trailer,utility trailer,utility trailer.,0.18,0.18,6,0.4452,"[2074.73095703125, 413.28662109375, 2642.723388671875, 1028.9276123046875]",1
frame_0071.png,extras,trailer,open trailer,open trailer.,0.18,0.18,4,0.3422,"[2078.629150390625, 364.5386657714844, 2660.06640625, 1429.9879150390625]",1
frame_0071.png,extras,trailer,covered trailer,covered trailer.,0.18,0.18,6,0.4142,"[2073.99658203125, 420.4625244140625, 2640.6220703125, 1028.799072265625]",1
frame_0071.png,extras,trailer,container trailer,container trailer.,0.18,0.18,4,0.4327,"[1824.2227783203125, 541.9797973632812, 2091.875244140625, 992.3576049804688]",1
frame_0072.png,production,trailer,ALL_GROUP,trailer. cargo trailer. vehicle trailer. wheeled trailer. flatbed trailer. black trailer. utility trailer.,0.2,0.2,8,0.3208,"[2075.462158203125, 421.1730651855469, 2639.56884765625, 1030.0023193359375]",1
frame_0072.png,production,electric utility vehicle+electric wheelchair+electric scooter+trolley,ALL_GROUP,electric utility vehicle. small electric cart. utility vehicle. golf cart. electric cart. small white utility vehicle. electric wheelchair. motorized wheelchair. power wheelchair. mobility scooter wheelchair. electric scooter. mobility scooter. stand-up scooter. kick scooter. scooter. trolley. hand cart. hand truck. luggage cart. flatbed cart. push cart. utility cart.,0.22,0.22,4,0.3181,"[2183.140380859375, 357.4858703613281, 2658.511474609375, 1432.80126953125]",1
frame_0072.png,production,pair of ramps,ALL_GROUP,pair of ramps. loading ramp. metal ramp. vehicle loading ramp. two metal ramps. aluminum ramp.,0.2,0.2,11,0.3246,"[2084.677001953125, 362.07666015625, 2655.202880859375, 1433.16650390625]",1
frame_0072.png,production,portable power station+basketball,ALL_GROUP,portable power station. large power bank. battery box. power generator box. portable battery. power station. basketball. orange basketball. sports ball. rubber ball.,0.22,0.22,1,0.2559,"[978.5594482421875, 286.4719543457031, 1835.2974853515625, 972.4478759765625]",1
frame_0072.png,production,rectangular table+umbrella,ALL_GROUP,rectangular table. outdoor table. picnic table. long rectangular table. folding table. work table. umbrella. outdoor umbrella. parasol. patio umbrella. hand umbrella.,0.24,0.24,2,0.3416,"[1524.4754638671875, 927.2627563476562, 1706.884521484375, 1169.355224609375]",1
frame_0072.png,production,cardboard box,ALL_GROUP,cardboard box. brown cardboard box. cardboard package. shipping box.,0.26,0.26,2,0.3976,"[1389.578369140625, 1014.95068359375, 1482.17919921875, 1146.630615234375]",1
frame_0072.png,production,chair,ALL_GROUP,chair. folding chair. outdoor chair. plastic chair. armless chair.,0.3,0.3,0,0.0,,0
frame_0072.png,production,traffic cone+prohibition sign,ALL_GROUP,traffic cone. road cone. safety cone. orange cone. construction cone. prohibition sign. no entry sign. red prohibition sign. do not enter sign. stop sign. red circular sign.,0.22,0.22,3,0.3048,"[2224.179443359375, 813.576416015625, 2334.93359375, 913.8543090820312]",1
frame_0072.png,extras,basketball,basketball,basketball.,0.18,0.18,2,0.4046,"[1464.843017578125, 1033.219482421875, 1588.0550537109375, 1167.6005859375]",1
frame_0072.png,extras,basketball,orange basketball,orange basketball.,0.18,0.18,2,0.3235,"[1464.853271484375, 1033.10888671875, 1589.4677734375, 1169.36572265625]",1
frame_0072.png,extras,basketball,round orange ball,round orange ball.,0.18,0.18,2,0.636,"[1459.572265625, 1029.0972900390625, 1593.7806396484375, 1171.5982666015625]",1
frame_0072.png,extras,basketball,rubber ball on ground,rubber ball on ground.,0.18,0.18,4,0.4855,"[10.367574691772461, 936.2537841796875, 2869.861328125, 1848.063720703125]",1
frame_0072.png,extras,basketball,sports ball,sports ball.,0.18,0.18,3,0.4369,"[1465.1492919921875, 1034.1644287109375, 1588.7210693359375, 1163.3905029296875]",1
frame_0072.png,extras,basketball,ball,ball.,0.18,0.18,2,0.3152,"[1463.854736328125, 1033.0989990234375, 1588.703369140625, 1168.3330078125]",1
frame_0072.png,extras,umbrella,umbrella,umbrella.,0.2,0.2,1,0.2452,"[2204.26123046875, 362.0364074707031, 2659.413818359375, 1426.611328125]",1
frame_0072.png,extras,umbrella,outdoor umbrella,outdoor umbrella.,0.2,0.2,1,0.4497,"[2201.540771484375, 359.1087951660156, 2661.98388671875, 1430.140380859375]",1
frame_0072.png,extras,umbrella,patio umbrella,patio umbrella.,0.2,0.2,1,0.2942,"[2197.580810546875, 359.3715515136719, 2660.135009765625, 1429.3419189453125]",1
frame_0072.png,extras,umbrella,open umbrella,open umbrella.,0.2,0.2,3,0.587,"[2192.692138671875, 355.8775329589844, 2663.260986328125, 1433.38134765625]",1
frame_0072.png,extras,umbrella,parasol,parasol.,0.2,0.2,0,0.0,,0
frame_0072.png,extras,umbrella,shade umbrella,shade umbrella.,0.2,0.2,5,0.3239,"[2174.323486328125, 360.8533020019531, 2660.27197265625, 1429.0858154296875]",1
frame_0072.png,extras,umbrella,folded umbrella,folded umbrella.,0.2,0.2,3,0.5493,"[2205.927734375, 361.40753173828125, 2662.059814453125, 1430.3458251953125]",1
frame_0072.png,extras,electric_wheelchair,electric wheelchair,electric wheelchair.,0.2,0.2,1,0.326,"[2201.01318359375, 360.4626770019531, 2660.763427734375, 1429.594482421875]",1
frame_0072.png,extras,electric_wheelchair,motorized wheelchair,motorized wheelchair.,0.2,0.2,2,0.4203,"[2199.56298828125, 360.8184509277344, 2660.861328125, 1430.789794921875]",1
frame_0072.png,extras,electric_wheelchair,power wheelchair,power wheelchair.,0.2,0.2,2,0.3876,"[2195.658447265625, 359.6907958984375, 2660.150634765625, 1430.0150146484375]",1
frame_0072.png,extras,electric_wheelchair,wheelchair,wheelchair.,0.2,0.2,0,0.0,,0
frame_0072.png,extras,electric_wheelchair,mobility chair,mobility chair.,0.2,0.2,4,0.4021,"[2202.47900390625, 361.01910400390625, 2659.779052734375, 1429.6083984375]",1
frame_0072.png,extras,electric_wheelchair,powered mobility scooter,powered mobility scooter.,0.2,0.2,1,0.7989,"[2196.031005859375, 356.3606872558594, 2662.85693359375, 1434.7740478515625]",1
frame_0072.png,extras,electric_scooter,electric scooter,electric scooter.,0.2,0.2,1,0.4503,"[2202.779296875, 360.01544189453125, 2661.212158203125, 1430.113525390625]",1
frame_0072.png,extras,electric_scooter,stand-up scooter,stand-up scooter.,0.2,0.2,1,0.8426,"[2191.446533203125, 355.5472717285156, 2663.792724609375, 1436.697998046875]",1
frame_0072.png,extras,electric_scooter,kick scooter,kick scooter.,0.2,0.2,1,0.7989,"[2204.0224609375, 360.1434020996094, 2662.018798828125, 1432.0704345703125]",1
frame_0072.png,extras,electric_scooter,two-wheeled scooter,two-wheeled scooter.,0.2,0.2,1,0.8026,"[2192.1806640625, 355.3729553222656, 2663.748779296875, 1437.217529296875]",1
frame_0072.png,extras,electric_scooter,scooter,scooter.,0.2,0.2,1,0.3646,"[2202.087158203125, 361.1299743652344, 2659.851318359375, 1427.113525390625]",1
frame_0072.png,extras,electric_scooter,electric kick scooter,electric kick scooter.,0.2,0.2,1,0.8147,"[2197.626220703125, 356.8623962402344, 2663.12548828125, 1433.4287109375]",1
frame_0072.png,extras,prohibition_sign,prohibition sign,prohibition sign.,0.2,0.2,1,0.2839,"[2078.038818359375, 361.3980407714844, 2660.650634765625, 1430.5076904296875]",1
frame_0072.png,extras,prohibition_sign,no entry sign,no entry sign.,0.2,0.2,6,0.3038,"[2217.893798828125, 804.6921997070312, 2350.319580078125, 923.8952026367188]",1
frame_0072.png,extras,prohibition_sign,red prohibition sign,red prohibition sign.,0.2,0.2,5,0.3956,"[2247.778076171875, 554.8033447265625, 2350.70361328125, 604.879150390625]",1
frame_0072.png,extras,prohibition_sign,do not enter sign,do not enter sign.,0.2,0.2,3,0.2732,"[1149.2354736328125, 1652.0120849609375, 1694.3216552734375, 1855.6650390625]",1
frame_0072.png,extras,prohibition_sign,stop sign,stop sign.,0.2,0.2,0,0.0,,0
frame_0072.png,extras,prohibition_sign,red circular sign,red circular sign.,0.2,0.2,5,0.3612,"[1147.2940673828125, 1651.6363525390625, 1697.41552734375, 1854.9886474609375]",1
frame_0072.png,extras,prohibition_sign,warning sign,warning sign.,0.2,0.2,3,0.2412,"[2206.82763671875, 361.1999816894531, 2656.38525390625, 1429.60498046875]",1
frame_0072.png,extras,prohibition_sign,red sign on ground,red sign on ground.,0.2,0.2,5,0.5246,"[10.120382308959961, 933.555419921875, 2870.38427734375, 1849.49755859375]",1
frame_0072.png,extras,pair_of_ramps,pair of ramps,pair of ramps.,0.18,0.18,10,0.3454,"[1366.020263671875, 405.8443298339844, 1828.9644775390625, 950.3134155273438]",1
frame_0072.png,extras,pair_of_ramps,loading ramps,loading ramps.,0.18,0.18,6,0.3222,"[989.2432861328125, 292.3441162109375, 1828.5902099609375, 962.1389770507812]",1
frame_0072.png,extras,pair_of_ramps,metal ramps on ground,metal ramps on ground.,0.18,0.18,8,0.5293,"[9.836196899414062, 934.7991943359375, 2870.291748046875, 1847.7896728515625]",1
frame_0072.png,extras,pair_of_ramps,vehicle loading ramp,vehicle loading ramp.,0.18,0.18,6,0.3424,"[2080.059326171875, 366.3770446777344, 2654.240966796875, 1430.5126953125]",1
frame_0072.png,extras,pair_of_ramps,two metal ramps,two metal ramps.,0.18,0.18,6,0.3221,"[993.7777709960938, 285.25445556640625, 2166.162841796875, 973.0593872070312]",1
frame_0072.png,extras,pair_of_ramps,ramp,ramp.,0.18,0.18,1,0.181,"[2249.09228515625, 1674.443115234375, 2878.359619140625, 1854.269775390625]",1
frame_0072.png,extras,pair_of_ramps,aluminum ramp,aluminum ramp.,0.18,0.18,5,0.4188,"[2248.370849609375, 1671.846435546875, 2877.90478515625, 1854.3529052734375]",1
frame_0072.png,extras,pair_of_ramps,incline ramp,incline ramp.,0.18,0.18,0,0.0,,0
frame_0072.png,extras,trailer,trailer,trailer.,0.18,0.18,7,0.3228,"[2078.264892578125, 364.0176086425781, 2657.623291015625, 1429.2069091796875]",1
frame_0072.png,extras,trailer,cargo trailer,cargo trailer.,0.18,0.18,5,0.4306,"[2075.363525390625, 421.8916015625, 2637.760498046875, 1029.477783203125]",1
frame_0072.png,extras,trailer,vehicle trailer,vehicle trailer.,0.18,0.18,7,0.4321,"[1821.8792724609375, 542.2466430664062, 2092.042236328125, 995.9369506835938]",1
frame_0072.png,extras,trailer,wheeled trailer,wheeled trailer.,0.18,0.18,5,0.3685,"[2200.648681640625, 360.89471435546875, 2657.97705078125, 1429.791259765625]",1
frame_0072.png,extras,trailer,small trailer,small trailer.,0.18,0.18,5,0.3846,"[824.4947509765625, 966.73046875, 955.8179321289062, 1028.1824951171875]",1
frame_0072.png,extras,trailer,utility trailer,utility trailer.,0.18,0.18,6,0.4751,"[2074.68017578125, 413.8916320800781, 2641.983642578125, 1032.14306640625]",1
frame_0072.png,extras,trailer,open trailer,open trailer.,0.18,0.18,4,0.3693,"[2076.020263671875, 364.2313537597656, 2659.424560546875, 1430.1298828125]",1
frame_0072.png,extras,trailer,covered trailer,covered trailer.,0.18,0.18,5,0.4441,"[2073.5498046875, 420.3436279296875, 2640.2763671875, 1030.3468017578125]",1
frame_0072.png,extras,trailer,container trailer,container trailer.,0.18,0.18,4,0.4439,"[2076.409423828125, 420.6935119628906, 2636.08251953125, 1027.2769775390625]",1
frame_0073.png,production,trailer,ALL_GROUP,trailer. cargo trailer. vehicle trailer. wheeled trailer. flatbed trailer. black trailer. utility trailer.,0.2,0.2,7,0.3226,"[824.0004272460938, 874.974853515625, 956.0844116210938, 1030.9603271484375]",1
frame_0073.png,production,electric utility vehicle+electric wheelchair+electric scooter+trolley,ALL_GROUP,electric utility vehicle. small electric cart. utility vehicle. golf cart. electric cart. small white utility vehicle. electric wheelchair. motorized wheelchair. power wheelchair. mobility scooter wheelchair. electric scooter. mobility scooter. stand-up scooter. kick scooter. scooter. trolley. hand cart. hand truck. luggage cart. flatbed cart. push cart. utility cart.,0.22,0.22,4,0.3497,"[823.0623168945312, 869.611328125, 958.1483154296875, 1031.907958984375]",1
frame_0073.png,production,pair of ramps,ALL_GROUP,pair of ramps. loading ramp. metal ramp. vehicle loading ramp. two metal ramps. aluminum ramp.,0.2,0.2,13,0.3138,"[2164.00048828125, 351.72088623046875, 2666.011962890625, 1444.0460205078125]",1
frame_0073.png,production,portable power station+basketball,ALL_GROUP,portable power station. large power bank. battery box. power generator box. portable battery. power station. basketball. orange basketball. sports ball. rubber ball.,0.22,0.22,1,0.2529,"[978.6830444335938, 286.3970031738281, 1837.39111328125, 971.593994140625]",1
frame_0073.png,production,rectangular table+umbrella,ALL_GROUP,rectangular table. outdoor table. picnic table. long rectangular table. folding table. work table. umbrella. outdoor umbrella. parasol. patio umbrella. hand umbrella.,0.24,0.24,2,0.3465,"[1523.68359375, 927.80322265625, 1708.984130859375, 1172.62158203125]",1
frame_0073.png,production,cardboard box,ALL_GROUP,cardboard box. brown cardboard box. cardboard package. shipping box.,0.26,0.26,3,0.3945,"[1377.808349609375, 1006.3718872070312, 1521.3135986328125, 1157.7567138671875]",1
frame_0073.png,production,chair,ALL_GROUP,chair. folding chair. outdoor chair. plastic chair. armless chair.,0.3,0.3,2,0.3081,"[1522.4405517578125, 928.5942993164062, 1710.717041015625, 1171.8843994140625]",1
frame_0073.png,production,traffic cone+prohibition sign,ALL_GROUP,traffic cone. road cone. safety cone. orange cone. construction cone. prohibition sign. no entry sign. red prohibition sign. do not enter sign. stop sign. red circular sign.,0.22,0.22,3,0.2971,"[2248.41455078125, 555.217529296875, 2353.49462890625, 600.7679443359375]",1
frame_0073.png,extras,basketball,basketball,basketball.,0.18,0.18,2,0.4169,"[1467.046630859375, 1034.89013671875, 1590.5611572265625, 1163.8470458984375]",1
frame_0073.png,extras,basketball,orange basketball,orange basketball.,0.18,0.18,2,0.3407,"[1467.1103515625, 1034.3115234375, 1591.9281005859375, 1165.8624267578125]",1
frame_0073.png,extras,basketball,round orange ball,round orange ball.,0.18,0.18,2,0.6493,"[1461.564453125, 1030.21826171875, 1595.8963623046875, 1170.7396240234375]",1
frame_0073.png,extras,basketball,rubber ball on ground,rubber ball on ground.,0.18,0.18,5,0.4811,"[10.325174331665039, 937.423828125, 2869.858642578125, 1848.2293701171875]",1
frame_0073.png,extras,basketball,sports ball,sports ball.,0.18,0.18,3,0.447,"[1467.6834716796875, 1035.57421875, 1591.056884765625, 1161.123046875]",1
frame_0073.png,extras,basketball,ball,ball.,0.18,0.18,3,0.3133,"[1466.340087890625, 1034.677734375, 1591.15673828125, 1163.3704833984375]",1
frame_0073.png,extras,umbrella,umbrella,umbrella.,0.2,0.2,1,0.2431,"[2225.23193359375, 353.41241455078125, 2677.000244140625, 1436.2452392578125]",1
frame_0073.png,extras,umbrella,outdoor umbrella,outdoor umbrella.,0.2,0.2,1,0.4729,"[2222.98193359375, 349.8396301269531, 2678.9736328125, 1440.029052734375]",1
frame_0073.png,extras,umbrella,patio umbrella,patio umbrella.,0.2,0.2,1,0.3122,"[2221.457275390625, 350.47344970703125, 2678.66943359375, 1439.1849365234375]",1
frame_0073.png,extras,umbrella,open umbrella,open umbrella.,0.2,0.2,2,0.5168,"[2216.592529296875, 346.98138427734375, 2681.128662109375, 1442.545166015625]",1
frame_0073.png,extras,umbrella,parasol,parasol.,0.2,0.2,0,0.0,,0
frame_0073.png,extras,umbrella,shade umbrella,shade umbrella.,0.2,0.2,6,0.2928,"[2225.758056640625, 351.95660400390625, 2677.1455078125, 1439.0106201171875]",1
frame_0073.png,extras,umbrella,folded umbrella,folded umbrella.,0.2,0.2,2,0.4961,"[2225.085205078125, 351.47760009765625, 2679.656494140625, 1439.7860107421875]",1
frame_0073.png,extras,electric_wheelchair,electric wheelchair,electric wheelchair.,0.2,0.2,1,0.3593,"[2223.681640625, 351.8547668457031, 2678.15869140625, 1439.62255859375]",1
frame_0073.png,extras,electric_wheelchair,motorized wheelchair,motorized wheelchair.,0.2,0.2,2,0.4642,"[2221.9697265625, 352.0340270996094, 2677.798583984375, 1440.5626220703125]",1
frame_0073.png,extras,electric_wheelchair,power wheelchair,power wheelchair.,0.2,0.2,2,0.4176,"[2222.32373046875, 351.3148498535156, 2677.994384765625, 1439.8079833984375]",1
frame_0073.png,extras,electric_wheelchair,wheelchair,wheelchair.,0.2,0.2,1,0.2212,"[2222.345458984375, 351.8578186035156, 2678.563232421875, 1437.8017578125]",1
frame_0073.png,extras,electric_wheelchair,mobility chair,mobility chair.,0.2,0.2,4,0.4071,"[826.340087890625, 873.30908203125, 955.2407836914062, 1029.2225341796875]",1
frame_0073.png,extras,electric_wheelchair,powered mobility scooter,powered mobility scooter.,0.2,0.2,1,0.818,"[2215.672607421875, 346.5335998535156, 2680.246337890625, 1444.7275390625]",1
frame_0073.png,extras,electric_scooter,electric scooter,electric scooter.,0.2,0.2,1,0.6018,"[2223.3125, 350.71807861328125, 2678.09765625, 1439.770751953125]",1
frame_0073.png,extras,electric_scooter,stand-up scooter,stand-up scooter.,0.2,0.2,1,0.8741,"[2211.508544921875, 345.62628173828125, 2681.216552734375, 1446.2855224609375]",1
frame_0073.png,extras,electric_scooter,kick scooter,kick scooter.,0.2,0.2,1,0.8137,"[2224.72021484375, 350.8494873046875, 2679.359375, 1440.9832763671875]",1
frame_0073.png,extras,electric_scooter,two-wheeled scooter,two-wheeled scooter.,0.2,0.2,1,0.8847,"[2211.130615234375, 345.7153625488281, 2681.22412109375, 1447.1649169921875]",1
frame_0073.png,extras,electric_scooter,scooter,scooter.,0.2,0.2,1,0.5169,"[2224.178955078125, 352.53240966796875, 2677.192138671875, 1437.0179443359375]",1
frame_0073.png,extras,electric_scooter,electric kick scooter,electric kick scooter.,0.2,0.2,1,0.8683,"[2218.41455078125, 347.083984375, 2680.455810546875, 1443.3123779296875]",1
frame_0073.png,extras,prohibition_sign,prohibition sign,prohibition sign.,0.2,0.2,2,0.2612,"[2249.45166015625, 555.9884643554688, 2353.5234375, 602.77978515625]",1
frame_0073.png,extras,prohibition_sign,no entry sign,no entry sign.,0.2,0.2,6,0.3086,"[2244.2490234375, 550.9526977539062, 2355.919189453125, 608.1162719726562]",1
frame_0073.png,extras,prohibition_sign,red prohibition sign,red prohibition sign.,0.2,0.2,4,0.4239,"[2247.827880859375, 553.89794921875, 2354.19677734375, 603.6607055664062]",1
frame_0073.png,extras,prohibition_sign,do not enter sign,do not enter sign.,0.2,0.2,3,0.2476,"[1148.2987060546875, 1650.0447998046875, 1694.2679443359375, 1855.2166748046875]",1
frame_0073.png,extras,prohibition_sign,stop sign,stop sign.,0.2,0.2,0,0.0,,0
frame_0073.png,extras,prohibition_sign,red circular sign,red circular sign.,0.2,0.2,6,0.3054,"[2230.983154296875, 811.6536865234375, 2340.217529296875, 914.2526245117188]",1
frame_0073.png,extras,prohibition_sign,warning sign,warning sign.,0.2,0.2,2,0.2336,"[2220.530029296875, 352.2485656738281, 2675.933349609375, 1438.5169677734375]",1
frame_0073.png,extras,prohibition_sign,red sign on ground,red sign on ground.,0.2,0.2,4,0.5182,"[10.120296478271484, 935.655517578125, 2870.449951171875, 1849.2193603515625]",1
frame_0073.png,extras,pair_of_ramps,pair of ramps,pair of ramps.,0.18,0.18,8,0.3347,"[988.5477294921875, 285.1825256347656, 2166.2333984375, 976.0535888671875]",1
frame_0073.png,extras,pair_of_ramps,loading ramps,loading ramps.,0.18,0.18,6,0.3014,"[989.6837768554688, 292.47369384765625, 1829.526123046875, 962.0223388671875]",1
frame_0073.png,extras,pair_of_ramps,metal ramps on ground,metal ramps on ground.,0.18,0.18,7,0.5269,"[9.886922836303711, 933.4635009765625, 2870.20263671875, 1847.6929931640625]",1
frame_0073.png,extras,pair_of_ramps,vehicle loading ramp,vehicle loading ramp.,0.18,0.18,9,0.2892,"[2217.896728515625, 362.73309326171875, 2647.98974609375, 1437.614990234375]",1
frame_0073.png,extras,pair_of_ramps,two metal ramps,two metal ramps.,0.18,0.18,6,0.292,"[993.07177734375, 284.14227294921875, 2168.0087890625, 975.5277709960938]",1
frame_0073.png,extras,pair_of_ramps,ramp,ramp.,0.18,0.18,1,0.1884,"[2248.435302734375, 1673.58740234375, 2878.41943359375, 1854.629150390625]",1
frame_0073.png,extras,pair_of_ramps,aluminum ramp,aluminum ramp.,0.18,0.18,4,0.476,"[2248.676025390625, 1670.8857421875, 2877.989013671875, 1854.5103759765625]",1
frame_0073.png,extras,pair_of_ramps,incline ramp,incline ramp.,0.18,0.18,0,0.0,,0
frame_0073.png,extras,trailer,trailer,trailer.,0.18,0.18,7,0.2916,"[826.8729248046875, 875.37353515625, 953.9164428710938, 1028.8350830078125]",1
frame_0073.png,extras,trailer,cargo trailer,cargo trailer.,0.18,0.18,5,0.3462,"[2074.561279296875, 398.099365234375, 2656.307373046875, 1030.30224609375]",1
frame_0073.png,extras,trailer,vehicle trailer,vehicle trailer.,0.18,0.18,8,0.3635,"[825.8693237304688, 874.0358276367188, 954.0075073242188, 1028.9822998046875]",1
frame_0073.png,extras,trailer,wheeled trailer,wheeled trailer.,0.18,0.18,4,0.3904,"[2218.681884765625, 351.41839599609375, 2675.509521484375, 1440.0809326171875]",1
frame_0073.png,extras,trailer,small trailer,small trailer.,0.18,0.18,4,0.4436,"[824.7669067382812, 876.689208984375, 958.0130615234375, 1031.77001953125]",1
frame_0073.png,extras,trailer,utility trailer,utility trailer.,0.18,0.18,6,0.4226,"[2074.541015625, 390.8003845214844, 2667.40673828125, 1031.2969970703125]",1
frame_0073.png,extras,trailer,open trailer,open trailer.,0.18,0.18,6,0.3374,"[2078.387451171875, 354.80255126953125, 2678.624267578125, 1440.5233154296875]",1
frame_0073.png,extras,trailer,covered trailer,covered trailer.,0.18,0.18,6,0.378,"[2070.423583984375, 360.1622314453125, 2678.8623046875, 1033.9754638671875]",1
frame_0073.png,extras,trailer,container trailer,container trailer.,0.18,0.18,6,0.3947,"[2078.469482421875, 419.7663269042969, 2635.524658203125, 1022.276611328125]",1
frame_0074.png,production,trailer,ALL_GROUP,trailer. cargo trailer. vehicle trailer. wheeled trailer. flatbed trailer. black trailer. utility trailer.,0.2,0.2,6,0.3324,"[824.869140625, 862.2294311523438, 962.3125610351562, 1031.6822509765625]",1
frame_0074.png,production,electric utility vehicle+electric wheelchair+electric scooter+trolley,ALL_GROUP,electric utility vehicle. small electric cart. utility vehicle. golf cart. electric cart. small white utility vehicle. electric wheelchair. motorized wheelchair. power wheelchair. mobility scooter wheelchair. electric scooter. mobility scooter. stand-up scooter. kick scooter. scooter. trolley. hand cart. hand truck. luggage cart. flatbed cart. push cart. utility cart.,0.22,0.22,4,0.3037,"[820.63671875, 855.6934814453125, 964.08935546875, 1032.0628662109375]",1
frame_0074.png,production,pair of ramps,ALL_GROUP,pair of ramps. loading ramp. metal ramp. vehicle loading ramp. two metal ramps. aluminum ramp.,0.2,0.2,11,0.315,"[1113.08935546875, 285.6184387207031, 2180.7919921875, 975.1884155273438]",1
frame_0074.png,production,portable power station+basketball,ALL_GROUP,portable power station. large power bank. battery box. power generator box. portable battery. power station. basketball. orange basketball. sports ball. rubber ball.,0.22,0.22,1,0.2447,"[994.9862670898438, 286.1104431152344, 1846.5838623046875, 968.2025146484375]",1
frame_0074.png,production,rectangular table+umbrella,ALL_GROUP,rectangular table. outdoor table. picnic table. long rectangular table. folding table. work table. umbrella. outdoor umbrella. parasol. patio umbrella. hand umbrella.,0.24,0.24,2,0.3453,"[1536.880859375, 927.4729614257812, 1729.299560546875, 1180.4775390625]",1
frame_0074.png,production,cardboard box,ALL_GROUP,cardboard box. brown cardboard box. cardboard package. shipping box.,0.26,0.26,1,0.4293,"[1398.75537109375, 1018.4755249023438, 1500.4937744140625, 1155.087646484375]",1
frame_0074.png,production,chair,ALL_GROUP,chair. folding chair. outdoor chair. plastic chair. armless chair.,0.3,0.3,0,0.0,,0
frame_0074.png,production,traffic cone+prohibition sign,ALL_GROUP,traffic cone. road cone. safety cone. orange cone. construction cone. prohibition sign. no entry sign. red prohibition sign. do not enter sign. stop sign. red circular sign.,0.22,0.22,2,0.2565,"[2268.90673828125, 550.7379150390625, 2373.68408203125, 593.370361328125]",1
frame_0074.png,extras,basketball,basketball,basketball.,0.18,0.18,2,0.4756,"[1481.792724609375, 1034.8779296875, 1607.0770263671875, 1167.6361083984375]",1
frame_0074.png,extras,basketball,orange basketball,orange basketball.,0.18,0.18,2,0.3697,"[1482.4853515625, 1034.8709716796875, 1608.41650390625, 1167.614501953125]",1
frame_0074.png,extras,basketball,round orange ball,round orange ball.,0.18,0.18,1,0.6683,"[1477.2779541015625, 1031.3138427734375, 1612.2872314453125, 1172.0625]",1
frame_0074.png,extras,basketball,rubber ball on ground,rubber ball on ground.,0.18,0.18,6,0.4906,"[9.756975173950195, 934.8741455078125, 2870.025390625, 1848.248046875]",1
frame_0074.png,extras,basketball,sports ball,sports ball.,0.18,0.18,3,0.4702,"[1482.6380615234375, 1036.5126953125, 1607.1612548828125, 1166.72119140625]",1
frame_0074.png,extras,basketball,ball,ball.,0.18,0.18,3,0.3163,"[1149.2996826171875, 1656.9290771484375, 1694.03515625, 1857.0030517578125]",1
frame_0074.png,extras,umbrella,umbrella,umbrella.,0.2,0.2,1,0.2584,"[2289.525634765625, 319.2093505859375, 2757.248291015625, 1462.596923828125]",1
frame_0074.png,extras,umbrella,outdoor umbrella,outdoor umbrella.,0.2,0.2,2,0.4362,"[2287.729736328125, 316.5701599121094, 2760.22509765625, 1466.288818359375]",1
frame_0074.png,extras,umbrella,patio umbrella,patio umbrella.,0.2,0.2,1,0.2627,"[2288.3154296875, 316.9610595703125, 2759.098388671875, 1465.3984375]",1
frame_0074.png,extras,umbrella,open umbrella,open umbrella.,0.2,0.2,3,0.5453,"[2281.684326171875, 312.48089599609375, 2761.900634765625, 1469.60009765625]",1
frame_0074.png,extras,umbrella,parasol,parasol.,0.2,0.2,0,0.0,,0
frame_0074.png,extras,umbrella,shade umbrella,shade umbrella.,0.2,0.2,6,0.3097,"[2288.125244140625, 317.4104919433594, 2758.64794921875, 1465.190185546875]",1
frame_0074.png,extras,umbrella,folded umbrella,folded umbrella.,0.2,0.2,1,0.5242,"[2288.54443359375, 318.6278991699219, 2759.894287109375, 1465.713623046875]",1
frame_0074.png,extras,electric_wheelchair,electric wheelchair,electric wheelchair.,0.2,0.2,2,0.3373,"[2286.30908203125, 318.1044616699219, 2758.32958984375, 1466.068603515625]",1
frame_0074.png,extras,electric_wheelchair,motorized wheelchair,motorized wheelchair.,0.2,0.2,4,0.3584,"[2284.713623046875, 318.70574951171875, 2757.111328125, 1467.5888671875]",1
frame_0074.png,extras,electric_wheelchair,power wheelchair,power wheelchair.,0.2,0.2,2,0.3747,"[2285.626708984375, 317.51715087890625, 2757.55517578125, 1466.4686279296875]",1
frame_0074.png,extras,electric_wheelchair,wheelchair,wheelchair.,0.2,0.2,1,0.2676,"[2288.395263671875, 318.6088562011719, 2758.577392578125, 1463.8822021484375]",1
frame_0074.png,extras,electric_wheelchair,mobility chair,mobility chair.,0.2,0.2,7,0.4355,"[1530.770751953125, 772.9542236328125, 1730.59765625, 1180.48828125]",1
frame_0074.png,extras,electric_wheelchair,powered mobility scooter,powered mobility scooter.,0.2,0.2,1,0.6453,"[2281.423095703125, 312.8704833984375, 2761.2939453125, 1471.520751953125]",1
frame_0074.png,extras,electric_scooter,electric scooter,electric scooter.,0.2,0.2,2,0.4945,"[2285.5078125, 317.06622314453125, 2759.125, 1466.5963134765625]",1
frame_0074.png,extras,electric_scooter,stand-up scooter,stand-up scooter.,0.2,0.2,1,0.775,"[2278.7451171875, 311.5950927734375, 2761.872802734375, 1473.0411376953125]",1
frame_0074.png,extras,electric_scooter,kick scooter,kick scooter.,0.2,0.2,1,0.7551,"[2289.076416015625, 316.9298400878906, 2760.37353515625, 1467.624755859375]",1
frame_0074.png,extras,electric_scooter,two-wheeled scooter,two-wheeled scooter.,0.2,0.2,1,0.7613,"[2275.93603515625, 311.7456970214844, 2761.8447265625, 1474.064208984375]",1
frame_0074.png,extras,electric_scooter,scooter,scooter.,0.2,0.2,2,0.3853,"[2287.525634765625, 317.95013427734375, 2759.02197265625, 1463.2301025390625]",1
frame_0074.png,extras,electric_scooter,electric kick scooter,electric kick scooter.,0.2,0.2,1,0.7594,"[2284.346923828125, 313.708251953125, 2761.281982421875, 1469.864501953125]",1
frame_0074.png,extras,prohibition_sign,prohibition sign,prohibition sign.,0.2,0.2,1,0.2416,"[2271.09814453125, 552.0435180664062, 2371.701416015625, 592.2879638671875]",1
frame_0074.png,extras,prohibition_sign,no entry sign,no entry sign.,0.2,0.2,5,0.301,"[2268.423828125, 547.0097045898438, 2373.63427734375, 596.4723510742188]",1
frame_0074.png,extras,prohibition_sign,red prohibition sign,red prohibition sign.,0.2,0.2,2,0.4249,"[2269.601318359375, 549.2757568359375, 2372.927490234375, 595.12548828125]",1
frame_0074.png,extras,prohibition_sign,do not enter sign,do not enter sign.,0.2,0.2,3,0.2425,"[1147.7908935546875, 1647.231689453125, 1694.4871826171875, 1855.256591796875]",1
frame_0074.png,extras,prohibition_sign,stop sign,stop sign.,0.2,0.2,0,0.0,,0
frame_0074.png,extras,prohibition_sign,red circular sign,red circular sign.,0.2,0.2,4,0.3893,"[1145.10888671875, 1647.329833984375, 1697.895263671875, 1853.8431396484375]",1
frame_0074.png,extras,prohibition_sign,warning sign,warning sign.,0.2,0.2,2,0.2266,"[2285.855712890625, 317.3182067871094, 2757.94091796875, 1466.75830078125]",1
frame_0074.png,extras,prohibition_sign,red sign on ground,red sign on ground.,0.2,0.2,4,0.524,"[10.025453567504883, 931.944091796875, 2870.56884765625, 1849.5252685546875]",1
frame_0074.png,extras,pair_of_ramps,pair of ramps,pair of ramps.,0.18,0.18,10,0.3057,"[1005.7985229492188, 284.01519775390625, 2181.035888671875, 973.1644897460938]",1
frame_0074.png,extras,pair_of_ramps,loading ramps,loading ramps.,0.18,0.18,6,0.2879,"[1005.2783813476562, 291.58447265625, 1842.251708984375, 959.3021850585938]",1
frame_0074.png,extras,pair_of_ramps,metal ramps on ground,metal ramps on ground.,0.18,0.18,5,0.5272,"[9.947690963745117, 935.0714111328125, 2870.212646484375, 1847.468994140625]",1
frame_0074.png,extras,pair_of_ramps,vehicle loading ramp,vehicle loading ramp.,0.18,0.18,8,0.2927,"[2280.1787109375, 318.6649475097656, 2756.88037109375, 1467.985107421875]",1
frame_0074.png,extras,pair_of_ramps,two metal ramps,two metal ramps.,0.18,0.18,4,0.357,"[1101.97607421875, 285.5948486328125, 2181.1630859375, 969.8072509765625]",1
frame_0074.png,extras,pair_of_ramps,ramp,ramp.,0.18,0.18,0,0.0,,0
frame_0074.png,extras,pair_of_ramps,aluminum ramp,aluminum ramp.,0.18,0.18,4,0.4419,"[2246.2158203125, 1671.3050537109375, 2877.950439453125, 1854.5260009765625]",1
frame_0074.png,extras,pair_of_ramps,incline ramp,incline ramp.,0.18,0.18,0,0.0,,0
frame_0074.png,extras,trailer,trailer,trailer.,0.18,0.18,6,0.2881,"[1835.0113525390625, 536.3401489257812, 2108.715087890625, 992.7283325195312]",1
frame_0074.png,extras,trailer,cargo trailer,cargo trailer.,0.18,0.18,5,0.3871,"[2095.073974609375, 416.089599609375, 2652.631103515625, 1029.5775146484375]",1
frame_0074.png,extras,trailer,vehicle trailer,vehicle trailer.,0.18,0.18,8,0.4001,"[1834.357666015625, 535.6348876953125, 2108.675537109375, 994.2936401367188]",1
frame_0074.png,extras,trailer,wheeled trailer,wheeled trailer.,0.18,0.18,4,0.3784,"[2285.583251953125, 317.6109619140625, 2757.224365234375, 1467.8822021484375]",1
frame_0074.png,extras,trailer,small trailer,small trailer.,0.18,0.18,3,0.4086,"[825.7754516601562, 887.1221313476562, 964.4906616210938, 1031.8353271484375]",1
frame_0074.png,extras,trailer,utility trailer,utility trailer.,0.18,0.18,6,0.3843,"[2093.566650390625, 412.7446594238281, 2654.256103515625, 1032.3677978515625]",1
frame_0074.png,extras,trailer,open trailer,open trailer.,0.18,0.18,6,0.3329,"[1828.4027099609375, 415.9183654785156, 2654.246337890625, 1028.3150634765625]",1
frame_0074.png,extras,trailer,covered trailer,covered trailer.,0.18,0.18,5,0.3835,"[2094.152587890625, 416.14794921875, 2653.670166015625, 1031.930419921875]",1
frame_0074.png,extras,trailer,container trailer,container trailer.,0.18,0.18,4,0.3986,"[1836.2451171875, 535.7537231445312, 2107.540771484375, 990.5276489257812]",1
frame_0075.png,production,trailer,ALL_GROUP,trailer. cargo trailer. vehicle trailer. wheeled trailer. flatbed trailer. black trailer. utility trailer.,0.2,0.2,6,0.3539,"[834.8284301757812, 860.3161010742188, 969.7369384765625, 1029.83984375]",1
frame_0075.png,production,electric utility vehicle+electric wheelchair+electric scooter+trolley,ALL_GROUP,electric utility vehicle. small electric cart. utility vehicle. golf cart. electric cart. small white utility vehicle. electric wheelchair. motorized wheelchair. power wheelchair. mobility scooter wheelchair. electric scooter. mobility scooter. stand-up scooter. kick scooter. scooter. trolley. hand cart. hand truck. luggage cart. flatbed cart. push cart. utility cart.,0.22,0.22,3,0.3476,"[830.5009765625, 855.7981567382812, 972.285888671875, 1031.6898193359375]",1
frame_0075.png,production,pair of ramps,ALL_GROUP,pair of ramps. loading ramp. metal ramp. vehicle loading ramp. two metal ramps. aluminum ramp.,0.2,0.2,16,0.271,"[1022.653076171875, 282.2375183105469, 2185.750244140625, 971.6401977539062]",1
frame_0075.png,production,portable power station+basketball,ALL_GROUP,portable power station. large power bank. battery box. power generator box. portable battery. power station. basketball. orange basketball. sports ball. rubber ball.,0.22,0.22,1,0.2487,"[996.2709350585938, 284.25128173828125, 1853.027587890625, 964.1815795898438]",1
frame_0075.png,production,rectangular table+umbrella,ALL_GROUP,rectangular table. outdoor table. picnic table. long rectangular table. folding table. work table. umbrella. outdoor umbrella. parasol. patio umbrella. hand umbrella.,0.24,0.24,2,0.3446,"[1545.0762939453125, 928.193115234375, 1739.25146484375, 1180.5711669921875]",1
frame_0075.png,production,cardboard box,ALL_GROUP,cardboard box. brown cardboard box. cardboard package. shipping box.,0.26,0.26,2,0.4471,"[1406.223876953125, 1016.861083984375, 1505.2540283203125, 1154.8316650390625]",1
frame_0075.png,production,chair,ALL_GROUP,chair. folding chair. outdoor chair. plastic chair. armless chair.,0.3,0.3,0,0.0,,0
frame_0075.png,production,traffic cone+prohibition sign,ALL_GROUP,traffic cone. road cone. safety cone. orange cone. construction cone. prohibition sign. no entry sign. red prohibition sign. do not enter sign. stop sign. red circular sign.,0.22,0.22,1,0.2361,"[2272.355712890625, 548.2572631835938, 2379.3427734375, 592.7592163085938]",1
frame_0075.png,extras,basketball,basketball,basketball.,0.18,0.18,1,0.3844,"[1488.709228515625, 1034.4971923828125, 1616.483642578125, 1169.425048828125]",1
frame_0075.png,extras,basketball,orange basketball,orange basketball.,0.18,0.18,1,0.2714,"[1489.7950439453125, 1035.0203857421875, 1617.5408935546875, 1168.9249267578125]",1
frame_0075.png,extras,basketball,round orange ball,round orange ball.,0.18,0.18,2,0.5292,"[1483.55078125, 1029.6812744140625, 1622.0169677734375, 1173.7213134765625]",1
frame_0075.png,extras,basketball,rubber ball on ground,rubber ball on ground.,0.18,0.18,5,0.481,"[9.921255111694336, 937.019287109375, 2870.021728515625, 1847.84326171875]",1
frame_0075.png,extras,basketball,sports ball,sports ball.,0.18,0.18,3,0.4196,"[1489.266357421875, 1035.5810546875, 1616.7286376953125, 1169.0103759765625]",1
frame_0075.png,extras,basketball,ball,ball.,0.18,0.18,2,0.2925,"[1156.3270263671875, 1656.3209228515625, 1691.5213623046875, 1857.0653076171875]",1
frame_0075.png,extras,umbrella,umbrella,umbrella.,0.2,0.2,2,0.2433,"[0.6454253196716309, 1733.9039306640625, 458.6307067871094, 1856.6173095703125]",1
frame_0075.png,extras,umbrella,outdoor umbrella,outdoor umbrella.,0.2,0.2,2,0.4244,"[2302.0712890625, 311.69189453125, 2771.007568359375, 1469.0394287109375]",1
frame_0075.png,extras,umbrella,patio umbrella,patio umbrella.,0.2,0.2,1,0.2702,"[2302.11572265625, 312.6563415527344, 2770.677001953125, 1468.33349609375]",1
frame_0075.png,extras,umbrella,open umbrella,open umbrella.,0.2,0.2,2,0.5032,"[2296.2451171875, 308.3856201171875, 2772.980224609375, 1471.4251708984375]",1
frame_0075.png,extras,umbrella,parasol,parasol.,0.2,0.2,0,0.0,,0
frame_0075.png,extras,umbrella,shade umbrella,shade umbrella.,0.2,0.2,6,0.2841,"[2303.5986328125, 313.06329345703125, 2770.2421875, 1468.6478271484375]",1
frame_0075.png,extras,umbrella,folded umbrella,folded umbrella.,0.2,0.2,2,0.4618,"[2303.757568359375, 313.4783020019531, 2770.97998046875, 1468.730224609375]",1
frame_0075.png,extras,electric_wheelchair,electric wheelchair,electric wheelchair.,0.2,0.2,1,0.3211,"[2301.2705078125, 313.50653076171875, 2770.551025390625, 1468.7703857421875]",1
frame_0075.png,extras,electric_wheelchair,motorized wheelchair,motorized wheelchair.,0.2,0.2,4,0.3354,"[835.3848266601562, 861.548828125, 968.8347778320312, 1028.0615234375]",1
frame_0075.png,extras,electric_wheelchair,power wheelchair,power wheelchair.,0.2,0.2,2,0.3369,"[2299.335205078125, 313.13507080078125, 2770.20068359375, 1469.2642822265625]",1
frame_0075.png,extras,electric_wheelchair,wheelchair,wheelchair.,0.2,0.2,1,0.2303,"[2299.619140625, 313.61865234375, 2770.9345703125, 1466.8656005859375]",1
frame_0075.png,extras,electric_wheelchair,mobility chair,mobility chair.,0.2,0.2,4,0.3754,"[836.3513793945312, 859.3065795898438, 968.5936279296875, 1027.4796142578125]",1
frame_0075.png,extras,electric_wheelchair,powered mobility scooter,powered mobility scooter.,0.2,0.2,2,0.5669,"[2295.46240234375, 308.6570129394531, 2772.333251953125, 1473.9114990234375]",1
frame_0075.png,extras,electric_scooter,electric scooter,electric scooter.,0.2,0.2,2,0.4628,"[2300.828857421875, 312.55584716796875, 2771.0419921875, 1468.991943359375]",1
frame_0075.png,extras,electric_scooter,stand-up scooter,stand-up scooter.,0.2,0.2,1,0.6817,"[2292.360107421875, 307.7146301269531, 2772.877685546875, 1475.2003173828125]",1
frame_0075.png,extras,electric_scooter,kick scooter,kick scooter.,0.2,0.2,1,0.7667,"[2302.548583984375, 312.4552917480469, 2771.7529296875, 1471.2135009765625]",1
frame_0075.png,extras,electric_scooter,two-wheeled scooter,two-wheeled scooter.,0.2,0.2,2,0.6651,"[2290.62744140625, 307.3341369628906, 2773.0478515625, 1476.3966064453125]",1
frame_0075.png,extras,electric_scooter,scooter,scooter.,0.2,0.2,2,0.3704,"[2303.497802734375, 314.1207580566406, 2770.504150390625, 1466.49755859375]",1
frame_0075.png,extras,electric_scooter,electric kick scooter,electric kick scooter.,0.2,0.2,1,0.7115,"[2297.7216796875, 308.8667907714844, 2772.625732421875, 1472.4188232421875]",1
frame_0075.png,extras,prohibition_sign,prohibition sign,prohibition sign.,0.2,0.2,2,0.2639,"[2273.106201171875, 549.819580078125, 2376.9609375, 593.2966918945312]",1
frame_0075.png,extras,prohibition_sign,no entry sign,no entry sign.,0.2,0.2,3,0.3516,"[2270.967041015625, 544.6908569335938, 2379.645263671875, 596.2748413085938]",1
frame_0075.png,extras,prohibition_sign,red prohibition sign,red prohibition sign.,0.2,0.2,2,0.4377,"[2272.2626953125, 546.7999267578125, 2379.649169921875, 595.1950073242188]",1
frame_0075.png,extras,prohibition_sign,do not enter sign,do not enter sign.,0.2,0.2,2,0.265,"[1152.9542236328125, 1646.7940673828125, 1690.095703125, 1854.927001953125]",1
frame_0075.png,extras,prohibition_sign,stop sign,stop sign.,0.2,0.2,0,0.0,,0
frame_0075.png,extras,prohibition_sign,red circular sign,red circular sign.,0.2,0.2,3,0.4473,"[1148.1793212890625, 1645.717529296875, 1696.6837158203125, 1853.52197265625]",1
frame_0075.png,extras,prohibition_sign,warning sign,warning sign.,0.2,0.2,2,0.2443,"[2298.6875, 313.4912109375, 2769.13427734375, 1469.373779296875]",1
frame_0075.png,extras,prohibition_sign,red sign on ground,red sign on ground.,0.2,0.2,6,0.5233,"[10.065793991088867, 933.0715942382812, 2870.381103515625, 1849.1553955078125]",1
frame_0075.png,extras,pair_of_ramps,pair of ramps,pair of ramps.,0.18,0.18,10,0.2944,"[1008.2664794921875, 281.2622375488281, 2184.2001953125, 970.554931640625]",1
frame_0075.png,extras,pair_of_ramps,loading ramps,loading ramps.,0.18,0.18,7,0.3081,"[2248.696044921875, 1672.15087890625, 2878.4189453125, 1854.580322265625]",1
frame_0075.png,extras,pair_of_ramps,metal ramps on ground,metal ramps on ground.,0.18,0.18,7,0.5398,"[9.957990646362305, 935.3499755859375, 2869.733642578125, 1847.2119140625]",1
frame_0075.png,extras,pair_of_ramps,vehicle loading ramp,vehicle loading ramp.,0.18,0.18,9,0.2894,"[1827.298095703125, 415.5076904296875, 2668.014892578125, 1021.4122314453125]",1
frame_0075.png,extras,pair_of_ramps,two metal ramps,two metal ramps.,0.18,0.18,5,0.3393,"[1027.34033203125, 282.6101379394531, 2184.265869140625, 967.7378540039062]",1
frame_0075.png,extras,pair_of_ramps,ramp,ramp.,0.18,0.18,1,0.1902,"[2250.496337890625, 1673.434326171875, 2878.56201171875, 1854.7769775390625]",1
frame_0075.png,extras,pair_of_ramps,aluminum ramp,aluminum ramp.,0.18,0.18,4,0.4821,"[2249.026123046875, 1670.8740234375, 2877.854736328125, 1854.420166015625]",1
frame_0075.png,extras,pair_of_ramps,incline ramp,incline ramp.,0.18,0.18,0,0.0,,0
frame_0075.png,extras,trailer,trailer,trailer.,0.18,0.18,5,0.2732,"[839.7429809570312, 870.37841796875, 967.3068237304688, 1027.7506103515625]",1
frame_0075.png,extras,trailer,cargo trailer,cargo trailer.,0.18,0.18,5,0.4113,"[2100.06982421875, 407.85357666015625, 2664.077392578125, 1027.751220703125]",1
frame_0075.png,extras,trailer,vehicle trailer,vehicle trailer.,0.18,0.18,6,0.3994,"[2100.007568359375, 409.81787109375, 2663.986572265625, 1026.0860595703125]",1
frame_0075.png,extras,trailer,wheeled trailer,wheeled trailer.,0.18,0.18,3,0.4535,"[837.084716796875, 861.8803100585938, 969.6239624023438, 1029.454833984375]",1
frame_0075.png,extras,trailer,small trailer,small trailer.,0.18,0.18,3,0.4359,"[834.3162841796875, 862.058349609375, 972.6141967773438, 1031.274658203125]",1
frame_0075.png,extras,trailer,utility trailer,utility trailer.,0.18,0.18,6,0.4208,"[2098.974609375, 405.9378967285156, 2665.27001953125, 1027.8087158203125]",1
frame_0075.png,extras,trailer,open trailer,open trailer.,0.18,0.18,6,0.3177,"[835.5340576171875, 863.8512573242188, 971.2577514648438, 1029.576416015625]",1
frame_0075.png,extras,trailer,covered trailer,covered trailer.,0.18,0.18,5,0.4209,"[2098.77685546875, 410.3421936035156, 2665.06689453125, 1029.7060546875]",1
frame_0075.png,extras,trailer,container trailer,container trailer.,0.18,0.18,4,0.3846,"[2101.193359375, 406.87860107421875, 2663.8818359375, 1023.9019165039062]",1
frame_0076.png,production,trailer,ALL_GROUP,trailer. cargo trailer. vehicle trailer. wheeled trailer. flatbed trailer. black trailer. utility trailer.,0.2,0.2,5,0.3706,"[1008.6651000976562, 874.3057861328125, 1136.0694580078125, 1026.859619140625]",1
frame_0076.png,production,electric utility vehicle+electric wheelchair+electric scooter+trolley,ALL_GROUP,electric utility vehicle. small electric cart. utility vehicle. golf cart. electric cart. small white utility vehicle. electric wheelchair. motorized wheelchair. power wheelchair. mobility scooter wheelchair. electric scooter. mobility scooter. stand-up scooter. kick scooter. scooter. trolley. hand cart. hand truck. luggage cart. flatbed cart. push cart. utility cart.,0.22,0.22,2,0.3718,"[1008.1399536132812, 869.88037109375, 1138.23779296875, 1027.3485107421875]",1
frame_0076.png,production,pair of ramps,ALL_GROUP,pair of ramps. loading ramp. metal ramp. vehicle loading ramp. two metal ramps. aluminum ramp.,0.2,0.2,8,0.3352,"[1007.83056640625, 869.4114990234375, 1139.6630859375, 1028.2664794921875]",1
frame_0076.png,production,portable power station+basketball,ALL_GROUP,portable power station. large power bank. battery box. power generator box. portable battery. power station. basketball. orange basketball. sports ball. rubber ball.,0.22,0.22,1,0.2333,"[1155.4755859375, 293.2896728515625, 2019.919677734375, 968.2542724609375]",1
frame_0076.png,production,rectangular table+umbrella,ALL_GROUP,rectangular table. outdoor table. picnic table. long rectangular table. folding table. work table. umbrella. outdoor umbrella. parasol. patio umbrella. hand umbrella.,0.24,0.24,2,0.3693,"[1716.38671875, 927.8245239257812, 1913.9754638671875, 1186.114013671875]",1
frame_0076.png,production,cardboard box,ALL_GROUP,cardboard box. brown cardboard box. cardboard package. shipping box.,0.26,0.26,2,0.4156,"[1574.614990234375, 1017.9562377929688, 1681.4447021484375, 1157.6434326171875]",1
frame_0076.png,production,chair,ALL_GROUP,chair. folding chair. outdoor chair. plastic chair. armless chair.,0.3,0.3,2,0.3113,"[1011.6909790039062, 872.7235717773438, 1136.644287109375, 1025.8369140625]",1
frame_0076.png,production,traffic cone+prohibition sign,ALL_GROUP,traffic cone. road cone. safety cone. orange cone. construction cone. prohibition sign. no entry sign. red prohibition sign. do not enter sign. stop sign. red circular sign.,0.22,0.22,4,0.3819,"[2457.3583984375, 796.7120971679688, 2582.785888671875, 911.6410522460938]",1
frame_0076.png,extras,basketball,basketball,basketball.,0.18,0.18,2,0.3672,"[1657.3443603515625, 1040.158935546875, 1788.48095703125, 1176.9884033203125]",1
frame_0076.png,extras,basketball,orange basketball,orange basketball.,0.18,0.18,1,0.2289,"[1658.33251953125, 1040.315673828125, 1789.5947265625, 1180.315673828125]",1
frame_0076.png,extras,basketball,round orange ball,round orange ball.,0.18,0.18,2,0.5832,"[1651.2894287109375, 1034.9239501953125, 1794.521240234375, 1184.00341796875]",1
frame_0076.png,extras,basketball,rubber ball on ground,rubber ball on ground.,0.18,0.18,5,0.4858,"[10.632791519165039, 934.357177734375, 2869.98388671875, 1848.705810546875]",1
frame_0076.png,extras,basketball,sports ball,sports ball.,0.18,0.18,3,0.4273,"[1658.1922607421875, 1041.698974609375, 1788.648681640625, 1174.7017822265625]",1
frame_0076.png,extras,basketball,ball,ball.,0.18,0.18,2,0.3034,"[1657.0142822265625, 1040.1376953125, 1788.89111328125, 1177.9874267578125]",1
frame_0076.png,extras,umbrella,umbrella,umbrella.,0.2,0.2,2,0.2344,"[2526.717529296875, 303.3548583984375, 2876.6845703125, 1502.7548828125]",1
frame_0076.png,extras,umbrella,outdoor umbrella,outdoor umbrella.,0.2,0.2,2,0.3532,"[2524.69140625, 300.4268798828125, 2875.722900390625, 1506.4716796875]",1
frame_0076.png,extras,umbrella,patio umbrella,patio umbrella.,0.2,0.2,2,0.2685,"[2525.486083984375, 301.7264404296875, 2874.863037109375, 1506.560302734375]",1
frame_0076.png,extras,umbrella,open umbrella,open umbrella.,0.2,0.2,5,0.425,"[2521.421875, 299.11279296875, 2875.52880859375, 1508.14990234375]",1
frame_0076.png,extras,umbrella,parasol,parasol.,0.2,0.2,0,0.0,,0
frame_0076.png,extras,umbrella,shade umbrella,shade umbrella.,0.2,0.2,4,0.4816,"[1.4550232887268066, 196.1947784423828, 334.72064208984375, 525.958984375]",1
frame_0076.png,extras,umbrella,folded umbrella,folded umbrella.,0.2,0.2,2,0.4244,"[2525.240234375, 301.8880310058594, 2877.132080078125, 1506.368408203125]",1
frame_0076.png,extras,electric_wheelchair,electric wheelchair,electric wheelchair.,0.2,0.2,2,0.2445,"[2524.80126953125, 301.9367370605469, 2877.315673828125, 1505.2542724609375]",1
frame_0076.png,extras,electric_wheelchair,motorized wheelchair,motorized wheelchair.,0.2,0.2,3,0.3612,"[2524.281982421875, 303.60009765625, 2876.751708984375, 1505.9180908203125]",1
frame_0076.png,extras,electric_wheelchair,power wheelchair,power wheelchair.,0.2,0.2,2,0.2618,"[2523.23876953125, 300.973876953125, 2877.432861328125, 1505.3895263671875]",1
frame_0076.png,extras,electric_wheelchair,wheelchair,wheelchair.,0.2,0.2,0,0.0,,0
frame_0076.png,extras,electric_wheelchair,mobility chair,mobility chair.,0.2,0.2,5,0.4476,"[1011.7943725585938, 872.637451171875, 1134.5484619140625, 1025.431640625]",1
frame_0076.png,extras,electric_wheelchair,powered mobility scooter,powered mobility scooter.,0.2,0.2,2,0.405,"[1008.4063720703125, 868.5737915039062, 1138.3948974609375, 1028.430419921875]",1
frame_0076.png,extras,electric_scooter,electric scooter,electric scooter.,0.2,0.2,2,0.3331,"[2524.70556640625, 300.65679931640625, 2875.7001953125, 1505.865966796875]",1
frame_0076.png,extras,electric_scooter,stand-up scooter,stand-up scooter.,0.2,0.2,2,0.3963,"[1007.42236328125, 867.0679321289062, 1139.48388671875, 1029.5780029296875]",1
frame_0076.png,extras,electric_scooter,kick scooter,kick scooter.,0.2,0.2,1,0.6179,"[2523.93994140625, 302.0479431152344, 2877.140869140625, 1508.12841796875]",1
frame_0076.png,extras,electric_scooter,two-wheeled scooter,two-wheeled scooter.,0.2,0.2,2,0.4029,"[1006.2012329101562, 866.7991943359375, 1139.7220458984375, 1029.880126953125]",1
frame_0076.png,extras,electric_scooter,scooter,scooter.,0.2,0.2,2,0.2244,"[2525.587646484375, 302.07781982421875, 2877.31982421875, 1503.34716796875]",1
frame_0076.png,extras,electric_scooter,electric kick scooter,electric kick scooter.,0.2,0.2,2,0.5458,"[2519.94873046875, 300.4753723144531, 2875.2236328125, 1509.4447021484375]",1
frame_0076.png,extras,prohibition_sign,prohibition sign,prohibition sign.,0.2,0.2,2,0.2786,"[2462.338623046875, 800.5225830078125, 2582.038818359375, 911.39697265625]",1
frame_0076.png,extras,prohibition_sign,no entry sign,no entry sign.,0.2,0.2,4,0.3861,"[2453.718505859375, 791.1111450195312, 2591.820068359375, 918.1161499023438]",1
frame_0076.png,extras,prohibition_sign,red prohibition sign,red prohibition sign.,0.2,0.2,2,0.4179,"[2478.0048828125, 512.538818359375, 2590.556640625, 564.8900756835938]",1
frame_0076.png,extras,prohibition_sign,do not enter sign,do not enter sign.,0.2,0.2,2,0.2637,"[2457.24755859375, 795.641845703125, 2587.3896484375, 916.960693359375]",1
frame_0076.png,extras,prohibition_sign,stop sign,stop sign.,0.2,0.2,1,0.2167,"[2466.49462890625, 808.0734252929688, 2572.893798828125, 905.0126953125]",1
frame_0076.png,extras,prohibition_sign,red circular sign,red circular sign.,0.2,0.2,2,0.471,"[2457.359130859375, 794.8760375976562, 2582.7177734375, 910.6851196289062]",1
frame_0076.png,extras,prohibition_sign,warning sign,warning sign.,0.2,0.2,1,0.2644,"[1720.7386474609375, 929.0194702148438, 1914.5714111328125, 1185.168701171875]",1
frame_0076.png,extras,prohibition_sign,red sign on ground,red sign on ground.,0.2,0.2,6,0.5132,"[10.473146438598633, 934.1139526367188, 2870.47314453125, 1849.5345458984375]",1
frame_0076.png,extras,pair_of_ramps,pair of ramps,pair of ramps.,0.18,0.18,9,0.3215,"[1252.6761474609375, 291.4379577636719, 2377.474365234375, 965.2918701171875]",1
frame_0076.png,extras,pair_of_ramps,loading ramps,loading ramps.,0.18,0.18,7,0.2947,"[1169.4119873046875, 299.21258544921875, 2012.669921875, 958.4093017578125]",1
frame_0076.png,extras,pair_of_ramps,metal ramps on ground,metal ramps on ground.,0.18,0.18,4,0.5192,"[9.909839630126953, 933.2144165039062, 2870.363037109375, 1847.7591552734375]",1
frame_0076.png,extras,pair_of_ramps,vehicle loading ramp,vehicle loading ramp.,0.18,0.18,8,0.337,"[1009.8342895507812, 871.2286376953125, 1137.19140625, 1027.3184814453125]",1
frame_0076.png,extras,pair_of_ramps,two metal ramps,two metal ramps.,0.18,0.18,6,0.3443,"[1277.6329345703125, 292.51947021484375, 2379.3359375, 960.6650390625]",1
frame_0076.png,extras,pair_of_ramps,ramp,ramp.,0.18,0.18,0,0.0,,0
frame_0076.png,extras,pair_of_ramps,aluminum ramp,aluminum ramp.,0.18,0.18,6,0.3867,"[2250.763671875, 1671.775390625, 2878.05029296875, 1854.2259521484375]",1
frame_0076.png,extras,pair_of_ramps,incline ramp,incline ramp.,0.18,0.18,0,0.0,,0
frame_0076.png,extras,trailer,trailer,trailer.,0.18,0.18,4,0.4503,"[1011.4495239257812, 874.689453125, 1132.790283203125, 1025.1837158203125]",1
frame_0076.png,extras,trailer,cargo trailer,cargo trailer.,0.18,0.18,5,0.4077,"[2287.31494140625, 318.89691162109375, 2878.066650390625, 1036.06884765625]",1
frame_0076.png,extras,trailer,vehicle trailer,vehicle trailer.,0.18,0.18,6,0.5157,"[1010.4114990234375, 873.081787109375, 1133.32958984375, 1025.173583984375]",1
frame_0076.png,extras,trailer,wheeled trailer,wheeled trailer.,0.18,0.18,1,0.5709,"[1009.7675170898438, 874.2490234375, 1134.8438720703125, 1026.4017333984375]",1
frame_0076.png,extras,trailer,small trailer,small trailer.,0.18,0.18,3,0.5146,"[1008.2825317382812, 874.8176879882812, 1137.9500732421875, 1028.3109130859375]",1
frame_0076.png,extras,trailer,utility trailer,utility trailer.,0.18,0.18,5,0.4337,"[2286.20458984375, 309.3903503417969, 2877.6435546875, 1038.57666015625]",1
frame_0076.png,extras,trailer,open trailer,open trailer.,0.18,0.18,5,0.4334,"[1010.0510864257812, 872.8442993164062, 1136.1240234375, 1026.99755859375]",1
frame_0076.png,extras,trailer,covered trailer,covered trailer.,0.18,0.18,4,0.3852,"[2286.372802734375, 319.3740234375, 2878.00439453125, 1036.8572998046875]",1
frame_0076.png,extras,trailer,container trailer,container trailer.,0.18,0.18,4,0.4212,"[2009.6973876953125, 504.67706298828125, 2306.30078125, 997.5369873046875]",1
frame_0077.png,production,trailer,ALL_GROUP,trailer. cargo trailer. vehicle trailer. wheeled trailer. flatbed trailer. black trailer. utility trailer.,0.2,0.2,1,0.3506,"[1073.0723876953125, 869.3779907226562, 1210.474609375, 1035.239013671875]",1
frame_0077.png,production,electric utility vehicle+electric wheelchair+electric scooter+trolley,ALL_GROUP,electric utility vehicle. small electric cart. utility vehicle. golf cart. electric cart. small white utility vehicle. electric wheelchair. motorized wheelchair. power wheelchair. mobility scooter wheelchair. electric scooter. mobility scooter. stand-up scooter. kick scooter. scooter. trolley. hand cart. hand truck. luggage cart. flatbed cart. push cart. utility cart.,0.22,0.22,1,0.318,"[1068.334716796875, 861.154052734375, 1211.12890625, 1036.2769775390625]",1
frame_0077.png,production,pair of ramps,ALL_GROUP,pair of ramps. loading ramp. metal ramp. vehicle loading ramp. two metal ramps. aluminum ramp.,0.2,0.2,6,0.4113,"[1618.9105224609375, 312.4189758300781, 2535.093994140625, 974.8683471679688]",1
frame_0077.png,production,portable power station+basketball,ALL_GROUP,portable power station. large power bank. battery box. power generator box. portable battery. power station. basketball. orange basketball. sports ball. rubber ball.,0.22,0.22,1,0.2754,"[1245.8038330078125, 280.4468994140625, 2154.23876953125, 968.7177124023438]",1
frame_0077.png,production,rectangular table+umbrella,ALL_GROUP,rectangular table. outdoor table. picnic table. long rectangular table. folding table. work table. umbrella. outdoor umbrella. parasol. patio umbrella. hand umbrella.,0.24,0.24,2,0.3612,"[1936.0775146484375, 923.8814086914062, 2188.373291015625, 1275.215576171875]",1
frame_0077.png,production,cardboard box,ALL_GROUP,cardboard box. brown cardboard box. cardboard package. shipping box.,0.26,0.26,3,0.4434,"[1735.163330078125, 1041.069091796875, 1892.744384765625, 1224.9615478515625]",1
frame_0077.png,production,chair,ALL_GROUP,chair. folding chair. outdoor chair. plastic chair. armless chair.,0.3,0.3,0,0.0,,0
frame_0077.png,production,traffic cone+prohibition sign,ALL_GROUP,traffic cone. road cone. safety cone. orange cone. construction cone. prohibition sign. no entry sign. red prohibition sign. do not enter sign. stop sign. red circular sign.,0.22,0.22,2,0.3038,"[2696.328369140625, 449.6544494628906, 2821.85986328125, 502.43621826171875]",1
frame_0077.png,extras,basketball,basketball,basketball.,0.18,0.18,2,0.5734,"[1863.9407958984375, 1084.075439453125, 2035.734619140625, 1250.225830078125]",1
frame_0077.png,extras,basketball,orange basketball,orange basketball.,0.18,0.18,1,0.4251,"[1864.5780029296875, 1083.49365234375, 2036.62939453125, 1250.5455322265625]",1
frame_0077.png,extras,basketball,round orange ball,round orange ball.,0.18,0.18,1,0.7295,"[1859.7305908203125, 1077.3531494140625, 2040.7568359375, 1254.700439453125]",1
frame_0077.png,extras,basketball,rubber ball on ground,rubber ball on ground.,0.18,0.18,6,0.4782,"[10.208444595336914, 936.6867065429688, 2870.278564453125, 1848.4293212890625]",1
frame_0077.png,extras,basketball,sports ball,sports ball.,0.18,0.18,3,0.5204,"[1863.8194580078125, 1084.4764404296875, 2035.8773193359375, 1249.994873046875]",1
frame_0077.png,extras,basketball,ball,ball.,0.18,0.18,3,0.348,"[1862.9906005859375, 1083.7816162109375, 2036.28662109375, 1250.7293701171875]",1
frame_0077.png,extras,umbrella,umbrella,umbrella.,0.2,0.2,2,0.2342,"[1845.1461181640625, 712.1615600585938, 2006.923828125, 1126.28076171875]",1
frame_0077.png,extras,umbrella,outdoor umbrella,outdoor umbrella.,0.2,0.2,2,0.253,"[1843.20751953125, 709.8382568359375, 2010.9471435546875, 1128.608642578125]",1
frame_0077.png,extras,umbrella,patio umbrella,patio umbrella.,0.2,0.2,3,0.2328,"[1.735539436340332, 192.58584594726562, 343.00128173828125, 521.0828247070312]",1
frame_0077.png,extras,umbrella,open umbrella,open umbrella.,0.2,0.2,4,0.3898,"[1155.762451171875, 1651.6322021484375, 1696.53955078125, 1854.3795166015625]",1
frame_0077.png,extras,umbrella,parasol,parasol.,0.2,0.2,0,0.0,,0
frame_0077.png,extras,umbrella,shade umbrella,shade umbrella.,0.2,0.2,4,0.4702,"[1.450495719909668, 192.39845275878906, 342.92254638671875, 521.877197265625]",1
frame_0077.png,extras,umbrella,folded umbrella,folded umbrella.,0.2,0.2,4,0.377,"[1843.8878173828125, 709.79833984375, 2012.43701171875, 1125.7791748046875]",1
frame_0077.png,extras,electric_wheelchair,electric wheelchair,electric wheelchair.,0.2,0.2,1,0.2323,"[1076.2330322265625, 869.5547485351562, 1207.1568603515625, 1033.8731689453125]",1
frame_0077.png,extras,electric_wheelchair,motorized wheelchair,motorized wheelchair.,0.2,0.2,1,0.4667,"[1073.67724609375, 866.9960327148438, 1207.9952392578125, 1034.281005859375]",1
frame_0077.png,extras,electric_wheelchair,power wheelchair,power wheelchair.,0.2,0.2,1,0.2936,"[1075.736572265625, 869.2407836914062, 1207.54296875, 1034.2247314453125]",1
frame_0077.png,extras,electric_wheelchair,wheelchair,wheelchair.,0.2,0.2,0,0.0,,0
frame_0077.png,extras,electric_wheelchair,mobility chair,mobility chair.,0.2,0.2,4,0.3816,"[1917.8001708984375, 713.9174194335938, 2188.79443359375, 1275.6072998046875]",1
frame_0077.png,extras,electric_wheelchair,powered mobility scooter,powered mobility scooter.,0.2,0.2,1,0.7448,"[1067.36083984375, 857.8860473632812, 1211.575927734375, 1037.734130859375]",1
frame_0077.png,extras,electric_scooter,electric scooter,electric scooter.,0.2,0.2,1,0.2096,"[1069.134033203125, 864.567138671875, 1206.7879638671875, 1033.9033203125]",1
frame_0077.png,extras,electric_scooter,stand-up scooter,stand-up scooter.,0.2,0.2,1,0.7248,"[1066.721435546875, 857.603515625, 1212.31689453125, 1038.4801025390625]",1
frame_0077.png,extras,electric_scooter,kick scooter,kick scooter.,0.2,0.2,2,0.4641,"[1067.259033203125, 859.1508178710938, 1208.8089599609375, 1035.3941650390625]",1
frame_0077.png,extras,electric_scooter,two-wheeled scooter,two-wheeled scooter.,0.2,0.2,1,0.7461,"[1065.4208984375, 857.6380615234375, 1211.7255859375, 1038.0009765625]",1
frame_0077.png,extras,electric_scooter,scooter,scooter.,0.2,0.2,0,0.0,,0
frame_0077.png,extras,electric_scooter,electric kick scooter,electric kick scooter.,0.2,0.2,3,0.5381,"[1066.5626220703125, 857.5319213867188, 1209.83740234375, 1036.6226806640625]",1
frame_0077.png,extras,prohibition_sign,prohibition sign,prohibition sign.,0.2,0.2,3,0.3597,"[2695.5087890625, 451.3491516113281, 2821.53857421875, 504.7889404296875]",1
frame_0077.png,extras,prohibition_sign,no entry sign,no entry sign.,0.2,0.2,2,0.3801,"[2692.753662109375, 446.6961975097656, 2823.335205078125, 507.4413757324219]",1
frame_0077.png,extras,prohibition_sign,red prohibition sign,red prohibition sign.,0.2,0.2,2,0.4681,"[2694.2353515625, 448.11370849609375, 2824.119873046875, 506.6165466308594]",1
frame_0077.png,extras,prohibition_sign,do not enter sign,do not enter sign.,0.2,0.2,3,0.2416,"[1154.6702880859375, 1648.4605712890625, 1694.069091796875, 1855.267578125]",1
frame_0077.png,extras,prohibition_sign,stop sign,stop sign.,0.2,0.2,1,0.2299,"[1863.58642578125, 1083.7181396484375, 2036.6314697265625, 1250.488525390625]",1
frame_0077.png,extras,prohibition_sign,red circular sign,red circular sign.,0.2,0.2,3,0.4122,"[2694.45751953125, 447.4961242675781, 2823.47412109375, 506.6853332519531]",1
frame_0077.png,extras,prohibition_sign,warning sign,warning sign.,0.2,0.2,2,0.2733,"[1939.94140625, 925.8104858398438, 2188.2373046875, 1277.5074462890625]",1
frame_0077.png,extras,prohibition_sign,red sign on ground,red sign on ground.,0.2,0.2,4,0.5344,"[10.222949981689453, 934.3028564453125, 2870.675537109375, 1849.1468505859375]",1
frame_0077.png,extras,pair_of_ramps,pair of ramps,pair of ramps.,0.18,0.18,6,0.4188,"[1618.54736328125, 372.1629638671875, 2143.1953125, 944.1235961914062]",1
frame_0077.png,extras,pair_of_ramps,loading ramps,loading ramps.,0.18,0.18,7,0.2968,"[1258.969970703125, 287.8111877441406, 2146.143798828125, 962.4873046875]",1
frame_0077.png,extras,pair_of_ramps,metal ramps on ground,metal ramps on ground.,0.18,0.18,6,0.5293,"[10.102357864379883, 934.0731811523438, 2870.297119140625, 1847.5911865234375]",1
frame_0077.png,extras,pair_of_ramps,vehicle loading ramp,vehicle loading ramp.,0.18,0.18,2,0.4992,"[1074.5692138671875, 867.7559204101562, 1212.23095703125, 1036.8861083984375]",1
frame_0077.png,extras,pair_of_ramps,two metal ramps,two metal ramps.,0.18,0.18,4,0.3475,"[1613.042236328125, 312.3219909667969, 2536.571044921875, 964.2471923828125]",1
frame_0077.png,extras,pair_of_ramps,ramp,ramp.,0.18,0.18,1,0.182,"[2265.173095703125, 1673.712646484375, 2878.462890625, 1854.594482421875]",1
frame_0077.png,extras,pair_of_ramps,aluminum ramp,aluminum ramp.,0.18,0.18,5,0.3885,"[2263.252685546875, 1670.898193359375, 2877.969482421875, 1854.4071044921875]",1
frame_0077.png,extras,pair_of_ramps,incline ramp,incline ramp.,0.18,0.18,0,0.0,,0
frame_0077.png,extras,trailer,trailer,trailer.,0.18,0.18,1,0.4624,"[1076.904296875, 870.9591064453125, 1208.2086181640625, 1034.1829833984375]",1
frame_0077.png,extras,trailer,cargo trailer,cargo trailer.,0.18,0.18,4,0.5148,"[1078.1287841796875, 871.4668579101562, 1207.9813232421875, 1033.887939453125]",1
frame_0077.png,extras,trailer,vehicle trailer,vehicle trailer.,0.18,0.18,1,0.6691,"[1072.9925537109375, 869.05859375, 1208.052734375, 1034.0321044921875]",1
frame_0077.png,extras,trailer,wheeled trailer,wheeled trailer.,0.18,0.18,1,0.7198,"[1073.7799072265625, 868.74853515625, 1209.4661865234375, 1034.7642822265625]",1
frame_0077.png,extras,trailer,small trailer,small trailer.,0.18,0.18,1,0.6645,"[1073.646240234375, 869.7656860351562, 1212.0980224609375, 1036.6597900390625]",1
frame_0077.png,extras,trailer,utility trailer,utility trailer.,0.18,0.18,4,0.5191,"[1078.25537109375, 869.263916015625, 1209.1307373046875, 1034.7603759765625]",1
frame_0077.png,extras,trailer,open trailer,open trailer.,0.18,0.18,1,0.7082,"[1073.19677734375, 868.57373046875, 1211.6243896484375, 1035.9185791015625]",1
frame_0077.png,extras,trailer,covered trailer,covered trailer.,0.18,0.18,6,0.3836,"[1076.1580810546875, 871.0142211914062, 1209.2445068359375, 1034.95361328125]",1
frame_0077.png,extras,trailer,container trailer,container trailer.,0.18,0.18,4,0.3698,"[1081.8419189453125, 871.7154541015625, 1207.2606201171875, 1033.0732421875]",1
frame_0078.png,production,trailer,ALL_GROUP,trailer. cargo trailer. vehicle trailer. wheeled trailer. flatbed trailer. black trailer. utility trailer.,0.2,0.2,2,0.3209,"[1142.37353515625, 865.4913940429688, 1291.6556396484375, 1039.2967529296875]",1
frame_0078.png,production,electric utility vehicle+electric wheelchair+electric scooter+trolley,ALL_GROUP,electric utility vehicle. small electric cart. utility vehicle. golf cart. electric cart. small white utility vehicle. electric wheelchair. motorized wheelchair. power wheelchair. mobility scooter wheelchair. electric scooter. mobility scooter. stand-up scooter. kick scooter. scooter. trolley. hand cart. hand truck. luggage cart. flatbed cart. push cart. utility cart.,0.22,0.22,1,0.2939,"[1140.764404296875, 861.8515014648438, 1292.976806640625, 1040.55859375]",1
frame_0078.png,production,pair of ramps,ALL_GROUP,pair of ramps. loading ramp. metal ramp. vehicle loading ramp. two metal ramps. aluminum ramp.,0.2,0.2,7,0.4005,"[1710.2091064453125, 310.9039306640625, 2271.0009765625, 969.7197265625]",1
frame_0078.png,production,portable power station+basketball,ALL_GROUP,portable power station. large power bank. battery box. power generator box. portable battery. power station. basketball. orange basketball. sports ball. rubber ball.,0.22,0.22,1,0.3291,"[1328.71240234375, 265.0163269042969, 2285.144775390625, 975.6771240234375]",1
frame_0078.png,production,rectangular table+umbrella,ALL_GROUP,rectangular table. outdoor table. picnic table. long rectangular table. folding table. work table. umbrella. outdoor umbrella. parasol. patio umbrella. hand umbrella.,0.24,0.24,2,0.3594,"[2180.82568359375, 921.6471557617188, 2526.09033203125, 1387.6710205078125]",1
frame_0078.png,production,cardboard box,ALL_GROUP,cardboard box. brown cardboard box. cardboard package. shipping box.,0.26,0.26,3,0.3973,"[1939.8682861328125, 1068.42578125, 2165.26171875, 1308.1566162109375]",1
frame_0078.png,production,chair,ALL_GROUP,chair. folding chair. outdoor chair. plastic chair. armless chair.,0.3,0.3,1,0.319,"[2179.598876953125, 922.0324096679688, 2527.506103515625, 1387.9896240234375]",1
frame_0078.png,production,traffic cone+prohibition sign,ALL_GROUP,traffic cone. road cone. safety cone. orange cone. construction cone. prohibition sign. no entry sign. red prohibition sign. do not enter sign. stop sign. red circular sign.,0.22,0.22,0,0.0,,0
frame_0078.png,extras,basketball,basketball,basketball.,0.18,0.18,2,0.6178,"[2126.31005859375, 1130.63525390625, 2354.298095703125, 1340.430908203125]",1
frame_0078.png,extras,basketball,orange basketball,orange basketball.,0.18,0.18,2,0.4829,"[2126.2646484375, 1130.430908203125, 2355.499267578125, 1341.583251953125]",1
frame_0078.png,extras,basketball,round orange ball,round orange ball.,0.18,0.18,1,0.755,"[2120.7724609375, 1123.6295166015625, 2361.197021484375, 1349.160400390625]",1
frame_0078.png,extras,basketball,rubber ball on ground,rubber ball on ground.,0.18,0.18,5,0.3842,"[2115.373779296875, 1117.655517578125, 2365.470947265625, 1358.5601806640625]",1
frame_0078.png,extras,basketball,sports ball,sports ball.,0.18,0.18,3,0.4739,"[2125.092529296875, 1130.4078369140625, 2354.913330078125, 1340.592529296875]",1
frame_0078.png,extras,basketball,ball,ball.,0.18,0.18,3,0.3312,"[2124.790771484375, 1130.0921630859375, 2355.044677734375, 1340.523681640625]",1
frame_0078.png,extras,umbrella,umbrella,umbrella.,0.2,0.2,1,0.2915,"[2073.9521484375, 639.7022705078125, 2300.395751953125, 1188.64404296875]",1
frame_0078.png,extras,umbrella,outdoor umbrella,outdoor umbrella.,0.2,0.2,1,0.4175,"[2072.06103515625, 636.9370727539062, 2303.487060546875, 1189.6669921875]",1
frame_0078.png,extras,umbrella,patio umbrella,patio umbrella.,0.2,0.2,1,0.3609,"[2072.203369140625, 637.4237670898438, 2303.072265625, 1189.5706787109375]",1
frame_0078.png,extras,umbrella,open umbrella,open umbrella.,0.2,0.2,1,0.5577,"[2068.562744140625, 634.0476684570312, 2306.05419921875, 1191.221435546875]",1
frame_0078.png,extras,umbrella,parasol,parasol.,0.2,0.2,0,0.0,,0
frame_0078.png,extras,umbrella,shade umbrella,shade umbrella.,0.2,0.2,6,0.3625,"[1.5086030960083008, 182.3279571533203, 370.2394714355469, 519.1517333984375]",1
frame_0078.png,extras,umbrella,folded umbrella,folded umbrella.,0.2,0.2,1,0.6583,"[2071.451171875, 639.7479248046875, 2303.290283203125, 1189.875244140625]",1
frame_0078.png,extras,electric_wheelchair,electric wheelchair,electric wheelchair.,0.2,0.2,0,0.0,,0
frame_0078.png,extras,electric_wheelchair,motorized wheelchair,motorized wheelchair.,0.2,0.2,1,0.5032,"[1143.2169189453125, 866.409912109375, 1290.4227294921875, 1038.227783203125]",1
frame_0078.png,extras,electric_wheelchair,power wheelchair,power wheelchair.,0.2,0.2,1,0.2525,"[1143.4774169921875, 866.5199584960938, 1290.4920654296875, 1037.92236328125]",1
frame_0078.png,extras,electric_wheelchair,wheelchair,wheelchair.,0.2,0.2,0,0.0,,0
frame_0078.png,extras,electric_wheelchair,mobility chair,mobility chair.,0.2,0.2,4,0.412,"[1142.922607421875, 867.3489379882812, 1290.550048828125, 1038.2294921875]",1
frame_0078.png,extras,electric_wheelchair,powered mobility scooter,powered mobility scooter.,0.2,0.2,1,0.7812,"[1140.34033203125, 860.8375854492188, 1294.0150146484375, 1041.731201171875]",1
frame_0078.png,extras,electric_scooter,electric scooter,electric scooter.,0.2,0.2,0,0.0,,0
frame_0078.png,extras,electric_scooter,stand-up scooter,stand-up scooter.,0.2,0.2,1,0.7645,"[1139.790283203125, 859.513427734375, 1294.817138671875, 1042.72802734375]",1
frame_0078.png,extras,electric_scooter,kick scooter,kick scooter.,0.2,0.2,1,0.5208,"[1141.5736083984375, 860.3526000976562, 1290.985107421875, 1039.214111328125]",1
frame_0078.png,extras,electric_scooter,two-wheeled scooter,two-wheeled scooter.,0.2,0.2,1,0.8073,"[1139.452392578125, 859.8177490234375, 1294.3751220703125, 1042.407958984375]",1
frame_0078.png,extras,electric_scooter,scooter,scooter.,0.2,0.2,0,0.0,,0
frame_0078.png,extras,electric_scooter,electric kick scooter,electric kick scooter.,0.2,0.2,1,0.6096,"[1141.2283935546875, 858.31982421875, 1291.8214111328125, 1040.3828125]",1
frame_0078.png,extras,prohibition_sign,prohibition sign,prohibition sign.,0.2,0.2,3,0.2225,"[1.8851852416992188, 190.03713989257812, 371.8625183105469, 516.61572265625]",1
frame_0078.png,extras,prohibition_sign,no entry sign,no entry sign.,0.2,0.2,4,0.3093,"[730.6226806640625, 855.0524291992188, 777.3147583007812, 962.2374267578125]",1
frame_0078.png,extras,prohibition_sign,red prohibition sign,red prohibition sign.,0.2,0.2,3,0.3433,"[2.1637701988220215, 186.1854248046875, 372.8994140625, 519.8926391601562]",1
frame_0078.png,extras,prohibition_sign,do not enter sign,do not enter sign.,0.2,0.2,2,0.2966,"[2120.988525390625, 1122.7042236328125, 2362.706298828125, 1349.2908935546875]",1
frame_0078.png,extras,prohibition_sign,stop sign,stop sign.,0.2,0.2,1,0.2861,"[2125.694091796875, 1129.7607421875, 2355.59716796875, 1341.0863037109375]",1
frame_0078.png,extras,prohibition_sign,red circular sign,red circular sign.,0.2,0.2,2,0.456,"[2119.314453125, 1122.490478515625, 2361.694580078125, 1349.011962890625]",1
frame_0078.png,extras,prohibition_sign,warning sign,warning sign.,0.2,0.2,3,0.2204,"[1.8872451782226562, 192.84967041015625, 371.4626159667969, 516.0494995117188]",1
frame_0078.png,extras,prohibition_sign,red sign on ground,red sign on ground.,0.2,0.2,5,0.4787,"[10.584983825683594, 928.4161987304688, 2870.3017578125, 1848.3267822265625]",1
frame_0078.png,extras,pair_of_ramps,pair of ramps,pair of ramps.,0.18,0.18,7,0.4067,"[1707.414794921875, 334.255126953125, 2265.869140625, 964.2100830078125]",1
frame_0078.png,extras,pair_of_ramps,loading ramps,loading ramps.,0.18,0.18,8,0.3393,"[1339.970458984375, 272.4371643066406, 2282.371826171875, 969.08154296875]",1
frame_0078.png,extras,pair_of_ramps,metal ramps on ground,metal ramps on ground.,0.18,0.18,5,0.4941,"[9.907779693603516, 929.4737548828125, 2869.939208984375, 1847.4764404296875]",1
frame_0078.png,extras,pair_of_ramps,vehicle loading ramp,vehicle loading ramp.,0.18,0.18,3,0.4319,"[1142.103759765625, 864.650146484375, 1293.9326171875, 1040.9390869140625]",1
frame_0078.png,extras,pair_of_ramps,two metal ramps,two metal ramps.,0.18,0.18,6,0.3273,"[1699.30810546875, 260.24169921875, 2702.912353515625, 970.7438354492188]",1
frame_0078.png,extras,pair_of_ramps,ramp,ramp.,0.18,0.18,2,0.1856,"[2203.63134765625, 927.6920166015625, 2524.60009765625, 1390.007568359375]",1
frame_0078.png,extras,pair_of_ramps,aluminum ramp,aluminum ramp.,0.18,0.18,5,0.3922,"[2176.709716796875, 925.1776123046875, 2526.632080078125, 1389.482666015625]",1
frame_0078.png,extras,pair_of_ramps,incline ramp,incline ramp.,0.18,0.18,0,0.0,,0
frame_0078.png,extras,trailer,trailer,trailer.,0.18,0.18,1,0.5295,"[1143.7958984375, 866.8726806640625, 1289.968505859375, 1038.56494140625]",1
frame_0078.png,extras,trailer,cargo trailer,cargo trailer.,0.18,0.18,2,0.4625,"[1143.667236328125, 867.8751831054688, 1289.428466796875, 1038.10009765625]",1
frame_0078.png,extras,trailer,vehicle trailer,vehicle trailer.,0.18,0.18,1,0.7017,"[1143.0670166015625, 865.8841552734375, 1289.3634033203125, 1038.128662109375]",1
frame_0078.png,extras,trailer,wheeled trailer,wheeled trailer.,0.18,0.18,1,0.7019,"[1142.36962890625, 869.5933227539062, 1290.7913818359375, 1038.540771484375]",1
frame_0078.png,extras,trailer,small trailer,small trailer.,0.18,0.18,1,0.7241,"[1142.1260986328125, 907.8488159179688, 1292.28125, 1040.4427490234375]",1
frame_0078.png,extras,trailer,utility trailer,utility trailer.,0.18,0.18,2,0.5849,"[1143.2679443359375, 866.3460693359375, 1290.3651123046875, 1039.2596435546875]",1
frame_0078.png,extras,trailer,open trailer,open trailer.,0.18,0.18,1,0.7279,"[1142.4573974609375, 867.410888671875, 1292.38720703125, 1040.48046875]",1
frame_0078.png,extras,trailer,covered trailer,covered trailer.,0.18,0.18,6,0.3877,"[1143.29443359375, 868.1005859375, 1290.9505615234375, 1039.41943359375]",1
frame_0078.png,extras,trailer,container trailer,container trailer.,0.18,0.18,4,0.4077,"[1144.967529296875, 866.84423828125, 1288.932861328125, 1037.947509765625]",1
frame_0079.png,production,trailer,ALL_GROUP,trailer. cargo trailer. vehicle trailer. wheeled trailer. flatbed trailer. black trailer. utility trailer.,0.2,0.2,1,0.3512,"[1210.3720703125, 861.0474853515625, 1366.7696533203125, 1040.1756591796875]",1
frame_0079.png,production,electric utility vehicle+electric wheelchair+electric scooter+trolley,ALL_GROUP,electric utility vehicle. small electric cart. utility vehicle. golf cart. electric cart. small white utility vehicle. electric wheelchair. motorized wheelchair. power wheelchair. mobility scooter wheelchair. electric scooter. mobility scooter. stand-up scooter. kick scooter. scooter. trolley. hand cart. hand truck. luggage cart. flatbed cart. push cart. utility cart.,0.22,0.22,1,0.2996,"[1208.0206298828125, 858.5869140625, 1368.687255859375, 1041.3992919921875]",1
frame_0079.png,production,pair of ramps,ALL_GROUP,pair of ramps. loading ramp. metal ramp. vehicle loading ramp. two metal ramps. aluminum ramp.,0.2,0.2,7,0.4462,"[1209.6546630859375, 856.48779296875, 1372.2978515625, 1042.0958251953125]",1
frame_0079.png,production,portable power station+basketball,ALL_GROUP,portable power station. large power bank. battery box. power generator box. portable battery. power station. basketball. orange basketball. sports ball. rubber ball.,0.22,0.22,1,0.3023,"[1402.3802490234375, 247.02487182617188, 2408.35302734375, 976.7117309570312]",1
frame_0079.png,production,rectangular table+umbrella,ALL_GROUP,rectangular table. outdoor table. picnic table. long rectangular table. folding table. work table. umbrella. outdoor umbrella. parasol. patio umbrella. hand umbrella.,0.24,0.24,1,0.3608,"[2481.13623046875, 920.408203125, 2877.81005859375, 1522.537841796875]",1
frame_0079.png,production,cardboard box,ALL_GROUP,cardboard box. brown cardboard box. cardboard package. shipping box.,0.26,0.26,3,0.4047,"[2172.813720703125, 1099.3175048828125, 2437.427734375, 1410.389892578125]",1
frame_0079.png,production,chair,ALL_GROUP,chair. folding chair. outdoor chair. plastic chair. armless chair.,0.3,0.3,1,0.3336,"[2482.06201171875, 922.5565185546875, 2878.779296875, 1524.399658203125]",1
frame_0079.png,production,traffic cone+prohibition sign,ALL_GROUP,traffic cone. road cone. safety cone. orange cone. construction cone. prohibition sign. no entry sign. red prohibition sign. do not enter sign. stop sign. red circular sign.,0.22,0.22,2,0.2978,"[2273.25439453125, 921.3383178710938, 2319.65380859375, 996.9937133789062]",1
frame_0079.png,extras,basketball,basketball,basketball.,0.18,0.18,2,0.6882,"[2432.724365234375, 1186.088134765625, 2736.15771484375, 1455.2978515625]",1
frame_0079.png,extras,basketball,orange basketball,orange basketball.,0.18,0.18,2,0.5224,"[2432.952880859375, 1185.8890380859375, 2736.990234375, 1456.3492431640625]",1
frame_0079.png,extras,basketball,round orange ball,round orange ball.,0.18,0.18,1,0.7763,"[2426.663818359375, 1177.6947021484375, 2743.0458984375, 1465.11474609375]",1
frame_0079.png,extras,basketball,rubber ball on ground,rubber ball on ground.,0.18,0.18,6,0.3569,"[2422.177978515625, 1174.6658935546875, 2745.159912109375, 1464.7578125]",1
frame_0079.png,extras,basketball,sports ball,sports ball.,0.18,0.18,3,0.4969,"[2431.916259765625, 1185.8680419921875, 2736.8037109375, 1456.13037109375]",1
frame_0079.png,extras,basketball,ball,ball.,0.18,0.18,3,0.3351,"[2432.039306640625, 1185.84765625, 2736.46533203125, 1455.571533203125]",1
frame_0079.png,extras,umbrella,umbrella,umbrella.,0.2,0.2,2,0.3474,"[2330.236083984375, 554.0381469726562, 2645.268798828125, 1260.88623046875]",1
frame_0079.png,extras,umbrella,outdoor umbrella,outdoor umbrella.,0.2,0.2,2,0.4543,"[2336.42578125, 551.8937377929688, 2648.354736328125, 1262.46337890625]",1
frame_0079.png,extras,umbrella,patio umbrella,patio umbrella.,0.2,0.2,2,0.3692,"[2335.75830078125, 552.0349731445312, 2647.747802734375, 1262.0247802734375]",1
frame_0079.png,extras,umbrella,open umbrella,open umbrella.,0.2,0.2,3,0.5373,"[2331.394287109375, 549.3789672851562, 2651.5615234375, 1264.1392822265625]",1
frame_0079.png,extras,umbrella,parasol,parasol.,0.2,0.2,0,0.0,,0
frame_0079.png,extras,umbrella,shade umbrella,shade umbrella.,0.2,0.2,4,0.4873,"[1.4320635795593262, 134.67425537109375, 406.3266906738281, 517.9904174804688]",1
frame_0079.png,extras,umbrella,folded umbrella,folded umbrella.,0.2,0.2,1,0.6893,"[2330.335205078125, 554.0689086914062, 2647.588623046875, 1263.12890625]",1
frame_0079.png,extras,electric_wheelchair,electric wheelchair,electric wheelchair.,0.2,0.2,0,0.0,,0
frame_0079.png,extras,electric_wheelchair,motorized wheelchair,motorized wheelchair.,0.2,0.2,1,0.4741,"[1210.40234375, 860.2389526367188, 1366.203125, 1039.2940673828125]",1
frame_0079.png,extras,electric_wheelchair,power wheelchair,power wheelchair.,0.2,0.2,1,0.2624,"[1209.299560546875, 860.1495971679688, 1365.9595947265625, 1038.907958984375]",1
frame_0079.png,extras,electric_wheelchair,wheelchair,wheelchair.,0.2,0.2,0,0.0,,0
frame_0079.png,extras,electric_wheelchair,mobility chair,mobility chair.,0.2,0.2,3,0.4451,"[1211.3741455078125, 860.313232421875, 1365.8299560546875, 1038.6968994140625]",1
frame_0079.png,extras,electric_wheelchair,powered mobility scooter,powered mobility scooter.,0.2,0.2,1,0.7897,"[1208.162841796875, 855.47412109375, 1370.01025390625, 1042.4765625]",1
frame_0079.png,extras,electric_scooter,electric scooter,electric scooter.,0.2,0.2,0,0.0,,0
frame_0079.png,extras,electric_scooter,stand-up scooter,stand-up scooter.,0.2,0.2,1,0.7787,"[1206.34814453125, 854.3442993164062, 1371.0208740234375, 1043.522216796875]",1
frame_0079.png,extras,electric_scooter,kick scooter,kick scooter.,0.2,0.2,2,0.4982,"[1204.6123046875, 856.7163696289062, 1367.2568359375, 1039.635009765625]",1
frame_0079.png,extras,electric_scooter,two-wheeled scooter,two-wheeled scooter.,0.2,0.2,1,0.8561,"[1204.6768798828125, 855.0589599609375, 1370.7373046875, 1043.0684814453125]",1
frame_0079.png,extras,electric_scooter,scooter,scooter.,0.2,0.2,0,0.0,,0
frame_0079.png,extras,electric_scooter,electric kick scooter,electric kick scooter.,0.2,0.2,2,0.5813,"[1202.648193359375, 855.2161865234375, 1368.300048828125, 1041.3587646484375]",1
frame_0079.png,extras,prohibition_sign,prohibition sign,prohibition sign.,0.2,0.2,2,0.3904,"[2172.204833984375, 1099.98779296875, 2436.498779296875, 1411.873291015625]",1
frame_0079.png,extras,prohibition_sign,no entry sign,no entry sign.,0.2,0.2,6,0.3098,"[2128.263671875, 862.8113403320312, 2170.844482421875, 920.6887817382812]",1
frame_0079.png,extras,prohibition_sign,red prohibition sign,red prohibition sign.,0.2,0.2,3,0.461,"[2169.190673828125, 1096.9219970703125, 2438.139404296875, 1413.5731201171875]",1
frame_0079.png,extras,prohibition_sign,do not enter sign,do not enter sign.,0.2,0.2,3,0.3654,"[2426.956298828125, 1177.48876953125, 2744.045654296875, 1465.7945556640625]",1
frame_0079.png,extras,prohibition_sign,stop sign,stop sign.,0.2,0.2,1,0.3517,"[2432.025146484375, 1185.56396484375, 2736.70849609375, 1456.048828125]",1
frame_0079.png,extras,prohibition_sign,red circular sign,red circular sign.,0.2,0.2,1,0.5819,"[2424.883544921875, 1176.392333984375, 2743.6201171875, 1466.7918701171875]",1
frame_0079.png,extras,prohibition_sign,warning sign,warning sign.,0.2,0.2,3,0.3195,"[2173.08740234375, 1099.9730224609375, 2436.162353515625, 1411.586669921875]",1
frame_0079.png,extras,prohibition_sign,red sign on ground,red sign on ground.,0.2,0.2,2,0.4837,"[2160.60400390625, 1088.5859375, 2442.76806640625, 1417.9061279296875]",1
frame_0079.png,extras,pair_of_ramps,pair of ramps,pair of ramps.,0.18,0.18,6,0.4144,"[1417.8170166015625, 249.5447998046875, 2395.017578125, 972.0422973632812]",1
frame_0079.png,extras,pair_of_ramps,loading ramps,loading ramps.,0.18,0.18,8,0.3716,"[1414.9954833984375, 256.7023010253906, 2409.4794921875, 971.0562744140625]",1
frame_0079.png,extras,pair_of_ramps,metal ramps on ground,metal ramps on ground.,0.18,0.18,6,0.4809,"[9.688997268676758, 923.532958984375, 2869.36865234375, 1847.464599609375]",1
frame_0079.png,extras,pair_of_ramps,vehicle loading ramp,vehicle loading ramp.,0.18,0.18,3,0.4865,"[1210.6070556640625, 859.3531494140625, 1369.296875, 1041.2069091796875]",1
frame_0079.png,extras,pair_of_ramps,two metal ramps,two metal ramps.,0.18,0.18,4,0.3412,"[1419.2340087890625, 211.6978302001953, 2863.450927734375, 976.3349609375]",1
frame_0079.png,extras,pair_of_ramps,ramp,ramp.,0.18,0.18,0,0.0,,0
frame_0079.png,extras,pair_of_ramps,aluminum ramp,aluminum ramp.,0.18,0.18,6,0.3946,"[2483.96728515625, 923.555908203125, 2877.97509765625, 1525.865966796875]",1
frame_0079.png,extras,pair_of_ramps,incline ramp,incline ramp.,0.18,0.18,0,0.0,,0
frame_0079.png,extras,trailer,trailer,trailer.,0.18,0.18,1,0.412,"[1212.641845703125, 862.2239990234375, 1365.0089111328125, 1038.5001220703125]",1
frame_0079.png,extras,trailer,cargo trailer,cargo trailer.,0.18,0.18,5,0.4783,"[1212.963134765625, 862.2872924804688, 1364.52197265625, 1038.3641357421875]",1
frame_0079.png,extras,trailer,vehicle trailer,vehicle trailer.,0.18,0.18,1,0.6508,"[1211.9129638671875, 861.2793579101562, 1364.6241455078125, 1038.7523193359375]",1
frame_0079.png,extras,trailer,wheeled trailer,wheeled trailer.,0.18,0.18,1,0.7711,"[1210.982421875, 860.5438232421875, 1366.1617431640625, 1039.364501953125]",1
frame_0079.png,extras,trailer,small trailer,small trailer.,0.18,0.18,1,0.722,"[1209.3748779296875, 859.7190551757812, 1369.228271484375, 1041.831298828125]",1
frame_0079.png,extras,trailer,utility trailer,utility trailer.,0.18,0.18,5,0.4322,"[1212.539306640625, 860.8463134765625, 1365.4178466796875, 1039.6654052734375]",1
frame_0079.png,extras,trailer,open trailer,open trailer.,0.18,0.18,1,0.7267,"[1210.6556396484375, 859.7914428710938, 1367.796875, 1041.1214599609375]",1
frame_0079.png,extras,trailer,covered trailer,covered trailer.,0.18,0.18,5,0.3429,"[2258.119873046875, 215.86561584472656, 2878.59423828125, 1000.7483520507812]",1
frame_0079.png,extras,trailer,container trailer,container trailer.,0.18,0.18,4,0.3296,"[1213.7242431640625, 862.50390625, 1364.327880859375, 1037.66455078125]",1
