image,mode,class,alias,prompt_text,threshold_box,threshold_text,n_detections,max_score,first_box_x1y1x2y2,hit
frame_0000.png,production,trailer,ALL_GROUP,utility trailer. open trailer. vehicle trailer. covered trailer.,0.18,0.18,7,0.3464,"[1.5870630741119385, 625.0818481445312, 294.8757019042969, 989.4237670898438]",1
frame_0000.png,production,electric utility vehicle+electric wheelchair+electric scooter,ALL_GROUP,electric utility vehicle. small electric cart. golf cart. white utility vehicle. powered mobility scooter. motorized wheelchair. mobility chair. electric wheelchair. two-wheeled scooter. stand-up scooter. electric kick scooter. kick scooter.,0.2,0.2,5,0.4277,"[255.4156036376953, 813.6788330078125, 498.4117126464844, 984.4366455078125]",1
frame_0000.png,production,trolley,ALL_GROUP,trolley. hand cart. utility cart. push cart.,0.22,0.22,0,0.0,,0
frame_0000.png,production,pair of ramps+basketball,ALL_GROUP,metal ramps on ground. two metal ramps. pair of ramps. vehicle loading ramp. round orange ball. rubber ball on ground. sports ball. basketball.,0.18,0.18,15,0.4721,"[1146.7415771484375, 1647.63037109375, 1695.9222412109375, 1851.4898681640625]",1
frame_0000.png,production,portable power station+umbrella,ALL_GROUP,portable power station. large power bank. battery box. power generator box. folded umbrella. open umbrella. shade umbrella. umbrella.,0.2,0.2,0,0.0,,0
frame_0000.png,production,rectangular table,ALL_GROUP,rectangular table. outdoor table. picnic table. folding table.,0.24,0.24,1,0.2688,"[817.8418579101562, 965.9842529296875, 929.3626708984375, 1004.9063720703125]",1
frame_0000.png,production,cardboard box,ALL_GROUP,cardboard box. brown cardboard box. shipping box.,0.26,0.26,3,0.3996,"[2514.485107421875, 985.6062622070312, 2695.377685546875, 1183.694580078125]",1
frame_0000.png,production,chair,ALL_GROUP,chair. folding chair. outdoor chair. plastic chair.,0.3,0.3,0,0.0,,0
frame_0000.png,production,traffic cone,ALL_GROUP,traffic cone. road cone. safety cone. orange cone.,0.22,0.22,0,0.0,,0
frame_0000.png,production,prohibition sign,ALL_GROUP,red sign on ground. red circular sign. prohibition sign. red prohibition sign.,0.2,0.2,5,0.3483,"[1146.2860107421875, 1648.163818359375, 1697.3614501953125, 1852.275146484375]",1
frame_0000.png,extras,cardboard_box,cardboard box,cardboard box.,0.2,0.2,3,0.367,"[2515.540771484375, 987.8855590820312, 2695.315185546875, 1183.6744384765625]",1
frame_0000.png,extras,cardboard_box,brown cardboard box,brown cardboard box.,0.2,0.2,3,0.387,"[2512.451416015625, 982.2987060546875, 2875.014892578125, 1218.6552734375]",1
frame_0000.png,extras,cardboard_box,shipping box,shipping box.,0.2,0.2,3,0.4308,"[260.14947509765625, 817.8695068359375, 493.7498779296875, 980.7703247070312]",1
frame_0000.png,extras,cardboard_box,small box,small box.,0.2,0.2,3,0.3321,"[259.6859130859375, 816.3311157226562, 494.3509521484375, 978.1395263671875]",1
frame_0000.png,extras,cardboard_box,package box,package box.,0.2,0.2,0,0.0,,0
frame_0000.png,extras,cardboard_box,stacked box,stacked box.,0.2,0.2,5,0.3318,"[1.9022870063781738, 623.9852294921875, 294.94403076171875, 977.7957153320312]",1
frame_0000.png,extras,cardboard_box,outdoor cardboard box,outdoor cardboard box.,0.2,0.2,4,0.3452,"[259.083740234375, 815.9190063476562, 495.7406005859375, 979.8707885742188]",1
frame_0000.png,extras,chair,chair,chair.,0.2,0.2,3,0.2371,"[296.543701171875, 932.7853393554688, 326.9633483886719, 988.8728637695312]",1
frame_0000.png,extras,chair,armless chair,armless chair.,0.2,0.2,4,0.3327,"[815.1842651367188, 914.737548828125, 934.7359619140625, 1007.3995971679688]",1
frame_0000.png,extras,chair,outdoor chair,outdoor chair.,0.2,0.2,6,0.2905,"[816.9986572265625, 899.8118896484375, 933.0401611328125, 1004.5723266601562]",1
frame_0000.png,extras,chair,plastic chair,plastic chair.,0.2,0.2,2,0.2652,"[294.202880859375, 928.120361328125, 335.79931640625, 993.3712158203125]",1
frame_0000.png,extras,chair,folding chair,folding chair.,0.2,0.2,4,0.3189,"[2259.755126953125, 1672.429931640625, 2878.696044921875, 1853.193603515625]",1
frame_0000.png,extras,chair,metal chair,metal chair.,0.2,0.2,6,0.3557,"[815.134033203125, 905.4203491210938, 934.2708129882812, 1005.948486328125]",1
frame_0000.png,extras,electric_utility_vehicle,electric utility vehicle,electric utility vehicle.,0.2,0.2,6,0.5166,"[0.9770643711090088, 624.0089111328125, 293.4978332519531, 992.2178955078125]",1
frame_0000.png,extras,electric_utility_vehicle,small electric cart,small electric cart.,0.2,0.2,6,0.3808,"[488.4289855957031, 919.0093383789062, 588.6649780273438, 996.61279296875]",1
frame_0000.png,extras,electric_utility_vehicle,utility vehicle,utility vehicle.,0.2,0.2,9,0.4753,"[0.7810485363006592, 624.0682373046875, 294.1768798828125, 992.069091796875]",1
frame_0000.png,extras,electric_utility_vehicle,golf cart,golf cart.,0.2,0.2,0,0.0,,0
frame_0000.png,extras,electric_utility_vehicle,electric cart,electric cart.,0.2,0.2,5,0.338,"[489.9534912109375, 921.1060180664062, 587.1107177734375, 994.2489624023438]",1
frame_0000.png,extras,electric_utility_vehicle,small white utility vehicle,small white utility vehicle.,0.2,0.2,3,0.498,"[254.8084259033203, 814.5789794921875, 498.30206298828125, 987.284423828125]",1
frame_0000.png,extras,electric_utility_vehicle,white utility cart,white utility cart.,0.2,0.2,1,0.5908,"[256.795166015625, 814.4722290039062, 495.9944763183594, 987.5739135742188]",1
frame_0000.png,extras,portable_power_station,portable power station,portable power station.,0.2,0.2,3,0.4402,"[2.040538787841797, 622.274658203125, 296.4627990722656, 987.2631225585938]",1
frame_0000.png,extras,portable_power_station,large power bank,large power bank.,0.2,0.2,4,0.513,"[2.3949122428894043, 618.7937622070312, 302.02288818359375, 986.9761962890625]",1
frame_0000.png,extras,portable_power_station,battery box,battery box.,0.2,0.2,0,0.0,,0
frame_0000.png,extras,portable_power_station,power generator box,power generator box.,0.2,0.2,0,0.0,,0
frame_0000.png,extras,portable_power_station,portable battery,portable battery.,0.2,0.2,2,0.3186,"[259.7870788574219, 816.863037109375, 494.408447265625, 981.626220703125]",1
frame_0000.png,extras,portable_power_station,power station,power station.,0.2,0.2,5,0.4878,"[1.2468838691711426, 622.921630859375, 296.5857849121094, 986.2719116210938]",1
frame_0000.png,extras,portable_power_station,large battery pack,large battery pack.,0.2,0.2,3,0.465,"[2.5943613052368164, 622.4625854492188, 294.7550048828125, 986.2865600585938]",1
frame_0000.png,extras,rectangular_table,rectangular table,rectangular table.,0.2,0.2,7,0.3465,"[816.9173583984375, 966.4144897460938, 929.9441528320312, 1005.4627685546875]",1
frame_0000.png,extras,rectangular_table,outdoor table,outdoor table.,0.2,0.2,6,0.3464,"[818.120849609375, 966.45361328125, 929.0704345703125, 1004.699462890625]",1
frame_0000.png,extras,rectangular_table,long rectangular table,long rectangular table.,0.2,0.2,3,0.5353,"[6.156291961669922, 975.902587890625, 2874.008544921875, 1849.5540771484375]",1
frame_0000.png,extras,rectangular_table,picnic table,picnic table.,0.2,0.2,3,0.3494,"[817.5787353515625, 964.5107421875, 929.2963256835938, 1005.0641479492188]",1
frame_0000.png,extras,rectangular_table,folding table,folding table.,0.2,0.2,6,0.2879,"[818.7482299804688, 968.85693359375, 928.5604858398438, 1003.7591552734375]",1
frame_0000.png,extras,rectangular_table,work table,work table.,0.2,0.2,1,0.2899,"[817.7307739257812, 965.19921875, 929.2872924804688, 1005.0887451171875]",1
frame_0000.png,extras,rectangular_table,outdoor wooden table,outdoor wooden table.,0.2,0.2,6,0.3779,"[816.4281005859375, 963.1779174804688, 930.9662475585938, 1005.4710083007812]",1
frame_0000.png,extras,traffic_cone,traffic cone,traffic cone.,0.2,0.2,3,0.2689,"[411.32012939453125, 923.8902587890625, 439.8835754394531, 1000.5198974609375]",1
frame_0000.png,extras,traffic_cone,road cone,road cone.,0.2,0.2,3,0.2699,"[407.08697509765625, 919.9072265625, 442.9578552246094, 1003.302490234375]",1
frame_0000.png,extras,traffic_cone,safety cone,safety cone.,0.2,0.2,4,0.3027,"[1156.0927734375, 1660.6416015625, 1693.7457275390625, 1855.4339599609375]",1
frame_0000.png,extras,traffic_cone,orange cone,orange cone.,0.2,0.2,2,0.2763,"[406.8381042480469, 921.9501953125, 441.3157653808594, 1002.8076782226562]",1
frame_0000.png,extras,traffic_cone,construction cone,construction cone.,0.2,0.2,4,0.3202,"[1155.1270751953125, 1659.7742919921875, 1694.172119140625, 1854.6903076171875]",1
frame_0000.png,extras,traffic_cone,orange traffic cone,orange traffic cone.,0.2,0.2,2,0.3428,"[405.44549560546875, 920.9913330078125, 442.7320861816406, 1003.441162109375]",1
frame_0000.png,extras,trolley,trolley,trolley.,0.2,0.2,8,0.3528,"[817.966552734375, 905.9016723632812, 930.5851440429688, 1003.626220703125]",1
frame_0000.png,extras,trolley,hand cart,hand cart.,0.2,0.2,0,0.0,,0
frame_0000.png,extras,trolley,hand truck,hand truck.,0.2,0.2,4,0.4837,"[0.9766459465026855, 627.372802734375, 292.2358093261719, 991.3406372070312]",1
frame_0000.png,extras,trolley,luggage cart,luggage cart.,0.2,0.2,5,0.3006,"[493.4971008300781, 925.1245727539062, 585.6107788085938, 993.7249755859375]",1
frame_0000.png,extras,trolley,flatbed cart,flatbed cart.,0.2,0.2,6,0.3075,"[815.1209106445312, 906.05029296875, 933.3128662109375, 1005.1752319335938]",1
frame_0000.png,extras,trolley,push cart,push cart.,0.2,0.2,6,0.3532,"[167.68121337890625, 914.8680419921875, 272.3013610839844, 998.5419311523438]",1
frame_0000.png,extras,trolley,utility cart,utility cart.,0.2,0.2,6,0.3249,"[814.9492797851562, 900.8929443359375, 933.3677978515625, 1005.4471435546875]",1
frame_0000.png,extras,trolley,metal trolley,metal trolley.,0.2,0.2,3,0.3768,"[813.3895263671875, 898.0755004882812, 934.1854248046875, 1006.3133544921875]",1
frame_0001.png,production,trailer,ALL_GROUP,utility trailer. open trailer. vehicle trailer. covered trailer.,0.18,0.18,6,0.346,"[1.392195224761963, 626.9950561523438, 296.562744140625, 989.8936157226562]",1
frame_0001.png,production,electric utility vehicle+electric wheelchair+electric scooter,ALL_GROUP,electric utility vehicle. small electric cart. golf cart. white utility vehicle. powered mobility scooter. motorized wheelchair. mobility chair. electric wheelchair. two-wheeled scooter. stand-up scooter. electric kick scooter. kick scooter.,0.2,0.2,4,0.3864,"[255.76846313476562, 813.794921875, 499.0715026855469, 984.5927124023438]",1
frame_0001.png,production,trolley,ALL_GROUP,trolley. hand cart. utility cart. push cart.,0.22,0.22,0,0.0,,0
frame_0001.png,production,pair of ramps+basketball,ALL_GROUP,metal ramps on ground. two metal ramps. pair of ramps. vehicle loading ramp. round orange ball. rubber ball on ground. sports ball. basketball.,0.18,0.18,17,0.476,"[1147.2349853515625, 1647.5784912109375, 1694.775390625, 1851.5540771484375]",1
frame_0001.png,production,portable power station+umbrella,ALL_GROUP,portable power station. large power bank. battery box. power generator box. folded umbrella. open umbrella. shade umbrella. umbrella.,0.2,0.2,0,0.0,,0
frame_0001.png,production,rectangular table,ALL_GROUP,rectangular table. outdoor table. picnic table. folding table.,0.24,0.24,1,0.2669,"[820.2977294921875, 966.4096069335938, 928.7593994140625, 1004.715087890625]",1
frame_0001.png,production,cardboard box,ALL_GROUP,cardboard box. brown cardboard box. shipping box.,0.26,0.26,2,0.4001,"[2514.529541015625, 985.5409545898438, 2696.284912109375, 1183.640380859375]",1
frame_0001.png,production,chair,ALL_GROUP,chair. folding chair. outdoor chair. plastic chair.,0.3,0.3,0,0.0,,0
frame_0001.png,production,traffic cone,ALL_GROUP,traffic cone. road cone. safety cone. orange cone.,0.22,0.22,0,0.0,,0
frame_0001.png,production,prohibition sign,ALL_GROUP,red sign on ground. red circular sign. prohibition sign. red prohibition sign.,0.2,0.2,6,0.3649,"[1146.2347412109375, 1647.4781494140625, 1696.7906494140625, 1852.153564453125]",1
frame_0001.png,extras,cardboard_box,cardboard box,cardboard box.,0.2,0.2,3,0.3767,"[2515.60693359375, 987.85791015625, 2696.23681640625, 1183.6080322265625]",1
frame_0001.png,extras,cardboard_box,brown cardboard box,brown cardboard box.,0.2,0.2,3,0.3886,"[2513.26416015625, 985.1882934570312, 2696.49853515625, 1184.935791015625]",1
frame_0001.png,extras,cardboard_box,shipping box,shipping box.,0.2,0.2,3,0.4243,"[260.050048828125, 817.7646484375, 493.90631103515625, 981.3560791015625]",1
frame_0001.png,extras,cardboard_box,small box,small box.,0.2,0.2,3,0.3601,"[2514.84765625, 986.6170043945312, 2696.10595703125, 1181.958984375]",1
frame_0001.png,extras,cardboard_box,package box,package box.,0.2,0.2,0,0.0,,0
frame_0001.png,extras,cardboard_box,stacked box,stacked box.,0.2,0.2,6,0.3256,"[1.7882931232452393, 624.9266967773438, 297.09716796875, 978.1255493164062]",1
frame_0001.png,extras,cardboard_box,outdoor cardboard box,outdoor cardboard box.,0.2,0.2,4,0.3488,"[2513.423583984375, 985.4988403320312, 2697.01025390625, 1185.1846923828125]",1
frame_0001.png,extras,chair,chair,chair.,0.2,0.2,1,0.2785,"[821.5293579101562, 936.055419921875, 929.4853515625, 1002.3045654296875]",1
frame_0001.png,extras,chair,armless chair,armless chair.,0.2,0.2,3,0.4165,"[819.9337158203125, 928.7198486328125, 934.2686157226562, 1005.8124389648438]",1
frame_0001.png,extras,chair,outdoor chair,outdoor chair.,0.2,0.2,5,0.3699,"[821.664306640625, 931.4013061523438, 933.0001220703125, 1005.0336303710938]",1
frame_0001.png,extras,chair,plastic chair,plastic chair.,0.2,0.2,3,0.2489,"[824.3529663085938, 932.6942138671875, 931.6246337890625, 1004.6569213867188]",1
frame_0001.png,extras,chair,folding chair,folding chair.,0.2,0.2,3,0.3044,"[2262.0634765625, 1672.1583251953125, 2878.593505859375, 1853.17333984375]",1
frame_0001.png,extras,chair,metal chair,metal chair.,0.2,0.2,4,0.5068,"[819.99560546875, 930.97802734375, 934.0153198242188, 1005.9540405273438]",1
frame_0001.png,extras,electric_utility_vehicle,electric utility vehicle,electric utility vehicle.,0.2,0.2,5,0.5102,"[258.2933349609375, 816.0772705078125, 495.9383544921875, 985.9965209960938]",1
frame_0001.png,extras,electric_utility_vehicle,small electric cart,small electric cart.,0.2,0.2,6,0.387,"[162.7288360595703, 909.2973022460938, 276.7054443359375, 1001.3544921875]",1
frame_0001.png,extras,electric_utility_vehicle,utility vehicle,utility vehicle.,0.2,0.2,7,0.4867,"[0.9355974197387695, 625.2095336914062, 296.4147644042969, 992.8861694335938]",1
frame_0001.png,extras,electric_utility_vehicle,golf cart,golf cart.,0.2,0.2,0,0.0,,0
frame_0001.png,extras,electric_utility_vehicle,electric cart,electric cart.,0.2,0.2,5,0.3086,"[488.7794189453125, 923.197265625, 585.8992309570312, 994.1768798828125]",1
frame_0001.png,extras,electric_utility_vehicle,small white utility vehicle,small white utility vehicle.,0.2,0.2,3,0.5094,"[255.4110565185547, 814.5240478515625, 498.8397521972656, 987.6815185546875]",1
frame_0001.png,extras,electric_utility_vehicle,white utility cart,white utility cart.,0.2,0.2,1,0.6147,"[256.73297119140625, 814.6897583007812, 496.42950439453125, 988.1870727539062]",1
frame_0001.png,extras,portable_power_station,portable power station,portable power station.,0.2,0.2,3,0.3908,"[1.966230869293213, 623.4149169921875, 298.47430419921875, 987.8248901367188]",1
frame_0001.png,extras,portable_power_station,large power bank,large power bank.,0.2,0.2,4,0.5095,"[2.2324025630950928, 620.139404296875, 302.9371032714844, 987.1138916015625]",1
frame_0001.png,extras,portable_power_station,battery box,battery box.,0.2,0.2,0,0.0,,0
frame_0001.png,extras,portable_power_station,power generator box,power generator box.,0.2,0.2,0,0.0,,0
frame_0001.png,extras,portable_power_station,portable battery,portable battery.,0.2,0.2,2,0.3144,"[259.6128845214844, 816.8502197265625, 494.6170654296875, 982.1561889648438]",1
frame_0001.png,extras,portable_power_station,power station,power station.,0.2,0.2,4,0.4662,"[1.2494909763336182, 623.802978515625, 298.1134948730469, 986.5751342773438]",1
frame_0001.png,extras,portable_power_station,large battery pack,large battery pack.,0.2,0.2,2,0.4537,"[2.621290683746338, 623.6658935546875, 296.6958923339844, 986.4671020507812]",1
frame_0001.png,extras,rectangular_table,rectangular table,rectangular table.,0.2,0.2,5,0.4127,"[818.91650390625, 966.2337646484375, 929.7725219726562, 1005.6807250976562]",1
frame_0001.png,extras,rectangular_table,outdoor table,outdoor table.,0.2,0.2,5,0.3737,"[819.9154052734375, 967.0662841796875, 929.1353149414062, 1004.840087890625]",1
frame_0001.png,extras,rectangular_table,long rectangular table,long rectangular table.,0.2,0.2,3,0.5433,"[6.359539031982422, 975.738525390625, 2873.8427734375, 1849.3785400390625]",1
frame_0001.png,extras,rectangular_table,picnic table,picnic table.,0.2,0.2,4,0.356,"[820.1409912109375, 965.5331420898438, 929.2575073242188, 1005.0490112304688]",1
frame_0001.png,extras,rectangular_table,folding table,folding table.,0.2,0.2,4,0.3021,"[819.9952392578125, 969.5337524414062, 928.1690063476562, 1004.1472778320312]",1
frame_0001.png,extras,rectangular_table,work table,work table.,0.2,0.2,2,0.3175,"[819.9966430664062, 965.9752197265625, 929.2101440429688, 1005.3033447265625]",1
frame_0001.png,extras,rectangular_table,outdoor wooden table,outdoor wooden table.,0.2,0.2,4,0.4061,"[817.6940307617188, 935.3299560546875, 934.0725708007812, 1005.0462646484375]",1
frame_0001.png,extras,traffic_cone,traffic cone,traffic cone.,0.2,0.2,3,0.2584,"[411.48248291015625, 924.700927734375, 437.5666809082031, 1000.3720092773438]",1
frame_0001.png,extras,traffic_cone,road cone,road cone.,0.2,0.2,2,0.2529,"[1155.8162841796875, 1659.6837158203125, 1693.146240234375, 1854.506103515625]",1
frame_0001.png,extras,traffic_cone,safety cone,safety cone.,0.2,0.2,3,0.3114,"[1156.47998046875, 1660.7835693359375, 1692.83251953125, 1854.84326171875]",1
frame_0001.png,extras,traffic_cone,orange cone,orange cone.,0.2,0.2,2,0.285,"[406.7664794921875, 922.8106689453125, 441.4730529785156, 1002.760009765625]",1
frame_0001.png,extras,traffic_cone,construction cone,construction cone.,0.2,0.2,3,0.3263,"[1155.3306884765625, 1659.7054443359375, 1693.6439208984375, 1854.5167236328125]",1
frame_0001.png,extras,traffic_cone,orange traffic cone,orange traffic cone.,0.2,0.2,2,0.3565,"[405.52935791015625, 921.4771118164062, 442.8977355957031, 1003.4930419921875]",1
frame_0001.png,extras,trolley,trolley,trolley.,0.2,0.2,4,0.3531,"[820.5965576171875, 934.7841186523438, 929.8595581054688, 1003.2656860351562]",1
frame_0001.png,extras,trolley,hand cart,hand cart.,0.2,0.2,0,0.0,,0
frame_0001.png,extras,trolley,hand truck,hand truck.,0.2,0.2,3,0.4797,"[1.0149049758911133, 627.7982177734375, 294.6581726074219, 991.9301147460938]",1
frame_0001.png,extras,trolley,luggage cart,luggage cart.,0.2,0.2,1,0.2063,"[491.6356201171875, 927.6076049804688, 584.7196044921875, 993.7908325195312]",1
frame_0001.png,extras,trolley,flatbed cart,flatbed cart.,0.2,0.2,6,0.3614,"[819.188232421875, 932.22314453125, 933.3482055664062, 1004.9224243164062]",1
frame_0001.png,extras,trolley,push cart,push cart.,0.2,0.2,5,0.3122,"[493.7366027832031, 927.2705078125, 584.7952270507812, 993.767333984375]",1
frame_0001.png,extras,trolley,utility cart,utility cart.,0.2,0.2,6,0.3129,"[816.7789306640625, 898.7798461914062, 933.629150390625, 1005.0682373046875]",1
frame_0001.png,extras,trolley,metal trolley,metal trolley.,0.2,0.2,3,0.3389,"[817.406494140625, 899.1436767578125, 934.7484130859375, 1006.1873779296875]",1
frame_0002.png,production,trailer,ALL_GROUP,utility trailer. open trailer. vehicle trailer. covered trailer.,0.18,0.18,7,0.3219,"[1.4523303508758545, 627.0111694335938, 294.8518371582031, 990.5625]",1
frame_0002.png,production,electric utility vehicle+electric wheelchair+electric scooter,ALL_GROUP,electric utility vehicle. small electric cart. golf cart. white utility vehicle. powered mobility scooter. motorized wheelchair. mobility chair. electric wheelchair. two-wheeled scooter. stand-up scooter. electric kick scooter. kick scooter.,0.2,0.2,4,0.368,"[255.87754821777344, 814.0675659179688, 499.2956237792969, 983.7521362304688]",1
frame_0002.png,production,trolley,ALL_GROUP,trolley. hand cart. utility cart. push cart.,0.22,0.22,0,0.0,,0
frame_0002.png,production,pair of ramps+basketball,ALL_GROUP,metal ramps on ground. two metal ramps. pair of ramps. vehicle loading ramp. round orange ball. rubber ball on ground. sports ball. basketball.,0.18,0.18,14,0.4827,"[1146.9525146484375, 1647.086181640625, 1694.918701171875, 1851.467529296875]",1
frame_0002.png,production,portable power station+umbrella,ALL_GROUP,portable power station. large power bank. battery box. power generator box. folded umbrella. open umbrella. shade umbrella. umbrella.,0.2,0.2,0,0.0,,0
frame_0002.png,production,rectangular table,ALL_GROUP,rectangular table. outdoor table. picnic table. folding table.,0.24,0.24,1,0.2874,"[819.6047973632812, 965.1912231445312, 929.4515991210938, 1005.363037109375]",1
frame_0002.png,production,cardboard box,ALL_GROUP,cardboard box. brown cardboard box. shipping box.,0.26,0.26,2,0.3977,"[2514.213134765625, 985.4287719726562, 2695.439453125, 1183.7347412109375]",1
frame_0002.png,production,chair,ALL_GROUP,chair. folding chair. outdoor chair. plastic chair.,0.3,0.3,0,0.0,,0
frame_0002.png,production,traffic cone,ALL_GROUP,traffic cone. road cone. safety cone. orange cone.,0.22,0.22,0,0.0,,0
frame_0002.png,production,prohibition sign,ALL_GROUP,red sign on ground. red circular sign. prohibition sign. red prohibition sign.,0.2,0.2,5,0.3535,"[1146.06494140625, 1647.0284423828125, 1696.7386474609375, 1852.1636962890625]",1
frame_0002.png,extras,cardboard_box,cardboard box,cardboard box.,0.2,0.2,3,0.3739,"[2693.93798828125, 993.33154296875, 2877.576904296875, 1216.9776611328125]",1
frame_0002.png,extras,cardboard_box,brown cardboard box,brown cardboard box.,0.2,0.2,3,0.3908,"[2692.58203125, 991.867919921875, 2876.392578125, 1217.4111328125]",1
frame_0002.png,extras,cardboard_box,shipping box,shipping box.,0.2,0.2,4,0.403,"[260.5694580078125, 818.0380859375, 494.0155334472656, 980.9423217773438]",1
frame_0002.png,extras,cardboard_box,small box,small box.,0.2,0.2,4,0.344,"[2514.830078125, 986.7074584960938, 2695.5078125, 1182.0518798828125]",1
frame_0002.png,extras,cardboard_box,package box,package box.,0.2,0.2,0,0.0,,0
frame_0002.png,extras,cardboard_box,stacked box,stacked box.,0.2,0.2,6,0.3296,"[1.6168463230133057, 624.2940673828125, 295.27349853515625, 980.0989379882812]",1
frame_0002.png,extras,cardboard_box,outdoor cardboard box,outdoor cardboard box.,0.2,0.2,6,0.3487,"[2513.26806640625, 985.7249755859375, 2696.21923828125, 1185.05712890625]",1
frame_0002.png,extras,chair,chair,chair.,0.2,0.2,3,0.2447,"[175.9219512939453, 921.7769775390625, 268.5215759277344, 996.0418701171875]",1
frame_0002.png,extras,chair,armless chair,armless chair.,0.2,0.2,3,0.374,"[818.998291015625, 930.0462036132812, 934.1826171875, 1006.2075805664062]",1
frame_0002.png,extras,chair,outdoor chair,outdoor chair.,0.2,0.2,6,0.3311,"[174.69195556640625, 917.646484375, 271.60491943359375, 998.68896484375]",1
frame_0002.png,extras,chair,plastic chair,plastic chair.,0.2,0.2,3,0.2455,"[294.06884765625, 928.6619262695312, 334.3068542480469, 992.6658935546875]",1
frame_0002.png,extras,chair,folding chair,folding chair.,0.2,0.2,4,0.3021,"[2260.14453125, 1672.107666015625, 2878.58935546875, 1853.26171875]",1
frame_0002.png,extras,chair,metal chair,metal chair.,0.2,0.2,6,0.4371,"[819.232666015625, 932.9513549804688, 933.8408203125, 1006.524658203125]",1
frame_0002.png,extras,electric_utility_vehicle,electric utility vehicle,electric utility vehicle.,0.2,0.2,5,0.4897,"[258.16473388671875, 816.2188110351562, 495.930908203125, 985.20458984375]",1
frame_0002.png,extras,electric_utility_vehicle,small electric cart,small electric cart.,0.2,0.2,5,0.412,"[163.67205810546875, 910.1322631835938, 276.04888916015625, 1001.62841796875]",1
frame_0002.png,extras,electric_utility_vehicle,utility vehicle,utility vehicle.,0.2,0.2,9,0.4647,"[257.9218444824219, 816.4886474609375, 495.8834533691406, 984.8826293945312]",1
frame_0002.png,extras,electric_utility_vehicle,golf cart,golf cart.,0.2,0.2,0,0.0,,0
frame_0002.png,extras,electric_utility_vehicle,electric cart,electric cart.,0.2,0.2,5,0.311,"[489.001708984375, 923.8485717773438, 585.1331176757812, 994.1726684570312]",1
frame_0002.png,extras,electric_utility_vehicle,small white utility vehicle,small white utility vehicle.,0.2,0.2,2,0.4885,"[255.1857452392578, 814.6631469726562, 499.0400085449219, 987.0884399414062]",1
frame_0002.png,extras,electric_utility_vehicle,white utility cart,white utility cart.,0.2,0.2,2,0.5794,"[256.84271240234375, 814.7778930664062, 496.64892578125, 987.4967041015625]",1
frame_0002.png,extras,portable_power_station,portable power station,portable power station.,0.2,0.2,3,0.3897,"[1.9279932975769043, 624.958251953125, 296.0857849121094, 987.2977294921875]",1
frame_0002.png,extras,portable_power_station,large power bank,large power bank.,0.2,0.2,4,0.5172,"[2.171248197555542, 620.7422485351562, 301.6768493652344, 986.9852294921875]",1
frame_0002.png,extras,portable_power_station,battery box,battery box.,0.2,0.2,0,0.0,,0
frame_0002.png,extras,portable_power_station,power generator box,power generator box.,0.2,0.2,0,0.0,,0
frame_0002.png,extras,portable_power_station,portable battery,portable battery.,0.2,0.2,2,0.3088,"[1.3794493675231934, 625.5796508789062, 290.86376953125, 986.7803344726562]",1
frame_0002.png,extras,portable_power_station,power station,power station.,0.2,0.2,4,0.4653,"[1.204848289489746, 624.7799682617188, 296.4017333984375, 986.4214477539062]",1
frame_0002.png,extras,portable_power_station,large battery pack,large battery pack.,0.2,0.2,2,0.5125,"[2.6977550983428955, 625.6412353515625, 292.87762451171875, 985.8502807617188]",1
frame_0002.png,extras,rectangular_table,rectangular table,rectangular table.,0.2,0.2,5,0.4278,"[818.3548583984375, 966.2142944335938, 930.0303344726562, 1006.0155639648438]",1
frame_0002.png,extras,rectangular_table,outdoor table,outdoor table.,0.2,0.2,4,0.4158,"[819.1395874023438, 966.0048217773438, 929.4588012695312, 1005.4505004882812]",1
frame_0002.png,extras,rectangular_table,long rectangular table,long rectangular table.,0.2,0.2,4,0.5267,"[6.269931793212891, 975.4083862304688, 2873.959716796875, 1849.5230712890625]",1
frame_0002.png,extras,rectangular_table,picnic table,picnic table.,0.2,0.2,4,0.4098,"[819.2044677734375, 964.3017578125, 929.5846557617188, 1005.4662475585938]",1
frame_0002.png,extras,rectangular_table,folding table,folding table.,0.2,0.2,4,0.3418,"[819.65380859375, 968.1251220703125, 928.7385864257812, 1004.5758666992188]",1
frame_0002.png,extras,rectangular_table,work table,work table.,0.2,0.2,3,0.3462,"[819.3157348632812, 964.9799194335938, 929.6812744140625, 1005.7528076171875]",1
frame_0002.png,extras,rectangular_table,outdoor wooden table,outdoor wooden table.,0.2,0.2,5,0.4411,"[817.9264526367188, 962.7349853515625, 930.9193115234375, 1006.2199096679688]",1
frame_0002.png,extras,traffic_cone,traffic cone,traffic cone.,0.2,0.2,3,0.2595,"[412.2342529296875, 925.682861328125, 438.3049621582031, 1000.7175903320312]",1
frame_0002.png,extras,traffic_cone,road cone,road cone.,0.2,0.2,3,0.2612,"[1155.63671875, 1659.013671875, 1693.321533203125, 1854.6224365234375]",1
frame_0002.png,extras,traffic_cone,safety cone,safety cone.,0.2,0.2,3,0.3086,"[1156.33349609375, 1660.2208251953125, 1693.00634765625, 1855.0089111328125]",1
frame_0002.png,extras,traffic_cone,orange cone,orange cone.,0.2,0.2,2,0.2855,"[407.18292236328125, 923.8988647460938, 441.23333740234375, 1002.9649047851562]",1
frame_0002.png,extras,traffic_cone,construction cone,construction cone.,0.2,0.2,3,0.3315,"[1155.1702880859375, 1659.13818359375, 1693.5771484375, 1854.6370849609375]",1
frame_0002.png,extras,traffic_cone,orange traffic cone,orange traffic cone.,0.2,0.2,2,0.3621,"[405.90478515625, 921.9376831054688, 442.7456359863281, 1003.711669921875]",1
frame_0002.png,extras,trolley,trolley,trolley.,0.2,0.2,6,0.3427,"[820.587646484375, 935.29736328125, 930.3041381835938, 1003.5819702148438]",1
frame_0002.png,extras,trolley,hand cart,hand cart.,0.2,0.2,0,0.0,,0
frame_0002.png,extras,trolley,hand truck,hand truck.,0.2,0.2,4,0.4626,"[1.140904426574707, 640.0842895507812, 287.544189453125, 989.8446044921875]",1
frame_0002.png,extras,trolley,luggage cart,luggage cart.,0.2,0.2,1,0.2065,"[491.7060852050781, 927.6766357421875, 583.9782104492188, 993.7406005859375]",1
frame_0002.png,extras,trolley,flatbed cart,flatbed cart.,0.2,0.2,7,0.3497,"[818.55078125, 933.7789306640625, 933.3831787109375, 1005.2750854492188]",1
frame_0002.png,extras,trolley,push cart,push cart.,0.2,0.2,4,0.3213,"[169.18809509277344, 915.38818359375, 273.7383728027344, 998.5022583007812]",1
frame_0002.png,extras,trolley,utility cart,utility cart.,0.2,0.2,6,0.3176,"[816.505859375, 899.1758422851562, 933.8673095703125, 1005.3139038085938]",1
frame_0002.png,extras,trolley,metal trolley,metal trolley.,0.2,0.2,3,0.3413,"[817.3500366210938, 901.142578125, 935.0970458984375, 1006.6121215820312]",1
frame_0003.png,production,trailer,ALL_GROUP,utility trailer. open trailer. vehicle trailer. covered trailer.,0.18,0.18,5,0.3568,"[1.7314302921295166, 625.1639404296875, 294.3424377441406, 990.5333251953125]",1
frame_0003.png,production,electric utility vehicle+electric wheelchair+electric scooter,ALL_GROUP,electric utility vehicle. small electric cart. golf cart. white utility vehicle. powered mobility scooter. motorized wheelchair. mobility chair. electric wheelchair. two-wheeled scooter. stand-up scooter. electric kick scooter. kick scooter.,0.2,0.2,6,0.3664,"[251.0602569580078, 814.4453125, 496.1304016113281, 983.6168823242188]",1
frame_0003.png,production,trolley,ALL_GROUP,trolley. hand cart. utility cart. push cart.,0.22,0.22,0,0.0,,0
frame_0003.png,production,pair of ramps+basketball,ALL_GROUP,metal ramps on ground. two metal ramps. pair of ramps. vehicle loading ramp. round orange ball. rubber ball on ground. sports ball. basketball.,0.18,0.18,16,0.4591,"[1143.9239501953125, 1647.8529052734375, 1694.7572021484375, 1851.470458984375]",1
frame_0003.png,production,portable power station+umbrella,ALL_GROUP,portable power station. large power bank. battery box. power generator box. folded umbrella. open umbrella. shade umbrella. umbrella.,0.2,0.2,0,0.0,,0
frame_0003.png,production,rectangular table,ALL_GROUP,rectangular table. outdoor table. picnic table. folding table.,0.24,0.24,0,0.0,,0
frame_0003.png,production,cardboard box,ALL_GROUP,cardboard box. brown cardboard box. shipping box.,0.26,0.26,3,0.4099,"[2534.242919921875, 986.5698852539062, 2723.322509765625, 1189.1900634765625]",1
frame_0003.png,production,chair,ALL_GROUP,chair. folding chair. outdoor chair. plastic chair.,0.3,0.3,0,0.0,,0
frame_0003.png,production,traffic cone,ALL_GROUP,traffic cone. road cone. safety cone. orange cone.,0.22,0.22,0,0.0,,0
frame_0003.png,production,prohibition sign,ALL_GROUP,red sign on ground. red circular sign. prohibition sign. red prohibition sign.,0.2,0.2,5,0.3672,"[90.71786499023438, 757.1036987304688, 264.9540100097656, 874.3912963867188]",1
frame_0003.png,extras,cardboard_box,cardboard box,cardboard box.,0.2,0.2,3,0.3905,"[2721.52587890625, 993.555908203125, 2877.38671875, 1218.8502197265625]",1
frame_0003.png,extras,cardboard_box,brown cardboard box,brown cardboard box.,0.2,0.2,3,0.4022,"[2533.23486328125, 986.0865478515625, 2723.7138671875, 1190.75732421875]",1
frame_0003.png,extras,cardboard_box,shipping box,shipping box.,0.2,0.2,3,0.4316,"[1.7014110088348389, 624.3169555664062, 293.6128845214844, 984.4146118164062]",1
frame_0003.png,extras,cardboard_box,small box,small box.,0.2,0.2,4,0.3837,"[256.2962341308594, 816.9267578125, 492.368896484375, 973.5990600585938]",1
frame_0003.png,extras,cardboard_box,package box,package box.,0.2,0.2,0,0.0,,0
frame_0003.png,extras,cardboard_box,stacked box,stacked box.,0.2,0.2,5,0.3693,"[1.7870807647705078, 623.6329345703125, 295.0097351074219, 979.5795288085938]",1
frame_0003.png,extras,cardboard_box,outdoor cardboard box,outdoor cardboard box.,0.2,0.2,5,0.3872,"[255.3477783203125, 816.4020385742188, 493.5537414550781, 977.7562866210938]",1
frame_0003.png,extras,chair,chair,chair.,0.2,0.2,3,0.311,"[822.1240844726562, 938.32373046875, 924.9580078125, 1003.3201293945312]",1
frame_0003.png,extras,chair,armless chair,armless chair.,0.2,0.2,3,0.4392,"[820.1124877929688, 929.7391357421875, 930.3369140625, 1006.8709716796875]",1
frame_0003.png,extras,chair,outdoor chair,outdoor chair.,0.2,0.2,6,0.4351,"[822.3294067382812, 932.4257202148438, 929.2150268554688, 1006.0901489257812]",1
frame_0003.png,extras,chair,plastic chair,plastic chair.,0.2,0.2,4,0.3251,"[824.7200317382812, 933.3560791015625, 927.8229370117188, 1005.7462768554688]",1
frame_0003.png,extras,chair,folding chair,folding chair.,0.2,0.2,3,0.3085,"[2256.376220703125, 1672.044189453125, 2878.614990234375, 1853.12890625]",1
frame_0003.png,extras,chair,metal chair,metal chair.,0.2,0.2,5,0.5445,"[822.1239013671875, 931.5599975585938, 930.169677734375, 1007.017333984375]",1
frame_0003.png,extras,electric_utility_vehicle,electric utility vehicle,electric utility vehicle.,0.2,0.2,6,0.4706,"[1.1376428604125977, 623.5850830078125, 296.7720947265625, 992.9296264648438]",1
frame_0003.png,extras,electric_utility_vehicle,small electric cart,small electric cart.,0.2,0.2,4,0.4236,"[162.5010986328125, 914.3470458984375, 271.81170654296875, 1004.3728637695312]",1
frame_0003.png,extras,electric_utility_vehicle,utility vehicle,utility vehicle.,0.2,0.2,8,0.4414,"[1.0128557682037354, 623.6785888671875, 297.5596618652344, 992.7609252929688]",1
frame_0003.png,extras,electric_utility_vehicle,golf cart,golf cart.,0.2,0.2,0,0.0,,0
frame_0003.png,extras,electric_utility_vehicle,electric cart,electric cart.,0.2,0.2,4,0.3222,"[165.12631225585938, 917.270751953125, 268.53466796875, 1001.9252319335938]",1
frame_0003.png,extras,electric_utility_vehicle,small white utility vehicle,small white utility vehicle.,0.2,0.2,2,0.3921,"[251.16896057128906, 815.1604614257812, 496.2216796875, 985.1823120117188]",1
frame_0003.png,extras,electric_utility_vehicle,white utility cart,white utility cart.,0.2,0.2,3,0.5327,"[252.43238830566406, 815.0426635742188, 494.30841064453125, 988.7208862304688]",1
frame_0003.png,extras,portable_power_station,portable power station,portable power station.,0.2,0.2,3,0.4035,"[1.9407176971435547, 622.0673828125, 297.9576721191406, 989.0642700195312]",1
frame_0003.png,extras,portable_power_station,large power bank,large power bank.,0.2,0.2,4,0.4993,"[2.343660593032837, 618.7444458007812, 303.95513916015625, 988.0989379882812]",1
frame_0003.png,extras,portable_power_station,battery box,battery box.,0.2,0.2,0,0.0,,0
frame_0003.png,extras,portable_power_station,power generator box,power generator box.,0.2,0.2,0,0.0,,0
frame_0003.png,extras,portable_power_station,portable battery,portable battery.,0.2,0.2,2,0.3526,"[255.35501098632812, 817.6687622070312, 492.40753173828125, 977.97509765625]",1
frame_0003.png,extras,portable_power_station,power station,power station.,0.2,0.2,5,0.4698,"[1.289370059967041, 622.894775390625, 298.7271728515625, 987.1934204101562]",1
frame_0003.png,extras,portable_power_station,large battery pack,large battery pack.,0.2,0.2,2,0.5003,"[2.7309608459472656, 622.134521484375, 294.4402770996094, 987.4661254882812]",1
frame_0003.png,extras,rectangular_table,rectangular table,rectangular table.,0.2,0.2,6,0.3313,"[256.3437805175781, 818.0289306640625, 492.4637451171875, 984.3040771484375]",1
frame_0003.png,extras,rectangular_table,outdoor table,outdoor table.,0.2,0.2,5,0.3213,"[822.8355712890625, 935.9682006835938, 927.1685791015625, 1005.1375122070312]",1
frame_0003.png,extras,rectangular_table,long rectangular table,long rectangular table.,0.2,0.2,1,0.5691,"[5.738554000854492, 978.34130859375, 2874.439453125, 1848.952880859375]",1
frame_0003.png,extras,rectangular_table,picnic table,picnic table.,0.2,0.2,2,0.3662,"[821.1244506835938, 937.9647216796875, 927.0540771484375, 1005.8150024414062]",1
frame_0003.png,extras,rectangular_table,folding table,folding table.,0.2,0.2,5,0.3083,"[256.3877258300781, 820.6163940429688, 491.646728515625, 986.4301147460938]",1
frame_0003.png,extras,rectangular_table,work table,work table.,0.2,0.2,1,0.2558,"[822.8681030273438, 936.6898193359375, 927.4423217773438, 1005.697265625]",1
frame_0003.png,extras,rectangular_table,outdoor wooden table,outdoor wooden table.,0.2,0.2,6,0.3772,"[818.3300170898438, 938.8065185546875, 929.19873046875, 1006.7969360351562]",1
frame_0003.png,extras,traffic_cone,traffic cone,traffic cone.,0.2,0.2,0,0.0,,0
frame_0003.png,extras,traffic_cone,road cone,road cone.,0.2,0.2,1,0.2097,"[400.7842102050781, 921.4210815429688, 436.9085388183594, 1002.4950561523438]",1
frame_0003.png,extras,traffic_cone,safety cone,safety cone.,0.2,0.2,1,0.2326,"[1152.132080078125, 1662.2288818359375, 1694.62890625, 1855.6304931640625]",1
frame_0003.png,extras,traffic_cone,orange cone,orange cone.,0.2,0.2,2,0.2378,"[307.76300048828125, 927.8831787109375, 342.42919921875, 1000.6358642578125]",1
frame_0003.png,extras,traffic_cone,construction cone,construction cone.,0.2,0.2,2,0.2581,"[1150.8997802734375, 1661.35986328125, 1695.2403564453125, 1854.8616943359375]",1
frame_0003.png,extras,traffic_cone,orange traffic cone,orange traffic cone.,0.2,0.2,4,0.3011,"[306.20013427734375, 925.3248291015625, 343.962646484375, 1001.84228515625]",1
frame_0003.png,extras,trolley,trolley,trolley.,0.2,0.2,6,0.4318,"[819.9781494140625, 937.6422119140625, 925.69189453125, 1004.2135620117188]",1
frame_0003.png,extras,trolley,hand cart,hand cart.,0.2,0.2,0,0.0,,0
frame_0003.png,extras,trolley,hand truck,hand truck.,0.2,0.2,6,0.4451,"[1.1284160614013672, 626.4598388671875, 295.0607604980469, 991.681396484375]",1
frame_0003.png,extras,trolley,luggage cart,luggage cart.,0.2,0.2,3,0.2447,"[820.9129638671875, 932.459228515625, 927.7347412109375, 1006.0491333007812]",1
frame_0003.png,extras,trolley,flatbed cart,flatbed cart.,0.2,0.2,4,0.4287,"[818.1901245117188, 933.893798828125, 928.7911987304688, 1005.9937133789062]",1
frame_0003.png,extras,trolley,push cart,push cart.,0.2,0.2,5,0.3347,"[820.684814453125, 933.1104125976562, 928.0318603515625, 1006.0092163085938]",1
frame_0003.png,extras,trolley,utility cart,utility cart.,0.2,0.2,4,0.3888,"[820.30224609375, 923.0050048828125, 930.035400390625, 1006.0720825195312]",1
frame_0003.png,extras,trolley,metal trolley,metal trolley.,0.2,0.2,4,0.3509,"[818.5182495117188, 903.177490234375, 931.5346069335938, 1007.69580078125]",1
frame_0004.png,production,trailer,ALL_GROUP,utility trailer. open trailer. vehicle trailer. covered trailer.,0.18,0.18,6,0.3806,"[195.87734985351562, 810.578857421875, 444.9516906738281, 993.77587890625]",1
frame_0004.png,production,electric utility vehicle+electric wheelchair+electric scooter,ALL_GROUP,electric utility vehicle. small electric cart. golf cart. white utility vehicle. powered mobility scooter. motorized wheelchair. mobility chair. electric wheelchair. two-wheeled scooter. stand-up scooter. electric kick scooter. kick scooter.,0.2,0.2,4,0.375,"[192.52488708496094, 808.6386108398438, 449.4183349609375, 994.8008422851562]",1
frame_0004.png,production,trolley,ALL_GROUP,trolley. hand cart. utility cart. push cart.,0.22,0.22,0,0.0,,0
frame_0004.png,production,pair of ramps+basketball,ALL_GROUP,metal ramps on ground. two metal ramps. pair of ramps. vehicle loading ramp. round orange ball. rubber ball on ground. sports ball. basketball.,0.18,0.18,16,0.494,"[1145.4759521484375, 1648.814453125, 1694.3507080078125, 1851.56103515625]",1
frame_0004.png,production,portable power station+umbrella,ALL_GROUP,portable power station. large power bank. battery box. power generator box. folded umbrella. open umbrella. shade umbrella. umbrella.,0.2,0.2,0,0.0,,0
frame_0004.png,production,rectangular table,ALL_GROUP,rectangular table. outdoor table. picnic table. folding table.,0.24,0.24,3,0.269,"[762.0313720703125, 973.9470825195312, 873.80712890625, 1013.2720947265625]",1
frame_0004.png,production,cardboard box,ALL_GROUP,cardboard box. brown cardboard box. shipping box.,0.26,0.26,0,0.0,,0
frame_0004.png,production,chair,ALL_GROUP,chair. folding chair. outdoor chair. plastic chair.,0.3,0.3,0,0.0,,0
frame_0004.png,production,traffic cone,ALL_GROUP,traffic cone. road cone. safety cone. orange cone.,0.22,0.22,0,0.0,,0
frame_0004.png,production,prohibition sign,ALL_GROUP,red sign on ground. red circular sign. prohibition sign. red prohibition sign.,0.2,0.2,3,0.3463,"[19.564043045043945, 750.6543579101562, 195.572265625, 869.2032470703125]",1
frame_0004.png,extras,cardboard_box,cardboard box,cardboard box.,0.2,0.2,0,0.0,,0
frame_0004.png,extras,cardboard_box,brown cardboard box,brown cardboard box.,0.2,0.2,2,0.3928,"[195.923095703125, 810.9441528320312, 445.3114929199219, 991.5253295898438]",1
frame_0004.png,extras,cardboard_box,shipping box,shipping box.,0.2,0.2,1,0.4108,"[197.0107421875, 811.98583984375, 443.661865234375, 988.4815673828125]",1
frame_0004.png,extras,cardboard_box,small box,small box.,0.2,0.2,1,0.3949,"[197.15545654296875, 810.6953125, 444.3977966308594, 989.5637817382812]",1
frame_0004.png,extras,cardboard_box,package box,package box.,0.2,0.2,0,0.0,,0
frame_0004.png,extras,cardboard_box,stacked box,stacked box.,0.2,0.2,0,0.0,,0
frame_0004.png,extras,cardboard_box,outdoor cardboard box,outdoor cardboard box.,0.2,0.2,1,0.465,"[195.5199432373047, 809.2683715820312, 445.8978576660156, 992.5765380859375]",1
frame_0004.png,extras,chair,chair,chair.,0.2,0.2,2,0.2586,"[83.097900390625, 923.3698120117188, 183.24929809570312, 1005.6629028320312]",1
frame_0004.png,extras,chair,armless chair,armless chair.,0.2,0.2,4,0.3291,"[682.3538208007812, 946.75732421875, 873.714599609375, 1015.0115356445312]",1
frame_0004.png,extras,chair,outdoor chair,outdoor chair.,0.2,0.2,4,0.3782,"[80.66294860839844, 920.5016479492188, 185.48779296875, 1008.5665283203125]",1
frame_0004.png,extras,chair,plastic chair,plastic chair.,0.2,0.2,3,0.3593,"[682.2850341796875, 950.8729248046875, 868.3802490234375, 1013.134521484375]",1
frame_0004.png,extras,chair,folding chair,folding chair.,0.2,0.2,4,0.3213,"[2278.30810546875, 1672.3419189453125, 2878.420654296875, 1853.47119140625]",1
frame_0004.png,extras,chair,metal chair,metal chair.,0.2,0.2,6,0.36,"[79.916015625, 919.3851318359375, 185.75938415527344, 1008.4954833984375]",1
frame_0004.png,extras,electric_utility_vehicle,electric utility vehicle,electric utility vehicle.,0.2,0.2,5,0.4359,"[194.63818359375, 811.3306274414062, 445.53997802734375, 993.6554565429688]",1
frame_0004.png,extras,electric_utility_vehicle,small electric cart,small electric cart.,0.2,0.2,5,0.4437,"[77.32351684570312, 917.5217895507812, 192.7731475830078, 1011.0050048828125]",1
frame_0004.png,extras,electric_utility_vehicle,utility vehicle,utility vehicle.,0.2,0.2,9,0.4066,"[80.79792022705078, 921.29931640625, 190.7725067138672, 1007.1019287109375]",1
frame_0004.png,extras,electric_utility_vehicle,golf cart,golf cart.,0.2,0.2,0,0.0,,0
frame_0004.png,extras,electric_utility_vehicle,electric cart,electric cart.,0.2,0.2,2,0.266,"[79.06959533691406, 919.7587890625, 192.7535400390625, 1008.206787109375]",1
frame_0004.png,extras,electric_utility_vehicle,small white utility vehicle,small white utility vehicle.,0.2,0.2,2,0.5058,"[191.33514404296875, 808.8643188476562, 449.5242919921875, 997.7476196289062]",1
frame_0004.png,extras,electric_utility_vehicle,white utility cart,white utility cart.,0.2,0.2,1,0.676,"[195.37765502929688, 808.8395385742188, 447.4097900390625, 1000.6038208007812]",1
frame_0004.png,extras,portable_power_station,portable power station,portable power station.,0.2,0.2,3,0.5119,"[195.61183166503906, 808.9532470703125, 445.5638427734375, 998.5554809570312]",1
frame_0004.png,extras,portable_power_station,large power bank,large power bank.,0.2,0.2,4,0.3855,"[193.67771911621094, 806.9501342773438, 448.3290100097656, 993.5509643554688]",1
frame_0004.png,extras,portable_power_station,battery box,battery box.,0.2,0.2,0,0.0,,0
frame_0004.png,extras,portable_power_station,power generator box,power generator box.,0.2,0.2,0,0.0,,0
frame_0004.png,extras,portable_power_station,portable battery,portable battery.,0.2,0.2,2,0.3807,"[196.843505859375, 811.6455078125, 444.1617431640625, 991.3414916992188]",1
frame_0004.png,extras,portable_power_station,power station,power station.,0.2,0.2,4,0.4141,"[196.65402221679688, 810.9447631835938, 444.5073547363281, 992.9259643554688]",1
frame_0004.png,extras,portable_power_station,large battery pack,large battery pack.,0.2,0.2,1,0.6069,"[195.2936553955078, 807.9586181640625, 447.10845947265625, 993.0431518554688]",1
frame_0004.png,extras,rectangular_table,rectangular table,rectangular table.,0.2,0.2,6,0.358,"[6.7545318603515625, 984.7620239257812, 2874.635498046875, 1849.6346435546875]",1
frame_0004.png,extras,rectangular_table,outdoor table,outdoor table.,0.2,0.2,6,0.3379,"[5.833740234375, 984.78564453125, 2875.194580078125, 1849.609375]",1
frame_0004.png,extras,rectangular_table,long rectangular table,long rectangular table.,0.2,0.2,1,0.6073,"[5.066843032836914, 983.2310180664062, 2874.48583984375, 1848.8905029296875]",1
frame_0004.png,extras,rectangular_table,picnic table,picnic table.,0.2,0.2,4,0.3254,"[762.5999755859375, 973.2564697265625, 872.6162109375, 1013.1976928710938]",1
frame_0004.png,extras,rectangular_table,folding table,folding table.,0.2,0.2,6,0.2883,"[762.4598999023438, 977.240966796875, 871.798583984375, 1012.4201049804688]",1
frame_0004.png,extras,rectangular_table,work table,work table.,0.2,0.2,4,0.2513,"[762.9885864257812, 974.6942138671875, 872.101318359375, 1013.2373657226562]",1
frame_0004.png,extras,rectangular_table,outdoor wooden table,outdoor wooden table.,0.2,0.2,5,0.3809,"[758.1779174804688, 969.3276977539062, 876.4879760742188, 1015.1047973632812]",1
frame_0004.png,extras,traffic_cone,traffic cone,traffic cone.,0.2,0.2,0,0.0,,0
frame_0004.png,extras,traffic_cone,road cone,road cone.,0.2,0.2,0,0.0,,0
frame_0004.png,extras,traffic_cone,safety cone,safety cone.,0.2,0.2,0,0.0,,0
frame_0004.png,extras,traffic_cone,orange cone,orange cone.,0.2,0.2,0,0.0,,0
frame_0004.png,extras,traffic_cone,construction cone,construction cone.,0.2,0.2,2,0.2194,"[1154.7274169921875, 1662.042236328125, 1695.1895751953125, 1854.6239013671875]",1
frame_0004.png,extras,traffic_cone,orange traffic cone,orange traffic cone.,0.2,0.2,2,0.3282,"[312.5470886230469, 935.0405883789062, 350.1961669921875, 1012.5888061523438]",1
frame_0004.png,extras,trolley,trolley,trolley.,0.2,0.2,5,0.3163,"[685.3511962890625, 956.4888916015625, 871.7735595703125, 1011.5950317382812]",1
frame_0004.png,extras,trolley,hand cart,hand cart.,0.2,0.2,0,0.0,,0
frame_0004.png,extras,trolley,hand truck,hand truck.,0.2,0.2,3,0.528,"[195.69371032714844, 812.3284912109375, 444.410888671875, 992.58056640625]",1
frame_0004.png,extras,trolley,luggage cart,luggage cart.,0.2,0.2,0,0.0,,0
frame_0004.png,extras,trolley,flatbed cart,flatbed cart.,0.2,0.2,5,0.3472,"[79.3475341796875, 920.3547973632812, 190.41831970214844, 1008.494384765625]",1
frame_0004.png,extras,trolley,push cart,push cart.,0.2,0.2,2,0.2589,"[80.06964874267578, 920.7779541015625, 189.34535217285156, 1007.628662109375]",1
frame_0004.png,extras,trolley,utility cart,utility cart.,0.2,0.2,4,0.267,"[196.85853576660156, 810.75439453125, 446.4494323730469, 999.8592529296875]",1
frame_0004.png,extras,trolley,metal trolley,metal trolley.,0.2,0.2,6,0.2696,"[78.34341430664062, 918.4908447265625, 193.1730194091797, 1008.7059326171875]",1
frame_0005.png,production,trailer,ALL_GROUP,utility trailer. open trailer. vehicle trailer. covered trailer.,0.18,0.18,8,0.3606,"[188.8990936279297, 809.2237548828125, 438.70068359375, 995.0062866210938]",1
frame_0005.png,production,electric utility vehicle+electric wheelchair+electric scooter,ALL_GROUP,electric utility vehicle. small electric cart. golf cart. white utility vehicle. powered mobility scooter. motorized wheelchair. mobility chair. electric wheelchair. two-wheeled scooter. stand-up scooter. electric kick scooter. kick scooter.,0.2,0.2,2,0.3741,"[186.02569580078125, 807.3759765625, 441.2634582519531, 997.6187744140625]",1
frame_0005.png,production,trolley,ALL_GROUP,trolley. hand cart. utility cart. push cart.,0.22,0.22,0,0.0,,0
frame_0005.png,production,pair of ramps+basketball,ALL_GROUP,metal ramps on ground. two metal ramps. pair of ramps. vehicle loading ramp. round orange ball. rubber ball on ground. sports ball. basketball.,0.18,0.18,15,0.4676,"[1148.8741455078125, 1648.9393310546875, 1674.16796875, 1851.60009765625]",1
frame_0005.png,production,portable power station+umbrella,ALL_GROUP,portable power station. large power bank. battery box. power generator box. folded umbrella. open umbrella. shade umbrella. umbrella.,0.2,0.2,0,0.0,,0
frame_0005.png,production,rectangular table,ALL_GROUP,rectangular table. outdoor table. picnic table. folding table.,0.24,0.24,4,0.2742,"[747.6471557617188, 973.6597290039062, 864.3951416015625, 1014.671630859375]",1
frame_0005.png,production,cardboard box,ALL_GROUP,cardboard box. brown cardboard box. shipping box.,0.26,0.26,0,0.0,,0
frame_0005.png,production,chair,ALL_GROUP,chair. folding chair. outdoor chair. plastic chair.,0.3,0.3,0,0.0,,0
frame_0005.png,production,traffic cone,ALL_GROUP,traffic cone. road cone. safety cone. orange cone.,0.22,0.22,0,0.0,,0
frame_0005.png,production,prohibition sign,ALL_GROUP,red sign on ground. red circular sign. prohibition sign. red prohibition sign.,0.2,0.2,4,0.3472,"[8.729436874389648, 748.0650024414062, 184.1309051513672, 866.697021484375]",1
frame_0005.png,extras,cardboard_box,cardboard box,cardboard box.,0.2,0.2,0,0.0,,0
frame_0005.png,extras,cardboard_box,brown cardboard box,brown cardboard box.,0.2,0.2,3,0.3897,"[190.24026489257812, 808.7957763671875, 438.488037109375, 992.01513671875]",1
frame_0005.png,extras,cardboard_box,shipping box,shipping box.,0.2,0.2,1,0.4844,"[191.15396118164062, 810.4611206054688, 436.9610290527344, 988.8258666992188]",1
frame_0005.png,extras,cardboard_box,small box,small box.,0.2,0.2,1,0.4879,"[191.3144989013672, 809.0086669921875, 437.7461242675781, 990.691162109375]",1
frame_0005.png,extras,cardboard_box,package box,package box.,0.2,0.2,0,0.0,,0
frame_0005.png,extras,cardboard_box,stacked box,stacked box.,0.2,0.2,1,0.2317,"[192.1165313720703, 810.1947631835938, 437.808349609375, 988.994384765625]",1
frame_0005.png,extras,cardboard_box,outdoor cardboard box,outdoor cardboard box.,0.2,0.2,1,0.4969,"[188.81800842285156, 807.2810668945312, 439.386962890625, 994.4539184570312]",1
frame_0005.png,extras,chair,chair,chair.,0.2,0.2,1,0.2691,"[678.7164916992188, 950.246337890625, 861.3173217773438, 1011.4234008789062]",1
frame_0005.png,extras,chair,armless chair,armless chair.,0.2,0.2,3,0.4799,"[675.5816040039062, 939.0847778320312, 865.642333984375, 1016.0674438476562]",1
frame_0005.png,extras,chair,outdoor chair,outdoor chair.,0.2,0.2,2,0.4158,"[675.822265625, 941.7225952148438, 862.9838256835938, 1014.9039306640625]",1
frame_0005.png,extras,chair,plastic chair,plastic chair.,0.2,0.2,2,0.5044,"[676.78955078125, 946.7526245117188, 855.3486328125, 1014.1038208007812]",1
frame_0005.png,extras,chair,folding chair,folding chair.,0.2,0.2,2,0.3335,"[675.3663940429688, 942.8919067382812, 863.6160888671875, 1014.3765258789062]",1
frame_0005.png,extras,chair,metal chair,metal chair.,0.2,0.2,2,0.6068,"[674.0723266601562, 942.174072265625, 863.6166381835938, 1016.1074829101562]",1
frame_0005.png,extras,electric_utility_vehicle,electric utility vehicle,electric utility vehicle.,0.2,0.2,5,0.4373,"[189.38523864746094, 809.7953491210938, 439.07659912109375, 995.0420532226562]",1
frame_0005.png,extras,electric_utility_vehicle,small electric cart,small electric cart.,0.2,0.2,5,0.5207,"[682.0671997070312, 931.8895874023438, 871.9358520507812, 1018.6549072265625]",1
frame_0005.png,extras,electric_utility_vehicle,utility vehicle,utility vehicle.,0.2,0.2,8,0.4268,"[1.213216781616211, 864.1620483398438, 187.04562377929688, 1005.082763671875]",1
frame_0005.png,extras,electric_utility_vehicle,golf cart,golf cart.,0.2,0.2,0,0.0,,0
frame_0005.png,extras,electric_utility_vehicle,electric cart,electric cart.,0.2,0.2,4,0.2443,"[680.597412109375, 931.8519897460938, 868.0528564453125, 1014.9503784179688]",1
frame_0005.png,extras,electric_utility_vehicle,small white utility vehicle,small white utility vehicle.,0.2,0.2,3,0.5337,"[186.65347290039062, 807.3016967773438, 444.41204833984375, 999.7512817382812]",1
frame_0005.png,extras,electric_utility_vehicle,white utility cart,white utility cart.,0.2,0.2,1,0.6782,"[189.66114807128906, 807.382080078125, 440.4312438964844, 1000.576416015625]",1
frame_0005.png,extras,portable_power_station,portable power station,portable power station.,0.2,0.2,3,0.5265,"[189.36404418945312, 807.2662353515625, 439.5211181640625, 1000.9343872070312]",1
frame_0005.png,extras,portable_power_station,large power bank,large power bank.,0.2,0.2,5,0.3629,"[187.18345642089844, 805.40966796875, 442.8385314941406, 994.4902954101562]",1
frame_0005.png,extras,portable_power_station,battery box,battery box.,0.2,0.2,0,0.0,,0
frame_0005.png,extras,portable_power_station,power generator box,power generator box.,0.2,0.2,0,0.0,,0
frame_0005.png,extras,portable_power_station,portable battery,portable battery.,0.2,0.2,2,0.4104,"[191.47967529296875, 809.6102905273438, 437.4078369140625, 993.18896484375]",1
frame_0005.png,extras,portable_power_station,power station,power station.,0.2,0.2,5,0.4144,"[190.38502502441406, 809.266845703125, 438.5307922363281, 996.1848754882812]",1
frame_0005.png,extras,portable_power_station,large battery pack,large battery pack.,0.2,0.2,1,0.6543,"[188.58860778808594, 805.7857666015625, 440.8417053222656, 994.236328125]",1
frame_0005.png,extras,rectangular_table,rectangular table,rectangular table.,0.2,0.2,4,0.4435,"[683.5469360351562, 952.1065063476562, 866.2413330078125, 1015.5997924804688]",1
frame_0005.png,extras,rectangular_table,outdoor table,outdoor table.,0.2,0.2,5,0.4535,"[684.6375122070312, 953.3180541992188, 864.8651123046875, 1014.6383666992188]",1
frame_0005.png,extras,rectangular_table,long rectangular table,long rectangular table.,0.2,0.2,2,0.5227,"[4.837675094604492, 983.3381958007812, 2874.6123046875, 1849.114501953125]",1
frame_0005.png,extras,rectangular_table,picnic table,picnic table.,0.2,0.2,4,0.4179,"[684.3064575195312, 951.720458984375, 865.227783203125, 1014.51025390625]",1
frame_0005.png,extras,rectangular_table,folding table,folding table.,0.2,0.2,3,0.4347,"[683.6177368164062, 953.7955322265625, 864.6766967773438, 1013.6012573242188]",1
frame_0005.png,extras,rectangular_table,work table,work table.,0.2,0.2,2,0.4219,"[684.3333740234375, 951.267822265625, 865.337646484375, 1015.3256225585938]",1
frame_0005.png,extras,rectangular_table,outdoor wooden table,outdoor wooden table.,0.2,0.2,4,0.4595,"[746.8214111328125, 972.2606201171875, 867.4833984375, 1015.4647827148438]",1
frame_0005.png,extras,traffic_cone,traffic cone,traffic cone.,0.2,0.2,0,0.0,,0
frame_0005.png,extras,traffic_cone,road cone,road cone.,0.2,0.2,0,0.0,,0
frame_0005.png,extras,traffic_cone,safety cone,safety cone.,0.2,0.2,1,0.2044,"[1159.795166015625, 1662.8951416015625, 1679.3604736328125, 1854.608154296875]",1
frame_0005.png,extras,traffic_cone,orange cone,orange cone.,0.2,0.2,0,0.0,,0
frame_0005.png,extras,traffic_cone,construction cone,construction cone.,0.2,0.2,2,0.2287,"[1159.06201171875, 1662.0322265625, 1680.6885986328125, 1854.5723876953125]",1
frame_0005.png,extras,traffic_cone,orange traffic cone,orange traffic cone.,0.2,0.2,3,0.2928,"[194.92913818359375, 895.08642578125, 244.07827758789062, 1006.0073852539062]",1
frame_0005.png,extras,trolley,trolley,trolley.,0.2,0.2,3,0.5022,"[675.8859252929688, 943.1408081054688, 865.1223754882812, 1012.0578002929688]",1
frame_0005.png,extras,trolley,hand cart,hand cart.,0.2,0.2,0,0.0,,0
frame_0005.png,extras,trolley,hand truck,hand truck.,0.2,0.2,5,0.4946,"[190.45651245117188, 810.4987182617188, 438.9394226074219, 995.1766357421875]",1
frame_0005.png,extras,trolley,luggage cart,luggage cart.,0.2,0.2,1,0.2097,"[679.5740356445312, 935.3802490234375, 865.2644653320312, 1014.5655517578125]",1
frame_0005.png,extras,trolley,flatbed cart,flatbed cart.,0.2,0.2,2,0.5352,"[679.0003662109375, 944.46728515625, 865.9734497070312, 1014.4385986328125]",1
frame_0005.png,extras,trolley,push cart,push cart.,0.2,0.2,4,0.259,"[680.518310546875, 937.752197265625, 865.3224487304688, 1014.072509765625]",1
frame_0005.png,extras,trolley,utility cart,utility cart.,0.2,0.2,6,0.3146,"[3.4254062175750732, 862.8837890625, 187.47409057617188, 1005.48828125]",1
frame_0005.png,extras,trolley,metal trolley,metal trolley.,0.2,0.2,1,0.5678,"[674.357177734375, 936.5162963867188, 868.7633056640625, 1016.0623168945312]",1
frame_0006.png,production,trailer,ALL_GROUP,utility trailer. open trailer. vehicle trailer. covered trailer.,0.18,0.18,5,0.4158,"[1.5259838104248047, 607.5963134765625, 281.3959045410156, 990.3202514648438]",1
frame_0006.png,production,electric utility vehicle+electric wheelchair+electric scooter,ALL_GROUP,electric utility vehicle. small electric cart. golf cart. white utility vehicle. powered mobility scooter. motorized wheelchair. mobility chair. electric wheelchair. two-wheeled scooter. stand-up scooter. electric kick scooter. kick scooter.,0.2,0.2,3,0.4343,"[267.8126525878906, 804.494384765625, 519.408935546875, 994.7943725585938]",1
frame_0006.png,production,trolley,ALL_GROUP,trolley. hand cart. utility cart. push cart.,0.22,0.22,0,0.0,,0
frame_0006.png,production,pair of ramps+basketball,ALL_GROUP,metal ramps on ground. two metal ramps. pair of ramps. vehicle loading ramp. round orange ball. rubber ball on ground. sports ball. basketball.,0.18,0.18,17,0.4391,"[265.37176513671875, 801.647705078125, 521.4371337890625, 997.6375122070312]",1
frame_0006.png,production,portable power station+umbrella,ALL_GROUP,portable power station. large power bank. battery box. power generator box. folded umbrella. open umbrella. shade umbrella. umbrella.,0.2,0.2,0,0.0,,0
frame_0006.png,production,rectangular table,ALL_GROUP,rectangular table. outdoor table. picnic table. folding table.,0.24,0.24,2,0.2694,"[287.1832275390625, 924.8523559570312, 373.4761047363281, 998.1387329101562]",1
frame_0006.png,production,cardboard box,ALL_GROUP,cardboard box. brown cardboard box. shipping box.,0.26,0.26,2,0.2945,"[1.9444084167480469, 606.4971313476562, 282.0374450683594, 980.8960571289062]",1
frame_0006.png,production,chair,ALL_GROUP,chair. folding chair. outdoor chair. plastic chair.,0.3,0.3,0,0.0,,0
frame_0006.png,production,traffic cone,ALL_GROUP,traffic cone. road cone. safety cone. orange cone.,0.22,0.22,0,0.0,,0
frame_0006.png,production,prohibition sign,ALL_GROUP,red sign on ground. red circular sign. prohibition sign. red prohibition sign.,0.2,0.2,4,0.3371,"[77.36607360839844, 750.7877197265625, 259.95904541015625, 865.00390625]",1
frame_0006.png,extras,cardboard_box,cardboard box,cardboard box.,0.2,0.2,2,0.2193,"[272.6568603515625, 806.908935546875, 514.648681640625, 988.097412109375]",1
frame_0006.png,extras,cardboard_box,brown cardboard box,brown cardboard box.,0.2,0.2,3,0.4893,"[2.7693915367126465, 604.7864379882812, 283.39208984375, 980.5394287109375]",1
frame_0006.png,extras,cardboard_box,shipping box,shipping box.,0.2,0.2,2,0.4986,"[272.5660400390625, 807.4848022460938, 514.7134399414062, 988.26171875]",1
frame_0006.png,extras,cardboard_box,small box,small box.,0.2,0.2,3,0.4013,"[272.27081298828125, 805.3732299804688, 515.6559448242188, 991.5131225585938]",1
frame_0006.png,extras,cardboard_box,package box,package box.,0.2,0.2,1,0.2174,"[1.7581236362457275, 607.5845336914062, 279.7560729980469, 983.791748046875]",1
frame_0006.png,extras,cardboard_box,stacked box,stacked box.,0.2,0.2,2,0.4377,"[1.4220964908599854, 606.4547729492188, 280.6167297363281, 982.6192626953125]",1
frame_0006.png,extras,cardboard_box,outdoor cardboard box,outdoor cardboard box.,0.2,0.2,2,0.4395,"[271.2094421386719, 804.086181640625, 516.8635864257812, 992.69873046875]",1
frame_0006.png,extras,chair,chair,chair.,0.2,0.2,2,0.2261,"[750.4342651367188, 953.479248046875, 861.5159912109375, 1010.396484375]",1
frame_0006.png,extras,chair,armless chair,armless chair.,0.2,0.2,3,0.404,"[743.5857543945312, 944.7188110351562, 915.5562744140625, 1014.6642456054688]",1
frame_0006.png,extras,chair,outdoor chair,outdoor chair.,0.2,0.2,3,0.3098,"[746.6629028320312, 949.5687255859375, 866.4955444335938, 1012.31298828125]",1
frame_0006.png,extras,chair,plastic chair,plastic chair.,0.2,0.2,3,0.3635,"[746.655517578125, 949.1599731445312, 867.9507446289062, 1011.882080078125]",1
frame_0006.png,extras,chair,folding chair,folding chair.,0.2,0.2,3,0.3088,"[745.3148193359375, 946.17626953125, 915.8025512695312, 1013.53271484375]",1
frame_0006.png,extras,chair,metal chair,metal chair.,0.2,0.2,3,0.5146,"[742.03857421875, 944.0695190429688, 906.322265625, 1014.2472534179688]",1
frame_0006.png,extras,electric_utility_vehicle,electric utility vehicle,electric utility vehicle.,0.2,0.2,5,0.531,"[270.2307434082031, 807.063232421875, 515.3279418945312, 992.60595703125]",1
frame_0006.png,extras,electric_utility_vehicle,small electric cart,small electric cart.,0.2,0.2,4,0.5113,"[780.4668579101562, 928.7044677734375, 928.9100341796875, 1017.71875]",1
frame_0006.png,extras,electric_utility_vehicle,utility vehicle,utility vehicle.,0.2,0.2,7,0.5424,"[270.8315124511719, 806.8931274414062, 515.1442260742188, 992.1559448242188]",1
frame_0006.png,extras,electric_utility_vehicle,golf cart,golf cart.,0.2,0.2,0,0.0,,0
frame_0006.png,extras,electric_utility_vehicle,electric cart,electric cart.,0.2,0.2,3,0.2665,"[784.5150756835938, 930.3804931640625, 925.6978149414062, 1014.0526733398438]",1
frame_0006.png,extras,electric_utility_vehicle,small white utility vehicle,small white utility vehicle.,0.2,0.2,1,0.7171,"[269.3948059082031, 804.3734741210938, 519.0809936523438, 996.3136596679688]",1
frame_0006.png,extras,electric_utility_vehicle,white utility cart,white utility cart.,0.2,0.2,1,0.7712,"[271.0352478027344, 804.9332275390625, 517.16162109375, 996.4942016601562]",1
frame_0006.png,extras,portable_power_station,portable power station,portable power station.,0.2,0.2,2,0.5453,"[1.877964735031128, 604.7150268554688, 283.6799011230469, 989.4598388671875]",1
frame_0006.png,extras,portable_power_station,large power bank,large power bank.,0.2,0.2,2,0.5902,"[2.2844159603118896, 600.6727294921875, 287.9148254394531, 990.2984008789062]",1
frame_0006.png,extras,portable_power_station,battery box,battery box.,0.2,0.2,0,0.0,,0
frame_0006.png,extras,portable_power_station,power generator box,power generator box.,0.2,0.2,2,0.2402,"[1.9993078708648682, 606.3132934570312, 280.1665954589844, 988.9855346679688]",1
frame_0006.png,extras,portable_power_station,portable battery,portable battery.,0.2,0.2,3,0.4409,"[1.2841343879699707, 606.3627319335938, 281.1373596191406, 988.2493896484375]",1
frame_0006.png,extras,portable_power_station,power station,power station.,0.2,0.2,3,0.528,"[1.2742316722869873, 606.1886596679688, 282.6321716308594, 988.5025024414062]",1
frame_0006.png,extras,portable_power_station,large battery pack,large battery pack.,0.2,0.2,2,0.6431,"[2.463330030441284, 603.5120849609375, 283.8702392578125, 988.4822998046875]",1
frame_0006.png,extras,rectangular_table,rectangular table,rectangular table.,0.2,0.2,6,0.3186,"[288.2604675292969, 925.2465209960938, 375.4753723144531, 999.2875366210938]",1
frame_0006.png,extras,rectangular_table,outdoor table,outdoor table.,0.2,0.2,5,0.372,"[581.5537719726562, 935.1747436523438, 684.04443359375, 992.0220947265625]",1
frame_0006.png,extras,rectangular_table,long rectangular table,long rectangular table.,0.2,0.2,4,0.5635,"[4.854755401611328, 978.7924194335938, 2875.2900390625, 1848.968994140625]",1
frame_0006.png,extras,rectangular_table,picnic table,picnic table.,0.2,0.2,4,0.3039,"[583.52197265625, 935.2520751953125, 681.3377685546875, 992.409912109375]",1
frame_0006.png,extras,rectangular_table,folding table,folding table.,0.2,0.2,5,0.2969,"[289.67254638671875, 926.5078125, 373.67816162109375, 998.5439453125]",1
frame_0006.png,extras,rectangular_table,work table,work table.,0.2,0.2,3,0.2983,"[582.6715087890625, 933.90576171875, 682.1039428710938, 992.491943359375]",1
frame_0006.png,extras,rectangular_table,outdoor wooden table,outdoor wooden table.,0.2,0.2,5,0.3875,"[580.9622802734375, 933.048583984375, 686.8281860351562, 993.0303344726562]",1
frame_0006.png,extras,traffic_cone,traffic cone,traffic cone.,0.2,0.2,4,0.3467,"[345.5945129394531, 929.7088623046875, 374.4450378417969, 1008.0336303710938]",1
frame_0006.png,extras,traffic_cone,road cone,road cone.,0.2,0.2,3,0.3197,"[341.6392822265625, 927.32421875, 379.7275085449219, 1009.5386962890625]",1
frame_0006.png,extras,traffic_cone,safety cone,safety cone.,0.2,0.2,2,0.2652,"[343.4299011230469, 928.6959838867188, 376.6307678222656, 1008.941162109375]",1
frame_0006.png,extras,traffic_cone,orange cone,orange cone.,0.2,0.2,4,0.3431,"[342.6726379394531, 928.4080810546875, 378.2288818359375, 1008.9381713867188]",1
frame_0006.png,extras,traffic_cone,construction cone,construction cone.,0.2,0.2,4,0.2589,"[340.9412841796875, 927.62548828125, 381.0809631347656, 1009.6602172851562]",1
frame_0006.png,extras,traffic_cone,orange traffic cone,orange traffic cone.,0.2,0.2,4,0.3848,"[340.923828125, 926.4140625, 381.0027160644531, 1009.4284057617188]",1
frame_0006.png,extras,trolley,trolley,trolley.,0.2,0.2,4,0.4472,"[747.9741821289062, 942.29443359375, 918.2711791992188, 1011.70703125]",1
frame_0006.png,extras,trolley,hand cart,hand cart.,0.2,0.2,0,0.0,,0
frame_0006.png,extras,trolley,hand truck,hand truck.,0.2,0.2,3,0.548,"[271.772216796875, 808.1285400390625, 514.6668090820312, 993.2847290039062]",1
frame_0006.png,extras,trolley,luggage cart,luggage cart.,0.2,0.2,1,0.2106,"[752.7857055664062, 939.4666137695312, 921.4429931640625, 1013.1087036132812]",1
frame_0006.png,extras,trolley,flatbed cart,flatbed cart.,0.2,0.2,3,0.4933,"[750.815185546875, 946.1251220703125, 921.5480346679688, 1014.5450439453125]",1
frame_0006.png,extras,trolley,push cart,push cart.,0.2,0.2,3,0.2722,"[504.9760437011719, 923.0972290039062, 633.0662841796875, 995.7268676757812]",1
frame_0006.png,extras,trolley,utility cart,utility cart.,0.2,0.2,4,0.3391,"[271.03179931640625, 806.419189453125, 516.0003051757812, 996.17822265625]",1
frame_0006.png,extras,trolley,metal trolley,metal trolley.,0.2,0.2,5,0.3652,"[752.7574462890625, 791.181396484375, 926.7724609375, 1015.0220947265625]",1
frame_0007.png,production,trailer,ALL_GROUP,utility trailer. open trailer. vehicle trailer. covered trailer.,0.18,0.18,6,0.4111,"[1.6637420654296875, 593.4774780273438, 267.8334045410156, 991.3076171875]",1
frame_0007.png,production,electric utility vehicle+electric wheelchair+electric scooter,ALL_GROUP,electric utility vehicle. small electric cart. golf cart. white utility vehicle. powered mobility scooter. motorized wheelchair. mobility chair. electric wheelchair. two-wheeled scooter. stand-up scooter. electric kick scooter. kick scooter.,0.2,0.2,2,0.3887,"[248.870849609375, 797.4869384765625, 502.4455871582031, 990.0325317382812]",1
frame_0007.png,production,trolley,ALL_GROUP,trolley. hand cart. utility cart. push cart.,0.22,0.22,0,0.0,,0
frame_0007.png,production,pair of ramps+basketball,ALL_GROUP,metal ramps on ground. two metal ramps. pair of ramps. vehicle loading ramp. round orange ball. rubber ball on ground. sports ball. basketball.,0.18,0.18,16,0.4262,"[244.3935546875, 794.1304321289062, 504.61602783203125, 996.0789794921875]",1
frame_0007.png,production,portable power station+umbrella,ALL_GROUP,portable power station. large power bank. battery box. power generator box. folded umbrella. open umbrella. shade umbrella. umbrella.,0.2,0.2,0,0.0,,0
frame_0007.png,production,rectangular table,ALL_GROUP,rectangular table. outdoor table. picnic table. folding table.,0.24,0.24,1,0.29,"[558.0350341796875, 937.3734130859375, 713.8638916015625, 990.8218994140625]",1
frame_0007.png,production,cardboard box,ALL_GROUP,cardboard box. brown cardboard box. shipping box.,0.26,0.26,0,0.0,,0
frame_0007.png,production,chair,ALL_GROUP,chair. folding chair. outdoor chair. plastic chair.,0.3,0.3,0,0.0,,0
frame_0007.png,production,traffic cone,ALL_GROUP,traffic cone. road cone. safety cone. orange cone.,0.22,0.22,0,0.0,,0
frame_0007.png,production,prohibition sign,ALL_GROUP,red sign on ground. red circular sign. prohibition sign. red prohibition sign.,0.2,0.2,4,0.3742,"[46.47483825683594, 739.8479614257812, 235.27491760253906, 860.6031494140625]",1
frame_0007.png,extras,cardboard_box,cardboard box,cardboard box.,0.2,0.2,2,0.2706,"[297.1821594238281, 970.9613647460938, 354.70001220703125, 1011.2848510742188]",1
frame_0007.png,extras,cardboard_box,brown cardboard box,brown cardboard box.,0.2,0.2,3,0.4007,"[295.628173828125, 969.8607177734375, 356.07757568359375, 1012.7739868164062]",1
frame_0007.png,extras,cardboard_box,shipping box,shipping box.,0.2,0.2,2,0.4716,"[254.57901000976562, 800.069091796875, 498.20538330078125, 983.4854125976562]",1
frame_0007.png,extras,cardboard_box,small box,small box.,0.2,0.2,2,0.4077,"[296.546630859375, 971.1651611328125, 355.4990539550781, 1011.9522705078125]",1
frame_0007.png,extras,cardboard_box,package box,package box.,0.2,0.2,0,0.0,,0
frame_0007.png,extras,cardboard_box,stacked box,stacked box.,0.2,0.2,2,0.3294,"[1.6603302955627441, 592.1787109375, 269.4523010253906, 978.1006469726562]",1
frame_0007.png,extras,cardboard_box,outdoor cardboard box,outdoor cardboard box.,0.2,0.2,2,0.4041,"[251.92491149902344, 797.6951904296875, 500.3440856933594, 989.0538330078125]",1
frame_0007.png,extras,chair,chair,chair.,0.2,0.2,1,0.2605,"[728.0507202148438, 944.470947265625, 900.4379272460938, 1010.2996826171875]",1
frame_0007.png,extras,chair,armless chair,armless chair.,0.2,0.2,2,0.4055,"[726.0008544921875, 940.2203979492188, 902.7159423828125, 1014.73583984375]",1
frame_0007.png,extras,chair,outdoor chair,outdoor chair.,0.2,0.2,2,0.3663,"[728.7640991210938, 946.434326171875, 841.6635131835938, 1011.2225341796875]",1
frame_0007.png,extras,chair,plastic chair,plastic chair.,0.2,0.2,2,0.3275,"[730.3060913085938, 945.863037109375, 843.0274047851562, 1010.971435546875]",1
frame_0007.png,extras,chair,folding chair,folding chair.,0.2,0.2,3,0.3139,"[729.057861328125, 940.838134765625, 900.8984985351562, 1012.9879760742188]",1
frame_0007.png,extras,chair,metal chair,metal chair.,0.2,0.2,3,0.4679,"[729.7208251953125, 940.6825561523438, 902.57080078125, 1014.6849365234375]",1
frame_0007.png,extras,electric_utility_vehicle,electric utility vehicle,electric utility vehicle.,0.2,0.2,4,0.4902,"[253.0308837890625, 799.9444580078125, 499.70123291015625, 988.2654418945312]",1
frame_0007.png,extras,electric_utility_vehicle,small electric cart,small electric cart.,0.2,0.2,4,0.5156,"[745.8248901367188, 925.2703857421875, 909.7699584960938, 1017.258544921875]",1
frame_0007.png,extras,electric_utility_vehicle,utility vehicle,utility vehicle.,0.2,0.2,5,0.4591,"[253.8242645263672, 800.2293701171875, 499.5167541503906, 988.23876953125]",1
frame_0007.png,extras,electric_utility_vehicle,golf cart,golf cart.,0.2,0.2,0,0.0,,0
frame_0007.png,extras,electric_utility_vehicle,electric cart,electric cart.,0.2,0.2,2,0.2065,"[743.8060913085938, 926.4523315429688, 905.478515625, 1013.2130126953125]",1
frame_0007.png,extras,electric_utility_vehicle,small white utility vehicle,small white utility vehicle.,0.2,0.2,2,0.5809,"[247.91807556152344, 796.7372436523438, 502.6629638671875, 991.5480346679688]",1
frame_0007.png,extras,electric_utility_vehicle,white utility cart,white utility cart.,0.2,0.2,1,0.7847,"[249.0498046875, 797.5001220703125, 501.2174377441406, 994.6266479492188]",1
frame_0007.png,extras,portable_power_station,portable power station,portable power station.,0.2,0.2,2,0.4667,"[249.6125946044922, 797.3839111328125, 501.23675537109375, 995.0545043945312]",1
frame_0007.png,extras,portable_power_station,large power bank,large power bank.,0.2,0.2,3,0.53,"[2.549471855163574, 587.033447265625, 276.99847412109375, 989.303955078125]",1
frame_0007.png,extras,portable_power_station,battery box,battery box.,0.2,0.2,0,0.0,,0
frame_0007.png,extras,portable_power_station,power generator box,power generator box.,0.2,0.2,0,0.0,,0
frame_0007.png,extras,portable_power_station,portable battery,portable battery.,0.2,0.2,4,0.3603,"[253.84422302246094, 799.5277709960938, 498.76165771484375, 987.0101318359375]",1
frame_0007.png,extras,portable_power_station,power station,power station.,0.2,0.2,3,0.4767,"[1.459110975265503, 591.29833984375, 270.3023681640625, 989.743408203125]",1
frame_0007.png,extras,portable_power_station,large battery pack,large battery pack.,0.2,0.2,2,0.5212,"[252.40972900390625, 795.0016479492188, 501.799560546875, 988.7357788085938]",1
frame_0007.png,extras,rectangular_table,rectangular table,rectangular table.,0.2,0.2,5,0.3688,"[759.5484008789062, 966.8493041992188, 901.4453735351562, 1013.9694213867188]",1
frame_0007.png,extras,rectangular_table,outdoor table,outdoor table.,0.2,0.2,5,0.4039,"[556.4793701171875, 936.1923217773438, 713.0930786132812, 991.7295532226562]",1
frame_0007.png,extras,rectangular_table,long rectangular table,long rectangular table.,0.2,0.2,2,0.562,"[4.944276809692383, 977.7818603515625, 2875.357666015625, 1848.73779296875]",1
frame_0007.png,extras,rectangular_table,picnic table,picnic table.,0.2,0.2,3,0.3624,"[561.4138793945312, 939.197998046875, 696.0697021484375, 990.5371704101562]",1
frame_0007.png,extras,rectangular_table,folding table,folding table.,0.2,0.2,5,0.3471,"[562.4269409179688, 937.5062866210938, 710.6142578125, 990.872314453125]",1
frame_0007.png,extras,rectangular_table,work table,work table.,0.2,0.2,3,0.3364,"[562.321533203125, 935.0813598632812, 708.00732421875, 991.4739990234375]",1
frame_0007.png,extras,rectangular_table,outdoor wooden table,outdoor wooden table.,0.2,0.2,3,0.4241,"[550.2689819335938, 934.1296997070312, 715.6273193359375, 992.5103759765625]",1
frame_0007.png,extras,traffic_cone,traffic cone,traffic cone.,0.2,0.2,0,0.0,,0
frame_0007.png,extras,traffic_cone,road cone,road cone.,0.2,0.2,1,0.2638,"[293.3803405761719, 918.35595703125, 355.3270263671875, 1011.2177734375]",1
frame_0007.png,extras,traffic_cone,safety cone,safety cone.,0.2,0.2,0,0.0,,0
frame_0007.png,extras,traffic_cone,orange cone,orange cone.,0.2,0.2,0,0.0,,0
frame_0007.png,extras,traffic_cone,construction cone,construction cone.,0.2,0.2,3,0.2232,"[297.098388671875, 968.4161376953125, 354.60595703125, 1011.08642578125]",1
frame_0007.png,extras,traffic_cone,orange traffic cone,orange traffic cone.,0.2,0.2,0,0.0,,0
frame_0007.png,extras,trolley,trolley,trolley.,0.2,0.2,4,0.3243,"[730.0005493164062, 937.3361206054688, 903.4577026367188, 1011.1629028320312]",1
frame_0007.png,extras,trolley,hand cart,hand cart.,0.2,0.2,0,0.0,,0
frame_0007.png,extras,trolley,hand truck,hand truck.,0.2,0.2,3,0.5079,"[254.09828186035156, 800.9801635742188, 498.2563781738281, 990.6423950195312]",1
frame_0007.png,extras,trolley,luggage cart,luggage cart.,0.2,0.2,0,0.0,,0
frame_0007.png,extras,trolley,flatbed cart,flatbed cart.,0.2,0.2,3,0.504,"[732.7780151367188, 939.9053955078125, 904.8768310546875, 1013.6472778320312]",1
frame_0007.png,extras,trolley,push cart,push cart.,0.2,0.2,1,0.2163,"[738.0553588867188, 933.11572265625, 903.9257202148438, 1012.627197265625]",1
frame_0007.png,extras,trolley,utility cart,utility cart.,0.2,0.2,3,0.3515,"[252.36981201171875, 799.8787231445312, 500.5732116699219, 993.9688720703125]",1
frame_0007.png,extras,trolley,metal trolley,metal trolley.,0.2,0.2,2,0.3735,"[732.9176635742188, 931.9713745117188, 907.1294555664062, 1015.1615600585938]",1
frame_0008.png,production,trailer,ALL_GROUP,utility trailer. open trailer. vehicle trailer. covered trailer.,0.18,0.18,5,0.3985,"[1.5152549743652344, 596.9116821289062, 275.38153076171875, 990.1815185546875]",1
frame_0008.png,production,electric utility vehicle+electric wheelchair+electric scooter,ALL_GROUP,electric utility vehicle. small electric cart. golf cart. white utility vehicle. powered mobility scooter. motorized wheelchair. mobility chair. electric wheelchair. two-wheeled scooter. stand-up scooter. electric kick scooter. kick scooter.,0.2,0.2,3,0.4072,"[270.0956726074219, 795.3499755859375, 515.50244140625, 989.42919921875]",1
frame_0008.png,production,trolley,ALL_GROUP,trolley. hand cart. utility cart. push cart.,0.22,0.22,0,0.0,,0
frame_0008.png,production,pair of ramps+basketball,ALL_GROUP,metal ramps on ground. two metal ramps. pair of ramps. vehicle loading ramp. round orange ball. rubber ball on ground. sports ball. basketball.,0.18,0.18,17,0.3871,"[268.3104248046875, 792.7468872070312, 518.2339477539062, 991.7562866210938]",1
frame_0008.png,production,portable power station+umbrella,ALL_GROUP,portable power station. large power bank. battery box. power generator box. folded umbrella. open umbrella. shade umbrella. umbrella.,0.2,0.2,0,0.0,,0
frame_0008.png,production,rectangular table,ALL_GROUP,rectangular table. outdoor table. picnic table. folding table.,0.24,0.24,2,0.2892,"[757.640625, 962.4933471679688, 900.1121826171875, 1015.31787109375]",1
frame_0008.png,production,cardboard box,ALL_GROUP,cardboard box. brown cardboard box. shipping box.,0.26,0.26,1,0.3033,"[1.8823742866516113, 594.8926391601562, 275.7222595214844, 977.2816772460938]",1
frame_0008.png,production,chair,ALL_GROUP,chair. folding chair. outdoor chair. plastic chair.,0.3,0.3,1,0.3042,"[739.156005859375, 940.5555419921875, 898.7763671875, 1015.135498046875]",1
frame_0008.png,production,traffic cone,ALL_GROUP,traffic cone. road cone. safety cone. orange cone.,0.22,0.22,0,0.0,,0
frame_0008.png,production,prohibition sign,ALL_GROUP,red sign on ground. red circular sign. prohibition sign. red prohibition sign.,0.2,0.2,4,0.3716,"[60.49769592285156, 741.1111450195312, 252.30810546875, 859.190673828125]",1
frame_0008.png,extras,cardboard_box,cardboard box,cardboard box.,0.2,0.2,1,0.3149,"[303.6401672363281, 969.554931640625, 358.9227600097656, 1011.5079345703125]",1
frame_0008.png,extras,cardboard_box,brown cardboard box,brown cardboard box.,0.2,0.2,4,0.3927,"[301.7338562011719, 968.1973266601562, 359.94561767578125, 1012.364013671875]",1
frame_0008.png,extras,cardboard_box,shipping box,shipping box.,0.2,0.2,2,0.5212,"[272.894775390625, 798.294189453125, 512.860107421875, 983.1736450195312]",1
frame_0008.png,extras,cardboard_box,small box,small box.,0.2,0.2,3,0.4265,"[302.9281921386719, 968.0778198242188, 359.68475341796875, 1012.3063354492188]",1
frame_0008.png,extras,cardboard_box,package box,package box.,0.2,0.2,1,0.2099,"[1.781855821609497, 596.0611572265625, 272.9828796386719, 979.8781127929688]",1
frame_0008.png,extras,cardboard_box,stacked box,stacked box.,0.2,0.2,2,0.4572,"[1.377732753753662, 594.88818359375, 273.1095275878906, 975.6049194335938]",1
frame_0008.png,extras,cardboard_box,outdoor cardboard box,outdoor cardboard box.,0.2,0.2,3,0.3591,"[271.48870849609375, 795.6234741210938, 514.4863891601562, 982.6338500976562]",1
frame_0008.png,extras,chair,chair,chair.,0.2,0.2,3,0.3567,"[739.646240234375, 945.0078735351562, 896.482421875, 1011.75634765625]",1
frame_0008.png,extras,chair,armless chair,armless chair.,0.2,0.2,2,0.4718,"[738.6480102539062, 939.8942260742188, 900.7026977539062, 1016.1504516601562]",1
frame_0008.png,extras,chair,outdoor chair,outdoor chair.,0.2,0.2,4,0.4674,"[740.3834228515625, 940.7113037109375, 899.4597778320312, 1015.3427124023438]",1
frame_0008.png,extras,chair,plastic chair,plastic chair.,0.2,0.2,3,0.5351,"[741.7278442382812, 941.0678100585938, 898.5848388671875, 1014.7227783203125]",1
frame_0008.png,extras,chair,folding chair,folding chair.,0.2,0.2,3,0.3813,"[738.6948852539062, 941.7748413085938, 900.9033813476562, 1015.1350708007812]",1
frame_0008.png,extras,chair,metal chair,metal chair.,0.2,0.2,4,0.5703,"[738.6593627929688, 938.4119873046875, 901.1903686523438, 1016.3899536132812]",1
frame_0008.png,extras,electric_utility_vehicle,electric utility vehicle,electric utility vehicle.,0.2,0.2,4,0.5077,"[271.5800476074219, 798.178466796875, 513.1035766601562, 989.5025024414062]",1
frame_0008.png,extras,electric_utility_vehicle,small electric cart,small electric cart.,0.2,0.2,3,0.5381,"[749.7315063476562, 942.5828247070312, 908.7776489257812, 1019.1893920898438]",1
frame_0008.png,extras,electric_utility_vehicle,utility vehicle,utility vehicle.,0.2,0.2,6,0.4657,"[272.17950439453125, 798.3720092773438, 512.5675659179688, 989.4154663085938]",1
frame_0008.png,extras,electric_utility_vehicle,golf cart,golf cart.,0.2,0.2,0,0.0,,0
frame_0008.png,extras,electric_utility_vehicle,electric cart,electric cart.,0.2,0.2,2,0.2342,"[749.0487670898438, 932.4800415039062, 907.113037109375, 1015.1726684570312]",1
frame_0008.png,extras,electric_utility_vehicle,small white utility vehicle,small white utility vehicle.,0.2,0.2,1,0.5958,"[269.2901916503906, 794.9015502929688, 516.4359741210938, 991.6536865234375]",1
frame_0008.png,extras,electric_utility_vehicle,white utility cart,white utility cart.,0.2,0.2,1,0.7037,"[269.8283386230469, 796.0753784179688, 513.9976806640625, 991.0481567382812]",1
frame_0008.png,extras,portable_power_station,portable power station,portable power station.,0.2,0.2,2,0.5587,"[1.8964934349060059, 593.80517578125, 277.3682556152344, 989.8843994140625]",1
frame_0008.png,extras,portable_power_station,large power bank,large power bank.,0.2,0.2,3,0.5829,"[2.296743392944336, 590.6337280273438, 282.6291809082031, 988.9081420898438]",1
frame_0008.png,extras,portable_power_station,battery box,battery box.,0.2,0.2,0,0.0,,0
frame_0008.png,extras,portable_power_station,power generator box,power generator box.,0.2,0.2,1,0.239,"[2.248549461364746, 595.5557250976562, 273.5686950683594, 989.6334228515625]",1
frame_0008.png,extras,portable_power_station,portable battery,portable battery.,0.2,0.2,2,0.4192,"[1.6505885124206543, 595.46826171875, 274.6925048828125, 987.7658081054688]",1
frame_0008.png,extras,portable_power_station,power station,power station.,0.2,0.2,3,0.5302,"[1.4029240608215332, 595.1196899414062, 275.9488525390625, 988.6611328125]",1
frame_0008.png,extras,portable_power_station,large battery pack,large battery pack.,0.2,0.2,2,0.6692,"[2.4719560146331787, 592.3535766601562, 279.51458740234375, 986.6411743164062]",1
frame_0008.png,extras,rectangular_table,rectangular table,rectangular table.,0.2,0.2,5,0.418,"[756.291015625, 964.3209228515625, 901.836181640625, 1015.19384765625]",1
frame_0008.png,extras,rectangular_table,outdoor table,outdoor table.,0.2,0.2,5,0.4151,"[756.8682861328125, 964.4285888671875, 899.9884033203125, 1014.5130004882812]",1
frame_0008.png,extras,rectangular_table,long rectangular table,long rectangular table.,0.2,0.2,3,0.5448,"[5.067787170410156, 978.868896484375, 2875.143798828125, 1848.8328857421875]",1
frame_0008.png,extras,rectangular_table,picnic table,picnic table.,0.2,0.2,4,0.4203,"[756.710205078125, 962.11328125, 900.0490112304688, 1014.3139038085938]",1
frame_0008.png,extras,rectangular_table,folding table,folding table.,0.2,0.2,5,0.3574,"[755.9530029296875, 965.1907348632812, 898.9158935546875, 1013.7275390625]",1
frame_0008.png,extras,rectangular_table,work table,work table.,0.2,0.2,4,0.4046,"[756.223388671875, 960.92138671875, 900.1157836914062, 1014.947265625]",1
frame_0008.png,extras,rectangular_table,outdoor wooden table,outdoor wooden table.,0.2,0.2,5,0.3837,"[755.42626953125, 962.154052734375, 903.8828125, 1016.07421875]",1
frame_0008.png,extras,traffic_cone,traffic cone,traffic cone.,0.2,0.2,0,0.0,,0
frame_0008.png,extras,traffic_cone,road cone,road cone.,0.2,0.2,1,0.2457,"[297.89288330078125, 914.2718505859375, 361.0714111328125, 1011.4717407226562]",1
frame_0008.png,extras,traffic_cone,safety cone,safety cone.,0.2,0.2,0,0.0,,0
frame_0008.png,extras,traffic_cone,orange cone,orange cone.,0.2,0.2,0,0.0,,0
frame_0008.png,extras,traffic_cone,construction cone,construction cone.,0.2,0.2,2,0.2146,"[2.601656913757324, 595.2531127929688, 274.2523193359375, 995.5015869140625]",1
frame_0008.png,extras,traffic_cone,orange traffic cone,orange traffic cone.,0.2,0.2,2,0.2597,"[294.71075439453125, 912.6635131835938, 362.21240234375, 1011.96435546875]",1
frame_0008.png,extras,trolley,trolley,trolley.,0.2,0.2,3,0.4244,"[743.8788452148438, 943.7468872070312, 903.0618286132812, 1012.3574829101562]",1
frame_0008.png,extras,trolley,hand cart,hand cart.,0.2,0.2,1,0.212,"[748.4237060546875, 942.8389892578125, 904.1859741210938, 1014.1768798828125]",1
frame_0008.png,extras,trolley,hand truck,hand truck.,0.2,0.2,3,0.5057,"[273.0540771484375, 799.31103515625, 512.1998901367188, 989.9183349609375]",1
frame_0008.png,extras,trolley,luggage cart,luggage cart.,0.2,0.2,3,0.289,"[747.6754760742188, 938.67626953125, 905.1128540039062, 1014.3112182617188]",1
frame_0008.png,extras,trolley,flatbed cart,flatbed cart.,0.2,0.2,2,0.4905,"[746.7255859375, 945.4573974609375, 906.5360107421875, 1015.4032592773438]",1
frame_0008.png,extras,trolley,push cart,push cart.,0.2,0.2,3,0.3094,"[746.820556640625, 939.0886840820312, 905.2208862304688, 1014.5852661132812]",1
frame_0008.png,extras,trolley,utility cart,utility cart.,0.2,0.2,5,0.3131,"[749.4072875976562, 930.4314575195312, 907.0887451171875, 1014.9462890625]",1
frame_0008.png,extras,trolley,metal trolley,metal trolley.,0.2,0.2,3,0.4502,"[743.3829345703125, 939.8630981445312, 907.1868896484375, 1016.5811767578125]",1
frame_0009.png,production,trailer,ALL_GROUP,utility trailer. open trailer. vehicle trailer. covered trailer.,0.18,0.18,5,0.4018,"[1.9666922092437744, 602.9092407226562, 306.59326171875, 991.7896118164062]",1
frame_0009.png,production,electric utility vehicle+electric wheelchair+electric scooter,ALL_GROUP,electric utility vehicle. small electric cart. golf cart. white utility vehicle. powered mobility scooter. motorized wheelchair. mobility chair. electric wheelchair. two-wheeled scooter. stand-up scooter. electric kick scooter. kick scooter.,0.2,0.2,3,0.3533,"[302.26519775390625, 798.216552734375, 544.9472045898438, 986.8975219726562]",1
frame_0009.png,production,trolley,ALL_GROUP,trolley. hand cart. utility cart. push cart.,0.22,0.22,0,0.0,,0
frame_0009.png,production,pair of ramps+basketball,ALL_GROUP,metal ramps on ground. two metal ramps. pair of ramps. vehicle loading ramp. round orange ball. rubber ball on ground. sports ball. basketball.,0.18,0.18,15,0.4401,"[1148.302978515625, 1645.45361328125, 1680.87890625, 1851.608154296875]",1
frame_0009.png,production,portable power station+umbrella,ALL_GROUP,portable power station. large power bank. battery box. power generator box. folded umbrella. open umbrella. shade umbrella. umbrella.,0.2,0.2,0,0.0,,0
frame_0009.png,production,rectangular table,ALL_GROUP,rectangular table. outdoor table. picnic table. folding table.,0.24,0.24,3,0.3042,"[583.9689331054688, 938.3650512695312, 756.7276611328125, 991.6149291992188]",1
frame_0009.png,production,cardboard box,ALL_GROUP,cardboard box. brown cardboard box. shipping box.,0.26,0.26,1,0.2602,"[306.0638427734375, 799.5914916992188, 542.3713989257812, 976.4078369140625]",1
frame_0009.png,production,chair,ALL_GROUP,chair. folding chair. outdoor chair. plastic chair.,0.3,0.3,0,0.0,,0
frame_0009.png,production,traffic cone,ALL_GROUP,traffic cone. road cone. safety cone. orange cone.,0.22,0.22,0,0.0,,0
frame_0009.png,production,prohibition sign,ALL_GROUP,red sign on ground. red circular sign. prohibition sign. red prohibition sign.,0.2,0.2,7,0.3692,"[87.0526351928711, 742.7266845703125, 276.8130798339844, 857.521240234375]",1
frame_0009.png,extras,cardboard_box,cardboard box,cardboard box.,0.2,0.2,2,0.2289,"[320.470703125, 966.71923828125, 376.2021789550781, 1012.9378662109375]",1
frame_0009.png,extras,cardboard_box,brown cardboard box,brown cardboard box.,0.2,0.2,5,0.3436,"[305.8450927734375, 799.4782104492188, 542.9682006835938, 978.1455078125]",1
frame_0009.png,extras,cardboard_box,shipping box,shipping box.,0.2,0.2,3,0.4732,"[306.4989013671875, 800.2318115234375, 540.857177734375, 978.3380737304688]",1
frame_0009.png,extras,cardboard_box,small box,small box.,0.2,0.2,5,0.3188,"[320.1297302246094, 966.72216796875, 376.0851745605469, 1012.8804321289062]",1
frame_0009.png,extras,cardboard_box,package box,package box.,0.2,0.2,0,0.0,,0
frame_0009.png,extras,cardboard_box,stacked box,stacked box.,0.2,0.2,3,0.3502,"[306.7721862792969, 800.5217895507812, 540.4502563476562, 974.794189453125]",1
frame_0009.png,extras,cardboard_box,outdoor cardboard box,outdoor cardboard box.,0.2,0.2,3,0.4397,"[304.7652282714844, 797.4899291992188, 543.6273193359375, 980.3128051757812]",1
frame_0009.png,extras,chair,chair,chair.,0.2,0.2,2,0.3482,"[761.7161865234375, 945.0072021484375, 919.066162109375, 1012.9578857421875]",1
frame_0009.png,extras,chair,armless chair,armless chair.,0.2,0.2,2,0.4416,"[758.0249633789062, 938.999755859375, 924.5498657226562, 1017.2413940429688]",1
frame_0009.png,extras,chair,outdoor chair,outdoor chair.,0.2,0.2,1,0.4979,"[758.8092651367188, 940.8749389648438, 920.8018188476562, 1016.4116821289062]",1
frame_0009.png,extras,chair,plastic chair,plastic chair.,0.2,0.2,2,0.5807,"[758.3311157226562, 941.0205078125, 919.5211791992188, 1015.8007202148438]",1
frame_0009.png,extras,chair,folding chair,folding chair.,0.2,0.2,3,0.3639,"[759.514892578125, 940.7942504882812, 923.1049194335938, 1015.9963989257812]",1
frame_0009.png,extras,chair,metal chair,metal chair.,0.2,0.2,2,0.6101,"[758.017822265625, 938.7291259765625, 922.9595336914062, 1017.3153076171875]",1
frame_0009.png,extras,electric_utility_vehicle,electric utility vehicle,electric utility vehicle.,0.2,0.2,3,0.5722,"[1.3815200328826904, 600.948974609375, 306.7320251464844, 995.4404907226562]",1
frame_0009.png,extras,electric_utility_vehicle,small electric cart,small electric cart.,0.2,0.2,2,0.6336,"[766.890869140625, 924.48974609375, 929.7858276367188, 1019.5458374023438]",1
frame_0009.png,extras,electric_utility_vehicle,utility vehicle,utility vehicle.,0.2,0.2,6,0.531,"[1.124424934387207, 601.1221313476562, 306.30706787109375, 996.70849609375]",1
frame_0009.png,extras,electric_utility_vehicle,golf cart,golf cart.,0.2,0.2,0,0.0,,0
frame_0009.png,extras,electric_utility_vehicle,electric cart,electric cart.,0.2,0.2,2,0.247,"[770.4160766601562, 922.556396484375, 928.086181640625, 1015.9605712890625]",1
frame_0009.png,extras,electric_utility_vehicle,small white utility vehicle,small white utility vehicle.,0.2,0.2,2,0.4407,"[303.0058898925781, 798.10009765625, 545.2434692382812, 989.6184692382812]",1
frame_0009.png,extras,electric_utility_vehicle,white utility cart,white utility cart.,0.2,0.2,2,0.5891,"[303.0598449707031, 798.5637817382812, 542.5957641601562, 990.7112426757812]",1
frame_0009.png,extras,portable_power_station,portable power station,portable power station.,0.2,0.2,2,0.5046,"[2.312246561050415, 600.2300415039062, 308.56768798828125, 988.5375366210938]",1
frame_0009.png,extras,portable_power_station,large power bank,large power bank.,0.2,0.2,3,0.5776,"[2.644733190536499, 595.5245361328125, 314.792236328125, 986.7723388671875]",1
frame_0009.png,extras,portable_power_station,battery box,battery box.,0.2,0.2,0,0.0,,0
frame_0009.png,extras,portable_power_station,power generator box,power generator box.,0.2,0.2,1,0.2204,"[2.88116455078125, 601.4691772460938, 304.76434326171875, 989.1499633789062]",1
frame_0009.png,extras,portable_power_station,portable battery,portable battery.,0.2,0.2,4,0.3462,"[305.5653076171875, 799.6390991210938, 541.0288696289062, 981.1036376953125]",1
frame_0009.png,extras,portable_power_station,power station,power station.,0.2,0.2,3,0.5233,"[1.7018723487854004, 600.8868408203125, 307.80413818359375, 987.1001586914062]",1
frame_0009.png,extras,portable_power_station,large battery pack,large battery pack.,0.2,0.2,2,0.4878,"[305.4833068847656, 795.0403442382812, 544.3997192382812, 982.9776611328125]",1
frame_0009.png,extras,rectangular_table,rectangular table,rectangular table.,0.2,0.2,4,0.4857,"[769.4132690429688, 947.2161865234375, 924.4155883789062, 1016.387939453125]",1
frame_0009.png,extras,rectangular_table,outdoor table,outdoor table.,0.2,0.2,6,0.4186,"[579.8561401367188, 937.1199340820312, 758.1625366210938, 992.4409790039062]",1
frame_0009.png,extras,rectangular_table,long rectangular table,long rectangular table.,0.2,0.2,4,0.4688,"[6.259288787841797, 978.0975341796875, 2873.514892578125, 1848.3055419921875]",1
frame_0009.png,extras,rectangular_table,picnic table,picnic table.,0.2,0.2,5,0.3667,"[588.6107177734375, 940.312744140625, 756.5308837890625, 992.5541381835938]",1
frame_0009.png,extras,rectangular_table,folding table,folding table.,0.2,0.2,5,0.3823,"[587.0447387695312, 941.2866821289062, 757.4833984375, 991.1475830078125]",1
frame_0009.png,extras,rectangular_table,work table,work table.,0.2,0.2,4,0.4121,"[584.15478515625, 935.0618286132812, 756.7967529296875, 993.1480712890625]",1
frame_0009.png,extras,rectangular_table,outdoor wooden table,outdoor wooden table.,0.2,0.2,6,0.4326,"[575.3466186523438, 935.96142578125, 760.4408569335938, 992.8509521484375]",1
frame_0009.png,extras,traffic_cone,traffic cone,traffic cone.,0.2,0.2,1,0.2315,"[315.5206604003906, 911.8694458007812, 373.4565734863281, 1009.2343139648438]",1
frame_0009.png,extras,traffic_cone,road cone,road cone.,0.2,0.2,1,0.2457,"[309.15045166015625, 910.9014892578125, 378.1227722167969, 1012.4829711914062]",1
frame_0009.png,extras,traffic_cone,safety cone,safety cone.,0.2,0.2,2,0.2446,"[1156.9068603515625, 1659.3992919921875, 1691.47119140625, 1855.3612060546875]",1
frame_0009.png,extras,traffic_cone,orange cone,orange cone.,0.2,0.2,1,0.2353,"[314.3982849121094, 915.775390625, 377.7158508300781, 1011.8320922851562]",1
frame_0009.png,extras,traffic_cone,construction cone,construction cone.,0.2,0.2,5,0.2663,"[768.2604370117188, 938.8678588867188, 921.9907836914062, 1015.9249877929688]",1
frame_0009.png,extras,traffic_cone,orange traffic cone,orange traffic cone.,0.2,0.2,2,0.3181,"[313.12872314453125, 913.779296875, 378.8766174316406, 1012.8421630859375]",1
frame_0009.png,extras,trolley,trolley,trolley.,0.2,0.2,3,0.5097,"[765.0093383789062, 934.9483032226562, 924.9774780273438, 1013.2821655273438]",1
frame_0009.png,extras,trolley,hand cart,hand cart.,0.2,0.2,1,0.2143,"[768.4788208007812, 930.67529296875, 927.0098266601562, 1015.1882934570312]",1
frame_0009.png,extras,trolley,hand truck,hand truck.,0.2,0.2,4,0.462,"[1.1844205856323242, 603.6703491210938, 305.3526306152344, 995.1463623046875]",1
frame_0009.png,extras,trolley,luggage cart,luggage cart.,0.2,0.2,1,0.29,"[767.5339965820312, 930.0536499023438, 926.7916259765625, 1015.45068359375]",1
frame_0009.png,extras,trolley,flatbed cart,flatbed cart.,0.2,0.2,1,0.5741,"[759.8118896484375, 938.3557739257812, 928.2355346679688, 1016.5036010742188]",1
frame_0009.png,extras,trolley,push cart,push cart.,0.2,0.2,3,0.3196,"[766.7554321289062, 929.4453735351562, 927.1030883789062, 1015.6546020507812]",1
frame_0009.png,extras,trolley,utility cart,utility cart.,0.2,0.2,5,0.3641,"[769.465087890625, 923.7864990234375, 927.7922973632812, 1016.1331787109375]",1
frame_0009.png,extras,trolley,metal trolley,metal trolley.,0.2,0.2,3,0.4946,"[760.6737060546875, 931.60986328125, 929.8001708984375, 1017.3079833984375]",1
frame_0010.png,production,trailer,ALL_GROUP,utility trailer. open trailer. vehicle trailer. covered trailer.,0.18,0.18,5,0.4103,"[2.1631908416748047, 597.10205078125, 331.6136169433594, 992.20703125]",1
frame_0010.png,production,electric utility vehicle+electric wheelchair+electric scooter,ALL_GROUP,electric utility vehicle. small electric cart. golf cart. white utility vehicle. powered mobility scooter. motorized wheelchair. mobility chair. electric wheelchair. two-wheeled scooter. stand-up scooter. electric kick scooter. kick scooter.,0.2,0.2,3,0.3765,"[335.5749816894531, 795.1991577148438, 570.31103515625, 986.516357421875]",1
frame_0010.png,production,trolley,ALL_GROUP,trolley. hand cart. utility cart. push cart.,0.22,0.22,0,0.0,,0
frame_0010.png,production,pair of ramps+basketball,ALL_GROUP,metal ramps on ground. two metal ramps. pair of ramps. vehicle loading ramp. round orange ball. rubber ball on ground. sports ball. basketball.,0.18,0.18,13,0.4364,"[337.2939453125, 792.5354614257812, 573.71240234375, 987.890380859375]",1
frame_0010.png,production,portable power station+umbrella,ALL_GROUP,portable power station. large power bank. battery box. power generator box. folded umbrella. open umbrella. shade umbrella. umbrella.,0.2,0.2,0,0.0,,0
frame_0010.png,production,rectangular table,ALL_GROUP,rectangular table. outdoor table. picnic table. folding table.,0.24,0.24,1,0.2628,"[605.839111328125, 936.8944702148438, 758.6246948242188, 990.895751953125]",1
frame_0010.png,production,cardboard box,ALL_GROUP,cardboard box. brown cardboard box. shipping box.,0.26,0.26,0,0.0,,0
frame_0010.png,production,chair,ALL_GROUP,chair. folding chair. outdoor chair. plastic chair.,0.3,0.3,0,0.0,,0
frame_0010.png,production,traffic cone,ALL_GROUP,traffic cone. road cone. safety cone. orange cone.,0.22,0.22,0,0.0,,0
frame_0010.png,production,prohibition sign,ALL_GROUP,red sign on ground. red circular sign. prohibition sign. red prohibition sign.,0.2,0.2,5,0.3902,"[117.90618896484375, 740.8403930664062, 306.0584716796875, 857.1387939453125]",1
frame_0010.png,extras,cardboard_box,cardboard box,cardboard box.,0.2,0.2,1,0.3584,"[316.20477294921875, 971.1911010742188, 371.4585266113281, 1013.8963623046875]",1
frame_0010.png,extras,cardboard_box,brown cardboard box,brown cardboard box.,0.2,0.2,3,0.4707,"[315.3492736816406, 971.334228515625, 372.2344665527344, 1014.93505859375]",1
frame_0010.png,extras,cardboard_box,shipping box,shipping box.,0.2,0.2,2,0.4496,"[342.4856872558594, 797.9112548828125, 568.1588745117188, 980.9843139648438]",1
frame_0010.png,extras,cardboard_box,small box,small box.,0.2,0.2,3,0.4825,"[315.5771179199219, 971.45361328125, 371.7126159667969, 1014.5529174804688]",1
frame_0010.png,extras,cardboard_box,package box,package box.,0.2,0.2,0,0.0,,0
frame_0010.png,extras,cardboard_box,stacked box,stacked box.,0.2,0.2,2,0.3209,"[2.2742772102355957, 596.0532836914062, 328.9900817871094, 984.050048828125]",1
frame_0010.png,extras,cardboard_box,outdoor cardboard box,outdoor cardboard box.,0.2,0.2,3,0.3617,"[314.8006591796875, 969.6416625976562, 372.4199523925781, 1014.6203002929688]",1
frame_0010.png,extras,chair,chair,chair.,0.2,0.2,2,0.2852,"[774.2011108398438, 940.8298950195312, 928.8644409179688, 1014.4912719726562]",1
frame_0010.png,extras,chair,armless chair,armless chair.,0.2,0.2,3,0.3769,"[769.5504150390625, 935.9622192382812, 933.2913208007812, 1019.03173828125]",1
frame_0010.png,extras,chair,outdoor chair,outdoor chair.,0.2,0.2,3,0.389,"[772.2734375, 937.3223876953125, 931.3046875, 1017.9232177734375]",1
frame_0010.png,extras,chair,plastic chair,plastic chair.,0.2,0.2,3,0.3301,"[772.0441284179688, 937.1757202148438, 929.7055053710938, 1017.4718627929688]",1
frame_0010.png,extras,chair,folding chair,folding chair.,0.2,0.2,4,0.3222,"[2240.39013671875, 1670.9559326171875, 2879.20068359375, 1853.6231689453125]",1
frame_0010.png,extras,chair,metal chair,metal chair.,0.2,0.2,3,0.5006,"[770.9977416992188, 935.2255859375, 932.4241943359375, 1019.099609375]",1
frame_0010.png,extras,electric_utility_vehicle,electric utility vehicle,electric utility vehicle.,0.2,0.2,5,0.5067,"[1.4195430278778076, 596.7033081054688, 329.6196594238281, 994.3661499023438]",1
frame_0010.png,extras,electric_utility_vehicle,small electric cart,small electric cart.,0.2,0.2,2,0.5935,"[775.9052734375, 916.61962890625, 939.6790161132812, 1021.3370361328125]",1
frame_0010.png,extras,electric_utility_vehicle,utility vehicle,utility vehicle.,0.2,0.2,9,0.458,"[338.750732421875, 798.0155639648438, 567.1470336914062, 986.4419555664062]",1
frame_0010.png,extras,electric_utility_vehicle,golf cart,golf cart.,0.2,0.2,0,0.0,,0
frame_0010.png,extras,electric_utility_vehicle,electric cart,electric cart.,0.2,0.2,1,0.29,"[777.8536376953125, 922.4301147460938, 935.6638793945312, 1018.408203125]",1
frame_0010.png,extras,electric_utility_vehicle,small white utility vehicle,small white utility vehicle.,0.2,0.2,3,0.5459,"[336.4012451171875, 794.6533813476562, 571.4761962890625, 989.6582641601562]",1
frame_0010.png,extras,electric_utility_vehicle,white utility cart,white utility cart.,0.2,0.2,1,0.6445,"[339.4253234863281, 795.5118408203125, 569.5626831054688, 989.9783325195312]",1
frame_0010.png,extras,portable_power_station,portable power station,portable power station.,0.2,0.2,3,0.4706,"[339.2996520996094, 796.0308227539062, 569.7576293945312, 987.5574951171875]",1
frame_0010.png,extras,portable_power_station,large power bank,large power bank.,0.2,0.2,4,0.6046,"[3.0305099487304688, 590.4630737304688, 339.8934631347656, 991.717041015625]",1
frame_0010.png,extras,portable_power_station,battery box,battery box.,0.2,0.2,0,0.0,,0
frame_0010.png,extras,portable_power_station,power generator box,power generator box.,0.2,0.2,1,0.2285,"[3.385258913040161, 595.5875854492188, 330.22613525390625, 991.0838623046875]",1
frame_0010.png,extras,portable_power_station,portable battery,portable battery.,0.2,0.2,5,0.3099,"[341.8711242675781, 797.6397094726562, 567.7276000976562, 983.2987060546875]",1
frame_0010.png,extras,portable_power_station,power station,power station.,0.2,0.2,4,0.5309,"[1.994941234588623, 595.967529296875, 332.34564208984375, 990.7518310546875]",1
frame_0010.png,extras,portable_power_station,large battery pack,large battery pack.,0.2,0.2,2,0.5517,"[3.5537338256835938, 592.9168701171875, 335.7442626953125, 991.3683471679688]",1
frame_0010.png,extras,rectangular_table,rectangular table,rectangular table.,0.2,0.2,6,0.3604,"[781.501220703125, 958.3631591796875, 931.7246704101562, 1017.76953125]",1
frame_0010.png,extras,rectangular_table,outdoor table,outdoor table.,0.2,0.2,7,0.3313,"[776.7240600585938, 941.9888916015625, 931.7120971679688, 1017.1311645507812]",1
frame_0010.png,extras,rectangular_table,long rectangular table,long rectangular table.,0.2,0.2,3,0.4991,"[5.243654251098633, 976.8900756835938, 2875.28125, 1849.00634765625]",1
frame_0010.png,extras,rectangular_table,picnic table,picnic table.,0.2,0.2,6,0.3984,"[777.8430786132812, 944.4074096679688, 931.4623413085938, 1017.3982543945312]",1
frame_0010.png,extras,rectangular_table,folding table,folding table.,0.2,0.2,7,0.3482,"[778.2055053710938, 942.7755737304688, 930.805908203125, 1016.1699829101562]",1
frame_0010.png,extras,rectangular_table,work table,work table.,0.2,0.2,5,0.3567,"[776.36279296875, 941.2182006835938, 931.8912353515625, 1017.921875]",1
frame_0010.png,extras,rectangular_table,outdoor wooden table,outdoor wooden table.,0.2,0.2,6,0.3735,"[597.6339111328125, 929.2518920898438, 768.7813720703125, 992.8507080078125]",1
frame_0010.png,extras,traffic_cone,traffic cone,traffic cone.,0.2,0.2,1,0.2674,"[309.71966552734375, 905.8419189453125, 369.2493591308594, 1010.8944091796875]",1
frame_0010.png,extras,traffic_cone,road cone,road cone.,0.2,0.2,3,0.2807,"[308.2958068847656, 905.6055908203125, 372.2347412109375, 1014.040283203125]",1
frame_0010.png,extras,traffic_cone,safety cone,safety cone.,0.2,0.2,4,0.2423,"[1157.420654296875, 1658.0977783203125, 1689.3502197265625, 1854.7015380859375]",1
frame_0010.png,extras,traffic_cone,orange cone,orange cone.,0.2,0.2,2,0.2939,"[306.7084655761719, 903.8416137695312, 372.1723327636719, 1013.6011352539062]",1
frame_0010.png,extras,traffic_cone,construction cone,construction cone.,0.2,0.2,7,0.254,"[1156.5458984375, 1657.089599609375, 1689.7235107421875, 1854.5032958984375]",1
frame_0010.png,extras,traffic_cone,orange traffic cone,orange traffic cone.,0.2,0.2,3,0.372,"[303.0845031738281, 900.5736694335938, 372.69879150390625, 1014.0744018554688]",1
frame_0010.png,extras,trolley,trolley,trolley.,0.2,0.2,2,0.4654,"[773.2655029296875, 938.9337768554688, 930.2293701171875, 1014.8782958984375]",1
frame_0010.png,extras,trolley,hand cart,hand cart.,0.2,0.2,1,0.2061,"[778.0327758789062, 934.9913330078125, 933.0071411132812, 1017.9287109375]",1
frame_0010.png,extras,trolley,hand truck,hand truck.,0.2,0.2,3,0.4859,"[340.7004089355469, 798.5657348632812, 566.8944702148438, 987.3037109375]",1
frame_0010.png,extras,trolley,luggage cart,luggage cart.,0.2,0.2,1,0.2961,"[775.7150268554688, 930.710205078125, 933.7411499023438, 1017.9786376953125]",1
frame_0010.png,extras,trolley,flatbed cart,flatbed cart.,0.2,0.2,2,0.5428,"[771.6859741210938, 937.7135009765625, 932.6275634765625, 1018.53515625]",1
frame_0010.png,extras,trolley,push cart,push cart.,0.2,0.2,1,0.3376,"[776.3270874023438, 933.0008544921875, 932.9016723632812, 1018.0420532226562]",1
frame_0010.png,extras,trolley,utility cart,utility cart.,0.2,0.2,6,0.3775,"[778.8463745117188, 920.8451538085938, 935.4142456054688, 1018.1929321289062]",1
frame_0010.png,extras,trolley,metal trolley,metal trolley.,0.2,0.2,3,0.4469,"[772.0654296875, 931.7667236328125, 934.8239135742188, 1019.2296142578125]",1
frame_0011.png,production,trailer,ALL_GROUP,utility trailer. open trailer. vehicle trailer. covered trailer.,0.18,0.18,5,0.3958,"[25.62809944152832, 604.0240478515625, 377.7328796386719, 991.1466064453125]",1
frame_0011.png,production,electric utility vehicle+electric wheelchair+electric scooter,ALL_GROUP,electric utility vehicle. small electric cart. golf cart. white utility vehicle. powered mobility scooter. motorized wheelchair. mobility chair. electric wheelchair. two-wheeled scooter. stand-up scooter. electric kick scooter. kick scooter.,0.2,0.2,2,0.3427,"[385.87872314453125, 800.8327026367188, 613.8524169921875, 988.4041748046875]",1
frame_0011.png,production,trolley,ALL_GROUP,trolley. hand cart. utility cart. push cart.,0.22,0.22,0,0.0,,0
frame_0011.png,production,pair of ramps+basketball,ALL_GROUP,metal ramps on ground. two metal ramps. pair of ramps. vehicle loading ramp. round orange ball. rubber ball on ground. sports ball. basketball.,0.18,0.18,16,0.428,"[1146.0653076171875, 1644.17919921875, 1689.3302001953125, 1851.3990478515625]",1
frame_0011.png,production,portable power station+umbrella,ALL_GROUP,portable power station. large power bank. battery box. power generator box. folded umbrella. open umbrella. shade umbrella. umbrella.,0.2,0.2,1,0.2004,"[18.290111541748047, 599.958984375, 382.23333740234375, 991.441650390625]",1
frame_0011.png,production,rectangular table,ALL_GROUP,rectangular table. outdoor table. picnic table. folding table.,0.24,0.24,1,0.2701,"[803.3729858398438, 977.1569213867188, 962.7849731445312, 1025.547607421875]",1
frame_0011.png,production,cardboard box,ALL_GROUP,cardboard box. brown cardboard box. shipping box.,0.26,0.26,0,0.0,,0
frame_0011.png,production,chair,ALL_GROUP,chair. folding chair. outdoor chair. plastic chair.,0.3,0.3,0,0.0,,0
frame_0011.png,production,traffic cone,ALL_GROUP,traffic cone. road cone. safety cone. orange cone.,0.22,0.22,1,0.268,"[341.73065185546875, 920.138671875, 402.2882080078125, 1018.8350830078125]",1
frame_0011.png,production,prohibition sign,ALL_GROUP,red sign on ground. red circular sign. prohibition sign. red prohibition sign.,0.2,0.2,7,0.4121,"[1143.343505859375, 1644.544189453125, 1694.7572021484375, 1852.0289306640625]",1
frame_0011.png,extras,cardboard_box,cardboard box,cardboard box.,0.2,0.2,1,0.2474,"[346.0171203613281, 977.9183349609375, 401.4168701171875, 1018.6513671875]",1
frame_0011.png,extras,cardboard_box,brown cardboard box,brown cardboard box.,0.2,0.2,3,0.381,"[344.2732238769531, 977.2282104492188, 402.4734802246094, 1019.5377197265625]",1
frame_0011.png,extras,cardboard_box,shipping box,shipping box.,0.2,0.2,2,0.4816,"[392.5323486328125, 803.3455810546875, 610.8124389648438, 983.5968627929688]",1
frame_0011.png,extras,cardboard_box,small box,small box.,0.2,0.2,3,0.4293,"[345.0405578613281, 977.3720092773438, 401.74615478515625, 1019.446044921875]",1
frame_0011.png,extras,cardboard_box,package box,package box.,0.2,0.2,0,0.0,,0
frame_0011.png,extras,cardboard_box,stacked box,stacked box.,0.2,0.2,2,0.3846,"[23.371139526367188, 602.9780883789062, 375.3429260253906, 985.0899658203125]",1
frame_0011.png,extras,cardboard_box,outdoor cardboard box,outdoor cardboard box.,0.2,0.2,4,0.3049,"[344.487548828125, 976.5783081054688, 402.5677185058594, 1019.476318359375]",1
frame_0011.png,extras,chair,chair,chair.,0.2,0.2,2,0.3235,"[802.1276245117188, 938.46142578125, 960.5963134765625, 1023.9810791015625]",1
frame_0011.png,extras,chair,armless chair,armless chair.,0.2,0.2,3,0.4224,"[2244.04443359375, 1669.897216796875, 2877.90234375, 1852.3048095703125]",1
frame_0011.png,extras,chair,outdoor chair,outdoor chair.,0.2,0.2,2,0.4415,"[801.1907958984375, 937.5923461914062, 963.4141845703125, 1026.5208740234375]",1
frame_0011.png,extras,chair,plastic chair,plastic chair.,0.2,0.2,1,0.4831,"[801.3878173828125, 940.4763793945312, 962.3512573242188, 1026.4415283203125]",1
frame_0011.png,extras,chair,folding chair,folding chair.,0.2,0.2,3,0.3266,"[2244.091064453125, 1672.3563232421875, 2878.899658203125, 1853.280029296875]",1
frame_0011.png,extras,chair,metal chair,metal chair.,0.2,0.2,2,0.5479,"[800.2659301757812, 938.4013061523438, 964.538818359375, 1027.93310546875]",1
frame_0011.png,extras,electric_utility_vehicle,electric utility vehicle,electric utility vehicle.,0.2,0.2,10,0.3685,"[389.826171875, 802.4398803710938, 610.513427734375, 988.7691040039062]",1
frame_0011.png,extras,electric_utility_vehicle,small electric cart,small electric cart.,0.2,0.2,4,0.4197,"[798.6253662109375, 926.0932006835938, 974.5494384765625, 1030.2142333984375]",1
frame_0011.png,extras,electric_utility_vehicle,utility vehicle,utility vehicle.,0.2,0.2,11,0.3935,"[389.7654724121094, 802.7969360351562, 609.962158203125, 988.9308471679688]",1
frame_0011.png,extras,electric_utility_vehicle,golf cart,golf cart.,0.2,0.2,0,0.0,,0
frame_0011.png,extras,electric_utility_vehicle,electric cart,electric cart.,0.2,0.2,5,0.3006,"[800.3547973632812, 887.4246826171875, 976.0266723632812, 1028.5775146484375]",1
frame_0011.png,extras,electric_utility_vehicle,small white utility vehicle,small white utility vehicle.,0.2,0.2,3,0.4087,"[386.8309326171875, 800.17529296875, 614.00439453125, 992.0380859375]",1
frame_0011.png,extras,electric_utility_vehicle,white utility cart,white utility cart.,0.2,0.2,2,0.5374,"[389.5967712402344, 800.9784545898438, 612.7838745117188, 991.7172241210938]",1
frame_0011.png,extras,portable_power_station,portable power station,portable power station.,0.2,0.2,2,0.5482,"[22.990447998046875, 600.6381225585938, 380.7006530761719, 994.5909423828125]",1
frame_0011.png,extras,portable_power_station,large power bank,large power bank.,0.2,0.2,2,0.6301,"[19.742624282836914, 597.0026245117188, 384.75238037109375, 991.2196655273438]",1
frame_0011.png,extras,portable_power_station,battery box,battery box.,0.2,0.2,0,0.0,,0
frame_0011.png,extras,portable_power_station,power generator box,power generator box.,0.2,0.2,1,0.2197,"[28.262802124023438, 603.0340576171875, 374.73309326171875, 991.0735473632812]",1
frame_0011.png,extras,portable_power_station,portable battery,portable battery.,0.2,0.2,2,0.345,"[25.978986740112305, 603.3651733398438, 376.1803283691406, 991.258056640625]",1
frame_0011.png,extras,portable_power_station,power station,power station.,0.2,0.2,5,0.5436,"[21.063697814941406, 602.5095825195312, 378.2340087890625, 990.689208984375]",1
frame_0011.png,extras,portable_power_station,large battery pack,large battery pack.,0.2,0.2,2,0.6234,"[27.064916610717773, 599.5029907226562, 381.1779479980469, 991.6301879882812]",1
frame_0011.png,extras,rectangular_table,rectangular table,rectangular table.,0.2,0.2,4,0.3794,"[801.20361328125, 969.90771484375, 964.3876953125, 1027.367919921875]",1
frame_0011.png,extras,rectangular_table,outdoor table,outdoor table.,0.2,0.2,7,0.3622,"[802.5965576171875, 969.8490600585938, 964.0640258789062, 1026.074462890625]",1
frame_0011.png,extras,rectangular_table,long rectangular table,long rectangular table.,0.2,0.2,2,0.5248,"[5.99329948425293, 979.8983764648438, 2874.575439453125, 1848.6976318359375]",1
frame_0011.png,extras,rectangular_table,picnic table,picnic table.,0.2,0.2,3,0.3971,"[802.238525390625, 948.4227294921875, 965.4002685546875, 1025.535888671875]",1
frame_0011.png,extras,rectangular_table,folding table,folding table.,0.2,0.2,6,0.3448,"[802.3693237304688, 948.0775756835938, 965.0794067382812, 1024.9906005859375]",1
frame_0011.png,extras,rectangular_table,work table,work table.,0.2,0.2,3,0.3678,"[801.6924438476562, 946.4922485351562, 966.317626953125, 1026.4349365234375]",1
frame_0011.png,extras,rectangular_table,outdoor wooden table,outdoor wooden table.,0.2,0.2,4,0.3877,"[800.3746337890625, 966.284912109375, 967.5494384765625, 1027.7119140625]",1
frame_0011.png,extras,traffic_cone,traffic cone,traffic cone.,0.2,0.2,2,0.4525,"[345.1276550292969, 923.11474609375, 399.8634338378906, 1015.4634399414062]",1
frame_0011.png,extras,traffic_cone,road cone,road cone.,0.2,0.2,2,0.4435,"[341.3749694824219, 919.4114990234375, 402.7332458496094, 1019.5466918945312]",1
frame_0011.png,extras,traffic_cone,safety cone,safety cone.,0.2,0.2,2,0.4013,"[342.7759704589844, 921.6688232421875, 401.6738586425781, 1018.5128784179688]",1
frame_0011.png,extras,traffic_cone,orange cone,orange cone.,0.2,0.2,2,0.3785,"[341.8514709472656, 920.0661010742188, 401.98797607421875, 1017.916748046875]",1
frame_0011.png,extras,traffic_cone,construction cone,construction cone.,0.2,0.2,3,0.3792,"[341.6768798828125, 920.1886596679688, 402.37237548828125, 1019.1300659179688]",1
frame_0011.png,extras,traffic_cone,orange traffic cone,orange traffic cone.,0.2,0.2,2,0.4652,"[339.12774658203125, 916.8485107421875, 402.8208923339844, 1018.5578002929688]",1
frame_0011.png,extras,trolley,trolley,trolley.,0.2,0.2,6,0.4308,"[800.9573974609375, 943.2843627929688, 963.7171020507812, 1024.66162109375]",1
frame_0011.png,extras,trolley,hand cart,hand cart.,0.2,0.2,1,0.2207,"[803.3380126953125, 942.76904296875, 966.5611572265625, 1026.690673828125]",1
frame_0011.png,extras,trolley,hand truck,hand truck.,0.2,0.2,5,0.4172,"[390.61859130859375, 803.51123046875, 610.1019897460938, 990.7959594726562]",1
frame_0011.png,extras,trolley,luggage cart,luggage cart.,0.2,0.2,4,0.3036,"[802.5635986328125, 934.9411010742188, 968.5885009765625, 1026.879150390625]",1
frame_0011.png,extras,trolley,flatbed cart,flatbed cart.,0.2,0.2,3,0.4775,"[800.0292358398438, 941.4027709960938, 968.3229370117188, 1027.3812255859375]",1
frame_0011.png,extras,trolley,push cart,push cart.,0.2,0.2,5,0.3352,"[802.4270629882812, 935.37451171875, 967.6272583007812, 1026.982421875]",1
frame_0011.png,extras,trolley,utility cart,utility cart.,0.2,0.2,4,0.3382,"[800.578369140625, 885.049560546875, 976.6323852539062, 1027.7906494140625]",1
frame_0011.png,extras,trolley,metal trolley,metal trolley.,0.2,0.2,4,0.3903,"[799.0784912109375, 935.9682006835938, 971.5478515625, 1028.256591796875]",1
frame_0012.png,production,trailer,ALL_GROUP,utility trailer. open trailer. vehicle trailer. covered trailer.,0.18,0.18,7,0.3616,"[19.819089889526367, 600.7911987304688, 365.2976989746094, 994.38916015625]",1
frame_0012.png,production,electric utility vehicle+electric wheelchair+electric scooter,ALL_GROUP,electric utility vehicle. small electric cart. golf cart. white utility vehicle. powered mobility scooter. motorized wheelchair. mobility chair. electric wheelchair. two-wheeled scooter. stand-up scooter. electric kick scooter. kick scooter.,0.2,0.2,3,0.3544,"[377.9348449707031, 802.27099609375, 606.5564575195312, 992.0772094726562]",1
frame_0012.png,production,trolley,ALL_GROUP,trolley. hand cart. utility cart. push cart.,0.22,0.22,0,0.0,,0
frame_0012.png,production,pair of ramps+basketball,ALL_GROUP,metal ramps on ground. two metal ramps. pair of ramps. vehicle loading ramp. round orange ball. rubber ball on ground. sports ball. basketball.,0.18,0.18,16,0.4312,"[1142.40771484375, 1643.42333984375, 1688.583740234375, 1851.4613037109375]",1
frame_0012.png,production,portable power station+umbrella,ALL_GROUP,portable power station. large power bank. battery box. power generator box. folded umbrella. open umbrella. shade umbrella. umbrella.,0.2,0.2,1,0.2263,"[14.289393424987793, 597.24267578125, 369.98077392578125, 994.7665405273438]",1
frame_0012.png,production,rectangular table,ALL_GROUP,rectangular table. outdoor table. picnic table. folding table.,0.24,0.24,1,0.2847,"[792.510986328125, 977.6218872070312, 951.5100708007812, 1033.00830078125]",1
frame_0012.png,production,cardboard box,ALL_GROUP,cardboard box. brown cardboard box. shipping box.,0.26,0.26,1,0.2617,"[382.80126953125, 803.7672729492188, 604.5380859375, 983.9819946289062]",1
frame_0012.png,production,chair,ALL_GROUP,chair. folding chair. outdoor chair. plastic chair.,0.3,0.3,0,0.0,,0
frame_0012.png,production,traffic cone,ALL_GROUP,traffic cone. road cone. safety cone. orange cone.,0.22,0.22,0,0.0,,0
frame_0012.png,production,prohibition sign,ALL_GROUP,red sign on ground. red circular sign. prohibition sign. red prohibition sign.,0.2,0.2,6,0.4041,"[152.59561157226562, 749.4805297851562, 333.00994873046875, 859.34130859375]",1
frame_0012.png,extras,cardboard_box,cardboard box,cardboard box.,0.2,0.2,2,0.2337,"[323.6280212402344, 980.9165649414062, 380.04718017578125, 1023.7194213867188]",1
frame_0012.png,extras,cardboard_box,brown cardboard box,brown cardboard box.,0.2,0.2,4,0.3595,"[382.825927734375, 802.94287109375, 606.0283813476562, 983.2415161132812]",1
frame_0012.png,extras,cardboard_box,shipping box,shipping box.,0.2,0.2,2,0.4791,"[382.906494140625, 804.4086303710938, 602.5941162109375, 987.8259887695312]",1
frame_0012.png,extras,cardboard_box,small box,small box.,0.2,0.2,5,0.3567,"[323.7612609863281, 981.9273071289062, 380.5419921875, 1024.6854248046875]",1
frame_0012.png,extras,cardboard_box,package box,package box.,0.2,0.2,0,0.0,,0
frame_0012.png,extras,cardboard_box,stacked box,stacked box.,0.2,0.2,2,0.4009,"[15.51872444152832, 599.8782348632812, 364.08013916015625, 987.1615600585938]",1
frame_0012.png,extras,cardboard_box,outdoor cardboard box,outdoor cardboard box.,0.2,0.2,4,0.3944,"[382.3775634765625, 801.587158203125, 606.3088989257812, 987.371337890625]",1
frame_0012.png,extras,chair,chair,chair.,0.2,0.2,1,0.343,"[793.8253784179688, 952.7122802734375, 952.3783569335938, 1030.8082275390625]",1
frame_0012.png,extras,chair,armless chair,armless chair.,0.2,0.2,2,0.5163,"[791.0650634765625, 947.5713500976562, 955.0720825195312, 1034.7806396484375]",1
frame_0012.png,extras,chair,outdoor chair,outdoor chair.,0.2,0.2,3,0.5325,"[792.4007568359375, 948.8347778320312, 953.674072265625, 1033.812744140625]",1
frame_0012.png,extras,chair,plastic chair,plastic chair.,0.2,0.2,1,0.6528,"[793.1167602539062, 949.0161743164062, 952.9927368164062, 1033.5489501953125]",1
frame_0012.png,extras,chair,folding chair,folding chair.,0.2,0.2,3,0.3952,"[792.6200561523438, 949.294189453125, 953.9659423828125, 1033.8770751953125]",1
frame_0012.png,extras,chair,metal chair,metal chair.,0.2,0.2,1,0.6598,"[791.8045043945312, 946.9703979492188, 955.4271240234375, 1034.8109130859375]",1
frame_0012.png,extras,electric_utility_vehicle,electric utility vehicle,electric utility vehicle.,0.2,0.2,10,0.4058,"[381.1478576660156, 804.1746215820312, 603.5559692382812, 991.783447265625]",1
frame_0012.png,extras,electric_utility_vehicle,small electric cart,small electric cart.,0.2,0.2,2,0.6063,"[789.4190063476562, 938.04931640625, 958.2445068359375, 1037.2913818359375]",1
frame_0012.png,extras,electric_utility_vehicle,utility vehicle,utility vehicle.,0.2,0.2,10,0.4402,"[795.13818359375, 950.678466796875, 952.430419921875, 1032.361328125]",1
frame_0012.png,extras,electric_utility_vehicle,golf cart,golf cart.,0.2,0.2,0,0.0,,0
frame_0012.png,extras,electric_utility_vehicle,electric cart,electric cart.,0.2,0.2,2,0.3403,"[792.3994140625, 942.1057739257812, 955.3539428710938, 1034.3040771484375]",1
frame_0012.png,extras,electric_utility_vehicle,small white utility vehicle,small white utility vehicle.,0.2,0.2,3,0.4126,"[377.8447265625, 802.0350952148438, 607.5119018554688, 996.1940307617188]",1
frame_0012.png,extras,electric_utility_vehicle,white utility cart,white utility cart.,0.2,0.2,3,0.4864,"[380.451171875, 802.1488647460938, 603.8532104492188, 995.5206909179688]",1
frame_0012.png,extras,portable_power_station,portable power station,portable power station.,0.2,0.2,2,0.5718,"[17.901718139648438, 598.5618896484375, 369.037109375, 995.57666015625]",1
frame_0012.png,extras,portable_power_station,large power bank,large power bank.,0.2,0.2,2,0.6461,"[15.592742919921875, 594.620361328125, 373.6776428222656, 992.9669189453125]",1
frame_0012.png,extras,portable_power_station,battery box,battery box.,0.2,0.2,0,0.0,,0
frame_0012.png,extras,portable_power_station,power generator box,power generator box.,0.2,0.2,1,0.2303,"[19.208179473876953, 600.4025268554688, 363.6883239746094, 993.3511352539062]",1
frame_0012.png,extras,portable_power_station,portable battery,portable battery.,0.2,0.2,3,0.3454,"[382.7543029785156, 803.5287475585938, 603.2989501953125, 989.0431518554688]",1
frame_0012.png,extras,portable_power_station,power station,power station.,0.2,0.2,4,0.5534,"[16.507558822631836, 599.5584106445312, 366.843505859375, 991.70361328125]",1
frame_0012.png,extras,portable_power_station,large battery pack,large battery pack.,0.2,0.2,2,0.571,"[19.283077239990234, 597.3189697265625, 369.1955261230469, 993.2113647460938]",1
frame_0012.png,extras,rectangular_table,rectangular table,rectangular table.,0.2,0.2,6,0.3525,"[791.390869140625, 978.680908203125, 953.5367431640625, 1034.059326171875]",1
frame_0012.png,extras,rectangular_table,outdoor table,outdoor table.,0.2,0.2,8,0.3516,"[790.7899169921875, 954.1348876953125, 955.0704956054688, 1032.7237548828125]",1
frame_0012.png,extras,rectangular_table,long rectangular table,long rectangular table.,0.2,0.2,3,0.5272,"[5.566892623901367, 982.7594604492188, 2875.095703125, 1848.6253662109375]",1
frame_0012.png,extras,rectangular_table,picnic table,picnic table.,0.2,0.2,4,0.3675,"[792.4566650390625, 953.3881225585938, 955.17529296875, 1033.3753662109375]",1
frame_0012.png,extras,rectangular_table,folding table,folding table.,0.2,0.2,4,0.3415,"[791.6439208984375, 953.3060913085938, 954.2669677734375, 1032.5849609375]",1
frame_0012.png,extras,rectangular_table,work table,work table.,0.2,0.2,3,0.3721,"[791.6803588867188, 952.5520629882812, 955.3095703125, 1034.1060791015625]",1
frame_0012.png,extras,rectangular_table,outdoor wooden table,outdoor wooden table.,0.2,0.2,7,0.3656,"[791.39892578125, 975.563720703125, 955.1949462890625, 1034.5755615234375]",1
frame_0012.png,extras,traffic_cone,traffic cone,traffic cone.,0.2,0.2,2,0.2075,"[405.8638000488281, 950.0914306640625, 428.4937438964844, 992.1787719726562]",1
frame_0012.png,extras,traffic_cone,road cone,road cone.,0.2,0.2,1,0.3493,"[320.5023498535156, 929.6730346679688, 381.35784912109375, 1024.3448486328125]",1
frame_0012.png,extras,traffic_cone,safety cone,safety cone.,0.2,0.2,1,0.2711,"[321.9105529785156, 929.1853637695312, 380.8415222167969, 1023.5101318359375]",1
frame_0012.png,extras,traffic_cone,orange cone,orange cone.,0.2,0.2,1,0.2697,"[322.0652160644531, 936.31494140625, 381.5448303222656, 1023.7450561523438]",1
frame_0012.png,extras,traffic_cone,construction cone,construction cone.,0.2,0.2,3,0.3185,"[320.8118896484375, 930.8472290039062, 381.26275634765625, 1023.8721923828125]",1
frame_0012.png,extras,traffic_cone,orange traffic cone,orange traffic cone.,0.2,0.2,3,0.3193,"[400.8592224121094, 944.138916015625, 437.09710693359375, 999.4935913085938]",1
frame_0012.png,extras,trolley,trolley,trolley.,0.2,0.2,4,0.5298,"[792.842041015625, 948.9244995117188, 954.690185546875, 1031.0667724609375]",1
frame_0012.png,extras,trolley,hand cart,hand cart.,0.2,0.2,1,0.2244,"[794.17236328125, 948.6719360351562, 954.052978515625, 1033.1678466796875]",1
frame_0012.png,extras,trolley,hand truck,hand truck.,0.2,0.2,5,0.4941,"[382.5541687011719, 804.986328125, 602.7737426757812, 993.7880859375]",1
frame_0012.png,extras,trolley,luggage cart,luggage cart.,0.2,0.2,2,0.4004,"[793.09375, 945.0263671875, 954.606201171875, 1033.3309326171875]",1
frame_0012.png,extras,trolley,flatbed cart,flatbed cart.,0.2,0.2,2,0.5205,"[792.240966796875, 949.723388671875, 956.2645874023438, 1034.090087890625]",1
frame_0012.png,extras,trolley,push cart,push cart.,0.2,0.2,3,0.3761,"[793.6387939453125, 946.5634155273438, 954.0803833007812, 1033.6229248046875]",1
frame_0012.png,extras,trolley,utility cart,utility cart.,0.2,0.2,4,0.4202,"[791.7894897460938, 941.9139404296875, 955.5686645507812, 1034.0224609375]",1
frame_0012.png,extras,trolley,metal trolley,metal trolley.,0.2,0.2,3,0.5042,"[789.5457763671875, 942.4750366210938, 957.640869140625, 1034.763916015625]",1
frame_0013.png,production,trailer,ALL_GROUP,utility trailer. open trailer. vehicle trailer. covered trailer.,0.18,0.18,8,0.3977,"[71.21379852294922, 585.447021484375, 391.9040832519531, 987.8812255859375]",1
frame_0013.png,production,electric utility vehicle+electric wheelchair+electric scooter,ALL_GROUP,electric utility vehicle. small electric cart. golf cart. white utility vehicle. powered mobility scooter. motorized wheelchair. mobility chair. electric wheelchair. two-wheeled scooter. stand-up scooter. electric kick scooter. kick scooter.,0.2,0.2,6,0.3905,"[423.59014892578125, 789.1134643554688, 627.6451416015625, 983.4382934570312]",1
frame_0013.png,production,trolley,ALL_GROUP,trolley. hand cart. utility cart. push cart.,0.22,0.22,0,0.0,,0
frame_0013.png,production,pair of ramps+basketball,ALL_GROUP,metal ramps on ground. two metal ramps. pair of ramps. vehicle loading ramp. round orange ball. rubber ball on ground. sports ball. basketball.,0.18,0.18,16,0.4332,"[1147.7635498046875, 1641.152587890625, 1690.6873779296875, 1851.6947021484375]",1
frame_0013.png,production,portable power station+umbrella,ALL_GROUP,portable power station. large power bank. battery box. power generator box. folded umbrella. open umbrella. shade umbrella. umbrella.,0.2,0.2,1,0.2734,"[67.71469116210938, 581.8157348632812, 395.6780090332031, 991.1116943359375]",1
frame_0013.png,production,rectangular table,ALL_GROUP,rectangular table. outdoor table. picnic table. folding table.,0.24,0.24,3,0.3271,"[737.0576171875, 988.0036010742188, 937.2716064453125, 1049.589599609375]",1
frame_0013.png,production,cardboard box,ALL_GROUP,cardboard box. brown cardboard box. shipping box.,0.26,0.26,2,0.3177,"[260.9457702636719, 977.78466796875, 321.3863525390625, 1026.7823486328125]",1
frame_0013.png,production,chair,ALL_GROUP,chair. folding chair. outdoor chair. plastic chair.,0.3,0.3,0,0.0,,0
frame_0013.png,production,traffic cone,ALL_GROUP,traffic cone. road cone. safety cone. orange cone.,0.22,0.22,0,0.0,,0
frame_0013.png,production,prohibition sign,ALL_GROUP,red sign on ground. red circular sign. prohibition sign. red prohibition sign.,0.2,0.2,6,0.3818,"[166.0155029296875, 733.5485229492188, 364.272216796875, 856.765380859375]",1
frame_0013.png,extras,cardboard_box,cardboard box,cardboard box.,0.2,0.2,2,0.3512,"[260.67291259765625, 978.1248168945312, 320.9050598144531, 1026.5006103515625]",1
frame_0013.png,extras,cardboard_box,brown cardboard box,brown cardboard box.,0.2,0.2,3,0.4637,"[259.00201416015625, 976.743408203125, 322.0197448730469, 1027.395263671875]",1
frame_0013.png,extras,cardboard_box,shipping box,shipping box.,0.2,0.2,3,0.4859,"[428.52154541015625, 791.9353637695312, 624.8875122070312, 978.3367309570312]",1
frame_0013.png,extras,cardboard_box,small box,small box.,0.2,0.2,3,0.4538,"[260.1826171875, 977.9569091796875, 321.4265441894531, 1027.276123046875]",1
frame_0013.png,extras,cardboard_box,package box,package box.,0.2,0.2,1,0.2031,"[70.9119873046875, 585.9863891601562, 388.6223449707031, 981.6005859375]",1
frame_0013.png,extras,cardboard_box,stacked box,stacked box.,0.2,0.2,2,0.3971,"[71.67910766601562, 585.37939453125, 389.8905334472656, 977.33642578125]",1
frame_0013.png,extras,cardboard_box,outdoor cardboard box,outdoor cardboard box.,0.2,0.2,3,0.4123,"[427.9074401855469, 789.2611083984375, 627.8654174804688, 977.5197143554688]",1
frame_0013.png,extras,chair,chair,chair.,0.2,0.2,3,0.2158,"[221.0376434326172, 882.140869140625, 288.218994140625, 1012.318115234375]",1
frame_0013.png,extras,chair,armless chair,armless chair.,0.2,0.2,4,0.3319,"[734.915283203125, 945.6987915039062, 941.241455078125, 1051.108642578125]",1
frame_0013.png,extras,chair,outdoor chair,outdoor chair.,0.2,0.2,5,0.3236,"[217.6782989501953, 882.4656372070312, 293.97747802734375, 1014.25244140625]",1
frame_0013.png,extras,chair,plastic chair,plastic chair.,0.2,0.2,4,0.2949,"[736.01806640625, 946.4535522460938, 942.9556884765625, 1050.0374755859375]",1
frame_0013.png,extras,chair,folding chair,folding chair.,0.2,0.2,3,0.2782,"[117.51295471191406, 894.6242065429688, 233.81094360351562, 1014.010986328125]",1
frame_0013.png,extras,chair,metal chair,metal chair.,0.2,0.2,6,0.4193,"[215.7467498779297, 881.0537719726562, 294.03326416015625, 1016.1304931640625]",1
frame_0013.png,extras,electric_utility_vehicle,electric utility vehicle,electric utility vehicle.,0.2,0.2,4,0.4503,"[66.3560791015625, 584.6015625, 392.3329772949219, 993.5078125]",1
frame_0013.png,extras,electric_utility_vehicle,small electric cart,small electric cart.,0.2,0.2,8,0.4123,"[733.9738159179688, 924.3106689453125, 944.375244140625, 1052.312255859375]",1
frame_0013.png,extras,electric_utility_vehicle,utility vehicle,utility vehicle.,0.2,0.2,10,0.4291,"[425.66033935546875, 791.1768188476562, 624.9884643554688, 983.4581298828125]",1
frame_0013.png,extras,electric_utility_vehicle,golf cart,golf cart.,0.2,0.2,0,0.0,,0
frame_0013.png,extras,electric_utility_vehicle,electric cart,electric cart.,0.2,0.2,5,0.3206,"[109.45161437988281, 889.0206298828125, 264.83551025390625, 1015.3602294921875]",1
frame_0013.png,extras,electric_utility_vehicle,small white utility vehicle,small white utility vehicle.,0.2,0.2,1,0.5764,"[422.85302734375, 788.859130859375, 628.796630859375, 986.988525390625]",1
frame_0013.png,extras,electric_utility_vehicle,white utility cart,white utility cart.,0.2,0.2,1,0.6309,"[425.0887145996094, 788.4043579101562, 627.41748046875, 990.3739013671875]",1
frame_0013.png,extras,portable_power_station,portable power station,portable power station.,0.2,0.2,5,0.5337,"[68.62638854980469, 582.3388671875, 395.2209167480469, 995.6561279296875]",1
frame_0013.png,extras,portable_power_station,large power bank,large power bank.,0.2,0.2,3,0.6196,"[64.17863464355469, 578.1346435546875, 401.3619689941406, 990.9478149414062]",1
frame_0013.png,extras,portable_power_station,battery box,battery box.,0.2,0.2,1,0.209,"[70.53729248046875, 586.0357055664062, 388.84490966796875, 985.115234375]",1
frame_0013.png,extras,portable_power_station,power generator box,power generator box.,0.2,0.2,2,0.2949,"[70.58935546875, 584.3137817382812, 390.3309326171875, 991.9775390625]",1
frame_0013.png,extras,portable_power_station,portable battery,portable battery.,0.2,0.2,5,0.3277,"[2386.02392578125, 696.5460815429688, 2443.36083984375, 738.7847290039062]",1
frame_0013.png,extras,portable_power_station,power station,power station.,0.2,0.2,4,0.57,"[68.66163635253906, 583.9904174804688, 394.1434020996094, 990.5292358398438]",1
frame_0013.png,extras,portable_power_station,large battery pack,large battery pack.,0.2,0.2,2,0.599,"[67.84337615966797, 581.1441040039062, 395.13702392578125, 990.3644409179688]",1
frame_0013.png,extras,rectangular_table,rectangular table,rectangular table.,0.2,0.2,3,0.4191,"[733.8750610351562, 945.9705810546875, 942.9754028320312, 1050.5166015625]",1
frame_0013.png,extras,rectangular_table,outdoor table,outdoor table.,0.2,0.2,5,0.3853,"[670.299072265625, 935.921142578125, 833.939208984375, 998.3767700195312]",1
frame_0013.png,extras,rectangular_table,long rectangular table,long rectangular table.,0.2,0.2,4,0.4064,"[6.868257522583008, 980.8948364257812, 2873.57373046875, 1848.51025390625]",1
frame_0013.png,extras,rectangular_table,picnic table,picnic table.,0.2,0.2,3,0.3716,"[734.0800170898438, 941.008056640625, 941.2813110351562, 1049.8935546875]",1
frame_0013.png,extras,rectangular_table,folding table,folding table.,0.2,0.2,4,0.3354,"[735.2401733398438, 945.5646362304688, 940.897216796875, 1049.4654541015625]",1
frame_0013.png,extras,rectangular_table,work table,work table.,0.2,0.2,4,0.3711,"[734.0536499023438, 939.6390380859375, 942.09765625, 1050.0677490234375]",1
frame_0013.png,extras,rectangular_table,outdoor wooden table,outdoor wooden table.,0.2,0.2,6,0.3678,"[731.4052734375, 939.74365234375, 943.4813842773438, 1051.3746337890625]",1
frame_0013.png,extras,traffic_cone,traffic cone,traffic cone.,0.2,0.2,1,0.2059,"[575.7891235351562, 928.1710815429688, 598.861083984375, 1007.178955078125]",1
frame_0013.png,extras,traffic_cone,road cone,road cone.,0.2,0.2,1,0.2385,"[258.64947509765625, 918.1912231445312, 321.9081115722656, 1026.3587646484375]",1
frame_0013.png,extras,traffic_cone,safety cone,safety cone.,0.2,0.2,1,0.2142,"[2246.6103515625, 1671.6392822265625, 2877.972412109375, 1854.201171875]",1
frame_0013.png,extras,traffic_cone,orange cone,orange cone.,0.2,0.2,1,0.241,"[2305.11328125, 593.3401489257812, 2532.054443359375, 1093.86279296875]",1
frame_0013.png,extras,traffic_cone,construction cone,construction cone.,0.2,0.2,5,0.2186,"[735.3838500976562, 942.4826049804688, 943.2527465820312, 1051.2161865234375]",1
frame_0013.png,extras,traffic_cone,orange traffic cone,orange traffic cone.,0.2,0.2,2,0.2254,"[337.9273376464844, 917.615234375, 373.9713134765625, 1003.9342041015625]",1
frame_0013.png,extras,trolley,trolley,trolley.,0.2,0.2,8,0.3833,"[734.0426025390625, 928.0286865234375, 941.6402587890625, 1048.22216796875]",1
frame_0013.png,extras,trolley,hand cart,hand cart.,0.2,0.2,3,0.2082,"[736.0902709960938, 934.8934326171875, 942.3569946289062, 1049.2762451171875]",1
frame_0013.png,extras,trolley,hand truck,hand truck.,0.2,0.2,3,0.4533,"[426.41943359375, 792.7021484375, 624.5791625976562, 983.2163696289062]",1
frame_0013.png,extras,trolley,luggage cart,luggage cart.,0.2,0.2,8,0.2885,"[735.7650146484375, 928.1508178710938, 942.3136596679688, 1049.9041748046875]",1
frame_0013.png,extras,trolley,flatbed cart,flatbed cart.,0.2,0.2,5,0.3901,"[734.5154418945312, 934.796875, 944.2859497070312, 1050.260009765625]",1
frame_0013.png,extras,trolley,push cart,push cart.,0.2,0.2,6,0.314,"[111.70465087890625, 891.8800048828125, 258.0750732421875, 1014.8812866210938]",1
frame_0013.png,extras,trolley,utility cart,utility cart.,0.2,0.2,6,0.3925,"[734.5691528320312, 864.1388549804688, 945.6829833984375, 1050.7095947265625]",1
frame_0013.png,extras,trolley,metal trolley,metal trolley.,0.2,0.2,4,0.4557,"[734.3857421875, 863.7034912109375, 947.182861328125, 1051.6077880859375]",1
frame_0014.png,production,trailer,ALL_GROUP,utility trailer. open trailer. vehicle trailer. covered trailer.,0.18,0.18,5,0.5149,"[485.00634765625, 825.3618774414062, 756.5542602539062, 1089.3519287109375]",1
frame_0014.png,production,electric utility vehicle+electric wheelchair+electric scooter,ALL_GROUP,electric utility vehicle. small electric cart. golf cart. white utility vehicle. powered mobility scooter. motorized wheelchair. mobility chair. electric wheelchair. two-wheeled scooter. stand-up scooter. electric kick scooter. kick scooter.,0.2,0.2,3,0.4317,"[286.3123474121094, 769.9482421875, 520.2332153320312, 986.0256958007812]",1
frame_0014.png,production,trolley,ALL_GROUP,trolley. hand cart. utility cart. push cart.,0.22,0.22,2,0.3341,"[484.5198669433594, 825.52490234375, 753.9999389648438, 1090.463623046875]",1
frame_0014.png,production,pair of ramps+basketball,ALL_GROUP,metal ramps on ground. two metal ramps. pair of ramps. vehicle loading ramp. round orange ball. rubber ball on ground. sports ball. basketball.,0.18,0.18,17,0.4176,"[1143.1324462890625, 1640.5765380859375, 1687.538818359375, 1852.178466796875]",1
frame_0014.png,production,portable power station+umbrella,ALL_GROUP,portable power station. large power bank. battery box. power generator box. folded umbrella. open umbrella. shade umbrella. umbrella.,0.2,0.2,2,0.2472,"[1.672292947769165, 545.4619140625, 272.57830810546875, 995.8440551757812]",1
frame_0014.png,production,rectangular table,ALL_GROUP,rectangular table. outdoor table. picnic table. folding table.,0.24,0.24,3,0.3617,"[485.7133483886719, 916.8770751953125, 750.7294311523438, 1087.5296630859375]",1
frame_0014.png,production,cardboard box,ALL_GROUP,cardboard box. brown cardboard box. shipping box.,0.26,0.26,2,0.3868,"[8.963078498840332, 985.8143310546875, 82.42874145507812, 1046.8311767578125]",1
frame_0014.png,production,chair,ALL_GROUP,chair. folding chair. outdoor chair. plastic chair.,0.3,0.3,1,0.3884,"[485.50439453125, 825.380126953125, 752.983642578125, 1089.3380126953125]",1
frame_0014.png,production,traffic cone,ALL_GROUP,traffic cone. road cone. safety cone. orange cone.,0.22,0.22,0,0.0,,0
frame_0014.png,production,prohibition sign,ALL_GROUP,red sign on ground. red circular sign. prohibition sign. red prohibition sign.,0.2,0.2,6,0.395,"[1141.636962890625, 1643.4986572265625, 1696.869140625, 1853.0377197265625]",1
frame_0014.png,extras,cardboard_box,cardboard box,cardboard box.,0.2,0.2,1,0.4275,"[9.524044036865234, 984.3584594726562, 81.96817779541016, 1046.3233642578125]",1
frame_0014.png,extras,cardboard_box,brown cardboard box,brown cardboard box.,0.2,0.2,1,0.5958,"[8.059850692749023, 983.86328125, 83.51265716552734, 1047.57763671875]",1
frame_0014.png,extras,cardboard_box,shipping box,shipping box.,0.2,0.2,5,0.429,"[326.8926696777344, 775.5614624023438, 514.4068603515625, 971.2344360351562]",1
frame_0014.png,extras,cardboard_box,small box,small box.,0.2,0.2,1,0.5141,"[8.93159008026123, 985.1422729492188, 82.94468688964844, 1047.1326904296875]",1
frame_0014.png,extras,cardboard_box,package box,package box.,0.2,0.2,0,0.0,,0
frame_0014.png,extras,cardboard_box,stacked box,stacked box.,0.2,0.2,4,0.2974,"[8.771035194396973, 988.1266479492188, 80.90242004394531, 1044.9171142578125]",1
frame_0014.png,extras,cardboard_box,outdoor cardboard box,outdoor cardboard box.,0.2,0.2,3,0.5262,"[8.686422348022461, 981.2398681640625, 83.11458587646484, 1046.84130859375]",1
frame_0014.png,extras,chair,chair,chair.,0.2,0.2,1,0.4787,"[485.01397705078125, 827.1189575195312, 748.9000244140625, 1087.928955078125]",1
frame_0014.png,extras,chair,armless chair,armless chair.,0.2,0.2,3,0.5334,"[484.15289306640625, 823.7271728515625, 755.3540649414062, 1090.4178466796875]",1
frame_0014.png,extras,chair,outdoor chair,outdoor chair.,0.2,0.2,1,0.6369,"[484.87335205078125, 823.9972534179688, 753.6063842773438, 1090.138427734375]",1
frame_0014.png,extras,chair,plastic chair,plastic chair.,0.2,0.2,2,0.4998,"[483.9786376953125, 824.2183227539062, 753.3732299804688, 1089.8504638671875]",1
frame_0014.png,extras,chair,folding chair,folding chair.,0.2,0.2,1,0.5099,"[485.0005187988281, 825.5140380859375, 752.8003540039062, 1089.626953125]",1
frame_0014.png,extras,chair,metal chair,metal chair.,0.2,0.2,1,0.8479,"[482.29388427734375, 821.5589599609375, 757.5604248046875, 1092.4212646484375]",1
frame_0014.png,extras,electric_utility_vehicle,electric utility vehicle,electric utility vehicle.,0.2,0.2,6,0.4035,"[298.3486633300781, 773.735595703125, 517.8779296875, 986.6668090820312]",1
frame_0014.png,extras,electric_utility_vehicle,small electric cart,small electric cart.,0.2,0.2,1,0.8215,"[481.80096435546875, 820.6748657226562, 759.4525146484375, 1093.007568359375]",1
frame_0014.png,extras,electric_utility_vehicle,utility vehicle,utility vehicle.,0.2,0.2,7,0.4218,"[290.8371276855469, 774.2763671875, 516.5244750976562, 987.4342041015625]",1
frame_0014.png,extras,electric_utility_vehicle,golf cart,golf cart.,0.2,0.2,0,0.0,,0
frame_0014.png,extras,electric_utility_vehicle,electric cart,electric cart.,0.2,0.2,2,0.5451,"[484.6710510253906, 823.5901489257812, 755.84228515625, 1090.24658203125]",1
frame_0014.png,extras,electric_utility_vehicle,small white utility vehicle,small white utility vehicle.,0.2,0.2,1,0.6518,"[283.658935546875, 768.9680786132812, 524.1787719726562, 992.94287109375]",1
frame_0014.png,extras,electric_utility_vehicle,white utility cart,white utility cart.,0.2,0.2,3,0.4595,"[295.298583984375, 769.1196899414062, 519.8159790039062, 1000.5498046875]",1
frame_0014.png,extras,portable_power_station,portable power station,portable power station.,0.2,0.2,5,0.4005,"[1.4940118789672852, 546.728515625, 270.1298828125, 997.393310546875]",1
frame_0014.png,extras,portable_power_station,large power bank,large power bank.,0.2,0.2,2,0.527,"[1.9389152526855469, 544.1968994140625, 273.7296142578125, 990.2073974609375]",1
frame_0014.png,extras,portable_power_station,battery box,battery box.,0.2,0.2,0,0.0,,0
frame_0014.png,extras,portable_power_station,power generator box,power generator box.,0.2,0.2,2,0.2056,"[9.7264404296875, 985.785400390625, 81.97055053710938, 1045.7618408203125]",1
frame_0014.png,extras,portable_power_station,portable battery,portable battery.,0.2,0.2,5,0.3229,"[86.38261413574219, 846.6884155273438, 169.6000518798828, 911.5322875976562]",1
frame_0014.png,extras,portable_power_station,power station,power station.,0.2,0.2,5,0.4836,"[0.9766030311584473, 547.4118041992188, 269.49725341796875, 992.0480346679688]",1
frame_0014.png,extras,portable_power_station,large battery pack,large battery pack.,0.2,0.2,4,0.3972,"[328.4324645996094, 770.6607055664062, 517.9967651367188, 972.13720703125]",1
frame_0014.png,extras,rectangular_table,rectangular table,rectangular table.,0.2,0.2,3,0.382,"[483.0425720214844, 920.3514404296875, 751.5613403320312, 1088.791015625]",1
frame_0014.png,extras,rectangular_table,outdoor table,outdoor table.,0.2,0.2,3,0.3603,"[484.0933532714844, 920.53515625, 749.74755859375, 1087.8636474609375]",1
frame_0014.png,extras,rectangular_table,long rectangular table,long rectangular table.,0.2,0.2,4,0.3683,"[481.4299011230469, 997.7457275390625, 750.9229736328125, 1088.880859375]",1
frame_0014.png,extras,rectangular_table,picnic table,picnic table.,0.2,0.2,4,0.3973,"[484.3487548828125, 919.2138671875, 749.799072265625, 1087.8778076171875]",1
frame_0014.png,extras,rectangular_table,folding table,folding table.,0.2,0.2,3,0.3741,"[484.92437744140625, 919.1690673828125, 749.7971801757812, 1087.70458984375]",1
frame_0014.png,extras,rectangular_table,work table,work table.,0.2,0.2,3,0.3712,"[483.6484069824219, 917.6049194335938, 750.4129028320312, 1088.26904296875]",1
frame_0014.png,extras,rectangular_table,outdoor wooden table,outdoor wooden table.,0.2,0.2,4,0.3602,"[482.0851745605469, 919.8765869140625, 752.7258911132812, 1088.9892578125]",1
frame_0014.png,extras,traffic_cone,traffic cone,traffic cone.,0.2,0.2,3,0.2956,"[415.4283447265625, 952.0816040039062, 436.5559997558594, 1016.197265625]",1
frame_0014.png,extras,traffic_cone,road cone,road cone.,0.2,0.2,2,0.2276,"[186.38912963867188, 921.6591796875, 215.17141723632812, 1008.7449340820312]",1
frame_0014.png,extras,traffic_cone,safety cone,safety cone.,0.2,0.2,0,0.0,,0
frame_0014.png,extras,traffic_cone,orange cone,orange cone.,0.2,0.2,0,0.0,,0
frame_0014.png,extras,traffic_cone,construction cone,construction cone.,0.2,0.2,2,0.2817,"[484.649169921875, 825.2202758789062, 754.754638671875, 1089.1251220703125]",1
frame_0014.png,extras,traffic_cone,orange traffic cone,orange traffic cone.,0.2,0.2,3,0.2987,"[409.1997375488281, 941.9629516601562, 442.4242858886719, 1019.3438110351562]",1
frame_0014.png,extras,trolley,trolley,trolley.,0.2,0.2,2,0.6133,"[485.3070068359375, 826.4700317382812, 750.4923706054688, 1088.3028564453125]",1
frame_0014.png,extras,trolley,hand cart,hand cart.,0.2,0.2,1,0.4314,"[485.1669921875, 824.9192504882812, 753.123291015625, 1089.252685546875]",1
frame_0014.png,extras,trolley,hand truck,hand truck.,0.2,0.2,4,0.4607,"[292.06756591796875, 774.00341796875, 517.8582763671875, 985.7634887695312]",1
frame_0014.png,extras,trolley,luggage cart,luggage cart.,0.2,0.2,2,0.5903,"[485.34356689453125, 824.5696411132812, 753.43603515625, 1089.3458251953125]",1
frame_0014.png,extras,trolley,flatbed cart,flatbed cart.,0.2,0.2,1,0.6586,"[483.42681884765625, 824.0825805664062, 754.7301025390625, 1090.527099609375]",1
frame_0014.png,extras,trolley,push cart,push cart.,0.2,0.2,2,0.5277,"[485.4212951660156, 824.9287719726562, 753.47509765625, 1089.953857421875]",1
frame_0014.png,extras,trolley,utility cart,utility cart.,0.2,0.2,1,0.6021,"[484.4367370605469, 823.3006591796875, 755.5042114257812, 1090.4071044921875]",1
frame_0014.png,extras,trolley,metal trolley,metal trolley.,0.2,0.2,1,0.6794,"[482.6504211425781, 822.444580078125, 756.9840087890625, 1090.610595703125]",1
frame_0015.png,production,trailer,ALL_GROUP,utility trailer. open trailer. vehicle trailer. covered trailer.,0.18,0.18,6,0.4709,"[417.17535400390625, 813.4750366210938, 700.4189453125, 1096.9747314453125]",1
frame_0015.png,production,electric utility vehicle+electric wheelchair+electric scooter,ALL_GROUP,electric utility vehicle. small electric cart. golf cart. white utility vehicle. powered mobility scooter. motorized wheelchair. mobility chair. electric wheelchair. two-wheeled scooter. stand-up scooter. electric kick scooter. kick scooter.,0.2,0.2,4,0.4107,"[286.4512634277344, 765.5521240234375, 494.8769226074219, 983.4783325195312]",1
frame_0015.png,production,trolley,ALL_GROUP,trolley. hand cart. utility cart. push cart.,0.22,0.22,2,0.4204,"[416.71881103515625, 813.095458984375, 699.7862548828125, 1097.8228759765625]",1
frame_0015.png,production,pair of ramps+basketball,ALL_GROUP,metal ramps on ground. two metal ramps. pair of ramps. vehicle loading ramp. round orange ball. rubber ball on ground. sports ball. basketball.,0.18,0.18,16,0.448,"[1145.077392578125, 1641.546630859375, 1686.5814208984375, 1851.8797607421875]",1
frame_0015.png,production,portable power station+umbrella,ALL_GROUP,portable power station. large power bank. battery box. power generator box. folded umbrella. open umbrella. shade umbrella. umbrella.,0.2,0.2,2,0.2052,"[288.9628601074219, 682.5614624023438, 956.125732421875, 999.6906127929688]",1
frame_0015.png,production,rectangular table,ALL_GROUP,rectangular table. outdoor table. picnic table. folding table.,0.24,0.24,3,0.3902,"[419.58648681640625, 1001.7430419921875, 686.0797119140625, 1093.292236328125]",1
frame_0015.png,production,cardboard box,ALL_GROUP,cardboard box. brown cardboard box. shipping box.,0.26,0.26,0,0.0,,0
frame_0015.png,production,chair,ALL_GROUP,chair. folding chair. outdoor chair. plastic chair.,0.3,0.3,1,0.3402,"[419.0826721191406, 813.319091796875, 699.8753051757812, 1095.7860107421875]",1
frame_0015.png,production,traffic cone,ALL_GROUP,traffic cone. road cone. safety cone. orange cone.,0.22,0.22,0,0.0,,0
frame_0015.png,production,prohibition sign,ALL_GROUP,red sign on ground. red circular sign. prohibition sign. red prohibition sign.,0.2,0.2,8,0.3435,"[1143.308837890625, 1643.4124755859375, 1692.1331787109375, 1852.5128173828125]",1
frame_0015.png,extras,cardboard_box,cardboard box,cardboard box.,0.2,0.2,0,0.0,,0
frame_0015.png,extras,cardboard_box,brown cardboard box,brown cardboard box.,0.2,0.2,2,0.2559,"[678.78955078125, 880.112060546875, 741.8999633789062, 944.6344604492188]",1
frame_0015.png,extras,cardboard_box,shipping box,shipping box.,0.2,0.2,6,0.3996,"[309.3490905761719, 768.8524780273438, 489.56048583984375, 979.2021484375]",1
frame_0015.png,extras,cardboard_box,small box,small box.,0.2,0.2,4,0.2933,"[416.7554626464844, 812.6705932617188, 702.4034423828125, 1096.86279296875]",1
frame_0015.png,extras,cardboard_box,package box,package box.,0.2,0.2,0,0.0,,0
frame_0015.png,extras,cardboard_box,stacked box,stacked box.,0.2,0.2,0,0.0,,0
frame_0015.png,extras,cardboard_box,outdoor cardboard box,outdoor cardboard box.,0.2,0.2,1,0.326,"[308.38916015625, 766.902099609375, 491.6735534667969, 977.6903076171875]",1
frame_0015.png,extras,chair,chair,chair.,0.2,0.2,2,0.3478,"[386.3130798339844, 889.7963256835938, 446.7890319824219, 1007.5811767578125]",1
frame_0015.png,extras,chair,armless chair,armless chair.,0.2,0.2,3,0.4768,"[417.0298156738281, 811.5250244140625, 701.3975219726562, 1097.074951171875]",1
frame_0015.png,extras,chair,outdoor chair,outdoor chair.,0.2,0.2,2,0.488,"[418.052001953125, 811.7191162109375, 700.8334350585938, 1096.4285888671875]",1
frame_0015.png,extras,chair,plastic chair,plastic chair.,0.2,0.2,3,0.4265,"[417.6175537109375, 812.67578125, 701.0817260742188, 1096.416748046875]",1
frame_0015.png,extras,chair,folding chair,folding chair.,0.2,0.2,2,0.4606,"[418.6904602050781, 813.5750732421875, 699.0026245117188, 1096.5767822265625]",1
frame_0015.png,extras,chair,metal chair,metal chair.,0.2,0.2,1,0.7209,"[417.5195617675781, 809.5214233398438, 703.2686157226562, 1099.052001953125]",1
frame_0015.png,extras,electric_utility_vehicle,electric utility vehicle,electric utility vehicle.,0.2,0.2,8,0.3275,"[302.7541809082031, 768.5809936523438, 491.47314453125, 983.5433959960938]",1
frame_0015.png,extras,electric_utility_vehicle,small electric cart,small electric cart.,0.2,0.2,1,0.773,"[413.8747253417969, 808.452392578125, 705.5361328125, 1100.5181884765625]",1
frame_0015.png,extras,electric_utility_vehicle,utility vehicle,utility vehicle.,0.2,0.2,7,0.3925,"[417.5310363769531, 813.8292846679688, 700.0264892578125, 1094.982177734375]",1
frame_0015.png,extras,electric_utility_vehicle,golf cart,golf cart.,0.2,0.2,0,0.0,,0
frame_0015.png,extras,electric_utility_vehicle,electric cart,electric cart.,0.2,0.2,2,0.5195,"[417.7060241699219, 811.0745849609375, 702.0899047851562, 1097.877197265625]",1
frame_0015.png,extras,electric_utility_vehicle,small white utility vehicle,small white utility vehicle.,0.2,0.2,1,0.571,"[290.14410400390625, 764.7809448242188, 498.9071044921875, 988.8712158203125]",1
frame_0015.png,extras,electric_utility_vehicle,white utility cart,white utility cart.,0.2,0.2,3,0.4953,"[304.4422302246094, 764.2150268554688, 495.0195617675781, 990.236083984375]",1
frame_0015.png,extras,portable_power_station,portable power station,portable power station.,0.2,0.2,5,0.3647,"[417.11810302734375, 810.7520141601562, 704.8424682617188, 1096.48193359375]",1
frame_0015.png,extras,portable_power_station,large power bank,large power bank.,0.2,0.2,2,0.4469,"[289.64385986328125, 681.5962524414062, 960.4490356445312, 1000.0718994140625]",1
frame_0015.png,extras,portable_power_station,battery box,battery box.,0.2,0.2,0,0.0,,0
frame_0015.png,extras,portable_power_station,power generator box,power generator box.,0.2,0.2,0,0.0,,0
frame_0015.png,extras,portable_power_station,portable battery,portable battery.,0.2,0.2,3,0.3207,"[54.45039367675781, 841.6878662109375, 139.49911499023438, 903.5535888671875]",1
frame_0015.png,extras,portable_power_station,power station,power station.,0.2,0.2,5,0.4497,"[0.9759914875030518, 536.9400024414062, 245.06219482421875, 989.5750122070312]",1
frame_0015.png,extras,portable_power_station,large battery pack,large battery pack.,0.2,0.2,6,0.3591,"[308.1786193847656, 765.0150146484375, 492.34423828125, 980.8983764648438]",1
frame_0015.png,extras,rectangular_table,rectangular table,rectangular table.,0.2,0.2,3,0.4405,"[418.3524169921875, 999.476318359375, 690.87060546875, 1094.977294921875]",1
frame_0015.png,extras,rectangular_table,outdoor table,outdoor table.,0.2,0.2,5,0.3884,"[419.01837158203125, 1001.7430419921875, 690.6673583984375, 1094.2054443359375]",1
frame_0015.png,extras,rectangular_table,long rectangular table,long rectangular table.,0.2,0.2,4,0.4355,"[416.6020202636719, 996.3046875, 693.6859130859375, 1095.982421875]",1
frame_0015.png,extras,rectangular_table,picnic table,picnic table.,0.2,0.2,4,0.373,"[417.1083068847656, 909.2166748046875, 698.9595336914062, 1095.676513671875]",1
frame_0015.png,extras,rectangular_table,folding table,folding table.,0.2,0.2,4,0.3531,"[419.5316467285156, 1003.1878662109375, 691.07763671875, 1094.901123046875]",1
frame_0015.png,extras,rectangular_table,work table,work table.,0.2,0.2,4,0.3645,"[416.75872802734375, 908.1212768554688, 700.8666381835938, 1096.2652587890625]",1
frame_0015.png,extras,rectangular_table,outdoor wooden table,outdoor wooden table.,0.2,0.2,3,0.3853,"[415.3846435546875, 921.6637573242188, 703.66064453125, 1096.194580078125]",1
frame_0015.png,extras,traffic_cone,traffic cone,traffic cone.,0.2,0.2,3,0.2994,"[153.49940490722656, 921.728515625, 178.2961883544922, 1004.1801147460938]",1
frame_0015.png,extras,traffic_cone,road cone,road cone.,0.2,0.2,3,0.2588,"[149.65924072265625, 918.9515991210938, 184.4498748779297, 1006.6900634765625]",1
frame_0015.png,extras,traffic_cone,safety cone,safety cone.,0.2,0.2,2,0.2348,"[150.11349487304688, 921.3362426757812, 183.26512145996094, 1006.25146484375]",1
frame_0015.png,extras,traffic_cone,orange cone,orange cone.,0.2,0.2,1,0.2574,"[149.22850036621094, 921.2875366210938, 183.5142364501953, 1006.5802001953125]",1
frame_0015.png,extras,traffic_cone,construction cone,construction cone.,0.2,0.2,2,0.2813,"[417.3578186035156, 812.0241088867188, 700.497802734375, 1096.1370849609375]",1
frame_0015.png,extras,traffic_cone,orange traffic cone,orange traffic cone.,0.2,0.2,3,0.2899,"[149.0573272705078, 917.6527709960938, 184.0153350830078, 1007.1937255859375]",1
frame_0015.png,extras,trolley,trolley,trolley.,0.2,0.2,2,0.63,"[417.5068664550781, 814.4054565429688, 696.7031860351562, 1095.0093994140625]",1
frame_0015.png,extras,trolley,hand cart,hand cart.,0.2,0.2,2,0.4851,"[417.774169921875, 812.648681640625, 699.8793334960938, 1096.920654296875]",1
frame_0015.png,extras,trolley,hand truck,hand truck.,0.2,0.2,4,0.4989,"[302.5792236328125, 768.98388671875, 490.72979736328125, 983.6080322265625]",1
frame_0015.png,extras,trolley,luggage cart,luggage cart.,0.2,0.2,2,0.6109,"[417.2209167480469, 812.4341430664062, 699.9419555664062, 1096.8642578125]",1
frame_0015.png,extras,trolley,flatbed cart,flatbed cart.,0.2,0.2,1,0.6192,"[415.8071594238281, 812.1493530273438, 700.5097045898438, 1097.8406982421875]",1
frame_0015.png,extras,trolley,push cart,push cart.,0.2,0.2,2,0.5401,"[417.2135009765625, 812.72607421875, 700.3644409179688, 1097.3087158203125]",1
frame_0015.png,extras,trolley,utility cart,utility cart.,0.2,0.2,1,0.6696,"[416.9208984375, 811.2863159179688, 701.8914794921875, 1097.8839111328125]",1
frame_0015.png,extras,trolley,metal trolley,metal trolley.,0.2,0.2,1,0.7338,"[416.63983154296875, 810.5208740234375, 701.9283447265625, 1098.2667236328125]",1
frame_0016.png,production,trailer,ALL_GROUP,utility trailer. open trailer. vehicle trailer. covered trailer.,0.18,0.18,7,0.3971,"[388.2590637207031, 810.4283447265625, 687.9276733398438, 1098.1375732421875]",1
frame_0016.png,production,electric utility vehicle+electric wheelchair+electric scooter,ALL_GROUP,electric utility vehicle. small electric cart. golf cart. white utility vehicle. powered mobility scooter. motorized wheelchair. mobility chair. electric wheelchair. two-wheeled scooter. stand-up scooter. electric kick scooter. kick scooter.,0.2,0.2,5,0.3344,"[277.3237609863281, 766.5807495117188, 485.4973449707031, 980.6271362304688]",1
frame_0016.png,production,trolley,ALL_GROUP,trolley. hand cart. utility cart. push cart.,0.22,0.22,1,0.3088,"[387.1529541015625, 809.406005859375, 683.7736206054688, 1100.1485595703125]",1
frame_0016.png,production,pair of ramps+basketball,ALL_GROUP,metal ramps on ground. two metal ramps. pair of ramps. vehicle loading ramp. round orange ball. rubber ball on ground. sports ball. basketball.,0.18,0.18,18,0.4481,"[1145.4857177734375, 1641.0418701171875, 1684.899658203125, 1851.975830078125]",1
frame_0016.png,production,portable power station+umbrella,ALL_GROUP,portable power station. large power bank. battery box. power generator box. folded umbrella. open umbrella. shade umbrella. umbrella.,0.2,0.2,0,0.0,,0
frame_0016.png,production,rectangular table,ALL_GROUP,rectangular table. outdoor table. picnic table. folding table.,0.24,0.24,3,0.4342,"[393.2900390625, 1002.426513671875, 677.4000854492188, 1097.899169921875]",1
frame_0016.png,production,cardboard box,ALL_GROUP,cardboard box. brown cardboard box. shipping box.,0.26,0.26,0,0.0,,0
frame_0016.png,production,chair,ALL_GROUP,chair. folding chair. outdoor chair. plastic chair.,0.3,0.3,0,0.0,,0
frame_0016.png,production,traffic cone,ALL_GROUP,traffic cone. road cone. safety cone. orange cone.,0.22,0.22,1,0.239,"[142.16085815429688, 918.980712890625, 171.60418701171875, 1004.5870971679688]",1
frame_0016.png,production,prohibition sign,ALL_GROUP,red sign on ground. red circular sign. prohibition sign. red prohibition sign.,0.2,0.2,4,0.3229,"[1143.6234130859375, 1643.337158203125, 1693.751220703125, 1852.610595703125]",1
frame_0016.png,extras,cardboard_box,cardboard box,cardboard box.,0.2,0.2,0,0.0,,0
frame_0016.png,extras,cardboard_box,brown cardboard box,brown cardboard box.,0.2,0.2,1,0.3239,"[667.9293823242188, 876.3125610351562, 743.21923828125, 948.198974609375]",1
frame_0016.png,extras,cardboard_box,shipping box,shipping box.,0.2,0.2,5,0.4186,"[301.38427734375, 769.0773315429688, 483.2007141113281, 974.6607055664062]",1
frame_0016.png,extras,cardboard_box,small box,small box.,0.2,0.2,3,0.2745,"[495.1466979980469, 900.9293212890625, 659.2859497070312, 956.2740478515625]",1
frame_0016.png,extras,cardboard_box,package box,package box.,0.2,0.2,0,0.0,,0
frame_0016.png,extras,cardboard_box,stacked box,stacked box.,0.2,0.2,1,0.2196,"[302.29205322265625, 769.78515625, 482.9969177246094, 969.1340942382812]",1
frame_0016.png,extras,cardboard_box,outdoor cardboard box,outdoor cardboard box.,0.2,0.2,1,0.2917,"[297.8125, 767.0211791992188, 484.6011047363281, 971.1961059570312]",1
frame_0016.png,extras,chair,chair,chair.,0.2,0.2,4,0.2879,"[488.6007995605469, 812.321044921875, 673.0277099609375, 1009.0218505859375]",1
frame_0016.png,extras,chair,armless chair,armless chair.,0.2,0.2,5,0.3725,"[387.86065673828125, 808.4313354492188, 690.0897827148438, 1098.962158203125]",1
frame_0016.png,extras,chair,outdoor chair,outdoor chair.,0.2,0.2,3,0.3737,"[388.5903015136719, 808.9481201171875, 689.2648315429688, 1097.970703125]",1
frame_0016.png,extras,chair,plastic chair,plastic chair.,0.2,0.2,6,0.2885,"[390.985595703125, 809.157470703125, 686.6866455078125, 1099.133544921875]",1
frame_0016.png,extras,chair,folding chair,folding chair.,0.2,0.2,4,0.3435,"[390.3134765625, 810.4666137695312, 685.4886474609375, 1098.61865234375]",1
frame_0016.png,extras,chair,metal chair,metal chair.,0.2,0.2,2,0.5371,"[387.18194580078125, 806.0809326171875, 693.4794921875, 1101.1380615234375]",1
frame_0016.png,extras,electric_utility_vehicle,electric utility vehicle,electric utility vehicle.,0.2,0.2,9,0.3359,"[293.568603515625, 768.7732543945312, 484.408935546875, 979.1821899414062]",1
frame_0016.png,extras,electric_utility_vehicle,small electric cart,small electric cart.,0.2,0.2,1,0.7608,"[379.519287109375, 804.7352294921875, 692.793212890625, 1102.5030517578125]",1
frame_0016.png,extras,electric_utility_vehicle,utility vehicle,utility vehicle.,0.2,0.2,9,0.3582,"[388.20806884765625, 810.764892578125, 685.4061279296875, 1098.4078369140625]",1
frame_0016.png,extras,electric_utility_vehicle,golf cart,golf cart.,0.2,0.2,0,0.0,,0
frame_0016.png,extras,electric_utility_vehicle,electric cart,electric cart.,0.2,0.2,2,0.4977,"[383.6247253417969, 807.2969360351562, 688.59375, 1100.59326171875]",1
frame_0016.png,extras,electric_utility_vehicle,small white utility vehicle,small white utility vehicle.,0.2,0.2,3,0.4567,"[272.57904052734375, 765.3021240234375, 488.8737487792969, 986.8309936523438]",1
frame_0016.png,extras,electric_utility_vehicle,white utility cart,white utility cart.,0.2,0.2,4,0.3961,"[295.0693359375, 765.8088989257812, 486.0109558105469, 983.9263305664062]",1
frame_0016.png,extras,portable_power_station,portable power station,portable power station.,0.2,0.2,4,0.3747,"[280.9810791015625, 681.5264282226562, 960.5313110351562, 1007.0302734375]",1
frame_0016.png,extras,portable_power_station,large power bank,large power bank.,0.2,0.2,4,0.4627,"[281.5415344238281, 676.3963012695312, 963.6607055664062, 1000.920654296875]",1
frame_0016.png,extras,portable_power_station,battery box,battery box.,0.2,0.2,0,0.0,,0
frame_0016.png,extras,portable_power_station,power generator box,power generator box.,0.2,0.2,1,0.21,"[46.22810745239258, 836.1213989257812, 132.25387573242188, 904.00390625]",1
frame_0016.png,extras,portable_power_station,portable battery,portable battery.,0.2,0.2,4,0.3511,"[45.82648468017578, 837.2791748046875, 132.39694213867188, 902.3300170898438]",1
frame_0016.png,extras,portable_power_station,power station,power station.,0.2,0.2,6,0.4482,"[0.8920168876647949, 534.9271240234375, 236.99591064453125, 987.9573974609375]",1
frame_0016.png,extras,portable_power_station,large battery pack,large battery pack.,0.2,0.2,4,0.4089,"[1.7459464073181152, 534.9457397460938, 238.49427795410156, 990.4635620117188]",1
frame_0016.png,extras,rectangular_table,rectangular table,rectangular table.,0.2,0.2,3,0.5179,"[392.4307861328125, 1000.6112670898438, 678.5518188476562, 1100.2022705078125]",1
frame_0016.png,extras,rectangular_table,outdoor table,outdoor table.,0.2,0.2,7,0.4545,"[394.42840576171875, 1003.6528930664062, 677.8522338867188, 1099.0941162109375]",1
frame_0016.png,extras,rectangular_table,long rectangular table,long rectangular table.,0.2,0.2,2,0.4926,"[389.51434326171875, 997.9369506835938, 680.0081176757812, 1100.2945556640625]",1
frame_0016.png,extras,rectangular_table,picnic table,picnic table.,0.2,0.2,6,0.375,"[394.4494323730469, 1003.3701171875, 677.9574584960938, 1099.4427490234375]",1
frame_0016.png,extras,rectangular_table,folding table,folding table.,0.2,0.2,3,0.4043,"[395.2229309082031, 1005.346923828125, 677.955322265625, 1099.3475341796875]",1
frame_0016.png,extras,rectangular_table,work table,work table.,0.2,0.2,6,0.429,"[393.9259948730469, 1000.9153442382812, 678.1470336914062, 1099.92431640625]",1
frame_0016.png,extras,rectangular_table,outdoor wooden table,outdoor wooden table.,0.2,0.2,5,0.4916,"[392.029052734375, 999.7064819335938, 679.4721069335938, 1100.1265869140625]",1
frame_0016.png,extras,traffic_cone,traffic cone,traffic cone.,0.2,0.2,3,0.3709,"[144.35037231445312, 920.89599609375, 168.35154724121094, 1001.837646484375]",1
frame_0016.png,extras,traffic_cone,road cone,road cone.,0.2,0.2,1,0.3251,"[141.72767639160156, 917.6942749023438, 173.03941345214844, 1004.453125]",1
frame_0016.png,extras,traffic_cone,safety cone,safety cone.,0.2,0.2,1,0.2948,"[142.5830841064453, 919.3004760742188, 171.9513397216797, 1003.7085571289062]",1
frame_0016.png,extras,traffic_cone,orange cone,orange cone.,0.2,0.2,2,0.3737,"[141.9005126953125, 918.3095703125, 172.7997589111328, 1004.1229858398438]",1
frame_0016.png,extras,traffic_cone,construction cone,construction cone.,0.2,0.2,3,0.272,"[389.5563049316406, 808.63232421875, 683.9393310546875, 1099.87646484375]",1
frame_0016.png,extras,traffic_cone,orange traffic cone,orange traffic cone.,0.2,0.2,2,0.4493,"[140.64808654785156, 916.4552001953125, 173.85165405273438, 1005.3932495117188]",1
frame_0016.png,extras,trolley,trolley,trolley.,0.2,0.2,2,0.5964,"[390.7217102050781, 810.0531005859375, 682.4884643554688, 1100.0645751953125]",1
frame_0016.png,extras,trolley,hand cart,hand cart.,0.2,0.2,1,0.3608,"[389.01446533203125, 809.3815307617188, 685.0067138671875, 1099.7435302734375]",1
frame_0016.png,extras,trolley,hand truck,hand truck.,0.2,0.2,7,0.3695,"[295.5137634277344, 769.5491333007812, 483.71722412109375, 980.1234741210938]",1
frame_0016.png,extras,trolley,luggage cart,luggage cart.,0.2,0.2,4,0.5309,"[387.05755615234375, 808.8367309570312, 685.817138671875, 1099.662353515625]",1
frame_0016.png,extras,trolley,flatbed cart,flatbed cart.,0.2,0.2,2,0.5163,"[383.8212890625, 808.9663696289062, 687.83154296875, 1100.0975341796875]",1
frame_0016.png,extras,trolley,push cart,push cart.,0.2,0.2,3,0.4578,"[387.9764709472656, 809.2238159179688, 684.9166870117188, 1099.7847900390625]",1
frame_0016.png,extras,trolley,utility cart,utility cart.,0.2,0.2,2,0.5572,"[387.2188720703125, 807.1507568359375, 689.126953125, 1100.3333740234375]",1
frame_0016.png,extras,trolley,metal trolley,metal trolley.,0.2,0.2,1,0.6265,"[384.0270080566406, 806.5341796875, 691.8477172851562, 1101.3726806640625]",1
frame_0017.png,production,trailer,ALL_GROUP,utility trailer. open trailer. vehicle trailer. covered trailer.,0.18,0.18,6,0.4217,"[1.2898850440979004, 520.8019409179688, 218.165771484375, 983.7388916015625]",1
frame_0017.png,production,electric utility vehicle+electric wheelchair+electric scooter,ALL_GROUP,electric utility vehicle. small electric cart. golf cart. white utility vehicle. powered mobility scooter. motorized wheelchair. mobility chair. electric wheelchair. two-wheeled scooter. stand-up scooter. electric kick scooter. kick scooter.,0.2,0.2,3,0.3672,"[330.18438720703125, 789.9573364257812, 631.3425903320312, 1108.384521484375]",1
frame_0017.png,production,trolley,ALL_GROUP,trolley. hand cart. utility cart. push cart.,0.22,0.22,2,0.4195,"[330.912353515625, 793.5496215820312, 626.8672485351562, 1106.025390625]",1
frame_0017.png,production,pair of ramps+basketball,ALL_GROUP,metal ramps on ground. two metal ramps. pair of ramps. vehicle loading ramp. round orange ball. rubber ball on ground. sports ball. basketball.,0.18,0.18,17,0.3757,"[244.55545043945312, 661.0499267578125, 945.5132446289062, 1003.7755126953125]",1
frame_0017.png,production,portable power station+umbrella,ALL_GROUP,portable power station. large power bank. battery box. power generator box. folded umbrella. open umbrella. shade umbrella. umbrella.,0.2,0.2,0,0.0,,0
frame_0017.png,production,rectangular table,ALL_GROUP,rectangular table. outdoor table. picnic table. folding table.,0.24,0.24,2,0.402,"[332.8338928222656, 997.3834228515625, 622.4067993164062, 1103.117431640625]",1
frame_0017.png,production,cardboard box,ALL_GROUP,cardboard box. brown cardboard box. shipping box.,0.26,0.26,0,0.0,,0
frame_0017.png,production,chair,ALL_GROUP,chair. folding chair. outdoor chair. plastic chair.,0.3,0.3,0,0.0,,0
frame_0017.png,production,traffic cone,ALL_GROUP,traffic cone. road cone. safety cone. orange cone.,0.22,0.22,0,0.0,,0
frame_0017.png,production,prohibition sign,ALL_GROUP,red sign on ground. red circular sign. prohibition sign. red prohibition sign.,0.2,0.2,4,0.2851,"[2.785334587097168, 686.5465087890625, 188.4096221923828, 829.97265625]",1
frame_0017.png,extras,cardboard_box,cardboard box,cardboard box.,0.2,0.2,0,0.0,,0
frame_0017.png,extras,cardboard_box,brown cardboard box,brown cardboard box.,0.2,0.2,1,0.4496,"[645.3490600585938, 869.6322021484375, 722.0117797851562, 940.6929931640625]",1
frame_0017.png,extras,cardboard_box,shipping box,shipping box.,0.2,0.2,6,0.4293,"[0.9190750122070312, 521.601318359375, 216.71730041503906, 979.0505981445312]",1
frame_0017.png,extras,cardboard_box,small box,small box.,0.2,0.2,3,0.2689,"[425.24102783203125, 891.9969482421875, 600.3032836914062, 945.1796875]",1
frame_0017.png,extras,cardboard_box,package box,package box.,0.2,0.2,0,0.0,,0
frame_0017.png,extras,cardboard_box,stacked box,stacked box.,0.2,0.2,2,0.2953,"[1.033691167831421, 521.1304321289062, 217.1038360595703, 975.8114624023438]",1
frame_0017.png,extras,cardboard_box,outdoor cardboard box,outdoor cardboard box.,0.2,0.2,3,0.2586,"[644.8641357421875, 868.0234985351562, 722.9691162109375, 941.2574462890625]",1
frame_0017.png,extras,chair,chair,chair.,0.2,0.2,2,0.2773,"[331.9805603027344, 796.1162109375, 621.6702270507812, 1103.3892822265625]",1
frame_0017.png,extras,chair,armless chair,armless chair.,0.2,0.2,3,0.4284,"[2243.91064453125, 1667.93798828125, 2877.779296875, 1853.1038818359375]",1
frame_0017.png,extras,chair,outdoor chair,outdoor chair.,0.2,0.2,4,0.4261,"[331.64093017578125, 791.9785766601562, 626.184814453125, 1104.090087890625]",1
frame_0017.png,extras,chair,plastic chair,plastic chair.,0.2,0.2,2,0.3681,"[330.65057373046875, 792.1222534179688, 626.7442626953125, 1104.62646484375]",1
frame_0017.png,extras,chair,folding chair,folding chair.,0.2,0.2,3,0.3863,"[331.6809387207031, 793.8185424804688, 625.114013671875, 1104.4708251953125]",1
frame_0017.png,extras,chair,metal chair,metal chair.,0.2,0.2,1,0.7001,"[329.6126708984375, 789.32861328125, 629.3851928710938, 1107.4359130859375]",1
frame_0017.png,extras,electric_utility_vehicle,electric utility vehicle,electric utility vehicle.,0.2,0.2,7,0.3969,"[1.082775592803955, 520.96826171875, 219.45480346679688, 984.6931762695312]",1
frame_0017.png,extras,electric_utility_vehicle,small electric cart,small electric cart.,0.2,0.2,1,0.8447,"[328.93804931640625, 788.15283203125, 631.5272827148438, 1107.9453125]",1
frame_0017.png,extras,electric_utility_vehicle,utility vehicle,utility vehicle.,0.2,0.2,8,0.3889,"[332.5875549316406, 794.4479370117188, 625.0170288085938, 1104.1248779296875]",1
frame_0017.png,extras,electric_utility_vehicle,golf cart,golf cart.,0.2,0.2,1,0.2073,"[332.3968200683594, 792.544189453125, 626.868408203125, 1104.2769775390625]",1
frame_0017.png,extras,electric_utility_vehicle,electric cart,electric cart.,0.2,0.2,1,0.5341,"[330.7213134765625, 790.7867431640625, 628.966552734375, 1105.7799072265625]",1
frame_0017.png,extras,electric_utility_vehicle,small white utility vehicle,small white utility vehicle.,0.2,0.2,5,0.3307,"[340.16436767578125, 912.2353515625, 500.44140625, 1000.00537109375]",1
frame_0017.png,extras,electric_utility_vehicle,white utility cart,white utility cart.,0.2,0.2,1,0.6443,"[329.39776611328125, 788.880615234375, 628.976806640625, 1106.2767333984375]",1
frame_0017.png,extras,portable_power_station,portable power station,portable power station.,0.2,0.2,5,0.413,"[1.3936758041381836, 519.80322265625, 219.23365783691406, 984.1102294921875]",1
frame_0017.png,extras,portable_power_station,large power bank,large power bank.,0.2,0.2,4,0.4755,"[246.78135681152344, 666.17724609375, 948.4716796875, 1004.6509399414062]",1
frame_0017.png,extras,portable_power_station,battery box,battery box.,0.2,0.2,0,0.0,,0
frame_0017.png,extras,portable_power_station,power generator box,power generator box.,0.2,0.2,1,0.2112,"[1.7241668701171875, 520.5325927734375, 216.6514892578125, 981.5125732421875]",1
frame_0017.png,extras,portable_power_station,portable battery,portable battery.,0.2,0.2,4,0.2973,"[1.1513757705688477, 521.8657836914062, 217.57984924316406, 981.7743530273438]",1
frame_0017.png,extras,portable_power_station,power station,power station.,0.2,0.2,6,0.4746,"[0.9065330028533936, 520.7256469726562, 218.78770446777344, 981.6175537109375]",1
frame_0017.png,extras,portable_power_station,large battery pack,large battery pack.,0.2,0.2,3,0.5269,"[1.8694782257080078, 519.9126586914062, 220.32200622558594, 980.5731201171875]",1
frame_0017.png,extras,rectangular_table,rectangular table,rectangular table.,0.2,0.2,3,0.4495,"[331.0505676269531, 994.4263305664062, 623.2796020507812, 1105.04345703125]",1
frame_0017.png,extras,rectangular_table,outdoor table,outdoor table.,0.2,0.2,4,0.3676,"[331.9667053222656, 998.1836547851562, 622.216064453125, 1103.9117431640625]",1
frame_0017.png,extras,rectangular_table,long rectangular table,long rectangular table.,0.2,0.2,4,0.428,"[329.837158203125, 992.4774169921875, 624.699462890625, 1105.508544921875]",1
frame_0017.png,extras,rectangular_table,picnic table,picnic table.,0.2,0.2,5,0.3257,"[330.9388427734375, 922.9139404296875, 625.01416015625, 1103.9923095703125]",1
frame_0017.png,extras,rectangular_table,folding table,folding table.,0.2,0.2,3,0.3316,"[332.1343688964844, 998.9005737304688, 622.2314453125, 1104.385009765625]",1
frame_0017.png,extras,rectangular_table,work table,work table.,0.2,0.2,4,0.3504,"[330.4317321777344, 917.5744018554688, 625.3635864257812, 1104.4285888671875]",1
frame_0017.png,extras,rectangular_table,outdoor wooden table,outdoor wooden table.,0.2,0.2,4,0.4018,"[330.5536193847656, 995.3255615234375, 623.964111328125, 1104.9066162109375]",1
frame_0017.png,extras,traffic_cone,traffic cone,traffic cone.,0.2,0.2,0,0.0,,0
frame_0017.png,extras,traffic_cone,road cone,road cone.,0.2,0.2,1,0.2057,"[2245.075439453125, 1668.87939453125, 2877.57568359375, 1854.7998046875]",1
frame_0017.png,extras,traffic_cone,safety cone,safety cone.,0.2,0.2,1,0.2255,"[2245.595458984375, 1670.1845703125, 2877.746337890625, 1854.807373046875]",1
frame_0017.png,extras,traffic_cone,orange cone,orange cone.,0.2,0.2,1,0.2376,"[2247.039794921875, 1670.0745849609375, 2877.41455078125, 1854.557373046875]",1
frame_0017.png,extras,traffic_cone,construction cone,construction cone.,0.2,0.2,2,0.2414,"[2244.376220703125, 1668.987060546875, 2877.7763671875, 1854.6884765625]",1
frame_0017.png,extras,traffic_cone,orange traffic cone,orange traffic cone.,0.2,0.2,1,0.2176,"[2245.625, 1667.77685546875, 2876.9990234375, 1854.5247802734375]",1
frame_0017.png,extras,trolley,trolley,trolley.,0.2,0.2,1,0.6477,"[330.56341552734375, 794.8192138671875, 623.7728881835938, 1104.7557373046875]",1
frame_0017.png,extras,trolley,hand cart,hand cart.,0.2,0.2,1,0.511,"[330.7933044433594, 792.7557373046875, 626.6167602539062, 1104.782958984375]",1
frame_0017.png,extras,trolley,hand truck,hand truck.,0.2,0.2,5,0.3895,"[283.89324951171875, 756.9808959960938, 463.83160400390625, 976.884765625]",1
frame_0017.png,extras,trolley,luggage cart,luggage cart.,0.2,0.2,1,0.6377,"[331.0713195800781, 792.3170776367188, 627.0316772460938, 1105.461181640625]",1
frame_0017.png,extras,trolley,flatbed cart,flatbed cart.,0.2,0.2,2,0.6073,"[329.8106994628906, 792.6246337890625, 628.0264282226562, 1106.0704345703125]",1
frame_0017.png,extras,trolley,push cart,push cart.,0.2,0.2,2,0.5444,"[331.05596923828125, 792.6787109375, 627.0908203125, 1105.4613037109375]",1
frame_0017.png,extras,trolley,utility cart,utility cart.,0.2,0.2,1,0.6762,"[330.4898681640625, 791.015869140625, 628.3309326171875, 1105.611083984375]",1
frame_0017.png,extras,trolley,metal trolley,metal trolley.,0.2,0.2,1,0.723,"[329.35076904296875, 789.955322265625, 628.3217163085938, 1106.333984375]",1
frame_0018.png,production,trailer,ALL_GROUP,utility trailer. open trailer. vehicle trailer. covered trailer.,0.18,0.18,6,0.4062,"[188.67735290527344, 656.4039916992188, 912.6754760742188, 1005.7543334960938]",1
frame_0018.png,production,electric utility vehicle+electric wheelchair+electric scooter,ALL_GROUP,electric utility vehicle. small electric cart. golf cart. white utility vehicle. powered mobility scooter. motorized wheelchair. mobility chair. electric wheelchair. two-wheeled scooter. stand-up scooter. electric kick scooter. kick scooter.,0.2,0.2,4,0.3843,"[0.8734667301177979, 828.1754760742188, 165.54730224609375, 974.7280883789062]",1
frame_0018.png,production,trolley,ALL_GROUP,trolley. hand cart. utility cart. push cart.,0.22,0.22,4,0.3544,"[202.039306640625, 756.991943359375, 514.5156860351562, 1135.04833984375]",1
frame_0018.png,production,pair of ramps+basketball,ALL_GROUP,metal ramps on ground. two metal ramps. pair of ramps. vehicle loading ramp. round orange ball. rubber ball on ground. sports ball. basketball.,0.18,0.18,17,0.4286,"[1147.76025390625, 1641.54638671875, 1682.6842041015625, 1852.8470458984375]",1
frame_0018.png,production,portable power station+umbrella,ALL_GROUP,portable power station. large power bank. battery box. power generator box. folded umbrella. open umbrella. shade umbrella. umbrella.,0.2,0.2,3,0.2681,"[185.62071228027344, 651.5601806640625, 912.0606079101562, 1005.9089965820312]",1
frame_0018.png,production,rectangular table,ALL_GROUP,rectangular table. outdoor table. picnic table. folding table.,0.24,0.24,4,0.3747,"[203.1674041748047, 1014.9148559570312, 510.10345458984375, 1131.7353515625]",1
frame_0018.png,production,cardboard box,ALL_GROUP,cardboard box. brown cardboard box. shipping box.,0.26,0.26,1,0.2735,"[608.8714599609375, 873.2235107421875, 681.5022583007812, 938.3071899414062]",1
frame_0018.png,production,chair,ALL_GROUP,chair. folding chair. outdoor chair. plastic chair.,0.3,0.3,0,0.0,,0
frame_0018.png,production,traffic cone,ALL_GROUP,traffic cone. road cone. safety cone. orange cone.,0.22,0.22,2,0.2385,"[57.383243560791016, 914.6038208007812, 87.87950897216797, 1008.2546997070312]",1
frame_0018.png,production,prohibition sign,ALL_GROUP,red sign on ground. red circular sign. prohibition sign. red prohibition sign.,0.2,0.2,6,0.2832,"[1144.34619140625, 1644.5849609375, 1694.40234375, 1854.8182373046875]",1
frame_0018.png,extras,cardboard_box,cardboard box,cardboard box.,0.2,0.2,0,0.0,,0
frame_0018.png,extras,cardboard_box,brown cardboard box,brown cardboard box.,0.2,0.2,3,0.4154,"[607.4614868164062, 871.9559936523438, 683.0175170898438, 938.8370361328125]",1
frame_0018.png,extras,cardboard_box,shipping box,shipping box.,0.2,0.2,5,0.394,"[257.7811584472656, 755.7699584960938, 497.9621887207031, 1005.7921752929688]",1
frame_0018.png,extras,cardboard_box,small box,small box.,0.2,0.2,3,0.3652,"[202.1103057861328, 751.700927734375, 514.0339965820312, 1133.3433837890625]",1
frame_0018.png,extras,cardboard_box,package box,package box.,0.2,0.2,0,0.0,,0
frame_0018.png,extras,cardboard_box,stacked box,stacked box.,0.2,0.2,4,0.2611,"[259.99395751953125, 754.7482299804688, 496.5747375488281, 1001.9661254882812]",1
frame_0018.png,extras,cardboard_box,outdoor cardboard box,outdoor cardboard box.,0.2,0.2,5,0.3289,"[250.2795867919922, 751.673583984375, 499.357666015625, 1000.7319946289062]",1
frame_0018.png,extras,chair,chair,chair.,0.2,0.2,1,0.2906,"[0.4627293348312378, 891.640380859375, 49.3551139831543, 994.1768798828125]",1
frame_0018.png,extras,chair,armless chair,armless chair.,0.2,0.2,5,0.3511,"[1148.876953125, 1653.4869384765625, 2876.3408203125, 1852.92041015625]",1
frame_0018.png,extras,chair,outdoor chair,outdoor chair.,0.2,0.2,4,0.3184,"[192.20306396484375, 660.8842163085938, 519.4254760742188, 1134.0504150390625]",1
frame_0018.png,extras,chair,plastic chair,plastic chair.,0.2,0.2,4,0.2471,"[194.0998077392578, 660.6174926757812, 517.55517578125, 1134.4510498046875]",1
frame_0018.png,extras,chair,folding chair,folding chair.,0.2,0.2,5,0.3129,"[196.27809143066406, 661.2810668945312, 513.7372436523438, 1134.4764404296875]",1
frame_0018.png,extras,chair,metal chair,metal chair.,0.2,0.2,2,0.4232,"[191.1337890625, 658.3959350585938, 520.2741088867188, 1136.16015625]",1
frame_0018.png,extras,electric_utility_vehicle,electric utility vehicle,electric utility vehicle.,0.2,0.2,4,0.4447,"[257.19879150390625, 757.1964721679688, 500.5818176269531, 1007.2157592773438]",1
frame_0018.png,extras,electric_utility_vehicle,small electric cart,small electric cart.,0.2,0.2,1,0.8495,"[201.28150939941406, 752.5186157226562, 519.377685546875, 1136.17919921875]",1
frame_0018.png,extras,electric_utility_vehicle,utility vehicle,utility vehicle.,0.2,0.2,4,0.407,"[257.2433776855469, 758.0504760742188, 500.9645080566406, 1006.6368408203125]",1
frame_0018.png,extras,electric_utility_vehicle,golf cart,golf cart.,0.2,0.2,1,0.2017,"[203.8887176513672, 752.648193359375, 514.0503540039062, 1134.427001953125]",1
frame_0018.png,extras,electric_utility_vehicle,electric cart,electric cart.,0.2,0.2,2,0.5089,"[201.97999572753906, 753.58740234375, 517.073486328125, 1135.6065673828125]",1
frame_0018.png,extras,electric_utility_vehicle,small white utility vehicle,small white utility vehicle.,0.2,0.2,3,0.4629,"[251.73484802246094, 754.88720703125, 504.6429443359375, 1008.083740234375]",1
frame_0018.png,extras,electric_utility_vehicle,white utility cart,white utility cart.,0.2,0.2,1,0.7318,"[202.5604248046875, 750.4266967773438, 517.2594604492188, 1135.4832763671875]",1
frame_0018.png,extras,portable_power_station,portable power station,portable power station.,0.2,0.2,5,0.4068,"[202.05987548828125, 752.9053344726562, 516.7229614257812, 1134.0841064453125]",1
frame_0018.png,extras,portable_power_station,large power bank,large power bank.,0.2,0.2,6,0.4461,"[188.56028747558594, 650.724853515625, 914.0678100585938, 1007.7213134765625]",1
frame_0018.png,extras,portable_power_station,battery box,battery box.,0.2,0.2,0,0.0,,0
frame_0018.png,extras,portable_power_station,power generator box,power generator box.,0.2,0.2,2,0.2361,"[1.4778649806976318, 831.3131713867188, 156.61663818359375, 948.4216918945312]",1
frame_0018.png,extras,portable_power_station,portable battery,portable battery.,0.2,0.2,5,0.3689,"[204.00830078125, 752.8261108398438, 512.6519775390625, 1132.5751953125]",1
frame_0018.png,extras,portable_power_station,power station,power station.,0.2,0.2,5,0.3886,"[188.1293182373047, 656.4393310546875, 909.983154296875, 1008.3755493164062]",1
frame_0018.png,extras,portable_power_station,large battery pack,large battery pack.,0.2,0.2,5,0.3679,"[254.76466369628906, 751.8950805664062, 500.4342346191406, 1002.1589965820312]",1
frame_0018.png,extras,rectangular_table,rectangular table,rectangular table.,0.2,0.2,4,0.4251,"[202.3196258544922, 1012.4119873046875, 510.8194885253906, 1132.849609375]",1
frame_0018.png,extras,rectangular_table,outdoor table,outdoor table.,0.2,0.2,8,0.3132,"[202.7367401123047, 1015.4850463867188, 510.18798828125, 1132.4246826171875]",1
frame_0018.png,extras,rectangular_table,long rectangular table,long rectangular table.,0.2,0.2,5,0.3697,"[200.71484375, 1010.3461303710938, 512.3289794921875, 1133.0950927734375]",1
frame_0018.png,extras,rectangular_table,picnic table,picnic table.,0.2,0.2,8,0.3116,"[202.51034545898438, 1016.0267333984375, 510.1611022949219, 1132.8016357421875]",1
frame_0018.png,extras,rectangular_table,folding table,folding table.,0.2,0.2,6,0.3112,"[203.49229431152344, 1017.510986328125, 510.1031494140625, 1133.195556640625]",1
frame_0018.png,extras,rectangular_table,work table,work table.,0.2,0.2,8,0.3279,"[202.5399932861328, 1013.2136840820312, 510.5506286621094, 1132.785400390625]",1
frame_0018.png,extras,rectangular_table,outdoor wooden table,outdoor wooden table.,0.2,0.2,8,0.3308,"[204.88937377929688, 919.3764038085938, 745.0552368164062, 1013.7864990234375]",1
frame_0018.png,extras,traffic_cone,traffic cone,traffic cone.,0.2,0.2,2,0.3948,"[173.3644256591797, 921.7293701171875, 205.0085906982422, 1003.3292846679688]",1
frame_0018.png,extras,traffic_cone,road cone,road cone.,0.2,0.2,2,0.2637,"[55.226009368896484, 912.5540161132812, 90.18350219726562, 1008.4696655273438]",1
frame_0018.png,extras,traffic_cone,safety cone,safety cone.,0.2,0.2,2,0.2519,"[55.414222717285156, 913.739013671875, 89.49531555175781, 1008.0067749023438]",1
frame_0018.png,extras,traffic_cone,orange cone,orange cone.,0.2,0.2,2,0.3609,"[55.11935806274414, 912.3087158203125, 88.25897216796875, 1008.401123046875]",1
frame_0018.png,extras,traffic_cone,construction cone,construction cone.,0.2,0.2,3,0.2952,"[194.5470733642578, 664.9586181640625, 520.7105102539062, 1134.5406494140625]",1
frame_0018.png,extras,traffic_cone,orange traffic cone,orange traffic cone.,0.2,0.2,2,0.4134,"[54.40273666381836, 911.189208984375, 89.12823486328125, 1009.5450439453125]",1
frame_0018.png,extras,trolley,trolley,trolley.,0.2,0.2,2,0.3973,"[193.7539825439453, 660.0411376953125, 510.9891052246094, 1134.22998046875]",1
frame_0018.png,extras,trolley,hand cart,hand cart.,0.2,0.2,3,0.4463,"[189.2431640625, 660.6220703125, 518.3173828125, 1135.21826171875]",1
frame_0018.png,extras,trolley,hand truck,hand truck.,0.2,0.2,5,0.4071,"[257.647216796875, 757.2171020507812, 499.588134765625, 1006.1976928710938]",1
frame_0018.png,extras,trolley,luggage cart,luggage cart.,0.2,0.2,2,0.4766,"[189.70242309570312, 659.612548828125, 520.2128295898438, 1134.6129150390625]",1
frame_0018.png,extras,trolley,flatbed cart,flatbed cart.,0.2,0.2,3,0.4654,"[188.9116973876953, 659.9615478515625, 520.3046264648438, 1135.406005859375]",1
frame_0018.png,extras,trolley,push cart,push cart.,0.2,0.2,3,0.4418,"[189.22032165527344, 659.7192993164062, 519.104736328125, 1135.882568359375]",1
frame_0018.png,extras,trolley,utility cart,utility cart.,0.2,0.2,1,0.6958,"[201.3905487060547, 752.0663452148438, 516.8289184570312, 1135.579345703125]",1
frame_0018.png,extras,trolley,metal trolley,metal trolley.,0.2,0.2,2,0.5303,"[186.64483642578125, 655.3184204101562, 524.1461181640625, 1137.3670654296875]",1
frame_0019.png,production,trailer,ALL_GROUP,utility trailer. open trailer. vehicle trailer. covered trailer.,0.18,0.18,7,0.4022,"[103.00828552246094, 624.4592895507812, 838.8029174804688, 1026.1668701171875]",1
frame_0019.png,production,electric utility vehicle+electric wheelchair+electric scooter,ALL_GROUP,electric utility vehicle. small electric cart. golf cart. white utility vehicle. powered mobility scooter. motorized wheelchair. mobility chair. electric wheelchair. two-wheeled scooter. stand-up scooter. electric kick scooter. kick scooter.,0.2,0.2,3,0.3418,"[0.884699821472168, 726.7467651367188, 159.44691467285156, 1196.862060546875]",1
frame_0019.png,production,trolley,ALL_GROUP,trolley. hand cart. utility cart. push cart.,0.22,0.22,3,0.3002,"[0.8122748136520386, 729.42822265625, 155.4236297607422, 1195.0064697265625]",1
frame_0019.png,production,pair of ramps+basketball,ALL_GROUP,metal ramps on ground. two metal ramps. pair of ramps. vehicle loading ramp. round orange ball. rubber ball on ground. sports ball. basketball.,0.18,0.18,18,0.4187,"[1148.4302978515625, 1641.767822265625, 1693.26708984375, 1851.7430419921875]",1
frame_0019.png,production,portable power station+umbrella,ALL_GROUP,portable power station. large power bank. battery box. power generator box. folded umbrella. open umbrella. shade umbrella. umbrella.,0.2,0.2,0,0.0,,0
frame_0019.png,production,rectangular table,ALL_GROUP,rectangular table. outdoor table. picnic table. folding table.,0.24,0.24,2,0.2846,"[343.6908264160156, 932.721923828125, 648.129638671875, 1029.486328125]",1
frame_0019.png,production,cardboard box,ALL_GROUP,cardboard box. brown cardboard box. shipping box.,0.26,0.26,0,0.0,,0
frame_0019.png,production,chair,ALL_GROUP,chair. folding chair. outdoor chair. plastic chair.,0.3,0.3,0,0.0,,0
frame_0019.png,production,traffic cone,ALL_GROUP,traffic cone. road cone. safety cone. orange cone.,0.22,0.22,0,0.0,,0
frame_0019.png,production,prohibition sign,ALL_GROUP,red sign on ground. red circular sign. prohibition sign. red prohibition sign.,0.2,0.2,7,0.3569,"[1147.5426025390625, 1643.0477294921875, 1697.9932861328125, 1853.05224609375]",1
frame_0019.png,extras,cardboard_box,cardboard box,cardboard box.,0.2,0.2,0,0.0,,0
frame_0019.png,extras,cardboard_box,brown cardboard box,brown cardboard box.,0.2,0.2,2,0.2868,"[1933.0753173828125, 952.5296630859375, 1992.6153564453125, 1011.16357421875]",1
frame_0019.png,extras,cardboard_box,shipping box,shipping box.,0.2,0.2,4,0.3767,"[176.29690551757812, 750.9430541992188, 325.7847900390625, 955.562255859375]",1
frame_0019.png,extras,cardboard_box,small box,small box.,0.2,0.2,2,0.3408,"[1935.3359375, 954.3373413085938, 1991.0208740234375, 1008.9324340820312]",1
frame_0019.png,extras,cardboard_box,package box,package box.,0.2,0.2,0,0.0,,0
frame_0019.png,extras,cardboard_box,stacked box,stacked box.,0.2,0.2,2,0.2699,"[0.6350263953208923, 526.6179809570312, 75.02640533447266, 731.4297485351562]",1
frame_0019.png,extras,cardboard_box,outdoor cardboard box,outdoor cardboard box.,0.2,0.2,3,0.3656,"[103.45640563964844, 624.823486328125, 830.6951293945312, 1027.9088134765625]",1
frame_0019.png,extras,chair,chair,chair.,0.2,0.2,1,0.2628,"[471.65655517578125, 920.3635864257812, 579.0819702148438, 1012.383056640625]",1
frame_0019.png,extras,chair,armless chair,armless chair.,0.2,0.2,5,0.3573,"[2247.84130859375, 1669.0633544921875, 2877.587890625, 1853.01513671875]",1
frame_0019.png,extras,chair,outdoor chair,outdoor chair.,0.2,0.2,4,0.303,"[0.8836698532104492, 729.2640380859375, 156.754638671875, 1191.9443359375]",1
frame_0019.png,extras,chair,plastic chair,plastic chair.,0.2,0.2,2,0.327,"[533.9983520507812, 945.375732421875, 650.1690673828125, 1029.317138671875]",1
frame_0019.png,extras,chair,folding chair,folding chair.,0.2,0.2,3,0.304,"[0.5947959423065186, 730.2228393554688, 156.4172821044922, 1192.8363037109375]",1
frame_0019.png,extras,chair,metal chair,metal chair.,0.2,0.2,1,0.503,"[1.2423616647720337, 725.7658081054688, 159.15310668945312, 1195.0277099609375]",1
frame_0019.png,extras,electric_utility_vehicle,electric utility vehicle,electric utility vehicle.,0.2,0.2,4,0.4697,"[174.23773193359375, 750.5061645507812, 365.4433288574219, 1023.7123413085938]",1
frame_0019.png,extras,electric_utility_vehicle,small electric cart,small electric cart.,0.2,0.2,3,0.5867,"[1.5769779682159424, 723.608154296875, 159.8778839111328, 1196.7183837890625]",1
frame_0019.png,extras,electric_utility_vehicle,utility vehicle,utility vehicle.,0.2,0.2,5,0.447,"[174.51072692871094, 750.9191284179688, 364.1961669921875, 1023.2493286132812]",1
frame_0019.png,extras,electric_utility_vehicle,golf cart,golf cart.,0.2,0.2,2,0.2257,"[174.9778289794922, 750.6331787109375, 363.89361572265625, 1023.397705078125]",1
frame_0019.png,extras,electric_utility_vehicle,electric cart,electric cart.,0.2,0.2,4,0.3967,"[0.9161889553070068, 727.1785278320312, 156.65464782714844, 1195.0511474609375]",1
frame_0019.png,extras,electric_utility_vehicle,small white utility vehicle,small white utility vehicle.,0.2,0.2,3,0.5069,"[169.21278381347656, 748.8731689453125, 373.2939758300781, 1026.364013671875]",1
frame_0019.png,extras,electric_utility_vehicle,white utility cart,white utility cart.,0.2,0.2,3,0.4756,"[0.8679413795471191, 725.748779296875, 157.98358154296875, 1196.931884765625]",1
frame_0019.png,extras,portable_power_station,portable power station,portable power station.,0.2,0.2,4,0.5158,"[93.1146240234375, 623.405517578125, 841.4208984375, 1030.1002197265625]",1
frame_0019.png,extras,portable_power_station,large power bank,large power bank.,0.2,0.2,1,0.6645,"[91.60305786132812, 617.937744140625, 843.429931640625, 1027.749267578125]",1
frame_0019.png,extras,portable_power_station,battery box,battery box.,0.2,0.2,0,0.0,,0
frame_0019.png,extras,portable_power_station,power generator box,power generator box.,0.2,0.2,0,0.0,,0
frame_0019.png,extras,portable_power_station,portable battery,portable battery.,0.2,0.2,3,0.3167,"[0.18266916275024414, 527.4605712890625, 155.95452880859375, 1193.2044677734375]",1
frame_0019.png,extras,portable_power_station,power station,power station.,0.2,0.2,2,0.624,"[91.40921020507812, 624.11279296875, 841.4028930664062, 1027.9737548828125]",1
frame_0019.png,extras,portable_power_station,large battery pack,large battery pack.,0.2,0.2,4,0.413,"[173.6660614013672, 747.224365234375, 329.2188720703125, 961.949951171875]",1
frame_0019.png,extras,rectangular_table,rectangular table,rectangular table.,0.2,0.2,6,0.3905,"[330.46466064453125, 930.1018676757812, 715.451904296875, 1031.4075927734375]",1
frame_0019.png,extras,rectangular_table,outdoor table,outdoor table.,0.2,0.2,3,0.4792,"[335.7847595214844, 929.73046875, 651.3046264648438, 1029.8712158203125]",1
frame_0019.png,extras,rectangular_table,long rectangular table,long rectangular table.,0.2,0.2,3,0.3948,"[318.8349914550781, 926.7000732421875, 713.8096313476562, 1032.549072265625]",1
frame_0019.png,extras,rectangular_table,picnic table,picnic table.,0.2,0.2,3,0.4373,"[336.26275634765625, 929.3711547851562, 599.328857421875, 1026.7349853515625]",1
frame_0019.png,extras,rectangular_table,folding table,folding table.,0.2,0.2,6,0.3321,"[345.6493225097656, 933.2261352539062, 647.4628295898438, 1028.4189453125]",1
frame_0019.png,extras,rectangular_table,work table,work table.,0.2,0.2,3,0.3983,"[337.84674072265625, 929.4171142578125, 592.8040771484375, 1027.1390380859375]",1
frame_0019.png,extras,rectangular_table,outdoor wooden table,outdoor wooden table.,0.2,0.2,1,0.6167,"[327.0279235839844, 927.2099609375, 646.8510131835938, 1029.9039306640625]",1
frame_0019.png,extras,traffic_cone,traffic cone,traffic cone.,0.2,0.2,0,0.0,,0
frame_0019.png,extras,traffic_cone,road cone,road cone.,0.2,0.2,4,0.2306,"[1158.12744140625, 1656.339111328125, 1693.31884765625, 1854.6688232421875]",1
frame_0019.png,extras,traffic_cone,safety cone,safety cone.,0.2,0.2,2,0.2291,"[1158.546630859375, 1657.3443603515625, 1693.2078857421875, 1854.8026123046875]",1
frame_0019.png,extras,traffic_cone,orange cone,orange cone.,0.2,0.2,2,0.205,"[1158.920654296875, 1657.5015869140625, 1692.036865234375, 1854.5626220703125]",1
frame_0019.png,extras,traffic_cone,construction cone,construction cone.,0.2,0.2,3,0.2554,"[1157.6324462890625, 1656.3228759765625, 1693.6427001953125, 1854.578369140625]",1
frame_0019.png,extras,traffic_cone,orange traffic cone,orange traffic cone.,0.2,0.2,3,0.278,"[1.3618218898773193, 724.9317016601562, 161.265869140625, 1193.0899658203125]",1
frame_0019.png,extras,trolley,trolley,trolley.,0.2,0.2,6,0.5023,"[0.8679360151290894, 731.378173828125, 155.08059692382812, 1191.7744140625]",1
frame_0019.png,extras,trolley,hand cart,hand cart.,0.2,0.2,7,0.3955,"[0.8245968818664551, 729.7576293945312, 155.90908813476562, 1194.40087890625]",1
frame_0019.png,extras,trolley,hand truck,hand truck.,0.2,0.2,5,0.4097,"[173.3870849609375, 750.9077758789062, 364.3892517089844, 1022.9537963867188]",1
frame_0019.png,extras,trolley,luggage cart,luggage cart.,0.2,0.2,6,0.4629,"[0.9107601642608643, 729.4452514648438, 155.74600219726562, 1194.1884765625]",1
frame_0019.png,extras,trolley,flatbed cart,flatbed cart.,0.2,0.2,7,0.3584,"[0.7170456647872925, 730.0355224609375, 156.64695739746094, 1193.4776611328125]",1
frame_0019.png,extras,trolley,push cart,push cart.,0.2,0.2,8,0.3958,"[0.830390453338623, 730.0675048828125, 155.8125457763672, 1194.749755859375]",1
frame_0019.png,extras,trolley,utility cart,utility cart.,0.2,0.2,5,0.4689,"[0.6761741638183594, 726.7412719726562, 156.5334930419922, 1196.5374755859375]",1
frame_0019.png,extras,trolley,metal trolley,metal trolley.,0.2,0.2,3,0.4979,"[0.8795982599258423, 725.4630737304688, 157.4494171142578, 1196.665283203125]",1
frame_0020.png,production,trailer,ALL_GROUP,utility trailer. open trailer. vehicle trailer. covered trailer.,0.18,0.18,7,0.3952,"[106.8028564453125, 624.5616455078125, 841.8577880859375, 1027.0455322265625]",1
frame_0020.png,production,electric utility vehicle+electric wheelchair+electric scooter,ALL_GROUP,electric utility vehicle. small electric cart. golf cart. white utility vehicle. powered mobility scooter. motorized wheelchair. mobility chair. electric wheelchair. two-wheeled scooter. stand-up scooter. electric kick scooter. kick scooter.,0.2,0.2,3,0.3526,"[178.7202911376953, 867.5528564453125, 365.3251953125, 1026.825439453125]",1
frame_0020.png,production,trolley,ALL_GROUP,trolley. hand cart. utility cart. push cart.,0.22,0.22,3,0.3244,"[0.8223116397857666, 729.2127075195312, 155.5724639892578, 1194.8974609375]",1
frame_0020.png,production,pair of ramps+basketball,ALL_GROUP,metal ramps on ground. two metal ramps. pair of ramps. vehicle loading ramp. round orange ball. rubber ball on ground. sports ball. basketball.,0.18,0.18,18,0.411,"[1149.0426025390625, 1642.683349609375, 1691.63720703125, 1852.121337890625]",1
frame_0020.png,production,portable power station+umbrella,ALL_GROUP,portable power station. large power bank. battery box. power generator box. folded umbrella. open umbrella. shade umbrella. umbrella.,0.2,0.2,0,0.0,,0
frame_0020.png,production,rectangular table,ALL_GROUP,rectangular table. outdoor table. picnic table. folding table.,0.24,0.24,2,0.2967,"[344.3050842285156, 931.9083251953125, 648.9560546875, 1030.1361083984375]",1
frame_0020.png,production,cardboard box,ALL_GROUP,cardboard box. brown cardboard box. shipping box.,0.26,0.26,0,0.0,,0
frame_0020.png,production,chair,ALL_GROUP,chair. folding chair. outdoor chair. plastic chair.,0.3,0.3,0,0.0,,0
frame_0020.png,production,traffic cone,ALL_GROUP,traffic cone. road cone. safety cone. orange cone.,0.22,0.22,0,0.0,,0
frame_0020.png,production,prohibition sign,ALL_GROUP,red sign on ground. red circular sign. prohibition sign. red prohibition sign.,0.2,0.2,7,0.3854,"[1148.1845703125, 1643.9483642578125, 1697.603271484375, 1854.13037109375]",1
frame_0020.png,extras,cardboard_box,cardboard box,cardboard box.,0.2,0.2,0,0.0,,0
frame_0020.png,extras,cardboard_box,brown cardboard box,brown cardboard box.,0.2,0.2,2,0.3006,"[175.99752807617188, 749.3014526367188, 327.55084228515625, 955.3903198242188]",1
frame_0020.png,extras,cardboard_box,shipping box,shipping box.,0.2,0.2,4,0.3841,"[176.2736358642578, 750.86572265625, 325.8775939941406, 956.1220092773438]",1
frame_0020.png,extras,cardboard_box,small box,small box.,0.2,0.2,2,0.3554,"[1935.5142822265625, 954.4644775390625, 1991.0975341796875, 1008.9664306640625]",1
frame_0020.png,extras,cardboard_box,package box,package box.,0.2,0.2,0,0.0,,0
frame_0020.png,extras,cardboard_box,stacked box,stacked box.,0.2,0.2,2,0.2805,"[0.6402593851089478, 526.622802734375, 76.1568374633789, 732.5924072265625]",1
frame_0020.png,extras,cardboard_box,outdoor cardboard box,outdoor cardboard box.,0.2,0.2,3,0.3866,"[175.33926391601562, 748.9122924804688, 327.70062255859375, 958.1229248046875]",1
frame_0020.png,extras,chair,chair,chair.,0.2,0.2,2,0.2016,"[1.1993122100830078, 1738.7723388671875, 451.90191650390625, 1856.7835693359375]",1
frame_0020.png,extras,chair,armless chair,armless chair.,0.2,0.2,4,0.3774,"[2245.26123046875, 1669.424560546875, 2877.63818359375, 1853.151611328125]",1
frame_0020.png,extras,chair,outdoor chair,outdoor chair.,0.2,0.2,4,0.3286,"[0.9616845846176147, 729.5633544921875, 157.11859130859375, 1191.857666015625]",1
frame_0020.png,extras,chair,plastic chair,plastic chair.,0.2,0.2,3,0.3457,"[533.227294921875, 945.4061889648438, 650.1482543945312, 1029.954833984375]",1
frame_0020.png,extras,chair,folding chair,folding chair.,0.2,0.2,4,0.3146,"[0.7246202230453491, 730.3377685546875, 156.4237060546875, 1192.5364990234375]",1
frame_0020.png,extras,chair,metal chair,metal chair.,0.2,0.2,1,0.5286,"[1.2662333250045776, 725.2720947265625, 159.25172424316406, 1195.236083984375]",1
frame_0020.png,extras,electric_utility_vehicle,electric utility vehicle,electric utility vehicle.,0.2,0.2,4,0.4675,"[174.14495849609375, 750.6807861328125, 367.4498596191406, 1023.552001953125]",1
frame_0020.png,extras,electric_utility_vehicle,small electric cart,small electric cart.,0.2,0.2,3,0.6038,"[1.572670340538025, 723.493896484375, 160.111572265625, 1196.7174072265625]",1
frame_0020.png,extras,electric_utility_vehicle,utility vehicle,utility vehicle.,0.2,0.2,5,0.4481,"[174.21432495117188, 750.8237915039062, 365.81597900390625, 1023.22705078125]",1
frame_0020.png,extras,electric_utility_vehicle,golf cart,golf cart.,0.2,0.2,2,0.2685,"[0.967521071434021, 728.0079956054688, 156.97308349609375, 1194.12744140625]",1
frame_0020.png,extras,electric_utility_vehicle,electric cart,electric cart.,0.2,0.2,4,0.3924,"[0.8834177255630493, 726.8455810546875, 156.84747314453125, 1194.709228515625]",1
frame_0020.png,extras,electric_utility_vehicle,small white utility vehicle,small white utility vehicle.,0.2,0.2,2,0.506,"[169.52297973632812, 748.8739624023438, 375.0091247558594, 1026.3099365234375]",1
frame_0020.png,extras,electric_utility_vehicle,white utility cart,white utility cart.,0.2,0.2,3,0.5054,"[0.8131706714630127, 725.1463012695312, 158.45962524414062, 1196.88818359375]",1
frame_0020.png,extras,portable_power_station,portable power station,portable power station.,0.2,0.2,4,0.511,"[96.71985626220703, 623.3767700195312, 843.6278686523438, 1030.5135498046875]",1
frame_0020.png,extras,portable_power_station,large power bank,large power bank.,0.2,0.2,2,0.6577,"[96.50570678710938, 617.90771484375, 846.3468017578125, 1028.7640380859375]",1
frame_0020.png,extras,portable_power_station,battery box,battery box.,0.2,0.2,0,0.0,,0
frame_0020.png,extras,portable_power_station,power generator box,power generator box.,0.2,0.2,0,0.0,,0
frame_0020.png,extras,portable_power_station,portable battery,portable battery.,0.2,0.2,4,0.3266,"[177.13623046875, 750.8461303710938, 325.77520751953125, 956.6976318359375]",1
frame_0020.png,extras,portable_power_station,power station,power station.,0.2,0.2,2,0.6163,"[99.37438201904297, 624.2039794921875, 844.338623046875, 1028.2552490234375]",1
frame_0020.png,extras,portable_power_station,large battery pack,large battery pack.,0.2,0.2,4,0.4302,"[173.23577880859375, 747.1996459960938, 329.22802734375, 962.9304809570312]",1
frame_0020.png,extras,rectangular_table,rectangular table,rectangular table.,0.2,0.2,5,0.4333,"[335.0085144042969, 929.532958984375, 711.8773193359375, 1032.027099609375]",1
frame_0020.png,extras,rectangular_table,outdoor table,outdoor table.,0.2,0.2,3,0.4967,"[333.1610412597656, 929.6724853515625, 662.2916870117188, 1030.312744140625]",1
frame_0020.png,extras,rectangular_table,long rectangular table,long rectangular table.,0.2,0.2,3,0.3916,"[320.6444091796875, 925.9484252929688, 714.9864501953125, 1033.1302490234375]",1
frame_0020.png,extras,rectangular_table,picnic table,picnic table.,0.2,0.2,3,0.4884,"[329.3978271484375, 927.0744018554688, 647.795166015625, 1029.9796142578125]",1
frame_0020.png,extras,rectangular_table,folding table,folding table.,0.2,0.2,6,0.34,"[343.8465270996094, 932.9805908203125, 649.5850219726562, 1028.8763427734375]",1
frame_0020.png,extras,rectangular_table,work table,work table.,0.2,0.2,2,0.4277,"[321.3567810058594, 926.0408935546875, 701.260009765625, 1032.3009033203125]",1
frame_0020.png,extras,rectangular_table,outdoor wooden table,outdoor wooden table.,0.2,0.2,1,0.626,"[326.8243713378906, 926.8897094726562, 650.9766845703125, 1030.516845703125]",1
frame_0020.png,extras,traffic_cone,traffic cone,traffic cone.,0.2,0.2,1,0.2091,"[66.59603881835938, 961.021240234375, 86.29000854492188, 1016.7666625976562]",1
frame_0020.png,extras,traffic_cone,road cone,road cone.,0.2,0.2,4,0.2412,"[1158.358642578125, 1656.30224609375, 1692.357666015625, 1854.9749755859375]",1
frame_0020.png,extras,traffic_cone,safety cone,safety cone.,0.2,0.2,3,0.2535,"[1158.94140625, 1657.2603759765625, 1692.116455078125, 1855.337158203125]",1
frame_0020.png,extras,traffic_cone,orange cone,orange cone.,0.2,0.2,3,0.2064,"[1.3777810335159302, 728.9595947265625, 158.44541931152344, 1191.39794921875]",1
frame_0020.png,extras,traffic_cone,construction cone,construction cone.,0.2,0.2,7,0.2741,"[1158.076416015625, 1656.4521484375, 1692.7701416015625, 1854.8138427734375]",1
frame_0020.png,extras,traffic_cone,orange traffic cone,orange traffic cone.,0.2,0.2,3,0.2862,"[1.3823944330215454, 724.6256713867188, 161.12228393554688, 1192.3409423828125]",1
frame_0020.png,extras,trolley,trolley,trolley.,0.2,0.2,6,0.5169,"[0.8801239728927612, 731.3741455078125, 155.32032775878906, 1191.8890380859375]",1
frame_0020.png,extras,trolley,hand cart,hand cart.,0.2,0.2,7,0.43,"[0.7767623662948608, 729.0845336914062, 155.84750366210938, 1194.560302734375]",1
frame_0020.png,extras,trolley,hand truck,hand truck.,0.2,0.2,4,0.4352,"[173.12655639648438, 750.8364868164062, 367.02587890625, 1022.7506713867188]",1
frame_0020.png,extras,trolley,luggage cart,luggage cart.,0.2,0.2,7,0.487,"[0.8948653936386108, 728.83544921875, 155.7552490234375, 1194.18603515625]",1
frame_0020.png,extras,trolley,flatbed cart,flatbed cart.,0.2,0.2,7,0.38,"[0.7254034280776978, 729.7012939453125, 156.81784057617188, 1193.5560302734375]",1
frame_0020.png,extras,trolley,push cart,push cart.,0.2,0.2,8,0.4164,"[0.8469772338867188, 729.5520629882812, 155.81716918945312, 1194.8009033203125]",1
frame_0020.png,extras,trolley,utility cart,utility cart.,0.2,0.2,4,0.4698,"[0.6367617845535278, 726.4415283203125, 156.70921325683594, 1196.341064453125]",1
frame_0020.png,extras,trolley,metal trolley,metal trolley.,0.2,0.2,3,0.5097,"[0.8493965864181519, 725.23876953125, 157.62867736816406, 1196.68359375]",1
frame_0021.png,production,trailer,ALL_GROUP,utility trailer. open trailer. vehicle trailer. covered trailer.,0.18,0.18,4,0.426,"[3.186979293823242, 583.408447265625, 777.0545043945312, 1027.0762939453125]",1
frame_0021.png,production,electric utility vehicle+electric wheelchair+electric scooter,ALL_GROUP,electric utility vehicle. small electric cart. golf cart. white utility vehicle. powered mobility scooter. motorized wheelchair. mobility chair. electric wheelchair. two-wheeled scooter. stand-up scooter. electric kick scooter. kick scooter.,0.2,0.2,4,0.3084,"[73.13201904296875, 874.45703125, 240.61279296875, 1028.221435546875]",1
frame_0021.png,production,trolley,ALL_GROUP,trolley. hand cart. utility cart. push cart.,0.22,0.22,1,0.2264,"[75.59663391113281, 875.2728271484375, 275.86260986328125, 1028.115478515625]",1
frame_0021.png,production,pair of ramps+basketball,ALL_GROUP,metal ramps on ground. two metal ramps. pair of ramps. vehicle loading ramp. round orange ball. rubber ball on ground. sports ball. basketball.,0.18,0.18,19,0.3972,"[5.623970031738281, 574.8223876953125, 781.0957641601562, 1038.1153564453125]",1
frame_0021.png,production,portable power station+umbrella,ALL_GROUP,portable power station. large power bank. battery box. power generator box. folded umbrella. open umbrella. shade umbrella. umbrella.,0.2,0.2,0,0.0,,0
frame_0021.png,production,rectangular table,ALL_GROUP,rectangular table. outdoor table. picnic table. folding table.,0.24,0.24,3,0.3233,"[261.71978759765625, 925.2156982421875, 440.10772705078125, 1021.6795043945312]",1
frame_0021.png,production,cardboard box,ALL_GROUP,cardboard box. brown cardboard box. shipping box.,0.26,0.26,0,0.0,,0
frame_0021.png,production,chair,ALL_GROUP,chair. folding chair. outdoor chair. plastic chair.,0.3,0.3,2,0.3629,"[519.3350219726562, 941.0665893554688, 642.5006103515625, 1027.8858642578125]",1
frame_0021.png,production,traffic cone,ALL_GROUP,traffic cone. road cone. safety cone. orange cone.,0.22,0.22,0,0.0,,0
frame_0021.png,production,prohibition sign,ALL_GROUP,red sign on ground. red circular sign. prohibition sign. red prohibition sign.,0.2,0.2,2,0.2823,"[1140.761474609375, 1643.6956787109375, 1699.4639892578125, 1852.67724609375]",1
frame_0021.png,extras,cardboard_box,cardboard box,cardboard box.,0.2,0.2,0,0.0,,0
frame_0021.png,extras,cardboard_box,brown cardboard box,brown cardboard box.,0.2,0.2,3,0.4115,"[473.9815673828125, 850.4784545898438, 548.6080932617188, 944.3170776367188]",1
frame_0021.png,extras,cardboard_box,shipping box,shipping box.,0.2,0.2,2,0.2939,"[3.919072151184082, 583.4922485351562, 775.7478637695312, 1030.24951171875]",1
frame_0021.png,extras,cardboard_box,small box,small box.,0.2,0.2,2,0.3882,"[2003.401611328125, 954.2557373046875, 2064.71728515625, 1024.0986328125]",1
frame_0021.png,extras,cardboard_box,package box,package box.,0.2,0.2,0,0.0,,0
frame_0021.png,extras,cardboard_box,stacked box,stacked box.,0.2,0.2,0,0.0,,0
frame_0021.png,extras,cardboard_box,outdoor cardboard box,outdoor cardboard box.,0.2,0.2,3,0.252,"[475.52587890625, 849.7413330078125, 549.0985717773438, 944.234130859375]",1
frame_0021.png,extras,chair,chair,chair.,0.2,0.2,3,0.232,"[1.2717533111572266, 1738.7923583984375, 443.3743896484375, 1856.9066162109375]",1
frame_0021.png,extras,chair,armless chair,armless chair.,0.2,0.2,4,0.4293,"[2248.80029296875, 1668.70556640625, 2877.636474609375, 1852.98486328125]",1
frame_0021.png,extras,chair,outdoor chair,outdoor chair.,0.2,0.2,7,0.3029,"[77.71487426757812, 902.2365112304688, 229.1940460205078, 1023.94970703125]",1
frame_0021.png,extras,chair,plastic chair,plastic chair.,0.2,0.2,2,0.4672,"[518.4722290039062, 940.8863525390625, 642.6771850585938, 1027.8389892578125]",1
frame_0021.png,extras,chair,folding chair,folding chair.,0.2,0.2,5,0.3481,"[2248.505859375, 1671.0478515625, 2878.957275390625, 1853.5244140625]",1
frame_0021.png,extras,chair,metal chair,metal chair.,0.2,0.2,5,0.3693,"[78.73768615722656, 891.3125610351562, 232.9774932861328, 1025.7503662109375]",1
frame_0021.png,extras,electric_utility_vehicle,electric utility vehicle,electric utility vehicle.,0.2,0.2,3,0.4106,"[75.1772689819336, 873.7283935546875, 277.5926818847656, 1027.08984375]",1
frame_0021.png,extras,electric_utility_vehicle,small electric cart,small electric cart.,0.2,0.2,2,0.6218,"[71.62501525878906, 871.39306640625, 252.78897094726562, 1030.3592529296875]",1
frame_0021.png,extras,electric_utility_vehicle,utility vehicle,utility vehicle.,0.2,0.2,6,0.4602,"[75.79647064208984, 874.9075317382812, 274.1700439453125, 1026.4154052734375]",1
frame_0021.png,extras,electric_utility_vehicle,golf cart,golf cart.,0.2,0.2,0,0.0,,0
frame_0021.png,extras,electric_utility_vehicle,electric cart,electric cart.,0.2,0.2,3,0.4625,"[73.7276840209961, 870.9028930664062, 269.38970947265625, 1029.047119140625]",1
frame_0021.png,extras,electric_utility_vehicle,small white utility vehicle,small white utility vehicle.,0.2,0.2,1,0.5451,"[73.86286163330078, 899.9378051757812, 244.12408447265625, 1029.122802734375]",1
frame_0021.png,extras,electric_utility_vehicle,white utility cart,white utility cart.,0.2,0.2,3,0.4521,"[73.47154235839844, 883.1314086914062, 238.76434326171875, 1028.4776611328125]",1
frame_0021.png,extras,portable_power_station,portable power station,portable power station.,0.2,0.2,1,0.6704,"[3.3522462844848633, 579.4969482421875, 778.4690551757812, 1036.54931640625]",1
frame_0021.png,extras,portable_power_station,large power bank,large power bank.,0.2,0.2,1,0.7017,"[4.934234619140625, 575.3167724609375, 780.7891845703125, 1034.5926513671875]",1
frame_0021.png,extras,portable_power_station,battery box,battery box.,0.2,0.2,0,0.0,,0
frame_0021.png,extras,portable_power_station,power generator box,power generator box.,0.2,0.2,0,0.0,,0
frame_0021.png,extras,portable_power_station,portable battery,portable battery.,0.2,0.2,4,0.2677,"[2003.997802734375, 955.3380126953125, 2063.717041015625, 1023.521728515625]",1
frame_0021.png,extras,portable_power_station,power station,power station.,0.2,0.2,1,0.6849,"[3.324565887451172, 580.7139892578125, 778.013916015625, 1033.3050537109375]",1
frame_0021.png,extras,portable_power_station,large battery pack,large battery pack.,0.2,0.2,2,0.3658,"[5.524964332580566, 579.1580810546875, 776.1564331054688, 1036.1258544921875]",1
frame_0021.png,extras,rectangular_table,rectangular table,rectangular table.,0.2,0.2,4,0.3743,"[256.19781494140625, 924.703125, 553.0587158203125, 1034.1209716796875]",1
frame_0021.png,extras,rectangular_table,outdoor table,outdoor table.,0.2,0.2,3,0.4167,"[261.7706298828125, 924.7088012695312, 441.5011291503906, 1023.2798461914062]",1
frame_0021.png,extras,rectangular_table,long rectangular table,long rectangular table.,0.2,0.2,4,0.4829,"[222.9221649169922, 919.2481689453125, 633.6361694335938, 1036.74462890625]",1
frame_0021.png,extras,rectangular_table,picnic table,picnic table.,0.2,0.2,4,0.4259,"[262.0273742675781, 923.68310546875, 440.66192626953125, 1023.08447265625]",1
frame_0021.png,extras,rectangular_table,folding table,folding table.,0.2,0.2,3,0.4395,"[263.0347900390625, 925.5079345703125, 439.6407470703125, 1023.7619018554688]",1
frame_0021.png,extras,rectangular_table,work table,work table.,0.2,0.2,3,0.4323,"[261.0897521972656, 922.7425537109375, 442.0772399902344, 1023.8666381835938]",1
frame_0021.png,extras,rectangular_table,outdoor wooden table,outdoor wooden table.,0.2,0.2,2,0.4864,"[219.56204223632812, 920.230224609375, 624.35791015625, 1032.29052734375]",1
frame_0021.png,extras,traffic_cone,traffic cone,traffic cone.,0.2,0.2,0,0.0,,0
frame_0021.png,extras,traffic_cone,road cone,road cone.,0.2,0.2,3,0.2506,"[2249.397705078125, 1670.4251708984375, 2877.260498046875, 1854.767578125]",1
frame_0021.png,extras,traffic_cone,safety cone,safety cone.,0.2,0.2,2,0.2646,"[2249.549072265625, 1671.5003662109375, 2877.66015625, 1854.785400390625]",1
frame_0021.png,extras,traffic_cone,orange cone,orange cone.,0.2,0.2,1,0.2742,"[2250.890625, 1671.497802734375, 2876.935546875, 1854.5965576171875]",1
frame_0021.png,extras,traffic_cone,construction cone,construction cone.,0.2,0.2,2,0.2593,"[2249.083740234375, 1670.351318359375, 2877.359619140625, 1854.8353271484375]",1
frame_0021.png,extras,traffic_cone,orange traffic cone,orange traffic cone.,0.2,0.2,2,0.2963,"[2249.609619140625, 1669.2957763671875, 2876.36083984375, 1854.2645263671875]",1
frame_0021.png,extras,trolley,trolley,trolley.,0.2,0.2,6,0.3207,"[77.04856872558594, 872.9010620117188, 223.71009826660156, 1023.9124145507812]",1
frame_0021.png,extras,trolley,hand cart,hand cart.,0.2,0.2,7,0.2977,"[75.47541809082031, 875.352294921875, 279.7588195800781, 1028.0928955078125]",1
frame_0021.png,extras,trolley,hand truck,hand truck.,0.2,0.2,6,0.3106,"[74.64995574951172, 734.248291015625, 274.2909851074219, 1024.5791015625]",1
frame_0021.png,extras,trolley,luggage cart,luggage cart.,0.2,0.2,5,0.4402,"[75.45233917236328, 876.1494140625, 277.79443359375, 1028.2811279296875]",1
frame_0021.png,extras,trolley,flatbed cart,flatbed cart.,0.2,0.2,3,0.4264,"[75.35359191894531, 880.5899658203125, 278.1781921386719, 1028.9632568359375]",1
frame_0021.png,extras,trolley,push cart,push cart.,0.2,0.2,4,0.4351,"[75.02096557617188, 875.579833984375, 278.0356750488281, 1028.6546630859375]",1
frame_0021.png,extras,trolley,utility cart,utility cart.,0.2,0.2,4,0.4734,"[73.92343139648438, 872.8846435546875, 263.0728759765625, 1028.8157958984375]",1
frame_0021.png,extras,trolley,metal trolley,metal trolley.,0.2,0.2,4,0.3962,"[73.65796661376953, 872.25439453125, 276.2900695800781, 1029.885986328125]",1
frame_0022.png,production,trailer,ALL_GROUP,utility trailer. open trailer. vehicle trailer. covered trailer.,0.18,0.18,7,0.3379,"[248.00927734375, 465.5251770019531, 1167.003173828125, 1023.4667358398438]",1
frame_0022.png,production,electric utility vehicle+electric wheelchair+electric scooter,ALL_GROUP,electric utility vehicle. small electric cart. golf cart. white utility vehicle. powered mobility scooter. motorized wheelchair. mobility chair. electric wheelchair. two-wheeled scooter. stand-up scooter. electric kick scooter. kick scooter.,0.2,0.2,3,0.3913,"[516.731689453125, 915.326416015625, 680.1896362304688, 1036.7169189453125]",1
frame_0022.png,production,trolley,ALL_GROUP,trolley. hand cart. utility cart. push cart.,0.22,0.22,2,0.2423,"[519.204833984375, 918.3216552734375, 668.80322265625, 1034.0567626953125]",1
frame_0022.png,production,pair of ramps+basketball,ALL_GROUP,metal ramps on ground. two metal ramps. pair of ramps. vehicle loading ramp. round orange ball. rubber ball on ground. sports ball. basketball.,0.18,0.18,20,0.3897,"[709.5182495117188, 926.645263671875, 1023.7102661132812, 1057.83935546875]",1
frame_0022.png,production,portable power station+umbrella,ALL_GROUP,portable power station. large power bank. battery box. power generator box. folded umbrella. open umbrella. shade umbrella. umbrella.,0.2,0.2,1,0.2887,"[245.5247802734375, 461.014892578125, 1170.0126953125, 1057.3306884765625]",1
frame_0022.png,production,rectangular table,ALL_GROUP,rectangular table. outdoor table. picnic table. folding table.,0.24,0.24,3,0.3416,"[708.0438842773438, 931.9857788085938, 1019.4308471679688, 1052.086181640625]",1
frame_0022.png,production,cardboard box,ALL_GROUP,cardboard box. brown cardboard box. shipping box.,0.26,0.26,3,0.3365,"[875.5733642578125, 855.7086791992188, 949.8927612304688, 937.8456420898438]",1
frame_0022.png,production,chair,ALL_GROUP,chair. folding chair. outdoor chair. plastic chair.,0.3,0.3,1,0.353,"[522.992919921875, 919.6080322265625, 659.4830932617188, 1035.63330078125]",1
frame_0022.png,production,traffic cone,ALL_GROUP,traffic cone. road cone. safety cone. orange cone.,0.22,0.22,0,0.0,,0
frame_0022.png,production,prohibition sign,ALL_GROUP,red sign on ground. red circular sign. prohibition sign. red prohibition sign.,0.2,0.2,4,0.3331,"[269.2884521484375, 709.178955078125, 466.1112060546875, 843.3654174804688]",1
frame_0022.png,extras,cardboard_box,cardboard box,cardboard box.,0.2,0.2,3,0.3259,"[874.3947143554688, 857.4217529296875, 949.8548583984375, 937.0901489257812]",1
frame_0022.png,extras,cardboard_box,brown cardboard box,brown cardboard box.,0.2,0.2,3,0.4052,"[875.0386962890625, 855.4805297851562, 950.186767578125, 937.3162841796875]",1
frame_0022.png,extras,cardboard_box,shipping box,shipping box.,0.2,0.2,5,0.3001,"[874.7286987304688, 859.1048583984375, 947.0498046875, 934.3431396484375]",1
frame_0022.png,extras,cardboard_box,small box,small box.,0.2,0.2,2,0.377,"[871.7459106445312, 855.3278198242188, 950.8544921875, 935.935791015625]",1
frame_0022.png,extras,cardboard_box,package box,package box.,0.2,0.2,0,0.0,,0
frame_0022.png,extras,cardboard_box,stacked box,stacked box.,0.2,0.2,3,0.2763,"[877.5988159179688, 859.3673706054688, 945.4908447265625, 933.0768432617188]",1
frame_0022.png,extras,cardboard_box,outdoor cardboard box,outdoor cardboard box.,0.2,0.2,3,0.4509,"[865.5859985351562, 845.2199096679688, 962.3666381835938, 943.6378173828125]",1
frame_0022.png,extras,chair,chair,chair.,0.2,0.2,3,0.316,"[0.7517480850219727, 1737.3900146484375, 457.5714111328125, 1856.8096923828125]",1
frame_0022.png,extras,chair,armless chair,armless chair.,0.2,0.2,4,0.417,"[2246.426513671875, 1669.721923828125, 2877.70654296875, 1852.6654052734375]",1
frame_0022.png,extras,chair,outdoor chair,outdoor chair.,0.2,0.2,5,0.3833,"[522.2236328125, 918.9503784179688, 660.6256713867188, 1035.1644287109375]",1
frame_0022.png,extras,chair,plastic chair,plastic chair.,0.2,0.2,5,0.3203,"[904.2276611328125, 939.503662109375, 1017.066162109375, 1047.2332763671875]",1
frame_0022.png,extras,chair,folding chair,folding chair.,0.2,0.2,4,0.3665,"[2246.020263671875, 1671.982177734375, 2878.98779296875, 1853.4847412109375]",1
frame_0022.png,extras,chair,metal chair,metal chair.,0.2,0.2,1,0.4905,"[527.5714721679688, 918.5352783203125, 661.4381713867188, 1036.4713134765625]",1
frame_0022.png,extras,electric_utility_vehicle,electric utility vehicle,electric utility vehicle.,0.2,0.2,3,0.4848,"[518.7163696289062, 917.0389404296875, 684.4299926757812, 1027.9527587890625]",1
frame_0022.png,extras,electric_utility_vehicle,small electric cart,small electric cart.,0.2,0.2,2,0.675,"[515.709716796875, 914.6240234375, 679.2113037109375, 1038.0423583984375]",1
frame_0022.png,extras,electric_utility_vehicle,utility vehicle,utility vehicle.,0.2,0.2,4,0.5665,"[0.8521538972854614, 902.039794921875, 132.6798095703125, 1030.952392578125]",1
frame_0022.png,extras,electric_utility_vehicle,golf cart,golf cart.,0.2,0.2,2,0.2634,"[518.26318359375, 917.0667724609375, 674.4793701171875, 1030.7822265625]",1
frame_0022.png,extras,electric_utility_vehicle,electric cart,electric cart.,0.2,0.2,3,0.5179,"[517.551025390625, 915.6949462890625, 682.9560546875, 1034.93212890625]",1
frame_0022.png,extras,electric_utility_vehicle,small white utility vehicle,small white utility vehicle.,0.2,0.2,2,0.4755,"[516.5640258789062, 914.0909423828125, 678.0247802734375, 1032.250732421875]",1
frame_0022.png,extras,electric_utility_vehicle,white utility cart,white utility cart.,0.2,0.2,2,0.4534,"[518.2747192382812, 915.6431274414062, 666.0723266601562, 1036.590087890625]",1
frame_0022.png,extras,portable_power_station,portable power station,portable power station.,0.2,0.2,3,0.5372,"[248.6317138671875, 462.455322265625, 1169.6719970703125, 1064.4287109375]",1
frame_0022.png,extras,portable_power_station,large power bank,large power bank.,0.2,0.2,1,0.6783,"[243.08740234375, 460.3199157714844, 1171.55615234375, 1038.35400390625]",1
frame_0022.png,extras,portable_power_station,battery box,battery box.,0.2,0.2,0,0.0,,0
frame_0022.png,extras,portable_power_station,power generator box,power generator box.,0.2,0.2,0,0.0,,0
frame_0022.png,extras,portable_power_station,portable battery,portable battery.,0.2,0.2,4,0.3385,"[328.8038635253906, 838.77392578125, 414.3778076171875, 910.3657836914062]",1
frame_0022.png,extras,portable_power_station,power station,power station.,0.2,0.2,2,0.6616,"[249.34518432617188, 464.00360107421875, 1167.3599853515625, 1055.0606689453125]",1
frame_0022.png,extras,portable_power_station,large battery pack,large battery pack.,0.2,0.2,5,0.35,"[243.56402587890625, 461.0129089355469, 1170.579833984375, 1044.364013671875]",1
frame_0022.png,extras,rectangular_table,rectangular table,rectangular table.,0.2,0.2,1,0.772,"[705.6402587890625, 929.0604248046875, 1020.4425048828125, 1057.4793701171875]",1
frame_0022.png,extras,rectangular_table,outdoor table,outdoor table.,0.2,0.2,1,0.6985,"[704.3389892578125, 929.6932373046875, 1021.3150024414062, 1055.12109375]",1
frame_0022.png,extras,rectangular_table,long rectangular table,long rectangular table.,0.2,0.2,1,0.719,"[702.5321655273438, 927.4968872070312, 1023.36181640625, 1058.5535888671875]",1
frame_0022.png,extras,rectangular_table,picnic table,picnic table.,0.2,0.2,1,0.6198,"[705.4641723632812, 928.6287231445312, 1022.0039672851562, 1053.5377197265625]",1
frame_0022.png,extras,rectangular_table,folding table,folding table.,0.2,0.2,1,0.5134,"[707.7889404296875, 933.6339111328125, 1018.8673706054688, 1052.8863525390625]",1
frame_0022.png,extras,rectangular_table,work table,work table.,0.2,0.2,1,0.7402,"[704.330322265625, 926.0309448242188, 1021.8175048828125, 1056.1600341796875]",1
frame_0022.png,extras,rectangular_table,outdoor wooden table,outdoor wooden table.,0.2,0.2,1,0.8175,"[701.0506591796875, 926.8330688476562, 1024.5989990234375, 1055.467529296875]",1
frame_0022.png,extras,traffic_cone,traffic cone,traffic cone.,0.2,0.2,0,0.0,,0
frame_0022.png,extras,traffic_cone,road cone,road cone.,0.2,0.2,0,0.0,,0
frame_0022.png,extras,traffic_cone,safety cone,safety cone.,0.2,0.2,0,0.0,,0
frame_0022.png,extras,traffic_cone,orange cone,orange cone.,0.2,0.2,0,0.0,,0
frame_0022.png,extras,traffic_cone,construction cone,construction cone.,0.2,0.2,0,0.0,,0
frame_0022.png,extras,traffic_cone,orange traffic cone,orange traffic cone.,0.2,0.2,1,0.202,"[2246.891845703125, 1669.944580078125, 2876.557373046875, 1853.8175048828125]",1
frame_0022.png,extras,trolley,trolley,trolley.,0.2,0.2,4,0.5469,"[519.8696899414062, 920.1818237304688, 681.7666625976562, 1035.38525390625]",1
frame_0022.png,extras,trolley,hand cart,hand cart.,0.2,0.2,3,0.3275,"[519.1427612304688, 919.1431274414062, 667.6064453125, 1031.1915283203125]",1
frame_0022.png,extras,trolley,hand truck,hand truck.,0.2,0.2,5,0.3434,"[519.712646484375, 919.5572509765625, 670.3988037109375, 1027.007568359375]",1
frame_0022.png,extras,trolley,luggage cart,luggage cart.,0.2,0.2,4,0.4981,"[518.8431396484375, 917.857666015625, 668.3822021484375, 1033.943359375]",1
frame_0022.png,extras,trolley,flatbed cart,flatbed cart.,0.2,0.2,2,0.4999,"[517.825439453125, 918.3323974609375, 672.744140625, 1035.0218505859375]",1
frame_0022.png,extras,trolley,push cart,push cart.,0.2,0.2,3,0.5074,"[518.7060546875, 917.9924926757812, 676.3790893554688, 1033.0189208984375]",1
frame_0022.png,extras,trolley,utility cart,utility cart.,0.2,0.2,3,0.5326,"[517.2310791015625, 915.607666015625, 674.2626342773438, 1035.64990234375]",1
frame_0022.png,extras,trolley,metal trolley,metal trolley.,0.2,0.2,3,0.4342,"[517.0487670898438, 915.4652099609375, 673.3634033203125, 1036.3548583984375]",1
frame_0023.png,production,trailer,ALL_GROUP,utility trailer. open trailer. vehicle trailer. covered trailer.,0.18,0.18,4,0.3774,"[411.56573486328125, 445.9422302246094, 1290.76513671875, 1071.9117431640625]",1
frame_0023.png,production,electric utility vehicle+electric wheelchair+electric scooter,ALL_GROUP,electric utility vehicle. small electric cart. golf cart. white utility vehicle. powered mobility scooter. motorized wheelchair. mobility chair. electric wheelchair. two-wheeled scooter. stand-up scooter. electric kick scooter. kick scooter.,0.2,0.2,4,0.3566,"[651.4920654296875, 911.0733642578125, 816.95458984375, 1029.9739990234375]",1
frame_0023.png,production,trolley,ALL_GROUP,trolley. hand cart. utility cart. push cart.,0.22,0.22,0,0.0,,0
frame_0023.png,production,pair of ramps+basketball,ALL_GROUP,metal ramps on ground. two metal ramps. pair of ramps. vehicle loading ramp. round orange ball. rubber ball on ground. sports ball. basketball.,0.18,0.18,18,0.3949,"[401.5721740722656, 439.046630859375, 1294.2003173828125, 1082.6851806640625]",1
frame_0023.png,production,portable power station+umbrella,ALL_GROUP,portable power station. large power bank. battery box. power generator box. folded umbrella. open umbrella. shade umbrella. umbrella.,0.2,0.2,1,0.3178,"[408.97418212890625, 442.5827331542969, 1292.4908447265625, 1080.5833740234375]",1
frame_0023.png,production,rectangular table,ALL_GROUP,rectangular table. outdoor table. picnic table. folding table.,0.24,0.24,4,0.3799,"[827.5964965820312, 929.8106689453125, 1150.5604248046875, 1054.183349609375]",1
frame_0023.png,production,cardboard box,ALL_GROUP,cardboard box. brown cardboard box. shipping box.,0.26,0.26,1,0.4154,"[995.593994140625, 837.4255981445312, 1090.2769775390625, 939.9840087890625]",1
frame_0023.png,production,chair,ALL_GROUP,chair. folding chair. outdoor chair. plastic chair.,0.3,0.3,2,0.3317,"[927.6504516601562, 940.3453369140625, 1021.2184448242188, 1054.478759765625]",1
frame_0023.png,production,traffic cone,ALL_GROUP,traffic cone. road cone. safety cone. orange cone.,0.22,0.22,0,0.0,,0
frame_0023.png,production,prohibition sign,ALL_GROUP,red sign on ground. red circular sign. prohibition sign. red prohibition sign.,0.2,0.2,7,0.3019,"[428.973876953125, 715.4796142578125, 633.6388549804688, 844.7225952148438]",1
frame_0023.png,extras,cardboard_box,cardboard box,cardboard box.,0.2,0.2,1,0.3645,"[994.80078125, 849.3079223632812, 1083.1812744140625, 936.601318359375]",1
frame_0023.png,extras,cardboard_box,brown cardboard box,brown cardboard box.,0.2,0.2,1,0.5817,"[993.3462524414062, 838.5272827148438, 1090.89306640625, 940.8036499023438]",1
frame_0023.png,extras,cardboard_box,shipping box,shipping box.,0.2,0.2,3,0.2801,"[992.4611206054688, 836.5188598632812, 1092.3875732421875, 940.0733642578125]",1
frame_0023.png,extras,cardboard_box,small box,small box.,0.2,0.2,2,0.3557,"[994.33642578125, 850.2644653320312, 1081.413330078125, 932.946533203125]",1
frame_0023.png,extras,cardboard_box,package box,package box.,0.2,0.2,0,0.0,,0
frame_0023.png,extras,cardboard_box,stacked box,stacked box.,0.2,0.2,1,0.2217,"[996.7919311523438, 855.9895629882812, 1077.3709716796875, 933.8236083984375]",1
frame_0023.png,extras,cardboard_box,outdoor cardboard box,outdoor cardboard box.,0.2,0.2,3,0.4178,"[991.6365966796875, 837.53662109375, 1091.7354736328125, 939.8771362304688]",1
frame_0023.png,extras,chair,chair,chair.,0.2,0.2,5,0.2611,"[660.2059326171875, 917.9060668945312, 811.7360229492188, 1019.4063720703125]",1
frame_0023.png,extras,chair,armless chair,armless chair.,0.2,0.2,3,0.4353,"[2249.49658203125, 1668.7257080078125, 2877.7451171875, 1852.8297119140625]",1
frame_0023.png,extras,chair,outdoor chair,outdoor chair.,0.2,0.2,5,0.3328,"[663.2698364257812, 914.3422241210938, 811.52587890625, 1026.853271484375]",1
frame_0023.png,extras,chair,plastic chair,plastic chair.,0.2,0.2,4,0.3625,"[1029.678955078125, 938.2535400390625, 1141.36376953125, 1048.350341796875]",1
frame_0023.png,extras,chair,folding chair,folding chair.,0.2,0.2,5,0.3635,"[1.1492729187011719, 1734.6878662109375, 461.2860107421875, 1854.5283203125]",1
frame_0023.png,extras,chair,metal chair,metal chair.,0.2,0.2,5,0.3708,"[685.4088745117188, 914.701904296875, 796.4322509765625, 1029.3616943359375]",1
frame_0023.png,extras,electric_utility_vehicle,electric utility vehicle,electric utility vehicle.,0.2,0.2,2,0.5151,"[654.6836547851562, 913.0208740234375, 818.6692504882812, 1021.380615234375]",1
frame_0023.png,extras,electric_utility_vehicle,small electric cart,small electric cart.,0.2,0.2,2,0.5317,"[650.800048828125, 908.9547119140625, 819.2388305664062, 1034.245849609375]",1
frame_0023.png,extras,electric_utility_vehicle,utility vehicle,utility vehicle.,0.2,0.2,2,0.5782,"[653.8712768554688, 913.0655517578125, 818.8244018554688, 1021.5301513671875]",1
frame_0023.png,extras,electric_utility_vehicle,golf cart,golf cart.,0.2,0.2,0,0.0,,0
frame_0023.png,extras,electric_utility_vehicle,electric cart,electric cart.,0.2,0.2,3,0.4653,"[652.473876953125, 911.0890502929688, 818.4708251953125, 1031.0718994140625]",1
frame_0023.png,extras,electric_utility_vehicle,small white utility vehicle,small white utility vehicle.,0.2,0.2,2,0.4922,"[652.8134765625, 910.21044921875, 820.6287841796875, 1025.1929931640625]",1
frame_0023.png,extras,electric_utility_vehicle,white utility cart,white utility cart.,0.2,0.2,6,0.3285,"[656.3121948242188, 909.2153930664062, 814.7494506835938, 1028.7860107421875]",1
frame_0023.png,extras,portable_power_station,portable power station,portable power station.,0.2,0.2,2,0.677,"[410.0160827636719, 443.03997802734375, 1293.609375, 1080.130859375]",1
frame_0023.png,extras,portable_power_station,large power bank,large power bank.,0.2,0.2,1,0.6487,"[405.5701599121094, 440.4074401855469, 1295.69873046875, 1071.4434814453125]",1
frame_0023.png,extras,portable_power_station,battery box,battery box.,0.2,0.2,0,0.0,,0
frame_0023.png,extras,portable_power_station,power generator box,power generator box.,0.2,0.2,1,0.2126,"[485.494384765625, 839.5745849609375, 567.2413330078125, 908.664794921875]",1
frame_0023.png,extras,portable_power_station,portable battery,portable battery.,0.2,0.2,5,0.3112,"[484.84967041015625, 839.9249877929688, 567.5541381835938, 906.4806518554688]",1
frame_0023.png,extras,portable_power_station,power station,power station.,0.2,0.2,1,0.6939,"[412.5105285644531, 445.31488037109375, 1291.9669189453125, 1076.7216796875]",1
frame_0023.png,extras,portable_power_station,large battery pack,large battery pack.,0.2,0.2,4,0.3876,"[406.68817138671875, 440.9695129394531, 1293.1829833984375, 1073.5377197265625]",1
frame_0023.png,extras,rectangular_table,rectangular table,rectangular table.,0.2,0.2,1,0.7254,"[824.4351806640625, 926.97216796875, 1152.395751953125, 1062.5587158203125]",1
frame_0023.png,extras,rectangular_table,outdoor table,outdoor table.,0.2,0.2,1,0.6687,"[821.838134765625, 928.2068481445312, 1153.26318359375, 1058.6444091796875]",1
frame_0023.png,extras,rectangular_table,long rectangular table,long rectangular table.,0.2,0.2,1,0.6488,"[822.5558471679688, 925.0238037109375, 1155.6519775390625, 1064.890869140625]",1
frame_0023.png,extras,rectangular_table,picnic table,picnic table.,0.2,0.2,3,0.5791,"[822.8258666992188, 927.450927734375, 1149.248046875, 1054.707763671875]",1
frame_0023.png,extras,rectangular_table,folding table,folding table.,0.2,0.2,1,0.5352,"[825.9224243164062, 932.0228271484375, 1150.6273193359375, 1055.609619140625]",1
frame_0023.png,extras,rectangular_table,work table,work table.,0.2,0.2,2,0.673,"[821.9639282226562, 924.7470703125, 1152.0643310546875, 1059.5845947265625]",1
frame_0023.png,extras,rectangular_table,outdoor wooden table,outdoor wooden table.,0.2,0.2,1,0.7697,"[817.990234375, 925.003173828125, 1157.490478515625, 1057.583740234375]",1
frame_0023.png,extras,traffic_cone,traffic cone,traffic cone.,0.2,0.2,3,0.3162,"[1031.7335205078125, 941.6834716796875, 1138.921875, 1045.9146728515625]",1
frame_0023.png,extras,traffic_cone,road cone,road cone.,0.2,0.2,2,0.2874,"[1030.8800048828125, 937.8980102539062, 1141.1337890625, 1048.6551513671875]",1
frame_0023.png,extras,traffic_cone,safety cone,safety cone.,0.2,0.2,3,0.2972,"[1031.4615478515625, 938.9016723632812, 1140.7598876953125, 1048.1904296875]",1
frame_0023.png,extras,traffic_cone,orange cone,orange cone.,0.2,0.2,2,0.233,"[929.6036987304688, 942.771728515625, 1020.23779296875, 1054.1990966796875]",1
frame_0023.png,extras,traffic_cone,construction cone,construction cone.,0.2,0.2,2,0.2531,"[928.9025268554688, 941.7799072265625, 1020.6213989257812, 1054.1602783203125]",1
frame_0023.png,extras,traffic_cone,orange traffic cone,orange traffic cone.,0.2,0.2,2,0.2564,"[927.8427124023438, 941.1130981445312, 1021.0481567382812, 1055.4091796875]",1
frame_0023.png,extras,trolley,trolley,trolley.,0.2,0.2,5,0.5404,"[136.16372680664062, 887.3271484375, 294.1168212890625, 1019.95556640625]",1
frame_0023.png,extras,trolley,hand cart,hand cart.,0.2,0.2,0,0.0,,0
frame_0023.png,extras,trolley,hand truck,hand truck.,0.2,0.2,2,0.4269,"[134.5200958251953, 893.8659057617188, 295.3608703613281, 1021.8265380859375]",1
frame_0023.png,extras,trolley,luggage cart,luggage cart.,0.2,0.2,3,0.4443,"[655.149658203125, 913.158935546875, 814.6060791015625, 1029.37646484375]",1
frame_0023.png,extras,trolley,flatbed cart,flatbed cart.,0.2,0.2,3,0.4303,"[133.52635192871094, 896.1687622070312, 296.5523986816406, 1024.1739501953125]",1
frame_0023.png,extras,trolley,push cart,push cart.,0.2,0.2,3,0.4062,"[133.56439208984375, 898.5249633789062, 296.5931701660156, 1024.418701171875]",1
frame_0023.png,extras,trolley,utility cart,utility cart.,0.2,0.2,4,0.4348,"[653.5604248046875, 910.8582153320312, 816.470703125, 1030.3519287109375]",1
frame_0023.png,extras,trolley,metal trolley,metal trolley.,0.2,0.2,3,0.3501,"[652.5650634765625, 909.9818115234375, 816.9740600585938, 1031.2548828125]",1
frame_0024.png,production,trailer,ALL_GROUP,utility trailer. open trailer. vehicle trailer. covered trailer.,0.18,0.18,5,0.3659,"[370.62640380859375, 400.00604248046875, 1284.6824951171875, 1044.16845703125]",1
frame_0024.png,production,electric utility vehicle+electric wheelchair+electric scooter,ALL_GROUP,electric utility vehicle. small electric cart. golf cart. white utility vehicle. powered mobility scooter. motorized wheelchair. mobility chair. electric wheelchair. two-wheeled scooter. stand-up scooter. electric kick scooter. kick scooter.,0.2,0.2,5,0.3062,"[615.0994262695312, 910.8623046875, 767.6517333984375, 1036.401611328125]",1
frame_0024.png,production,trolley,ALL_GROUP,trolley. hand cart. utility cart. push cart.,0.22,0.22,2,0.2439,"[81.78532409667969, 890.9559326171875, 250.460693359375, 1030.3167724609375]",1
frame_0024.png,production,pair of ramps+basketball,ALL_GROUP,metal ramps on ground. two metal ramps. pair of ramps. vehicle loading ramp. round orange ball. rubber ball on ground. sports ball. basketball.,0.18,0.18,19,0.4719,"[1150.572021484375, 1642.0576171875, 1668.623046875, 1852.347900390625]",1
frame_0024.png,production,portable power station+umbrella,ALL_GROUP,portable power station. large power bank. battery box. power generator box. folded umbrella. open umbrella. shade umbrella. umbrella.,0.2,0.2,1,0.2513,"[362.57427978515625, 396.02471923828125, 1286.38037109375, 1085.4903564453125]",1
frame_0024.png,production,rectangular table,ALL_GROUP,rectangular table. outdoor table. picnic table. folding table.,0.24,0.24,4,0.376,"[789.1041870117188, 931.8828125, 1124.963134765625, 1061.2982177734375]",1
frame_0024.png,production,cardboard box,ALL_GROUP,cardboard box. brown cardboard box. shipping box.,0.26,0.26,1,0.4461,"[969.5886840820312, 835.6290893554688, 1072.92919921875, 939.9635009765625]",1
frame_0024.png,production,chair,ALL_GROUP,chair. folding chair. outdoor chair. plastic chair.,0.3,0.3,3,0.3982,"[891.4342041015625, 941.3123168945312, 987.2274169921875, 1063.6224365234375]",1
frame_0024.png,production,traffic cone,ALL_GROUP,traffic cone. road cone. safety cone. orange cone.,0.22,0.22,0,0.0,,0
frame_0024.png,production,prohibition sign,ALL_GROUP,red sign on ground. red circular sign. prohibition sign. red prohibition sign.,0.2,0.2,5,0.3223,"[395.0159606933594, 709.4104614257812, 612.4926147460938, 842.3878173828125]",1
frame_0024.png,extras,cardboard_box,cardboard box,cardboard box.,0.2,0.2,2,0.4439,"[969.1822509765625, 840.9702758789062, 1069.8333740234375, 939.41650390625]",1
frame_0024.png,extras,cardboard_box,brown cardboard box,brown cardboard box.,0.2,0.2,1,0.5764,"[968.1942749023438, 836.9898681640625, 1072.87890625, 940.8361206054688]",1
frame_0024.png,extras,cardboard_box,shipping box,shipping box.,0.2,0.2,5,0.3838,"[968.2208251953125, 832.5034790039062, 1076.16650390625, 940.7164916992188]",1
frame_0024.png,extras,cardboard_box,small box,small box.,0.2,0.2,3,0.3859,"[969.9926147460938, 845.1209716796875, 1066.654296875, 936.263427734375]",1
frame_0024.png,extras,cardboard_box,package box,package box.,0.2,0.2,0,0.0,,0
frame_0024.png,extras,cardboard_box,stacked box,stacked box.,0.2,0.2,1,0.3126,"[969.6416625976562, 842.3850708007812, 1069.1544189453125, 939.6058959960938]",1
frame_0024.png,extras,cardboard_box,outdoor cardboard box,outdoor cardboard box.,0.2,0.2,2,0.5136,"[967.3958740234375, 830.7047729492188, 1077.5499267578125, 941.5545043945312]",1
frame_0024.png,extras,chair,chair,chair.,0.2,0.2,6,0.3742,"[660.29833984375, 919.309326171875, 761.2037353515625, 1038.768798828125]",1
frame_0024.png,extras,chair,armless chair,armless chair.,0.2,0.2,4,0.4185,"[2246.82421875, 1669.3616943359375, 2877.716552734375, 1852.4205322265625]",1
frame_0024.png,extras,chair,outdoor chair,outdoor chair.,0.2,0.2,6,0.4113,"[655.923095703125, 916.1378784179688, 763.77001953125, 1038.7227783203125]",1
frame_0024.png,extras,chair,plastic chair,plastic chair.,0.2,0.2,7,0.3743,"[1003.0671997070312, 938.5028686523438, 1118.754150390625, 1058.269287109375]",1
frame_0024.png,extras,chair,folding chair,folding chair.,0.2,0.2,5,0.3244,"[656.0698852539062, 916.31884765625, 764.7002563476562, 1039.508056640625]",1
frame_0024.png,extras,chair,metal chair,metal chair.,0.2,0.2,2,0.4203,"[653.4531860351562, 916.841552734375, 763.3834838867188, 1039.5228271484375]",1
frame_0024.png,extras,electric_utility_vehicle,electric utility vehicle,electric utility vehicle.,0.2,0.2,4,0.5235,"[81.67570495605469, 890.73388671875, 250.20538330078125, 1029.153564453125]",1
frame_0024.png,extras,electric_utility_vehicle,small electric cart,small electric cart.,0.2,0.2,4,0.5041,"[79.4522476196289, 889.2564697265625, 253.29942321777344, 1033.6732177734375]",1
frame_0024.png,extras,electric_utility_vehicle,utility vehicle,utility vehicle.,0.2,0.2,6,0.5973,"[82.07569122314453, 890.585205078125, 249.72039794921875, 1028.8670654296875]",1
frame_0024.png,extras,electric_utility_vehicle,golf cart,golf cart.,0.2,0.2,2,0.2792,"[80.93765258789062, 886.7330322265625, 250.61773681640625, 1029.7510986328125]",1
frame_0024.png,extras,electric_utility_vehicle,electric cart,electric cart.,0.2,0.2,3,0.4643,"[81.08415222167969, 888.6106567382812, 250.86114501953125, 1030.530517578125]",1
frame_0024.png,extras,electric_utility_vehicle,small white utility vehicle,small white utility vehicle.,0.2,0.2,3,0.5201,"[79.125244140625, 888.66455078125, 253.0851593017578, 1033.2578125]",1
frame_0024.png,extras,electric_utility_vehicle,white utility cart,white utility cart.,0.2,0.2,5,0.4187,"[432.99578857421875, 906.077880859375, 587.3877563476562, 1014.6636962890625]",1
frame_0024.png,extras,portable_power_station,portable power station,portable power station.,0.2,0.2,2,0.5384,"[364.2285461425781, 396.4882507324219, 1286.6904296875, 1088.3787841796875]",1
frame_0024.png,extras,portable_power_station,large power bank,large power bank.,0.2,0.2,1,0.644,"[360.9382019042969, 393.87091064453125, 1288.6927490234375, 1065.53076171875]",1
frame_0024.png,extras,portable_power_station,battery box,battery box.,0.2,0.2,0,0.0,,0
frame_0024.png,extras,portable_power_station,power generator box,power generator box.,0.2,0.2,1,0.2458,"[456.7197570800781, 838.106689453125, 543.699462890625, 913.0591430664062]",1
frame_0024.png,extras,portable_power_station,portable battery,portable battery.,0.2,0.2,4,0.3258,"[456.9639892578125, 839.2107543945312, 543.5716552734375, 912.386474609375]",1
frame_0024.png,extras,portable_power_station,power station,power station.,0.2,0.2,1,0.6492,"[367.2580261230469, 399.056884765625, 1285.3260498046875, 1071.8302001953125]",1
frame_0024.png,extras,portable_power_station,large battery pack,large battery pack.,0.2,0.2,5,0.3548,"[367.59906005859375, 394.46282958984375, 1286.068115234375, 1066.0655517578125]",1
frame_0024.png,extras,rectangular_table,rectangular table,rectangular table.,0.2,0.2,2,0.62,"[782.7011108398438, 929.219482421875, 1129.8092041015625, 1065.2491455078125]",1
frame_0024.png,extras,rectangular_table,outdoor table,outdoor table.,0.2,0.2,2,0.5696,"[784.8123168945312, 929.9727172851562, 1128.4927978515625, 1062.5838623046875]",1
frame_0024.png,extras,rectangular_table,long rectangular table,long rectangular table.,0.2,0.2,2,0.5623,"[776.2459716796875, 926.8148193359375, 1134.169677734375, 1066.6109619140625]",1
frame_0024.png,extras,rectangular_table,picnic table,picnic table.,0.2,0.2,3,0.4831,"[435.373046875, 907.31103515625, 585.39453125, 1012.5765380859375]",1
frame_0024.png,extras,rectangular_table,folding table,folding table.,0.2,0.2,2,0.425,"[790.8694458007812, 933.3154296875, 1126.556884765625, 1061.1480712890625]",1
frame_0024.png,extras,rectangular_table,work table,work table.,0.2,0.2,2,0.5926,"[783.5880737304688, 927.0736083984375, 1127.1619873046875, 1063.39013671875]",1
frame_0024.png,extras,rectangular_table,outdoor wooden table,outdoor wooden table.,0.2,0.2,2,0.6517,"[776.2041015625, 926.5696411132812, 1133.2264404296875, 1062.81298828125]",1
frame_0024.png,extras,traffic_cone,traffic cone,traffic cone.,0.2,0.2,3,0.3151,"[1007.4209594726562, 941.246337890625, 1116.1827392578125, 1055.087890625]",1
frame_0024.png,extras,traffic_cone,road cone,road cone.,0.2,0.2,3,0.3279,"[1005.53955078125, 938.1439208984375, 1118.332275390625, 1058.7225341796875]",1
frame_0024.png,extras,traffic_cone,safety cone,safety cone.,0.2,0.2,2,0.3438,"[1005.9508056640625, 939.01220703125, 1118.013427734375, 1057.846435546875]",1
frame_0024.png,extras,traffic_cone,orange cone,orange cone.,0.2,0.2,2,0.3066,"[891.3875732421875, 942.5526733398438, 986.0421752929688, 1063.778076171875]",1
frame_0024.png,extras,traffic_cone,construction cone,construction cone.,0.2,0.2,2,0.2759,"[1006.7816162109375, 938.6636352539062, 1118.98486328125, 1058.764404296875]",1
frame_0024.png,extras,traffic_cone,orange traffic cone,orange traffic cone.,0.2,0.2,3,0.2777,"[890.2344970703125, 941.0658569335938, 986.7166137695312, 1064.9617919921875]",1
frame_0024.png,extras,trolley,trolley,trolley.,0.2,0.2,5,0.5293,"[84.16768646240234, 892.947265625, 248.04879760742188, 1026.2640380859375]",1
frame_0024.png,extras,trolley,hand cart,hand cart.,0.2,0.2,4,0.2934,"[619.5200805664062, 913.7664184570312, 766.6085815429688, 1035.8970947265625]",1
frame_0024.png,extras,trolley,hand truck,hand truck.,0.2,0.2,3,0.3972,"[82.4914779663086, 888.9442749023438, 249.28042602539062, 1028.207763671875]",1
frame_0024.png,extras,trolley,luggage cart,luggage cart.,0.2,0.2,8,0.4789,"[618.4859008789062, 913.1978149414062, 766.6016845703125, 1035.13720703125]",1
frame_0024.png,extras,trolley,flatbed cart,flatbed cart.,0.2,0.2,5,0.4103,"[81.69303131103516, 889.140380859375, 250.8170928955078, 1029.987060546875]",1
frame_0024.png,extras,trolley,push cart,push cart.,0.2,0.2,6,0.4579,"[82.09911346435547, 890.35888671875, 250.24063110351562, 1029.83154296875]",1
frame_0024.png,extras,trolley,utility cart,utility cart.,0.2,0.2,5,0.407,"[81.30670928955078, 888.288330078125, 250.641357421875, 1030.571533203125]",1
frame_0024.png,extras,trolley,metal trolley,metal trolley.,0.2,0.2,5,0.3528,"[370.75225830078125, 397.60211181640625, 1285.9169921875, 1089.6572265625]",1
frame_0025.png,production,trailer,ALL_GROUP,utility trailer. open trailer. vehicle trailer. covered trailer.,0.18,0.18,5,0.3662,"[667.5744018554688, 301.59228515625, 1249.429443359375, 1051.5400390625]",1
frame_0025.png,production,electric utility vehicle+electric wheelchair+electric scooter,ALL_GROUP,electric utility vehicle. small electric cart. golf cart. white utility vehicle. powered mobility scooter. motorized wheelchair. mobility chair. electric wheelchair. two-wheeled scooter. stand-up scooter. electric kick scooter. kick scooter.,0.2,0.2,5,0.3218,"[2.0571203231811523, 877.4215698242188, 166.42709350585938, 1037.1329345703125]",1
frame_0025.png,production,trolley,ALL_GROUP,trolley. hand cart. utility cart. push cart.,0.22,0.22,0,0.0,,0
frame_0025.png,production,pair of ramps+basketball,ALL_GROUP,metal ramps on ground. two metal ramps. pair of ramps. vehicle loading ramp. round orange ball. rubber ball on ground. sports ball. basketball.,0.18,0.18,19,0.4194,"[228.24139404296875, 289.6672058105469, 1255.9814453125, 1098.968505859375]",1
frame_0025.png,production,portable power station+umbrella,ALL_GROUP,portable power station. large power bank. battery box. power generator box. folded umbrella. open umbrella. shade umbrella. umbrella.,0.2,0.2,2,0.3068,"[625.1603393554688, 298.2508544921875, 1249.66748046875, 1081.3037109375]",1
frame_0025.png,production,rectangular table,ALL_GROUP,rectangular table. outdoor table. picnic table. folding table.,0.24,0.24,4,0.4064,"[692.2537841796875, 926.572021484375, 1073.2353515625, 1078.915771484375]",1
frame_0025.png,production,cardboard box,ALL_GROUP,cardboard box. brown cardboard box. shipping box.,0.26,0.26,1,0.4173,"[910.6785278320312, 830.0927124023438, 1022.4151611328125, 939.4783935546875]",1
frame_0025.png,production,chair,ALL_GROUP,chair. folding chair. outdoor chair. plastic chair.,0.3,0.3,3,0.3641,"[943.6193237304688, 935.8799438476562, 1067.1396484375, 1073.4774169921875]",1
frame_0025.png,production,traffic cone,ALL_GROUP,traffic cone. road cone. safety cone. orange cone.,0.22,0.22,0,0.0,,0
frame_0025.png,production,prohibition sign,ALL_GROUP,red sign on ground. red circular sign. prohibition sign. red prohibition sign.,0.2,0.2,7,0.3775,"[343.948974609375, 697.3338623046875, 556.4006958007812, 834.11279296875]",1
frame_0025.png,extras,cardboard_box,cardboard box,cardboard box.,0.2,0.2,1,0.4072,"[911.7021484375, 836.1673583984375, 1018.0745239257812, 937.3900146484375]",1
frame_0025.png,extras,cardboard_box,brown cardboard box,brown cardboard box.,0.2,0.2,2,0.5173,"[911.1830444335938, 831.5072631835938, 1021.9444580078125, 938.5616455078125]",1
frame_0025.png,extras,cardboard_box,shipping box,shipping box.,0.2,0.2,6,0.3317,"[910.6332397460938, 837.73291015625, 1017.2311401367188, 936.6187133789062]",1
frame_0025.png,extras,cardboard_box,small box,small box.,0.2,0.2,2,0.3865,"[910.678466796875, 835.1947631835938, 1018.4342651367188, 936.3932495117188]",1
frame_0025.png,extras,cardboard_box,package box,package box.,0.2,0.2,1,0.205,"[912.6892700195312, 837.9544067382812, 1017.3771362304688, 935.696533203125]",1
frame_0025.png,extras,cardboard_box,stacked box,stacked box.,0.2,0.2,2,0.2579,"[912.6682739257812, 838.2379760742188, 1017.1997680664062, 936.30908203125]",1
frame_0025.png,extras,cardboard_box,outdoor cardboard box,outdoor cardboard box.,0.2,0.2,3,0.441,"[910.10693359375, 831.5729370117188, 1020.8709106445312, 938.5859985351562]",1
frame_0025.png,extras,chair,chair,chair.,0.2,0.2,5,0.2861,"[366.3066101074219, 909.7635498046875, 441.1315002441406, 1011.68603515625]",1
frame_0025.png,extras,chair,armless chair,armless chair.,0.2,0.2,2,0.507,"[2249.266845703125, 1668.543212890625, 2877.80126953125, 1852.97314453125]",1
frame_0025.png,extras,chair,outdoor chair,outdoor chair.,0.2,0.2,5,0.359,"[2249.560791015625, 1670.3515625, 2877.76513671875, 1854.6553955078125]",1
frame_0025.png,extras,chair,plastic chair,plastic chair.,0.2,0.2,5,0.3592,"[943.4414672851562, 935.9024047851562, 1066.4432373046875, 1072.9874267578125]",1
frame_0025.png,extras,chair,folding chair,folding chair.,0.2,0.2,3,0.4217,"[2249.0576171875, 1671.2333984375, 2879.1357421875, 1853.8050537109375]",1
frame_0025.png,extras,chair,metal chair,metal chair.,0.2,0.2,5,0.3326,"[361.66644287109375, 905.1768798828125, 437.7275390625, 1014.5900268554688]",1
frame_0025.png,extras,electric_utility_vehicle,electric utility vehicle,electric utility vehicle.,0.2,0.2,5,0.4825,"[1.6075873374938965, 879.6401977539062, 163.8506317138672, 1033.7265625]",1
frame_0025.png,extras,electric_utility_vehicle,small electric cart,small electric cart.,0.2,0.2,2,0.5566,"[2.4929308891296387, 876.2864990234375, 166.19627380371094, 1037.8751220703125]",1
frame_0025.png,extras,electric_utility_vehicle,utility vehicle,utility vehicle.,0.2,0.2,5,0.5893,"[1.1186903715133667, 879.6561889648438, 163.1439666748047, 1032.94775390625]",1
frame_0025.png,extras,electric_utility_vehicle,golf cart,golf cart.,0.2,0.2,1,0.2161,"[2.035667896270752, 879.6116943359375, 164.92898559570312, 1033.4541015625]",1
frame_0025.png,extras,electric_utility_vehicle,electric cart,electric cart.,0.2,0.2,6,0.4447,"[1.9571596384048462, 879.4172973632812, 164.60403442382812, 1034.4676513671875]",1
frame_0025.png,extras,electric_utility_vehicle,small white utility vehicle,small white utility vehicle.,0.2,0.2,1,0.4293,"[1.8153780698776245, 877.0231323242188, 165.99935913085938, 1037.0189208984375]",1
frame_0025.png,extras,electric_utility_vehicle,white utility cart,white utility cart.,0.2,0.2,5,0.328,"[236.03929138183594, 298.727294921875, 1251.054931640625, 1107.6871337890625]",1
frame_0025.png,extras,portable_power_station,portable power station,portable power station.,0.2,0.2,2,0.4812,"[240.0463409423828, 297.2112731933594, 1251.1787109375, 1120.3721923828125]",1
frame_0025.png,extras,portable_power_station,large power bank,large power bank.,0.2,0.2,1,0.5591,"[241.11978149414062, 295.67083740234375, 1252.4193115234375, 1084.4176025390625]",1
frame_0025.png,extras,portable_power_station,battery box,battery box.,0.2,0.2,0,0.0,,0
frame_0025.png,extras,portable_power_station,power generator box,power generator box.,0.2,0.2,1,0.2358,"[400.3898620605469, 830.2706298828125, 488.591796875, 908.9959106445312]",1
frame_0025.png,extras,portable_power_station,portable battery,portable battery.,0.2,0.2,7,0.3217,"[400.4073181152344, 831.0897216796875, 488.3363342285156, 909.6566162109375]",1
frame_0025.png,extras,portable_power_station,power station,power station.,0.2,0.2,1,0.6065,"[242.91050720214844, 299.9362487792969, 1249.083740234375, 1105.11474609375]",1
frame_0025.png,extras,portable_power_station,large battery pack,large battery pack.,0.2,0.2,3,0.3673,"[241.82582092285156, 296.83709716796875, 1249.712890625, 1091.7196044921875]",1
frame_0025.png,extras,rectangular_table,rectangular table,rectangular table.,0.2,0.2,2,0.72,"[686.8621215820312, 924.4432373046875, 1077.588134765625, 1081.9349365234375]",1
frame_0025.png,extras,rectangular_table,outdoor table,outdoor table.,0.2,0.2,2,0.643,"[685.9127197265625, 925.407470703125, 1075.093017578125, 1080.137939453125]",1
frame_0025.png,extras,rectangular_table,long rectangular table,long rectangular table.,0.2,0.2,1,0.6636,"[682.6620483398438, 922.1312866210938, 1083.701904296875, 1082.88232421875]",1
frame_0025.png,extras,rectangular_table,picnic table,picnic table.,0.2,0.2,2,0.5433,"[362.1516418457031, 902.5951538085938, 519.5216064453125, 1015.7081298828125]",1
frame_0025.png,extras,rectangular_table,folding table,folding table.,0.2,0.2,2,0.4974,"[688.6747436523438, 929.5081787109375, 1074.4991455078125, 1079.379638671875]",1
frame_0025.png,extras,rectangular_table,work table,work table.,0.2,0.2,2,0.6523,"[362.2440490722656, 902.3283081054688, 520.4063720703125, 1016.1220092773438]",1
frame_0025.png,extras,rectangular_table,outdoor wooden table,outdoor wooden table.,0.2,0.2,2,0.7199,"[682.2286376953125, 922.174560546875, 1078.886962890625, 1081.1409912109375]",1
frame_0025.png,extras,traffic_cone,traffic cone,traffic cone.,0.2,0.2,2,0.2604,"[813.8192138671875, 947.2425537109375, 907.1751708984375, 1079.1278076171875]",1
frame_0025.png,extras,traffic_cone,road cone,road cone.,0.2,0.2,2,0.2503,"[812.0364379882812, 941.2783813476562, 910.6476440429688, 1081.4443359375]",1
frame_0025.png,extras,traffic_cone,safety cone,safety cone.,0.2,0.2,2,0.2612,"[812.3087768554688, 941.7930908203125, 910.1780395507812, 1080.99609375]",1
frame_0025.png,extras,traffic_cone,orange cone,orange cone.,0.2,0.2,1,0.2249,"[811.1890258789062, 942.9044189453125, 910.8248901367188, 1080.7269287109375]",1
frame_0025.png,extras,traffic_cone,construction cone,construction cone.,0.2,0.2,3,0.2391,"[811.9242553710938, 942.526611328125, 911.0325927734375, 1081.498291015625]",1
frame_0025.png,extras,traffic_cone,orange traffic cone,orange traffic cone.,0.2,0.2,2,0.2394,"[808.7767333984375, 940.197998046875, 912.8675537109375, 1082.1566162109375]",1
frame_0025.png,extras,trolley,trolley,trolley.,0.2,0.2,4,0.5063,"[2.343569278717041, 880.4805297851562, 161.94390869140625, 1031.242431640625]",1
frame_0025.png,extras,trolley,hand cart,hand cart.,0.2,0.2,2,0.2339,"[243.35012817382812, 301.1785583496094, 1247.479736328125, 1086.057373046875]",1
frame_0025.png,extras,trolley,hand truck,hand truck.,0.2,0.2,4,0.3562,"[252.67666625976562, 302.99951171875, 1247.42822265625, 1049.7823486328125]",1
frame_0025.png,extras,trolley,luggage cart,luggage cart.,0.2,0.2,6,0.4301,"[2.0665347576141357, 879.7119750976562, 163.18533325195312, 1033.2545166015625]",1
frame_0025.png,extras,trolley,flatbed cart,flatbed cart.,0.2,0.2,5,0.4243,"[1.6866213083267212, 878.8346557617188, 163.90065002441406, 1034.1746826171875]",1
frame_0025.png,extras,trolley,push cart,push cart.,0.2,0.2,6,0.4108,"[1.9259709119796753, 879.6123657226562, 163.83978271484375, 1033.78759765625]",1
frame_0025.png,extras,trolley,utility cart,utility cart.,0.2,0.2,6,0.3717,"[1.8337726593017578, 878.8161010742188, 164.56158447265625, 1034.546630859375]",1
frame_0025.png,extras,trolley,metal trolley,metal trolley.,0.2,0.2,3,0.4442,"[239.67120361328125, 298.8949890136719, 1250.2708740234375, 1121.782470703125]",1
frame_0026.png,production,trailer,ALL_GROUP,utility trailer. open trailer. vehicle trailer. covered trailer.,0.18,0.18,6,0.4079,"[1.377561092376709, 605.143798828125, 378.1389465332031, 1015.01513671875]",1
frame_0026.png,production,electric utility vehicle+electric wheelchair+electric scooter,ALL_GROUP,electric utility vehicle. small electric cart. golf cart. white utility vehicle. powered mobility scooter. motorized wheelchair. mobility chair. electric wheelchair. two-wheeled scooter. stand-up scooter. electric kick scooter. kick scooter.,0.2,0.2,6,0.5877,"[1.8782329559326172, 600.6119384765625, 380.69732666015625, 1020.2899169921875]",1
frame_0026.png,production,trolley,ALL_GROUP,trolley. hand cart. utility cart. push cart.,0.22,0.22,0,0.0,,0
frame_0026.png,production,pair of ramps+basketball,ALL_GROUP,metal ramps on ground. two metal ramps. pair of ramps. vehicle loading ramp. round orange ball. rubber ball on ground. sports ball. basketball.,0.18,0.18,15,0.5502,"[1156.36767578125, 1639.739501953125, 1687.88671875, 1851.703369140625]",1
frame_0026.png,production,portable power station+umbrella,ALL_GROUP,portable power station. large power bank. battery box. power generator box. folded umbrella. open umbrella. shade umbrella. umbrella.,0.2,0.2,1,0.2092,"[2.044658660888672, 601.8092651367188, 380.7003479003906, 1017.1001586914062]",1
frame_0026.png,production,rectangular table,ALL_GROUP,rectangular table. outdoor table. picnic table. folding table.,0.24,0.24,2,0.3463,"[1340.2744140625, 917.0186157226562, 1858.994873046875, 1148.43798828125]",1
frame_0026.png,production,cardboard box,ALL_GROUP,cardboard box. brown cardboard box. shipping box.,0.26,0.26,2,0.3745,"[1613.526611328125, 767.9259643554688, 1761.3521728515625, 930.2183837890625]",1
frame_0026.png,production,chair,ALL_GROUP,chair. folding chair. outdoor chair. plastic chair.,0.3,0.3,3,0.3473,"[1460.258056640625, 926.814453125, 1606.5078125, 1145.9698486328125]",1
frame_0026.png,production,traffic cone,ALL_GROUP,traffic cone. road cone. safety cone. orange cone.,0.22,0.22,0,0.0,,0
frame_0026.png,production,prohibition sign,ALL_GROUP,red sign on ground. red circular sign. prohibition sign. red prohibition sign.,0.2,0.2,9,0.3672,"[1758.31103515625, 945.0892333984375, 1838.6917724609375, 994.674560546875]",1
frame_0026.png,extras,cardboard_box,cardboard box,cardboard box.,0.2,0.2,3,0.4018,"[1622.985595703125, 802.9664306640625, 1741.5396728515625, 899.9733276367188]",1
frame_0026.png,extras,cardboard_box,brown cardboard box,brown cardboard box.,0.2,0.2,1,0.539,"[1614.1029052734375, 768.74609375, 1761.5826416015625, 929.4660034179688]",1
frame_0026.png,extras,cardboard_box,shipping box,shipping box.,0.2,0.2,4,0.4249,"[1613.0548095703125, 767.5853271484375, 1760.557861328125, 930.484619140625]",1
frame_0026.png,extras,cardboard_box,small box,small box.,0.2,0.2,4,0.3889,"[1621.5516357421875, 802.0406494140625, 1742.19384765625, 899.9383544921875]",1
frame_0026.png,extras,cardboard_box,package box,package box.,0.2,0.2,1,0.2362,"[1616.4697265625, 767.65771484375, 1760.686279296875, 928.360107421875]",1
frame_0026.png,extras,cardboard_box,stacked box,stacked box.,0.2,0.2,3,0.2835,"[1617.01220703125, 767.8866577148438, 1760.459716796875, 928.4871826171875]",1
frame_0026.png,extras,cardboard_box,outdoor cardboard box,outdoor cardboard box.,0.2,0.2,1,0.55,"[1612.924072265625, 766.5689697265625, 1762.4002685546875, 930.559326171875]",1
frame_0026.png,extras,chair,chair,chair.,0.2,0.2,4,0.2988,"[1.0302042961120605, 1736.980224609375, 462.7810363769531, 1856.843994140625]",1
frame_0026.png,extras,chair,armless chair,armless chair.,0.2,0.2,2,0.4824,"[2263.3505859375, 1668.884033203125, 2877.847900390625, 1853.080322265625]",1
frame_0026.png,extras,chair,outdoor chair,outdoor chair.,0.2,0.2,5,0.3717,"[794.4697265625, 882.5853881835938, 908.3096923828125, 1008.77685546875]",1
frame_0026.png,extras,chair,plastic chair,plastic chair.,0.2,0.2,3,0.427,"[1459.0279541015625, 926.5252075195312, 1605.455810546875, 1145.944580078125]",1
frame_0026.png,extras,chair,folding chair,folding chair.,0.2,0.2,3,0.3862,"[2261.40576171875, 1671.357666015625, 2878.9111328125, 1853.857177734375]",1
frame_0026.png,extras,chair,metal chair,metal chair.,0.2,0.2,4,0.4192,"[793.8811645507812, 881.76904296875, 909.760986328125, 1008.9921875]",1
frame_0026.png,extras,electric_utility_vehicle,electric utility vehicle,electric utility vehicle.,0.2,0.2,6,0.4761,"[1.522679328918457, 602.80078125, 378.04302978515625, 1016.1205444335938]",1
frame_0026.png,extras,electric_utility_vehicle,small electric cart,small electric cart.,0.2,0.2,2,0.5501,"[788.591064453125, 879.6979370117188, 913.972900390625, 1013.9406127929688]",1
frame_0026.png,extras,electric_utility_vehicle,utility vehicle,utility vehicle.,0.2,0.2,6,0.5337,"[793.187744140625, 883.8322143554688, 916.585693359375, 1009.5817260742188]",1
frame_0026.png,extras,electric_utility_vehicle,golf cart,golf cart.,0.2,0.2,1,0.2366,"[793.2628173828125, 883.04052734375, 911.7695922851562, 1010.2062377929688]",1
frame_0026.png,extras,electric_utility_vehicle,electric cart,electric cart.,0.2,0.2,3,0.4489,"[792.6109008789062, 883.0913696289062, 910.2614135742188, 1010.9347534179688]",1
frame_0026.png,extras,electric_utility_vehicle,small white utility vehicle,small white utility vehicle.,0.2,0.2,2,0.5944,"[2.521533966064453, 601.434326171875, 380.5856018066406, 1018.219970703125]",1
frame_0026.png,extras,electric_utility_vehicle,white utility cart,white utility cart.,0.2,0.2,2,0.493,"[2.6828742027282715, 601.7464599609375, 380.17742919921875, 1019.3401489257812]",1
frame_0026.png,extras,portable_power_station,portable power station,portable power station.,0.2,0.2,5,0.387,"[908.8129272460938, 0.926772952079773, 2074.49951171875, 1239.23583984375]",1
frame_0026.png,extras,portable_power_station,large power bank,large power bank.,0.2,0.2,5,0.4507,"[2.701563835144043, 600.9061279296875, 381.8445129394531, 1012.2643432617188]",1
frame_0026.png,extras,portable_power_station,battery box,battery box.,0.2,0.2,0,0.0,,0
frame_0026.png,extras,portable_power_station,power generator box,power generator box.,0.2,0.2,0,0.0,,0
frame_0026.png,extras,portable_power_station,portable battery,portable battery.,0.2,0.2,4,0.2903,"[1554.93017578125, 866.3900756835938, 1625.3631591796875, 929.173828125]",1
frame_0026.png,extras,portable_power_station,power station,power station.,0.2,0.2,3,0.4403,"[909.333740234375, 0.35171806812286377, 2070.1279296875, 1232.99169921875]",1
frame_0026.png,extras,portable_power_station,large battery pack,large battery pack.,0.2,0.2,3,0.4071,"[3.2588624954223633, 600.987548828125, 380.074462890625, 1016.338623046875]",1
frame_0026.png,extras,rectangular_table,rectangular table,rectangular table.,0.2,0.2,1,0.7797,"[1339.328369140625, 915.4002075195312, 1858.041259765625, 1150.374267578125]",1
frame_0026.png,extras,rectangular_table,outdoor table,outdoor table.,0.2,0.2,1,0.682,"[1334.46240234375, 915.0506591796875, 1857.977783203125, 1149.3431396484375]",1
frame_0026.png,extras,rectangular_table,long rectangular table,long rectangular table.,0.2,0.2,1,0.7102,"[1335.177734375, 911.0828247070312, 1865.8533935546875, 1152.16552734375]",1
frame_0026.png,extras,rectangular_table,picnic table,picnic table.,0.2,0.2,2,0.4565,"[1344.3360595703125, 916.8165893554688, 1850.18017578125, 1148.225341796875]",1
frame_0026.png,extras,rectangular_table,folding table,folding table.,0.2,0.2,1,0.4576,"[1339.2470703125, 921.2656860351562, 1851.2059326171875, 1148.1455078125]",1
frame_0026.png,extras,rectangular_table,work table,work table.,0.2,0.2,1,0.6286,"[1341.046875, 912.2493286132812, 1852.93212890625, 1150.20458984375]",1
frame_0026.png,extras,rectangular_table,outdoor wooden table,outdoor wooden table.,0.2,0.2,1,0.7577,"[1332.389404296875, 909.4122924804688, 1867.6234130859375, 1150.0872802734375]",1
frame_0026.png,extras,traffic_cone,traffic cone,traffic cone.,0.2,0.2,2,0.3418,"[1668.6044921875, 936.5980224609375, 1848.466552734375, 1143.178955078125]",1
frame_0026.png,extras,traffic_cone,road cone,road cone.,0.2,0.2,4,0.3315,"[1459.317626953125, 928.5167846679688, 1606.2122802734375, 1145.7574462890625]",1
frame_0026.png,extras,traffic_cone,safety cone,safety cone.,0.2,0.2,2,0.3405,"[1459.674072265625, 930.7708129882812, 1605.4224853515625, 1145.15087890625]",1
frame_0026.png,extras,traffic_cone,orange cone,orange cone.,0.2,0.2,2,0.3457,"[1457.614013671875, 934.9422607421875, 1608.5712890625, 1145.078125]",1
frame_0026.png,extras,traffic_cone,construction cone,construction cone.,0.2,0.2,4,0.3673,"[1458.9302978515625, 929.1807861328125, 1605.4010009765625, 1146.005126953125]",1
frame_0026.png,extras,traffic_cone,orange traffic cone,orange traffic cone.,0.2,0.2,2,0.4023,"[1665.757568359375, 938.4435424804688, 1853.7703857421875, 1149.361083984375]",1
frame_0026.png,extras,trolley,trolley,trolley.,0.2,0.2,5,0.5156,"[794.8035278320312, 884.8173217773438, 907.7443237304688, 1007.5097045898438]",1
frame_0026.png,extras,trolley,hand cart,hand cart.,0.2,0.2,1,0.2285,"[794.0642700195312, 884.0985717773438, 910.1349487304688, 1009.7989501953125]",1
frame_0026.png,extras,trolley,hand truck,hand truck.,0.2,0.2,4,0.4882,"[1.2229156494140625, 604.4832153320312, 376.7711486816406, 1014.4300537109375]",1
frame_0026.png,extras,trolley,luggage cart,luggage cart.,0.2,0.2,5,0.4896,"[793.7730102539062, 883.39892578125, 911.8863525390625, 1009.900390625]",1
frame_0026.png,extras,trolley,flatbed cart,flatbed cart.,0.2,0.2,3,0.4485,"[792.7302856445312, 882.5955200195312, 912.9790649414062, 1010.3596801757812]",1
frame_0026.png,extras,trolley,push cart,push cart.,0.2,0.2,4,0.4657,"[793.1998291015625, 883.334228515625, 911.31884765625, 1010.5420532226562]",1
frame_0026.png,extras,trolley,utility cart,utility cart.,0.2,0.2,4,0.3801,"[792.2617797851562, 882.5867309570312, 911.0243530273438, 1011.1992797851562]",1
frame_0026.png,extras,trolley,metal trolley,metal trolley.,0.2,0.2,3,0.3695,"[792.1427612304688, 882.935791015625, 911.4376220703125, 1011.7552490234375]",1
frame_0027.png,production,trailer,ALL_GROUP,utility trailer. open trailer. vehicle trailer. covered trailer.,0.18,0.18,5,0.4162,"[1.5066075325012207, 606.8650512695312, 378.9012145996094, 1013.4270629882812]",1
frame_0027.png,production,electric utility vehicle+electric wheelchair+electric scooter,ALL_GROUP,electric utility vehicle. small electric cart. golf cart. white utility vehicle. powered mobility scooter. motorized wheelchair. mobility chair. electric wheelchair. two-wheeled scooter. stand-up scooter. electric kick scooter. kick scooter.,0.2,0.2,5,0.6075,"[2.024209499359131, 602.1011962890625, 381.6273498535156, 1019.3291625976562]",1
frame_0027.png,production,trolley,ALL_GROUP,trolley. hand cart. utility cart. push cart.,0.22,0.22,2,0.2544,"[794.4647216796875, 884.6971435546875, 912.5936889648438, 1010.9608764648438]",1
frame_0027.png,production,pair of ramps+basketball,ALL_GROUP,metal ramps on ground. two metal ramps. pair of ramps. vehicle loading ramp. round orange ball. rubber ball on ground. sports ball. basketball.,0.18,0.18,16,0.5446,"[5.460827350616455, 600.4635620117188, 386.758056640625, 1019.2203369140625]",1
frame_0027.png,production,portable power station+umbrella,ALL_GROUP,portable power station. large power bank. battery box. power generator box. folded umbrella. open umbrella. shade umbrella. umbrella.,0.2,0.2,2,0.2145,"[2.225804328918457, 603.4169311523438, 381.9755859375, 1015.4195556640625]",1
frame_0027.png,production,rectangular table,ALL_GROUP,rectangular table. outdoor table. picnic table. folding table.,0.24,0.24,2,0.3776,"[1332.7127685546875, 920.1818237304688, 1847.534912109375, 1147.9219970703125]",1
frame_0027.png,production,cardboard box,ALL_GROUP,cardboard box. brown cardboard box. shipping box.,0.26,0.26,2,0.3882,"[1612.43408203125, 776.3551635742188, 1756.736328125, 932.6262817382812]",1
frame_0027.png,production,chair,ALL_GROUP,chair. folding chair. outdoor chair. plastic chair.,0.3,0.3,1,0.3494,"[795.497802734375, 885.0490112304688, 910.8116455078125, 1008.2463989257812]",1
frame_0027.png,production,traffic cone,ALL_GROUP,traffic cone. road cone. safety cone. orange cone.,0.22,0.22,0,0.0,,0
frame_0027.png,production,prohibition sign,ALL_GROUP,red sign on ground. red circular sign. prohibition sign. red prohibition sign.,0.2,0.2,9,0.3364,"[1760.6212158203125, 949.34521484375, 1835.9637451171875, 994.2196655273438]",1
frame_0027.png,extras,cardboard_box,cardboard box,cardboard box.,0.2,0.2,3,0.3529,"[1614.037109375, 776.0524291992188, 1755.490234375, 931.0236206054688]",1
frame_0027.png,extras,cardboard_box,brown cardboard box,brown cardboard box.,0.2,0.2,3,0.4861,"[1613.3389892578125, 780.1065063476562, 1755.9085693359375, 931.8836059570312]",1
frame_0027.png,extras,cardboard_box,shipping box,shipping box.,0.2,0.2,4,0.3662,"[1.4968442916870117, 605.5048828125, 377.3766784667969, 1010.610107421875]",1
frame_0027.png,extras,cardboard_box,small box,small box.,0.2,0.2,3,0.3696,"[1613.2548828125, 778.575439453125, 1755.801513671875, 931.874267578125]",1
frame_0027.png,extras,cardboard_box,package box,package box.,0.2,0.2,0,0.0,,0
frame_0027.png,extras,cardboard_box,stacked box,stacked box.,0.2,0.2,1,0.2391,"[1614.9952392578125, 772.1168823242188, 1757.380126953125, 931.469482421875]",1
frame_0027.png,extras,cardboard_box,outdoor cardboard box,outdoor cardboard box.,0.2,0.2,2,0.4887,"[1611.571044921875, 773.9406127929688, 1758.3790283203125, 932.9386596679688]",1
frame_0027.png,extras,chair,chair,chair.,0.2,0.2,4,0.2796,"[1.076188087463379, 1737.3985595703125, 464.2626647949219, 1856.862060546875]",1
frame_0027.png,extras,chair,armless chair,armless chair.,0.2,0.2,2,0.3883,"[2.0748496055603027, 1733.3095703125, 463.6832275390625, 1853.9365234375]",1
frame_0027.png,extras,chair,outdoor chair,outdoor chair.,0.2,0.2,5,0.3837,"[795.154296875, 884.1572875976562, 910.3318481445312, 1008.7506103515625]",1
frame_0027.png,extras,chair,plastic chair,plastic chair.,0.2,0.2,4,0.3698,"[1458.14111328125, 930.6632080078125, 1603.263671875, 1145.90087890625]",1
frame_0027.png,extras,chair,folding chair,folding chair.,0.2,0.2,3,0.336,"[1.1220860481262207, 1735.67529296875, 464.77960205078125, 1854.7166748046875]",1
frame_0027.png,extras,chair,metal chair,metal chair.,0.2,0.2,4,0.3902,"[447.0591735839844, 875.758544921875, 536.0150756835938, 1020.6314086914062]",1
frame_0027.png,extras,electric_utility_vehicle,electric utility vehicle,electric utility vehicle.,0.2,0.2,3,0.4677,"[1.6204833984375, 604.6318969726562, 378.79620361328125, 1016.1093139648438]",1
frame_0027.png,extras,electric_utility_vehicle,small electric cart,small electric cart.,0.2,0.2,2,0.556,"[790.0452880859375, 881.00390625, 914.8489379882812, 1013.91357421875]",1
frame_0027.png,extras,electric_utility_vehicle,utility vehicle,utility vehicle.,0.2,0.2,5,0.5655,"[794.9295043945312, 885.5219116210938, 911.7576293945312, 1009.7213134765625]",1
frame_0027.png,extras,electric_utility_vehicle,golf cart,golf cart.,0.2,0.2,1,0.2639,"[795.106201171875, 884.6710815429688, 911.1980590820312, 1010.0796508789062]",1
frame_0027.png,extras,electric_utility_vehicle,electric cart,electric cart.,0.2,0.2,2,0.4791,"[793.8536987304688, 884.7208251953125, 911.0541381835938, 1010.938720703125]",1
frame_0027.png,extras,electric_utility_vehicle,small white utility vehicle,small white utility vehicle.,0.2,0.2,2,0.594,"[2.7233433723449707, 602.8215942382812, 381.73858642578125, 1016.9537963867188]",1
frame_0027.png,extras,electric_utility_vehicle,white utility cart,white utility cart.,0.2,0.2,4,0.4512,"[2.6522326469421387, 603.486328125, 381.5880432128906, 1018.974609375]",1
frame_0027.png,extras,portable_power_station,portable power station,portable power station.,0.2,0.2,4,0.3663,"[910.7186889648438, 1.1542117595672607, 2077.543701171875, 1235.337646484375]",1
frame_0027.png,extras,portable_power_station,large power bank,large power bank.,0.2,0.2,5,0.4305,"[2.8170275688171387, 602.6890869140625, 383.3200378417969, 1011.2432861328125]",1
frame_0027.png,extras,portable_power_station,battery box,battery box.,0.2,0.2,0,0.0,,0
frame_0027.png,extras,portable_power_station,power generator box,power generator box.,0.2,0.2,0,0.0,,0
frame_0027.png,extras,portable_power_station,portable battery,portable battery.,0.2,0.2,2,0.2609,"[1227.358642578125, 998.93896484375, 1296.61181640625, 1063.98876953125]",1
frame_0027.png,extras,portable_power_station,power station,power station.,0.2,0.2,2,0.4636,"[907.6824340820312, 0.00011086463928222656, 2071.10009765625, 1231.3875732421875]",1
frame_0027.png,extras,portable_power_station,large battery pack,large battery pack.,0.2,0.2,3,0.4168,"[3.2462668418884277, 602.6751708984375, 381.48101806640625, 1015.3895263671875]",1
frame_0027.png,extras,rectangular_table,rectangular table,rectangular table.,0.2,0.2,1,0.7075,"[1331.447265625, 918.9946899414062, 1849.276611328125, 1149.869384765625]",1
frame_0027.png,extras,rectangular_table,outdoor table,outdoor table.,0.2,0.2,2,0.5514,"[1330.577880859375, 920.16357421875, 1845.955078125, 1148.0078125]",1
frame_0027.png,extras,rectangular_table,long rectangular table,long rectangular table.,0.2,0.2,2,0.5798,"[1329.00146484375, 914.0314331054688, 1856.1273193359375, 1151.8656005859375]",1
frame_0027.png,extras,rectangular_table,picnic table,picnic table.,0.2,0.2,2,0.3229,"[1333.30712890625, 921.1652221679688, 1836.384521484375, 1049.1998291015625]",1
frame_0027.png,extras,rectangular_table,folding table,folding table.,0.2,0.2,3,0.412,"[1333.3355712890625, 924.466064453125, 1843.834228515625, 1147.1021728515625]",1
frame_0027.png,extras,rectangular_table,work table,work table.,0.2,0.2,2,0.4376,"[1332.5211181640625, 918.7616577148438, 1837.4647216796875, 1048.011474609375]",1
frame_0027.png,extras,rectangular_table,outdoor wooden table,outdoor wooden table.,0.2,0.2,1,0.6829,"[1327.51611328125, 914.1234741210938, 1851.5211181640625, 1149.935546875]",1
frame_0027.png,extras,traffic_cone,traffic cone,traffic cone.,0.2,0.2,4,0.3119,"[1664.2452392578125, 938.352294921875, 1844.731689453125, 1142.6217041015625]",1
frame_0027.png,extras,traffic_cone,road cone,road cone.,0.2,0.2,4,0.3041,"[1458.1561279296875, 931.21044921875, 1603.849609375, 1145.7576904296875]",1
frame_0027.png,extras,traffic_cone,safety cone,safety cone.,0.2,0.2,2,0.2895,"[1658.9798583984375, 931.4083251953125, 1846.6005859375, 1146.0533447265625]",1
frame_0027.png,extras,traffic_cone,orange cone,orange cone.,0.2,0.2,2,0.289,"[1456.8341064453125, 937.1516723632812, 1607.263427734375, 1145.4573974609375]",1
frame_0027.png,extras,traffic_cone,construction cone,construction cone.,0.2,0.2,5,0.3398,"[1457.8603515625, 931.845458984375, 1602.8431396484375, 1146.0499267578125]",1
frame_0027.png,extras,traffic_cone,orange traffic cone,orange traffic cone.,0.2,0.2,2,0.3375,"[1661.7811279296875, 938.10009765625, 1849.79052734375, 1148.750732421875]",1
frame_0027.png,extras,trolley,trolley,trolley.,0.2,0.2,6,0.5175,"[796.1763916015625, 886.6414794921875, 908.7635498046875, 1007.8663330078125]",1
frame_0027.png,extras,trolley,hand cart,hand cart.,0.2,0.2,1,0.2749,"[795.3469848632812, 885.331787109375, 910.98583984375, 1009.8515014648438]",1
frame_0027.png,extras,trolley,hand truck,hand truck.,0.2,0.2,4,0.4983,"[1.0833120346069336, 605.849609375, 377.6548156738281, 1014.614990234375]",1
frame_0027.png,extras,trolley,luggage cart,luggage cart.,0.2,0.2,3,0.4912,"[795.2015991210938, 884.8016357421875, 911.0283813476562, 1009.8466186523438]",1
frame_0027.png,extras,trolley,flatbed cart,flatbed cart.,0.2,0.2,2,0.4629,"[794.2200927734375, 884.0321044921875, 912.2582397460938, 1010.4778442382812]",1
frame_0027.png,extras,trolley,push cart,push cart.,0.2,0.2,4,0.4931,"[794.765380859375, 884.8198852539062, 910.6766357421875, 1010.3561401367188]",1
frame_0027.png,extras,trolley,utility cart,utility cart.,0.2,0.2,6,0.409,"[793.6735229492188, 883.936767578125, 912.0177612304688, 1011.3536987304688]",1
frame_0027.png,extras,trolley,metal trolley,metal trolley.,0.2,0.2,2,0.4826,"[902.8380126953125, 1.8684017658233643, 2205.91796875, 1259.05908203125]",1
frame_0028.png,production,trailer,ALL_GROUP,utility trailer. open trailer. vehicle trailer. covered trailer.,0.18,0.18,5,0.4182,"[1.486051082611084, 606.6920776367188, 379.63299560546875, 1014.3666381835938]",1
frame_0028.png,production,electric utility vehicle+electric wheelchair+electric scooter,ALL_GROUP,electric utility vehicle. small electric cart. golf cart. white utility vehicle. powered mobility scooter. motorized wheelchair. mobility chair. electric wheelchair. two-wheeled scooter. stand-up scooter. electric kick scooter. kick scooter.,0.2,0.2,5,0.604,"[1.9731831550598145, 602.01171875, 382.380859375, 1020.1818237304688]",1
frame_0028.png,production,trolley,ALL_GROUP,trolley. hand cart. utility cart. push cart.,0.22,0.22,2,0.2458,"[794.4324340820312, 884.7706298828125, 912.875732421875, 1011.1041259765625]",1
frame_0028.png,production,pair of ramps+basketball,ALL_GROUP,metal ramps on ground. two metal ramps. pair of ramps. vehicle loading ramp. round orange ball. rubber ball on ground. sports ball. basketball.,0.18,0.18,16,0.5507,"[1155.0633544921875, 1645.3345947265625, 1686.0987548828125, 1852.5950927734375]",1
frame_0028.png,production,portable power station+umbrella,ALL_GROUP,portable power station. large power bank. battery box. power generator box. folded umbrella. open umbrella. shade umbrella. umbrella.,0.2,0.2,2,0.2131,"[2.170872688293457, 603.3763427734375, 382.7619934082031, 1015.5200805664062]",1
frame_0028.png,production,rectangular table,ALL_GROUP,rectangular table. outdoor table. picnic table. folding table.,0.24,0.24,1,0.3814,"[1333.7413330078125, 920.1016235351562, 1849.5888671875, 1147.865234375]",1
frame_0028.png,production,cardboard box,ALL_GROUP,cardboard box. brown cardboard box. shipping box.,0.26,0.26,2,0.3913,"[1612.0177001953125, 776.9619750976562, 1756.328369140625, 933.7091064453125]",1
frame_0028.png,production,chair,ALL_GROUP,chair. folding chair. outdoor chair. plastic chair.,0.3,0.3,1,0.3649,"[795.5907592773438, 885.0722045898438, 910.9739990234375, 1008.4312744140625]",1
frame_0028.png,production,traffic cone,ALL_GROUP,traffic cone. road cone. safety cone. orange cone.,0.22,0.22,0,0.0,,0
frame_0028.png,production,prohibition sign,ALL_GROUP,red sign on ground. red circular sign. prohibition sign. red prohibition sign.,0.2,0.2,9,0.3353,"[1760.32568359375, 949.1685791015625, 1836.279541015625, 994.7415161132812]",1
frame_0028.png,extras,cardboard_box,cardboard box,cardboard box.,0.2,0.2,4,0.3702,"[1613.5543212890625, 779.7760620117188, 1754.338623046875, 931.7548828125]",1
frame_0028.png,extras,cardboard_box,brown cardboard box,brown cardboard box.,0.2,0.2,2,0.5041,"[1612.876220703125, 787.1519775390625, 1753.573974609375, 932.7782592773438]",1
frame_0028.png,extras,cardboard_box,shipping box,shipping box.,0.2,0.2,4,0.3617,"[1611.9642333984375, 772.1331787109375, 1758.224853515625, 933.3179321289062]",1
frame_0028.png,extras,cardboard_box,small box,small box.,0.2,0.2,3,0.3754,"[1612.763916015625, 785.5308837890625, 1753.9276123046875, 932.3699340820312]",1
frame_0028.png,extras,cardboard_box,package box,package box.,0.2,0.2,0,0.0,,0
frame_0028.png,extras,cardboard_box,stacked box,stacked box.,0.2,0.2,2,0.2497,"[1614.8990478515625, 772.3607788085938, 1757.192626953125, 931.6140747070312]",1
frame_0028.png,extras,cardboard_box,outdoor cardboard box,outdoor cardboard box.,0.2,0.2,3,0.5006,"[1611.3995361328125, 773.8783569335938, 1758.3585205078125, 933.7095336914062]",1
frame_0028.png,extras,chair,chair,chair.,0.2,0.2,4,0.312,"[797.567138671875, 887.80908203125, 906.6123046875, 1006.234619140625]",1
frame_0028.png,extras,chair,armless chair,armless chair.,0.2,0.2,3,0.3743,"[2.0191240310668945, 1733.52880859375, 464.23394775390625, 1853.8338623046875]",1
frame_0028.png,extras,chair,outdoor chair,outdoor chair.,0.2,0.2,5,0.4192,"[795.1558227539062, 884.2178955078125, 910.436767578125, 1009.0592651367188]",1
frame_0028.png,extras,chair,plastic chair,plastic chair.,0.2,0.2,4,0.354,"[1457.9058837890625, 930.5222778320312, 1603.5423583984375, 1145.86083984375]",1
frame_0028.png,extras,chair,folding chair,folding chair.,0.2,0.2,3,0.3803,"[796.1555786132812, 884.7966918945312, 909.6297607421875, 1009.0657958984375]",1
frame_0028.png,extras,chair,metal chair,metal chair.,0.2,0.2,3,0.4177,"[795.0513916015625, 883.2012939453125, 911.6360473632812, 1008.9209594726562]",1
frame_0028.png,extras,electric_utility_vehicle,electric utility vehicle,electric utility vehicle.,0.2,0.2,5,0.4672,"[1.560659408569336, 604.5911254882812, 379.22735595703125, 1016.94384765625]",1
frame_0028.png,extras,electric_utility_vehicle,small electric cart,small electric cart.,0.2,0.2,2,0.5551,"[790.2216796875, 881.051513671875, 915.0734252929688, 1014.0462646484375]",1
frame_0028.png,extras,electric_utility_vehicle,utility vehicle,utility vehicle.,0.2,0.2,5,0.5712,"[795.1192626953125, 885.6036987304688, 911.814697265625, 1009.8829345703125]",1
frame_0028.png,extras,electric_utility_vehicle,golf cart,golf cart.,0.2,0.2,1,0.2611,"[795.1685180664062, 884.7857666015625, 911.5534057617188, 1010.4248657226562]",1
frame_0028.png,extras,electric_utility_vehicle,electric cart,electric cart.,0.2,0.2,2,0.4785,"[793.94580078125, 884.8795166015625, 911.4246826171875, 1011.2048950195312]",1
frame_0028.png,extras,electric_utility_vehicle,small white utility vehicle,small white utility vehicle.,0.2,0.2,2,0.5729,"[2.6929163932800293, 602.6431884765625, 382.2667236328125, 1017.9661254882812]",1
frame_0028.png,extras,electric_utility_vehicle,white utility cart,white utility cart.,0.2,0.2,4,0.4163,"[2.6960062980651855, 603.4775390625, 382.2408752441406, 1019.131591796875]",1
frame_0028.png,extras,portable_power_station,portable power station,portable power station.,0.2,0.2,5,0.3676,"[910.4777221679688, 1.215464472770691, 2075.8671875, 1236.5726318359375]",1
frame_0028.png,extras,portable_power_station,large power bank,large power bank.,0.2,0.2,4,0.4332,"[916.4691772460938, 2.8313164710998535, 2069.509033203125, 1032.3624267578125]",1
frame_0028.png,extras,portable_power_station,battery box,battery box.,0.2,0.2,0,0.0,,0
frame_0028.png,extras,portable_power_station,power generator box,power generator box.,0.2,0.2,0,0.0,,0
frame_0028.png,extras,portable_power_station,portable battery,portable battery.,0.2,0.2,3,0.2512,"[1227.2843017578125, 998.4577026367188, 1296.4273681640625, 1064.0946044921875]",1
frame_0028.png,extras,portable_power_station,power station,power station.,0.2,0.2,3,0.4604,"[907.42333984375, 0.13303756713867188, 2071.3330078125, 1231.5067138671875]",1
frame_0028.png,extras,portable_power_station,large battery pack,large battery pack.,0.2,0.2,4,0.4074,"[3.2531118392944336, 602.4797973632812, 382.03607177734375, 1015.9816284179688]",1
frame_0028.png,extras,rectangular_table,rectangular table,rectangular table.,0.2,0.2,1,0.7292,"[1332.14794921875, 919.1357421875, 1850.6820068359375, 1149.567626953125]",1
frame_0028.png,extras,rectangular_table,outdoor table,outdoor table.,0.2,0.2,2,0.5808,"[1331.1533203125, 920.0211181640625, 1847.24365234375, 1148.042724609375]",1
frame_0028.png,extras,rectangular_table,long rectangular table,long rectangular table.,0.2,0.2,2,0.5969,"[1329.6639404296875, 915.1688842773438, 1858.0504150390625, 1151.4053955078125]",1
frame_0028.png,extras,rectangular_table,picnic table,picnic table.,0.2,0.2,2,0.3421,"[1334.14599609375, 921.1958618164062, 1838.3941650390625, 1050.87548828125]",1
frame_0028.png,extras,rectangular_table,folding table,folding table.,0.2,0.2,3,0.4245,"[1333.85888671875, 924.865966796875, 1844.2825927734375, 1146.9910888671875]",1
frame_0028.png,extras,rectangular_table,work table,work table.,0.2,0.2,2,0.4702,"[1334.0523681640625, 917.7720947265625, 1845.084228515625, 1148.57275390625]",1
frame_0028.png,extras,rectangular_table,outdoor wooden table,outdoor wooden table.,0.2,0.2,1,0.7032,"[1328.2833251953125, 914.202880859375, 1853.453125, 1149.87451171875]",1
frame_0028.png,extras,traffic_cone,traffic cone,traffic cone.,0.2,0.2,3,0.3261,"[1663.4088134765625, 937.46728515625, 1844.3994140625, 1142.60302734375]",1
frame_0028.png,extras,traffic_cone,road cone,road cone.,0.2,0.2,4,0.3111,"[1458.1634521484375, 931.1367797851562, 1603.957275390625, 1145.6444091796875]",1
frame_0028.png,extras,traffic_cone,safety cone,safety cone.,0.2,0.2,2,0.3081,"[1658.9093017578125, 930.83837890625, 1846.5506591796875, 1146.1871337890625]",1
frame_0028.png,extras,traffic_cone,orange cone,orange cone.,0.2,0.2,2,0.2998,"[1456.96240234375, 935.9154052734375, 1607.1962890625, 1145.2825927734375]",1
frame_0028.png,extras,traffic_cone,construction cone,construction cone.,0.2,0.2,5,0.356,"[1457.8780517578125, 931.58935546875, 1603.0262451171875, 1145.942626953125]",1
frame_0028.png,extras,traffic_cone,orange traffic cone,orange traffic cone.,0.2,0.2,2,0.3422,"[1661.92626953125, 936.98876953125, 1849.658203125, 1148.8377685546875]",1
frame_0028.png,extras,trolley,trolley,trolley.,0.2,0.2,6,0.5137,"[796.4323120117188, 886.6386108398438, 908.9903564453125, 1008.0872802734375]",1
frame_0028.png,extras,trolley,hand cart,hand cart.,0.2,0.2,1,0.2688,"[795.2984619140625, 885.5243530273438, 911.0997314453125, 1010.110595703125]",1
frame_0028.png,extras,trolley,hand truck,hand truck.,0.2,0.2,4,0.4915,"[1.0951781272888184, 605.7933959960938, 378.30108642578125, 1015.414794921875]",1
frame_0028.png,extras,trolley,luggage cart,luggage cart.,0.2,0.2,5,0.4959,"[795.3530883789062, 884.9349975585938, 911.43359375, 1010.1699829101562]",1
frame_0028.png,extras,trolley,flatbed cart,flatbed cart.,0.2,0.2,2,0.4636,"[794.39794921875, 884.1260986328125, 912.5253295898438, 1010.6638793945312]",1
frame_0028.png,extras,trolley,push cart,push cart.,0.2,0.2,3,0.4909,"[794.829345703125, 884.9129028320312, 910.8140869140625, 1010.6058959960938]",1
frame_0028.png,extras,trolley,utility cart,utility cart.,0.2,0.2,5,0.4145,"[793.74853515625, 884.0153198242188, 912.455322265625, 1011.5487060546875]",1
frame_0028.png,extras,trolley,metal trolley,metal trolley.,0.2,0.2,2,0.497,"[903.302734375, 1.9072598218917847, 2207.809326171875, 1260.779296875]",1
frame_0029.png,production,trailer,ALL_GROUP,utility trailer. open trailer. vehicle trailer. covered trailer.,0.18,0.18,8,0.4106,"[1.630697250366211, 608.9923095703125, 387.7876281738281, 1018.8526611328125]",1
frame_0029.png,production,electric utility vehicle+electric wheelchair+electric scooter,ALL_GROUP,electric utility vehicle. small electric cart. golf cart. white utility vehicle. powered mobility scooter. motorized wheelchair. mobility chair. electric wheelchair. two-wheeled scooter. stand-up scooter. electric kick scooter. kick scooter.,0.2,0.2,7,0.5554,"[1.889176368713379, 604.99169921875, 385.4320068359375, 1021.7606811523438]",1
frame_0029.png,production,trolley,ALL_GROUP,trolley. hand cart. utility cart. push cart.,0.22,0.22,5,0.299,"[810.4056396484375, 885.3389282226562, 937.7642822265625, 1011.8328247070312]",1
frame_0029.png,production,pair of ramps+basketball,ALL_GROUP,metal ramps on ground. two metal ramps. pair of ramps. vehicle loading ramp. round orange ball. rubber ball on ground. sports ball. basketball.,0.18,0.18,14,0.536,"[1157.102783203125, 1645.0438232421875, 1677.9718017578125, 1851.969482421875]",1
frame_0029.png,production,portable power station+umbrella,ALL_GROUP,portable power station. large power bank. battery box. power generator box. folded umbrella. open umbrella. shade umbrella. umbrella.,0.2,0.2,1,0.2074,"[1.775343418121338, 605.664794921875, 389.6454772949219, 1018.8865966796875]",1
frame_0029.png,production,rectangular table,ALL_GROUP,rectangular table. outdoor table. picnic table. folding table.,0.24,0.24,3,0.3965,"[1366.915283203125, 919.3901977539062, 1874.8709716796875, 1148.4359130859375]",1
frame_0029.png,production,cardboard box,ALL_GROUP,cardboard box. brown cardboard box. shipping box.,0.26,0.26,2,0.3968,"[1634.8128662109375, 771.2346801757812, 1780.603759765625, 932.8079833984375]",1
frame_0029.png,production,chair,ALL_GROUP,chair. folding chair. outdoor chair. plastic chair.,0.3,0.3,0,0.0,,0
frame_0029.png,production,traffic cone,ALL_GROUP,traffic cone. road cone. safety cone. orange cone.,0.22,0.22,0,0.0,,0
frame_0029.png,production,prohibition sign,ALL_GROUP,red sign on ground. red circular sign. prohibition sign. red prohibition sign.,0.2,0.2,10,0.2708,"[1095.565185546875, 701.68359375, 1319.8223876953125, 852.9061889648438]",1
frame_0029.png,extras,cardboard_box,cardboard box,cardboard box.,0.2,0.2,3,0.4139,"[1634.7537841796875, 771.610595703125, 1778.0673828125, 931.3775024414062]",1
frame_0029.png,extras,cardboard_box,brown cardboard box,brown cardboard box.,0.2,0.2,1,0.5035,"[1633.793212890625, 771.94970703125, 1780.0689697265625, 932.6007690429688]",1
frame_0029.png,extras,cardboard_box,shipping box,shipping box.,0.2,0.2,3,0.401,"[1633.62939453125, 771.5415649414062, 1777.8751220703125, 932.4922485351562]",1
frame_0029.png,extras,cardboard_box,small box,small box.,0.2,0.2,6,0.3415,"[1635.1768798828125, 770.9295043945312, 1779.7257080078125, 930.385498046875]",1
frame_0029.png,extras,cardboard_box,package box,package box.,0.2,0.2,1,0.2482,"[1637.0223388671875, 771.53125, 1777.9525146484375, 930.2081909179688]",1
frame_0029.png,extras,cardboard_box,stacked box,stacked box.,0.2,0.2,1,0.297,"[1637.3486328125, 771.1189575195312, 1778.2283935546875, 930.4872436523438]",1
frame_0029.png,extras,cardboard_box,outdoor cardboard box,outdoor cardboard box.,0.2,0.2,1,0.5258,"[1633.167236328125, 770.0587158203125, 1780.7373046875, 933.2243041992188]",1
frame_0029.png,extras,chair,chair,chair.,0.2,0.2,5,0.3294,"[1113.2197265625, 905.6615600585938, 1168.75390625, 999.2048950195312]",1
frame_0029.png,extras,chair,armless chair,armless chair.,0.2,0.2,2,0.3956,"[1.8361544609069824, 1733.4488525390625, 463.2557678222656, 1853.828369140625]",1
frame_0029.png,extras,chair,outdoor chair,outdoor chair.,0.2,0.2,6,0.2868,"[1.9794917106628418, 1735.0809326171875, 462.5503234863281, 1855.1783447265625]",1
frame_0029.png,extras,chair,plastic chair,plastic chair.,0.2,0.2,5,0.3349,"[1489.687255859375, 930.1127319335938, 1636.3155517578125, 1145.6766357421875]",1
frame_0029.png,extras,chair,folding chair,folding chair.,0.2,0.2,3,0.3455,"[0.9413909912109375, 1735.8414306640625, 463.9434814453125, 1854.55419921875]",1
frame_0029.png,extras,chair,metal chair,metal chair.,0.2,0.2,5,0.3631,"[1109.56396484375, 900.0446166992188, 1178.33447265625, 1002.1719970703125]",1
frame_0029.png,extras,electric_utility_vehicle,electric utility vehicle,electric utility vehicle.,0.2,0.2,5,0.4668,"[1.7050909996032715, 607.0299072265625, 384.6605224609375, 1020.2371826171875]",1
frame_0029.png,extras,electric_utility_vehicle,small electric cart,small electric cart.,0.2,0.2,5,0.4258,"[807.24365234375, 882.4297485351562, 937.7562255859375, 1014.5795288085938]",1
frame_0029.png,extras,electric_utility_vehicle,utility vehicle,utility vehicle.,0.2,0.2,9,0.5356,"[810.5209350585938, 886.4896240234375, 936.2786865234375, 1010.4642333984375]",1
frame_0029.png,extras,electric_utility_vehicle,golf cart,golf cart.,0.2,0.2,3,0.2762,"[811.5131225585938, 885.5896606445312, 936.2069091796875, 1010.8101196289062]",1
frame_0029.png,extras,electric_utility_vehicle,electric cart,electric cart.,0.2,0.2,7,0.4527,"[810.3125, 886.309814453125, 935.598388671875, 1011.682861328125]",1
frame_0029.png,extras,electric_utility_vehicle,small white utility vehicle,small white utility vehicle.,0.2,0.2,3,0.5542,"[2.06942081451416, 606.1036376953125, 384.5861511230469, 1020.3492431640625]",1
frame_0029.png,extras,electric_utility_vehicle,white utility cart,white utility cart.,0.2,0.2,4,0.4211,"[2.384033203125, 606.3568725585938, 383.45452880859375, 1019.9698486328125]",1
frame_0029.png,extras,portable_power_station,portable power station,portable power station.,0.2,0.2,4,0.3609,"[933.5362548828125, 1.280098557472229, 2110.24169921875, 1234.0487060546875]",1
frame_0029.png,extras,portable_power_station,large power bank,large power bank.,0.2,0.2,4,0.4419,"[2.676222324371338, 604.857666015625, 391.7503967285156, 1015.4489135742188]",1
frame_0029.png,extras,portable_power_station,battery box,battery box.,0.2,0.2,0,0.0,,0
frame_0029.png,extras,portable_power_station,power generator box,power generator box.,0.2,0.2,0,0.0,,0
frame_0029.png,extras,portable_power_station,portable battery,portable battery.,0.2,0.2,3,0.2898,"[1576.251953125, 868.8506469726562, 1646.258544921875, 931.3484497070312]",1
frame_0029.png,extras,portable_power_station,power station,power station.,0.2,0.2,2,0.4709,"[932.9091796875, 0.4141348600387573, 2103.70166015625, 1227.803955078125]",1
frame_0029.png,extras,portable_power_station,large battery pack,large battery pack.,0.2,0.2,3,0.4125,"[3.1450510025024414, 604.9408569335938, 384.9690856933594, 1017.7470092773438]",1
frame_0029.png,extras,rectangular_table,rectangular table,rectangular table.,0.2,0.2,1,0.7669,"[1365.9317626953125, 918.430419921875, 1878.7110595703125, 1150.65625]",1
frame_0029.png,extras,rectangular_table,outdoor table,outdoor table.,0.2,0.2,2,0.644,"[1356.74609375, 919.2761840820312, 1876.0736083984375, 1148.8455810546875]",1
frame_0029.png,extras,rectangular_table,long rectangular table,long rectangular table.,0.2,0.2,1,0.688,"[1363.3524169921875, 914.8153686523438, 1882.49267578125, 1152.5328369140625]",1
frame_0029.png,extras,rectangular_table,picnic table,picnic table.,0.2,0.2,4,0.4359,"[1110.169677734375, 898.6432495117188, 1247.2574462890625, 1003.9030151367188]",1
frame_0029.png,extras,rectangular_table,folding table,folding table.,0.2,0.2,1,0.4753,"[1357.6497802734375, 923.4454345703125, 1876.4776611328125, 1147.77294921875]",1
frame_0029.png,extras,rectangular_table,work table,work table.,0.2,0.2,2,0.6053,"[1109.2628173828125, 897.7471313476562, 1248.2098388671875, 1004.8237915039062]",1
frame_0029.png,extras,rectangular_table,outdoor wooden table,outdoor wooden table.,0.2,0.2,2,0.7083,"[1358.4864501953125, 914.9884643554688, 1879.1007080078125, 1150.6268310546875]",1
frame_0029.png,extras,traffic_cone,traffic cone,traffic cone.,0.2,0.2,2,0.3048,"[1488.641845703125, 938.3946533203125, 1633.672607421875, 1142.0426025390625]",1
frame_0029.png,extras,traffic_cone,road cone,road cone.,0.2,0.2,2,0.2868,"[1489.177734375, 932.248779296875, 1636.629638671875, 1145.611572265625]",1
frame_0029.png,extras,traffic_cone,safety cone,safety cone.,0.2,0.2,2,0.2879,"[1489.3919677734375, 935.0127563476562, 1635.6868896484375, 1144.8043212890625]",1
frame_0029.png,extras,traffic_cone,orange cone,orange cone.,0.2,0.2,3,0.275,"[1687.5252685546875, 934.9338989257812, 1881.8084716796875, 1147.155029296875]",1
frame_0029.png,extras,traffic_cone,construction cone,construction cone.,0.2,0.2,4,0.3422,"[1681.1629638671875, 928.868896484375, 1880.3873291015625, 1147.335693359375]",1
frame_0029.png,extras,traffic_cone,orange traffic cone,orange traffic cone.,0.2,0.2,3,0.2842,"[1686.522216796875, 936.172607421875, 1883.5794677734375, 1148.7640380859375]",1
frame_0029.png,extras,trolley,trolley,trolley.,0.2,0.2,5,0.5289,"[812.2702026367188, 887.0794067382812, 930.9552001953125, 1008.8121337890625]",1
frame_0029.png,extras,trolley,hand cart,hand cart.,0.2,0.2,8,0.3085,"[811.9825439453125, 886.4467163085938, 936.3304443359375, 1010.8727416992188]",1
frame_0029.png,extras,trolley,hand truck,hand truck.,0.2,0.2,3,0.5003,"[1.2473559379577637, 608.5071411132812, 384.7574462890625, 1018.7522583007812]",1
frame_0029.png,extras,trolley,luggage cart,luggage cart.,0.2,0.2,8,0.5211,"[811.059814453125, 886.3343505859375, 934.546142578125, 1010.6493530273438]",1
frame_0029.png,extras,trolley,flatbed cart,flatbed cart.,0.2,0.2,5,0.3741,"[809.962646484375, 884.929443359375, 936.4920043945312, 1011.5949096679688]",1
frame_0029.png,extras,trolley,push cart,push cart.,0.2,0.2,8,0.4652,"[810.966796875, 886.06884765625, 935.7117309570312, 1011.0428466796875]",1
frame_0029.png,extras,trolley,utility cart,utility cart.,0.2,0.2,6,0.363,"[809.7916870117188, 885.4497680664062, 936.7268676757812, 1012.1475830078125]",1
frame_0029.png,extras,trolley,metal trolley,metal trolley.,0.2,0.2,4,0.4181,"[927.6851196289062, 1.765020489692688, 2243.7421875, 1258.1240234375]",1
frame_0030.png,production,trailer,ALL_GROUP,utility trailer. open trailer. vehicle trailer. covered trailer.,0.18,0.18,6,0.4087,"[1.6811442375183105, 603.78662109375, 388.4071350097656, 1019.8345947265625]",1
frame_0030.png,production,electric utility vehicle+electric wheelchair+electric scooter,ALL_GROUP,electric utility vehicle. small electric cart. golf cart. white utility vehicle. powered mobility scooter. motorized wheelchair. mobility chair. electric wheelchair. two-wheeled scooter. stand-up scooter. electric kick scooter. kick scooter.,0.2,0.2,8,0.5305,"[2.1431708335876465, 599.8297729492188, 384.5034484863281, 1022.6790771484375]",1
frame_0030.png,production,trolley,ALL_GROUP,trolley. hand cart. utility cart. push cart.,0.22,0.22,3,0.2552,"[818.426513671875, 885.1044921875, 952.73388671875, 1013.4420776367188]",1
frame_0030.png,production,pair of ramps+basketball,ALL_GROUP,metal ramps on ground. two metal ramps. pair of ramps. vehicle loading ramp. round orange ball. rubber ball on ground. sports ball. basketball.,0.18,0.18,17,0.5148,"[5.131816864013672, 597.7017211914062, 393.4132995605469, 1024.0487060546875]",1
frame_0030.png,production,portable power station+umbrella,ALL_GROUP,portable power station. large power bank. battery box. power generator box. folded umbrella. open umbrella. shade umbrella. umbrella.,0.2,0.2,1,0.2127,"[1.9109344482421875, 600.603759765625, 390.2972106933594, 1020.5419311523438]",1
frame_0030.png,production,rectangular table,ALL_GROUP,rectangular table. outdoor table. picnic table. folding table.,0.24,0.24,3,0.3798,"[1391.750732421875, 915.772216796875, 1935.1884765625, 1149.16748046875]",1
frame_0030.png,production,cardboard box,ALL_GROUP,cardboard box. brown cardboard box. shipping box.,0.26,0.26,2,0.3366,"[1682.109619140625, 802.088623046875, 1789.7049560546875, 903.3173828125]",1
frame_0030.png,production,chair,ALL_GROUP,chair. folding chair. outdoor chair. plastic chair.,0.3,0.3,1,0.3207,"[825.047607421875, 885.4149169921875, 941.1788940429688, 1010.2205200195312]",1
frame_0030.png,production,traffic cone,ALL_GROUP,traffic cone. road cone. safety cone. orange cone.,0.22,0.22,0,0.0,,0
frame_0030.png,production,prohibition sign,ALL_GROUP,red sign on ground. red circular sign. prohibition sign. red prohibition sign.,0.2,0.2,9,0.3142,"[1103.3115234375, 703.9525756835938, 1327.3143310546875, 851.6096801757812]",1
frame_0030.png,extras,cardboard_box,cardboard box,cardboard box.,0.2,0.2,5,0.3223,"[1685.87158203125, 803.1906127929688, 1789.2945556640625, 902.2933349609375]",1
frame_0030.png,extras,cardboard_box,brown cardboard box,brown cardboard box.,0.2,0.2,3,0.3857,"[1684.060791015625, 797.312255859375, 1794.41015625, 908.5422973632812]",1
frame_0030.png,extras,cardboard_box,shipping box,shipping box.,0.2,0.2,5,0.3774,"[1669.661865234375, 773.0330200195312, 1802.9129638671875, 928.2594604492188]",1
frame_0030.png,extras,cardboard_box,small box,small box.,0.2,0.2,5,0.3401,"[1685.182373046875, 802.1492919921875, 1789.31591796875, 903.57421875]",1
frame_0030.png,extras,cardboard_box,package box,package box.,0.2,0.2,3,0.261,"[1686.7283935546875, 805.0248413085938, 1789.4752197265625, 903.5515747070312]",1
frame_0030.png,extras,cardboard_box,stacked box,stacked box.,0.2,0.2,3,0.2772,"[1685.35205078125, 804.681396484375, 1788.3309326171875, 903.2200927734375]",1
frame_0030.png,extras,cardboard_box,outdoor cardboard box,outdoor cardboard box.,0.2,0.2,3,0.5106,"[1669.939208984375, 773.5147705078125, 1804.8406982421875, 929.1688232421875]",1
frame_0030.png,extras,chair,chair,chair.,0.2,0.2,6,0.2706,"[1225.4935302734375, 905.0760498046875, 1258.827880859375, 1001.1622314453125]",1
frame_0030.png,extras,chair,armless chair,armless chair.,0.2,0.2,2,0.3974,"[2267.25390625, 1669.615966796875, 2877.735595703125, 1852.864501953125]",1
frame_0030.png,extras,chair,outdoor chair,outdoor chair.,0.2,0.2,6,0.3539,"[824.5932006835938, 885.135009765625, 941.3121337890625, 1010.5830688476562]",1
frame_0030.png,extras,chair,plastic chair,plastic chair.,0.2,0.2,5,0.3314,"[440.3307800292969, 879.1671142578125, 568.0003051757812, 1054.2520751953125]",1
frame_0030.png,extras,chair,folding chair,folding chair.,0.2,0.2,4,0.3084,"[823.4448852539062, 885.8056640625, 940.82177734375, 1011.14794921875]",1
frame_0030.png,extras,chair,metal chair,metal chair.,0.2,0.2,4,0.4231,"[471.4582824707031, 877.6177978515625, 561.0067749023438, 1018.6517944335938]",1
frame_0030.png,extras,electric_utility_vehicle,electric utility vehicle,electric utility vehicle.,0.2,0.2,4,0.4732,"[1.5741348266601562, 602.3117065429688, 385.74285888671875, 1020.944580078125]",1
frame_0030.png,extras,electric_utility_vehicle,small electric cart,small electric cart.,0.2,0.2,4,0.5049,"[814.9237670898438, 881.4986572265625, 952.6746215820312, 1016.4584350585938]",1
frame_0030.png,extras,electric_utility_vehicle,utility vehicle,utility vehicle.,0.2,0.2,7,0.5173,"[1.2795639038085938, 602.431640625, 383.6697998046875, 1021.9186401367188]",1
frame_0030.png,extras,electric_utility_vehicle,golf cart,golf cart.,0.2,0.2,2,0.2659,"[818.6967163085938, 885.4281616210938, 949.87744140625, 1012.7847290039062]",1
frame_0030.png,extras,electric_utility_vehicle,electric cart,electric cart.,0.2,0.2,5,0.4221,"[817.4688720703125, 885.0119018554688, 949.6807861328125, 1013.5357055664062]",1
frame_0030.png,extras,electric_utility_vehicle,small white utility vehicle,small white utility vehicle.,0.2,0.2,1,0.559,"[2.3996329307556152, 600.6604614257812, 387.1152038574219, 1021.856689453125]",1
frame_0030.png,extras,electric_utility_vehicle,white utility cart,white utility cart.,0.2,0.2,4,0.4593,"[2.691071033477783, 600.8745727539062, 387.17364501953125, 1023.2926025390625]",1
frame_0030.png,extras,portable_power_station,portable power station,portable power station.,0.2,0.2,5,0.3427,"[947.785888671875, 2.2075366973876953, 2322.513671875, 1264.960205078125]",1
frame_0030.png,extras,portable_power_station,large power bank,large power bank.,0.2,0.2,4,0.475,"[2.7117562294006348, 599.0398559570312, 392.9909973144531, 1016.8056640625]",1
frame_0030.png,extras,portable_power_station,battery box,battery box.,0.2,0.2,0,0.0,,0
frame_0030.png,extras,portable_power_station,power generator box,power generator box.,0.2,0.2,0,0.0,,0
frame_0030.png,extras,portable_power_station,portable battery,portable battery.,0.2,0.2,3,0.2602,"[1611.78564453125, 867.6412963867188, 1682.70166015625, 929.9448852539062]",1
frame_0030.png,extras,portable_power_station,power station,power station.,0.2,0.2,3,0.3884,"[952.5299072265625, 0.2283257246017456, 2167.247802734375, 1248.1090087890625]",1
frame_0030.png,extras,portable_power_station,large battery pack,large battery pack.,0.2,0.2,3,0.3742,"[3.1729888916015625, 599.3541259765625, 385.2261047363281, 1019.3875122070312]",1
frame_0030.png,extras,rectangular_table,rectangular table,rectangular table.,0.2,0.2,1,0.7851,"[1393.0361328125, 915.4788818359375, 1938.958740234375, 1150.5079345703125]",1
frame_0030.png,extras,rectangular_table,outdoor table,outdoor table.,0.2,0.2,2,0.6371,"[1389.0169677734375, 916.7478637695312, 1936.679931640625, 1149.4898681640625]",1
frame_0030.png,extras,rectangular_table,long rectangular table,long rectangular table.,0.2,0.2,1,0.7694,"[1387.0677490234375, 913.2784423828125, 1941.691650390625, 1152.42822265625]",1
frame_0030.png,extras,rectangular_table,picnic table,picnic table.,0.2,0.2,4,0.4435,"[1394.3740234375, 917.12353515625, 1936.0474853515625, 1147.9381103515625]",1
frame_0030.png,extras,rectangular_table,folding table,folding table.,0.2,0.2,2,0.4832,"[1394.8798828125, 921.163330078125, 1937.9549560546875, 1148.552734375]",1
frame_0030.png,extras,rectangular_table,work table,work table.,0.2,0.2,3,0.5887,"[1393.167724609375, 913.3847045898438, 1935.805419921875, 1149.93994140625]",1
frame_0030.png,extras,rectangular_table,outdoor wooden table,outdoor wooden table.,0.2,0.2,1,0.7166,"[1384.9437255859375, 912.5949096679688, 1936.8917236328125, 1150.179443359375]",1
frame_0030.png,extras,traffic_cone,traffic cone,traffic cone.,0.2,0.2,2,0.3044,"[1736.039306640625, 939.2752685546875, 1938.22998046875, 1143.025146484375]",1
frame_0030.png,extras,traffic_cone,road cone,road cone.,0.2,0.2,2,0.2868,"[1720.60693359375, 928.171142578125, 1941.055908203125, 1148.0372314453125]",1
frame_0030.png,extras,traffic_cone,safety cone,safety cone.,0.2,0.2,3,0.2954,"[1550.878173828125, 932.5969848632812, 1696.99560546875, 1145.7440185546875]",1
frame_0030.png,extras,traffic_cone,orange cone,orange cone.,0.2,0.2,2,0.3299,"[1732.2188720703125, 935.984130859375, 1941.8760986328125, 1147.4373779296875]",1
frame_0030.png,extras,traffic_cone,construction cone,construction cone.,0.2,0.2,5,0.3595,"[1718.2440185546875, 927.7505493164062, 1940.8795166015625, 1148.1239013671875]",1
frame_0030.png,extras,traffic_cone,orange traffic cone,orange traffic cone.,0.2,0.2,2,0.3736,"[1731.5662841796875, 935.1880493164062, 1944.68603515625, 1149.2432861328125]",1
frame_0030.png,extras,trolley,trolley,trolley.,0.2,0.2,5,0.5167,"[819.639404296875, 887.1399536132812, 946.853515625, 1010.0780029296875]",1
frame_0030.png,extras,trolley,hand cart,hand cart.,0.2,0.2,2,0.2455,"[819.9090576171875, 885.9828491210938, 949.0643310546875, 1012.5250854492188]",1
frame_0030.png,extras,trolley,hand truck,hand truck.,0.2,0.2,2,0.5008,"[1.1569762229919434, 603.7281494140625, 385.1153564453125, 1019.1084594726562]",1
frame_0030.png,extras,trolley,luggage cart,luggage cart.,0.2,0.2,9,0.5088,"[818.5069580078125, 885.7782592773438, 948.4947509765625, 1012.333984375]",1
frame_0030.png,extras,trolley,flatbed cart,flatbed cart.,0.2,0.2,5,0.371,"[817.1939086914062, 884.4199829101562, 950.6858520507812, 1013.3507080078125]",1
frame_0030.png,extras,trolley,push cart,push cart.,0.2,0.2,7,0.4267,"[818.4736328125, 885.6128540039062, 948.8834228515625, 1012.7891845703125]",1
frame_0030.png,extras,trolley,utility cart,utility cart.,0.2,0.2,7,0.3647,"[817.4070434570312, 884.4515991210938, 950.0751953125, 1013.7665405273438]",1
frame_0030.png,extras,trolley,metal trolley,metal trolley.,0.2,0.2,4,0.3741,"[946.920654296875, 1.4078700542449951, 2326.47412109375, 1266.2867431640625]",1
frame_0031.png,production,trailer,ALL_GROUP,utility trailer. open trailer. vehicle trailer. covered trailer.,0.18,0.18,7,0.4261,"[1.6307830810546875, 597.1544799804688, 393.3475341796875, 1018.1549072265625]",1
frame_0031.png,production,electric utility vehicle+electric wheelchair+electric scooter,ALL_GROUP,electric utility vehicle. small electric cart. golf cart. white utility vehicle. powered mobility scooter. motorized wheelchair. mobility chair. electric wheelchair. two-wheeled scooter. stand-up scooter. electric kick scooter. kick scooter.,0.2,0.2,7,0.4988,"[2.082810401916504, 593.1360473632812, 392.5284118652344, 1022.4805908203125]",1
frame_0031.png,production,trolley,ALL_GROUP,trolley. hand cart. utility cart. push cart.,0.22,0.22,4,0.3029,"[826.07568359375, 882.439208984375, 967.3284301757812, 1013.2228393554688]",1
frame_0031.png,production,pair of ramps+basketball,ALL_GROUP,metal ramps on ground. two metal ramps. pair of ramps. vehicle loading ramp. round orange ball. rubber ball on ground. sports ball. basketball.,0.18,0.18,18,0.4797,"[1153.1322021484375, 1645.7181396484375, 1678.099853515625, 1851.6441650390625]",1
frame_0031.png,production,portable power station+umbrella,ALL_GROUP,portable power station. large power bank. battery box. power generator box. folded umbrella. open umbrella. shade umbrella. umbrella.,0.2,0.2,1,0.2097,"[1.9707369804382324, 593.4595947265625, 395.3046569824219, 1018.1047973632812]",1
frame_0031.png,production,rectangular table,ALL_GROUP,rectangular table. outdoor table. picnic table. folding table.,0.24,0.24,3,0.3691,"[1440.035400390625, 917.3447875976562, 1994.5146484375, 1153.150390625]",1
frame_0031.png,production,cardboard box,ALL_GROUP,cardboard box. brown cardboard box. shipping box.,0.26,0.26,2,0.3591,"[1709.31298828125, 777.8846435546875, 1833.9083251953125, 930.9749145507812]",1
frame_0031.png,production,chair,ALL_GROUP,chair. folding chair. outdoor chair. plastic chair.,0.3,0.3,2,0.3688,"[828.0127563476562, 882.37158203125, 948.1892700195312, 1010.2655639648438]",1
frame_0031.png,production,traffic cone,ALL_GROUP,traffic cone. road cone. safety cone. orange cone.,0.22,0.22,0,0.0,,0
frame_0031.png,production,prohibition sign,ALL_GROUP,red sign on ground. red circular sign. prohibition sign. red prohibition sign.,0.2,0.2,5,0.2807,"[1117.5208740234375, 702.6969604492188, 1337.4329833984375, 848.6080322265625]",1
frame_0031.png,extras,cardboard_box,cardboard box,cardboard box.,0.2,0.2,3,0.3655,"[1709.6446533203125, 774.9385986328125, 1833.2154541015625, 930.3585205078125]",1
frame_0031.png,extras,cardboard_box,brown cardboard box,brown cardboard box.,0.2,0.2,3,0.4504,"[1708.633544921875, 778.6118774414062, 1834.365234375, 931.0078735351562]",1
frame_0031.png,extras,cardboard_box,shipping box,shipping box.,0.2,0.2,6,0.3344,"[1707.618408203125, 771.945556640625, 1833.4859619140625, 931.1283569335938]",1
frame_0031.png,extras,cardboard_box,small box,small box.,0.2,0.2,4,0.3414,"[1711.3056640625, 770.744873046875, 1835.3577880859375, 930.0423583984375]",1
frame_0031.png,extras,cardboard_box,package box,package box.,0.2,0.2,0,0.0,,0
frame_0031.png,extras,cardboard_box,stacked box,stacked box.,0.2,0.2,3,0.267,"[1711.4752197265625, 771.61279296875, 1832.9813232421875, 929.6961059570312]",1
frame_0031.png,extras,cardboard_box,outdoor cardboard box,outdoor cardboard box.,0.2,0.2,2,0.5318,"[1707.5927734375, 771.1598510742188, 1835.4351806640625, 932.2807006835938]",1
frame_0031.png,extras,chair,chair,chair.,0.2,0.2,6,0.4115,"[475.8445129394531, 918.2842407226562, 561.7586669921875, 996.8990478515625]",1
frame_0031.png,extras,chair,armless chair,armless chair.,0.2,0.2,5,0.3066,"[1.9773674011230469, 1733.30615234375, 460.27520751953125, 1853.8726806640625]",1
frame_0031.png,extras,chair,outdoor chair,outdoor chair.,0.2,0.2,5,0.4165,"[827.7515258789062, 881.881591796875, 954.3526000976562, 1010.6372680664062]",1
frame_0031.png,extras,chair,plastic chair,plastic chair.,0.2,0.2,6,0.2702,"[469.328125, 875.3758544921875, 573.2993774414062, 1027.82958984375]",1
frame_0031.png,extras,chair,folding chair,folding chair.,0.2,0.2,4,0.3898,"[828.4263305664062, 882.6288452148438, 960.0718994140625, 1010.9094848632812]",1
frame_0031.png,extras,chair,metal chair,metal chair.,0.2,0.2,3,0.5453,"[473.9744873046875, 875.0977783203125, 568.7539672851562, 1013.7245483398438]",1
frame_0031.png,extras,electric_utility_vehicle,electric utility vehicle,electric utility vehicle.,0.2,0.2,5,0.447,"[1.5654659271240234, 595.7503051757812, 391.91046142578125, 1019.8883666992188]",1
frame_0031.png,extras,electric_utility_vehicle,small electric cart,small electric cart.,0.2,0.2,2,0.6231,"[823.0046997070312, 878.8701782226562, 968.500244140625, 1016.156005859375]",1
frame_0031.png,extras,electric_utility_vehicle,utility vehicle,utility vehicle.,0.2,0.2,8,0.5364,"[826.9840698242188, 883.8130493164062, 968.3087768554688, 1011.6214599609375]",1
frame_0031.png,extras,electric_utility_vehicle,golf cart,golf cart.,0.2,0.2,1,0.2119,"[827.7769775390625, 883.1531372070312, 966.6895141601562, 1012.5953979492188]",1
frame_0031.png,extras,electric_utility_vehicle,electric cart,electric cart.,0.2,0.2,5,0.4821,"[826.40087890625, 882.5927124023438, 967.9426879882812, 1013.2688598632812]",1
frame_0031.png,extras,electric_utility_vehicle,small white utility vehicle,small white utility vehicle.,0.2,0.2,5,0.4006,"[2.577388286590576, 593.903564453125, 393.1543273925781, 1021.8868408203125]",1
frame_0031.png,extras,electric_utility_vehicle,white utility cart,white utility cart.,0.2,0.2,5,0.3288,"[825.2202758789062, 879.9193725585938, 960.6914672851562, 1014.1558837890625]",1
frame_0031.png,extras,portable_power_station,portable power station,portable power station.,0.2,0.2,4,0.3334,"[2.5385284423828125, 594.48974609375, 392.8382263183594, 1019.9449462890625]",1
frame_0031.png,extras,portable_power_station,large power bank,large power bank.,0.2,0.2,3,0.4712,"[2.8655219078063965, 592.8453979492188, 397.46697998046875, 1015.0469360351562]",1
frame_0031.png,extras,portable_power_station,battery box,battery box.,0.2,0.2,0,0.0,,0
frame_0031.png,extras,portable_power_station,power generator box,power generator box.,0.2,0.2,0,0.0,,0
frame_0031.png,extras,portable_power_station,portable battery,portable battery.,0.2,0.2,4,0.3046,"[1178.37744140625, 835.8900756835938, 1252.718994140625, 904.934326171875]",1
frame_0031.png,extras,portable_power_station,power station,power station.,0.2,0.2,3,0.3742,"[1.5549731254577637, 595.7874145507812, 392.58526611328125, 1018.2064819335938]",1
frame_0031.png,extras,portable_power_station,large battery pack,large battery pack.,0.2,0.2,4,0.3638,"[3.3310461044311523, 593.25439453125, 392.8963317871094, 1017.6660766601562]",1
frame_0031.png,extras,rectangular_table,rectangular table,rectangular table.,0.2,0.2,1,0.6982,"[1435.8673095703125, 915.2826538085938, 1996.1820068359375, 1154.7230224609375]",1
frame_0031.png,extras,rectangular_table,outdoor table,outdoor table.,0.2,0.2,2,0.5267,"[1434.644775390625, 917.1573486328125, 1994.673095703125, 1153.4384765625]",1
frame_0031.png,extras,rectangular_table,long rectangular table,long rectangular table.,0.2,0.2,1,0.693,"[1433.854736328125, 911.4033203125, 1998.40576171875, 1156.522216796875]",1
frame_0031.png,extras,rectangular_table,picnic table,picnic table.,0.2,0.2,4,0.3964,"[1437.0697021484375, 919.1483154296875, 1964.52880859375, 1057.7340087890625]",1
frame_0031.png,extras,rectangular_table,folding table,folding table.,0.2,0.2,2,0.4355,"[1440.34814453125, 922.0963745117188, 1995.834716796875, 1152.4014892578125]",1
frame_0031.png,extras,rectangular_table,work table,work table.,0.2,0.2,2,0.5174,"[1435.2086181640625, 913.7718505859375, 1994.3206787109375, 1154.10205078125]",1
frame_0031.png,extras,rectangular_table,outdoor wooden table,outdoor wooden table.,0.2,0.2,2,0.504,"[1431.2613525390625, 912.1538696289062, 1994.9739990234375, 1155.108154296875]",1
frame_0031.png,extras,traffic_cone,traffic cone,traffic cone.,0.2,0.2,2,0.2475,"[1779.5386962890625, 938.67236328125, 1999.3173828125, 1146.0968017578125]",1
frame_0031.png,extras,traffic_cone,road cone,road cone.,0.2,0.2,3,0.2264,"[1158.90673828125, 1655.201171875, 1682.3101806640625, 1855.0362548828125]",1
frame_0031.png,extras,traffic_cone,safety cone,safety cone.,0.2,0.2,3,0.2576,"[1159.2750244140625, 1656.4642333984375, 1682.3050537109375, 1855.140380859375]",1
frame_0031.png,extras,traffic_cone,orange cone,orange cone.,0.2,0.2,2,0.2799,"[1771.31982421875, 935.500244140625, 1999.2982177734375, 1150.0654296875]",1
frame_0031.png,extras,traffic_cone,construction cone,construction cone.,0.2,0.2,3,0.2766,"[1158.0103759765625, 1655.1759033203125, 1684.0850830078125, 1855.1231689453125]",1
frame_0031.png,extras,traffic_cone,orange traffic cone,orange traffic cone.,0.2,0.2,2,0.3155,"[1772.2869873046875, 934.1275024414062, 2002.94775390625, 1152.74609375]",1
frame_0031.png,extras,trolley,trolley,trolley.,0.2,0.2,8,0.5648,"[828.6932373046875, 884.6846313476562, 965.253662109375, 1009.3756713867188]",1
frame_0031.png,extras,trolley,hand cart,hand cart.,0.2,0.2,6,0.3331,"[828.3840942382812, 883.6813354492188, 966.3445434570312, 1012.1264038085938]",1
frame_0031.png,extras,trolley,hand truck,hand truck.,0.2,0.2,3,0.432,"[1.1179232597351074, 597.2621459960938, 391.1987609863281, 1019.1459350585938]",1
frame_0031.png,extras,trolley,luggage cart,luggage cart.,0.2,0.2,9,0.5679,"[827.382080078125, 882.8488159179688, 966.339599609375, 1011.9371948242188]",1
frame_0031.png,extras,trolley,flatbed cart,flatbed cart.,0.2,0.2,3,0.4593,"[826.246826171875, 882.08740234375, 967.69970703125, 1012.75732421875]",1
frame_0031.png,extras,trolley,push cart,push cart.,0.2,0.2,6,0.5239,"[827.1490478515625, 883.15771484375, 967.32861328125, 1012.4300537109375]",1
frame_0031.png,extras,trolley,utility cart,utility cart.,0.2,0.2,6,0.4675,"[826.07177734375, 881.7860717773438, 966.4763793945312, 1013.6549072265625]",1
frame_0031.png,extras,trolley,metal trolley,metal trolley.,0.2,0.2,5,0.337,"[825.9083862304688, 881.6489868164062, 966.5604858398438, 1013.8523559570312]",1
frame_0032.png,production,trailer,ALL_GROUP,utility trailer. open trailer. vehicle trailer. covered trailer.,0.18,0.18,7,0.4148,"[1.7040395736694336, 592.9530639648438, 396.35479736328125, 1018.3499145507812]",1
frame_0032.png,production,electric utility vehicle+electric wheelchair+electric scooter,ALL_GROUP,electric utility vehicle. small electric cart. golf cart. white utility vehicle. powered mobility scooter. motorized wheelchair. mobility chair. electric wheelchair. two-wheeled scooter. stand-up scooter. electric kick scooter. kick scooter.,0.2,0.2,8,0.5134,"[2.017343044281006, 589.2177124023438, 397.49908447265625, 1023.0744018554688]",1
frame_0032.png,production,trolley,ALL_GROUP,trolley. hand cart. utility cart. push cart.,0.22,0.22,2,0.2483,"[834.0393676757812, 882.8595581054688, 976.9955444335938, 1013.6270751953125]",1
frame_0032.png,production,pair of ramps+basketball,ALL_GROUP,metal ramps on ground. two metal ramps. pair of ramps. vehicle loading ramp. round orange ball. rubber ball on ground. sports ball. basketball.,0.18,0.18,18,0.4753,"[1155.197509765625, 1646.8040771484375, 1678.244873046875, 1851.482421875]",1
frame_0032.png,production,portable power station+umbrella,ALL_GROUP,portable power station. large power bank. battery box. power generator box. folded umbrella. open umbrella. shade umbrella. umbrella.,0.2,0.2,1,0.2255,"[2.2286367416381836, 589.4141845703125, 398.8434143066406, 1020.0637817382812]",1
frame_0032.png,production,rectangular table,ALL_GROUP,rectangular table. outdoor table. picnic table. folding table.,0.24,0.24,3,0.3654,"[1489.602783203125, 916.5738525390625, 2051.83984375, 1156.4188232421875]",1
frame_0032.png,production,cardboard box,ALL_GROUP,cardboard box. brown cardboard box. shipping box.,0.26,0.26,3,0.3487,"[1738.078857421875, 796.8201904296875, 1855.3726806640625, 923.2523193359375]",1
frame_0032.png,production,chair,ALL_GROUP,chair. folding chair. outdoor chair. plastic chair.,0.3,0.3,1,0.3575,"[835.7965698242188, 882.6537475585938, 970.1693115234375, 1011.2968139648438]",1
frame_0032.png,production,traffic cone,ALL_GROUP,traffic cone. road cone. safety cone. orange cone.,0.22,0.22,0,0.0,,0
frame_0032.png,production,prohibition sign,ALL_GROUP,red sign on ground. red circular sign. prohibition sign. red prohibition sign.,0.2,0.2,5,0.2894,"[1122.7313232421875, 698.412109375, 1351.771728515625, 848.5862426757812]",1
frame_0032.png,extras,cardboard_box,cardboard box,cardboard box.,0.2,0.2,2,0.4797,"[1737.15771484375, 795.8283081054688, 1853.294189453125, 919.956787109375]",1
frame_0032.png,extras,cardboard_box,brown cardboard box,brown cardboard box.,0.2,0.2,1,0.5727,"[1734.4002685546875, 793.8941650390625, 1856.0855712890625, 924.550537109375]",1
frame_0032.png,extras,cardboard_box,shipping box,shipping box.,0.2,0.2,6,0.3343,"[1740.1483154296875, 802.408935546875, 1859.4234619140625, 926.7213745117188]",1
frame_0032.png,extras,cardboard_box,small box,small box.,0.2,0.2,3,0.4472,"[1739.0943603515625, 797.8649291992188, 1847.8768310546875, 913.8070678710938]",1
frame_0032.png,extras,cardboard_box,package box,package box.,0.2,0.2,0,0.0,,0
frame_0032.png,extras,cardboard_box,stacked box,stacked box.,0.2,0.2,3,0.2539,"[1741.0494384765625, 802.2123413085938, 1845.5177001953125, 914.7846069335938]",1
frame_0032.png,extras,cardboard_box,outdoor cardboard box,outdoor cardboard box.,0.2,0.2,1,0.561,"[1733.0601806640625, 783.2693481445312, 1861.3104248046875, 930.0316162109375]",1
frame_0032.png,extras,chair,chair,chair.,0.2,0.2,6,0.2756,"[1150.33203125, 900.4064331054688, 1287.2174072265625, 1000.871337890625]",1
frame_0032.png,extras,chair,armless chair,armless chair.,0.2,0.2,3,0.3719,"[2.133793830871582, 1732.8106689453125, 463.4949951171875, 1853.7508544921875]",1
frame_0032.png,extras,chair,outdoor chair,outdoor chair.,0.2,0.2,6,0.3863,"[835.1417846679688, 881.83447265625, 969.9205322265625, 1011.8279418945312]",1
frame_0032.png,extras,chair,plastic chair,plastic chair.,0.2,0.2,6,0.3056,"[1791.47802734375, 924.4501953125, 2055.42041015625, 1152.6915283203125]",1
frame_0032.png,extras,chair,folding chair,folding chair.,0.2,0.2,4,0.3191,"[835.8739013671875, 882.661376953125, 972.3754272460938, 1012.1521606445312]",1
frame_0032.png,extras,chair,metal chair,metal chair.,0.2,0.2,4,0.4072,"[1146.62353515625, 895.4364624023438, 1289.986328125, 1004.5662231445312]",1
frame_0032.png,extras,electric_utility_vehicle,electric utility vehicle,electric utility vehicle.,0.2,0.2,5,0.4573,"[1.6052913665771484, 591.4083862304688, 395.22271728515625, 1018.564453125]",1
frame_0032.png,extras,electric_utility_vehicle,small electric cart,small electric cart.,0.2,0.2,2,0.5728,"[830.6046752929688, 879.4044799804688, 977.7337646484375, 1016.4358520507812]",1
frame_0032.png,extras,electric_utility_vehicle,utility vehicle,utility vehicle.,0.2,0.2,6,0.5437,"[834.4724731445312, 883.82763671875, 975.8390502929688, 1012.2421875]",1
frame_0032.png,extras,electric_utility_vehicle,golf cart,golf cart.,0.2,0.2,1,0.2139,"[834.687744140625, 882.992919921875, 976.1327514648438, 1012.867431640625]",1
frame_0032.png,extras,electric_utility_vehicle,electric cart,electric cart.,0.2,0.2,5,0.4493,"[833.69384765625, 882.8923950195312, 976.1674194335938, 1013.6818237304688]",1
frame_0032.png,extras,electric_utility_vehicle,small white utility vehicle,small white utility vehicle.,0.2,0.2,3,0.5328,"[2.767009735107422, 589.4794921875, 397.6343994140625, 1021.2387084960938]",1
frame_0032.png,extras,electric_utility_vehicle,white utility cart,white utility cart.,0.2,0.2,4,0.3445,"[3.0997753143310547, 590.3497924804688, 398.5531311035156, 1023.5281982421875]",1
frame_0032.png,extras,portable_power_station,portable power station,portable power station.,0.2,0.2,5,0.3436,"[982.4822387695312, 1.1328703165054321, 2298.249267578125, 1272.9737548828125]",1
frame_0032.png,extras,portable_power_station,large power bank,large power bank.,0.2,0.2,4,0.4746,"[2.87992000579834, 588.7957763671875, 400.46246337890625, 1015.0446166992188]",1
frame_0032.png,extras,portable_power_station,battery box,battery box.,0.2,0.2,0,0.0,,0
frame_0032.png,extras,portable_power_station,power generator box,power generator box.,0.2,0.2,2,0.2605,"[1340.3245849609375, 1000.9410400390625, 1410.9007568359375, 1069.203125]",1
frame_0032.png,extras,portable_power_station,portable battery,portable battery.,0.2,0.2,2,0.4242,"[1340.164794921875, 1002.1995849609375, 1409.7586669921875, 1069.163818359375]",1
frame_0032.png,extras,portable_power_station,power station,power station.,0.2,0.2,5,0.3869,"[1.7497873306274414, 591.6556396484375, 395.2414855957031, 1019.6768798828125]",1
frame_0032.png,extras,portable_power_station,large battery pack,large battery pack.,0.2,0.2,4,0.3762,"[3.2031798362731934, 589.1895751953125, 397.70526123046875, 1019.2726440429688]",1
frame_0032.png,extras,rectangular_table,rectangular table,rectangular table.,0.2,0.2,1,0.6817,"[1485.115234375, 914.7777099609375, 2052.6337890625, 1156.7901611328125]",1
frame_0032.png,extras,rectangular_table,outdoor table,outdoor table.,0.2,0.2,3,0.4466,"[1484.6331787109375, 917.0269775390625, 2050.794677734375, 1155.5408935546875]",1
frame_0032.png,extras,rectangular_table,long rectangular table,long rectangular table.,0.2,0.2,1,0.7157,"[1478.2344970703125, 911.1480102539062, 2053.39306640625, 1158.6153564453125]",1
frame_0032.png,extras,rectangular_table,picnic table,picnic table.,0.2,0.2,4,0.4158,"[1498.8310546875, 919.87841796875, 2014.674560546875, 1058.539306640625]",1
frame_0032.png,extras,rectangular_table,folding table,folding table.,0.2,0.2,3,0.4078,"[1493.546142578125, 921.3219604492188, 2052.761962890625, 1154.6168212890625]",1
frame_0032.png,extras,rectangular_table,work table,work table.,0.2,0.2,3,0.4722,"[1487.9925537109375, 914.5065307617188, 2049.831298828125, 1155.93115234375]",1
frame_0032.png,extras,rectangular_table,outdoor wooden table,outdoor wooden table.,0.2,0.2,3,0.438,"[1479.4468994140625, 911.7349243164062, 2045.5902099609375, 1157.4464111328125]",1
frame_0032.png,extras,traffic_cone,traffic cone,traffic cone.,0.2,0.2,1,0.3177,"[1633.4862060546875, 1005.9430541992188, 1654.587890625, 1043.5081787109375]",1
frame_0032.png,extras,traffic_cone,road cone,road cone.,0.2,0.2,1,0.2159,"[1161.2310791015625, 1657.5753173828125, 1684.1077880859375, 1854.932373046875]",1
frame_0032.png,extras,traffic_cone,safety cone,safety cone.,0.2,0.2,3,0.2427,"[1161.457275390625, 1658.8497314453125, 1684.4322509765625, 1855.1685791015625]",1
frame_0032.png,extras,traffic_cone,orange cone,orange cone.,0.2,0.2,1,0.3612,"[1629.9632568359375, 1000.1388549804688, 1659.4384765625, 1047.9293212890625]",1
frame_0032.png,extras,traffic_cone,construction cone,construction cone.,0.2,0.2,3,0.2841,"[1160.4229736328125, 1657.6650390625, 1685.8592529296875, 1854.971923828125]",1
frame_0032.png,extras,traffic_cone,orange traffic cone,orange traffic cone.,0.2,0.2,1,0.372,"[1627.2711181640625, 997.564697265625, 1659.84521484375, 1048.5679931640625]",1
frame_0032.png,extras,trolley,trolley,trolley.,0.2,0.2,8,0.5307,"[836.7816772460938, 884.7230834960938, 973.5789794921875, 1010.3201293945312]",1
frame_0032.png,extras,trolley,hand cart,hand cart.,0.2,0.2,2,0.26,"[835.0111694335938, 883.6538696289062, 975.6771850585938, 1012.7426147460938]",1
frame_0032.png,extras,trolley,hand truck,hand truck.,0.2,0.2,4,0.4873,"[1.1701726913452148, 592.3941040039062, 394.50634765625, 1018.2598876953125]",1
frame_0032.png,extras,trolley,luggage cart,luggage cart.,0.2,0.2,10,0.5081,"[834.7367553710938, 883.2550048828125, 975.15869140625, 1012.6571044921875]",1
frame_0032.png,extras,trolley,flatbed cart,flatbed cart.,0.2,0.2,5,0.4697,"[833.5988159179688, 882.3170166015625, 976.1793823242188, 1013.3424072265625]",1
frame_0032.png,extras,trolley,push cart,push cart.,0.2,0.2,6,0.4749,"[834.4719848632812, 883.2694091796875, 975.6011352539062, 1013.1826171875]",1
frame_0032.png,extras,trolley,utility cart,utility cart.,0.2,0.2,4,0.4264,"[833.0355224609375, 882.094482421875, 976.1416625976562, 1014.2393798828125]",1
frame_0032.png,extras,trolley,metal trolley,metal trolley.,0.2,0.2,4,0.363,"[982.4924926757812, 1.786583662033081, 2477.452392578125, 1281.5911865234375]",1
frame_0033.png,production,trailer,ALL_GROUP,utility trailer. open trailer. vehicle trailer. covered trailer.,0.18,0.18,7,0.4066,"[1.8113493919372559, 590.7236328125, 398.0144958496094, 1017.491943359375]",1
frame_0033.png,production,electric utility vehicle+electric wheelchair+electric scooter,ALL_GROUP,electric utility vehicle. small electric cart. golf cart. white utility vehicle. powered mobility scooter. motorized wheelchair. mobility chair. electric wheelchair. two-wheeled scooter. stand-up scooter. electric kick scooter. kick scooter.,0.2,0.2,9,0.4998,"[2.122378349304199, 587.4174194335938, 399.8820495605469, 1022.1685180664062]",1
frame_0033.png,production,trolley,ALL_GROUP,trolley. hand cart. utility cart. push cart.,0.22,0.22,6,0.3237,"[838.5095825195312, 881.6483154296875, 983.10498046875, 1013.1557006835938]",1
frame_0033.png,production,pair of ramps+basketball,ALL_GROUP,metal ramps on ground. two metal ramps. pair of ramps. vehicle loading ramp. round orange ball. rubber ball on ground. sports ball. basketball.,0.18,0.18,22,0.4212,"[1154.586669921875, 1645.4453125, 1683.9873046875, 1851.7315673828125]",1
frame_0033.png,production,portable power station+umbrella,ALL_GROUP,portable power station. large power bank. battery box. power generator box. folded umbrella. open umbrella. shade umbrella. umbrella.,0.2,0.2,1,0.224,"[2.313673496246338, 587.2166137695312, 400.5221252441406, 1018.4407348632812]",1
frame_0033.png,production,rectangular table,ALL_GROUP,rectangular table. outdoor table. picnic table. folding table.,0.24,0.24,2,0.3833,"[1489.907470703125, 914.0188598632812, 2076.952880859375, 1156.1119384765625]",1
frame_0033.png,production,cardboard box,ALL_GROUP,cardboard box. brown cardboard box. shipping box.,0.26,0.26,2,0.4332,"[1749.1427001953125, 770.7761840820312, 1881.1898193359375, 931.0986938476562]",1
frame_0033.png,production,chair,ALL_GROUP,chair. folding chair. outdoor chair. plastic chair.,0.3,0.3,2,0.3616,"[839.6698608398438, 881.7158203125, 981.6934204101562, 1011.6185302734375]",1
frame_0033.png,production,traffic cone,ALL_GROUP,traffic cone. road cone. safety cone. orange cone.,0.22,0.22,0,0.0,,0
frame_0033.png,production,prohibition sign,ALL_GROUP,red sign on ground. red circular sign. prohibition sign. red prohibition sign.,0.2,0.2,7,0.2724,"[1132.803955078125, 699.8408813476562, 1350.4678955078125, 845.654052734375]",1
frame_0033.png,extras,cardboard_box,cardboard box,cardboard box.,0.2,0.2,3,0.4849,"[1749.67529296875, 771.59375, 1879.612548828125, 930.6512451171875]",1
frame_0033.png,extras,cardboard_box,brown cardboard box,brown cardboard box.,0.2,0.2,1,0.6012,"[1747.548828125, 771.3941040039062, 1881.4200439453125, 931.8084106445312]",1
frame_0033.png,extras,cardboard_box,shipping box,shipping box.,0.2,0.2,2,0.4154,"[1749.5335693359375, 771.9061279296875, 1879.6199951171875, 930.7115478515625]",1
frame_0033.png,extras,cardboard_box,small box,small box.,0.2,0.2,2,0.5066,"[1749.275634765625, 772.9387817382812, 1880.30029296875, 930.5175170898438]",1
frame_0033.png,extras,cardboard_box,package box,package box.,0.2,0.2,1,0.2391,"[1751.2349853515625, 771.9944458007812, 1879.3746337890625, 929.4830932617188]",1
frame_0033.png,extras,cardboard_box,stacked box,stacked box.,0.2,0.2,1,0.3215,"[1750.723876953125, 770.5842895507812, 1878.542236328125, 929.3629760742188]",1
frame_0033.png,extras,cardboard_box,outdoor cardboard box,outdoor cardboard box.,0.2,0.2,2,0.5516,"[1747.878173828125, 768.842529296875, 1882.0341796875, 932.3033447265625]",1
frame_0033.png,extras,chair,chair,chair.,0.2,0.2,5,0.319,"[1155.123779296875, 903.1006469726562, 1214.9779052734375, 997.2328491210938]",1
frame_0033.png,extras,chair,armless chair,armless chair.,0.2,0.2,4,0.3571,"[837.902099609375, 879.8004760742188, 982.91357421875, 1012.8240966796875]",1
frame_0033.png,extras,chair,outdoor chair,outdoor chair.,0.2,0.2,5,0.4189,"[839.5347900390625, 881.0116577148438, 981.0516967773438, 1011.8344116210938]",1
frame_0033.png,extras,chair,plastic chair,plastic chair.,0.2,0.2,4,0.3454,"[1153.0245361328125, 899.9329833984375, 1218.149169921875, 999.8546142578125]",1
frame_0033.png,extras,chair,folding chair,folding chair.,0.2,0.2,4,0.4275,"[839.356689453125, 881.8582763671875, 982.0902099609375, 1011.9940185546875]",1
frame_0033.png,extras,chair,metal chair,metal chair.,0.2,0.2,4,0.3311,"[1151.684814453125, 899.3621826171875, 1219.854248046875, 999.197021484375]",1
frame_0033.png,extras,electric_utility_vehicle,electric utility vehicle,electric utility vehicle.,0.2,0.2,6,0.4405,"[1.7281150817871094, 589.1962280273438, 397.52471923828125, 1016.9706420898438]",1
frame_0033.png,extras,electric_utility_vehicle,small electric cart,small electric cart.,0.2,0.2,3,0.539,"[835.0671997070312, 878.123779296875, 984.7620849609375, 1015.93359375]",1
frame_0033.png,extras,electric_utility_vehicle,utility vehicle,utility vehicle.,0.2,0.2,9,0.5376,"[838.8336181640625, 883.0955810546875, 983.2528686523438, 1011.9134521484375]",1
frame_0033.png,extras,electric_utility_vehicle,golf cart,golf cart.,0.2,0.2,2,0.2691,"[839.2345581054688, 881.993896484375, 982.0175170898438, 1012.314208984375]",1
frame_0033.png,extras,electric_utility_vehicle,electric cart,electric cart.,0.2,0.2,5,0.466,"[838.2350463867188, 881.8121948242188, 983.0200805664062, 1013.1129760742188]",1
frame_0033.png,extras,electric_utility_vehicle,small white utility vehicle,small white utility vehicle.,0.2,0.2,3,0.4501,"[2.911505699157715, 587.3721923828125, 400.7998352050781, 1019.7430419921875]",1
frame_0033.png,extras,electric_utility_vehicle,white utility cart,white utility cart.,0.2,0.2,6,0.2877,"[836.186767578125, 879.7809448242188, 982.7059326171875, 1014.1919555664062]",1
frame_0033.png,extras,portable_power_station,portable power station,portable power station.,0.2,0.2,5,0.3185,"[994.3200073242188, 1.2095332145690918, 2324.132568359375, 1277.65283203125]",1
frame_0033.png,extras,portable_power_station,large power bank,large power bank.,0.2,0.2,4,0.4594,"[3.0420327186584473, 586.6136474609375, 402.23291015625, 1013.2910766601562]",1
frame_0033.png,extras,portable_power_station,battery box,battery box.,0.2,0.2,0,0.0,,0
frame_0033.png,extras,portable_power_station,power generator box,power generator box.,0.2,0.2,1,0.2387,"[1189.5460205078125, 833.6803588867188, 1268.59521484375, 904.7020263671875]",1
frame_0033.png,extras,portable_power_station,portable battery,portable battery.,0.2,0.2,3,0.3073,"[1350.3262939453125, 1000.179443359375, 1422.8443603515625, 1069.8212890625]",1
frame_0033.png,extras,portable_power_station,power station,power station.,0.2,0.2,5,0.4208,"[997.0750122070312, -0.20681798458099365, 2321.81201171875, 1273.904296875]",1
frame_0033.png,extras,portable_power_station,large battery pack,large battery pack.,0.2,0.2,3,0.3845,"[3.3452939987182617, 587.355224609375, 399.44158935546875, 1017.5984497070312]",1
frame_0033.png,extras,rectangular_table,rectangular table,rectangular table.,0.2,0.2,2,0.6154,"[1488.121337890625, 913.8977661132812, 2077.86083984375, 1157.782958984375]",1
frame_0033.png,extras,rectangular_table,outdoor table,outdoor table.,0.2,0.2,4,0.4563,"[1488.906494140625, 914.8162231445312, 2076.294189453125, 1155.24169921875]",1
frame_0033.png,extras,rectangular_table,long rectangular table,long rectangular table.,0.2,0.2,1,0.5544,"[1485.4761962890625, 909.881591796875, 2080.7490234375, 1160.3785400390625]",1
frame_0033.png,extras,rectangular_table,picnic table,picnic table.,0.2,0.2,4,0.4467,"[1151.4508056640625, 894.5463256835938, 1293.9869384765625, 1002.8543701171875]",1
frame_0033.png,extras,rectangular_table,folding table,folding table.,0.2,0.2,3,0.3777,"[1492.1502685546875, 917.64794921875, 2078.030517578125, 1154.8419189453125]",1
frame_0033.png,extras,rectangular_table,work table,work table.,0.2,0.2,4,0.4319,"[1151.296142578125, 893.7658081054688, 1294.768310546875, 1003.634521484375]",1
frame_0033.png,extras,rectangular_table,outdoor wooden table,outdoor wooden table.,0.2,0.2,3,0.4717,"[1485.1094970703125, 908.7509155273438, 2071.048828125, 1157.125]",1
frame_0033.png,extras,traffic_cone,traffic cone,traffic cone.,0.2,0.2,2,0.3004,"[1840.2274169921875, 937.64599609375, 2084.229736328125, 1147.8450927734375]",1
frame_0033.png,extras,traffic_cone,road cone,road cone.,0.2,0.2,3,0.2394,"[1159.5772705078125, 1655.234375, 1689.2078857421875, 1854.697509765625]",1
frame_0033.png,extras,traffic_cone,safety cone,safety cone.,0.2,0.2,5,0.2863,"[1159.931640625, 1656.3740234375, 1689.074462890625, 1854.98291015625]",1
frame_0033.png,extras,traffic_cone,orange cone,orange cone.,0.2,0.2,3,0.2492,"[1825.3623046875, 932.9813842773438, 2084.73095703125, 1152.3729248046875]",1
frame_0033.png,extras,traffic_cone,construction cone,construction cone.,0.2,0.2,3,0.291,"[1158.6715087890625, 1655.3614501953125, 1690.2608642578125, 1854.7789306640625]",1
frame_0033.png,extras,traffic_cone,orange traffic cone,orange traffic cone.,0.2,0.2,3,0.2915,"[1828.633056640625, 932.4318237304688, 2087.17919921875, 1153.6954345703125]",1
frame_0033.png,extras,trolley,trolley,trolley.,0.2,0.2,8,0.5611,"[840.1382446289062, 883.861572265625, 980.9850463867188, 1009.7667846679688]",1
frame_0033.png,extras,trolley,hand cart,hand cart.,0.2,0.2,5,0.3728,"[839.6797485351562, 882.4663696289062, 981.968505859375, 1012.24560546875]",1
frame_0033.png,extras,trolley,hand truck,hand truck.,0.2,0.2,6,0.4672,"[1.1750221252441406, 590.3648071289062, 396.8852233886719, 1016.4022216796875]",1
frame_0033.png,extras,trolley,luggage cart,luggage cart.,0.2,0.2,8,0.5625,"[838.9242553710938, 882.051513671875, 981.6474609375, 1012.1549072265625]",1
frame_0033.png,extras,trolley,flatbed cart,flatbed cart.,0.2,0.2,4,0.4633,"[837.8981323242188, 881.1741333007812, 983.1546020507812, 1012.8629150390625]",1
frame_0033.png,extras,trolley,push cart,push cart.,0.2,0.2,6,0.5227,"[838.76513671875, 882.2962036132812, 982.1519775390625, 1012.4258422851562]",1
frame_0033.png,extras,trolley,utility cart,utility cart.,0.2,0.2,6,0.4556,"[837.4249877929688, 881.0459594726562, 982.495849609375, 1013.6160888671875]",1
frame_0033.png,extras,trolley,metal trolley,metal trolley.,0.2,0.2,7,0.3309,"[992.3060302734375, 1.8621379137039185, 2517.668212890625, 1283.539794921875]",1
frame_0034.png,production,trailer,ALL_GROUP,utility trailer. open trailer. vehicle trailer. covered trailer.,0.18,0.18,5,0.423,"[1.8835115432739258, 566.1884765625, 392.51922607421875, 1016.5747680664062]",1
frame_0034.png,production,electric utility vehicle+electric wheelchair+electric scooter,ALL_GROUP,electric utility vehicle. small electric cart. golf cart. white utility vehicle. powered mobility scooter. motorized wheelchair. mobility chair. electric wheelchair. two-wheeled scooter. stand-up scooter. electric kick scooter. kick scooter.,0.2,0.2,7,0.4589,"[2.6364612579345703, 562.7756958007812, 393.62969970703125, 1020.365966796875]",1
frame_0034.png,production,trolley,ALL_GROUP,trolley. hand cart. utility cart. push cart.,0.22,0.22,9,0.3754,"[853.1675415039062, 876.064453125, 1003.7012939453125, 1012.0477294921875]",1
frame_0034.png,production,pair of ramps+basketball,ALL_GROUP,metal ramps on ground. two metal ramps. pair of ramps. vehicle loading ramp. round orange ball. rubber ball on ground. sports ball. basketball.,0.18,0.18,15,0.4809,"[1154.2197265625, 1644.9261474609375, 1684.141845703125, 1851.6485595703125]",1
frame_0034.png,production,portable power station+umbrella,ALL_GROUP,portable power station. large power bank. battery box. power generator box. folded umbrella. open umbrella. shade umbrella. umbrella.,0.2,0.2,1,0.2008,"[2.5957131385803223, 562.7818603515625, 394.83831787109375, 1015.9329833984375]",1
frame_0034.png,production,rectangular table,ALL_GROUP,rectangular table. outdoor table. picnic table. folding table.,0.24,0.24,4,0.3235,"[1178.477294921875, 891.292724609375, 1321.7462158203125, 1001.8079223632812]",1
frame_0034.png,production,cardboard box,ALL_GROUP,cardboard box. brown cardboard box. shipping box.,0.26,0.26,3,0.4179,"[1811.367431640625, 781.9776611328125, 1960.78662109375, 928.9236450195312]",1
frame_0034.png,production,chair,ALL_GROUP,chair. folding chair. outdoor chair. plastic chair.,0.3,0.3,1,0.3617,"[855.0929565429688, 876.1578369140625, 1001.9727783203125, 1010.7507934570312]",1
frame_0034.png,production,traffic cone,ALL_GROUP,traffic cone. road cone. safety cone. orange cone.,0.22,0.22,0,0.0,,0
frame_0034.png,production,prohibition sign,ALL_GROUP,red sign on ground. red circular sign. prohibition sign. red prohibition sign.,0.2,0.2,6,0.2598,"[169.35975646972656, 658.6661987304688, 252.81109619140625, 701.3613891601562]",1
frame_0034.png,extras,cardboard_box,cardboard box,cardboard box.,0.2,0.2,2,0.3863,"[1809.763427734375, 783.9534912109375, 1960.48583984375, 928.583984375]",1
frame_0034.png,extras,cardboard_box,brown cardboard box,brown cardboard box.,0.2,0.2,2,0.55,"[1811.001953125, 782.6016235351562, 1962.3997802734375, 929.8555908203125]",1
frame_0034.png,extras,cardboard_box,shipping box,shipping box.,0.2,0.2,3,0.3536,"[2.1464967727661133, 565.7291870117188, 390.9613952636719, 1011.14794921875]",1
frame_0034.png,extras,cardboard_box,small box,small box.,0.2,0.2,5,0.3292,"[1429.6444091796875, 999.9760131835938, 1501.3387451171875, 1074.406982421875]",1
frame_0034.png,extras,cardboard_box,package box,package box.,0.2,0.2,0,0.0,,0
frame_0034.png,extras,cardboard_box,stacked box,stacked box.,0.2,0.2,1,0.2209,"[1810.106689453125, 778.5204467773438, 1960.244873046875, 927.541259765625]",1
frame_0034.png,extras,cardboard_box,outdoor cardboard box,outdoor cardboard box.,0.2,0.2,4,0.4766,"[1807.195556640625, 776.9395141601562, 1962.6947021484375, 930.5896606445312]",1
frame_0034.png,extras,chair,chair,chair.,0.2,0.2,9,0.2942,"[856.3369140625, 878.2940063476562, 999.9584350585938, 1007.8075561523438]",1
frame_0034.png,extras,chair,armless chair,armless chair.,0.2,0.2,5,0.3357,"[853.1004028320312, 874.0467529296875, 1003.7828369140625, 1012.0940551757812]",1
frame_0034.png,extras,chair,outdoor chair,outdoor chair.,0.2,0.2,7,0.4534,"[854.48681640625, 875.1954956054688, 1001.8751220703125, 1011.15966796875]",1
frame_0034.png,extras,chair,plastic chair,plastic chair.,0.2,0.2,3,0.2818,"[856.53759765625, 874.8294677734375, 1001.2889404296875, 1010.5121459960938]",1
frame_0034.png,extras,chair,folding chair,folding chair.,0.2,0.2,5,0.4013,"[855.0113525390625, 875.9600219726562, 1002.3091430664062, 1011.2235107421875]",1
frame_0034.png,extras,chair,metal chair,metal chair.,0.2,0.2,8,0.3973,"[855.0903930664062, 874.2276611328125, 1000.0206298828125, 1011.4437255859375]",1
frame_0034.png,extras,electric_utility_vehicle,electric utility vehicle,electric utility vehicle.,0.2,0.2,7,0.4622,"[852.379150390625, 876.566650390625, 1003.427978515625, 1011.348388671875]",1
frame_0034.png,extras,electric_utility_vehicle,small electric cart,small electric cart.,0.2,0.2,3,0.499,"[849.5836791992188, 872.6904907226562, 1005.2232055664062, 1015.2821655273438]",1
frame_0034.png,extras,electric_utility_vehicle,utility vehicle,utility vehicle.,0.2,0.2,8,0.5898,"[853.0059204101562, 876.64794921875, 1002.8551025390625, 1010.6937255859375]",1
frame_0034.png,extras,electric_utility_vehicle,golf cart,golf cart.,0.2,0.2,3,0.2629,"[853.60498046875, 876.4356689453125, 1003.2489013671875, 1011.072509765625]",1
frame_0034.png,extras,electric_utility_vehicle,electric cart,electric cart.,0.2,0.2,5,0.493,"[852.4874877929688, 876.2059936523438, 1003.32275390625, 1011.7972412109375]",1
frame_0034.png,extras,electric_utility_vehicle,small white utility vehicle,small white utility vehicle.,0.2,0.2,3,0.3935,"[3.0248236656188965, 562.9837036132812, 395.1435546875, 1019.6044311523438]",1
frame_0034.png,extras,electric_utility_vehicle,white utility cart,white utility cart.,0.2,0.2,7,0.3072,"[851.1940307617188, 873.5132446289062, 1003.4902954101562, 1013.4721069335938]",1
frame_0034.png,extras,portable_power_station,portable power station,portable power station.,0.2,0.2,6,0.3352,"[1036.9271240234375, 1.6332024335861206, 2491.2353515625, 1323.563720703125]",1
frame_0034.png,extras,portable_power_station,large power bank,large power bank.,0.2,0.2,4,0.4604,"[3.3402514457702637, 561.9904174804688, 396.15789794921875, 1013.7578125]",1
frame_0034.png,extras,portable_power_station,battery box,battery box.,0.2,0.2,0,0.0,,0
frame_0034.png,extras,portable_power_station,power generator box,power generator box.,0.2,0.2,2,0.2343,"[1429.44580078125, 997.6640014648438, 1500.3348388671875, 1074.657470703125]",1
frame_0034.png,extras,portable_power_station,portable battery,portable battery.,0.2,0.2,2,0.386,"[1429.449951171875, 998.6116943359375, 1500.23876953125, 1074.6639404296875]",1
frame_0034.png,extras,portable_power_station,power station,power station.,0.2,0.2,4,0.4281,"[1039.7381591796875, 0.6793785095214844, 2491.56640625, 1320.9703369140625]",1
frame_0034.png,extras,portable_power_station,large battery pack,large battery pack.,0.2,0.2,4,0.3355,"[3.8174915313720703, 563.2731323242188, 393.1028747558594, 1016.2921752929688]",1
frame_0034.png,extras,rectangular_table,rectangular table,rectangular table.,0.2,0.2,3,0.4748,"[1177.817626953125, 890.1398315429688, 1322.8468017578125, 1004.227294921875]",1
frame_0034.png,extras,rectangular_table,outdoor table,outdoor table.,0.2,0.2,2,0.5361,"[1177.4676513671875, 890.4442138671875, 1322.1116943359375, 1003.3889770507812]",1
frame_0034.png,extras,rectangular_table,long rectangular table,long rectangular table.,0.2,0.2,5,0.3462,"[1176.119873046875, 888.8773193359375, 1324.330078125, 1004.3499145507812]",1
frame_0034.png,extras,rectangular_table,picnic table,picnic table.,0.2,0.2,2,0.5366,"[1177.4205322265625, 890.2031860351562, 1320.6273193359375, 999.800048828125]",1
frame_0034.png,extras,rectangular_table,folding table,folding table.,0.2,0.2,2,0.4747,"[1178.84814453125, 892.740966796875, 1322.0914306640625, 1002.5352783203125]",1
frame_0034.png,extras,rectangular_table,work table,work table.,0.2,0.2,2,0.5354,"[1176.9619140625, 889.0953979492188, 1322.0499267578125, 1002.8970336914062]",1
frame_0034.png,extras,rectangular_table,outdoor wooden table,outdoor wooden table.,0.2,0.2,2,0.6243,"[1174.6463623046875, 887.36181640625, 1323.6640625, 1004.4155883789062]",1
frame_0034.png,extras,traffic_cone,traffic cone,traffic cone.,0.2,0.2,2,0.2143,"[1429.4161376953125, 996.0860595703125, 1497.7733154296875, 1072.1524658203125]",1
frame_0034.png,extras,traffic_cone,road cone,road cone.,0.2,0.2,1,0.2248,"[2640.932373046875, 1129.760009765625, 2717.5166015625, 1261.6046142578125]",1
frame_0034.png,extras,traffic_cone,safety cone,safety cone.,0.2,0.2,1,0.2142,"[1161.5355224609375, 1657.074951171875, 1688.1668701171875, 1855.0465087890625]",1
frame_0034.png,extras,traffic_cone,orange cone,orange cone.,0.2,0.2,0,0.0,,0
frame_0034.png,extras,traffic_cone,construction cone,construction cone.,0.2,0.2,4,0.2284,"[455.3781433105469, 862.2758178710938, 605.2953491210938, 1064.1429443359375]",1
frame_0034.png,extras,traffic_cone,orange traffic cone,orange traffic cone.,0.2,0.2,2,0.2135,"[1928.9559326171875, 931.9454345703125, 2249.6875, 1163.0372314453125]",1
frame_0034.png,extras,trolley,trolley,trolley.,0.2,0.2,8,0.5762,"[854.7505493164062, 878.01708984375, 1001.013427734375, 1008.5298461914062]",1
frame_0034.png,extras,trolley,hand cart,hand cart.,0.2,0.2,7,0.4188,"[854.1489868164062, 877.0606079101562, 1002.6508178710938, 1010.8234252929688]",1
frame_0034.png,extras,trolley,hand truck,hand truck.,0.2,0.2,6,0.4687,"[1.3370704650878906, 566.0762939453125, 393.170166015625, 1016.77099609375]",1
frame_0034.png,extras,trolley,luggage cart,luggage cart.,0.2,0.2,8,0.5893,"[853.4638671875, 876.6787109375, 1002.447265625, 1010.93505859375]",1
frame_0034.png,extras,trolley,flatbed cart,flatbed cart.,0.2,0.2,4,0.4579,"[852.5760498046875, 875.6627197265625, 1003.4815063476562, 1011.5370483398438]",1
frame_0034.png,extras,trolley,push cart,push cart.,0.2,0.2,4,0.5491,"[853.2594604492188, 876.867431640625, 1002.9993286132812, 1011.197021484375]",1
frame_0034.png,extras,trolley,utility cart,utility cart.,0.2,0.2,5,0.4654,"[852.1751708984375, 875.6729125976562, 1003.4193115234375, 1012.1942749023438]",1
frame_0034.png,extras,trolley,metal trolley,metal trolley.,0.2,0.2,6,0.3472,"[1354.142822265625, 886.5448608398438, 1536.733642578125, 1024.5384521484375]",1
frame_0035.png,production,trailer,ALL_GROUP,utility trailer. open trailer. vehicle trailer. covered trailer.,0.18,0.18,5,0.3842,"[1.324925422668457, 540.90771484375, 365.08563232421875, 1021.8853759765625]",1
frame_0035.png,production,electric utility vehicle+electric wheelchair+electric scooter,ALL_GROUP,electric utility vehicle. small electric cart. golf cart. white utility vehicle. powered mobility scooter. motorized wheelchair. mobility chair. electric wheelchair. two-wheeled scooter. stand-up scooter. electric kick scooter. kick scooter.,0.2,0.2,10,0.3424,"[1387.900146484375, 894.96484375, 1601.9669189453125, 1034.21142578125]",1
frame_0035.png,production,trolley,ALL_GROUP,trolley. hand cart. utility cart. push cart.,0.22,0.22,6,0.3226,"[846.83056640625, 868.8572387695312, 1005.534912109375, 1013.1873779296875]",1
frame_0035.png,production,pair of ramps+basketball,ALL_GROUP,metal ramps on ground. two metal ramps. pair of ramps. vehicle loading ramp. round orange ball. rubber ball on ground. sports ball. basketball.,0.18,0.18,20,0.3876,"[1054.4173583984375, 5.043952941894531, 2611.96240234375, 1448.9915771484375]",1
frame_0035.png,production,portable power station+umbrella,ALL_GROUP,portable power station. large power bank. battery box. power generator box. folded umbrella. open umbrella. shade umbrella. umbrella.,0.2,0.2,0,0.0,,0
frame_0035.png,production,rectangular table,ALL_GROUP,rectangular table. outdoor table. picnic table. folding table.,0.24,0.24,3,0.3511,"[1191.778564453125, 888.99169921875, 1341.2188720703125, 1003.6498413085938]",1
frame_0035.png,production,cardboard box,ALL_GROUP,cardboard box. brown cardboard box. shipping box.,0.26,0.26,2,0.399,"[1874.8692626953125, 783.2514038085938, 2011.8839111328125, 909.125244140625]",1
frame_0035.png,production,chair,ALL_GROUP,chair. folding chair. outdoor chair. plastic chair.,0.3,0.3,1,0.3349,"[849.1567993164062, 869.2575073242188, 1003.2750854492188, 1011.7881469726562]",1
frame_0035.png,production,traffic cone,ALL_GROUP,traffic cone. road cone. safety cone. orange cone.,0.22,0.22,0,0.0,,0
frame_0035.png,production,prohibition sign,ALL_GROUP,red sign on ground. red circular sign. prohibition sign. red prohibition sign.,0.2,0.2,10,0.2943,"[1211.6695556640625, 820.2318725585938, 1301.276123046875, 891.3056640625]",1
frame_0035.png,extras,cardboard_box,cardboard box,cardboard box.,0.2,0.2,2,0.3774,"[409.8663024902344, 996.3929443359375, 513.0562744140625, 1073.1922607421875]",1
frame_0035.png,extras,cardboard_box,brown cardboard box,brown cardboard box.,0.2,0.2,2,0.493,"[1874.271728515625, 782.9111938476562, 2013.4613037109375, 915.6383056640625]",1
frame_0035.png,extras,cardboard_box,shipping box,shipping box.,0.2,0.2,3,0.3661,"[1872.62255859375, 785.004638671875, 2010.6383056640625, 908.255615234375]",1
frame_0035.png,extras,cardboard_box,small box,small box.,0.2,0.2,4,0.4369,"[1493.7666015625, 1011.627197265625, 1565.460205078125, 1089.1446533203125]",1
frame_0035.png,extras,cardboard_box,package box,package box.,0.2,0.2,0,0.0,,0
frame_0035.png,extras,cardboard_box,stacked box,stacked box.,0.2,0.2,2,0.2942,"[1873.2523193359375, 786.2521362304688, 2009.4666748046875, 907.525390625]",1
frame_0035.png,extras,cardboard_box,outdoor cardboard box,outdoor cardboard box.,0.2,0.2,4,0.4401,"[1871.156005859375, 781.7571411132812, 2012.85498046875, 914.3868408203125]",1
frame_0035.png,extras,chair,chair,chair.,0.2,0.2,5,0.2827,"[850.3067626953125, 871.2399291992188, 1002.0911254882812, 1009.0426025390625]",1
frame_0035.png,extras,chair,armless chair,armless chair.,0.2,0.2,5,0.3432,"[413.0403747558594, 849.6265869140625, 573.9126586914062, 1070.016845703125]",1
frame_0035.png,extras,chair,outdoor chair,outdoor chair.,0.2,0.2,5,0.3993,"[848.1759643554688, 868.1043701171875, 1003.6194458007812, 1012.128662109375]",1
frame_0035.png,extras,chair,plastic chair,plastic chair.,0.2,0.2,3,0.2759,"[412.1536865234375, 851.7288818359375, 571.5836791992188, 1069.640869140625]",1
frame_0035.png,extras,chair,folding chair,folding chair.,0.2,0.2,5,0.3523,"[848.6417236328125, 868.8065185546875, 1004.2704467773438, 1012.292724609375]",1
frame_0035.png,extras,chair,metal chair,metal chair.,0.2,0.2,5,0.4132,"[444.44061279296875, 853.5936889648438, 557.2300415039062, 1017.930419921875]",1
frame_0035.png,extras,electric_utility_vehicle,electric utility vehicle,electric utility vehicle.,0.2,0.2,7,0.5034,"[846.4973754882812, 869.9807739257812, 1005.0472412109375, 1012.5320434570312]",1
frame_0035.png,extras,electric_utility_vehicle,small electric cart,small electric cart.,0.2,0.2,2,0.5368,"[842.9496459960938, 864.9107055664062, 1007.8392944335938, 1016.3336181640625]",1
frame_0035.png,extras,electric_utility_vehicle,utility vehicle,utility vehicle.,0.2,0.2,7,0.6179,"[846.8119506835938, 869.8259887695312, 1004.5205078125, 1011.8646850585938]",1
frame_0035.png,extras,electric_utility_vehicle,golf cart,golf cart.,0.2,0.2,2,0.3073,"[1389.9808349609375, 892.7489624023438, 1601.6451416015625, 1033.208984375]",1
frame_0035.png,extras,electric_utility_vehicle,electric cart,electric cart.,0.2,0.2,5,0.505,"[846.62841796875, 869.0574951171875, 1005.055419921875, 1013.0302734375]",1
frame_0035.png,extras,electric_utility_vehicle,small white utility vehicle,small white utility vehicle.,0.2,0.2,4,0.3979,"[1386.335693359375, 892.56591796875, 1602.5665283203125, 1035.9393310546875]",1
frame_0035.png,extras,electric_utility_vehicle,white utility cart,white utility cart.,0.2,0.2,5,0.3404,"[1388.345703125, 889.9483642578125, 1591.6302490234375, 1032.06884765625]",1
frame_0035.png,extras,portable_power_station,portable power station,portable power station.,0.2,0.2,5,0.3974,"[1054.0076904296875, 1.7203974723815918, 2610.302734375, 1450.0953369140625]",1
frame_0035.png,extras,portable_power_station,large power bank,large power bank.,0.2,0.2,4,0.3841,"[1138.8665771484375, 552.9606323242188, 1459.0172119140625, 972.9691162109375]",1
frame_0035.png,extras,portable_power_station,battery box,battery box.,0.2,0.2,0,0.0,,0
frame_0035.png,extras,portable_power_station,power generator box,power generator box.,0.2,0.2,1,0.2922,"[1493.7996826171875, 1009.2765502929688, 1565.2032470703125, 1089.415283203125]",1
frame_0035.png,extras,portable_power_station,portable battery,portable battery.,0.2,0.2,3,0.4786,"[1494.4727783203125, 1011.1826171875, 1564.5384521484375, 1089.0548095703125]",1
frame_0035.png,extras,portable_power_station,power station,power station.,0.2,0.2,4,0.4837,"[1058.287353515625, 1.1335909366607666, 2613.343994140625, 1449.3057861328125]",1
frame_0035.png,extras,portable_power_station,large battery pack,large battery pack.,0.2,0.2,3,0.3688,"[1490.9986572265625, 1005.9901733398438, 1567.480712890625, 1091.5126953125]",1
frame_0035.png,extras,rectangular_table,rectangular table,rectangular table.,0.2,0.2,3,0.468,"[1190.581787109375, 888.2310791015625, 1342.1214599609375, 1005.5924072265625]",1
frame_0035.png,extras,rectangular_table,outdoor table,outdoor table.,0.2,0.2,3,0.5171,"[1190.76806640625, 889.23095703125, 1339.756591796875, 1005.0856323242188]",1
frame_0035.png,extras,rectangular_table,long rectangular table,long rectangular table.,0.2,0.2,6,0.2868,"[1189.251708984375, 886.8179931640625, 1344.0966796875, 1006.1282958984375]",1
frame_0035.png,extras,rectangular_table,picnic table,picnic table.,0.2,0.2,2,0.4714,"[1190.936767578125, 888.1363525390625, 1335.0224609375, 1002.45458984375]",1
frame_0035.png,extras,rectangular_table,folding table,folding table.,0.2,0.2,3,0.4438,"[1191.919189453125, 890.9274291992188, 1340.036376953125, 1004.8151245117188]",1
frame_0035.png,extras,rectangular_table,work table,work table.,0.2,0.2,2,0.4775,"[1190.2523193359375, 887.3391723632812, 1338.732666015625, 1004.5277709960938]",1
frame_0035.png,extras,rectangular_table,outdoor wooden table,outdoor wooden table.,0.2,0.2,2,0.5586,"[1188.4915771484375, 886.598388671875, 1340.9146728515625, 1005.7459106445312]",1
frame_0035.png,extras,traffic_cone,traffic cone,traffic cone.,0.2,0.2,1,0.2578,"[1495.142822265625, 1000.544921875, 1562.3619384765625, 1086.6781005859375]",1
frame_0035.png,extras,traffic_cone,road cone,road cone.,0.2,0.2,2,0.2397,"[1493.2342529296875, 999.3349609375, 1566.340087890625, 1089.878173828125]",1
frame_0035.png,extras,traffic_cone,safety cone,safety cone.,0.2,0.2,1,0.2326,"[1154.783203125, 1659.228271484375, 1682.6268310546875, 1855.6497802734375]",1
frame_0035.png,extras,traffic_cone,orange cone,orange cone.,0.2,0.2,0,0.0,,0
frame_0035.png,extras,traffic_cone,construction cone,construction cone.,0.2,0.2,4,0.2738,"[1492.3829345703125, 1001.8655395507812, 1566.3006591796875, 1089.886962890625]",1
frame_0035.png,extras,traffic_cone,orange traffic cone,orange traffic cone.,0.2,0.2,2,0.2563,"[1490.475341796875, 993.5369873046875, 1569.4862060546875, 1090.82861328125]",1
frame_0035.png,extras,trolley,trolley,trolley.,0.2,0.2,7,0.554,"[848.8267822265625, 870.5017700195312, 1002.76171875, 1009.918212890625]",1
frame_0035.png,extras,trolley,hand cart,hand cart.,0.2,0.2,6,0.3454,"[1390.1290283203125, 895.2933959960938, 1601.274169921875, 1033.138427734375]",1
frame_0035.png,extras,trolley,hand truck,hand truck.,0.2,0.2,7,0.2949,"[1390.197021484375, 897.6826782226562, 1601.5008544921875, 1034.0130615234375]",1
frame_0035.png,extras,trolley,luggage cart,luggage cart.,0.2,0.2,7,0.5956,"[847.5107421875, 869.301025390625, 1004.124267578125, 1012.0814208984375]",1
frame_0035.png,extras,trolley,flatbed cart,flatbed cart.,0.2,0.2,4,0.4212,"[846.2183227539062, 868.1185913085938, 1005.6275634765625, 1012.9161987304688]",1
frame_0035.png,extras,trolley,push cart,push cart.,0.2,0.2,6,0.533,"[847.126220703125, 869.2421264648438, 1004.6177978515625, 1012.453125]",1
frame_0035.png,extras,trolley,utility cart,utility cart.,0.2,0.2,6,0.4647,"[846.1588134765625, 868.103515625, 1005.2709350585938, 1013.444580078125]",1
frame_0035.png,extras,trolley,metal trolley,metal trolley.,0.2,0.2,5,0.3736,"[846.3662109375, 867.4781494140625, 1006.6361083984375, 1013.8262939453125]",1
frame_0036.png,production,trailer,ALL_GROUP,utility trailer. open trailer. vehicle trailer. covered trailer.,0.18,0.18,7,0.3295,"[1.192939281463623, 525.338623046875, 316.13677978515625, 1014.2728881835938]",1
frame_0036.png,production,electric utility vehicle+electric wheelchair+electric scooter,ALL_GROUP,electric utility vehicle. small electric cart. golf cart. white utility vehicle. powered mobility scooter. motorized wheelchair. mobility chair. electric wheelchair. two-wheeled scooter. stand-up scooter. electric kick scooter. kick scooter.,0.2,0.2,11,0.35,"[815.68408203125, 863.8902587890625, 990.3796997070312, 1022.8316040039062]",1
frame_0036.png,production,trolley,ALL_GROUP,trolley. hand cart. utility cart. push cart.,0.22,0.22,6,0.4068,"[817.8449096679688, 864.9769287109375, 989.3779296875, 1021.6118774414062]",1
frame_0036.png,production,pair of ramps+basketball,ALL_GROUP,metal ramps on ground. two metal ramps. pair of ramps. vehicle loading ramp. round orange ball. rubber ball on ground. sports ball. basketball.,0.18,0.18,28,0.3205,"[1035.2738037109375, 6.492732048034668, 2764.29345703125, 1543.0338134765625]",1
frame_0036.png,production,portable power station+umbrella,ALL_GROUP,portable power station. large power bank. battery box. power generator box. folded umbrella. open umbrella. shade umbrella. umbrella.,0.2,0.2,0,0.0,,0
frame_0036.png,production,rectangular table,ALL_GROUP,rectangular table. outdoor table. picnic table. folding table.,0.24,0.24,2,0.3982,"[1192.219970703125, 888.6275634765625, 1354.93359375, 1013.8378295898438]",1
frame_0036.png,production,cardboard box,ALL_GROUP,cardboard box. brown cardboard box. shipping box.,0.26,0.26,3,0.3767,"[1937.53564453125, 777.9683837890625, 2112.85791015625, 924.132080078125]",1
frame_0036.png,production,chair,ALL_GROUP,chair. folding chair. outdoor chair. plastic chair.,0.3,0.3,2,0.3629,"[818.9923095703125, 865.2537231445312, 987.7198486328125, 1020.8447265625]",1
frame_0036.png,production,traffic cone,ALL_GROUP,traffic cone. road cone. safety cone. orange cone.,0.22,0.22,0,0.0,,0
frame_0036.png,production,prohibition sign,ALL_GROUP,red sign on ground. red circular sign. prohibition sign. red prohibition sign.,0.2,0.2,8,0.3158,"[1161.4727783203125, 687.4376220703125, 1350.1484375, 830.0762329101562]",1
frame_0036.png,extras,cardboard_box,cardboard box,cardboard box.,0.2,0.2,3,0.4702,"[1939.342529296875, 779.69873046875, 2106.147705078125, 902.6516723632812]",1
frame_0036.png,extras,cardboard_box,brown cardboard box,brown cardboard box.,0.2,0.2,2,0.5295,"[1938.177734375, 777.5140991210938, 2109.935302734375, 910.4766235351562]",1
frame_0036.png,extras,cardboard_box,shipping box,shipping box.,0.2,0.2,8,0.4019,"[304.939453125, 999.9855346679688, 422.46221923828125, 1090.9637451171875]",1
frame_0036.png,extras,cardboard_box,small box,small box.,0.2,0.2,7,0.4374,"[303.19500732421875, 997.2985229492188, 420.9321594238281, 1092.726318359375]",1
frame_0036.png,extras,cardboard_box,package box,package box.,0.2,0.2,5,0.2847,"[1557.50244140625, 1022.5492553710938, 1643.402099609375, 1123.33544921875]",1
frame_0036.png,extras,cardboard_box,stacked box,stacked box.,0.2,0.2,4,0.3325,"[304.8364562988281, 1000.2460327148438, 422.5137634277344, 1090.7989501953125]",1
frame_0036.png,extras,cardboard_box,outdoor cardboard box,outdoor cardboard box.,0.2,0.2,4,0.4614,"[1937.02392578125, 778.0735473632812, 2109.13330078125, 910.8516845703125]",1
frame_0036.png,extras,chair,chair,chair.,0.2,0.2,4,0.3257,"[820.443359375, 866.9385986328125, 985.7484741210938, 1017.249267578125]",1
frame_0036.png,extras,chair,armless chair,armless chair.,0.2,0.2,5,0.3789,"[817.0050659179688, 862.7910766601562, 989.2482299804688, 1022.4199829101562]",1
frame_0036.png,extras,chair,outdoor chair,outdoor chair.,0.2,0.2,3,0.4965,"[818.3160400390625, 864.0939331054688, 987.846923828125, 1020.9680786132812]",1
frame_0036.png,extras,chair,plastic chair,plastic chair.,0.2,0.2,3,0.3362,"[355.0689392089844, 877.7977905273438, 478.2854309082031, 1025.221435546875]",1
frame_0036.png,extras,chair,folding chair,folding chair.,0.2,0.2,2,0.4408,"[819.220458984375, 864.9466552734375, 988.0665893554688, 1021.2651977539062]",1
frame_0036.png,extras,chair,metal chair,metal chair.,0.2,0.2,5,0.3883,"[818.2886962890625, 862.4563598632812, 987.7139892578125, 1021.4912719726562]",1
frame_0036.png,extras,electric_utility_vehicle,electric utility vehicle,electric utility vehicle.,0.2,0.2,6,0.476,"[1412.6724853515625, 896.0814208984375, 1648.0933837890625, 1046.2730712890625]",1
frame_0036.png,extras,electric_utility_vehicle,small electric cart,small electric cart.,0.2,0.2,3,0.5027,"[813.84521484375, 861.7327270507812, 992.2929077148438, 1025.8514404296875]",1
frame_0036.png,extras,electric_utility_vehicle,utility vehicle,utility vehicle.,0.2,0.2,6,0.6138,"[818.5250244140625, 865.873291015625, 988.3827514648438, 1019.6961669921875]",1
frame_0036.png,extras,electric_utility_vehicle,golf cart,golf cart.,0.2,0.2,4,0.2824,"[818.4385375976562, 865.5765380859375, 989.2383422851562, 1020.1178588867188]",1
frame_0036.png,extras,electric_utility_vehicle,electric cart,electric cart.,0.2,0.2,3,0.5174,"[817.2708740234375, 865.204345703125, 988.9241943359375, 1021.5595703125]",1
frame_0036.png,extras,electric_utility_vehicle,small white utility vehicle,small white utility vehicle.,0.2,0.2,2,0.5233,"[1409.0889892578125, 893.0360107421875, 1649.4124755859375, 1050.2646484375]",1
frame_0036.png,extras,electric_utility_vehicle,white utility cart,white utility cart.,0.2,0.2,3,0.4127,"[1033.116455078125, 1.908368468284607, 2770.6015625, 1699.166259765625]",1
frame_0036.png,extras,portable_power_station,portable power station,portable power station.,0.2,0.2,6,0.3568,"[1034.0062255859375, 1.638745665550232, 2764.262451171875, 1702.3138427734375]",1
frame_0036.png,extras,portable_power_station,large power bank,large power bank.,0.2,0.2,5,0.3643,"[1137.5731201171875, 540.239013671875, 1467.367919921875, 979.841552734375]",1
frame_0036.png,extras,portable_power_station,battery box,battery box.,0.2,0.2,3,0.2403,"[1557.7203369140625, 1024.37255859375, 1643.37353515625, 1123.5098876953125]",1
frame_0036.png,extras,portable_power_station,power generator box,power generator box.,0.2,0.2,1,0.3463,"[1555.8701171875, 1020.2206420898438, 1644.9080810546875, 1125.28466796875]",1
frame_0036.png,extras,portable_power_station,portable battery,portable battery.,0.2,0.2,3,0.4705,"[1556.27880859375, 1021.78173828125, 1644.05712890625, 1125.084716796875]",1
frame_0036.png,extras,portable_power_station,power station,power station.,0.2,0.2,4,0.3487,"[1143.099853515625, 541.7211303710938, 1463.6494140625, 979.732421875]",1
frame_0036.png,extras,portable_power_station,large battery pack,large battery pack.,0.2,0.2,4,0.3834,"[1552.8402099609375, 1017.995361328125, 1647.814697265625, 1127.370849609375]",1
frame_0036.png,extras,rectangular_table,rectangular table,rectangular table.,0.2,0.2,1,0.6815,"[1190.574462890625, 887.45654296875, 1355.907958984375, 1016.2582397460938]",1
frame_0036.png,extras,rectangular_table,outdoor table,outdoor table.,0.2,0.2,1,0.6583,"[1190.744384765625, 888.5574951171875, 1355.45556640625, 1015.6134643554688]",1
frame_0036.png,extras,rectangular_table,long rectangular table,long rectangular table.,0.2,0.2,2,0.4653,"[1188.75732421875, 885.8405151367188, 1357.2969970703125, 1016.6410522460938]",1
frame_0036.png,extras,rectangular_table,picnic table,picnic table.,0.2,0.2,2,0.5838,"[1191.0235595703125, 887.675048828125, 1354.5137939453125, 1014.0591430664062]",1
frame_0036.png,extras,rectangular_table,folding table,folding table.,0.2,0.2,1,0.5505,"[1192.2633056640625, 890.8018798828125, 1354.392333984375, 1014.5840454101562]",1
frame_0036.png,extras,rectangular_table,work table,work table.,0.2,0.2,1,0.6433,"[1190.036865234375, 886.4426879882812, 1355.7607421875, 1015.6690673828125]",1
frame_0036.png,extras,rectangular_table,outdoor wooden table,outdoor wooden table.,0.2,0.2,1,0.7257,"[1188.7916259765625, 885.4014282226562, 1357.6912841796875, 1016.7352905273438]",1
frame_0036.png,extras,traffic_cone,traffic cone,traffic cone.,0.2,0.2,1,0.2099,"[2209.865234375, 981.2114868164062, 2256.340576171875, 1024.8988037109375]",1
frame_0036.png,extras,traffic_cone,road cone,road cone.,0.2,0.2,1,0.2494,"[1556.531982421875, 1018.685302734375, 1646.055419921875, 1125.2158203125]",1
frame_0036.png,extras,traffic_cone,safety cone,safety cone.,0.2,0.2,1,0.2428,"[1557.0782470703125, 1020.0460205078125, 1644.629638671875, 1123.8756103515625]",1
frame_0036.png,extras,traffic_cone,orange cone,orange cone.,0.2,0.2,1,0.2613,"[2206.617431640625, 973.7789916992188, 2259.359619140625, 1028.500732421875]",1
frame_0036.png,extras,traffic_cone,construction cone,construction cone.,0.2,0.2,2,0.3167,"[1555.6419677734375, 1019.2077026367188, 1645.6453857421875, 1125.4053955078125]",1
frame_0036.png,extras,traffic_cone,orange traffic cone,orange traffic cone.,0.2,0.2,1,0.313,"[2204.34619140625, 964.2742309570312, 2261.435302734375, 1030.0338134765625]",1
frame_0036.png,extras,trolley,trolley,trolley.,0.2,0.2,5,0.5661,"[819.8141479492188, 866.97314453125, 986.1936645507812, 1017.260986328125]",1
frame_0036.png,extras,trolley,hand cart,hand cart.,0.2,0.2,5,0.4136,"[818.924072265625, 865.9223022460938, 988.7048950195312, 1020.419677734375]",1
frame_0036.png,extras,trolley,hand truck,hand truck.,0.2,0.2,7,0.3081,"[1413.345458984375, 898.5234985351562, 1647.342529296875, 1046.129638671875]",1
frame_0036.png,extras,trolley,luggage cart,luggage cart.,0.2,0.2,5,0.6023,"[818.1290283203125, 865.3778686523438, 988.159423828125, 1020.3755493164062]",1
frame_0036.png,extras,trolley,flatbed cart,flatbed cart.,0.2,0.2,3,0.4216,"[817.1213989257812, 864.5440673828125, 989.44482421875, 1021.260986328125]",1
frame_0036.png,extras,trolley,push cart,push cart.,0.2,0.2,3,0.5465,"[817.6572875976562, 865.4173583984375, 988.65380859375, 1020.8114624023438]",1
frame_0036.png,extras,trolley,utility cart,utility cart.,0.2,0.2,5,0.4615,"[816.6337890625, 864.4254760742188, 989.3424682617188, 1022.027099609375]",1
frame_0036.png,extras,trolley,metal trolley,metal trolley.,0.2,0.2,5,0.3983,"[1039.208251953125, 2.194676399230957, 2765.170654296875, 1702.2347412109375]",1
frame_0037.png,production,trailer,ALL_GROUP,utility trailer. open trailer. vehicle trailer. covered trailer.,0.18,0.18,7,0.3572,"[1025.0933837890625, 2.8951191902160645, 2800.8271484375, 1321.0421142578125]",1
frame_0037.png,production,electric utility vehicle+electric wheelchair+electric scooter,ALL_GROUP,electric utility vehicle. small electric cart. golf cart. white utility vehicle. powered mobility scooter. motorized wheelchair. mobility chair. electric wheelchair. two-wheeled scooter. stand-up scooter. electric kick scooter. kick scooter.,0.2,0.2,10,0.4083,"[1408.396484375, 896.306884765625, 1654.7734375, 1049.8209228515625]",1
frame_0037.png,production,trolley,ALL_GROUP,trolley. hand cart. utility cart. push cart.,0.22,0.22,9,0.4209,"[1409.8212890625, 896.5084838867188, 1652.56591796875, 1049.165283203125]",1
frame_0037.png,production,pair of ramps+basketball,ALL_GROUP,metal ramps on ground. two metal ramps. pair of ramps. vehicle loading ramp. round orange ball. rubber ball on ground. sports ball. basketball.,0.18,0.18,23,0.4517,"[1140.0828857421875, 1641.9296875, 1685.7313232421875, 1852.240966796875]",1
frame_0037.png,production,portable power station+umbrella,ALL_GROUP,portable power station. large power bank. battery box. power generator box. folded umbrella. open umbrella. shade umbrella. umbrella.,0.2,0.2,0,0.0,,0
frame_0037.png,production,rectangular table,ALL_GROUP,rectangular table. outdoor table. picnic table. folding table.,0.24,0.24,2,0.3816,"[1186.8460693359375, 889.7492065429688, 1351.311279296875, 1017.3409423828125]",1
frame_0037.png,production,cardboard box,ALL_GROUP,cardboard box. brown cardboard box. shipping box.,0.26,0.26,3,0.4213,"[1960.917236328125, 775.6749877929688, 2121.002197265625, 890.0142211914062]",1
frame_0037.png,production,chair,ALL_GROUP,chair. folding chair. outdoor chair. plastic chair.,0.3,0.3,2,0.3778,"[808.9990234375, 864.7222900390625, 977.5184936523438, 1022.8095703125]",1
frame_0037.png,production,traffic cone,ALL_GROUP,traffic cone. road cone. safety cone. orange cone.,0.22,0.22,0,0.0,,0
frame_0037.png,production,prohibition sign,ALL_GROUP,red sign on ground. red circular sign. prohibition sign. red prohibition sign.,0.2,0.2,9,0.3611,"[1809.6890869140625, 960.90087890625, 1912.830078125, 1016.0105590820312]",1
frame_0037.png,extras,cardboard_box,cardboard box,cardboard box.,0.2,0.2,4,0.44,"[270.4716796875, 999.1300659179688, 394.912841796875, 1096.6441650390625]",1
frame_0037.png,extras,cardboard_box,brown cardboard box,brown cardboard box.,0.2,0.2,4,0.4704,"[268.4453125, 997.3088989257812, 396.0015869140625, 1098.214111328125]",1
frame_0037.png,extras,cardboard_box,shipping box,shipping box.,0.2,0.2,11,0.4119,"[1959.211181640625, 777.3116455078125, 2119.519775390625, 891.041259765625]",1
frame_0037.png,extras,cardboard_box,small box,small box.,0.2,0.2,7,0.4224,"[1561.3114013671875, 1026.896728515625, 1655.33203125, 1135.822998046875]",1
frame_0037.png,extras,cardboard_box,package box,package box.,0.2,0.2,3,0.252,"[1563.6334228515625, 1028.072509765625, 1653.0467529296875, 1134.54296875]",1
frame_0037.png,extras,cardboard_box,stacked box,stacked box.,0.2,0.2,5,0.3426,"[1958.7933349609375, 778.0103759765625, 2119.370849609375, 891.432373046875]",1
frame_0037.png,extras,cardboard_box,outdoor cardboard box,outdoor cardboard box.,0.2,0.2,5,0.4377,"[268.7889099121094, 996.7877197265625, 397.0910339355469, 1097.7568359375]",1
frame_0037.png,extras,chair,chair,chair.,0.2,0.2,4,0.3147,"[810.9287109375, 866.7234497070312, 975.76513671875, 1018.867431640625]",1
frame_0037.png,extras,chair,armless chair,armless chair.,0.2,0.2,4,0.3677,"[807.1497192382812, 862.3197021484375, 978.7852172851562, 1024.3212890625]",1
frame_0037.png,extras,chair,outdoor chair,outdoor chair.,0.2,0.2,3,0.4818,"[808.5804443359375, 863.7334594726562, 977.3680419921875, 1022.8900146484375]",1
frame_0037.png,extras,chair,plastic chair,plastic chair.,0.2,0.2,4,0.3117,"[809.76953125, 863.6764526367188, 976.7835083007812, 1021.8862915039062]",1
frame_0037.png,extras,chair,folding chair,folding chair.,0.2,0.2,2,0.4554,"[809.2093505859375, 864.6921997070312, 977.8206176757812, 1023.3303833007812]",1
frame_0037.png,extras,chair,metal chair,metal chair.,0.2,0.2,5,0.4308,"[808.5902099609375, 862.2779541015625, 976.8759155273438, 1023.6118774414062]",1
frame_0037.png,extras,electric_utility_vehicle,electric utility vehicle,electric utility vehicle.,0.2,0.2,7,0.4951,"[807.7468872070312, 865.0397338867188, 979.5888061523438, 1022.9376220703125]",1
frame_0037.png,extras,electric_utility_vehicle,small electric cart,small electric cart.,0.2,0.2,2,0.4728,"[803.7651977539062, 861.0292358398438, 982.3448486328125, 1027.490478515625]",1
frame_0037.png,extras,electric_utility_vehicle,utility vehicle,utility vehicle.,0.2,0.2,6,0.6328,"[1410.9383544921875, 899.1988525390625, 1652.5325927734375, 1047.89599609375]",1
frame_0037.png,extras,electric_utility_vehicle,golf cart,golf cart.,0.2,0.2,5,0.3873,"[1410.66943359375, 895.0355224609375, 1652.2618408203125, 1047.9305419921875]",1
frame_0037.png,extras,electric_utility_vehicle,electric cart,electric cart.,0.2,0.2,5,0.5263,"[807.462646484375, 864.5991821289062, 978.905029296875, 1023.5400390625]",1
frame_0037.png,extras,electric_utility_vehicle,small white utility vehicle,small white utility vehicle.,0.2,0.2,3,0.4907,"[1406.620849609375, 894.5745849609375, 1655.7237548828125, 1051.811767578125]",1
frame_0037.png,extras,electric_utility_vehicle,white utility cart,white utility cart.,0.2,0.2,4,0.4626,"[1020.4652709960938, 4.524164199829102, 2821.498779296875, 1324.7271728515625]",1
frame_0037.png,extras,portable_power_station,portable power station,portable power station.,0.2,0.2,3,0.4508,"[1019.7095947265625, 2.9462833404541016, 2808.368896484375, 1322.1951904296875]",1
frame_0037.png,extras,portable_power_station,large power bank,large power bank.,0.2,0.2,6,0.3884,"[1024.049560546875, 4.2596964836120605, 2822.062744140625, 1321.809814453125]",1
frame_0037.png,extras,portable_power_station,battery box,battery box.,0.2,0.2,2,0.2216,"[1563.5306396484375, 1027.884765625, 1653.071533203125, 1134.6934814453125]",1
frame_0037.png,extras,portable_power_station,power generator box,power generator box.,0.2,0.2,1,0.3278,"[1562.2503662109375, 1026.015869140625, 1654.6546630859375, 1136.1944580078125]",1
frame_0037.png,extras,portable_power_station,portable battery,portable battery.,0.2,0.2,3,0.4932,"[1562.603759765625, 1026.8419189453125, 1653.74951171875, 1135.818115234375]",1
frame_0037.png,extras,portable_power_station,power station,power station.,0.2,0.2,3,0.4724,"[1023.64453125, 1.9299870729446411, 2808.990478515625, 1321.1583251953125]",1
frame_0037.png,extras,portable_power_station,large battery pack,large battery pack.,0.2,0.2,4,0.3812,"[1559.1781005859375, 1024.135986328125, 1657.6942138671875, 1138.114990234375]",1
frame_0037.png,extras,rectangular_table,rectangular table,rectangular table.,0.2,0.2,2,0.5942,"[1185.4197998046875, 888.1554565429688, 1352.80224609375, 1019.5575561523438]",1
frame_0037.png,extras,rectangular_table,outdoor table,outdoor table.,0.2,0.2,2,0.5848,"[1185.8719482421875, 889.5391845703125, 1351.9852294921875, 1018.8368530273438]",1
frame_0037.png,extras,rectangular_table,long rectangular table,long rectangular table.,0.2,0.2,3,0.3835,"[1183.44677734375, 886.29296875, 1354.0545654296875, 1020.2772827148438]",1
frame_0037.png,extras,rectangular_table,picnic table,picnic table.,0.2,0.2,1,0.5306,"[1186.000244140625, 889.12451171875, 1351.1441650390625, 1017.4248657226562]",1
frame_0037.png,extras,rectangular_table,folding table,folding table.,0.2,0.2,2,0.5053,"[1187.392578125, 891.9168090820312, 1350.8612060546875, 1018.0914916992188]",1
frame_0037.png,extras,rectangular_table,work table,work table.,0.2,0.2,1,0.5615,"[1184.9664306640625, 887.678955078125, 1352.523193359375, 1018.7138671875]",1
frame_0037.png,extras,rectangular_table,outdoor wooden table,outdoor wooden table.,0.2,0.2,1,0.6374,"[1183.0125732421875, 886.2445068359375, 1354.2928466796875, 1019.9680786132812]",1
frame_0037.png,extras,traffic_cone,traffic cone,traffic cone.,0.2,0.2,0,0.0,,0
frame_0037.png,extras,traffic_cone,road cone,road cone.,0.2,0.2,1,0.2245,"[1562.8671875, 1025.2298583984375, 1655.70166015625, 1136.469482421875]",1
frame_0037.png,extras,traffic_cone,safety cone,safety cone.,0.2,0.2,1,0.223,"[1563.71337890625, 1026.3092041015625, 1654.0224609375, 1135.4315185546875]",1
frame_0037.png,extras,traffic_cone,orange cone,orange cone.,0.2,0.2,0,0.0,,0
frame_0037.png,extras,traffic_cone,construction cone,construction cone.,0.2,0.2,4,0.3155,"[1561.947021484375, 1025.452880859375, 1655.5880126953125, 1136.7701416015625]",1
frame_0037.png,extras,traffic_cone,orange traffic cone,orange traffic cone.,0.2,0.2,1,0.2052,"[2373.8173828125, 1035.798095703125, 2468.010498046875, 1113.662109375]",1
frame_0037.png,extras,trolley,trolley,trolley.,0.2,0.2,8,0.5773,"[809.9267578125, 866.6094970703125, 976.706298828125, 1019.4813842773438]",1
frame_0037.png,extras,trolley,hand cart,hand cart.,0.2,0.2,9,0.4617,"[1410.875732421875, 896.5633544921875, 1651.365478515625, 1048.3519287109375]",1
frame_0037.png,extras,trolley,hand truck,hand truck.,0.2,0.2,6,0.3862,"[1030.00390625, 2.0475034713745117, 2808.6904296875, 1321.810546875]",1
frame_0037.png,extras,trolley,luggage cart,luggage cart.,0.2,0.2,6,0.6095,"[808.3276977539062, 865.004150390625, 978.0853271484375, 1022.1022338867188]",1
frame_0037.png,extras,trolley,flatbed cart,flatbed cart.,0.2,0.2,2,0.4183,"[1409.552734375, 896.053955078125, 1653.005615234375, 1049.0477294921875]",1
frame_0037.png,extras,trolley,push cart,push cart.,0.2,0.2,5,0.5739,"[807.860595703125, 864.9675903320312, 978.5137939453125, 1022.9512329101562]",1
frame_0037.png,extras,trolley,utility cart,utility cart.,0.2,0.2,8,0.4649,"[807.0482177734375, 863.9362182617188, 978.9131469726562, 1024.061279296875]",1
frame_0037.png,extras,trolley,metal trolley,metal trolley.,0.2,0.2,5,0.3583,"[1021.88427734375, 3.570173978805542, 2864.151611328125, 1325.153564453125]",1
frame_0038.png,production,trailer,ALL_GROUP,utility trailer. open trailer. vehicle trailer. covered trailer.,0.18,0.18,7,0.3625,"[1026.7493896484375, 2.6674585342407227, 2802.427001953125, 1321.2362060546875]",1
frame_0038.png,production,electric utility vehicle+electric wheelchair+electric scooter,ALL_GROUP,electric utility vehicle. small electric cart. golf cart. white utility vehicle. powered mobility scooter. motorized wheelchair. mobility chair. electric wheelchair. two-wheeled scooter. stand-up scooter. electric kick scooter. kick scooter.,0.2,0.2,11,0.4035,"[1408.035400390625, 895.5770874023438, 1654.31591796875, 1050.6190185546875]",1
frame_0038.png,production,trolley,ALL_GROUP,trolley. hand cart. utility cart. push cart.,0.22,0.22,5,0.3966,"[1409.4892578125, 896.5872802734375, 1651.959228515625, 1049.925048828125]",1
frame_0038.png,production,pair of ramps+basketball,ALL_GROUP,metal ramps on ground. two metal ramps. pair of ramps. vehicle loading ramp. round orange ball. rubber ball on ground. sports ball. basketball.,0.18,0.18,25,0.4141,"[1021.8666381835938, 8.310912132263184, 2842.8837890625, 1329.9276123046875]",1
frame_0038.png,production,portable power station+umbrella,ALL_GROUP,portable power station. large power bank. battery box. power generator box. folded umbrella. open umbrella. shade umbrella. umbrella.,0.2,0.2,0,0.0,,0
frame_0038.png,production,rectangular table,ALL_GROUP,rectangular table. outdoor table. picnic table. folding table.,0.24,0.24,2,0.3907,"[1186.034423828125, 890.6463623046875, 1350.450439453125, 1017.6724243164062]",1
frame_0038.png,production,cardboard box,ALL_GROUP,cardboard box. brown cardboard box. shipping box.,0.26,0.26,4,0.4034,"[1961.0047607421875, 776.6627197265625, 2121.4375, 890.4052124023438]",1
frame_0038.png,production,chair,ALL_GROUP,chair. folding chair. outdoor chair. plastic chair.,0.3,0.3,1,0.378,"[808.6007690429688, 865.4496459960938, 976.5765991210938, 1023.2774047851562]",1
frame_0038.png,production,traffic cone,ALL_GROUP,traffic cone. road cone. safety cone. orange cone.,0.22,0.22,0,0.0,,0
frame_0038.png,production,prohibition sign,ALL_GROUP,red sign on ground. red circular sign. prohibition sign. red prohibition sign.,0.2,0.2,9,0.3411,"[369.11846923828125, 824.4947509765625, 417.8909912109375, 873.9563598632812]",1
frame_0038.png,extras,cardboard_box,cardboard box,cardboard box.,0.2,0.2,4,0.4527,"[270.3574523925781, 999.5192260742188, 393.9266357421875, 1097.1392822265625]",1
frame_0038.png,extras,cardboard_box,brown cardboard box,brown cardboard box.,0.2,0.2,4,0.43,"[268.2044982910156, 997.56689453125, 394.8421630859375, 1098.8470458984375]",1
frame_0038.png,extras,cardboard_box,shipping box,shipping box.,0.2,0.2,11,0.3921,"[1960.84912109375, 778.7695922851562, 2119.4814453125, 891.2415771484375]",1
frame_0038.png,extras,cardboard_box,small box,small box.,0.2,0.2,7,0.4345,"[1561.01513671875, 1027.2142333984375, 1654.344970703125, 1135.9498291015625]",1
frame_0038.png,extras,cardboard_box,package box,package box.,0.2,0.2,3,0.2535,"[1563.3109130859375, 1028.2725830078125, 1651.8363037109375, 1134.9117431640625]",1
frame_0038.png,extras,cardboard_box,stacked box,stacked box.,0.2,0.2,6,0.3323,"[1960.9361572265625, 779.0076904296875, 2119.385009765625, 891.6764526367188]",1
frame_0038.png,extras,cardboard_box,outdoor cardboard box,outdoor cardboard box.,0.2,0.2,5,0.4507,"[268.6090393066406, 996.99462890625, 396.02325439453125, 1098.33203125]",1
frame_0038.png,extras,chair,chair,chair.,0.2,0.2,4,0.3236,"[810.43017578125, 867.68994140625, 975.1847534179688, 1019.5469360351562]",1
frame_0038.png,extras,chair,armless chair,armless chair.,0.2,0.2,3,0.4073,"[806.771728515625, 862.866943359375, 978.0137329101562, 1024.982666015625]",1
frame_0038.png,extras,chair,outdoor chair,outdoor chair.,0.2,0.2,3,0.5391,"[808.2622680664062, 864.3179321289062, 976.557861328125, 1023.6337280273438]",1
frame_0038.png,extras,chair,plastic chair,plastic chair.,0.2,0.2,5,0.3442,"[809.6807250976562, 864.359619140625, 975.40380859375, 1022.4330444335938]",1
frame_0038.png,extras,chair,folding chair,folding chair.,0.2,0.2,1,0.5039,"[808.9371337890625, 865.2608032226562, 977.158935546875, 1023.8954467773438]",1
frame_0038.png,extras,chair,metal chair,metal chair.,0.2,0.2,4,0.4636,"[808.1544799804688, 862.90771484375, 975.779541015625, 1024.1556396484375]",1
frame_0038.png,extras,electric_utility_vehicle,electric utility vehicle,electric utility vehicle.,0.2,0.2,5,0.4891,"[807.334716796875, 865.826904296875, 978.9727172851562, 1023.547119140625]",1
frame_0038.png,extras,electric_utility_vehicle,small electric cart,small electric cart.,0.2,0.2,2,0.4738,"[803.6538696289062, 861.6544189453125, 981.463623046875, 1028.2403564453125]",1
frame_0038.png,extras,electric_utility_vehicle,utility vehicle,utility vehicle.,0.2,0.2,7,0.6276,"[808.0169677734375, 866.3168334960938, 978.1121215820312, 1022.5828247070312]",1
frame_0038.png,extras,electric_utility_vehicle,golf cart,golf cart.,0.2,0.2,4,0.3598,"[1410.3807373046875, 895.5133666992188, 1651.449951171875, 1048.6783447265625]",1
frame_0038.png,extras,electric_utility_vehicle,electric cart,electric cart.,0.2,0.2,4,0.5118,"[807.1371459960938, 865.3654174804688, 978.1966552734375, 1024.358154296875]",1
frame_0038.png,extras,electric_utility_vehicle,small white utility vehicle,small white utility vehicle.,0.2,0.2,3,0.4966,"[1406.057861328125, 894.6976928710938, 1655.19091796875, 1052.502685546875]",1
frame_0038.png,extras,electric_utility_vehicle,white utility cart,white utility cart.,0.2,0.2,4,0.451,"[1020.3878173828125, 4.3124680519104, 2818.79931640625, 1324.749267578125]",1
frame_0038.png,extras,portable_power_station,portable power station,portable power station.,0.2,0.2,5,0.4548,"[1019.4441528320312, 2.9326467514038086, 2810.76416015625, 1322.43115234375]",1
frame_0038.png,extras,portable_power_station,large power bank,large power bank.,0.2,0.2,6,0.3961,"[1024.6976318359375, 4.045506000518799, 2828.737548828125, 1322.05810546875]",1
frame_0038.png,extras,portable_power_station,battery box,battery box.,0.2,0.2,3,0.2401,"[1563.2774658203125, 1028.515380859375, 1651.6785888671875, 1135.0572509765625]",1
frame_0038.png,extras,portable_power_station,power generator box,power generator box.,0.2,0.2,2,0.3234,"[1561.9971923828125, 1026.14501953125, 1653.6055908203125, 1136.8314208984375]",1
frame_0038.png,extras,portable_power_station,portable battery,portable battery.,0.2,0.2,3,0.473,"[1562.1636962890625, 1027.2572021484375, 1652.5921630859375, 1136.5174560546875]",1
frame_0038.png,extras,portable_power_station,power station,power station.,0.2,0.2,3,0.4732,"[1023.9244995117188, 1.7075371742248535, 2815.015869140625, 1321.034912109375]",1
frame_0038.png,extras,portable_power_station,large battery pack,large battery pack.,0.2,0.2,5,0.3556,"[1558.6820068359375, 1024.4766845703125, 1656.6502685546875, 1138.79541015625]",1
frame_0038.png,extras,rectangular_table,rectangular table,rectangular table.,0.2,0.2,2,0.5656,"[1184.44921875, 889.3161010742188, 1351.794677734375, 1019.753662109375]",1
frame_0038.png,extras,rectangular_table,outdoor table,outdoor table.,0.2,0.2,2,0.5928,"[1184.8800048828125, 890.6860961914062, 1350.8843994140625, 1019.03662109375]",1
frame_0038.png,extras,rectangular_table,long rectangular table,long rectangular table.,0.2,0.2,3,0.3653,"[1182.605712890625, 887.5929565429688, 1353.2178955078125, 1020.4404907226562]",1
frame_0038.png,extras,rectangular_table,picnic table,picnic table.,0.2,0.2,1,0.5386,"[1184.8387451171875, 890.2935180664062, 1349.9354248046875, 1017.7412719726562]",1
frame_0038.png,extras,rectangular_table,folding table,folding table.,0.2,0.2,1,0.5094,"[1186.3450927734375, 892.8800048828125, 1350.1441650390625, 1018.4572143554688]",1
frame_0038.png,extras,rectangular_table,work table,work table.,0.2,0.2,1,0.5655,"[1183.9212646484375, 888.7379760742188, 1351.232666015625, 1019.042236328125]",1
frame_0038.png,extras,rectangular_table,outdoor wooden table,outdoor wooden table.,0.2,0.2,1,0.656,"[1182.201171875, 887.4296264648438, 1352.951171875, 1020.3862915039062]",1
frame_0038.png,extras,traffic_cone,traffic cone,traffic cone.,0.2,0.2,0,0.0,,0
frame_0038.png,extras,traffic_cone,road cone,road cone.,0.2,0.2,1,0.2271,"[1562.954345703125, 1024.546875, 1654.9761962890625, 1136.985595703125]",1
frame_0038.png,extras,traffic_cone,safety cone,safety cone.,0.2,0.2,1,0.2168,"[1563.8250732421875, 1025.84423828125, 1653.1424560546875, 1135.8763427734375]",1
frame_0038.png,extras,traffic_cone,orange cone,orange cone.,0.2,0.2,0,0.0,,0
frame_0038.png,extras,traffic_cone,construction cone,construction cone.,0.2,0.2,5,0.3111,"[1561.90380859375, 1025.0648193359375, 1654.9205322265625, 1137.220703125]",1
frame_0038.png,extras,traffic_cone,orange traffic cone,orange traffic cone.,0.2,0.2,0,0.0,,0
frame_0038.png,extras,trolley,trolley,trolley.,0.2,0.2,9,0.5649,"[809.5620727539062, 867.2184448242188, 976.3252563476562, 1020.124755859375]",1
frame_0038.png,extras,trolley,hand cart,hand cart.,0.2,0.2,9,0.4384,"[1410.9127197265625, 896.7987670898438, 1650.68212890625, 1049.2186279296875]",1
frame_0038.png,extras,trolley,hand truck,hand truck.,0.2,0.2,6,0.4003,"[1030.4913330078125, 1.6663509607315063, 2807.298095703125, 1321.788330078125]",1
frame_0038.png,extras,trolley,luggage cart,luggage cart.,0.2,0.2,7,0.5882,"[807.902099609375, 865.7442016601562, 977.3964233398438, 1022.8644409179688]",1
frame_0038.png,extras,trolley,flatbed cart,flatbed cart.,0.2,0.2,2,0.418,"[806.8676147460938, 864.7548217773438, 978.802978515625, 1024.12451171875]",1
frame_0038.png,extras,trolley,push cart,push cart.,0.2,0.2,4,0.558,"[807.5217895507812, 865.6837768554688, 977.9710693359375, 1023.6299438476562]",1
frame_0038.png,extras,trolley,utility cart,utility cart.,0.2,0.2,6,0.451,"[806.6197509765625, 864.6622924804688, 978.3519897460938, 1024.8226318359375]",1
frame_0038.png,extras,trolley,metal trolley,metal trolley.,0.2,0.2,5,0.3891,"[1021.9810180664062, 2.733811140060425, 2860.803955078125, 1325.2044677734375]",1
frame_0039.png,production,trailer,ALL_GROUP,utility trailer. open trailer. vehicle trailer. covered trailer.,0.18,0.18,7,0.3597,"[1017.2943115234375, 3.677213668823242, 2874.733154296875, 1355.183837890625]",1
frame_0039.png,production,electric utility vehicle+electric wheelchair+electric scooter,ALL_GROUP,electric utility vehicle. small electric cart. golf cart. white utility vehicle. powered mobility scooter. motorized wheelchair. mobility chair. electric wheelchair. two-wheeled scooter. stand-up scooter. electric kick scooter. kick scooter.,0.2,0.2,9,0.4121,"[1009.46044921875, 4.800050735473633, 2873.016357421875, 1361.1322021484375]",1
frame_0039.png,production,trolley,ALL_GROUP,trolley. hand cart. utility cart. push cart.,0.22,0.22,6,0.4101,"[807.69580078125, 865.2279052734375, 984.6107177734375, 1027.727783203125]",1
frame_0039.png,production,pair of ramps+basketball,ALL_GROUP,metal ramps on ground. two metal ramps. pair of ramps. vehicle loading ramp. round orange ball. rubber ball on ground. sports ball. basketball.,0.18,0.18,24,0.3752,"[1685.1612548828125, 889.0924072265625, 2870.627197265625, 1362.75]",1
frame_0039.png,production,portable power station+umbrella,ALL_GROUP,portable power station. large power bank. battery box. power generator box. folded umbrella. open umbrella. shade umbrella. umbrella.,0.2,0.2,1,0.2172,"[1141.71435546875, 532.9744262695312, 1484.4256591796875, 984.7987060546875]",1
frame_0039.png,production,rectangular table,ALL_GROUP,rectangular table. outdoor table. picnic table. folding table.,0.24,0.24,2,0.3921,"[1193.6002197265625, 890.4720458984375, 1358.8897705078125, 1019.25732421875]",1
frame_0039.png,production,cardboard box,ALL_GROUP,cardboard box. brown cardboard box. shipping box.,0.26,0.26,4,0.4223,"[250.31382751464844, 1001.2882690429688, 385.00189208984375, 1102.7225341796875]",1
frame_0039.png,production,chair,ALL_GROUP,chair. folding chair. outdoor chair. plastic chair.,0.3,0.3,1,0.3844,"[808.76611328125, 865.5256958007812, 983.2195434570312, 1026.650390625]",1
frame_0039.png,production,traffic cone,ALL_GROUP,traffic cone. road cone. safety cone. orange cone.,0.22,0.22,0,0.0,,0
frame_0039.png,production,prohibition sign,ALL_GROUP,red sign on ground. red circular sign. prohibition sign. red prohibition sign.,0.2,0.2,10,0.3282,"[1843.63037109375, 964.7138061523438, 1948.8758544921875, 1020.4000244140625]",1
frame_0039.png,extras,cardboard_box,cardboard box,cardboard box.,0.2,0.2,4,0.5427,"[250.93768310546875, 1001.3687744140625, 385.1745300292969, 1102.6875]",1
frame_0039.png,extras,cardboard_box,brown cardboard box,brown cardboard box.,0.2,0.2,2,0.5188,"[248.65725708007812, 999.1142578125, 386.70849609375, 1104.3067626953125]",1
frame_0039.png,extras,cardboard_box,shipping box,shipping box.,0.2,0.2,9,0.4247,"[251.96726989746094, 1003.4142456054688, 383.9148254394531, 1102.0296630859375]",1
frame_0039.png,extras,cardboard_box,small box,small box.,0.2,0.2,6,0.4807,"[1580.3905029296875, 1032.0361328125, 1681.434814453125, 1147.4473876953125]",1
frame_0039.png,extras,cardboard_box,package box,package box.,0.2,0.2,5,0.3203,"[1582.9351806640625, 1034.433349609375, 1678.9244384765625, 1145.174560546875]",1
frame_0039.png,extras,cardboard_box,stacked box,stacked box.,0.2,0.2,6,0.3876,"[252.1306915283203, 1003.60400390625, 383.88238525390625, 1101.792236328125]",1
frame_0039.png,extras,cardboard_box,outdoor cardboard box,outdoor cardboard box.,0.2,0.2,4,0.4922,"[249.01760864257812, 999.0223388671875, 386.8587341308594, 1103.645263671875]",1
frame_0039.png,extras,chair,chair,chair.,0.2,0.2,3,0.3374,"[810.52685546875, 868.165771484375, 980.6956176757812, 1022.99072265625]",1
frame_0039.png,extras,chair,armless chair,armless chair.,0.2,0.2,3,0.463,"[807.1786499023438, 863.075439453125, 984.7252807617188, 1028.6036376953125]",1
frame_0039.png,extras,chair,outdoor chair,outdoor chair.,0.2,0.2,4,0.5702,"[808.2084350585938, 864.3489379882812, 983.01416015625, 1027.26318359375]",1
frame_0039.png,extras,chair,plastic chair,plastic chair.,0.2,0.2,3,0.3439,"[809.8638916015625, 864.4768676757812, 982.2138061523438, 1026.1441650390625]",1
frame_0039.png,extras,chair,folding chair,folding chair.,0.2,0.2,1,0.5481,"[809.1054077148438, 865.6528930664062, 983.5294799804688, 1027.33447265625]",1
frame_0039.png,extras,chair,metal chair,metal chair.,0.2,0.2,4,0.5045,"[808.392822265625, 863.0608520507812, 983.1441040039062, 1027.873779296875]",1
frame_0039.png,extras,electric_utility_vehicle,electric utility vehicle,electric utility vehicle.,0.2,0.2,5,0.4925,"[807.6248779296875, 865.8248901367188, 985.201904296875, 1026.9580078125]",1
frame_0039.png,extras,electric_utility_vehicle,small electric cart,small electric cart.,0.2,0.2,2,0.5794,"[804.3048095703125, 861.8712158203125, 986.94287109375, 1031.2174072265625]",1
frame_0039.png,extras,electric_utility_vehicle,utility vehicle,utility vehicle.,0.2,0.2,5,0.6282,"[808.41748046875, 866.1583862304688, 984.0732421875, 1025.957275390625]",1
frame_0039.png,extras,electric_utility_vehicle,golf cart,golf cart.,0.2,0.2,5,0.3319,"[808.52197265625, 865.7933349609375, 984.2857666015625, 1026.90771484375]",1
frame_0039.png,extras,electric_utility_vehicle,electric cart,electric cart.,0.2,0.2,4,0.5357,"[807.1342163085938, 865.305908203125, 984.0305786132812, 1027.8326416015625]",1
frame_0039.png,extras,electric_utility_vehicle,small white utility vehicle,small white utility vehicle.,0.2,0.2,3,0.5174,"[1418.102783203125, 893.168701171875, 1674.829833984375, 1056.7237548828125]",1
frame_0039.png,extras,electric_utility_vehicle,white utility cart,white utility cart.,0.2,0.2,1,0.5232,"[1015.5502319335938, 5.278597831726074, 2875.076904296875, 1358.796875]",1
frame_0039.png,extras,portable_power_station,portable power station,portable power station.,0.2,0.2,4,0.4669,"[1015.1346435546875, 3.3992207050323486, 2873.411865234375, 1357.0794677734375]",1
frame_0039.png,extras,portable_power_station,large power bank,large power bank.,0.2,0.2,6,0.3905,"[1017.6555786132812, 3.9251625537872314, 2868.475341796875, 1355.637451171875]",1
frame_0039.png,extras,portable_power_station,battery box,battery box.,0.2,0.2,4,0.2891,"[1583.134521484375, 1034.81787109375, 1679.2933349609375, 1145.676025390625]",1
frame_0039.png,extras,portable_power_station,power generator box,power generator box.,0.2,0.2,2,0.3884,"[1581.6248779296875, 1031.1292724609375, 1680.6900634765625, 1147.271728515625]",1
frame_0039.png,extras,portable_power_station,portable battery,portable battery.,0.2,0.2,3,0.4794,"[1582.0557861328125, 1032.701416015625, 1679.9996337890625, 1146.83349609375]",1
frame_0039.png,extras,portable_power_station,power station,power station.,0.2,0.2,3,0.5193,"[1018.9497680664062, 2.279376983642578, 2874.853515625, 1355.81005859375]",1
frame_0039.png,extras,portable_power_station,large battery pack,large battery pack.,0.2,0.2,3,0.4057,"[1578.8470458984375, 1029.7220458984375, 1683.4976806640625, 1149.4285888671875]",1
frame_0039.png,extras,rectangular_table,rectangular table,rectangular table.,0.2,0.2,1,0.6676,"[1191.7760009765625, 888.8302001953125, 1359.9462890625, 1021.7047729492188]",1
frame_0039.png,extras,rectangular_table,outdoor table,outdoor table.,0.2,0.2,1,0.6332,"[1191.9490966796875, 890.2921142578125, 1358.60791015625, 1021.3211059570312]",1
frame_0039.png,extras,rectangular_table,long rectangular table,long rectangular table.,0.2,0.2,3,0.452,"[1189.8787841796875, 886.90625, 1361.5184326171875, 1022.0890502929688]",1
frame_0039.png,extras,rectangular_table,picnic table,picnic table.,0.2,0.2,1,0.5836,"[1191.5609130859375, 889.565673828125, 1356.53271484375, 1019.2112426757812]",1
frame_0039.png,extras,rectangular_table,folding table,folding table.,0.2,0.2,1,0.5266,"[1193.4713134765625, 892.171630859375, 1358.2574462890625, 1020.5797119140625]",1
frame_0039.png,extras,rectangular_table,work table,work table.,0.2,0.2,1,0.6222,"[1190.53662109375, 888.068359375, 1358.914306640625, 1020.8981323242188]",1
frame_0039.png,extras,rectangular_table,outdoor wooden table,outdoor wooden table.,0.2,0.2,1,0.7223,"[1189.6689453125, 887.4517211914062, 1360.2708740234375, 1022.2411499023438]",1
frame_0039.png,extras,traffic_cone,traffic cone,traffic cone.,0.2,0.2,4,0.3258,"[1643.52734375, 942.8484497070312, 1662.61376953125, 966.0118408203125]",1
frame_0039.png,extras,traffic_cone,road cone,road cone.,0.2,0.2,2,0.3,"[1028.7457275390625, 1051.2022705078125, 1076.278076171875, 1128.4539794921875]",1
frame_0039.png,extras,traffic_cone,safety cone,safety cone.,0.2,0.2,2,0.2373,"[1583.4447021484375, 1030.0872802734375, 1679.7550048828125, 1146.376953125]",1
frame_0039.png,extras,traffic_cone,orange cone,orange cone.,0.2,0.2,1,0.2086,"[250.13148498535156, 932.2962036132812, 454.0946960449219, 1102.1810302734375]",1
frame_0039.png,extras,traffic_cone,construction cone,construction cone.,0.2,0.2,4,0.3197,"[1581.69482421875, 1029.4698486328125, 1681.1708984375, 1147.682861328125]",1
frame_0039.png,extras,traffic_cone,orange traffic cone,orange traffic cone.,0.2,0.2,4,0.2519,"[1608.635498046875, 929.9893798828125, 1637.89208984375, 967.337890625]",1
frame_0039.png,extras,trolley,trolley,trolley.,0.2,0.2,5,0.5527,"[809.7748413085938, 867.2750854492188, 981.4693603515625, 1023.6964721679688]",1
frame_0039.png,extras,trolley,hand cart,hand cart.,0.2,0.2,8,0.4388,"[808.8941650390625, 865.9630126953125, 983.6585083007812, 1026.7947998046875]",1
frame_0039.png,extras,trolley,hand truck,hand truck.,0.2,0.2,6,0.4165,"[1023.0790405273438, 2.8167378902435303, 2877.17822265625, 1356.7547607421875]",1
frame_0039.png,extras,trolley,luggage cart,luggage cart.,0.2,0.2,6,0.598,"[807.9706420898438, 865.5133666992188, 982.8048095703125, 1026.576904296875]",1
frame_0039.png,extras,trolley,flatbed cart,flatbed cart.,0.2,0.2,2,0.4345,"[807.1719360351562, 864.5878295898438, 984.5549926757812, 1027.50732421875]",1
frame_0039.png,extras,trolley,push cart,push cart.,0.2,0.2,4,0.5714,"[807.7251586914062, 865.4692993164062, 983.463623046875, 1027.25]",1
frame_0039.png,extras,trolley,utility cart,utility cart.,0.2,0.2,5,0.4805,"[806.8359985351562, 864.5003051757812, 984.2188720703125, 1028.327880859375]",1
frame_0039.png,extras,trolley,metal trolley,metal trolley.,0.2,0.2,3,0.4495,"[1017.9701538085938, 5.866291522979736, 2875.90380859375, 1357.76708984375]",1
frame_0040.png,production,trailer,ALL_GROUP,utility trailer. open trailer. vehicle trailer. covered trailer.,0.18,0.18,6,0.4125,"[6.085267066955566, 530.8285522460938, 491.87420654296875, 1020.0003662109375]",1
frame_0040.png,production,electric utility vehicle+electric wheelchair+electric scooter,ALL_GROUP,electric utility vehicle. small electric cart. golf cart. white utility vehicle. powered mobility scooter. motorized wheelchair. mobility chair. electric wheelchair. two-wheeled scooter. stand-up scooter. electric kick scooter. kick scooter.,0.2,0.2,10,0.3969,"[1600.531494140625, 905.1917724609375, 1870.4066162109375, 1067.8565673828125]",1
frame_0040.png,production,trolley,ALL_GROUP,trolley. hand cart. utility cart. push cart.,0.22,0.22,6,0.3824,"[973.0043334960938, 865.0545043945312, 1144.1964111328125, 1026.2935791015625]",1
frame_0040.png,production,pair of ramps+basketball,ALL_GROUP,metal ramps on ground. two metal ramps. pair of ramps. vehicle loading ramp. round orange ball. rubber ball on ground. sports ball. basketball.,0.18,0.18,18,0.4188,"[1150.8883056640625, 1645.0458984375, 1670.0181884765625, 1851.1746826171875]",1
frame_0040.png,production,portable power station+umbrella,ALL_GROUP,portable power station. large power bank. battery box. power generator box. folded umbrella. open umbrella. shade umbrella. umbrella.,0.2,0.2,1,0.2212,"[5.707097053527832, 526.5840454101562, 494.9150695800781, 1018.774169921875]",1
frame_0040.png,production,rectangular table,ALL_GROUP,rectangular table. outdoor table. picnic table. folding table.,0.24,0.24,2,0.3774,"[1355.4417724609375, 888.8095703125, 1530.19677734375, 1021.3912353515625]",1
frame_0040.png,production,cardboard box,ALL_GROUP,cardboard box. brown cardboard box. shipping box.,0.26,0.26,4,0.4273,"[2232.8310546875, 744.5192260742188, 2429.162353515625, 887.7071533203125]",1
frame_0040.png,production,chair,ALL_GROUP,chair. folding chair. outdoor chair. plastic chair.,0.3,0.3,2,0.3781,"[974.0457153320312, 864.9705810546875, 1142.90234375, 1024.750732421875]",1
frame_0040.png,production,traffic cone,ALL_GROUP,traffic cone. road cone. safety cone. orange cone.,0.22,0.22,0,0.0,,0
frame_0040.png,production,prohibition sign,ALL_GROUP,red sign on ground. red circular sign. prohibition sign. red prohibition sign.,0.2,0.2,11,0.3514,"[2571.984619140625, 1079.5030517578125, 2699.197509765625, 1189.79833984375]",1
frame_0040.png,extras,cardboard_box,cardboard box,cardboard box.,0.2,0.2,3,0.4632,"[2229.985595703125, 746.1596069335938, 2428.870361328125, 889.1737670898438]",1
frame_0040.png,extras,cardboard_box,brown cardboard box,brown cardboard box.,0.2,0.2,2,0.4964,"[2233.65625, 743.569580078125, 2431.237548828125, 890.5929565429688]",1
frame_0040.png,extras,cardboard_box,shipping box,shipping box.,0.2,0.2,9,0.4303,"[414.00921630859375, 999.3163452148438, 537.4892578125, 1097.5244140625]",1
frame_0040.png,extras,cardboard_box,small box,small box.,0.2,0.2,4,0.4303,"[411.6952209472656, 995.7267456054688, 536.8722534179688, 1099.2579345703125]",1
frame_0040.png,extras,cardboard_box,package box,package box.,0.2,0.2,4,0.2907,"[1794.5140380859375, 1047.072265625, 1910.895263671875, 1177.74755859375]",1
frame_0040.png,extras,cardboard_box,stacked box,stacked box.,0.2,0.2,3,0.3609,"[413.96185302734375, 999.4891967773438, 537.2688598632812, 1097.13720703125]",1
frame_0040.png,extras,cardboard_box,outdoor cardboard box,outdoor cardboard box.,0.2,0.2,3,0.4516,"[411.007080078125, 995.5032348632812, 539.66796875, 1099.638916015625]",1
frame_0040.png,extras,chair,chair,chair.,0.2,0.2,3,0.3317,"[997.0996704101562, 869.1187133789062, 1109.151611328125, 951.2601928710938]",1
frame_0040.png,extras,chair,armless chair,armless chair.,0.2,0.2,4,0.4305,"[972.5933837890625, 863.22216796875, 1144.59619140625, 1027.1275634765625]",1
frame_0040.png,extras,chair,outdoor chair,outdoor chair.,0.2,0.2,3,0.5697,"[973.2830200195312, 863.6632080078125, 1143.16015625, 1025.85595703125]",1
frame_0040.png,extras,chair,plastic chair,plastic chair.,0.2,0.2,2,0.3762,"[994.3753051757812, 865.0382080078125, 1111.475341796875, 956.3698120117188]",1
frame_0040.png,extras,chair,folding chair,folding chair.,0.2,0.2,1,0.5852,"[974.490234375, 865.5059204101562, 1143.30322265625, 1025.7821044921875]",1
frame_0040.png,extras,chair,metal chair,metal chair.,0.2,0.2,3,0.4077,"[973.2821655273438, 862.056640625, 1143.453369140625, 1025.6671142578125]",1
frame_0040.png,extras,electric_utility_vehicle,electric utility vehicle,electric utility vehicle.,0.2,0.2,5,0.4711,"[1601.4219970703125, 903.6634521484375, 1871.7110595703125, 1066.62158203125]",1
frame_0040.png,extras,electric_utility_vehicle,small electric cart,small electric cart.,0.2,0.2,2,0.5413,"[968.5654296875, 861.100341796875, 1146.6876220703125, 1030.0111083984375]",1
frame_0040.png,extras,electric_utility_vehicle,utility vehicle,utility vehicle.,0.2,0.2,7,0.5904,"[973.52099609375, 866.4532470703125, 1143.2314453125, 1025.0914306640625]",1
frame_0040.png,extras,electric_utility_vehicle,golf cart,golf cart.,0.2,0.2,2,0.3369,"[973.587890625, 865.7493286132812, 1143.482177734375, 1025.7947998046875]",1
frame_0040.png,extras,electric_utility_vehicle,electric cart,electric cart.,0.2,0.2,3,0.5228,"[972.2797241210938, 864.982666015625, 1143.7176513671875, 1026.825927734375]",1
frame_0040.png,extras,electric_utility_vehicle,small white utility vehicle,small white utility vehicle.,0.2,0.2,2,0.5033,"[1598.333984375, 897.5175170898438, 1864.6552734375, 1069.7838134765625]",1
frame_0040.png,extras,electric_utility_vehicle,white utility cart,white utility cart.,0.2,0.2,7,0.3013,"[1599.793701171875, 896.1346435546875, 1844.643310546875, 1066.8404541015625]",1
frame_0040.png,extras,portable_power_station,portable power station,portable power station.,0.2,0.2,8,0.3211,"[1170.0748291015625, 3.1137442588806152, 2873.33203125, 1363.843017578125]",1
frame_0040.png,extras,portable_power_station,large power bank,large power bank.,0.2,0.2,6,0.4003,"[6.780238151550293, 525.9112548828125, 495.5595703125, 1016.8662109375]",1
frame_0040.png,extras,portable_power_station,battery box,battery box.,0.2,0.2,3,0.2151,"[1794.25927734375, 1047.8172607421875, 1911.3138427734375, 1178.6549072265625]",1
frame_0040.png,extras,portable_power_station,power generator box,power generator box.,0.2,0.2,2,0.3188,"[1792.7926025390625, 1045.17724609375, 1913.358642578125, 1180.0076904296875]",1
frame_0040.png,extras,portable_power_station,portable battery,portable battery.,0.2,0.2,3,0.4288,"[1792.6370849609375, 1047.6851806640625, 1912.5748291015625, 1179.8809814453125]",1
frame_0040.png,extras,portable_power_station,power station,power station.,0.2,0.2,3,0.3938,"[1174.4959716796875, 1.830098032951355, 2875.753173828125, 1365.7080078125]",1
frame_0040.png,extras,portable_power_station,large battery pack,large battery pack.,0.2,0.2,5,0.384,"[1788.6473388671875, 1042.2850341796875, 1916.942626953125, 1182.3709716796875]",1
frame_0040.png,extras,rectangular_table,rectangular table,rectangular table.,0.2,0.2,2,0.5837,"[1353.669921875, 886.7323608398438, 1531.9530029296875, 1023.8960571289062]",1
frame_0040.png,extras,rectangular_table,outdoor table,outdoor table.,0.2,0.2,2,0.555,"[1354.1644287109375, 888.630859375, 1530.8828125, 1023.1502685546875]",1
frame_0040.png,extras,rectangular_table,long rectangular table,long rectangular table.,0.2,0.2,3,0.3682,"[1352.3671875, 884.6555786132812, 1533.8438720703125, 1024.6778564453125]",1
frame_0040.png,extras,rectangular_table,picnic table,picnic table.,0.2,0.2,1,0.5597,"[1354.133056640625, 887.6769409179688, 1530.3743896484375, 1021.4105834960938]",1
frame_0040.png,extras,rectangular_table,folding table,folding table.,0.2,0.2,2,0.4794,"[1355.39794921875, 890.6680908203125, 1530.428955078125, 1022.6956787109375]",1
frame_0040.png,extras,rectangular_table,work table,work table.,0.2,0.2,2,0.5588,"[1353.48388671875, 886.2638549804688, 1531.377197265625, 1022.791259765625]",1
frame_0040.png,extras,rectangular_table,outdoor wooden table,outdoor wooden table.,0.2,0.2,1,0.5605,"[1351.650634765625, 885.1461791992188, 1533.1568603515625, 1024.37353515625]",1
frame_0040.png,extras,traffic_cone,traffic cone,traffic cone.,0.2,0.2,1,0.217,"[1181.9703369140625, 1066.7730712890625, 1230.6534423828125, 1137.3883056640625]",1
frame_0040.png,extras,traffic_cone,road cone,road cone.,0.2,0.2,1,0.2712,"[1180.0577392578125, 1062.475830078125, 1233.18505859375, 1142.015869140625]",1
frame_0040.png,extras,traffic_cone,safety cone,safety cone.,0.2,0.2,1,0.2101,"[1159.98876953125, 1660.6478271484375, 1665.90087890625, 1854.634765625]",1
frame_0040.png,extras,traffic_cone,orange cone,orange cone.,0.2,0.2,2,0.255,"[858.6893310546875, 965.078125, 904.0330200195312, 1050.2919921875]",1
frame_0040.png,extras,traffic_cone,construction cone,construction cone.,0.2,0.2,4,0.3151,"[1792.4727783203125, 1043.4510498046875, 1913.8919677734375, 1180.075439453125]",1
frame_0040.png,extras,traffic_cone,orange traffic cone,orange traffic cone.,0.2,0.2,4,0.3414,"[855.8516235351562, 961.2517700195312, 906.50341796875, 1052.0904541015625]",1
frame_0040.png,extras,trolley,trolley,trolley.,0.2,0.2,6,0.5581,"[974.8889770507812, 867.5056762695312, 1141.53857421875, 1022.6289672851562]",1
frame_0040.png,extras,trolley,hand cart,hand cart.,0.2,0.2,7,0.3971,"[974.3617553710938, 865.898681640625, 1143.3675537109375, 1025.87158203125]",1
frame_0040.png,extras,trolley,hand truck,hand truck.,0.2,0.2,5,0.374,"[3.713850975036621, 530.220947265625, 491.30035400390625, 1018.9841918945312]",1
frame_0040.png,extras,trolley,luggage cart,luggage cart.,0.2,0.2,4,0.5726,"[973.4459228515625, 865.4683837890625, 1142.935791015625, 1025.5220947265625]",1
frame_0040.png,extras,trolley,flatbed cart,flatbed cart.,0.2,0.2,2,0.3912,"[972.2113037109375, 864.5249633789062, 1144.21484375, 1026.2398681640625]",1
frame_0040.png,extras,trolley,push cart,push cart.,0.2,0.2,4,0.548,"[972.92431640625, 865.5037231445312, 1143.4892578125, 1026.002685546875]",1
frame_0040.png,extras,trolley,utility cart,utility cart.,0.2,0.2,5,0.4848,"[972.0426025390625, 864.3101806640625, 1143.8934326171875, 1027.3365478515625]",1
frame_0040.png,extras,trolley,metal trolley,metal trolley.,0.2,0.2,3,0.3922,"[1171.96923828125, 4.268732070922852, 2876.013671875, 1366.5516357421875]",1
frame_0041.png,production,trailer,ALL_GROUP,utility trailer. open trailer. vehicle trailer. covered trailer.,0.18,0.18,8,0.4079,"[205.15802001953125, 559.2832641601562, 654.6328735351562, 1011.3748779296875]",1
frame_0041.png,production,electric utility vehicle+electric wheelchair+electric scooter,ALL_GROUP,electric utility vehicle. small electric cart. golf cart. white utility vehicle. powered mobility scooter. motorized wheelchair. mobility chair. electric wheelchair. two-wheeled scooter. stand-up scooter. electric kick scooter. kick scooter.,0.2,0.2,9,0.4468,"[2074.53369140625, 852.1113891601562, 2874.295166015625, 1158.8641357421875]",1
frame_0041.png,production,trolley,ALL_GROUP,trolley. hand cart. utility cart. push cart.,0.22,0.22,4,0.2727,"[1762.28759765625, 889.713623046875, 2056.107177734375, 1076.8192138671875]",1
frame_0041.png,production,pair of ramps+basketball,ALL_GROUP,metal ramps on ground. two metal ramps. pair of ramps. vehicle loading ramp. round orange ball. rubber ball on ground. sports ball. basketball.,0.18,0.18,17,0.4492,"[1152.8980712890625, 1638.6744384765625, 1665.6688232421875, 1851.894287109375]",1
frame_0041.png,production,portable power station+umbrella,ALL_GROUP,portable power station. large power bank. battery box. power generator box. folded umbrella. open umbrella. shade umbrella. umbrella.,0.2,0.2,1,0.237,"[201.5279083251953, 554.6622314453125, 656.8939208984375, 1009.6594848632812]",1
frame_0041.png,production,rectangular table,ALL_GROUP,rectangular table. outdoor table. picnic table. folding table.,0.24,0.24,3,0.3532,"[1500.03955078125, 888.447265625, 1679.6697998046875, 1023.4202880859375]",1
frame_0041.png,production,cardboard box,ALL_GROUP,cardboard box. brown cardboard box. shipping box.,0.26,0.26,4,0.4168,"[563.3114624023438, 996.7780151367188, 684.4525146484375, 1094.98388671875]",1
frame_0041.png,production,chair,ALL_GROUP,chair. folding chair. outdoor chair. plastic chair.,0.3,0.3,0,0.0,,0
frame_0041.png,production,traffic cone,ALL_GROUP,traffic cone. road cone. safety cone. orange cone.,0.22,0.22,0,0.0,,0
frame_0041.png,production,prohibition sign,ALL_GROUP,red sign on ground. red circular sign. prohibition sign. red prohibition sign.,0.2,0.2,9,0.2983,"[2359.33154296875, 981.176025390625, 2496.39306640625, 1045.5006103515625]",1
frame_0041.png,extras,cardboard_box,cardboard box,cardboard box.,0.2,0.2,2,0.4725,"[563.9838256835938, 997.4129028320312, 684.3549194335938, 1094.8028564453125]",1
frame_0041.png,extras,cardboard_box,brown cardboard box,brown cardboard box.,0.2,0.2,2,0.4852,"[561.6226196289062, 995.029296875, 686.1781616210938, 1096.4332275390625]",1
frame_0041.png,extras,cardboard_box,shipping box,shipping box.,0.2,0.2,6,0.4098,"[564.9752197265625, 998.6885375976562, 683.565185546875, 1093.9327392578125]",1
frame_0041.png,extras,cardboard_box,small box,small box.,0.2,0.2,3,0.4691,"[562.460693359375, 995.8740234375, 684.280517578125, 1095.645751953125]",1
frame_0041.png,extras,cardboard_box,package box,package box.,0.2,0.2,3,0.26,"[565.2413330078125, 997.8668823242188, 682.3268432617188, 1093.8709716796875]",1
frame_0041.png,extras,cardboard_box,stacked box,stacked box.,0.2,0.2,3,0.375,"[565.2778930664062, 998.86279296875, 683.127197265625, 1093.3515625]",1
frame_0041.png,extras,cardboard_box,outdoor cardboard box,outdoor cardboard box.,0.2,0.2,3,0.4854,"[561.921630859375, 994.564453125, 685.5099487304688, 1096.0792236328125]",1
frame_0041.png,extras,chair,chair,chair.,0.2,0.2,2,0.2698,"[1502.123046875, 893.784423828125, 1565.2838134765625, 1015.2352905273438]",1
frame_0041.png,extras,chair,armless chair,armless chair.,0.2,0.2,6,0.3211,"[1991.18017578125, 1057.344970703125, 2143.0703125, 1212.60009765625]",1
frame_0041.png,extras,chair,outdoor chair,outdoor chair.,0.2,0.2,4,0.2828,"[1763.3951416015625, 882.2586669921875, 2056.028564453125, 1075.9471435546875]",1
frame_0041.png,extras,chair,plastic chair,plastic chair.,0.2,0.2,3,0.2446,"[1526.68505859375, 813.0050048828125, 1624.0040283203125, 946.2321166992188]",1
frame_0041.png,extras,chair,folding chair,folding chair.,0.2,0.2,5,0.286,"[1116.9312744140625, 864.671875, 1285.93212890625, 1024.564208984375]",1
frame_0041.png,extras,chair,metal chair,metal chair.,0.2,0.2,2,0.4141,"[1498.224853515625, 884.6251220703125, 1681.138916015625, 1024.6912841796875]",1
frame_0041.png,extras,electric_utility_vehicle,electric utility vehicle,electric utility vehicle.,0.2,0.2,4,0.4859,"[1762.1796875, 885.2440185546875, 2057.133544921875, 1077.258056640625]",1
frame_0041.png,extras,electric_utility_vehicle,small electric cart,small electric cart.,0.2,0.2,2,0.4988,"[1110.990478515625, 860.8338623046875, 1289.6270751953125, 1029.452392578125]",1
frame_0041.png,extras,electric_utility_vehicle,utility vehicle,utility vehicle.,0.2,0.2,5,0.5933,"[1763.0634765625, 888.9381713867188, 2056.47900390625, 1076.3182373046875]",1
frame_0041.png,extras,electric_utility_vehicle,golf cart,golf cart.,0.2,0.2,2,0.2518,"[1763.3009033203125, 879.9172973632812, 2056.3642578125, 1077.0653076171875]",1
frame_0041.png,extras,electric_utility_vehicle,electric cart,electric cart.,0.2,0.2,4,0.5141,"[1114.2879638671875, 863.9019165039062, 1286.513427734375, 1025.819091796875]",1
frame_0041.png,extras,electric_utility_vehicle,small white utility vehicle,small white utility vehicle.,0.2,0.2,3,0.4614,"[1758.94873046875, 883.3705444335938, 2057.771728515625, 1079.62353515625]",1
frame_0041.png,extras,electric_utility_vehicle,white utility cart,white utility cart.,0.2,0.2,2,0.5483,"[2074.563720703125, 861.0386352539062, 2876.73974609375, 1147.10107421875]",1
frame_0041.png,extras,portable_power_station,portable power station,portable power station.,0.2,0.2,5,0.3412,"[204.39772033691406, 556.4202270507812, 655.152099609375, 1010.4961547851562]",1
frame_0041.png,extras,portable_power_station,large power bank,large power bank.,0.2,0.2,4,0.4418,"[201.8113555908203, 553.97705078125, 657.690673828125, 1007.6998291015625]",1
frame_0041.png,extras,portable_power_station,battery box,battery box.,0.2,0.2,1,0.2061,"[565.0499267578125, 997.4089965820312, 681.173095703125, 1094.0650634765625]",1
frame_0041.png,extras,portable_power_station,power generator box,power generator box.,0.2,0.2,1,0.2985,"[1995.0242919921875, 1059.4254150390625, 2138.411376953125, 1210.649169921875]",1
frame_0041.png,extras,portable_power_station,portable battery,portable battery.,0.2,0.2,3,0.414,"[1994.632568359375, 1060.365966796875, 2137.79541015625, 1210.378662109375]",1
frame_0041.png,extras,portable_power_station,power station,power station.,0.2,0.2,4,0.3843,"[1309.4747314453125, 1.2940675020217896, 2877.61962890625, 1164.06298828125]",1
frame_0041.png,extras,portable_power_station,large battery pack,large battery pack.,0.2,0.2,5,0.382,"[1990.822265625, 1055.6419677734375, 2142.46826171875, 1213.0968017578125]",1
frame_0041.png,extras,rectangular_table,rectangular table,rectangular table.,0.2,0.2,2,0.4389,"[1497.9874267578125, 886.2249755859375, 1682.0908203125, 1025.73388671875]",1
frame_0041.png,extras,rectangular_table,outdoor table,outdoor table.,0.2,0.2,2,0.4395,"[1498.02734375, 887.7562255859375, 1680.251708984375, 1025.954345703125]",1
frame_0041.png,extras,rectangular_table,long rectangular table,long rectangular table.,0.2,0.2,3,0.46,"[2068.95947265625, 900.21435546875, 2876.202392578125, 1168.072998046875]",1
frame_0041.png,extras,rectangular_table,picnic table,picnic table.,0.2,0.2,2,0.4894,"[1497.9134521484375, 886.1636352539062, 1679.114990234375, 1025.2122802734375]",1
frame_0041.png,extras,rectangular_table,folding table,folding table.,0.2,0.2,2,0.4123,"[2080.0693359375, 899.1737670898438, 2879.000244140625, 1173.046630859375]",1
frame_0041.png,extras,rectangular_table,work table,work table.,0.2,0.2,2,0.4592,"[1497.1044921875, 885.2682495117188, 1680.67236328125, 1025.947998046875]",1
frame_0041.png,extras,rectangular_table,outdoor wooden table,outdoor wooden table.,0.2,0.2,2,0.5109,"[1494.985595703125, 884.099853515625, 1682.612060546875, 1026.6966552734375]",1
frame_0041.png,extras,traffic_cone,traffic cone,traffic cone.,0.2,0.2,1,0.2141,"[1984.22216796875, 939.0467529296875, 2007.34326171875, 967.0086059570312]",1
frame_0041.png,extras,traffic_cone,road cone,road cone.,0.2,0.2,3,0.277,"[1324.53271484375, 1067.949951171875, 1379.8206787109375, 1155.920166015625]",1
frame_0041.png,extras,traffic_cone,safety cone,safety cone.,0.2,0.2,1,0.2176,"[1996.067138671875, 1058.7340087890625, 2139.374267578125, 1210.6087646484375]",1
frame_0041.png,extras,traffic_cone,orange cone,orange cone.,0.2,0.2,2,0.2228,"[667.4658813476562, 933.619384765625, 758.4210815429688, 1081.5350341796875]",1
frame_0041.png,extras,traffic_cone,construction cone,construction cone.,0.2,0.2,6,0.3436,"[1994.34423828125, 1058.2135009765625, 2140.78759765625, 1211.6126708984375]",1
frame_0041.png,extras,traffic_cone,orange traffic cone,orange traffic cone.,0.2,0.2,3,0.2506,"[909.8583984375, 813.8529663085938, 1068.5794677734375, 1053.3687744140625]",1
frame_0041.png,extras,trolley,trolley,trolley.,0.2,0.2,8,0.5033,"[1116.931396484375, 866.3379516601562, 1283.2720947265625, 1021.3391723632812]",1
frame_0041.png,extras,trolley,hand cart,hand cart.,0.2,0.2,6,0.3062,"[1763.8529052734375, 888.0612182617188, 2055.944091796875, 1076.319580078125]",1
frame_0041.png,extras,trolley,hand truck,hand truck.,0.2,0.2,5,0.3979,"[2077.432373046875, 852.99365234375, 2878.06201171875, 1132.8486328125]",1
frame_0041.png,extras,trolley,luggage cart,luggage cart.,0.2,0.2,8,0.4904,"[1115.96826171875, 864.54736328125, 1285.67919921875, 1024.816162109375]",1
frame_0041.png,extras,trolley,flatbed cart,flatbed cart.,0.2,0.2,3,0.385,"[1762.26708984375, 888.6043701171875, 2057.03125, 1077.4071044921875]",1
frame_0041.png,extras,trolley,push cart,push cart.,0.2,0.2,5,0.4866,"[1115.54296875, 864.8042602539062, 1286.04150390625, 1025.2451171875]",1
frame_0041.png,extras,trolley,utility cart,utility cart.,0.2,0.2,5,0.4349,"[1113.8741455078125, 863.3519897460938, 1286.6939697265625, 1026.3563232421875]",1
frame_0041.png,extras,trolley,metal trolley,metal trolley.,0.2,0.2,4,0.3405,"[1113.8990478515625, 862.8505249023438, 1287.347412109375, 1026.828369140625]",1
frame_0042.png,production,trailer,ALL_GROUP,utility trailer. open trailer. vehicle trailer. covered trailer.,0.18,0.18,6,0.4056,"[691.2330322265625, 609.1578369140625, 1066.534423828125, 1001.9757690429688]",1
frame_0042.png,production,electric utility vehicle+electric wheelchair+electric scooter,ALL_GROUP,electric utility vehicle. small electric cart. golf cart. white utility vehicle. powered mobility scooter. motorized wheelchair. mobility chair. electric wheelchair. two-wheeled scooter. stand-up scooter. electric kick scooter. kick scooter.,0.2,0.2,12,0.35,"[687.2053833007812, 605.2932739257812, 1067.7672119140625, 1003.1878662109375]",1
frame_0042.png,production,trolley,ALL_GROUP,trolley. hand cart. utility cart. push cart.,0.22,0.22,4,0.3658,"[1506.2965087890625, 857.2115478515625, 1689.3363037109375, 1028.8406982421875]",1
frame_0042.png,production,pair of ramps+basketball,ALL_GROUP,metal ramps on ground. two metal ramps. pair of ramps. vehicle loading ramp. round orange ball. rubber ball on ground. sports ball. basketball.,0.18,0.18,19,0.3957,"[1144.28955078125, 1643.6365966796875, 1690.8031005859375, 1851.5643310546875]",1
frame_0042.png,production,portable power station+umbrella,ALL_GROUP,portable power station. large power bank. battery box. power generator box. folded umbrella. open umbrella. shade umbrella. umbrella.,0.2,0.2,2,0.3071,"[241.39651489257812, 394.12255859375, 632.2517700195312, 998.7465209960938]",1
frame_0042.png,production,rectangular table,ALL_GROUP,rectangular table. outdoor table. picnic table. folding table.,0.24,0.24,3,0.3662,"[1927.7705078125, 876.1967163085938, 2146.122802734375, 1035.361083984375]",1
frame_0042.png,production,cardboard box,ALL_GROUP,cardboard box. brown cardboard box. shipping box.,0.26,0.26,2,0.5006,"[952.5968017578125, 994.3148193359375, 1072.11865234375, 1092.1583251953125]",1
frame_0042.png,production,chair,ALL_GROUP,chair. folding chair. outdoor chair. plastic chair.,0.3,0.3,1,0.3685,"[1508.3990478515625, 858.0184936523438, 1687.8980712890625, 1027.05029296875]",1
frame_0042.png,production,traffic cone,ALL_GROUP,traffic cone. road cone. safety cone. orange cone.,0.22,0.22,1,0.2298,"[1790.9410400390625, 1100.829345703125, 1862.16748046875, 1214.1112060546875]",1
frame_0042.png,production,prohibition sign,ALL_GROUP,red sign on ground. red circular sign. prohibition sign. red prohibition sign.,0.2,0.2,7,0.3061,"[1141.1138916015625, 1642.189697265625, 1697.2733154296875, 1852.6275634765625]",1
frame_0042.png,extras,cardboard_box,cardboard box,cardboard box.,0.2,0.2,1,0.5111,"[953.1964111328125, 995.3558959960938, 1072.0732421875, 1091.60546875]",1
frame_0042.png,extras,cardboard_box,brown cardboard box,brown cardboard box.,0.2,0.2,1,0.6705,"[950.468505859375, 992.4205322265625, 1073.9315185546875, 1093.54443359375]",1
frame_0042.png,extras,cardboard_box,shipping box,shipping box.,0.2,0.2,7,0.3557,"[954.1052856445312, 996.6839599609375, 1071.95458984375, 1090.6197509765625]",1
frame_0042.png,extras,cardboard_box,small box,small box.,0.2,0.2,2,0.52,"[951.9137573242188, 994.157470703125, 1072.67431640625, 1092.5201416015625]",1
frame_0042.png,extras,cardboard_box,package box,package box.,0.2,0.2,2,0.2368,"[954.2656860351562, 996.4490356445312, 1070.56298828125, 1090.3265380859375]",1
frame_0042.png,extras,cardboard_box,stacked box,stacked box.,0.2,0.2,4,0.33,"[954.1771240234375, 996.9252319335938, 1070.9644775390625, 1090.1082763671875]",1
frame_0042.png,extras,cardboard_box,outdoor cardboard box,outdoor cardboard box.,0.2,0.2,3,0.5271,"[951.4519653320312, 992.9290771484375, 1073.380126953125, 1092.6048583984375]",1
frame_0042.png,extras,chair,chair,chair.,0.2,0.2,2,0.2485,"[1509.859130859375, 860.1897583007812, 1684.9681396484375, 1024.02197265625]",1
frame_0042.png,extras,chair,armless chair,armless chair.,0.2,0.2,5,0.3384,"[1505.46923828125, 855.319580078125, 1689.3646240234375, 1029.4881591796875]",1
frame_0042.png,extras,chair,outdoor chair,outdoor chair.,0.2,0.2,3,0.4099,"[1507.132080078125, 856.337646484375, 1688.13427734375, 1028.1146240234375]",1
frame_0042.png,extras,chair,plastic chair,plastic chair.,0.2,0.2,1,0.3029,"[1013.202880859375, 929.6900024414062, 1144.6168212890625, 1079.5653076171875]",1
frame_0042.png,extras,chair,folding chair,folding chair.,0.2,0.2,4,0.3413,"[1507.7965087890625, 857.2782592773438, 1688.119873046875, 1028.051025390625]",1
frame_0042.png,extras,chair,metal chair,metal chair.,0.2,0.2,5,0.3603,"[1506.386474609375, 854.982177734375, 1688.7890625, 1029.0377197265625]",1
frame_0042.png,extras,electric_utility_vehicle,electric utility vehicle,electric utility vehicle.,0.2,0.2,8,0.4109,"[2279.98486328125, 588.362060546875, 2876.76806640625, 1132.2615966796875]",1
frame_0042.png,extras,electric_utility_vehicle,small electric cart,small electric cart.,0.2,0.2,5,0.3607,"[1501.510009765625, 853.3237915039062, 1692.2845458984375, 1032.67578125]",1
frame_0042.png,extras,electric_utility_vehicle,utility vehicle,utility vehicle.,0.2,0.2,7,0.4974,"[1506.397216796875, 858.060546875, 1688.5052490234375, 1027.8929443359375]",1
frame_0042.png,extras,electric_utility_vehicle,golf cart,golf cart.,0.2,0.2,6,0.2944,"[1506.6363525390625, 857.6437377929688, 1689.0107421875, 1028.3919677734375]",1
frame_0042.png,extras,electric_utility_vehicle,electric cart,electric cart.,0.2,0.2,6,0.4188,"[1505.166259765625, 856.5831909179688, 1688.8621826171875, 1029.03076171875]",1
frame_0042.png,extras,electric_utility_vehicle,small white utility vehicle,small white utility vehicle.,0.2,0.2,3,0.5101,"[2277.260009765625, 587.40576171875, 2874.99755859375, 1134.6807861328125]",1
frame_0042.png,extras,electric_utility_vehicle,white utility cart,white utility cart.,0.2,0.2,4,0.448,"[2279.12255859375, 588.0222778320312, 2874.974609375, 1132.0296630859375]",1
frame_0042.png,extras,portable_power_station,portable power station,portable power station.,0.2,0.2,2,0.55,"[242.20834350585938, 393.583251953125, 631.3348388671875, 996.621337890625]",1
frame_0042.png,extras,portable_power_station,large power bank,large power bank.,0.2,0.2,4,0.4854,"[239.6096649169922, 392.4460144042969, 633.8662719726562, 995.8551635742188]",1
frame_0042.png,extras,portable_power_station,battery box,battery box.,0.2,0.2,0,0.0,,0
frame_0042.png,extras,portable_power_station,power generator box,power generator box.,0.2,0.2,1,0.2081,"[1945.0506591796875, 791.6837768554688, 2055.294921875, 883.195556640625]",1
frame_0042.png,extras,portable_power_station,portable battery,portable battery.,0.2,0.2,3,0.3495,"[243.33709716796875, 396.3993835449219, 626.5964965820312, 995.8524780273438]",1
frame_0042.png,extras,portable_power_station,power station,power station.,0.2,0.2,5,0.4334,"[243.8212127685547, 396.7114562988281, 628.7855224609375, 995.0897216796875]",1
frame_0042.png,extras,portable_power_station,large battery pack,large battery pack.,0.2,0.2,1,0.6166,"[241.09988403320312, 394.3234558105469, 632.0601196289062, 996.3886108398438]",1
frame_0042.png,extras,rectangular_table,rectangular table,rectangular table.,0.2,0.2,1,0.7233,"[1926.076416015625, 873.8565063476562, 2148.61376953125, 1038.1494140625]",1
frame_0042.png,extras,rectangular_table,outdoor table,outdoor table.,0.2,0.2,2,0.5369,"[1926.97412109375, 875.4755859375, 2149.83349609375, 1036.669189453125]",1
frame_0042.png,extras,rectangular_table,long rectangular table,long rectangular table.,0.2,0.2,3,0.4724,"[1925.31689453125, 871.527099609375, 2151.462158203125, 1038.4952392578125]",1
frame_0042.png,extras,rectangular_table,picnic table,picnic table.,0.2,0.2,2,0.4917,"[1926.4517822265625, 874.4765014648438, 2153.953125, 1033.455078125]",1
frame_0042.png,extras,rectangular_table,folding table,folding table.,0.2,0.2,2,0.4612,"[1928.2696533203125, 876.9501342773438, 2149.129150390625, 1036.211669921875]",1
frame_0042.png,extras,rectangular_table,work table,work table.,0.2,0.2,2,0.5062,"[1925.9866943359375, 873.5443115234375, 2151.48193359375, 1035.3682861328125]",1
frame_0042.png,extras,rectangular_table,outdoor wooden table,outdoor wooden table.,0.2,0.2,2,0.6154,"[1923.0562744140625, 871.69873046875, 2152.540771484375, 1037.22802734375]",1
frame_0042.png,extras,traffic_cone,traffic cone,traffic cone.,0.2,0.2,2,0.2188,"[1792.33740234375, 1104.6572265625, 1858.8046875, 1209.8294677734375]",1
frame_0042.png,extras,traffic_cone,road cone,road cone.,0.2,0.2,3,0.339,"[1790.6224365234375, 1100.857666015625, 1862.032958984375, 1214.421630859375]",1
frame_0042.png,extras,traffic_cone,safety cone,safety cone.,0.2,0.2,2,0.2717,"[1791.371826171875, 1102.228759765625, 1860.896728515625, 1213.1865234375]",1
frame_0042.png,extras,traffic_cone,orange cone,orange cone.,0.2,0.2,3,0.2382,"[1384.48583984375, 965.878662109375, 1436.735595703125, 1049.891845703125]",1
frame_0042.png,extras,traffic_cone,construction cone,construction cone.,0.2,0.2,7,0.2737,"[1148.251708984375, 1654.537841796875, 1692.5308837890625, 1854.5155029296875]",1
frame_0042.png,extras,traffic_cone,orange traffic cone,orange traffic cone.,0.2,0.2,3,0.2961,"[1383.5914306640625, 960.8104858398438, 1438.82177734375, 1051.54150390625]",1
frame_0042.png,extras,trolley,trolley,trolley.,0.2,0.2,10,0.4632,"[1507.991455078125, 859.5379638671875, 1685.7220458984375, 1025.1571044921875]",1
frame_0042.png,extras,trolley,hand cart,hand cart.,0.2,0.2,7,0.3197,"[2282.334228515625, 768.7060546875, 2876.189697265625, 1130.8828125]",1
frame_0042.png,extras,trolley,hand truck,hand truck.,0.2,0.2,6,0.4103,"[2282.050537109375, 589.4827880859375, 2877.47314453125, 1132.401611328125]",1
frame_0042.png,extras,trolley,luggage cart,luggage cart.,0.2,0.2,9,0.4677,"[1506.52099609375, 857.6478271484375, 1688.2393798828125, 1027.8297119140625]",1
frame_0042.png,extras,trolley,flatbed cart,flatbed cart.,0.2,0.2,4,0.3316,"[2283.458251953125, 858.4526977539062, 2875.741455078125, 1129.09375]",1
frame_0042.png,extras,trolley,push cart,push cart.,0.2,0.2,5,0.4382,"[1506.3165283203125, 857.647216796875, 1688.558837890625, 1028.1640625]",1
frame_0042.png,extras,trolley,utility cart,utility cart.,0.2,0.2,6,0.3592,"[2280.526123046875, 767.0823974609375, 2874.8310546875, 1132.5062255859375]",1
frame_0042.png,extras,trolley,metal trolley,metal trolley.,0.2,0.2,4,0.382,"[2280.074462890625, 764.02197265625, 2875.283935546875, 1132.0634765625]",1
frame_0043.png,production,trailer,ALL_GROUP,utility trailer. open trailer. vehicle trailer. covered trailer.,0.18,0.18,8,0.3496,"[1880.484619140625, 852.5265502929688, 2875.359375, 1112.294189453125]",1
frame_0043.png,production,electric utility vehicle+electric wheelchair+electric scooter,ALL_GROUP,electric utility vehicle. small electric cart. golf cart. white utility vehicle. powered mobility scooter. motorized wheelchair. mobility chair. electric wheelchair. two-wheeled scooter. stand-up scooter. electric kick scooter. kick scooter.,0.2,0.2,10,0.3734,"[1630.4149169921875, 884.6549072265625, 1975.0518798828125, 1092.10107421875]",1
frame_0043.png,production,trolley,ALL_GROUP,trolley. hand cart. utility cart. push cart.,0.22,0.22,5,0.3436,"[825.9180908203125, 845.7621459960938, 1040.9154052734375, 1043.4949951171875]",1
frame_0043.png,production,pair of ramps+basketball,ALL_GROUP,metal ramps on ground. two metal ramps. pair of ramps. vehicle loading ramp. round orange ball. rubber ball on ground. sports ball. basketball.,0.18,0.18,21,0.4193,"[1148.2850341796875, 1644.882568359375, 1663.2188720703125, 1852.090576171875]",1
frame_0043.png,production,portable power station+umbrella,ALL_GROUP,portable power station. large power bank. battery box. power generator box. folded umbrella. open umbrella. shade umbrella. umbrella.,0.2,0.2,0,0.0,,0
frame_0043.png,production,rectangular table,ALL_GROUP,rectangular table. outdoor table. picnic table. folding table.,0.24,0.24,2,0.3666,"[1294.362060546875, 878.5709228515625, 1503.916015625, 1031.893310546875]",1
frame_0043.png,production,cardboard box,ALL_GROUP,cardboard box. brown cardboard box. shipping box.,0.26,0.26,3,0.5303,"[1.2607133388519287, 1036.180908203125, 166.6374969482422, 1188.607177734375]",1
frame_0043.png,production,chair,ALL_GROUP,chair. folding chair. outdoor chair. plastic chair.,0.3,0.3,1,0.3668,"[827.6721801757812, 846.5936279296875, 1039.678955078125, 1041.5489501953125]",1
frame_0043.png,production,traffic cone,ALL_GROUP,traffic cone. road cone. safety cone. orange cone.,0.22,0.22,0,0.0,,0
frame_0043.png,production,prohibition sign,ALL_GROUP,red sign on ground. red circular sign. prohibition sign. red prohibition sign.,0.2,0.2,9,0.372,"[1220.114990234375, 468.79779052734375, 1544.672119140625, 989.6934204101562]",1
frame_0043.png,extras,cardboard_box,cardboard box,cardboard box.,0.2,0.2,2,0.4968,"[1.228296160697937, 1036.8743896484375, 167.07394409179688, 1188.449462890625]",1
frame_0043.png,extras,cardboard_box,brown cardboard box,brown cardboard box.,0.2,0.2,1,0.6708,"[1.468369960784912, 1032.874267578125, 169.73538208007812, 1190.5716552734375]",1
frame_0043.png,extras,cardboard_box,shipping box,shipping box.,0.2,0.2,2,0.5008,"[2102.724609375, 1084.3218994140625, 2340.8662109375, 1287.472900390625]",1
frame_0043.png,extras,cardboard_box,small box,small box.,0.2,0.2,2,0.6908,"[2100.21337890625, 1081.4644775390625, 2343.815673828125, 1288.0010986328125]",1
frame_0043.png,extras,cardboard_box,package box,package box.,0.2,0.2,2,0.3756,"[2103.537109375, 1083.893310546875, 2341.031982421875, 1286.1971435546875]",1
frame_0043.png,extras,cardboard_box,stacked box,stacked box.,0.2,0.2,3,0.409,"[2103.6640625, 1085.0379638671875, 2340.658203125, 1286.66748046875]",1
frame_0043.png,extras,cardboard_box,outdoor cardboard box,outdoor cardboard box.,0.2,0.2,3,0.5329,"[1.3647669553756714, 1032.9752197265625, 168.96841430664062, 1189.4710693359375]",1
frame_0043.png,extras,chair,chair,chair.,0.2,0.2,2,0.29,"[829.0090942382812, 848.70947265625, 1036.216552734375, 1038.13916015625]",1
frame_0043.png,extras,chair,armless chair,armless chair.,0.2,0.2,3,0.4332,"[825.9332885742188, 844.3453979492188, 1042.4207763671875, 1043.468994140625]",1
frame_0043.png,extras,chair,outdoor chair,outdoor chair.,0.2,0.2,2,0.4895,"[826.3402099609375, 845.537109375, 1040.3031005859375, 1042.2952880859375]",1
frame_0043.png,extras,chair,plastic chair,plastic chair.,0.2,0.2,3,0.2789,"[827.5582275390625, 845.9200439453125, 1040.1407470703125, 1040.7342529296875]",1
frame_0043.png,extras,chair,folding chair,folding chair.,0.2,0.2,1,0.4714,"[827.7752075195312, 846.1163940429688, 1040.360107421875, 1042.036865234375]",1
frame_0043.png,extras,chair,metal chair,metal chair.,0.2,0.2,2,0.4354,"[826.177978515625, 844.2741088867188, 1041.668212890625, 1042.7288818359375]",1
frame_0043.png,extras,electric_utility_vehicle,electric utility vehicle,electric utility vehicle.,0.2,0.2,4,0.491,"[825.534423828125, 845.9181518554688, 1041.0439453125, 1043.3560791015625]",1
frame_0043.png,extras,electric_utility_vehicle,small electric cart,small electric cart.,0.2,0.2,2,0.5735,"[821.077880859375, 842.5473022460938, 1045.69580078125, 1047.7032470703125]",1
frame_0043.png,extras,electric_utility_vehicle,utility vehicle,utility vehicle.,0.2,0.2,4,0.5777,"[826.3718872070312, 846.3552856445312, 1039.9151611328125, 1042.2548828125]",1
frame_0043.png,extras,electric_utility_vehicle,golf cart,golf cart.,0.2,0.2,2,0.3575,"[826.5274658203125, 846.1451416015625, 1041.6077880859375, 1042.0736083984375]",1
frame_0043.png,extras,electric_utility_vehicle,electric cart,electric cart.,0.2,0.2,4,0.522,"[825.0284423828125, 845.1526489257812, 1041.4359130859375, 1043.706787109375]",1
frame_0043.png,extras,electric_utility_vehicle,small white utility vehicle,small white utility vehicle.,0.2,0.2,4,0.4182,"[1878.6514892578125, 817.8455810546875, 2874.274169921875, 1118.259033203125]",1
frame_0043.png,extras,electric_utility_vehicle,white utility cart,white utility cart.,0.2,0.2,3,0.4298,"[1886.85791015625, 821.7138671875, 2873.322998046875, 1115.208251953125]",1
frame_0043.png,extras,portable_power_station,portable power station,portable power station.,0.2,0.2,5,0.3413,"[2099.710693359375, 1080.9188232421875, 2345.385986328125, 1291.6236572265625]",1
frame_0043.png,extras,portable_power_station,large power bank,large power bank.,0.2,0.2,4,0.3949,"[1217.572509765625, 470.14544677734375, 1556.952880859375, 987.890869140625]",1
frame_0043.png,extras,portable_power_station,battery box,battery box.,0.2,0.2,1,0.338,"[2103.310546875, 1084.431396484375, 2340.83251953125, 1287.136962890625]",1
frame_0043.png,extras,portable_power_station,power generator box,power generator box.,0.2,0.2,1,0.4232,"[2101.681884765625, 1081.14306640625, 2342.84228515625, 1289.2003173828125]",1
frame_0043.png,extras,portable_power_station,portable battery,portable battery.,0.2,0.2,2,0.5916,"[2101.696044921875, 1082.1046142578125, 2341.95947265625, 1289.0296630859375]",1
frame_0043.png,extras,portable_power_station,power station,power station.,0.2,0.2,5,0.3425,"[1224.677978515625, 471.8521423339844, 1549.636474609375, 993.1494140625]",1
frame_0043.png,extras,portable_power_station,large battery pack,large battery pack.,0.2,0.2,1,0.6814,"[2097.35107421875, 1077.4442138671875, 2346.868896484375, 1291.3768310546875]",1
frame_0043.png,extras,rectangular_table,rectangular table,rectangular table.,0.2,0.2,3,0.4917,"[1292.0272216796875, 876.801025390625, 1505.0262451171875, 1033.8533935546875]",1
frame_0043.png,extras,rectangular_table,outdoor table,outdoor table.,0.2,0.2,3,0.4411,"[1293.0450439453125, 878.4345092773438, 1505.66943359375, 1032.8280029296875]",1
frame_0043.png,extras,rectangular_table,long rectangular table,long rectangular table.,0.2,0.2,4,0.3848,"[1291.8621826171875, 875.6232299804688, 1507.3209228515625, 1034.2550048828125]",1
frame_0043.png,extras,rectangular_table,picnic table,picnic table.,0.2,0.2,1,0.4237,"[1293.6568603515625, 877.2770385742188, 1505.3936767578125, 1031.4298095703125]",1
frame_0043.png,extras,rectangular_table,folding table,folding table.,0.2,0.2,3,0.387,"[1294.5579833984375, 879.7115478515625, 1505.3331298828125, 1032.658935546875]",1
frame_0043.png,extras,rectangular_table,work table,work table.,0.2,0.2,3,0.4408,"[1292.4774169921875, 876.6316528320312, 1506.0810546875, 1032.2794189453125]",1
frame_0043.png,extras,rectangular_table,outdoor wooden table,outdoor wooden table.,0.2,0.2,3,0.5154,"[1288.9573974609375, 874.3765869140625, 1508.0889892578125, 1034.539306640625]",1
frame_0043.png,extras,traffic_cone,traffic cone,traffic cone.,0.2,0.2,0,0.0,,0
frame_0043.png,extras,traffic_cone,road cone,road cone.,0.2,0.2,1,0.2545,"[1157.88623046875, 1149.4156494140625, 1240.69921875, 1285.385986328125]",1
frame_0043.png,extras,traffic_cone,safety cone,safety cone.,0.2,0.2,1,0.2213,"[1158.31298828125, 1661.5086669921875, 1657.6116943359375, 1855.04296875]",1
frame_0043.png,extras,traffic_cone,orange cone,orange cone.,0.2,0.2,2,0.2046,"[645.3475952148438, 778.2410278320312, 752.6130981445312, 1083.1796875]",1
frame_0043.png,extras,traffic_cone,construction cone,construction cone.,0.2,0.2,4,0.326,"[2102.27001953125, 1081.4359130859375, 2344.3173828125, 1289.958984375]",1
frame_0043.png,extras,traffic_cone,orange traffic cone,orange traffic cone.,0.2,0.2,4,0.2478,"[643.3299560546875, 776.2771606445312, 753.4796142578125, 1085.6043701171875]",1
frame_0043.png,extras,trolley,trolley,trolley.,0.2,0.2,3,0.5386,"[828.4404907226562, 847.574951171875, 1037.2696533203125, 1039.1044921875]",1
frame_0043.png,extras,trolley,hand cart,hand cart.,0.2,0.2,4,0.4078,"[827.2696533203125, 846.234619140625, 1041.00390625, 1041.9464111328125]",1
frame_0043.png,extras,trolley,hand truck,hand truck.,0.2,0.2,7,0.3307,"[826.771728515625, 846.5765991210938, 1040.1463623046875, 1041.897705078125]",1
frame_0043.png,extras,trolley,luggage cart,luggage cart.,0.2,0.2,5,0.5523,"[826.3938598632812, 846.224365234375, 1040.4761962890625, 1042.207275390625]",1
frame_0043.png,extras,trolley,flatbed cart,flatbed cart.,0.2,0.2,3,0.3973,"[825.4537353515625, 845.5194091796875, 1041.73388671875, 1043.0877685546875]",1
frame_0043.png,extras,trolley,push cart,push cart.,0.2,0.2,2,0.5429,"[825.9288330078125, 845.6497802734375, 1040.5657958984375, 1042.87255859375]",1
frame_0043.png,extras,trolley,utility cart,utility cart.,0.2,0.2,2,0.4968,"[824.920654296875, 844.6416625976562, 1041.687744140625, 1043.8177490234375]",1
frame_0043.png,extras,trolley,metal trolley,metal trolley.,0.2,0.2,3,0.3789,"[825.3576049804688, 844.539794921875, 1042.9049072265625, 1043.955322265625]",1
frame_0044.png,production,trailer,ALL_GROUP,utility trailer. open trailer. vehicle trailer. covered trailer.,0.18,0.18,9,0.371,"[1499.7913818359375, 660.6073608398438, 1831.1492919921875, 1086.1412353515625]",1
frame_0044.png,production,electric utility vehicle+electric wheelchair+electric scooter,ALL_GROUP,electric utility vehicle. small electric cart. golf cart. white utility vehicle. powered mobility scooter. motorized wheelchair. mobility chair. electric wheelchair. two-wheeled scooter. stand-up scooter. electric kick scooter. kick scooter.,0.2,0.2,12,0.3482,"[671.4608764648438, 838.6154174804688, 901.0596923828125, 1050.6514892578125]",1
frame_0044.png,production,trolley,ALL_GROUP,trolley. hand cart. utility cart. push cart.,0.22,0.22,7,0.3759,"[674.3013916015625, 840.9388427734375, 899.2332153320312, 1049.599609375]",1
frame_0044.png,production,pair of ramps+basketball,ALL_GROUP,metal ramps on ground. two metal ramps. pair of ramps. vehicle loading ramp. round orange ball. rubber ball on ground. sports ball. basketball.,0.18,0.18,18,0.3516,"[1754.611572265625, 858.6884765625, 2864.716552734375, 1110.0546875]",1
frame_0044.png,production,portable power station+umbrella,ALL_GROUP,portable power station. large power bank. battery box. power generator box. folded umbrella. open umbrella. shade umbrella. umbrella.,0.2,0.2,0,0.0,,0
frame_0044.png,production,rectangular table,ALL_GROUP,rectangular table. outdoor table. picnic table. folding table.,0.24,0.24,3,0.3586,"[1161.1309814453125, 878.2049560546875, 1373.7086181640625, 1031.8876953125]",1
frame_0044.png,production,cardboard box,ALL_GROUP,cardboard box. brown cardboard box. shipping box.,0.26,0.26,1,0.3265,"[1948.72412109375, 1077.908203125, 2171.18115234375, 1270.6483154296875]",1
frame_0044.png,production,chair,ALL_GROUP,chair. folding chair. outdoor chair. plastic chair.,0.3,0.3,1,0.368,"[676.0070190429688, 840.816650390625, 896.84521484375, 1046.5550537109375]",1
frame_0044.png,production,traffic cone,ALL_GROUP,traffic cone. road cone. safety cone. orange cone.,0.22,0.22,0,0.0,,0
frame_0044.png,production,prohibition sign,ALL_GROUP,red sign on ground. red circular sign. prohibition sign. red prohibition sign.,0.2,0.2,6,0.3232,"[1087.26904296875, 463.7753601074219, 1423.619384765625, 994.8394165039062]",1
frame_0044.png,extras,cardboard_box,cardboard box,cardboard box.,0.2,0.2,1,0.3759,"[1948.9652099609375, 1078.089599609375, 2171.346923828125, 1270.556396484375]",1
frame_0044.png,extras,cardboard_box,brown cardboard box,brown cardboard box.,0.2,0.2,1,0.5261,"[1945.130615234375, 1075.3817138671875, 2174.15087890625, 1271.174560546875]",1
frame_0044.png,extras,cardboard_box,shipping box,shipping box.,0.2,0.2,2,0.4777,"[1948.80712890625, 1078.476806640625, 2170.85009765625, 1271.7288818359375]",1
frame_0044.png,extras,cardboard_box,small box,small box.,0.2,0.2,1,0.7608,"[1946.093994140625, 1074.73681640625, 2173.43017578125, 1272.4581298828125]",1
frame_0044.png,extras,cardboard_box,package box,package box.,0.2,0.2,1,0.338,"[1949.599853515625, 1078.561279296875, 2170.70166015625, 1270.853759765625]",1
frame_0044.png,extras,cardboard_box,stacked box,stacked box.,0.2,0.2,1,0.3453,"[1949.637939453125, 1079.6356201171875, 2170.457275390625, 1271.18603515625]",1
frame_0044.png,extras,cardboard_box,outdoor cardboard box,outdoor cardboard box.,0.2,0.2,1,0.5658,"[1945.5498046875, 1075.1368408203125, 2173.579345703125, 1272.9395751953125]",1
frame_0044.png,extras,chair,chair,chair.,0.2,0.2,6,0.3081,"[0.5630037188529968, 941.1385498046875, 83.73435974121094, 1175.208251953125]",1
frame_0044.png,extras,chair,armless chair,armless chair.,0.2,0.2,4,0.2936,"[673.4078979492188, 838.2456665039062, 900.2031860351562, 1048.6436767578125]",1
frame_0044.png,extras,chair,outdoor chair,outdoor chair.,0.2,0.2,3,0.4051,"[674.9702758789062, 839.240478515625, 897.25, 1046.9058837890625]",1
frame_0044.png,extras,chair,plastic chair,plastic chair.,0.2,0.2,3,0.3223,"[0.5838337540626526, 936.7811279296875, 87.50553131103516, 1177.265869140625]",1
frame_0044.png,extras,chair,folding chair,folding chair.,0.2,0.2,4,0.399,"[676.2256469726562, 840.8098754882812, 898.106201171875, 1047.34619140625]",1
frame_0044.png,extras,chair,metal chair,metal chair.,0.2,0.2,4,0.322,"[0.9076219797134399, 934.2052001953125, 88.87387084960938, 1176.259033203125]",1
frame_0044.png,extras,electric_utility_vehicle,electric utility vehicle,electric utility vehicle.,0.2,0.2,5,0.4757,"[1498.2122802734375, 660.5858154296875, 1833.9197998046875, 1085.9324951171875]",1
frame_0044.png,extras,electric_utility_vehicle,small electric cart,small electric cart.,0.2,0.2,4,0.4373,"[668.6163940429688, 836.635009765625, 903.552734375, 1053.2471923828125]",1
frame_0044.png,extras,electric_utility_vehicle,utility vehicle,utility vehicle.,0.2,0.2,5,0.5171,"[674.2326049804688, 841.9292602539062, 898.09765625, 1048.403564453125]",1
frame_0044.png,extras,electric_utility_vehicle,golf cart,golf cart.,0.2,0.2,4,0.3749,"[674.0597534179688, 841.3900146484375, 899.7132568359375, 1048.4951171875]",1
frame_0044.png,extras,electric_utility_vehicle,electric cart,electric cart.,0.2,0.2,5,0.4836,"[673.03173828125, 840.3329467773438, 899.4300537109375, 1049.30859375]",1
frame_0044.png,extras,electric_utility_vehicle,small white utility vehicle,small white utility vehicle.,0.2,0.2,3,0.5162,"[1492.423095703125, 658.5345458984375, 1837.5487060546875, 1088.392822265625]",1
frame_0044.png,extras,electric_utility_vehicle,white utility cart,white utility cart.,0.2,0.2,3,0.4312,"[1496.44677734375, 659.26953125, 1833.1591796875, 1087.187744140625]",1
frame_0044.png,extras,portable_power_station,portable power station,portable power station.,0.2,0.2,4,0.3868,"[1945.5439453125, 1075.330322265625, 2175.362060546875, 1275.92822265625]",1
frame_0044.png,extras,portable_power_station,large power bank,large power bank.,0.2,0.2,5,0.3917,"[1086.2542724609375, 466.5800476074219, 1429.669189453125, 989.831787109375]",1
frame_0044.png,extras,portable_power_station,battery box,battery box.,0.2,0.2,1,0.3488,"[1949.263916015625, 1079.342041015625, 2170.657958984375, 1271.6011962890625]",1
frame_0044.png,extras,portable_power_station,power generator box,power generator box.,0.2,0.2,2,0.4832,"[1947.184814453125, 1075.660888671875, 2172.53955078125, 1273.59375]",1
frame_0044.png,extras,portable_power_station,portable battery,portable battery.,0.2,0.2,2,0.5825,"[1947.585693359375, 1076.6474609375, 2171.803955078125, 1273.5086669921875]",1
frame_0044.png,extras,portable_power_station,power station,power station.,0.2,0.2,5,0.3668,"[1091.776123046875, 467.66229248046875, 1424.838134765625, 999.223876953125]",1
frame_0044.png,extras,portable_power_station,large battery pack,large battery pack.,0.2,0.2,1,0.6245,"[1942.9444580078125, 1072.4239501953125, 2177.007568359375, 1275.79052734375]",1
frame_0044.png,extras,rectangular_table,rectangular table,rectangular table.,0.2,0.2,2,0.4175,"[1158.9852294921875, 876.7708740234375, 1375.80078125, 1033.7691650390625]",1
frame_0044.png,extras,rectangular_table,outdoor table,outdoor table.,0.2,0.2,2,0.4272,"[1160.1717529296875, 878.1861572265625, 1376.742919921875, 1032.7275390625]",1
frame_0044.png,extras,rectangular_table,long rectangular table,long rectangular table.,0.2,0.2,4,0.3812,"[1749.0179443359375, 882.0809936523438, 2873.31103515625, 1186.506591796875]",1
frame_0044.png,extras,rectangular_table,picnic table,picnic table.,0.2,0.2,3,0.4619,"[1159.6180419921875, 877.6383666992188, 1375.1173095703125, 1030.9332275390625]",1
frame_0044.png,extras,rectangular_table,folding table,folding table.,0.2,0.2,2,0.3772,"[1160.7935791015625, 879.4773559570312, 1376.1826171875, 1032.5478515625]",1
frame_0044.png,extras,rectangular_table,work table,work table.,0.2,0.2,2,0.4423,"[1159.197998046875, 876.7466430664062, 1376.9901123046875, 1032.2613525390625]",1
frame_0044.png,extras,rectangular_table,outdoor wooden table,outdoor wooden table.,0.2,0.2,3,0.5006,"[1156.085693359375, 874.3729248046875, 1379.814453125, 1034.0626220703125]",1
frame_0044.png,extras,traffic_cone,traffic cone,traffic cone.,0.2,0.2,0,0.0,,0
frame_0044.png,extras,traffic_cone,road cone,road cone.,0.2,0.2,1,0.2757,"[1007.6859130859375, 1155.567138671875, 1092.7564697265625, 1294.1513671875]",1
frame_0044.png,extras,traffic_cone,safety cone,safety cone.,0.2,0.2,1,0.2025,"[2.224903106689453, 1734.4967041015625, 462.172119140625, 1855.7349853515625]",1
frame_0044.png,extras,traffic_cone,orange cone,orange cone.,0.2,0.2,1,0.204,"[1500.35302734375, 661.1801147460938, 1833.4166259765625, 1083.28564453125]",1
frame_0044.png,extras,traffic_cone,construction cone,construction cone.,0.2,0.2,5,0.3251,"[1948.114013671875, 1076.1549072265625, 2173.582763671875, 1273.9041748046875]",1
frame_0044.png,extras,traffic_cone,orange traffic cone,orange traffic cone.,0.2,0.2,3,0.2346,"[472.2227783203125, 768.2144165039062, 596.1502075195312, 1091.1390380859375]",1
frame_0044.png,extras,trolley,trolley,trolley.,0.2,0.2,7,0.5274,"[676.5537109375, 843.058349609375, 896.3798217773438, 1045.6075439453125]",1
frame_0044.png,extras,trolley,hand cart,hand cart.,0.2,0.2,8,0.4079,"[674.8690185546875, 841.3231811523438, 898.9721069335938, 1048.0938720703125]",1
frame_0044.png,extras,trolley,hand truck,hand truck.,0.2,0.2,7,0.3805,"[1498.59130859375, 661.6703491210938, 1832.4376220703125, 1084.780517578125]",1
frame_0044.png,extras,trolley,luggage cart,luggage cart.,0.2,0.2,7,0.5387,"[674.3075561523438, 840.655029296875, 898.5015869140625, 1048.054443359375]",1
frame_0044.png,extras,trolley,flatbed cart,flatbed cart.,0.2,0.2,7,0.3506,"[673.4861450195312, 839.9575805664062, 900.243408203125, 1048.8961181640625]",1
frame_0044.png,extras,trolley,push cart,push cart.,0.2,0.2,5,0.5063,"[673.922119140625, 840.9251098632812, 898.9833374023438, 1048.9310302734375]",1
frame_0044.png,extras,trolley,utility cart,utility cart.,0.2,0.2,3,0.4609,"[672.589111328125, 839.3310546875, 899.5345458984375, 1049.9818115234375]",1
frame_0044.png,extras,trolley,metal trolley,metal trolley.,0.2,0.2,6,0.3185,"[1498.82080078125, 782.8541259765625, 1833.8416748046875, 1085.796875]",1
frame_0045.png,production,trailer,ALL_GROUP,utility trailer. open trailer. vehicle trailer. covered trailer.,0.18,0.18,6,0.3842,"[1459.6983642578125, 662.9480590820312, 1788.8758544921875, 1084.86767578125]",1
frame_0045.png,production,electric utility vehicle+electric wheelchair+electric scooter,ALL_GROUP,electric utility vehicle. small electric cart. golf cart. white utility vehicle. powered mobility scooter. motorized wheelchair. mobility chair. electric wheelchair. two-wheeled scooter. stand-up scooter. electric kick scooter. kick scooter.,0.2,0.2,12,0.3386,"[623.0000610351562, 838.5548706054688, 857.4639282226562, 1052.551513671875]",1
frame_0045.png,production,trolley,ALL_GROUP,trolley. hand cart. utility cart. push cart.,0.22,0.22,7,0.3924,"[626.0611572265625, 840.9716186523438, 855.2565307617188, 1050.949951171875]",1
frame_0045.png,production,pair of ramps+basketball,ALL_GROUP,metal ramps on ground. two metal ramps. pair of ramps. vehicle loading ramp. round orange ball. rubber ball on ground. sports ball. basketball.,0.18,0.18,18,0.409,"[1140.5262451171875, 1635.2398681640625, 1685.894287109375, 1852.5035400390625]",1
frame_0045.png,production,portable power station+umbrella,ALL_GROUP,portable power station. large power bank. battery box. power generator box. folded umbrella. open umbrella. shade umbrella. umbrella.,0.2,0.2,1,0.2036,"[1903.369384765625, 1074.2525634765625, 2122.90283203125, 1269.2642822265625]",1
frame_0045.png,production,rectangular table,ALL_GROUP,rectangular table. outdoor table. picnic table. folding table.,0.24,0.24,3,0.3587,"[1127.4920654296875, 877.7988891601562, 1331.4432373046875, 1033.0460205078125]",1
frame_0045.png,production,cardboard box,ALL_GROUP,cardboard box. brown cardboard box. shipping box.,0.26,0.26,0,0.0,,0
frame_0045.png,production,chair,ALL_GROUP,chair. folding chair. outdoor chair. plastic chair.,0.3,0.3,1,0.3419,"[627.6002807617188, 840.7550048828125, 853.6505126953125, 1049.11572265625]",1
frame_0045.png,production,traffic cone,ALL_GROUP,traffic cone. road cone. safety cone. orange cone.,0.22,0.22,1,0.2265,"[964.9129638671875, 1157.3126220703125, 1048.858642578125, 1295.2568359375]",1
frame_0045.png,production,prohibition sign,ALL_GROUP,red sign on ground. red circular sign. prohibition sign. red prohibition sign.,0.2,0.2,5,0.3184,"[2316.8388671875, 978.116943359375, 2428.261474609375, 1043.038330078125]",1
frame_0045.png,extras,cardboard_box,cardboard box,cardboard box.,0.2,0.2,1,0.2554,"[1906.3067626953125, 1077.873046875, 2120.890625, 1266.626953125]",1
frame_0045.png,extras,cardboard_box,brown cardboard box,brown cardboard box.,0.2,0.2,4,0.3089,"[2213.836669921875, 809.813720703125, 2288.920166015625, 908.9860229492188]",1
frame_0045.png,extras,cardboard_box,shipping box,shipping box.,0.2,0.2,4,0.4476,"[1905.273681640625, 1076.553466796875, 2120.237060546875, 1267.489501953125]",1
frame_0045.png,extras,cardboard_box,small box,small box.,0.2,0.2,1,0.6918,"[1902.9033203125, 1072.6971435546875, 2123.087890625, 1268.360595703125]",1
frame_0045.png,extras,cardboard_box,package box,package box.,0.2,0.2,1,0.2762,"[1906.39208984375, 1076.9947509765625, 2120.126953125, 1266.1337890625]",1
frame_0045.png,extras,cardboard_box,stacked box,stacked box.,0.2,0.2,3,0.3124,"[1906.3824462890625, 1078.1282958984375, 2120.00927734375, 1267.209716796875]",1
frame_0045.png,extras,cardboard_box,outdoor cardboard box,outdoor cardboard box.,0.2,0.2,3,0.4523,"[1903.3585205078125, 1074.05322265625, 2123.25634765625, 1268.3438720703125]",1
frame_0045.png,extras,chair,chair,chair.,0.2,0.2,3,0.2453,"[628.80224609375, 843.2254028320312, 850.3602294921875, 1045.9036865234375]",1
frame_0045.png,extras,chair,armless chair,armless chair.,0.2,0.2,6,0.3029,"[625.4212036132812, 838.265869140625, 855.6331787109375, 1050.714599609375]",1
frame_0045.png,extras,chair,outdoor chair,outdoor chair.,0.2,0.2,3,0.4188,"[626.4021606445312, 840.0664672851562, 853.955078125, 1049.3582763671875]",1
frame_0045.png,extras,chair,plastic chair,plastic chair.,0.2,0.2,1,0.2249,"[627.6896362304688, 839.5408935546875, 854.1640014648438, 1048.641845703125]",1
frame_0045.png,extras,chair,folding chair,folding chair.,0.2,0.2,3,0.4099,"[627.5518798828125, 840.5548706054688, 853.8462524414062, 1049.5262451171875]",1
frame_0045.png,extras,chair,metal chair,metal chair.,0.2,0.2,3,0.381,"[1124.387939453125, 874.4003295898438, 1334.6248779296875, 1034.567138671875]",1
frame_0045.png,extras,electric_utility_vehicle,electric utility vehicle,electric utility vehicle.,0.2,0.2,6,0.4508,"[624.7091064453125, 841.3914794921875, 854.3687133789062, 1050.754150390625]",1
frame_0045.png,extras,electric_utility_vehicle,small electric cart,small electric cart.,0.2,0.2,3,0.4258,"[621.3327026367188, 837.6156005859375, 859.2279052734375, 1054.955078125]",1
frame_0045.png,extras,electric_utility_vehicle,utility vehicle,utility vehicle.,0.2,0.2,5,0.5776,"[625.4546508789062, 841.6497802734375, 853.5878295898438, 1049.8271484375]",1
frame_0045.png,extras,electric_utility_vehicle,golf cart,golf cart.,0.2,0.2,5,0.4444,"[626.1948852539062, 840.9498901367188, 854.6991577148438, 1049.65234375]",1
frame_0045.png,extras,electric_utility_vehicle,electric cart,electric cart.,0.2,0.2,5,0.4949,"[624.8703002929688, 840.8377685546875, 854.5205688476562, 1050.795654296875]",1
frame_0045.png,extras,electric_utility_vehicle,small white utility vehicle,small white utility vehicle.,0.2,0.2,1,0.5006,"[1454.2713623046875, 661.0407104492188, 1792.2764892578125, 1087.0074462890625]",1
frame_0045.png,extras,electric_utility_vehicle,white utility cart,white utility cart.,0.2,0.2,3,0.4764,"[1456.3570556640625, 661.802734375, 1789.887939453125, 1085.7777099609375]",1
frame_0045.png,extras,portable_power_station,portable power station,portable power station.,0.2,0.2,6,0.4047,"[1902.463623046875, 1072.4254150390625, 2123.670166015625, 1270.5640869140625]",1
frame_0045.png,extras,portable_power_station,large power bank,large power bank.,0.2,0.2,4,0.4106,"[1044.4561767578125, 464.5185852050781, 1388.773681640625, 995.165771484375]",1
frame_0045.png,extras,portable_power_station,battery box,battery box.,0.2,0.2,2,0.3602,"[1905.670654296875, 1077.0750732421875, 2120.5478515625, 1267.5672607421875]",1
frame_0045.png,extras,portable_power_station,power generator box,power generator box.,0.2,0.2,2,0.5366,"[1904.1513671875, 1073.19140625, 2121.998046875, 1269.0859375]",1
frame_0045.png,extras,portable_power_station,portable battery,portable battery.,0.2,0.2,3,0.6264,"[1904.0050048828125, 1074.0020751953125, 2121.441162109375, 1269.3388671875]",1
frame_0045.png,extras,portable_power_station,power station,power station.,0.2,0.2,6,0.3806,"[1040.2313232421875, 0.5105870962142944, 2875.54833984375, 1182.5875244140625]",1
frame_0045.png,extras,portable_power_station,large battery pack,large battery pack.,0.2,0.2,1,0.6212,"[1899.9764404296875, 1070.1064453125, 2126.490234375, 1271.2542724609375]",1
frame_0045.png,extras,rectangular_table,rectangular table,rectangular table.,0.2,0.2,2,0.4949,"[1125.129150390625, 875.8175659179688, 1335.6307373046875, 1035.2010498046875]",1
frame_0045.png,extras,rectangular_table,outdoor table,outdoor table.,0.2,0.2,2,0.488,"[1125.691162109375, 876.6693115234375, 1334.0152587890625, 1034.594482421875]",1
frame_0045.png,extras,rectangular_table,long rectangular table,long rectangular table.,0.2,0.2,3,0.4729,"[1709.9412841796875, 883.8494262695312, 2863.966796875, 1187.723388671875]",1
frame_0045.png,extras,rectangular_table,picnic table,picnic table.,0.2,0.2,2,0.518,"[1125.4478759765625, 876.2993774414062, 1333.921142578125, 1033.0318603515625]",1
frame_0045.png,extras,rectangular_table,folding table,folding table.,0.2,0.2,2,0.4157,"[1127.24560546875, 878.7335205078125, 1332.287841796875, 1034.2489013671875]",1
frame_0045.png,extras,rectangular_table,work table,work table.,0.2,0.2,2,0.4782,"[1124.473388671875, 874.9970092773438, 1334.239013671875, 1034.0496826171875]",1
frame_0045.png,extras,rectangular_table,outdoor wooden table,outdoor wooden table.,0.2,0.2,2,0.5016,"[1122.472412109375, 873.5174560546875, 1336.761962890625, 1035.5382080078125]",1
frame_0045.png,extras,traffic_cone,traffic cone,traffic cone.,0.2,0.2,1,0.3441,"[967.2356567382812, 1159.3232421875, 1046.5948486328125, 1290.767333984375]",1
frame_0045.png,extras,traffic_cone,road cone,road cone.,0.2,0.2,1,0.3603,"[964.2276000976562, 1156.2235107421875, 1049.0814208984375, 1295.4420166015625]",1
frame_0045.png,extras,traffic_cone,safety cone,safety cone.,0.2,0.2,1,0.3339,"[965.6565551757812, 1157.206787109375, 1048.08544921875, 1294.2447509765625]",1
frame_0045.png,extras,traffic_cone,orange cone,orange cone.,0.2,0.2,1,0.2991,"[964.4768676757812, 1156.83642578125, 1048.8779296875, 1295.067138671875]",1
frame_0045.png,extras,traffic_cone,construction cone,construction cone.,0.2,0.2,2,0.3836,"[964.1270141601562, 1156.9171142578125, 1048.783203125, 1295.4593505859375]",1
frame_0045.png,extras,traffic_cone,orange traffic cone,orange traffic cone.,0.2,0.2,1,0.4608,"[961.583251953125, 1154.7293701171875, 1050.423828125, 1296.99462890625]",1
frame_0045.png,extras,trolley,trolley,trolley.,0.2,0.2,5,0.5441,"[628.1171264648438, 843.17724609375, 851.6173095703125, 1047.3507080078125]",1
frame_0045.png,extras,trolley,hand cart,hand cart.,0.2,0.2,7,0.4356,"[626.6106567382812, 841.1031494140625, 854.38037109375, 1049.6502685546875]",1
frame_0045.png,extras,trolley,hand truck,hand truck.,0.2,0.2,5,0.3774,"[1459.2037353515625, 663.6371459960938, 1789.35009765625, 1083.2413330078125]",1
frame_0045.png,extras,trolley,luggage cart,luggage cart.,0.2,0.2,6,0.5857,"[626.0673828125, 840.7376708984375, 854.0966186523438, 1049.5390625]",1
frame_0045.png,extras,trolley,flatbed cart,flatbed cart.,0.2,0.2,5,0.3534,"[625.022705078125, 839.7646484375, 855.4590454101562, 1050.32861328125]",1
frame_0045.png,extras,trolley,push cart,push cart.,0.2,0.2,5,0.5306,"[625.4526977539062, 841.1997680664062, 854.2491455078125, 1050.22021484375]",1
frame_0045.png,extras,trolley,utility cart,utility cart.,0.2,0.2,4,0.4503,"[624.7293090820312, 839.9159545898438, 854.9342651367188, 1051.219482421875]",1
frame_0045.png,extras,trolley,metal trolley,metal trolley.,0.2,0.2,5,0.3979,"[1458.9771728515625, 778.3099975585938, 1791.0509033203125, 1084.5943603515625]",1
frame_0046.png,production,trailer,ALL_GROUP,utility trailer. open trailer. vehicle trailer. covered trailer.,0.18,0.18,6,0.3819,"[1045.848876953125, 464.0494079589844, 1383.22021484375, 995.1013793945312]",1
frame_0046.png,production,electric utility vehicle+electric wheelchair+electric scooter,ALL_GROUP,electric utility vehicle. small electric cart. golf cart. white utility vehicle. powered mobility scooter. motorized wheelchair. mobility chair. electric wheelchair. two-wheeled scooter. stand-up scooter. electric kick scooter. kick scooter.,0.2,0.2,11,0.3541,"[613.0040283203125, 837.9371337890625, 848.7711181640625, 1054.97998046875]",1
frame_0046.png,production,trolley,ALL_GROUP,trolley. hand cart. utility cart. push cart.,0.22,0.22,7,0.3973,"[616.6500854492188, 840.3386840820312, 847.0299072265625, 1053.829345703125]",1
frame_0046.png,production,pair of ramps+basketball,ALL_GROUP,metal ramps on ground. two metal ramps. pair of ramps. vehicle loading ramp. round orange ball. rubber ball on ground. sports ball. basketball.,0.18,0.18,19,0.3142,"[1453.0079345703125, 654.4248046875, 1799.4041748046875, 1090.68701171875]",1
frame_0046.png,production,portable power station+umbrella,ALL_GROUP,portable power station. large power bank. battery box. power generator box. folded umbrella. open umbrella. shade umbrella. umbrella.,0.2,0.2,2,0.2302,"[1915.016845703125, 1078.2987060546875, 2144.56005859375, 1279.071044921875]",1
frame_0046.png,production,rectangular table,ALL_GROUP,rectangular table. outdoor table. picnic table. folding table.,0.24,0.24,3,0.3583,"[1122.5655517578125, 877.924560546875, 1335.109619140625, 1034.275146484375]",1
frame_0046.png,production,cardboard box,ALL_GROUP,cardboard box. brown cardboard box. shipping box.,0.26,0.26,1,0.2898,"[1916.6463623046875, 1080.7572021484375, 2141.67724609375, 1276.0321044921875]",1
frame_0046.png,production,chair,ALL_GROUP,chair. folding chair. outdoor chair. plastic chair.,0.3,0.3,1,0.3537,"[617.91357421875, 840.511962890625, 845.9246826171875, 1051.6805419921875]",1
frame_0046.png,production,traffic cone,ALL_GROUP,traffic cone. road cone. safety cone. orange cone.,0.22,0.22,0,0.0,,0
frame_0046.png,production,prohibition sign,ALL_GROUP,red sign on ground. red circular sign. prohibition sign. red prohibition sign.,0.2,0.2,6,0.3309,"[2342.902587890625, 978.9771118164062, 2456.000244140625, 1045.534912109375]",1
frame_0046.png,extras,cardboard_box,cardboard box,cardboard box.,0.2,0.2,1,0.3227,"[1917.01025390625, 1080.565185546875, 2142.175048828125, 1275.9853515625]",1
frame_0046.png,extras,cardboard_box,brown cardboard box,brown cardboard box.,0.2,0.2,4,0.392,"[1914.2218017578125, 1078.38916015625, 2144.92333984375, 1277.0025634765625]",1
frame_0046.png,extras,cardboard_box,shipping box,shipping box.,0.2,0.2,3,0.4782,"[1916.758544921875, 1080.5369873046875, 2141.528564453125, 1276.925537109375]",1
frame_0046.png,extras,cardboard_box,small box,small box.,0.2,0.2,1,0.7459,"[1913.921142578125, 1076.4788818359375, 2144.017578125, 1277.724853515625]",1
frame_0046.png,extras,cardboard_box,package box,package box.,0.2,0.2,1,0.2915,"[1917.77001953125, 1081.1910400390625, 2141.588623046875, 1275.899658203125]",1
frame_0046.png,extras,cardboard_box,stacked box,stacked box.,0.2,0.2,3,0.3296,"[1917.681640625, 1081.9542236328125, 2141.37255859375, 1276.4107666015625]",1
frame_0046.png,extras,cardboard_box,outdoor cardboard box,outdoor cardboard box.,0.2,0.2,2,0.5341,"[1913.6180419921875, 1077.1904296875, 2144.30517578125, 1278.1456298828125]",1
frame_0046.png,extras,chair,chair,chair.,0.2,0.2,3,0.2371,"[1121.365478515625, 886.0841064453125, 1178.8052978515625, 1028.7105712890625]",1
frame_0046.png,extras,chair,armless chair,armless chair.,0.2,0.2,5,0.3573,"[616.2741088867188, 838.3244018554688, 847.9922485351562, 1052.398681640625]",1
frame_0046.png,extras,chair,outdoor chair,outdoor chair.,0.2,0.2,3,0.4316,"[617.103759765625, 839.6198120117188, 846.328857421875, 1051.44775390625]",1
frame_0046.png,extras,chair,plastic chair,plastic chair.,0.2,0.2,1,0.2232,"[617.6890258789062, 839.2508544921875, 846.5162353515625, 1050.6781005859375]",1
frame_0046.png,extras,chair,folding chair,folding chair.,0.2,0.2,2,0.4155,"[617.9223022460938, 840.4129638671875, 846.5337524414062, 1051.6455078125]",1
frame_0046.png,extras,chair,metal chair,metal chair.,0.2,0.2,4,0.3816,"[1119.149658203125, 873.8997192382812, 1334.77197265625, 1035.8807373046875]",1
frame_0046.png,extras,electric_utility_vehicle,electric utility vehicle,electric utility vehicle.,0.2,0.2,6,0.4458,"[616.135498046875, 840.5672607421875, 846.7066650390625, 1053.1671142578125]",1
frame_0046.png,extras,electric_utility_vehicle,small electric cart,small electric cart.,0.2,0.2,3,0.4487,"[611.8009643554688, 836.4130859375, 851.06103515625, 1057.0828857421875]",1
frame_0046.png,extras,electric_utility_vehicle,utility vehicle,utility vehicle.,0.2,0.2,5,0.5755,"[616.804443359375, 840.849365234375, 845.89404296875, 1052.28564453125]",1
frame_0046.png,extras,electric_utility_vehicle,golf cart,golf cart.,0.2,0.2,5,0.3867,"[616.6569213867188, 840.394287109375, 846.7772216796875, 1052.4267578125]",1
frame_0046.png,extras,electric_utility_vehicle,electric cart,electric cart.,0.2,0.2,4,0.5198,"[615.7042236328125, 839.9940185546875, 846.764404296875, 1053.3702392578125]",1
frame_0046.png,extras,electric_utility_vehicle,small white utility vehicle,small white utility vehicle.,0.2,0.2,1,0.512,"[1454.4326171875, 659.7597045898438, 1797.456298828125, 1088.9765625]",1
frame_0046.png,extras,electric_utility_vehicle,white utility cart,white utility cart.,0.2,0.2,3,0.4893,"[1456.7596435546875, 660.468017578125, 1794.8758544921875, 1087.669677734375]",1
frame_0046.png,extras,portable_power_station,portable power station,portable power station.,0.2,0.2,4,0.419,"[1913.8914794921875, 1076.685791015625, 2145.46337890625, 1280.0423583984375]",1
frame_0046.png,extras,portable_power_station,large power bank,large power bank.,0.2,0.2,4,0.422,"[1039.578369140625, 461.8192443847656, 1386.5892333984375, 996.62255859375]",1
frame_0046.png,extras,portable_power_station,battery box,battery box.,0.2,0.2,1,0.3893,"[1917.0843505859375, 1081.133056640625, 2141.91748046875, 1277.43798828125]",1
frame_0046.png,extras,portable_power_station,power generator box,power generator box.,0.2,0.2,2,0.5647,"[1915.6546630859375, 1077.7630615234375, 2143.134521484375, 1278.7413330078125]",1
frame_0046.png,extras,portable_power_station,portable battery,portable battery.,0.2,0.2,2,0.625,"[1915.7235107421875, 1078.3297119140625, 2142.434326171875, 1278.937255859375]",1
frame_0046.png,extras,portable_power_station,power station,power station.,0.2,0.2,6,0.4029,"[1045.177978515625, 462.96087646484375, 1382.7923583984375, 1001.1921997070312]",1
frame_0046.png,extras,portable_power_station,large battery pack,large battery pack.,0.2,0.2,1,0.614,"[1911.404296875, 1074.03173828125, 2147.527587890625, 1280.805419921875]",1
frame_0046.png,extras,rectangular_table,rectangular table,rectangular table.,0.2,0.2,2,0.5239,"[1119.82177734375, 875.8816528320312, 1340.8970947265625, 1036.689208984375]",1
frame_0046.png,extras,rectangular_table,outdoor table,outdoor table.,0.2,0.2,2,0.521,"[1119.9010009765625, 876.3712158203125, 1338.59130859375, 1036.4080810546875]",1
frame_0046.png,extras,rectangular_table,long rectangular table,long rectangular table.,0.2,0.2,3,0.4124,"[1711.5947265625, 888.9723510742188, 2871.5888671875, 1194.2879638671875]",1
frame_0046.png,extras,rectangular_table,picnic table,picnic table.,0.2,0.2,2,0.5204,"[1119.898193359375, 875.7265625, 1337.6182861328125, 1034.6463623046875]",1
frame_0046.png,extras,rectangular_table,folding table,folding table.,0.2,0.2,2,0.4549,"[1121.196533203125, 878.5010375976562, 1337.567138671875, 1035.819580078125]",1
frame_0046.png,extras,rectangular_table,work table,work table.,0.2,0.2,2,0.4893,"[1118.949462890625, 874.525390625, 1338.4486083984375, 1036.0338134765625]",1
frame_0046.png,extras,rectangular_table,outdoor wooden table,outdoor wooden table.,0.2,0.2,2,0.5536,"[1117.2799072265625, 873.684326171875, 1338.5943603515625, 1037.41162109375]",1
frame_0046.png,extras,traffic_cone,traffic cone,traffic cone.,0.2,0.2,1,0.2016,"[950.3692016601562, 1167.3948974609375, 1030.4630126953125, 1307.8988037109375]",1
frame_0046.png,extras,traffic_cone,road cone,road cone.,0.2,0.2,1,0.3189,"[948.0322265625, 1164.259521484375, 1032.704345703125, 1311.673095703125]",1
frame_0046.png,extras,traffic_cone,safety cone,safety cone.,0.2,0.2,1,0.2725,"[948.9912109375, 1165.40478515625, 1032.093505859375, 1310.543701171875]",1
frame_0046.png,extras,traffic_cone,orange cone,orange cone.,0.2,0.2,1,0.2261,"[948.3370971679688, 1163.9979248046875, 1032.131591796875, 1311.130615234375]",1
frame_0046.png,extras,traffic_cone,construction cone,construction cone.,0.2,0.2,5,0.3252,"[1916.732421875, 1078.7109375, 2143.379638671875, 1278.9564208984375]",1
frame_0046.png,extras,traffic_cone,orange traffic cone,orange traffic cone.,0.2,0.2,1,0.326,"[946.1650390625, 1161.818603515625, 1033.6917724609375, 1312.201171875]",1
frame_0046.png,extras,trolley,trolley,trolley.,0.2,0.2,5,0.5386,"[618.8642578125, 842.5187377929688, 844.5332641601562, 1049.8779296875]",1
frame_0046.png,extras,trolley,hand cart,hand cart.,0.2,0.2,7,0.447,"[617.0650634765625, 840.6019287109375, 846.5591430664062, 1052.093017578125]",1
frame_0046.png,extras,trolley,hand truck,hand truck.,0.2,0.2,5,0.3909,"[1459.9671630859375, 662.72607421875, 1793.3486328125, 1085.307373046875]",1
frame_0046.png,extras,trolley,luggage cart,luggage cart.,0.2,0.2,6,0.5776,"[616.6692504882812, 840.0779418945312, 845.9896850585938, 1052.2559814453125]",1
frame_0046.png,extras,trolley,flatbed cart,flatbed cart.,0.2,0.2,4,0.3663,"[615.6503295898438, 839.1997680664062, 847.6002197265625, 1052.7020263671875]",1
frame_0046.png,extras,trolley,push cart,push cart.,0.2,0.2,3,0.5432,"[616.25, 840.4442749023438, 846.3746337890625, 1052.9228515625]",1
frame_0046.png,extras,trolley,utility cart,utility cart.,0.2,0.2,3,0.4443,"[615.3914184570312, 839.2810668945312, 847.2438354492188, 1053.5794677734375]",1
frame_0046.png,extras,trolley,metal trolley,metal trolley.,0.2,0.2,4,0.4277,"[1458.6904296875, 779.7886962890625, 1794.3677978515625, 1086.9671630859375]",1
frame_0047.png,production,trailer,ALL_GROUP,utility trailer. open trailer. vehicle trailer. covered trailer.,0.18,0.18,5,0.4038,"[1458.62744140625, 659.71044921875, 1796.6651611328125, 1088.8238525390625]",1
frame_0047.png,production,electric utility vehicle+electric wheelchair+electric scooter,ALL_GROUP,electric utility vehicle. small electric cart. golf cart. white utility vehicle. powered mobility scooter. motorized wheelchair. mobility chair. electric wheelchair. two-wheeled scooter. stand-up scooter. electric kick scooter. kick scooter.,0.2,0.2,12,0.3658,"[605.3309936523438, 837.7259521484375, 842.5955810546875, 1056.195556640625]",1
frame_0047.png,production,trolley,ALL_GROUP,trolley. hand cart. utility cart. push cart.,0.22,0.22,8,0.4036,"[609.106689453125, 840.3479614257812, 841.1137084960938, 1055.1131591796875]",1
frame_0047.png,production,pair of ramps+basketball,ALL_GROUP,metal ramps on ground. two metal ramps. pair of ramps. vehicle loading ramp. round orange ball. rubber ball on ground. sports ball. basketball.,0.18,0.18,20,0.3225,"[1451.5574951171875, 652.5443115234375, 1802.05810546875, 1092.18359375]",1
frame_0047.png,production,portable power station+umbrella,ALL_GROUP,portable power station. large power bank. battery box. power generator box. folded umbrella. open umbrella. shade umbrella. umbrella.,0.2,0.2,4,0.248,"[1927.69677734375, 1082.7550048828125, 2164.64453125, 1289.4140625]",1
frame_0047.png,production,rectangular table,ALL_GROUP,rectangular table. outdoor table. picnic table. folding table.,0.24,0.24,4,0.3616,"[1116.5325927734375, 877.4607543945312, 1336.15576171875, 1035.0074462890625]",1
frame_0047.png,production,cardboard box,ALL_GROUP,cardboard box. brown cardboard box. shipping box.,0.26,0.26,2,0.2998,"[2188.1298828125, 704.449462890625, 2344.38037109375, 882.1945190429688]",1
frame_0047.png,production,chair,ALL_GROUP,chair. folding chair. outdoor chair. plastic chair.,0.3,0.3,1,0.3697,"[610.0626220703125, 840.2435302734375, 840.1103515625, 1053.052001953125]",1
frame_0047.png,production,traffic cone,ALL_GROUP,traffic cone. road cone. safety cone. orange cone.,0.22,0.22,0,0.0,,0
frame_0047.png,production,prohibition sign,ALL_GROUP,red sign on ground. red circular sign. prohibition sign. red prohibition sign.,0.2,0.2,5,0.3218,"[1036.3896484375, 459.3796081542969, 1383.6953125, 1017.4379272460938]",1
frame_0047.png,extras,cardboard_box,cardboard box,cardboard box.,0.2,0.2,2,0.2561,"[2187.627685546875, 705.5280151367188, 2343.283447265625, 886.1277465820312]",1
frame_0047.png,extras,cardboard_box,brown cardboard box,brown cardboard box.,0.2,0.2,1,0.5042,"[2185.6162109375, 703.9464111328125, 2344.52587890625, 883.4221801757812]",1
frame_0047.png,extras,cardboard_box,shipping box,shipping box.,0.2,0.2,6,0.4264,"[1929.671630859375, 1084.1693115234375, 2160.737060546875, 1286.167236328125]",1
frame_0047.png,extras,cardboard_box,small box,small box.,0.2,0.2,1,0.6689,"[1927.0179443359375, 1080.4954833984375, 2163.512939453125, 1286.7479248046875]",1
frame_0047.png,extras,cardboard_box,package box,package box.,0.2,0.2,1,0.2816,"[1930.5081787109375, 1084.2139892578125, 2160.650390625, 1285.009765625]",1
frame_0047.png,extras,cardboard_box,stacked box,stacked box.,0.2,0.2,3,0.2739,"[1930.4974365234375, 1084.7872314453125, 2160.581787109375, 1285.904296875]",1
frame_0047.png,extras,cardboard_box,outdoor cardboard box,outdoor cardboard box.,0.2,0.2,5,0.3721,"[1927.7452392578125, 1080.899169921875, 2163.6904296875, 1287.4739990234375]",1
frame_0047.png,extras,chair,chair,chair.,0.2,0.2,4,0.323,"[1114.4185791015625, 885.3275146484375, 1179.1060791015625, 1027.895751953125]",1
frame_0047.png,extras,chair,armless chair,armless chair.,0.2,0.2,2,0.5077,"[608.2134399414062, 837.9274291992188, 841.861572265625, 1054.1051025390625]",1
frame_0047.png,extras,chair,outdoor chair,outdoor chair.,0.2,0.2,4,0.4821,"[608.9944458007812, 839.1316528320312, 840.3903198242188, 1052.9793701171875]",1
frame_0047.png,extras,chair,plastic chair,plastic chair.,0.2,0.2,3,0.2924,"[1112.89794921875, 883.289306640625, 1183.0059814453125, 1028.919921875]",1
frame_0047.png,extras,chair,folding chair,folding chair.,0.2,0.2,2,0.5015,"[610.399169921875, 840.2777709960938, 840.4995727539062, 1052.9208984375]",1
frame_0047.png,extras,chair,metal chair,metal chair.,0.2,0.2,4,0.3869,"[607.9437866210938, 836.662353515625, 841.340576171875, 1053.8568115234375]",1
frame_0047.png,extras,electric_utility_vehicle,electric utility vehicle,electric utility vehicle.,0.2,0.2,5,0.4775,"[608.41162109375, 840.6522827148438, 840.674072265625, 1054.3026123046875]",1
frame_0047.png,extras,electric_utility_vehicle,small electric cart,small electric cart.,0.2,0.2,2,0.4516,"[603.8487548828125, 836.3544311523438, 844.988525390625, 1058.1448974609375]",1
frame_0047.png,extras,electric_utility_vehicle,utility vehicle,utility vehicle.,0.2,0.2,6,0.5798,"[608.9405517578125, 840.9220581054688, 839.9658813476562, 1053.5606689453125]",1
frame_0047.png,extras,electric_utility_vehicle,golf cart,golf cart.,0.2,0.2,5,0.4217,"[609.088623046875, 840.7315063476562, 840.7393188476562, 1053.3819580078125]",1
frame_0047.png,extras,electric_utility_vehicle,electric cart,electric cart.,0.2,0.2,4,0.52,"[608.141357421875, 840.0426025390625, 840.8910522460938, 1054.41943359375]",1
frame_0047.png,extras,electric_utility_vehicle,small white utility vehicle,small white utility vehicle.,0.2,0.2,1,0.6122,"[1453.4544677734375, 657.4365844726562, 1800.2578125, 1091.42138671875]",1
frame_0047.png,extras,electric_utility_vehicle,white utility cart,white utility cart.,0.2,0.2,1,0.5678,"[1456.0496826171875, 658.5831298828125, 1798.77880859375, 1089.9967041015625]",1
frame_0047.png,extras,portable_power_station,portable power station,portable power station.,0.2,0.2,5,0.4026,"[1927.130126953125, 1081.301513671875, 2165.544921875, 1290.72900390625]",1
frame_0047.png,extras,portable_power_station,large power bank,large power bank.,0.2,0.2,4,0.4275,"[1036.0615234375, 459.9743347167969, 1386.6517333984375, 999.3793334960938]",1
frame_0047.png,extras,portable_power_station,battery box,battery box.,0.2,0.2,4,0.3788,"[1929.844970703125, 1084.0107421875, 2160.74609375, 1286.833984375]",1
frame_0047.png,extras,portable_power_station,power generator box,power generator box.,0.2,0.2,2,0.5431,"[1928.7183837890625, 1081.8658447265625, 2162.556884765625, 1288.3416748046875]",1
frame_0047.png,extras,portable_power_station,portable battery,portable battery.,0.2,0.2,4,0.6194,"[1928.466064453125, 1082.157470703125, 2161.49267578125, 1288.668212890625]",1
frame_0047.png,extras,portable_power_station,power station,power station.,0.2,0.2,6,0.4189,"[1041.914306640625, 461.2945861816406, 1382.5748291015625, 1007.0043334960938]",1
frame_0047.png,extras,portable_power_station,large battery pack,large battery pack.,0.2,0.2,1,0.6321,"[1924.215576171875, 1077.8446044921875, 2167.094482421875, 1290.33935546875]",1
frame_0047.png,extras,rectangular_table,rectangular table,rectangular table.,0.2,0.2,3,0.4304,"[1113.7685546875, 875.275634765625, 1342.5516357421875, 1036.6614990234375]",1
frame_0047.png,extras,rectangular_table,outdoor table,outdoor table.,0.2,0.2,3,0.429,"[1114.2947998046875, 876.1137084960938, 1340.8841552734375, 1036.1080322265625]",1
frame_0047.png,extras,rectangular_table,long rectangular table,long rectangular table.,0.2,0.2,4,0.378,"[1718.6573486328125, 884.6826782226562, 2870.401611328125, 1202.6817626953125]",1
frame_0047.png,extras,rectangular_table,picnic table,picnic table.,0.2,0.2,3,0.4558,"[1114.2950439453125, 875.345458984375, 1337.85791015625, 1033.8572998046875]",1
frame_0047.png,extras,rectangular_table,folding table,folding table.,0.2,0.2,3,0.3791,"[1115.017333984375, 877.5829467773438, 1342.09033203125, 1036.2274169921875]",1
frame_0047.png,extras,rectangular_table,work table,work table.,0.2,0.2,3,0.415,"[1113.855224609375, 874.346923828125, 1340.415283203125, 1035.4620361328125]",1
frame_0047.png,extras,rectangular_table,outdoor wooden table,outdoor wooden table.,0.2,0.2,4,0.4426,"[1111.041259765625, 873.1325073242188, 1340.85791015625, 1036.9918212890625]",1
frame_0047.png,extras,traffic_cone,traffic cone,traffic cone.,0.2,0.2,3,0.2632,"[1045.8995361328125, 939.5571899414062, 1093.6051025390625, 995.342529296875]",1
frame_0047.png,extras,traffic_cone,road cone,road cone.,0.2,0.2,1,0.331,"[930.9024047851562, 1173.9425048828125, 1020.6472778320312, 1325.07568359375]",1
frame_0047.png,extras,traffic_cone,safety cone,safety cone.,0.2,0.2,1,0.2858,"[931.9341430664062, 1174.912109375, 1019.8568725585938, 1324.2059326171875]",1
frame_0047.png,extras,traffic_cone,orange cone,orange cone.,0.2,0.2,2,0.2091,"[1430.10693359375, 925.7114868164062, 1457.989990234375, 969.3012084960938]",1
frame_0047.png,extras,traffic_cone,construction cone,construction cone.,0.2,0.2,5,0.3336,"[1929.4285888671875, 1081.56591796875, 2162.9951171875, 1288.2586669921875]",1
frame_0047.png,extras,traffic_cone,orange traffic cone,orange traffic cone.,0.2,0.2,3,0.2992,"[1428.5555419921875, 923.8424682617188, 1459.1600341796875, 970.9082641601562]",1
frame_0047.png,extras,trolley,trolley,trolley.,0.2,0.2,5,0.5564,"[611.2692260742188, 842.8217163085938, 838.4857177734375, 1050.7574462890625]",1
frame_0047.png,extras,trolley,hand cart,hand cart.,0.2,0.2,6,0.4412,"[609.6115112304688, 840.7967529296875, 840.516845703125, 1053.14306640625]",1
frame_0047.png,extras,trolley,hand truck,hand truck.,0.2,0.2,5,0.413,"[1459.4066162109375, 660.9451293945312, 1797.441162109375, 1087.3653564453125]",1
frame_0047.png,extras,trolley,luggage cart,luggage cart.,0.2,0.2,7,0.5766,"[609.1290283203125, 840.33251953125, 840.1475830078125, 1053.4620361328125]",1
frame_0047.png,extras,trolley,flatbed cart,flatbed cart.,0.2,0.2,3,0.3684,"[608.2377319335938, 839.5298461914062, 841.5869750976562, 1054.00341796875]",1
frame_0047.png,extras,trolley,push cart,push cart.,0.2,0.2,5,0.5542,"[608.4989624023438, 840.5990600585938, 840.3507690429688, 1053.8658447265625]",1
frame_0047.png,extras,trolley,utility cart,utility cart.,0.2,0.2,3,0.4505,"[607.5857543945312, 839.2196044921875, 841.2479248046875, 1054.850830078125]",1
frame_0047.png,extras,trolley,metal trolley,metal trolley.,0.2,0.2,4,0.4341,"[1458.342529296875, 773.8757934570312, 1798.14453125, 1088.40185546875]",1
frame_0048.png,production,trailer,ALL_GROUP,utility trailer. open trailer. vehicle trailer. covered trailer.,0.18,0.18,7,0.3879,"[1035.039794921875, 454.23992919921875, 1382.7957763671875, 994.158447265625]",1
frame_0048.png,production,electric utility vehicle+electric wheelchair+electric scooter,ALL_GROUP,electric utility vehicle. small electric cart. golf cart. white utility vehicle. powered mobility scooter. motorized wheelchair. mobility chair. electric wheelchair. two-wheeled scooter. stand-up scooter. electric kick scooter. kick scooter.,0.2,0.2,12,0.3354,"[578.19677734375, 838.888916015625, 822.925048828125, 1061.891357421875]",1
frame_0048.png,production,trolley,ALL_GROUP,trolley. hand cart. utility cart. push cart.,0.22,0.22,6,0.3378,"[581.760009765625, 840.3232421875, 821.1885375976562, 1060.1031494140625]",1
frame_0048.png,production,pair of ramps+basketball,ALL_GROUP,metal ramps on ground. two metal ramps. pair of ramps. vehicle loading ramp. round orange ball. rubber ball on ground. sports ball. basketball.,0.18,0.18,18,0.4138,"[1147.8712158203125, 1637.81982421875, 1676.6763916015625, 1852.0457763671875]",1
frame_0048.png,production,portable power station+umbrella,ALL_GROUP,portable power station. large power bank. battery box. power generator box. folded umbrella. open umbrella. shade umbrella. umbrella.,0.2,0.2,2,0.2596,"[1977.138916015625, 1098.1983642578125, 2241.597412109375, 1328.4134521484375]",1
frame_0048.png,production,rectangular table,ALL_GROUP,rectangular table. outdoor table. picnic table. folding table.,0.24,0.24,5,0.373,"[1109.35888671875, 875.7387084960938, 1316.6982421875, 1039.026123046875]",1
frame_0048.png,production,cardboard box,ALL_GROUP,cardboard box. brown cardboard box. shipping box.,0.26,0.26,1,0.3665,"[2217.3505859375, 670.24658203125, 2434.619140625, 876.7329711914062]",1
frame_0048.png,production,chair,ALL_GROUP,chair. folding chair. outdoor chair. plastic chair.,0.3,0.3,1,0.3025,"[584.0638427734375, 838.4070434570312, 820.360595703125, 1058.202880859375]",1
frame_0048.png,production,traffic cone,ALL_GROUP,traffic cone. road cone. safety cone. orange cone.,0.22,0.22,0,0.0,,0
frame_0048.png,production,prohibition sign,ALL_GROUP,red sign on ground. red circular sign. prohibition sign. red prohibition sign.,0.2,0.2,5,0.3705,"[1029.8214111328125, 448.3876953125, 1381.0899658203125, 1017.4329833984375]",1
frame_0048.png,extras,cardboard_box,cardboard box,cardboard box.,0.2,0.2,1,0.3757,"[2216.789306640625, 671.1920166015625, 2434.48828125, 878.4674072265625]",1
frame_0048.png,extras,cardboard_box,brown cardboard box,brown cardboard box.,0.2,0.2,1,0.6131,"[2217.43798828125, 669.2716064453125, 2435.20458984375, 880.9337768554688]",1
frame_0048.png,extras,cardboard_box,shipping box,shipping box.,0.2,0.2,5,0.3981,"[1979.45361328125, 1099.756103515625, 2239.045166015625, 1326.1029052734375]",1
frame_0048.png,extras,cardboard_box,small box,small box.,0.2,0.2,2,0.6413,"[1976.9027099609375, 1095.010498046875, 2241.71826171875, 1326.6759033203125]",1
frame_0048.png,extras,cardboard_box,package box,package box.,0.2,0.2,1,0.3037,"[1980.4150390625, 1100.2149658203125, 2239.2060546875, 1325.1099853515625]",1
frame_0048.png,extras,cardboard_box,stacked box,stacked box.,0.2,0.2,3,0.2694,"[2218.180908203125, 671.7531127929688, 2434.863037109375, 879.8788452148438]",1
frame_0048.png,extras,cardboard_box,outdoor cardboard box,outdoor cardboard box.,0.2,0.2,2,0.469,"[2209.129150390625, 669.476806640625, 2435.76611328125, 881.8037719726562]",1
frame_0048.png,extras,chair,chair,chair.,0.2,0.2,0,0.0,,0
frame_0048.png,extras,chair,armless chair,armless chair.,0.2,0.2,4,0.2817,"[581.6494140625, 837.0679321289062, 821.59033203125, 1058.8863525390625]",1
frame_0048.png,extras,chair,outdoor chair,outdoor chair.,0.2,0.2,5,0.3301,"[583.0411376953125, 837.8569946289062, 820.2145385742188, 1057.8690185546875]",1
frame_0048.png,extras,chair,plastic chair,plastic chair.,0.2,0.2,1,0.2086,"[1897.5142822265625, 854.139892578125, 2035.1263427734375, 928.4163208007812]",1
frame_0048.png,extras,chair,folding chair,folding chair.,0.2,0.2,5,0.3447,"[584.419189453125, 838.6305541992188, 820.1563720703125, 1058.1768798828125]",1
frame_0048.png,extras,chair,metal chair,metal chair.,0.2,0.2,6,0.2915,"[1107.9163818359375, 873.6895751953125, 1320.7109375, 1041.72119140625]",1
frame_0048.png,extras,electric_utility_vehicle,electric utility vehicle,electric utility vehicle.,0.2,0.2,5,0.4042,"[1458.6328125, 655.0048217773438, 1814.1895751953125, 1097.3306884765625]",1
frame_0048.png,extras,electric_utility_vehicle,small electric cart,small electric cart.,0.2,0.2,4,0.4163,"[576.594970703125, 837.9752807617188, 824.7073364257812, 1063.9534912109375]",1
frame_0048.png,extras,electric_utility_vehicle,utility vehicle,utility vehicle.,0.2,0.2,5,0.472,"[1459.37158203125, 655.4491577148438, 1812.89697265625, 1096.9515380859375]",1
frame_0048.png,extras,electric_utility_vehicle,golf cart,golf cart.,0.2,0.2,2,0.2708,"[1460.460693359375, 658.2745361328125, 1814.4813232421875, 1096.5894775390625]",1
frame_0048.png,extras,electric_utility_vehicle,electric cart,electric cart.,0.2,0.2,8,0.4354,"[581.2913208007812, 840.2489013671875, 820.6026000976562, 1059.5281982421875]",1
frame_0048.png,extras,electric_utility_vehicle,small white utility vehicle,small white utility vehicle.,0.2,0.2,2,0.4174,"[1454.6845703125, 652.7644653320312, 1816.843017578125, 1100.009765625]",1
frame_0048.png,extras,electric_utility_vehicle,white utility cart,white utility cart.,0.2,0.2,4,0.3392,"[1456.2396240234375, 653.435302734375, 1815.2008056640625, 1098.8592529296875]",1
frame_0048.png,extras,portable_power_station,portable power station,portable power station.,0.2,0.2,3,0.4576,"[1976.69677734375, 1096.1728515625, 2242.811767578125, 1329.1812744140625]",1
frame_0048.png,extras,portable_power_station,large power bank,large power bank.,0.2,0.2,4,0.4386,"[1029.2901611328125, 450.91571044921875, 1386.49951171875, 995.5110473632812]",1
frame_0048.png,extras,portable_power_station,battery box,battery box.,0.2,0.2,2,0.43,"[1979.5419921875, 1099.8348388671875, 2239.4208984375, 1326.4825439453125]",1
frame_0048.png,extras,portable_power_station,power generator box,power generator box.,0.2,0.2,3,0.5781,"[1978.227783203125, 1097.184326171875, 2240.6962890625, 1327.2978515625]",1
frame_0048.png,extras,portable_power_station,portable battery,portable battery.,0.2,0.2,3,0.6483,"[1977.9915771484375, 1097.8900146484375, 2240.050537109375, 1328.3756103515625]",1
frame_0048.png,extras,portable_power_station,power station,power station.,0.2,0.2,4,0.3912,"[1034.9906005859375, 453.0496520996094, 1382.1705322265625, 1006.62451171875]",1
frame_0048.png,extras,portable_power_station,large battery pack,large battery pack.,0.2,0.2,1,0.6812,"[1974.0111083984375, 1093.144287109375, 2245.008056640625, 1329.7276611328125]",1
frame_0048.png,extras,rectangular_table,rectangular table,rectangular table.,0.2,0.2,2,0.502,"[1107.0670166015625, 873.5347900390625, 1317.60693359375, 1041.2952880859375]",1
frame_0048.png,extras,rectangular_table,outdoor table,outdoor table.,0.2,0.2,2,0.4953,"[1107.6822509765625, 874.9937744140625, 1316.449951171875, 1040.8507080078125]",1
frame_0048.png,extras,rectangular_table,long rectangular table,long rectangular table.,0.2,0.2,4,0.4023,"[1721.2926025390625, 885.885009765625, 2874.363037109375, 1218.9864501953125]",1
frame_0048.png,extras,rectangular_table,picnic table,picnic table.,0.2,0.2,3,0.482,"[1107.85302734375, 874.6521606445312, 1317.3106689453125, 1040.2032470703125]",1
frame_0048.png,extras,rectangular_table,folding table,folding table.,0.2,0.2,2,0.4238,"[1109.315673828125, 876.7672119140625, 1316.0732421875, 1040.5479736328125]",1
frame_0048.png,extras,rectangular_table,work table,work table.,0.2,0.2,2,0.4687,"[1106.6839599609375, 873.0349731445312, 1318.029052734375, 1040.90625]",1
frame_0048.png,extras,rectangular_table,outdoor wooden table,outdoor wooden table.,0.2,0.2,2,0.5411,"[1104.6409912109375, 871.6187133789062, 1320.7823486328125, 1041.89990234375]",1
frame_0048.png,extras,traffic_cone,traffic cone,traffic cone.,0.2,0.2,1,0.2055,"[874.825439453125, 1206.861083984375, 969.5468139648438, 1364.8050537109375]",1
frame_0048.png,extras,traffic_cone,road cone,road cone.,0.2,0.2,1,0.3184,"[872.1671752929688, 1203.93115234375, 971.8486938476562, 1369.199462890625]",1
frame_0048.png,extras,traffic_cone,safety cone,safety cone.,0.2,0.2,2,0.2627,"[873.1695556640625, 1205.0230712890625, 971.2371826171875, 1367.775390625]",1
frame_0048.png,extras,traffic_cone,orange cone,orange cone.,0.2,0.2,1,0.2061,"[1426.575927734375, 920.8850708007812, 1457.855712890625, 968.918701171875]",1
frame_0048.png,extras,traffic_cone,construction cone,construction cone.,0.2,0.2,5,0.3444,"[1979.326416015625, 1097.8426513671875, 2241.253173828125, 1327.875244140625]",1
frame_0048.png,extras,traffic_cone,orange traffic cone,orange traffic cone.,0.2,0.2,3,0.2661,"[1425.585205078125, 919.1200561523438, 1459.3118896484375, 970.1776733398438]",1
frame_0048.png,extras,trolley,trolley,trolley.,0.2,0.2,8,0.4156,"[584.9774169921875, 842.3982543945312, 818.4590454101562, 1055.3212890625]",1
frame_0048.png,extras,trolley,hand cart,hand cart.,0.2,0.2,8,0.3482,"[583.0684814453125, 841.4912109375, 820.370849609375, 1058.4149169921875]",1
frame_0048.png,extras,trolley,hand truck,hand truck.,0.2,0.2,5,0.4017,"[1035.40380859375, 454.7947692871094, 1382.37939453125, 996.3281860351562]",1
frame_0048.png,extras,trolley,luggage cart,luggage cart.,0.2,0.2,8,0.4675,"[582.4777221679688, 840.8518676757812, 820.0806274414062, 1058.4315185546875]",1
frame_0048.png,extras,trolley,flatbed cart,flatbed cart.,0.2,0.2,5,0.2963,"[581.05126953125, 839.2705688476562, 821.3966674804688, 1059.4437255859375]",1
frame_0048.png,extras,trolley,push cart,push cart.,0.2,0.2,6,0.4417,"[582.094482421875, 840.3081665039062, 820.384765625, 1059.166015625]",1
frame_0048.png,extras,trolley,utility cart,utility cart.,0.2,0.2,6,0.4024,"[581.0906982421875, 839.27001953125, 820.6831665039062, 1059.9068603515625]",1
frame_0048.png,extras,trolley,metal trolley,metal trolley.,0.2,0.2,7,0.3426,"[1459.3642578125, 769.0101928710938, 1813.9273681640625, 1096.7122802734375]",1
frame_0049.png,production,trailer,ALL_GROUP,utility trailer. open trailer. vehicle trailer. covered trailer.,0.18,0.18,12,0.317,"[1042.019287109375, 2.034587860107422, 2876.979736328125, 1219.552490234375]",1
frame_0049.png,production,electric utility vehicle+electric wheelchair+electric scooter,ALL_GROUP,electric utility vehicle. small electric cart. golf cart. white utility vehicle. powered mobility scooter. motorized wheelchair. mobility chair. electric wheelchair. two-wheeled scooter. stand-up scooter. electric kick scooter. kick scooter.,0.2,0.2,9,0.3522,"[673.7884521484375, 844.1673583984375, 894.1497192382812, 1044.5467529296875]",1
frame_0049.png,production,trolley,ALL_GROUP,trolley. hand cart. utility cart. push cart.,0.22,0.22,6,0.4308,"[676.355712890625, 845.8673706054688, 891.947265625, 1043.0323486328125]",1
frame_0049.png,production,pair of ramps+basketball,ALL_GROUP,metal ramps on ground. two metal ramps. pair of ramps. vehicle loading ramp. round orange ball. rubber ball on ground. sports ball. basketball.,0.18,0.18,17,0.5099,"[48.47871398925781, 1030.035400390625, 176.56639099121094, 1155.5162353515625]",1
frame_0049.png,production,portable power station+umbrella,ALL_GROUP,portable power station. large power bank. battery box. power generator box. folded umbrella. open umbrella. shade umbrella. umbrella.,0.2,0.2,0,0.0,,0
frame_0049.png,production,rectangular table,ALL_GROUP,rectangular table. outdoor table. picnic table. folding table.,0.24,0.24,2,0.3681,"[1145.4482421875, 881.5186157226562, 1334.92626953125, 1026.89501953125]",1
frame_0049.png,production,cardboard box,ALL_GROUP,cardboard box. brown cardboard box. shipping box.,0.26,0.26,2,0.4035,"[2212.4130859375, 751.3004760742188, 2306.82666015625, 890.7000732421875]",1
frame_0049.png,production,chair,ALL_GROUP,chair. folding chair. outdoor chair. plastic chair.,0.3,0.3,1,0.3677,"[677.8800048828125, 846.7933349609375, 890.3036499023438, 1041.9718017578125]",1
frame_0049.png,production,traffic cone,ALL_GROUP,traffic cone. road cone. safety cone. orange cone.,0.22,0.22,0,0.0,,0
frame_0049.png,production,prohibition sign,ALL_GROUP,red sign on ground. red circular sign. prohibition sign. red prohibition sign.,0.2,0.2,5,0.3321,"[1085.9200439453125, 648.5809936523438, 1342.1539306640625, 814.3634033203125]",1
frame_0049.png,extras,cardboard_box,cardboard box,cardboard box.,0.2,0.2,5,0.3893,"[2212.29931640625, 752.9337158203125, 2306.52197265625, 892.1976318359375]",1
frame_0049.png,extras,cardboard_box,brown cardboard box,brown cardboard box.,0.2,0.2,3,0.4861,"[2211.17822265625, 748.8572387695312, 2308.4453125, 894.8512573242188]",1
frame_0049.png,extras,cardboard_box,shipping box,shipping box.,0.2,0.2,8,0.4341,"[1813.7784423828125, 1049.652587890625, 1979.6492919921875, 1203.2767333984375]",1
frame_0049.png,extras,cardboard_box,small box,small box.,0.2,0.2,1,0.6731,"[1811.423583984375, 1048.1492919921875, 1981.380615234375, 1205.2781982421875]",1
frame_0049.png,extras,cardboard_box,package box,package box.,0.2,0.2,1,0.3136,"[1814.208740234375, 1049.500732421875, 1979.447998046875, 1203.084228515625]",1
frame_0049.png,extras,cardboard_box,stacked box,stacked box.,0.2,0.2,5,0.3233,"[1814.41357421875, 1050.4932861328125, 1979.4049072265625, 1203.120849609375]",1
frame_0049.png,extras,cardboard_box,outdoor cardboard box,outdoor cardboard box.,0.2,0.2,6,0.4141,"[0.6406483054161072, 1041.781494140625, 71.1533203125, 1184.21240234375]",1
frame_0049.png,extras,chair,chair,chair.,0.2,0.2,4,0.3168,"[679.3547973632812, 848.3643188476562, 886.9349365234375, 1038.25244140625]",1
frame_0049.png,extras,chair,armless chair,armless chair.,0.2,0.2,3,0.4289,"[675.7944946289062, 844.360595703125, 891.86328125, 1043.191650390625]",1
frame_0049.png,extras,chair,outdoor chair,outdoor chair.,0.2,0.2,3,0.5322,"[676.7662353515625, 845.3809814453125, 890.1689453125, 1042.015869140625]",1
frame_0049.png,extras,chair,plastic chair,plastic chair.,0.2,0.2,3,0.3434,"[678.2896118164062, 845.2188110351562, 889.5670166015625, 1040.7186279296875]",1
frame_0049.png,extras,chair,folding chair,folding chair.,0.2,0.2,1,0.5713,"[677.9098510742188, 846.3714599609375, 890.40087890625, 1042.155517578125]",1
frame_0049.png,extras,chair,metal chair,metal chair.,0.2,0.2,3,0.4129,"[676.248291015625, 843.4442138671875, 890.85888671875, 1042.2333984375]",1
frame_0049.png,extras,electric_utility_vehicle,electric utility vehicle,electric utility vehicle.,0.2,0.2,5,0.4743,"[675.8509521484375, 846.4205932617188, 891.4063110351562, 1042.425048828125]",1
frame_0049.png,extras,electric_utility_vehicle,small electric cart,small electric cart.,0.2,0.2,2,0.4675,"[671.0655517578125, 841.7176513671875, 895.5325317382812, 1047.0576171875]",1
frame_0049.png,extras,electric_utility_vehicle,utility vehicle,utility vehicle.,0.2,0.2,5,0.6131,"[676.4840087890625, 846.9404907226562, 890.6046142578125, 1041.4525146484375]",1
frame_0049.png,extras,electric_utility_vehicle,golf cart,golf cart.,0.2,0.2,6,0.5135,"[676.4926147460938, 846.642333984375, 891.0645141601562, 1042.0284423828125]",1
frame_0049.png,extras,electric_utility_vehicle,electric cart,electric cart.,0.2,0.2,3,0.5189,"[675.45361328125, 845.8137817382812, 891.2163696289062, 1042.9852294921875]",1
frame_0049.png,extras,electric_utility_vehicle,small white utility vehicle,small white utility vehicle.,0.2,0.2,4,0.4323,"[1449.4324951171875, 674.9511108398438, 1754.672119140625, 1072.0458984375]",1
frame_0049.png,extras,electric_utility_vehicle,white utility cart,white utility cart.,0.2,0.2,4,0.3727,"[1451.2774658203125, 675.728271484375, 1753.1226806640625, 1070.059326171875]",1
frame_0049.png,extras,portable_power_station,portable power station,portable power station.,0.2,0.2,5,0.3116,"[1811.552978515625, 1047.0963134765625, 1982.3399658203125, 1206.813720703125]",1
frame_0049.png,extras,portable_power_station,large power bank,large power bank.,0.2,0.2,5,0.3935,"[1044.5289306640625, 3.052158832550049, 2871.563232421875, 1199.8720703125]",1
frame_0049.png,extras,portable_power_station,battery box,battery box.,0.2,0.2,2,0.3217,"[1813.9910888671875, 1050.6280517578125, 1979.7823486328125, 1203.4837646484375]",1
frame_0049.png,extras,portable_power_station,power generator box,power generator box.,0.2,0.2,2,0.4217,"[1812.786376953125, 1047.1619873046875, 1980.9520263671875, 1205.305908203125]",1
frame_0049.png,extras,portable_power_station,portable battery,portable battery.,0.2,0.2,4,0.5958,"[1812.6728515625, 1048.08544921875, 1980.6280517578125, 1205.473388671875]",1
frame_0049.png,extras,portable_power_station,power station,power station.,0.2,0.2,6,0.427,"[1048.5478515625, 1.2452316284179688, 2876.374755859375, 1211.3607177734375]",1
frame_0049.png,extras,portable_power_station,large battery pack,large battery pack.,0.2,0.2,1,0.6187,"[1809.0743408203125, 1044.67919921875, 1984.632080078125, 1207.765869140625]",1
frame_0049.png,extras,rectangular_table,rectangular table,rectangular table.,0.2,0.2,1,0.6475,"[1144.1031494140625, 880.5470581054688, 1337.0146484375, 1029.223388671875]",1
frame_0049.png,extras,rectangular_table,outdoor table,outdoor table.,0.2,0.2,1,0.5972,"[1144.583740234375, 881.5332641601562, 1334.531005859375, 1028.5447998046875]",1
frame_0049.png,extras,rectangular_table,long rectangular table,long rectangular table.,0.2,0.2,4,0.3857,"[1141.7852783203125, 878.7052001953125, 1338.9197998046875, 1029.4822998046875]",1
frame_0049.png,extras,rectangular_table,picnic table,picnic table.,0.2,0.2,1,0.5818,"[1144.5811767578125, 881.1063842773438, 1333.8148193359375, 1027.3057861328125]",1
frame_0049.png,extras,rectangular_table,folding table,folding table.,0.2,0.2,1,0.5152,"[1145.9014892578125, 883.47021484375, 1334.397216796875, 1028.6553955078125]",1
frame_0049.png,extras,rectangular_table,work table,work table.,0.2,0.2,1,0.568,"[1143.6597900390625, 879.982177734375, 1334.729736328125, 1028.28271484375]",1
frame_0049.png,extras,rectangular_table,outdoor wooden table,outdoor wooden table.,0.2,0.2,1,0.686,"[1141.75830078125, 878.5078735351562, 1336.6629638671875, 1029.3118896484375]",1
frame_0049.png,extras,traffic_cone,traffic cone,traffic cone.,0.2,0.2,2,0.2179,"[1059.153076171875, 1109.8067626953125, 1120.3984375, 1214.38525390625]",1
frame_0049.png,extras,traffic_cone,road cone,road cone.,0.2,0.2,2,0.2898,"[1056.7166748046875, 1106.980712890625, 1122.605224609375, 1218.7174072265625]",1
frame_0049.png,extras,traffic_cone,safety cone,safety cone.,0.2,0.2,2,0.2279,"[41.53589630126953, 939.29833984375, 185.09771728515625, 1158.824951171875]",1
frame_0049.png,extras,traffic_cone,orange cone,orange cone.,0.2,0.2,2,0.2172,"[1429.7041015625, 924.3555908203125, 1457.9815673828125, 969.5948486328125]",1
frame_0049.png,extras,traffic_cone,construction cone,construction cone.,0.2,0.2,4,0.2856,"[1813.5723876953125, 1047.7379150390625, 1981.2271728515625, 1204.5762939453125]",1
frame_0049.png,extras,traffic_cone,orange traffic cone,orange traffic cone.,0.2,0.2,1,0.2766,"[1428.4974365234375, 922.1118774414062, 1459.9757080078125, 971.194091796875]",1
frame_0049.png,extras,trolley,trolley,trolley.,0.2,0.2,5,0.5642,"[678.46484375, 847.5206298828125, 888.164306640625, 1038.884765625]",1
frame_0049.png,extras,trolley,hand cart,hand cart.,0.2,0.2,6,0.4687,"[677.3235473632812, 846.7443237304688, 890.4536743164062, 1041.8631591796875]",1
frame_0049.png,extras,trolley,hand truck,hand truck.,0.2,0.2,7,0.3679,"[1454.123291015625, 676.9317016601562, 1751.949951171875, 1068.21337890625]",1
frame_0049.png,extras,trolley,luggage cart,luggage cart.,0.2,0.2,6,0.5941,"[676.4312133789062, 845.9902954101562, 890.3089599609375, 1041.7943115234375]",1
frame_0049.png,extras,trolley,flatbed cart,flatbed cart.,0.2,0.2,3,0.3858,"[675.4429931640625, 845.1437377929688, 892.0382690429688, 1042.7034912109375]",1
frame_0049.png,extras,trolley,push cart,push cart.,0.2,0.2,4,0.5651,"[675.9974365234375, 845.8963012695312, 890.658935546875, 1042.3271484375]",1
frame_0049.png,extras,trolley,utility cart,utility cart.,0.2,0.2,4,0.4793,"[674.9174194335938, 844.6942138671875, 891.4050903320312, 1043.2796630859375]",1
frame_0049.png,extras,trolley,metal trolley,metal trolley.,0.2,0.2,4,0.422,"[1452.4622802734375, 793.1429443359375, 1754.1519775390625, 1069.7005615234375]",1
frame_0050.png,production,trailer,ALL_GROUP,utility trailer. open trailer. vehicle trailer. covered trailer.,0.18,0.18,11,0.3279,"[1107.6617431640625, 2.6601414680480957, 2876.010986328125, 1276.301025390625]",1
frame_0050.png,production,electric utility vehicle+electric wheelchair+electric scooter,ALL_GROUP,electric utility vehicle. small electric cart. golf cart. white utility vehicle. powered mobility scooter. motorized wheelchair. mobility chair. electric wheelchair. two-wheeled scooter. stand-up scooter. electric kick scooter. kick scooter.,0.2,0.2,9,0.3369,"[742.82275390625, 855.1390991210938, 943.1343994140625, 1038.626708984375]",1
frame_0050.png,production,trolley,ALL_GROUP,trolley. hand cart. utility cart. push cart.,0.22,0.22,7,0.4127,"[744.8893432617188, 857.6199951171875, 941.7892456054688, 1037.1654052734375]",1
frame_0050.png,production,pair of ramps+basketball,ALL_GROUP,metal ramps on ground. two metal ramps. pair of ramps. vehicle loading ramp. round orange ball. rubber ball on ground. sports ball. basketball.,0.18,0.18,22,0.4051,"[257.327880859375, 1018.240478515625, 371.5482177734375, 1131.9208984375]",1
frame_0050.png,production,portable power station+umbrella,ALL_GROUP,portable power station. large power bank. battery box. power generator box. folded umbrella. open umbrella. shade umbrella. umbrella.,0.2,0.2,0,0.0,,0
frame_0050.png,production,rectangular table,ALL_GROUP,rectangular table. outdoor table. picnic table. folding table.,0.24,0.24,4,0.3377,"[1171.9512939453125, 888.895751953125, 1343.5916748046875, 1019.8331909179688]",1
frame_0050.png,production,cardboard box,ALL_GROUP,cardboard box. brown cardboard box. shipping box.,0.26,0.26,5,0.4151,"[113.6703872680664, 1023.4572143554688, 276.4632568359375, 1151.591064453125]",1
frame_0050.png,production,chair,ALL_GROUP,chair. folding chair. outdoor chair. plastic chair.,0.3,0.3,1,0.3715,"[746.0120849609375, 856.98193359375, 939.57421875, 1036.3272705078125]",1
frame_0050.png,production,traffic cone,ALL_GROUP,traffic cone. road cone. safety cone. orange cone.,0.22,0.22,0,0.0,,0
frame_0050.png,production,prohibition sign,ALL_GROUP,red sign on ground. red circular sign. prohibition sign. red prohibition sign.,0.2,0.2,9,0.3295,"[2004.6063232421875, 959.6873168945312, 2104.9970703125, 1017.1741943359375]",1
frame_0050.png,extras,cardboard_box,cardboard box,cardboard box.,0.2,0.2,3,0.5184,"[113.67630767822266, 1023.8085327148438, 276.96392822265625, 1151.502197265625]",1
frame_0050.png,extras,cardboard_box,brown cardboard box,brown cardboard box.,0.2,0.2,2,0.5835,"[111.63928985595703, 1021.6754150390625, 278.3936767578125, 1153.1763916015625]",1
frame_0050.png,extras,cardboard_box,shipping box,shipping box.,0.2,0.2,7,0.4496,"[114.90843200683594, 1024.6436767578125, 276.5274353027344, 1150.7557373046875]",1
frame_0050.png,extras,cardboard_box,small box,small box.,0.2,0.2,4,0.5392,"[1732.0933837890625, 1029.7470703125, 1860.0301513671875, 1147.567138671875]",1
frame_0050.png,extras,cardboard_box,package box,package box.,0.2,0.2,4,0.3195,"[1734.462646484375, 1029.43798828125, 1857.4915771484375, 1145.618408203125]",1
frame_0050.png,extras,cardboard_box,stacked box,stacked box.,0.2,0.2,4,0.4121,"[114.58233642578125, 1023.91064453125, 276.3308410644531, 1150.5240478515625]",1
frame_0050.png,extras,cardboard_box,outdoor cardboard box,outdoor cardboard box.,0.2,0.2,6,0.5231,"[112.02764892578125, 1020.2377319335938, 278.163330078125, 1152.7386474609375]",1
frame_0050.png,extras,chair,chair,chair.,0.2,0.2,3,0.4078,"[773.3274536132812, 860.7915649414062, 902.8175048828125, 954.9970703125]",1
frame_0050.png,extras,chair,armless chair,armless chair.,0.2,0.2,4,0.4007,"[744.0767822265625, 854.7396240234375, 941.1983032226562, 1037.2181396484375]",1
frame_0050.png,extras,chair,outdoor chair,outdoor chair.,0.2,0.2,5,0.4584,"[744.9810180664062, 856.191650390625, 939.6257934570312, 1035.974365234375]",1
frame_0050.png,extras,chair,plastic chair,plastic chair.,0.2,0.2,4,0.3188,"[745.8847045898438, 855.8359375, 939.5120849609375, 1035.125732421875]",1
frame_0050.png,extras,chair,folding chair,folding chair.,0.2,0.2,3,0.4597,"[745.8590698242188, 857.182861328125, 939.8731689453125, 1036.01708984375]",1
frame_0050.png,extras,chair,metal chair,metal chair.,0.2,0.2,6,0.3626,"[179.0264434814453, 811.2835693359375, 348.6947326660156, 1068.125]",1
frame_0050.png,extras,electric_utility_vehicle,electric utility vehicle,electric utility vehicle.,0.2,0.2,7,0.5026,"[743.9132690429688, 858.1138305664062, 940.947265625, 1036.094970703125]",1
frame_0050.png,extras,electric_utility_vehicle,small electric cart,small electric cart.,0.2,0.2,3,0.4915,"[740.4612426757812, 853.3153076171875, 944.82275390625, 1040.7467041015625]",1
frame_0050.png,extras,electric_utility_vehicle,utility vehicle,utility vehicle.,0.2,0.2,9,0.6608,"[744.5485229492188, 858.5386352539062, 940.1494750976562, 1035.170654296875]",1
frame_0050.png,extras,electric_utility_vehicle,golf cart,golf cart.,0.2,0.2,5,0.5132,"[744.9425659179688, 858.318603515625, 940.6830444335938, 1035.743896484375]",1
frame_0050.png,extras,electric_utility_vehicle,electric cart,electric cart.,0.2,0.2,4,0.5401,"[743.796875, 857.3453979492188, 940.8866577148438, 1036.85009765625]",1
frame_0050.png,extras,electric_utility_vehicle,small white utility vehicle,small white utility vehicle.,0.2,0.2,3,0.3855,"[1444.9180908203125, 689.7578125, 1731.45556640625, 1058.2568359375]",1
frame_0050.png,extras,electric_utility_vehicle,white utility cart,white utility cart.,0.2,0.2,5,0.2875,"[1446.7841796875, 690.1635131835938, 1718.6065673828125, 1057.4857177734375]",1
frame_0050.png,extras,portable_power_station,portable power station,portable power station.,0.2,0.2,8,0.3418,"[1113.0042724609375, 2.78536319732666, 2874.04638671875, 1275.98974609375]",1
frame_0050.png,extras,portable_power_station,large power bank,large power bank.,0.2,0.2,7,0.3471,"[1110.15966796875, 3.981426239013672, 2872.730224609375, 1273.4512939453125]",1
frame_0050.png,extras,portable_power_station,battery box,battery box.,0.2,0.2,4,0.2982,"[1734.2156982421875, 1030.4671630859375, 1857.583251953125, 1145.636962890625]",1
frame_0050.png,extras,portable_power_station,power generator box,power generator box.,0.2,0.2,1,0.4068,"[1733.2841796875, 1027.18359375, 1858.8946533203125, 1147.40234375]",1
frame_0050.png,extras,portable_power_station,portable battery,portable battery.,0.2,0.2,3,0.5172,"[1733.30419921875, 1028.7254638671875, 1858.3863525390625, 1147.258544921875]",1
frame_0050.png,extras,portable_power_station,power station,power station.,0.2,0.2,5,0.4602,"[1104.256103515625, 1.7931246757507324, 2877.1630859375, 1274.8201904296875]",1
frame_0050.png,extras,portable_power_station,large battery pack,large battery pack.,0.2,0.2,2,0.4875,"[1729.1114501953125, 1024.3951416015625, 1862.478271484375, 1149.9420166015625]",1
frame_0050.png,extras,rectangular_table,rectangular table,rectangular table.,0.2,0.2,4,0.3984,"[1170.08837890625, 887.0952758789062, 1345.215576171875, 1022.1583251953125]",1
frame_0050.png,extras,rectangular_table,outdoor table,outdoor table.,0.2,0.2,5,0.4604,"[1170.871337890625, 888.6586303710938, 1343.598876953125, 1021.61962890625]",1
frame_0050.png,extras,rectangular_table,long rectangular table,long rectangular table.,0.2,0.2,5,0.4149,"[1652.91162109375, 899.0899658203125, 2874.31640625, 1276.9063720703125]",1
frame_0050.png,extras,rectangular_table,picnic table,picnic table.,0.2,0.2,3,0.4515,"[1172.1175537109375, 887.819091796875, 1342.799072265625, 1020.7221069335938]",1
frame_0050.png,extras,rectangular_table,folding table,folding table.,0.2,0.2,4,0.3942,"[1172.1790771484375, 890.2085571289062, 1342.84619140625, 1021.32421875]",1
frame_0050.png,extras,rectangular_table,work table,work table.,0.2,0.2,5,0.429,"[1170.837646484375, 886.884033203125, 1344.4638671875, 1021.5939331054688]",1
frame_0050.png,extras,rectangular_table,outdoor wooden table,outdoor wooden table.,0.2,0.2,5,0.4661,"[1168.47802734375, 885.5762329101562, 1346.1083984375, 1022.6812744140625]",1
frame_0050.png,extras,traffic_cone,traffic cone,traffic cone.,0.2,0.2,1,0.254,"[1139.947021484375, 1066.02197265625, 1188.8153076171875, 1154.4185791015625]",1
frame_0050.png,extras,traffic_cone,road cone,road cone.,0.2,0.2,2,0.2766,"[1138.5185546875, 1064.0545654296875, 1191.356689453125, 1158.2451171875]",1
frame_0050.png,extras,traffic_cone,safety cone,safety cone.,0.2,0.2,0,0.0,,0
frame_0050.png,extras,traffic_cone,orange cone,orange cone.,0.2,0.2,0,0.0,,0
frame_0050.png,extras,traffic_cone,construction cone,construction cone.,0.2,0.2,5,0.303,"[1733.3642578125, 1025.1201171875, 1859.2806396484375, 1147.9246826171875]",1
frame_0050.png,extras,traffic_cone,orange traffic cone,orange traffic cone.,0.2,0.2,4,0.2957,"[1135.9989013671875, 1059.104736328125, 1192.2725830078125, 1159.241455078125]",1
frame_0050.png,extras,trolley,trolley,trolley.,0.2,0.2,6,0.5418,"[746.3641967773438, 860.1900634765625, 938.25, 1033.4493408203125]",1
frame_0050.png,extras,trolley,hand cart,hand cart.,0.2,0.2,7,0.4554,"[745.2188720703125, 858.597412109375, 940.5494384765625, 1035.923583984375]",1
frame_0050.png,extras,trolley,hand truck,hand truck.,0.2,0.2,7,0.3202,"[1098.3599853515625, 2.383423328399658, 2878.304931640625, 1277.1025390625]",1
frame_0050.png,extras,trolley,luggage cart,luggage cart.,0.2,0.2,7,0.6195,"[744.5562744140625, 857.4590454101562, 940.4052124023438, 1035.8763427734375]",1
frame_0050.png,extras,trolley,flatbed cart,flatbed cart.,0.2,0.2,4,0.4093,"[743.782470703125, 856.682861328125, 941.642333984375, 1036.9173583984375]",1
frame_0050.png,extras,trolley,push cart,push cart.,0.2,0.2,4,0.5732,"[744.1764526367188, 857.9269409179688, 940.57080078125, 1036.271728515625]",1
frame_0050.png,extras,trolley,utility cart,utility cart.,0.2,0.2,3,0.478,"[743.2312622070312, 856.3297729492188, 941.5938720703125, 1037.2852783203125]",1
frame_0050.png,extras,trolley,metal trolley,metal trolley.,0.2,0.2,4,0.4017,"[1448.8409423828125, 812.8521728515625, 1711.833740234375, 1057.57177734375]",1
frame_0051.png,production,trailer,ALL_GROUP,utility trailer. open trailer. vehicle trailer. covered trailer.,0.18,0.18,8,0.4106,"[1112.7149658203125, 2.8348641395568848, 2877.285400390625, 1292.602294921875]",1
frame_0051.png,production,electric utility vehicle+electric wheelchair+electric scooter,ALL_GROUP,electric utility vehicle. small electric cart. golf cart. white utility vehicle. powered mobility scooter. motorized wheelchair. mobility chair. electric wheelchair. two-wheeled scooter. stand-up scooter. electric kick scooter. kick scooter.,0.2,0.2,8,0.477,"[1088.312744140625, 4.559031009674072, 2875.302734375, 1295.655029296875]",1
frame_0051.png,production,trolley,ALL_GROUP,trolley. hand cart. utility cart. push cart.,0.22,0.22,9,0.3943,"[732.1036987304688, 858.9723510742188, 931.6209106445312, 1040.5069580078125]",1
frame_0051.png,production,pair of ramps+basketball,ALL_GROUP,metal ramps on ground. two metal ramps. pair of ramps. vehicle loading ramp. round orange ball. rubber ball on ground. sports ball. basketball.,0.18,0.18,19,0.3909,"[1148.2247314453125, 1641.5931396484375, 1675.28955078125, 1852.2689208984375]",1
frame_0051.png,production,portable power station+umbrella,ALL_GROUP,portable power station. large power bank. battery box. power generator box. folded umbrella. open umbrella. shade umbrella. umbrella.,0.2,0.2,2,0.212,"[1114.3226318359375, 4.101160049438477, 2877.06103515625, 1289.715576171875]",1
frame_0051.png,production,rectangular table,ALL_GROUP,rectangular table. outdoor table. picnic table. folding table.,0.24,0.24,4,0.3507,"[1166.055419921875, 889.3136596679688, 1339.212646484375, 1023.1701049804688]",1
frame_0051.png,production,cardboard box,ALL_GROUP,cardboard box. brown cardboard box. shipping box.,0.26,0.26,4,0.4235,"[72.7130126953125, 1023.7277221679688, 240.93038940429688, 1159.3338623046875]",1
frame_0051.png,production,chair,ALL_GROUP,chair. folding chair. outdoor chair. plastic chair.,0.3,0.3,2,0.3269,"[733.4989624023438, 859.6179809570312, 930.191650390625, 1039.058349609375]",1
frame_0051.png,production,traffic cone,ALL_GROUP,traffic cone. road cone. safety cone. orange cone.,0.22,0.22,0,0.0,,0
frame_0051.png,production,prohibition sign,ALL_GROUP,red sign on ground. red circular sign. prohibition sign. red prohibition sign.,0.2,0.2,8,0.3643,"[1113.3984375, 654.6102294921875, 1345.3951416015625, 826.5245971679688]",1
frame_0051.png,extras,cardboard_box,cardboard box,cardboard box.,0.2,0.2,2,0.5621,"[72.32671356201172, 1022.0117797851562, 241.99288940429688, 1159.4677734375]",1
frame_0051.png,extras,cardboard_box,brown cardboard box,brown cardboard box.,0.2,0.2,2,0.6093,"[70.61770629882812, 1021.2662963867188, 243.73233032226562, 1161.045166015625]",1
frame_0051.png,extras,cardboard_box,shipping box,shipping box.,0.2,0.2,7,0.4581,"[73.46902465820312, 1022.6213989257812, 241.59555053710938, 1158.68603515625]",1
frame_0051.png,extras,cardboard_box,small box,small box.,0.2,0.2,4,0.5208,"[71.56546783447266, 1019.572998046875, 242.42294311523438, 1160.16259765625]",1
frame_0051.png,extras,cardboard_box,package box,package box.,0.2,0.2,4,0.3348,"[1747.7891845703125, 1040.02197265625, 1874.792236328125, 1155.0218505859375]",1
frame_0051.png,extras,cardboard_box,stacked box,stacked box.,0.2,0.2,4,0.4274,"[73.38013458251953, 1021.7627563476562, 241.19293212890625, 1158.70458984375]",1
frame_0051.png,extras,cardboard_box,outdoor cardboard box,outdoor cardboard box.,0.2,0.2,5,0.5223,"[70.78956604003906, 1018.6776123046875, 243.21485900878906, 1160.5123291015625]",1
frame_0051.png,extras,chair,chair,chair.,0.2,0.2,6,0.287,"[149.07310485839844, 871.6251831054688, 315.8709716796875, 1059.15673828125]",1
frame_0051.png,extras,chair,armless chair,armless chair.,0.2,0.2,6,0.2792,"[731.7051391601562, 856.9080200195312, 932.1661376953125, 1040.373291015625]",1
frame_0051.png,extras,chair,outdoor chair,outdoor chair.,0.2,0.2,9,0.3855,"[732.9847412109375, 858.2239379882812, 930.263671875, 1039.0042724609375]",1
frame_0051.png,extras,chair,plastic chair,plastic chair.,0.2,0.2,3,0.3116,"[147.7884521484375, 872.9981079101562, 320.91015625, 1082.951416015625]",1
frame_0051.png,extras,chair,folding chair,folding chair.,0.2,0.2,4,0.348,"[734.039306640625, 859.1388549804688, 930.4520263671875, 1039.1712646484375]",1
frame_0051.png,extras,chair,metal chair,metal chair.,0.2,0.2,7,0.3064,"[147.79905700683594, 870.2360229492188, 322.071533203125, 1082.171142578125]",1
frame_0051.png,extras,electric_utility_vehicle,electric utility vehicle,electric utility vehicle.,0.2,0.2,5,0.5016,"[731.5975952148438, 859.3275146484375, 931.4942016601562, 1039.6680908203125]",1
frame_0051.png,extras,electric_utility_vehicle,small electric cart,small electric cart.,0.2,0.2,4,0.4978,"[727.8656005859375, 855.0769653320312, 934.7366333007812, 1044.39990234375]",1
frame_0051.png,extras,electric_utility_vehicle,utility vehicle,utility vehicle.,0.2,0.2,9,0.6364,"[732.02099609375, 859.6310424804688, 930.8316650390625, 1038.7484130859375]",1
frame_0051.png,extras,electric_utility_vehicle,golf cart,golf cart.,0.2,0.2,4,0.5212,"[732.8681640625, 859.6797485351562, 930.923828125, 1039.260498046875]",1
frame_0051.png,extras,electric_utility_vehicle,electric cart,electric cart.,0.2,0.2,4,0.5565,"[731.1575317382812, 858.447998046875, 931.4755859375, 1040.571533203125]",1
frame_0051.png,extras,electric_utility_vehicle,small white utility vehicle,small white utility vehicle.,0.2,0.2,4,0.3286,"[1446.0057373046875, 687.1934814453125, 1729.6734619140625, 1062.6199951171875]",1
frame_0051.png,extras,electric_utility_vehicle,white utility cart,white utility cart.,0.2,0.2,4,0.442,"[1106.6240234375, 4.1830339431762695, 2875.892822265625, 1293.8050537109375]",1
frame_0051.png,extras,portable_power_station,portable power station,portable power station.,0.2,0.2,5,0.4057,"[1104.08544921875, 3.121504783630371, 2876.067626953125, 1293.085693359375]",1
frame_0051.png,extras,portable_power_station,large power bank,large power bank.,0.2,0.2,6,0.45,"[1108.809814453125, 3.7494421005249023, 2873.839111328125, 1293.1741943359375]",1
frame_0051.png,extras,portable_power_station,battery box,battery box.,0.2,0.2,4,0.3049,"[1747.3218994140625, 1041.039794921875, 1874.8443603515625, 1155.4945068359375]",1
frame_0051.png,extras,portable_power_station,power generator box,power generator box.,0.2,0.2,3,0.4087,"[1746.30712890625, 1036.22216796875, 1876.28564453125, 1157.3480224609375]",1
frame_0051.png,extras,portable_power_station,portable battery,portable battery.,0.2,0.2,3,0.4717,"[1746.267578125, 1039.50927734375, 1875.62744140625, 1157.078369140625]",1
frame_0051.png,extras,portable_power_station,power station,power station.,0.2,0.2,2,0.5248,"[1097.02734375, 1.7030471563339233, 2877.8857421875, 1292.8284912109375]",1
frame_0051.png,extras,portable_power_station,large battery pack,large battery pack.,0.2,0.2,2,0.463,"[1742.1763916015625, 1033.5361328125, 1880.1629638671875, 1159.4906005859375]",1
frame_0051.png,extras,rectangular_table,rectangular table,rectangular table.,0.2,0.2,4,0.5152,"[1164.8126220703125, 887.8623046875, 1341.1812744140625, 1025.6734619140625]",1
frame_0051.png,extras,rectangular_table,outdoor table,outdoor table.,0.2,0.2,4,0.5368,"[1164.9010009765625, 889.099853515625, 1340.0604248046875, 1025.0897216796875]",1
frame_0051.png,extras,rectangular_table,long rectangular table,long rectangular table.,0.2,0.2,5,0.3923,"[1162.7076416015625, 886.1940307617188, 1343.2877197265625, 1026.0850830078125]",1
frame_0051.png,extras,rectangular_table,picnic table,picnic table.,0.2,0.2,2,0.5156,"[1165.0103759765625, 888.888916015625, 1340.3704833984375, 1024.1212158203125]",1
frame_0051.png,extras,rectangular_table,folding table,folding table.,0.2,0.2,2,0.4476,"[1166.6588134765625, 890.728271484375, 1339.036865234375, 1024.542236328125]",1
frame_0051.png,extras,rectangular_table,work table,work table.,0.2,0.2,4,0.5151,"[1163.8541259765625, 887.552490234375, 1341.311767578125, 1025.0499267578125]",1
frame_0051.png,extras,rectangular_table,outdoor wooden table,outdoor wooden table.,0.2,0.2,4,0.5355,"[1162.2037353515625, 886.4047241210938, 1342.933349609375, 1026.056884765625]",1
frame_0051.png,extras,traffic_cone,traffic cone,traffic cone.,0.2,0.2,1,0.3641,"[1125.895751953125, 1082.8443603515625, 1177.4444580078125, 1167.121337890625]",1
frame_0051.png,extras,traffic_cone,road cone,road cone.,0.2,0.2,1,0.3462,"[1123.95263671875, 1079.3961181640625, 1180.205078125, 1171.570556640625]",1
frame_0051.png,extras,traffic_cone,safety cone,safety cone.,0.2,0.2,1,0.2705,"[1124.5509033203125, 1080.0400390625, 1178.9527587890625, 1170.589599609375]",1
frame_0051.png,extras,traffic_cone,orange cone,orange cone.,0.2,0.2,0,0.0,,0
frame_0051.png,extras,traffic_cone,construction cone,construction cone.,0.2,0.2,6,0.3121,"[1746.254150390625, 1032.634033203125, 1876.8057861328125, 1157.5888671875]",1
frame_0051.png,extras,traffic_cone,orange traffic cone,orange traffic cone.,0.2,0.2,2,0.3283,"[1122.6849365234375, 1075.6258544921875, 1181.693359375, 1173.361083984375]",1
frame_0051.png,extras,trolley,trolley,trolley.,0.2,0.2,7,0.4899,"[734.04638671875, 860.9933471679688, 928.613037109375, 1036.3763427734375]",1
frame_0051.png,extras,trolley,hand cart,hand cart.,0.2,0.2,8,0.4472,"[733.1015625, 859.6761474609375, 930.4346923828125, 1039.3621826171875]",1
frame_0051.png,extras,trolley,hand truck,hand truck.,0.2,0.2,8,0.4027,"[1093.132568359375, 2.183534622192383, 2879.43115234375, 1293.9493408203125]",1
frame_0051.png,extras,trolley,luggage cart,luggage cart.,0.2,0.2,7,0.6065,"[732.4067993164062, 859.0515747070312, 930.7418212890625, 1039.21484375]",1
frame_0051.png,extras,trolley,flatbed cart,flatbed cart.,0.2,0.2,3,0.3982,"[731.4898681640625, 858.389892578125, 932.11279296875, 1040.1597900390625]",1
frame_0051.png,extras,trolley,push cart,push cart.,0.2,0.2,4,0.5895,"[731.7843627929688, 859.1687622070312, 930.85302734375, 1039.778076171875]",1
frame_0051.png,extras,trolley,utility cart,utility cart.,0.2,0.2,4,0.4831,"[730.7199096679688, 857.7479858398438, 931.4878540039062, 1040.8790283203125]",1
frame_0051.png,extras,trolley,metal trolley,metal trolley.,0.2,0.2,6,0.3753,"[1448.720947265625, 811.929443359375, 1723.3450927734375, 1061.65869140625]",1
frame_0052.png,production,trailer,ALL_GROUP,utility trailer. open trailer. vehicle trailer. covered trailer.,0.18,0.18,5,0.3957,"[1054.9354248046875, 1.6772711277008057, 2877.472412109375, 1148.02490234375]",1
frame_0052.png,production,electric utility vehicle+electric wheelchair+electric scooter,ALL_GROUP,electric utility vehicle. small electric cart. golf cart. white utility vehicle. powered mobility scooter. motorized wheelchair. mobility chair. electric wheelchair. two-wheeled scooter. stand-up scooter. electric kick scooter. kick scooter.,0.2,0.2,12,0.3356,"[603.5758056640625, 838.1787719726562, 840.4610595703125, 1055.4803466796875]",1
frame_0052.png,production,trolley,ALL_GROUP,trolley. hand cart. utility cart. push cart.,0.22,0.22,7,0.4072,"[607.5385131835938, 840.7239990234375, 838.5339965820312, 1054.1864013671875]",1
frame_0052.png,production,pair of ramps+basketball,ALL_GROUP,metal ramps on ground. two metal ramps. pair of ramps. vehicle loading ramp. round orange ball. rubber ball on ground. sports ball. basketball.,0.18,0.18,18,0.3207,"[1446.1282958984375, 654.294921875, 1791.231201171875, 1090.60595703125]",1
frame_0052.png,production,portable power station+umbrella,ALL_GROUP,portable power station. large power bank. battery box. power generator box. folded umbrella. open umbrella. shade umbrella. umbrella.,0.2,0.2,3,0.2477,"[1908.1451416015625, 1078.37109375, 2136.041015625, 1280.1422119140625]",1
frame_0052.png,production,rectangular table,ALL_GROUP,rectangular table. outdoor table. picnic table. folding table.,0.24,0.24,3,0.3706,"[1115.04541015625, 878.016357421875, 1318.1146240234375, 1034.4149169921875]",1
frame_0052.png,production,cardboard box,ALL_GROUP,cardboard box. brown cardboard box. shipping box.,0.26,0.26,1,0.2653,"[1909.89208984375, 1081.6136474609375, 2133.530517578125, 1277.3681640625]",1
frame_0052.png,production,chair,ALL_GROUP,chair. folding chair. outdoor chair. plastic chair.,0.3,0.3,1,0.3506,"[608.3512573242188, 840.6796264648438, 837.72998046875, 1052.095458984375]",1
frame_0052.png,production,traffic cone,ALL_GROUP,traffic cone. road cone. safety cone. orange cone.,0.22,0.22,0,0.0,,0
frame_0052.png,production,prohibition sign,ALL_GROUP,red sign on ground. red circular sign. prohibition sign. red prohibition sign.,0.2,0.2,7,0.3481,"[1043.681884765625, 620.8757934570312, 1346.2657470703125, 811.9967651367188]",1
frame_0052.png,extras,cardboard_box,cardboard box,cardboard box.,0.2,0.2,2,0.2623,"[1910.5791015625, 1081.2034912109375, 2133.37451171875, 1277.1224365234375]",1
frame_0052.png,extras,cardboard_box,brown cardboard box,brown cardboard box.,0.2,0.2,3,0.3519,"[1907.7674560546875, 1078.98876953125, 2136.621337890625, 1278.201416015625]",1
frame_0052.png,extras,cardboard_box,shipping box,shipping box.,0.2,0.2,3,0.4533,"[1910.0833740234375, 1080.881591796875, 2132.803955078125, 1277.69287109375]",1
frame_0052.png,extras,cardboard_box,small box,small box.,0.2,0.2,1,0.7211,"[1907.567626953125, 1077.0528564453125, 2135.66748046875, 1278.5120849609375]",1
frame_0052.png,extras,cardboard_box,package box,package box.,0.2,0.2,1,0.29,"[1910.7535400390625, 1081.8375244140625, 2132.679443359375, 1276.634033203125]",1
frame_0052.png,extras,cardboard_box,stacked box,stacked box.,0.2,0.2,3,0.3228,"[1910.70361328125, 1082.2554931640625, 2132.600341796875, 1277.1812744140625]",1
frame_0052.png,extras,cardboard_box,outdoor cardboard box,outdoor cardboard box.,0.2,0.2,4,0.476,"[1907.476806640625, 1077.7890625, 2135.828125, 1278.910888671875]",1
frame_0052.png,extras,chair,chair,chair.,0.2,0.2,6,0.3082,"[155.4498748779297, 915.0684204101562, 184.5228729248047, 990.9213256835938]",1
frame_0052.png,extras,chair,armless chair,armless chair.,0.2,0.2,4,0.4071,"[606.0585327148438, 838.3360595703125, 839.4778442382812, 1053.0020751953125]",1
frame_0052.png,extras,chair,outdoor chair,outdoor chair.,0.2,0.2,7,0.421,"[607.3654174804688, 839.6752319335938, 837.8754272460938, 1051.805908203125]",1
frame_0052.png,extras,chair,plastic chair,plastic chair.,0.2,0.2,3,0.2646,"[151.8139190673828, 912.3515014648438, 189.7462615966797, 992.8489379882812]",1
frame_0052.png,extras,chair,folding chair,folding chair.,0.2,0.2,2,0.4687,"[608.6322631835938, 840.5119018554688, 837.9618530273438, 1051.98681640625]",1
frame_0052.png,extras,chair,metal chair,metal chair.,0.2,0.2,5,0.3199,"[150.22207641601562, 910.7840576171875, 190.78237915039062, 993.2476196289062]",1
frame_0052.png,extras,electric_utility_vehicle,electric utility vehicle,electric utility vehicle.,0.2,0.2,5,0.4272,"[1450.196044921875, 661.2877807617188, 1785.6707763671875, 1086.58349609375]",1
frame_0052.png,extras,electric_utility_vehicle,small electric cart,small electric cart.,0.2,0.2,4,0.4348,"[601.43212890625, 837.3461303710938, 842.353515625, 1057.4473876953125]",1
frame_0052.png,extras,electric_utility_vehicle,utility vehicle,utility vehicle.,0.2,0.2,4,0.5321,"[607.4757080078125, 841.5435791015625, 837.759765625, 1052.72998046875]",1
frame_0052.png,extras,electric_utility_vehicle,golf cart,golf cart.,0.2,0.2,4,0.3853,"[607.5985107421875, 840.8875732421875, 838.5445556640625, 1052.5875244140625]",1
frame_0052.png,extras,electric_utility_vehicle,electric cart,electric cart.,0.2,0.2,5,0.5194,"[606.3585205078125, 840.1863403320312, 838.3648681640625, 1053.807373046875]",1
frame_0052.png,extras,electric_utility_vehicle,small white utility vehicle,small white utility vehicle.,0.2,0.2,1,0.5405,"[1447.002197265625, 658.3605346679688, 1787.644287109375, 1089.8238525390625]",1
frame_0052.png,extras,electric_utility_vehicle,white utility cart,white utility cart.,0.2,0.2,1,0.5335,"[1449.147705078125, 659.7391357421875, 1784.924560546875, 1088.3057861328125]",1
frame_0052.png,extras,portable_power_station,portable power station,portable power station.,0.2,0.2,3,0.4343,"[1907.076171875, 1077.299072265625, 2136.8330078125, 1281.0260009765625]",1
frame_0052.png,extras,portable_power_station,large power bank,large power bank.,0.2,0.2,4,0.4338,"[1031.1016845703125, 459.3232421875, 1403.2802734375, 993.0626831054688]",1
frame_0052.png,extras,portable_power_station,battery box,battery box.,0.2,0.2,3,0.3865,"[1910.210205078125, 1081.5086669921875, 2132.973876953125, 1278.1160888671875]",1
frame_0052.png,extras,portable_power_station,power generator box,power generator box.,0.2,0.2,2,0.5683,"[1908.820068359375, 1078.2022705078125, 2134.57568359375, 1279.252685546875]",1
frame_0052.png,extras,portable_power_station,portable battery,portable battery.,0.2,0.2,3,0.6171,"[1908.740234375, 1078.802734375, 2133.957275390625, 1279.2952880859375]",1
frame_0052.png,extras,portable_power_station,power station,power station.,0.2,0.2,5,0.4119,"[1036.70751953125, 461.8169250488281, 1391.4715576171875, 1008.4271850585938]",1
frame_0052.png,extras,portable_power_station,large battery pack,large battery pack.,0.2,0.2,1,0.6137,"[1904.507080078125, 1074.900634765625, 2138.9130859375, 1281.44140625]",1
frame_0052.png,extras,rectangular_table,rectangular table,rectangular table.,0.2,0.2,2,0.537,"[1112.9903564453125, 876.1124267578125, 1318.8984375, 1036.862548828125]",1
frame_0052.png,extras,rectangular_table,outdoor table,outdoor table.,0.2,0.2,2,0.5212,"[1113.8607177734375, 877.3480224609375, 1318.9970703125, 1036.18603515625]",1
frame_0052.png,extras,rectangular_table,long rectangular table,long rectangular table.,0.2,0.2,4,0.3232,"[1110.87548828125, 873.7575073242188, 1323.0025634765625, 1038.0938720703125]",1
frame_0052.png,extras,rectangular_table,picnic table,picnic table.,0.2,0.2,2,0.5347,"[1114.4674072265625, 876.827392578125, 1319.53076171875, 1034.9136962890625]",1
frame_0052.png,extras,rectangular_table,folding table,folding table.,0.2,0.2,2,0.4536,"[1114.8603515625, 878.9266357421875, 1317.3504638671875, 1035.607421875]",1
frame_0052.png,extras,rectangular_table,work table,work table.,0.2,0.2,2,0.5048,"[1113.6126708984375, 875.6053466796875, 1319.501953125, 1036.0963134765625]",1
frame_0052.png,extras,rectangular_table,outdoor wooden table,outdoor wooden table.,0.2,0.2,2,0.566,"[1110.4007568359375, 873.9306030273438, 1322.616455078125, 1037.5458984375]",1
frame_0052.png,extras,traffic_cone,traffic cone,traffic cone.,0.2,0.2,0,0.0,,0
frame_0052.png,extras,traffic_cone,road cone,road cone.,0.2,0.2,1,0.2837,"[934.878662109375, 1167.419921875, 1021.3507080078125, 1313.5618896484375]",1
frame_0052.png,extras,traffic_cone,safety cone,safety cone.,0.2,0.2,1,0.2227,"[935.8062744140625, 1169.095703125, 1020.7477416992188, 1312.47998046875]",1
frame_0052.png,extras,traffic_cone,orange cone,orange cone.,0.2,0.2,1,0.2045,"[299.3110046386719, 768.0073852539062, 530.2021484375, 1100.9085693359375]",1
frame_0052.png,extras,traffic_cone,construction cone,construction cone.,0.2,0.2,5,0.3233,"[1909.671875, 1078.700927734375, 2134.784423828125, 1279.3182373046875]",1
frame_0052.png,extras,traffic_cone,orange traffic cone,orange traffic cone.,0.2,0.2,3,0.2468,"[1425.4534912109375, 921.5372314453125, 1456.291748046875, 971.0300903320312]",1
frame_0052.png,extras,trolley,trolley,trolley.,0.2,0.2,4,0.5359,"[610.14599609375, 843.1653442382812, 835.8631591796875, 1049.98779296875]",1
frame_0052.png,extras,trolley,hand cart,hand cart.,0.2,0.2,5,0.4635,"[608.2024536132812, 841.0020141601562, 837.9346313476562, 1052.3978271484375]",1
frame_0052.png,extras,trolley,hand truck,hand truck.,0.2,0.2,5,0.4089,"[1037.1240234375, 464.0640869140625, 1418.4180908203125, 995.1243286132812]",1
frame_0052.png,extras,trolley,luggage cart,luggage cart.,0.2,0.2,6,0.5807,"[607.5391235351562, 840.5424194335938, 837.7191772460938, 1052.684814453125]",1
frame_0052.png,extras,trolley,flatbed cart,flatbed cart.,0.2,0.2,3,0.3938,"[606.5835571289062, 839.6781005859375, 838.9713134765625, 1053.3116455078125]",1
frame_0052.png,extras,trolley,push cart,push cart.,0.2,0.2,4,0.5512,"[607.1644287109375, 840.5993041992188, 837.9141235351562, 1053.4288330078125]",1
frame_0052.png,extras,trolley,utility cart,utility cart.,0.2,0.2,3,0.4767,"[1449.6134033203125, 662.3518676757812, 1786.393798828125, 1087.3402099609375]",1
frame_0052.png,extras,trolley,metal trolley,metal trolley.,0.2,0.2,6,0.3436,"[1450.18798828125, 663.8961181640625, 1787.1256103515625, 1087.048095703125]",1
frame_0053.png,production,trailer,ALL_GROUP,utility trailer. open trailer. vehicle trailer. covered trailer.,0.18,0.18,6,0.4234,"[1433.9708251953125, 644.7652587890625, 1819.03173828125, 1112.352783203125]",1
frame_0053.png,production,electric utility vehicle+electric wheelchair+electric scooter,ALL_GROUP,electric utility vehicle. small electric cart. golf cart. white utility vehicle. powered mobility scooter. motorized wheelchair. mobility chair. electric wheelchair. two-wheeled scooter. stand-up scooter. electric kick scooter. kick scooter.,0.2,0.2,11,0.4004,"[488.05059814453125, 827.0361938476562, 753.8297119140625, 1069.385498046875]",1
frame_0053.png,production,trolley,ALL_GROUP,trolley. hand cart. utility cart. push cart.,0.22,0.22,8,0.3494,"[1432.9886474609375, 645.875244140625, 1820.401611328125, 1112.5115966796875]",1
frame_0053.png,production,pair of ramps+basketball,ALL_GROUP,metal ramps on ground. two metal ramps. pair of ramps. vehicle loading ramp. round orange ball. rubber ball on ground. sports ball. basketball.,0.18,0.18,21,0.3801,"[1147.37109375, 1640.498779296875, 1674.1907958984375, 1852.049560546875]",1
frame_0053.png,production,portable power station+umbrella,ALL_GROUP,portable power station. large power bank. battery box. power generator box. folded umbrella. open umbrella. shade umbrella. umbrella.,0.2,0.2,4,0.2909,"[2065.354248046875, 1127.57275390625, 2406.3525390625, 1426.16162109375]",1
frame_0053.png,production,rectangular table,ALL_GROUP,rectangular table. outdoor table. picnic table. folding table.,0.24,0.24,4,0.3533,"[1061.46826171875, 872.1100463867188, 1280.4185791015625, 1045.9132080078125]",1
frame_0053.png,production,cardboard box,ALL_GROUP,cardboard box. brown cardboard box. shipping box.,0.26,0.26,2,0.3744,"[2213.108642578125, 647.5783081054688, 2519.44873046875, 869.8854370117188]",1
frame_0053.png,production,chair,ALL_GROUP,chair. folding chair. outdoor chair. plastic chair.,0.3,0.3,1,0.3444,"[495.0228271484375, 830.0641479492188, 749.1956787109375, 1065.380859375]",1
frame_0053.png,production,traffic cone,ALL_GROUP,traffic cone. road cone. safety cone. orange cone.,0.22,0.22,0,0.0,,0
frame_0053.png,production,prohibition sign,ALL_GROUP,red sign on ground. red circular sign. prohibition sign. red prohibition sign.,0.2,0.2,6,0.3766,"[2609.251708984375, 998.3272094726562, 2719.484130859375, 1072.1517333984375]",1
frame_0053.png,extras,cardboard_box,cardboard box,cardboard box.,0.2,0.2,2,0.4274,"[2213.353515625, 647.55419921875, 2518.333740234375, 869.8215942382812]",1
frame_0053.png,extras,cardboard_box,brown cardboard box,brown cardboard box.,0.2,0.2,1,0.6842,"[2211.850830078125, 645.8764038085938, 2520.168701171875, 871.9689331054688]",1
frame_0053.png,extras,cardboard_box,shipping box,shipping box.,0.2,0.2,5,0.3494,"[2067.186279296875, 1130.038330078125, 2403.231201171875, 1423.8033447265625]",1
frame_0053.png,extras,cardboard_box,small box,small box.,0.2,0.2,2,0.6138,"[2064.718994140625, 1126.56494140625, 2406.03857421875, 1424.57958984375]",1
frame_0053.png,extras,cardboard_box,package box,package box.,0.2,0.2,2,0.2926,"[2068.19482421875, 1130.390625, 2403.117431640625, 1422.72802734375]",1
frame_0053.png,extras,cardboard_box,stacked box,stacked box.,0.2,0.2,4,0.3082,"[2212.439208984375, 647.5770263671875, 2522.087158203125, 871.9692993164062]",1
frame_0053.png,extras,cardboard_box,outdoor cardboard box,outdoor cardboard box.,0.2,0.2,1,0.5554,"[2209.598388671875, 645.0836181640625, 2521.794189453125, 874.5664672851562]",1
frame_0053.png,extras,chair,chair,chair.,0.2,0.2,3,0.2584,"[497.869140625, 831.5128173828125, 747.2659912109375, 1062.106689453125]",1
frame_0053.png,extras,chair,armless chair,armless chair.,0.2,0.2,3,0.3635,"[491.8078308105469, 827.3818969726562, 751.6527099609375, 1068.3189697265625]",1
frame_0053.png,extras,chair,outdoor chair,outdoor chair.,0.2,0.2,1,0.4232,"[494.2528381347656, 828.6703491210938, 749.3838500976562, 1065.7088623046875]",1
frame_0053.png,extras,chair,plastic chair,plastic chair.,0.2,0.2,2,0.2402,"[1918.5462646484375, 844.3373413085938, 2082.651123046875, 929.720947265625]",1
frame_0053.png,extras,chair,folding chair,folding chair.,0.2,0.2,1,0.4873,"[495.4990234375, 829.6851806640625, 750.1812744140625, 1066.0098876953125]",1
frame_0053.png,extras,chair,metal chair,metal chair.,0.2,0.2,3,0.3668,"[492.2043151855469, 827.3294067382812, 747.6300048828125, 1066.9058837890625]",1
frame_0053.png,extras,electric_utility_vehicle,electric utility vehicle,electric utility vehicle.,0.2,0.2,6,0.4571,"[1432.3829345703125, 643.976318359375, 1820.7183837890625, 1112.095947265625]",1
frame_0053.png,extras,electric_utility_vehicle,small electric cart,small electric cart.,0.2,0.2,5,0.3486,"[1427.21435546875, 644.9118041992188, 1824.9664306640625, 1116.2344970703125]",1
frame_0053.png,extras,electric_utility_vehicle,utility vehicle,utility vehicle.,0.2,0.2,6,0.5235,"[1432.672607421875, 644.3991088867188, 1820.1480712890625, 1111.4027099609375]",1
frame_0053.png,extras,electric_utility_vehicle,golf cart,golf cart.,0.2,0.2,4,0.3698,"[1434.45556640625, 646.1841430664062, 1820.39404296875, 1111.08544921875]",1
frame_0053.png,extras,electric_utility_vehicle,electric cart,electric cart.,0.2,0.2,6,0.3936,"[492.37054443359375, 828.039306640625, 751.3965454101562, 1067.75732421875]",1
frame_0053.png,extras,electric_utility_vehicle,small white utility vehicle,small white utility vehicle.,0.2,0.2,2,0.5313,"[1428.1419677734375, 640.7639770507812, 1822.3251953125, 1114.9439697265625]",1
frame_0053.png,extras,electric_utility_vehicle,white utility cart,white utility cart.,0.2,0.2,4,0.4738,"[1431.01513671875, 642.3131103515625, 1820.341064453125, 1113.537353515625]",1
frame_0053.png,extras,portable_power_station,portable power station,portable power station.,0.2,0.2,4,0.4648,"[2064.7919921875, 1127.1231689453125, 2406.4619140625, 1426.537353515625]",1
frame_0053.png,extras,portable_power_station,large power bank,large power bank.,0.2,0.2,4,0.4032,"[2062.366455078125, 1125.1395263671875, 2409.333251953125, 1427.5035400390625]",1
frame_0053.png,extras,portable_power_station,battery box,battery box.,0.2,0.2,2,0.4413,"[2067.55712890625, 1129.9608154296875, 2403.6025390625, 1424.0450439453125]",1
frame_0053.png,extras,portable_power_station,power generator box,power generator box.,0.2,0.2,2,0.5627,"[2066.197265625, 1127.9246826171875, 2404.7939453125, 1425.3408203125]",1
frame_0053.png,extras,portable_power_station,portable battery,portable battery.,0.2,0.2,2,0.6528,"[2065.67626953125, 1128.9482421875, 2404.0107421875, 1426.08837890625]",1
frame_0053.png,extras,portable_power_station,power station,power station.,0.2,0.2,7,0.3714,"[2066.690673828125, 1129.4755859375, 2403.818115234375, 1425.446533203125]",1
frame_0053.png,extras,portable_power_station,large battery pack,large battery pack.,0.2,0.2,1,0.7165,"[2062.792236328125, 1123.879638671875, 2408.81298828125, 1427.330078125]",1
frame_0053.png,extras,rectangular_table,rectangular table,rectangular table.,0.2,0.2,2,0.5909,"[1057.903564453125, 868.4900512695312, 1284.6102294921875, 1049.2977294921875]",1
frame_0053.png,extras,rectangular_table,outdoor table,outdoor table.,0.2,0.2,2,0.5719,"[1058.1827392578125, 868.7848510742188, 1285.0926513671875, 1048.914794921875]",1
frame_0053.png,extras,rectangular_table,long rectangular table,long rectangular table.,0.2,0.2,4,0.4113,"[1055.6466064453125, 866.4873657226562, 1288.5587158203125, 1050.2960205078125]",1
frame_0053.png,extras,rectangular_table,picnic table,picnic table.,0.2,0.2,1,0.5787,"[1058.104736328125, 868.1435546875, 1285.7938232421875, 1047.9832763671875]",1
frame_0053.png,extras,rectangular_table,folding table,folding table.,0.2,0.2,1,0.5143,"[1060.2769775390625, 872.1748046875, 1283.5115966796875, 1048.871337890625]",1
frame_0053.png,extras,rectangular_table,work table,work table.,0.2,0.2,2,0.5516,"[1057.2974853515625, 866.6741333007812, 1285.9747314453125, 1048.9898681640625]",1
frame_0053.png,extras,rectangular_table,outdoor wooden table,outdoor wooden table.,0.2,0.2,1,0.6575,"[1055.524658203125, 866.1892700195312, 1288.6064453125, 1050.5872802734375]",1
frame_0053.png,extras,traffic_cone,traffic cone,traffic cone.,0.2,0.2,1,0.2039,"[1409.7431640625, 926.4601440429688, 1432.909423828125, 967.0934448242188]",1
frame_0053.png,extras,traffic_cone,road cone,road cone.,0.2,0.2,2,0.2295,"[2068.023193359375, 1128.6036376953125, 2405.908935546875, 1425.1871337890625]",1
frame_0053.png,extras,traffic_cone,safety cone,safety cone.,0.2,0.2,1,0.2093,"[2069.12939453125, 1130.4091796875, 2403.497802734375, 1424.4637451171875]",1
frame_0053.png,extras,traffic_cone,orange cone,orange cone.,0.2,0.2,2,0.2234,"[2068.005126953125, 1130.6910400390625, 2404.646484375, 1424.4991455078125]",1
frame_0053.png,extras,traffic_cone,construction cone,construction cone.,0.2,0.2,6,0.368,"[2066.591064453125, 1127.74853515625, 2406.49658203125, 1425.4658203125]",1
frame_0053.png,extras,traffic_cone,orange traffic cone,orange traffic cone.,0.2,0.2,2,0.2457,"[1405.7835693359375, 920.1243286132812, 1438.009765625, 972.041748046875]",1
frame_0053.png,extras,trolley,trolley,trolley.,0.2,0.2,6,0.4775,"[496.1982727050781, 830.7141723632812, 748.8568115234375, 1064.196044921875]",1
frame_0053.png,extras,trolley,hand cart,hand cart.,0.2,0.2,6,0.3972,"[494.41632080078125, 829.5692749023438, 750.4006958007812, 1066.6514892578125]",1
frame_0053.png,extras,trolley,hand truck,hand truck.,0.2,0.2,6,0.4263,"[991.6697387695312, 437.4405517578125, 1369.8421630859375, 989.2478637695312]",1
frame_0053.png,extras,trolley,luggage cart,luggage cart.,0.2,0.2,7,0.4781,"[1433.966796875, 645.6104736328125, 1820.0987548828125, 1111.052978515625]",1
frame_0053.png,extras,trolley,flatbed cart,flatbed cart.,0.2,0.2,4,0.3788,"[1433.230224609375, 647.0377197265625, 1821.1651611328125, 1112.165283203125]",1
frame_0053.png,extras,trolley,push cart,push cart.,0.2,0.2,4,0.4463,"[1433.5091552734375, 645.7778930664062, 1819.865966796875, 1112.1387939453125]",1
frame_0053.png,extras,trolley,utility cart,utility cart.,0.2,0.2,2,0.4971,"[1432.1639404296875, 645.046630859375, 1820.37158203125, 1112.1363525390625]",1
frame_0053.png,extras,trolley,metal trolley,metal trolley.,0.2,0.2,5,0.3581,"[1433.3355712890625, 753.0391235351562, 1820.788330078125, 1111.1517333984375]",1
frame_0054.png,production,trailer,ALL_GROUP,utility trailer. open trailer. vehicle trailer. covered trailer.,0.18,0.18,8,0.3812,"[968.5887451171875, 413.2925720214844, 1354.172607421875, 991.1600341796875]",1
frame_0054.png,production,electric utility vehicle+electric wheelchair+electric scooter,ALL_GROUP,electric utility vehicle. small electric cart. golf cart. white utility vehicle. powered mobility scooter. motorized wheelchair. mobility chair. electric wheelchair. two-wheeled scooter. stand-up scooter. electric kick scooter. kick scooter.,0.2,0.2,11,0.3775,"[422.54632568359375, 817.3558959960938, 700.9707641601562, 1074.912109375]",1
frame_0054.png,production,trolley,ALL_GROUP,trolley. hand cart. utility cart. push cart.,0.22,0.22,12,0.4019,"[424.7979736328125, 819.2579956054688, 699.0076293945312, 1073.838623046875]",1
frame_0054.png,production,pair of ramps+basketball,ALL_GROUP,metal ramps on ground. two metal ramps. pair of ramps. vehicle loading ramp. round orange ball. rubber ball on ground. sports ball. basketball.,0.18,0.18,24,0.3034,"[1752.142822265625, 745.9285278320312, 2871.8876953125, 1151.2667236328125]",1
frame_0054.png,production,portable power station+umbrella,ALL_GROUP,portable power station. large power bank. battery box. power generator box. folded umbrella. open umbrella. shade umbrella. umbrella.,0.2,0.2,2,0.3071,"[2244.529052734375, 1180.5447998046875, 2701.66259765625, 1568.0621337890625]",1
frame_0054.png,production,rectangular table,ALL_GROUP,rectangular table. outdoor table. picnic table. folding table.,0.24,0.24,5,0.3456,"[1030.8529052734375, 864.036376953125, 1264.10009765625, 1050.788818359375]",1
frame_0054.png,production,cardboard box,ALL_GROUP,cardboard box. brown cardboard box. shipping box.,0.26,0.26,2,0.3423,"[2311.59814453125, 616.954833984375, 2596.0341796875, 847.9052734375]",1
frame_0054.png,production,chair,ALL_GROUP,chair. folding chair. outdoor chair. plastic chair.,0.3,0.3,1,0.3753,"[426.7076110839844, 819.0375366210938, 697.7064208984375, 1072.058349609375]",1
frame_0054.png,production,traffic cone,ALL_GROUP,traffic cone. road cone. safety cone. orange cone.,0.22,0.22,0,0.0,,0
frame_0054.png,production,prohibition sign,ALL_GROUP,red sign on ground. red circular sign. prohibition sign. red prohibition sign.,0.2,0.2,5,0.3466,"[977.027099609375, 588.7695922851562, 1302.372802734375, 793.6974487304688]",1
frame_0054.png,extras,cardboard_box,cardboard box,cardboard box.,0.2,0.2,4,0.4012,"[2311.5869140625, 616.677490234375, 2596.67333984375, 849.1231079101562]",1
frame_0054.png,extras,cardboard_box,brown cardboard box,brown cardboard box.,0.2,0.2,1,0.6252,"[2309.322998046875, 614.8152465820312, 2599.247802734375, 852.373046875]",1
frame_0054.png,extras,cardboard_box,shipping box,shipping box.,0.2,0.2,7,0.3233,"[2309.9619140625, 618.0272216796875, 2602.01953125, 847.89453125]",1
frame_0054.png,extras,cardboard_box,small box,small box.,0.2,0.2,4,0.5582,"[2244.505859375, 1178.681884765625, 2701.88818359375, 1565.9544677734375]",1
frame_0054.png,extras,cardboard_box,package box,package box.,0.2,0.2,4,0.293,"[2247.646240234375, 1183.719970703125, 2699.620361328125, 1566.7147216796875]",1
frame_0054.png,extras,cardboard_box,stacked box,stacked box.,0.2,0.2,5,0.2969,"[2302.3115234375, 617.3546142578125, 2676.651611328125, 859.4847412109375]",1
frame_0054.png,extras,cardboard_box,outdoor cardboard box,outdoor cardboard box.,0.2,0.2,1,0.6065,"[2297.88671875, 614.5618896484375, 2659.359619140625, 856.239501953125]",1
frame_0054.png,extras,chair,chair,chair.,0.2,0.2,5,0.3263,"[428.6613464355469, 820.3873291015625, 694.9569091796875, 1068.3250732421875]",1
frame_0054.png,extras,chair,armless chair,armless chair.,0.2,0.2,1,0.5058,"[425.9866027832031, 817.1984252929688, 699.4214477539062, 1072.7979736328125]",1
frame_0054.png,extras,chair,outdoor chair,outdoor chair.,0.2,0.2,2,0.5692,"[425.8095703125, 817.8139038085938, 697.6217651367188, 1072.0284423828125]",1
frame_0054.png,extras,chair,plastic chair,plastic chair.,0.2,0.2,2,0.383,"[425.5012512207031, 817.65234375, 697.54345703125, 1070.758544921875]",1
frame_0054.png,extras,chair,folding chair,folding chair.,0.2,0.2,1,0.5321,"[428.0727844238281, 819.2429809570312, 698.2072143554688, 1071.66943359375]",1
frame_0054.png,extras,chair,metal chair,metal chair.,0.2,0.2,3,0.4563,"[424.7383117675781, 816.0995483398438, 698.5443115234375, 1072.282958984375]",1
frame_0054.png,extras,electric_utility_vehicle,electric utility vehicle,electric utility vehicle.,0.2,0.2,4,0.4764,"[425.64154052734375, 818.5172729492188, 698.7257080078125, 1073.19287109375]",1
frame_0054.png,extras,electric_utility_vehicle,small electric cart,small electric cart.,0.2,0.2,3,0.468,"[418.37994384765625, 815.9689331054688, 704.3582763671875, 1078.24365234375]",1
frame_0054.png,extras,electric_utility_vehicle,utility vehicle,utility vehicle.,0.2,0.2,9,0.5783,"[426.50048828125, 818.9408569335938, 697.8987426757812, 1072.307861328125]",1
frame_0054.png,extras,electric_utility_vehicle,golf cart,golf cart.,0.2,0.2,4,0.3989,"[424.84747314453125, 819.8228759765625, 698.5140991210938, 1072.9564208984375]",1
frame_0054.png,extras,electric_utility_vehicle,electric cart,electric cart.,0.2,0.2,5,0.5407,"[424.4565734863281, 818.8223876953125, 698.7000122070312, 1073.53173828125]",1
frame_0054.png,extras,electric_utility_vehicle,small white utility vehicle,small white utility vehicle.,0.2,0.2,4,0.3799,"[420.1899719238281, 816.2919311523438, 703.40869140625, 1076.7451171875]",1
frame_0054.png,extras,electric_utility_vehicle,white utility cart,white utility cart.,0.2,0.2,4,0.4719,"[422.174560546875, 817.2022094726562, 700.9776000976562, 1074.7735595703125]",1
frame_0054.png,extras,portable_power_station,portable power station,portable power station.,0.2,0.2,2,0.4844,"[2243.66064453125, 1178.9407958984375, 2704.960693359375, 1573.886474609375]",1
frame_0054.png,extras,portable_power_station,large power bank,large power bank.,0.2,0.2,2,0.4233,"[2240.218994140625, 1177.6431884765625, 2707.5322265625, 1573.599365234375]",1
frame_0054.png,extras,portable_power_station,battery box,battery box.,0.2,0.2,4,0.4793,"[2246.95556640625, 1182.790771484375, 2699.51953125, 1567.221435546875]",1
frame_0054.png,extras,portable_power_station,power generator box,power generator box.,0.2,0.2,3,0.6022,"[2245.47314453125, 1180.0653076171875, 2700.435546875, 1568.5628662109375]",1
frame_0054.png,extras,portable_power_station,portable battery,portable battery.,0.2,0.2,3,0.6948,"[2245.041015625, 1180.795654296875, 2700.490966796875, 1568.1461181640625]",1
frame_0054.png,extras,portable_power_station,power station,power station.,0.2,0.2,3,0.4228,"[2245.5234375, 1183.2071533203125, 2702.419677734375, 1573.922119140625]",1
frame_0054.png,extras,portable_power_station,large battery pack,large battery pack.,0.2,0.2,1,0.8067,"[2241.781494140625, 1175.4012451171875, 2705.014892578125, 1570.5294189453125]",1
frame_0054.png,extras,rectangular_table,rectangular table,rectangular table.,0.2,0.2,4,0.5637,"[1028.97216796875, 861.9977416992188, 1264.9918212890625, 1053.4942626953125]",1
frame_0054.png,extras,rectangular_table,outdoor table,outdoor table.,0.2,0.2,3,0.5407,"[1029.687744140625, 863.0152587890625, 1263.8038330078125, 1052.650146484375]",1
frame_0054.png,extras,rectangular_table,long rectangular table,long rectangular table.,0.2,0.2,7,0.2974,"[1026.3131103515625, 860.0535888671875, 1266.968994140625, 1054.772216796875]",1
frame_0054.png,extras,rectangular_table,picnic table,picnic table.,0.2,0.2,2,0.5469,"[1029.41650390625, 862.7810668945312, 1263.5906982421875, 1051.546875]",1
frame_0054.png,extras,rectangular_table,folding table,folding table.,0.2,0.2,4,0.4669,"[1031.1719970703125, 865.6693725585938, 1263.2496337890625, 1052.3145751953125]",1
frame_0054.png,extras,rectangular_table,work table,work table.,0.2,0.2,3,0.5277,"[1028.4647216796875, 861.0110473632812, 1264.638916015625, 1052.8277587890625]",1
frame_0054.png,extras,rectangular_table,outdoor wooden table,outdoor wooden table.,0.2,0.2,2,0.564,"[1026.180908203125, 859.4989013671875, 1268.09521484375, 1054.6417236328125]",1
frame_0054.png,extras,traffic_cone,traffic cone,traffic cone.,0.2,0.2,0,0.0,,0
frame_0054.png,extras,traffic_cone,road cone,road cone.,0.2,0.2,1,0.2306,"[333.9744567871094, 1439.950439453125, 533.7765502929688, 1750.0128173828125]",1
frame_0054.png,extras,traffic_cone,safety cone,safety cone.,0.2,0.2,0,0.0,,0
frame_0054.png,extras,traffic_cone,orange cone,orange cone.,0.2,0.2,2,0.2346,"[2247.33935546875, 1181.63720703125, 2705.480224609375, 1576.9122314453125]",1
frame_0054.png,extras,traffic_cone,construction cone,construction cone.,0.2,0.2,6,0.3281,"[2245.708251953125, 1181.688720703125, 2704.987548828125, 1575.3814697265625]",1
frame_0054.png,extras,traffic_cone,orange traffic cone,orange traffic cone.,0.2,0.2,1,0.2139,"[421.96038818359375, 817.98681640625, 701.2142944335938, 1074.7196044921875]",1
frame_0054.png,extras,trolley,trolley,trolley.,0.2,0.2,7,0.5371,"[428.599609375, 820.9559936523438, 696.4614868164062, 1069.6033935546875]",1
frame_0054.png,extras,trolley,hand cart,hand cart.,0.2,0.2,7,0.4707,"[426.2469482421875, 819.8569946289062, 697.8060913085938, 1071.861572265625]",1
frame_0054.png,extras,trolley,hand truck,hand truck.,0.2,0.2,7,0.4399,"[967.6975708007812, 413.52020263671875, 1358.16650390625, 996.0473022460938]",1
frame_0054.png,extras,trolley,luggage cart,luggage cart.,0.2,0.2,8,0.5923,"[425.2732849121094, 819.0081787109375, 697.8204956054688, 1072.73193359375]",1
frame_0054.png,extras,trolley,flatbed cart,flatbed cart.,0.2,0.2,4,0.3245,"[424.5997314453125, 818.63623046875, 699.7164306640625, 1073.1826171875]",1
frame_0054.png,extras,trolley,push cart,push cart.,0.2,0.2,6,0.5507,"[425.1191101074219, 818.878662109375, 698.1085815429688, 1073.1590576171875]",1
frame_0054.png,extras,trolley,utility cart,utility cart.,0.2,0.2,5,0.503,"[423.57916259765625, 818.2217407226562, 699.1950073242188, 1073.88623046875]",1
frame_0054.png,extras,trolley,metal trolley,metal trolley.,0.2,0.2,3,0.4808,"[1428.7366943359375, 714.505615234375, 1859.84375, 1128.2286376953125]",1
frame_0055.png,production,trailer,ALL_GROUP,utility trailer. open trailer. vehicle trailer. covered trailer.,0.18,0.18,6,0.396,"[1763.278076171875, 821.4706420898438, 2878.849365234375, 1161.45166015625]",1
frame_0055.png,production,electric utility vehicle+electric wheelchair+electric scooter,ALL_GROUP,electric utility vehicle. small electric cart. golf cart. white utility vehicle. powered mobility scooter. motorized wheelchair. mobility chair. electric wheelchair. two-wheeled scooter. stand-up scooter. electric kick scooter. kick scooter.,0.2,0.2,10,0.3883,"[407.1445617675781, 815.098876953125, 687.3004150390625, 1077.03125]",1
frame_0055.png,production,trolley,ALL_GROUP,trolley. hand cart. utility cart. push cart.,0.22,0.22,9,0.3777,"[409.8099365234375, 816.2077026367188, 685.2208251953125, 1075.244140625]",1
frame_0055.png,production,pair of ramps+basketball,ALL_GROUP,metal ramps on ground. two metal ramps. pair of ramps. vehicle loading ramp. round orange ball. rubber ball on ground. sports ball. basketball.,0.18,0.18,23,0.3869,"[1155.8731689453125, 1642.6402587890625, 1665.4019775390625, 1852.3621826171875]",1
frame_0055.png,production,portable power station+umbrella,ALL_GROUP,portable power station. large power bank. battery box. power generator box. folded umbrella. open umbrella. shade umbrella. umbrella.,0.2,0.2,2,0.2846,"[2308.375732421875, 1199.443115234375, 2803.198486328125, 1630.052490234375]",1
frame_0055.png,production,rectangular table,ALL_GROUP,rectangular table. outdoor table. picnic table. folding table.,0.24,0.24,4,0.3391,"[1022.8614501953125, 861.983154296875, 1265.013671875, 1053.009521484375]",1
frame_0055.png,production,cardboard box,ALL_GROUP,cardboard box. brown cardboard box. shipping box.,0.26,0.26,1,0.3827,"[2334.058349609375, 607.0441284179688, 2627.049560546875, 842.8570556640625]",1
frame_0055.png,production,chair,ALL_GROUP,chair. folding chair. outdoor chair. plastic chair.,0.3,0.3,1,0.3858,"[412.2896728515625, 816.99462890625, 684.7051391601562, 1073.3565673828125]",1
frame_0055.png,production,traffic cone,ALL_GROUP,traffic cone. road cone. safety cone. orange cone.,0.22,0.22,0,0.0,,0
frame_0055.png,production,prohibition sign,ALL_GROUP,red sign on ground. red circular sign. prohibition sign. red prohibition sign.,0.2,0.2,5,0.3499,"[971.3072509765625, 583.989990234375, 1297.8580322265625, 793.3171997070312]",1
frame_0055.png,extras,cardboard_box,cardboard box,cardboard box.,0.2,0.2,2,0.5273,"[2333.619873046875, 607.218017578125, 2627.8935546875, 843.9813232421875]",1
frame_0055.png,extras,cardboard_box,brown cardboard box,brown cardboard box.,0.2,0.2,1,0.6942,"[2331.414794921875, 605.250732421875, 2627.80029296875, 845.5437622070312]",1
frame_0055.png,extras,cardboard_box,shipping box,shipping box.,0.2,0.2,7,0.375,"[2309.72216796875, 1202.2886962890625, 2802.612548828125, 1629.8414306640625]",1
frame_0055.png,extras,cardboard_box,small box,small box.,0.2,0.2,4,0.6103,"[2307.904052734375, 1197.413330078125, 2803.40966796875, 1628.8883056640625]",1
frame_0055.png,extras,cardboard_box,package box,package box.,0.2,0.2,4,0.3378,"[2310.81591796875, 1202.2974853515625, 2802.151123046875, 1628.529541015625]",1
frame_0055.png,extras,cardboard_box,stacked box,stacked box.,0.2,0.2,5,0.3308,"[2334.060302734375, 608.2684936523438, 2715.0595703125, 847.011474609375]",1
frame_0055.png,extras,cardboard_box,outdoor cardboard box,outdoor cardboard box.,0.2,0.2,1,0.6256,"[2329.95556640625, 605.2158203125, 2649.229248046875, 845.9811401367188]",1
frame_0055.png,extras,chair,chair,chair.,0.2,0.2,5,0.3198,"[414.9637451171875, 817.9392700195312, 681.3885498046875, 1069.94921875]",1
frame_0055.png,extras,chair,armless chair,armless chair.,0.2,0.2,3,0.4231,"[410.4867248535156, 814.64697265625, 686.5991821289062, 1075.1529541015625]",1
frame_0055.png,extras,chair,outdoor chair,outdoor chair.,0.2,0.2,5,0.4995,"[410.9835510253906, 815.4539794921875, 684.4793701171875, 1073.52734375]",1
frame_0055.png,extras,chair,plastic chair,plastic chair.,0.2,0.2,4,0.3426,"[1993.931640625, 825.0279541015625, 2217.0244140625, 927.7484741210938]",1
frame_0055.png,extras,chair,folding chair,folding chair.,0.2,0.2,3,0.4681,"[412.69610595703125, 816.6843872070312, 684.8870849609375, 1073.8466796875]",1
frame_0055.png,extras,chair,metal chair,metal chair.,0.2,0.2,4,0.4478,"[409.5970458984375, 813.77392578125, 685.4493408203125, 1074.0484619140625]",1
frame_0055.png,extras,electric_utility_vehicle,electric utility vehicle,electric utility vehicle.,0.2,0.2,6,0.4793,"[410.5097351074219, 816.1148071289062, 684.5625, 1074.9244384765625]",1
frame_0055.png,extras,electric_utility_vehicle,small electric cart,small electric cart.,0.2,0.2,4,0.3979,"[403.8044738769531, 812.7213745117188, 690.7923583984375, 1080.0078125]",1
frame_0055.png,extras,electric_utility_vehicle,utility vehicle,utility vehicle.,0.2,0.2,6,0.5681,"[411.1064758300781, 816.3519897460938, 683.4766845703125, 1074.053955078125]",1
frame_0055.png,extras,electric_utility_vehicle,golf cart,golf cart.,0.2,0.2,4,0.4221,"[410.3369445800781, 816.9193725585938, 684.6824951171875, 1074.4075927734375]",1
frame_0055.png,extras,electric_utility_vehicle,electric cart,electric cart.,0.2,0.2,4,0.526,"[409.3951416015625, 815.7986450195312, 684.6260986328125, 1075.3778076171875]",1
frame_0055.png,extras,electric_utility_vehicle,small white utility vehicle,small white utility vehicle.,0.2,0.2,3,0.4906,"[1426.591796875, 619.9512939453125, 1878.81982421875, 1136.603759765625]",1
frame_0055.png,extras,electric_utility_vehicle,white utility cart,white utility cart.,0.2,0.2,3,0.4824,"[1428.9627685546875, 621.201416015625, 1875.370849609375, 1135.369384765625]",1
frame_0055.png,extras,portable_power_station,portable power station,portable power station.,0.2,0.2,2,0.5344,"[2307.439208984375, 1197.933837890625, 2805.21240234375, 1631.6170654296875]",1
frame_0055.png,extras,portable_power_station,large power bank,large power bank.,0.2,0.2,3,0.4298,"[2304.488525390625, 1196.4307861328125, 2806.5546875, 1632.1798095703125]",1
frame_0055.png,extras,portable_power_station,battery box,battery box.,0.2,0.2,5,0.5303,"[2310.485595703125, 1201.349365234375, 2801.679931640625, 1629.222412109375]",1
frame_0055.png,extras,portable_power_station,power generator box,power generator box.,0.2,0.2,2,0.6488,"[2308.76025390625, 1198.9871826171875, 2803.004150390625, 1630.1907958984375]",1
frame_0055.png,extras,portable_power_station,portable battery,portable battery.,0.2,0.2,2,0.742,"[2308.556884765625, 1199.292236328125, 2802.7275390625, 1630.17626953125]",1
frame_0055.png,extras,portable_power_station,power station,power station.,0.2,0.2,3,0.4116,"[2309.19091796875, 1202.04541015625, 2803.986572265625, 1631.5906982421875]",1
frame_0055.png,extras,portable_power_station,large battery pack,large battery pack.,0.2,0.2,1,0.8646,"[2304.93310546875, 1194.3160400390625, 2805.59228515625, 1630.7119140625]",1
frame_0055.png,extras,rectangular_table,rectangular table,rectangular table.,0.2,0.2,4,0.4401,"[1020.7421264648438, 860.04296875, 1266.7127685546875, 1055.5693359375]",1
frame_0055.png,extras,rectangular_table,outdoor table,outdoor table.,0.2,0.2,4,0.4007,"[1021.56689453125, 861.5551147460938, 1265.5072021484375, 1054.53271484375]",1
frame_0055.png,extras,rectangular_table,long rectangular table,long rectangular table.,0.2,0.2,5,0.3135,"[1759.329833984375, 836.811767578125, 2876.330078125, 1146.597900390625]",1
frame_0055.png,extras,rectangular_table,picnic table,picnic table.,0.2,0.2,4,0.4273,"[1021.9623413085938, 860.22314453125, 1264.99658203125, 1051.0052490234375]",1
frame_0055.png,extras,rectangular_table,folding table,folding table.,0.2,0.2,3,0.3681,"[1022.7769165039062, 863.4641723632812, 1266.0638427734375, 1054.7657470703125]",1
frame_0055.png,extras,rectangular_table,work table,work table.,0.2,0.2,4,0.4235,"[1021.1968994140625, 859.2205810546875, 1266.31201171875, 1054.1575927734375]",1
frame_0055.png,extras,rectangular_table,outdoor wooden table,outdoor wooden table.,0.2,0.2,4,0.3988,"[1018.0571899414062, 857.2587280273438, 1269.230712890625, 1056.0399169921875]",1
frame_0055.png,extras,traffic_cone,traffic cone,traffic cone.,0.2,0.2,0,0.0,,0
frame_0055.png,extras,traffic_cone,road cone,road cone.,0.2,0.2,3,0.2409,"[2310.57470703125, 1201.23095703125, 2804.431396484375, 1630.9312744140625]",1
frame_0055.png,extras,traffic_cone,safety cone,safety cone.,0.2,0.2,2,0.2509,"[2311.38671875, 1202.2261962890625, 2802.834228515625, 1630.976806640625]",1
frame_0055.png,extras,traffic_cone,orange cone,orange cone.,0.2,0.2,3,0.26,"[2310.300048828125, 1202.01904296875, 2803.326171875, 1630.036376953125]",1
frame_0055.png,extras,traffic_cone,construction cone,construction cone.,0.2,0.2,4,0.3866,"[2309.165771484375, 1199.8482666015625, 2804.6044921875, 1631.6702880859375]",1
frame_0055.png,extras,traffic_cone,orange traffic cone,orange traffic cone.,0.2,0.2,3,0.2398,"[407.8126220703125, 815.829833984375, 688.2418212890625, 1076.4371337890625]",1
frame_0055.png,extras,trolley,trolley,trolley.,0.2,0.2,4,0.5088,"[413.54913330078125, 818.11474609375, 682.1973876953125, 1071.268798828125]",1
frame_0055.png,extras,trolley,hand cart,hand cart.,0.2,0.2,6,0.4603,"[411.4794921875, 816.752685546875, 683.8155517578125, 1073.3333740234375]",1
frame_0055.png,extras,trolley,hand truck,hand truck.,0.2,0.2,6,0.4061,"[411.6777038574219, 816.7579345703125, 683.8427734375, 1073.5509033203125]",1
frame_0055.png,extras,trolley,luggage cart,luggage cart.,0.2,0.2,7,0.5624,"[410.13262939453125, 815.9658813476562, 684.0938720703125, 1074.1484375]",1
frame_0055.png,extras,trolley,flatbed cart,flatbed cart.,0.2,0.2,3,0.3531,"[409.4503173828125, 815.2804565429688, 685.635986328125, 1074.5855712890625]",1
frame_0055.png,extras,trolley,push cart,push cart.,0.2,0.2,3,0.5384,"[410.09173583984375, 815.8425903320312, 684.150146484375, 1074.866943359375]",1
frame_0055.png,extras,trolley,utility cart,utility cart.,0.2,0.2,3,0.4672,"[409.0205993652344, 815.2804565429688, 685.1349487304688, 1075.366943359375]",1
frame_0055.png,extras,trolley,metal trolley,metal trolley.,0.2,0.2,4,0.4519,"[1429.6927490234375, 631.55029296875, 1874.43994140625, 1134.744873046875]",1
frame_0056.png,production,trailer,ALL_GROUP,utility trailer. open trailer. vehicle trailer. covered trailer.,0.18,0.18,6,0.4234,"[961.7088623046875, 371.15771484375, 1374.0118408203125, 999.6854248046875]",1
frame_0056.png,production,electric utility vehicle+electric wheelchair+electric scooter,ALL_GROUP,electric utility vehicle. small electric cart. golf cart. white utility vehicle. powered mobility scooter. motorized wheelchair. mobility chair. electric wheelchair. two-wheeled scooter. stand-up scooter. electric kick scooter. kick scooter.,0.2,0.2,9,0.3785,"[1866.2208251953125, 783.9752197265625, 2876.098388671875, 1227.78271484375]",1
frame_0056.png,production,trolley,ALL_GROUP,trolley. hand cart. utility cart. push cart.,0.22,0.22,4,0.3799,"[323.52740478515625, 804.0098876953125, 620.4780883789062, 1094.043701171875]",1
frame_0056.png,production,pair of ramps+basketball,ALL_GROUP,metal ramps on ground. two metal ramps. pair of ramps. vehicle loading ramp. round orange ball. rubber ball on ground. sports ball. basketball.,0.18,0.18,22,0.3838,"[1150.483642578125, 1643.2279052734375, 1663.5955810546875, 1851.174072265625]",1
frame_0056.png,production,portable power station+umbrella,ALL_GROUP,portable power station. large power bank. battery box. power generator box. folded umbrella. open umbrella. shade umbrella. umbrella.,0.2,0.2,0,0.0,,0
frame_0056.png,production,rectangular table,ALL_GROUP,rectangular table. outdoor table. picnic table. folding table.,0.24,0.24,2,0.3419,"[1001.5358276367188, 850.327880859375, 1280.1751708984375, 1068.74365234375]",1
frame_0056.png,production,cardboard box,ALL_GROUP,cardboard box. brown cardboard box. shipping box.,0.26,0.26,1,0.3998,"[2524.339599609375, 624.2197875976562, 2842.568603515625, 821.9862670898438]",1
frame_0056.png,production,chair,ALL_GROUP,chair. folding chair. outdoor chair. plastic chair.,0.3,0.3,1,0.3435,"[325.9480285644531, 804.9598388671875, 620.5919189453125, 1091.3720703125]",1
frame_0056.png,production,traffic cone,ALL_GROUP,traffic cone. road cone. safety cone. orange cone.,0.22,0.22,0,0.0,,0
frame_0056.png,production,prohibition sign,ALL_GROUP,red sign on ground. red circular sign. prohibition sign. red prohibition sign.,0.2,0.2,7,0.4398,"[956.842041015625, 369.9434814453125, 1372.607177734375, 1001.14892578125]",1
frame_0056.png,extras,cardboard_box,cardboard box,cardboard box.,0.2,0.2,3,0.4232,"[2521.757568359375, 623.2694702148438, 2844.335693359375, 823.1925659179688]",1
frame_0056.png,extras,cardboard_box,brown cardboard box,brown cardboard box.,0.2,0.2,2,0.4676,"[2523.92822265625, 620.3460693359375, 2845.10302734375, 823.7340087890625]",1
frame_0056.png,extras,cardboard_box,shipping box,shipping box.,0.2,0.2,4,0.4242,"[2525.76708984375, 625.2815551757812, 2843.14599609375, 822.0400390625]",1
frame_0056.png,extras,cardboard_box,small box,small box.,0.2,0.2,3,0.5012,"[2520.72802734375, 621.806640625, 2844.15283203125, 823.6698608398438]",1
frame_0056.png,extras,cardboard_box,package box,package box.,0.2,0.2,3,0.273,"[2498.23876953125, 540.3020629882812, 2876.80029296875, 823.9657592773438]",1
frame_0056.png,extras,cardboard_box,stacked box,stacked box.,0.2,0.2,4,0.3779,"[2523.6708984375, 625.0690307617188, 2843.62841796875, 822.740478515625]",1
frame_0056.png,extras,cardboard_box,outdoor cardboard box,outdoor cardboard box.,0.2,0.2,3,0.4251,"[2515.4443359375, 620.982177734375, 2845.599609375, 824.1358642578125]",1
frame_0056.png,extras,chair,chair,chair.,0.2,0.2,2,0.4149,"[363.1675720214844, 806.8241577148438, 573.5125122070312, 955.3676147460938]",1
frame_0056.png,extras,chair,armless chair,armless chair.,0.2,0.2,3,0.4529,"[323.8285827636719, 802.5263671875, 621.6107788085938, 1091.9739990234375]",1
frame_0056.png,extras,chair,outdoor chair,outdoor chair.,0.2,0.2,3,0.4633,"[324.3956604003906, 803.0520629882812, 620.0975952148438, 1090.749267578125]",1
frame_0056.png,extras,chair,plastic chair,plastic chair.,0.2,0.2,3,0.363,"[361.1322021484375, 804.3085327148438, 575.0974731445312, 961.0761108398438]",1
frame_0056.png,extras,chair,folding chair,folding chair.,0.2,0.2,3,0.4342,"[326.0541687011719, 804.7437744140625, 620.2566528320312, 1090.9830322265625]",1
frame_0056.png,extras,chair,metal chair,metal chair.,0.2,0.2,4,0.3897,"[323.0133361816406, 800.7935180664062, 621.26220703125, 1090.804931640625]",1
frame_0056.png,extras,electric_utility_vehicle,electric utility vehicle,electric utility vehicle.,0.2,0.2,6,0.5249,"[323.1912841796875, 804.2517700195312, 620.1194458007812, 1093.86279296875]",1
frame_0056.png,extras,electric_utility_vehicle,small electric cart,small electric cart.,0.2,0.2,2,0.5427,"[318.7606201171875, 800.4876708984375, 626.0052490234375, 1097.8331298828125]",1
frame_0056.png,extras,electric_utility_vehicle,utility vehicle,utility vehicle.,0.2,0.2,6,0.6175,"[323.9841613769531, 804.6009521484375, 619.1466064453125, 1093.004150390625]",1
frame_0056.png,extras,electric_utility_vehicle,golf cart,golf cart.,0.2,0.2,5,0.4389,"[323.67388916015625, 804.7274169921875, 620.2465209960938, 1093.0018310546875]",1
frame_0056.png,extras,electric_utility_vehicle,electric cart,electric cart.,0.2,0.2,2,0.5801,"[322.9106140136719, 803.9623413085938, 620.4418334960938, 1094.208984375]",1
frame_0056.png,extras,electric_utility_vehicle,small white utility vehicle,small white utility vehicle.,0.2,0.2,4,0.4357,"[1460.626953125, 565.3779907226562, 2033.1932373046875, 1190.3536376953125]",1
frame_0056.png,extras,electric_utility_vehicle,white utility cart,white utility cart.,0.2,0.2,4,0.4175,"[1463.3189697265625, 561.6488037109375, 2027.123291015625, 1189.1287841796875]",1
frame_0056.png,extras,portable_power_station,portable power station,portable power station.,0.2,0.2,3,0.5326,"[957.3740234375, 367.4658508300781, 1372.9200439453125, 1015.73828125]",1
frame_0056.png,extras,portable_power_station,large power bank,large power bank.,0.2,0.2,2,0.5113,"[954.6650390625, 367.6999816894531, 1377.7874755859375, 1001.0493774414062]",1
frame_0056.png,extras,portable_power_station,battery box,battery box.,0.2,0.2,1,0.2533,"[2527.737548828125, 623.951171875, 2843.59814453125, 822.4788208007812]",1
frame_0056.png,extras,portable_power_station,power generator box,power generator box.,0.2,0.2,2,0.2939,"[1070.177490234375, 765.0123291015625, 1193.398193359375, 860.7753295898438]",1
frame_0056.png,extras,portable_power_station,portable battery,portable battery.,0.2,0.2,3,0.3899,"[1070.5506591796875, 765.751708984375, 1192.822998046875, 860.1073608398438]",1
frame_0056.png,extras,portable_power_station,power station,power station.,0.2,0.2,3,0.4779,"[961.2293090820312, 369.5415954589844, 1372.0150146484375, 1009.58349609375]",1
frame_0056.png,extras,portable_power_station,large battery pack,large battery pack.,0.2,0.2,2,0.6174,"[956.6192626953125, 368.2498474121094, 1377.21435546875, 1001.3193359375]",1
frame_0056.png,extras,rectangular_table,rectangular table,rectangular table.,0.2,0.2,2,0.4957,"[998.8323364257812, 847.2649536132812, 1281.3646240234375, 1071.6719970703125]",1
frame_0056.png,extras,rectangular_table,outdoor table,outdoor table.,0.2,0.2,4,0.4565,"[999.87158203125, 849.0159301757812, 1281.788330078125, 1069.755615234375]",1
frame_0056.png,extras,rectangular_table,long rectangular table,long rectangular table.,0.2,0.2,4,0.3204,"[996.37255859375, 844.6410522460938, 1284.353271484375, 1073.880859375]",1
frame_0056.png,extras,rectangular_table,picnic table,picnic table.,0.2,0.2,3,0.459,"[1000.1243896484375, 848.2831420898438, 1278.727783203125, 1059.81640625]",1
frame_0056.png,extras,rectangular_table,folding table,folding table.,0.2,0.2,4,0.3931,"[1001.3108520507812, 851.2168579101562, 1281.865966796875, 1070.7960205078125]",1
frame_0056.png,extras,rectangular_table,work table,work table.,0.2,0.2,5,0.4593,"[998.9623413085938, 846.8321533203125, 1281.1387939453125, 1068.5018310546875]",1
frame_0056.png,extras,rectangular_table,outdoor wooden table,outdoor wooden table.,0.2,0.2,3,0.4877,"[995.8681640625, 843.9442749023438, 1283.8905029296875, 1069.6790771484375]",1
frame_0056.png,extras,traffic_cone,traffic cone,traffic cone.,0.2,0.2,1,0.2066,"[1294.63427734375, 936.3051147460938, 1344.88818359375, 1000.2014770507812]",1
frame_0056.png,extras,traffic_cone,road cone,road cone.,0.2,0.2,3,0.2511,"[1467.0048828125, 541.679443359375, 2025.9879150390625, 1186.0728759765625]",1
frame_0056.png,extras,traffic_cone,safety cone,safety cone.,0.2,0.2,4,0.2537,"[1468.30615234375, 541.49267578125, 2025.078125, 1185.56689453125]",1
frame_0056.png,extras,traffic_cone,orange cone,orange cone.,0.2,0.2,4,0.3092,"[1467.5032958984375, 544.4585571289062, 2026.4100341796875, 1186.688720703125]",1
frame_0056.png,extras,traffic_cone,construction cone,construction cone.,0.2,0.2,4,0.3279,"[1466.1390380859375, 541.482177734375, 2026.56640625, 1187.019775390625]",1
frame_0056.png,extras,traffic_cone,orange traffic cone,orange traffic cone.,0.2,0.2,3,0.2632,"[1463.84033203125, 544.0888671875, 2031.169189453125, 1188.7427978515625]",1
frame_0056.png,extras,trolley,trolley,trolley.,0.2,0.2,4,0.509,"[326.041015625, 806.3446044921875, 617.7743530273438, 1090.495361328125]",1
frame_0056.png,extras,trolley,hand cart,hand cart.,0.2,0.2,6,0.4985,"[324.7042236328125, 804.7190551757812, 619.459716796875, 1092.199462890625]",1
frame_0056.png,extras,trolley,hand truck,hand truck.,0.2,0.2,5,0.377,"[324.1603088378906, 804.9298706054688, 619.3517456054688, 1092.8011474609375]",1
frame_0056.png,extras,trolley,luggage cart,luggage cart.,0.2,0.2,5,0.6097,"[323.8099060058594, 804.0309448242188, 619.7391967773438, 1092.6927490234375]",1
frame_0056.png,extras,trolley,flatbed cart,flatbed cart.,0.2,0.2,4,0.4213,"[1467.887939453125, 542.5841674804688, 2027.345703125, 1186.829833984375]",1
frame_0056.png,extras,trolley,push cart,push cart.,0.2,0.2,3,0.5713,"[323.50860595703125, 804.1360473632812, 619.9961547851562, 1093.8348388671875]",1
frame_0056.png,extras,trolley,utility cart,utility cart.,0.2,0.2,2,0.51,"[323.0666198730469, 803.4296264648438, 620.8101806640625, 1094.1534423828125]",1
frame_0056.png,extras,trolley,metal trolley,metal trolley.,0.2,0.2,2,0.5662,"[1466.48974609375, 542.5498046875, 2025.98193359375, 1187.5728759765625]",1
frame_0057.png,production,trailer,ALL_GROUP,utility trailer. open trailer. vehicle trailer. covered trailer.,0.18,0.18,5,0.443,"[1102.0777587890625, 2.400108575820923, 2877.52392578125, 1255.4356689453125]",1
frame_0057.png,production,electric utility vehicle+electric wheelchair+electric scooter,ALL_GROUP,electric utility vehicle. small electric cart. golf cart. white utility vehicle. powered mobility scooter. motorized wheelchair. mobility chair. electric wheelchair. two-wheeled scooter. stand-up scooter. electric kick scooter. kick scooter.,0.2,0.2,9,0.3954,"[332.96282958984375, 799.7968139648438, 639.6624145507812, 1099.46142578125]",1
frame_0057.png,production,trolley,ALL_GROUP,trolley. hand cart. utility cart. push cart.,0.22,0.22,6,0.3751,"[1513.019287109375, 502.2776794433594, 2119.357177734375, 1209.744140625]",1
frame_0057.png,production,pair of ramps+basketball,ALL_GROUP,metal ramps on ground. two metal ramps. pair of ramps. vehicle loading ramp. round orange ball. rubber ball on ground. sports ball. basketball.,0.18,0.18,23,0.3547,"[1147.1011962890625, 1642.9786376953125, 1670.382568359375, 1852.0924072265625]",1
frame_0057.png,production,portable power station+umbrella,ALL_GROUP,portable power station. large power bank. battery box. power generator box. folded umbrella. open umbrella. shade umbrella. umbrella.,0.2,0.2,1,0.2086,"[989.9081420898438, 359.35479736328125, 1410.0107421875, 1003.8436279296875]",1
frame_0057.png,production,rectangular table,ALL_GROUP,rectangular table. outdoor table. picnic table. folding table.,0.24,0.24,2,0.3462,"[1025.0458984375, 848.2244873046875, 1313.5931396484375, 1074.430419921875]",1
frame_0057.png,production,cardboard box,ALL_GROUP,cardboard box. brown cardboard box. shipping box.,0.26,0.26,0,0.0,,0
frame_0057.png,production,chair,ALL_GROUP,chair. folding chair. outdoor chair. plastic chair.,0.3,0.3,1,0.3504,"[338.8739013671875, 802.8125610351562, 636.0482177734375, 1094.6124267578125]",1
frame_0057.png,production,traffic cone,ALL_GROUP,traffic cone. road cone. safety cone. orange cone.,0.22,0.22,0,0.0,,0
frame_0057.png,production,prohibition sign,ALL_GROUP,red sign on ground. red circular sign. prohibition sign. red prohibition sign.,0.2,0.2,8,0.3583,"[986.48388671875, 358.8529052734375, 1404.5723876953125, 998.9550170898438]",1
frame_0057.png,extras,cardboard_box,cardboard box,cardboard box.,0.2,0.2,3,0.2797,"[2605.381103515625, 592.2994384765625, 2877.338134765625, 819.8978881835938]",1
frame_0057.png,extras,cardboard_box,brown cardboard box,brown cardboard box.,0.2,0.2,3,0.4058,"[2608.9462890625, 587.8510131835938, 2875.95263671875, 819.2892456054688]",1
frame_0057.png,extras,cardboard_box,shipping box,shipping box.,0.2,0.2,4,0.4396,"[994.0299072265625, 363.2495422363281, 1408.0750732421875, 996.8890991210938]",1
frame_0057.png,extras,cardboard_box,small box,small box.,0.2,0.2,4,0.2914,"[2765.07275390625, 562.0947875976562, 2877.265380859375, 624.1478271484375]",1
frame_0057.png,extras,cardboard_box,package box,package box.,0.2,0.2,0,0.0,,0
frame_0057.png,extras,cardboard_box,stacked box,stacked box.,0.2,0.2,3,0.3197,"[994.78955078125, 363.00750732421875, 1407.243896484375, 993.1322021484375]",1
frame_0057.png,extras,cardboard_box,outdoor cardboard box,outdoor cardboard box.,0.2,0.2,4,0.3787,"[2603.20458984375, 588.0663452148438, 2876.587646484375, 817.4271850585938]",1
frame_0057.png,extras,chair,chair,chair.,0.2,0.2,5,0.3108,"[1887.00634765625, 775.3334350585938, 1968.6207275390625, 876.0015258789062]",1
frame_0057.png,extras,chair,armless chair,armless chair.,0.2,0.2,3,0.3973,"[336.6927490234375, 800.4702758789062, 637.0557861328125, 1095.75390625]",1
frame_0057.png,extras,chair,outdoor chair,outdoor chair.,0.2,0.2,3,0.4679,"[337.2950744628906, 801.1449584960938, 635.580322265625, 1094.596923828125]",1
frame_0057.png,extras,chair,plastic chair,plastic chair.,0.2,0.2,4,0.3375,"[337.8482971191406, 800.9473266601562, 635.7618408203125, 1093.8934326171875]",1
frame_0057.png,extras,chair,folding chair,folding chair.,0.2,0.2,2,0.4286,"[338.8889465332031, 802.6057739257812, 635.4306640625, 1094.888671875]",1
frame_0057.png,extras,chair,metal chair,metal chair.,0.2,0.2,4,0.3786,"[336.3084411621094, 798.90380859375, 636.8961181640625, 1095.0643310546875]",1
frame_0057.png,extras,electric_utility_vehicle,electric utility vehicle,electric utility vehicle.,0.2,0.2,5,0.5166,"[335.9813537597656, 802.5916137695312, 635.673095703125, 1096.9803466796875]",1
frame_0057.png,extras,electric_utility_vehicle,small electric cart,small electric cart.,0.2,0.2,2,0.4789,"[331.1377868652344, 799.1585083007812, 641.1047973632812, 1101.182373046875]",1
frame_0057.png,extras,electric_utility_vehicle,utility vehicle,utility vehicle.,0.2,0.2,6,0.6395,"[336.7607727050781, 802.8624267578125, 634.6271362304688, 1095.9532470703125]",1
frame_0057.png,extras,electric_utility_vehicle,golf cart,golf cart.,0.2,0.2,4,0.4222,"[1514.526123046875, 502.42950439453125, 2119.376953125, 1208.876708984375]",1
frame_0057.png,extras,electric_utility_vehicle,electric cart,electric cart.,0.2,0.2,2,0.5224,"[1512.087646484375, 502.299072265625, 2120.14453125, 1208.8033447265625]",1
frame_0057.png,extras,electric_utility_vehicle,small white utility vehicle,small white utility vehicle.,0.2,0.2,2,0.5312,"[1506.29248046875, 501.4364929199219, 2122.862548828125, 1210.7779541015625]",1
frame_0057.png,extras,electric_utility_vehicle,white utility cart,white utility cart.,0.2,0.2,4,0.4233,"[1508.9033203125, 502.0971984863281, 2120.922119140625, 1210.473876953125]",1
frame_0057.png,extras,portable_power_station,portable power station,portable power station.,0.2,0.2,3,0.5655,"[988.9765625, 358.3998107910156, 1408.4031982421875, 1030.3642578125]",1
frame_0057.png,extras,portable_power_station,large power bank,large power bank.,0.2,0.2,3,0.5269,"[985.4180297851562, 358.1546936035156, 1413.87841796875, 1001.033203125]",1
frame_0057.png,extras,portable_power_station,battery box,battery box.,0.2,0.2,0,0.0,,0
frame_0057.png,extras,portable_power_station,power generator box,power generator box.,0.2,0.2,2,0.3617,"[1099.994873046875, 760.1835327148438, 1224.0528564453125, 859.859619140625]",1
frame_0057.png,extras,portable_power_station,portable battery,portable battery.,0.2,0.2,2,0.4603,"[1100.18994140625, 761.4052124023438, 1223.302978515625, 858.9744873046875]",1
frame_0057.png,extras,portable_power_station,power station,power station.,0.2,0.2,3,0.5035,"[991.8807373046875, 360.6048278808594, 1408.220458984375, 1021.1162109375]",1
frame_0057.png,extras,portable_power_station,large battery pack,large battery pack.,0.2,0.2,2,0.6866,"[987.6041259765625, 357.95623779296875, 1413.3377685546875, 1000.2931518554688]",1
frame_0057.png,extras,rectangular_table,rectangular table,rectangular table.,0.2,0.2,1,0.6102,"[1022.7988891601562, 846.1925048828125, 1316.218017578125, 1078.474853515625]",1
frame_0057.png,extras,rectangular_table,outdoor table,outdoor table.,0.2,0.2,3,0.5587,"[1023.21435546875, 847.3757934570312, 1314.796630859375, 1078.2686767578125]",1
frame_0057.png,extras,rectangular_table,long rectangular table,long rectangular table.,0.2,0.2,4,0.4204,"[1020.1654663085938, 843.4827880859375, 1318.36669921875, 1080.06396484375]",1
frame_0057.png,extras,rectangular_table,picnic table,picnic table.,0.2,0.2,2,0.5208,"[1023.8646850585938, 846.8604736328125, 1313.6524658203125, 1076.3870849609375]",1
frame_0057.png,extras,rectangular_table,folding table,folding table.,0.2,0.2,2,0.4938,"[1025.1473388671875, 849.6651000976562, 1314.9630126953125, 1078.160888671875]",1
frame_0057.png,extras,rectangular_table,work table,work table.,0.2,0.2,3,0.514,"[1022.6176147460938, 845.4021606445312, 1314.996826171875, 1078.349853515625]",1
frame_0057.png,extras,rectangular_table,outdoor wooden table,outdoor wooden table.,0.2,0.2,2,0.6167,"[1020.0696411132812, 843.9295654296875, 1316.7056884765625, 1079.8663330078125]",1
frame_0057.png,extras,traffic_cone,traffic cone,traffic cone.,0.2,0.2,1,0.2153,"[1462.7904052734375, 924.363525390625, 1489.829833984375, 969.3466186523438]",1
frame_0057.png,extras,traffic_cone,road cone,road cone.,0.2,0.2,2,0.2847,"[1513.236083984375, 503.0295715332031, 2118.177978515625, 1207.4188232421875]",1
frame_0057.png,extras,traffic_cone,safety cone,safety cone.,0.2,0.2,2,0.2735,"[337.9170837402344, 804.10595703125, 635.3148803710938, 1095.2122802734375]",1
frame_0057.png,extras,traffic_cone,orange cone,orange cone.,0.2,0.2,3,0.3467,"[1459.4124755859375, 920.1764526367188, 1495.353271484375, 971.5663452148438]",1
frame_0057.png,extras,traffic_cone,construction cone,construction cone.,0.2,0.2,3,0.3361,"[336.0315246582031, 802.68359375, 636.7513427734375, 1096.933837890625]",1
frame_0057.png,extras,traffic_cone,orange traffic cone,orange traffic cone.,0.2,0.2,3,0.3164,"[1457.9139404296875, 917.822021484375, 1496.668212890625, 972.7569580078125]",1
frame_0057.png,extras,trolley,trolley,trolley.,0.2,0.2,4,0.516,"[339.3009033203125, 804.781494140625, 632.74853515625, 1094.2213134765625]",1
frame_0057.png,extras,trolley,hand cart,hand cart.,0.2,0.2,5,0.5029,"[337.5793151855469, 802.8878784179688, 634.75244140625, 1095.67236328125]",1
frame_0057.png,extras,trolley,hand truck,hand truck.,0.2,0.2,6,0.4099,"[1510.5841064453125, 503.5492858886719, 2119.423828125, 1208.8568115234375]",1
frame_0057.png,extras,trolley,luggage cart,luggage cart.,0.2,0.2,5,0.5817,"[336.76678466796875, 802.4557495117188, 634.9066162109375, 1095.916259765625]",1
frame_0057.png,extras,trolley,flatbed cart,flatbed cart.,0.2,0.2,4,0.4264,"[1514.0103759765625, 501.8047180175781, 2119.90673828125, 1209.0230712890625]",1
frame_0057.png,extras,trolley,push cart,push cart.,0.2,0.2,4,0.5558,"[336.523193359375, 802.2288208007812, 635.1454467773438, 1097.0103759765625]",1
frame_0057.png,extras,trolley,utility cart,utility cart.,0.2,0.2,2,0.4757,"[335.59619140625, 802.110595703125, 636.0994873046875, 1097.339599609375]",1
frame_0057.png,extras,trolley,metal trolley,metal trolley.,0.2,0.2,2,0.6,"[1512.1561279296875, 501.4210205078125, 2119.655517578125, 1208.53076171875]",1
frame_0058.png,production,trailer,ALL_GROUP,utility trailer. open trailer. vehicle trailer. covered trailer.,0.18,0.18,7,0.427,"[1944.4495849609375, 487.93756103515625, 2490.611572265625, 1015.79736328125]",1
frame_0058.png,production,electric utility vehicle+electric wheelchair+electric scooter,ALL_GROUP,electric utility vehicle. small electric cart. golf cart. white utility vehicle. powered mobility scooter. motorized wheelchair. mobility chair. electric wheelchair. two-wheeled scooter. stand-up scooter. electric kick scooter. kick scooter.,0.2,0.2,10,0.6194,"[1937.4588623046875, 482.42071533203125, 2504.968994140625, 1017.66455078125]",1
frame_0058.png,production,trolley,ALL_GROUP,trolley. hand cart. utility cart. push cart.,0.22,0.22,4,0.4227,"[535.8811645507812, 787.98095703125, 849.2605590820312, 1131.431396484375]",1
frame_0058.png,production,pair of ramps+basketball,ALL_GROUP,metal ramps on ground. two metal ramps. pair of ramps. vehicle loading ramp. round orange ball. rubber ball on ground. sports ball. basketball.,0.18,0.18,20,0.4131,"[1151.9149169921875, 1638.26806640625, 1686.4521484375, 1851.4266357421875]",1
frame_0058.png,production,portable power station+umbrella,ALL_GROUP,portable power station. large power bank. battery box. power generator box. folded umbrella. open umbrella. shade umbrella. umbrella.,0.2,0.2,1,0.2108,"[1296.09375, 254.4536895751953, 1748.941162109375, 1147.1629638671875]",1
frame_0058.png,production,rectangular table,ALL_GROUP,rectangular table. outdoor table. picnic table. folding table.,0.24,0.24,3,0.3566,"[1319.9932861328125, 815.9133911132812, 1719.519287109375, 1140.7093505859375]",1
frame_0058.png,production,cardboard box,ALL_GROUP,cardboard box. brown cardboard box. shipping box.,0.26,0.26,0,0.0,,0
frame_0058.png,production,chair,ALL_GROUP,chair. folding chair. outdoor chair. plastic chair.,0.3,0.3,1,0.3673,"[538.9523315429688, 788.2393188476562, 849.7472534179688, 1128.94189453125]",1
frame_0058.png,production,traffic cone,ALL_GROUP,traffic cone. road cone. safety cone. orange cone.,0.22,0.22,0,0.0,,0
frame_0058.png,production,prohibition sign,ALL_GROUP,red sign on ground. red circular sign. prohibition sign. red prohibition sign.,0.2,0.2,9,0.3541,"[1290.8265380859375, 254.69703674316406, 1751.0416259765625, 1144.9215087890625]",1
frame_0058.png,extras,cardboard_box,cardboard box,cardboard box.,0.2,0.2,0,0.0,,0
frame_0058.png,extras,cardboard_box,brown cardboard box,brown cardboard box.,0.2,0.2,4,0.2937,"[1297.2857666015625, 262.6520080566406, 1743.1541748046875, 1013.7252197265625]",1
frame_0058.png,extras,cardboard_box,shipping box,shipping box.,0.2,0.2,4,0.4431,"[1945.1796875, 487.953369140625, 2487.776611328125, 1014.2617797851562]",1
frame_0058.png,extras,cardboard_box,small box,small box.,0.2,0.2,4,0.3054,"[1421.9683837890625, 733.1649169921875, 1561.3177490234375, 832.1382446289062]",1
frame_0058.png,extras,cardboard_box,package box,package box.,0.2,0.2,0,0.0,,0
frame_0058.png,extras,cardboard_box,stacked box,stacked box.,0.2,0.2,1,0.2077,"[1300.0194091796875, 258.8150329589844, 1744.6217041015625, 1013.1010131835938]",1
frame_0058.png,extras,cardboard_box,outdoor cardboard box,outdoor cardboard box.,0.2,0.2,3,0.3475,"[1944.626708984375, 484.96551513671875, 2486.37744140625, 1002.999267578125]",1
frame_0058.png,extras,chair,chair,chair.,0.2,0.2,3,0.376,"[540.8521118164062, 789.2390747070312, 845.1703491210938, 1126.9425048828125]",1
frame_0058.png,extras,chair,armless chair,armless chair.,0.2,0.2,1,0.7061,"[537.1165771484375, 785.002197265625, 850.040771484375, 1129.149658203125]",1
frame_0058.png,extras,chair,outdoor chair,outdoor chair.,0.2,0.2,1,0.6928,"[537.2595825195312, 785.6865844726562, 848.9646606445312, 1128.76416015625]",1
frame_0058.png,extras,chair,plastic chair,plastic chair.,0.2,0.2,3,0.4624,"[535.8068237304688, 785.7525634765625, 849.1314697265625, 1126.847412109375]",1
frame_0058.png,extras,chair,folding chair,folding chair.,0.2,0.2,1,0.633,"[540.4818725585938, 787.9564819335938, 848.6294555664062, 1128.6566162109375]",1
frame_0058.png,extras,chair,metal chair,metal chair.,0.2,0.2,2,0.6587,"[533.2623291015625, 782.8605346679688, 850.2725219726562, 1129.0057373046875]",1
frame_0058.png,extras,electric_utility_vehicle,electric utility vehicle,electric utility vehicle.,0.2,0.2,6,0.4951,"[537.249755859375, 788.4010620117188, 849.1022338867188, 1131.03955078125]",1
frame_0058.png,extras,electric_utility_vehicle,small electric cart,small electric cart.,0.2,0.2,1,0.6874,"[530.3146362304688, 784.2158203125, 855.413330078125, 1134.783447265625]",1
frame_0058.png,extras,electric_utility_vehicle,utility vehicle,utility vehicle.,0.2,0.2,7,0.6066,"[538.1629638671875, 788.6240844726562, 847.9134521484375, 1130.5406494140625]",1
frame_0058.png,extras,electric_utility_vehicle,golf cart,golf cart.,0.2,0.2,3,0.4381,"[537.8889770507812, 789.4204711914062, 848.47607421875, 1130.1943359375]",1
frame_0058.png,extras,electric_utility_vehicle,electric cart,electric cart.,0.2,0.2,2,0.566,"[536.3853149414062, 788.3723754882812, 848.9837646484375, 1131.1346435546875]",1
frame_0058.png,extras,electric_utility_vehicle,small white utility vehicle,small white utility vehicle.,0.2,0.2,3,0.4419,"[531.0549926757812, 785.517822265625, 854.6875610351562, 1133.759521484375]",1
frame_0058.png,extras,electric_utility_vehicle,white utility cart,white utility cart.,0.2,0.2,2,0.486,"[532.922119140625, 787.7429809570312, 851.697265625, 1132.02392578125]",1
frame_0058.png,extras,portable_power_station,portable power station,portable power station.,0.2,0.2,1,0.6686,"[1293.7969970703125, 254.78506469726562, 1748.2303466796875, 1148.13525390625]",1
frame_0058.png,extras,portable_power_station,large power bank,large power bank.,0.2,0.2,4,0.3811,"[1290.78271484375, 252.40914916992188, 1754.833984375, 1140.4166259765625]",1
frame_0058.png,extras,portable_power_station,battery box,battery box.,0.2,0.2,0,0.0,,0
frame_0058.png,extras,portable_power_station,power generator box,power generator box.,0.2,0.2,3,0.251,"[1296.974609375, 254.6411895751953, 1745.320556640625, 1142.1851806640625]",1
frame_0058.png,extras,portable_power_station,portable battery,portable battery.,0.2,0.2,4,0.3443,"[1297.667724609375, 254.79859924316406, 1745.2520751953125, 1140.2664794921875]",1
frame_0058.png,extras,portable_power_station,power station,power station.,0.2,0.2,4,0.5296,"[1298.2767333984375, 255.8055419921875, 1746.9072265625, 1145.7916259765625]",1
frame_0058.png,extras,portable_power_station,large battery pack,large battery pack.,0.2,0.2,3,0.4015,"[1288.5379638671875, 251.1300048828125, 1756.1116943359375, 1139.2430419921875]",1
frame_0058.png,extras,rectangular_table,rectangular table,rectangular table.,0.2,0.2,1,0.7178,"[1318.0181884765625, 813.938720703125, 1721.8065185546875, 1144.6376953125]",1
frame_0058.png,extras,rectangular_table,outdoor table,outdoor table.,0.2,0.2,2,0.606,"[1317.18603515625, 815.2445678710938, 1720.47119140625, 1143.958251953125]",1
frame_0058.png,extras,rectangular_table,long rectangular table,long rectangular table.,0.2,0.2,2,0.6072,"[1317.01904296875, 812.1676635742188, 1723.5296630859375, 1146.5211181640625]",1
frame_0058.png,extras,rectangular_table,picnic table,picnic table.,0.2,0.2,3,0.5077,"[1314.98388671875, 813.5375366210938, 1720.0081787109375, 1142.4931640625]",1
frame_0058.png,extras,rectangular_table,folding table,folding table.,0.2,0.2,2,0.4859,"[1319.9500732421875, 817.0642700195312, 1719.031494140625, 1142.8936767578125]",1
frame_0058.png,extras,rectangular_table,work table,work table.,0.2,0.2,2,0.524,"[1315.594970703125, 811.6875, 1721.8642578125, 1144.0516357421875]",1
frame_0058.png,extras,rectangular_table,outdoor wooden table,outdoor wooden table.,0.2,0.2,1,0.6841,"[1313.3758544921875, 811.08837890625, 1725.209716796875, 1146.1070556640625]",1
frame_0058.png,extras,traffic_cone,traffic cone,traffic cone.,0.2,0.2,0,0.0,,0
frame_0058.png,extras,traffic_cone,road cone,road cone.,0.2,0.2,2,0.2362,"[1160.997314453125, 1648.464111328125, 1690.8719482421875, 1854.4530029296875]",1
frame_0058.png,extras,traffic_cone,safety cone,safety cone.,0.2,0.2,2,0.2591,"[1160.76025390625, 1649.2144775390625, 1691.008056640625, 1854.9881591796875]",1
frame_0058.png,extras,traffic_cone,orange cone,orange cone.,0.2,0.2,3,0.2865,"[536.7584838867188, 788.1452026367188, 849.5380859375, 1128.690185546875]",1
frame_0058.png,extras,traffic_cone,construction cone,construction cone.,0.2,0.2,6,0.2962,"[1297.6502685546875, 256.6998291015625, 1747.16552734375, 1141.4681396484375]",1
frame_0058.png,extras,traffic_cone,orange traffic cone,orange traffic cone.,0.2,0.2,2,0.254,"[533.2302856445312, 786.151123046875, 852.2954711914062, 1130.717529296875]",1
frame_0058.png,extras,trolley,trolley,trolley.,0.2,0.2,2,0.5387,"[540.2210693359375, 790.3860473632812, 846.2874755859375, 1129.2255859375]",1
frame_0058.png,extras,trolley,hand cart,hand cart.,0.2,0.2,2,0.5845,"[538.2322387695312, 788.5626220703125, 848.130859375, 1130.240234375]",1
frame_0058.png,extras,trolley,hand truck,hand truck.,0.2,0.2,5,0.5168,"[1943.342041015625, 487.419921875, 2495.26953125, 1014.5646362304688]",1
frame_0058.png,extras,trolley,luggage cart,luggage cart.,0.2,0.2,3,0.6433,"[537.16357421875, 788.240234375, 848.4181518554688, 1129.9173583984375]",1
frame_0058.png,extras,trolley,flatbed cart,flatbed cart.,0.2,0.2,1,0.6396,"[537.408935546875, 787.040771484375, 849.6861572265625, 1131.036376953125]",1
frame_0058.png,extras,trolley,push cart,push cart.,0.2,0.2,2,0.6225,"[537.2691040039062, 787.6666259765625, 848.67822265625, 1131.548828125]",1
frame_0058.png,extras,trolley,utility cart,utility cart.,0.2,0.2,2,0.6228,"[535.5042724609375, 787.52490234375, 849.4022827148438, 1131.4947509765625]",1
frame_0058.png,extras,trolley,metal trolley,metal trolley.,0.2,0.2,3,0.5617,"[2168.12060546875, 14.48851203918457, 2876.118408203125, 1578.4842529296875]",1
frame_0059.png,production,trailer,ALL_GROUP,utility trailer. open trailer. vehicle trailer. covered trailer.,0.18,0.18,4,0.4549,"[1960.5584716796875, 461.9461364746094, 2539.260986328125, 1021.8185424804688]",1
frame_0059.png,production,electric utility vehicle+electric wheelchair+electric scooter,ALL_GROUP,electric utility vehicle. small electric cart. golf cart. white utility vehicle. powered mobility scooter. motorized wheelchair. mobility chair. electric wheelchair. two-wheeled scooter. stand-up scooter. electric kick scooter. kick scooter.,0.2,0.2,9,0.6311,"[1953.6812744140625, 454.9111022949219, 2541.912841796875, 1025.8748779296875]",1
frame_0059.png,production,trolley,ALL_GROUP,trolley. hand cart. utility cart. push cart.,0.22,0.22,2,0.4044,"[439.1219177246094, 770.6514892578125, 774.2066040039062, 1156.1728515625]",1
frame_0059.png,production,pair of ramps+basketball,ALL_GROUP,metal ramps on ground. two metal ramps. pair of ramps. vehicle loading ramp. round orange ball. rubber ball on ground. sports ball. basketball.,0.18,0.18,16,0.4051,"[1153.4537353515625, 1638.7127685546875, 1670.467041015625, 1851.11181640625]",1
frame_0059.png,production,portable power station+umbrella,ALL_GROUP,portable power station. large power bank. battery box. power generator box. folded umbrella. open umbrella. shade umbrella. umbrella.,0.2,0.2,4,0.3363,"[1283.3275146484375, 220.86154174804688, 1780.084716796875, 1183.8798828125]",1
frame_0059.png,production,rectangular table,ALL_GROUP,rectangular table. outdoor table. picnic table. folding table.,0.24,0.24,3,0.3623,"[1304.9180908203125, 796.66943359375, 1760.7161865234375, 1172.15380859375]",1
frame_0059.png,production,cardboard box,ALL_GROUP,cardboard box. brown cardboard box. shipping box.,0.26,0.26,0,0.0,,0
frame_0059.png,production,chair,ALL_GROUP,chair. folding chair. outdoor chair. plastic chair.,0.3,0.3,1,0.3705,"[443.28759765625, 771.3433227539062, 774.540771484375, 1153.306884765625]",1
frame_0059.png,production,traffic cone,ALL_GROUP,traffic cone. road cone. safety cone. orange cone.,0.22,0.22,0,0.0,,0
frame_0059.png,production,prohibition sign,ALL_GROUP,red sign on ground. red circular sign. prohibition sign. red prohibition sign.,0.2,0.2,9,0.3901,"[1960.1649169921875, 455.79229736328125, 2544.41162109375, 993.6314086914062]",1
frame_0059.png,extras,cardboard_box,cardboard box,cardboard box.,0.2,0.2,0,0.0,,0
frame_0059.png,extras,cardboard_box,brown cardboard box,brown cardboard box.,0.2,0.2,4,0.3112,"[1283.7867431640625, 228.25083923339844, 1764.6053466796875, 1013.21923828125]",1
frame_0059.png,extras,cardboard_box,shipping box,shipping box.,0.2,0.2,4,0.4626,"[1960.90673828125, 461.138916015625, 2537.212890625, 1017.1982421875]",1
frame_0059.png,extras,cardboard_box,small box,small box.,0.2,0.2,6,0.3368,"[1416.5521240234375, 719.073486328125, 1567.7928466796875, 815.6129760742188]",1
frame_0059.png,extras,cardboard_box,package box,package box.,0.2,0.2,0,0.0,,0
frame_0059.png,extras,cardboard_box,stacked box,stacked box.,0.2,0.2,2,0.2451,"[1287.80029296875, 226.63223266601562, 1765.4227294921875, 1012.8291015625]",1
frame_0059.png,extras,cardboard_box,outdoor cardboard box,outdoor cardboard box.,0.2,0.2,4,0.4757,"[1959.7161865234375, 456.7635803222656, 2540.13818359375, 1005.2301025390625]",1
frame_0059.png,extras,chair,chair,chair.,0.2,0.2,3,0.3922,"[446.2509460449219, 772.230224609375, 769.6861572265625, 1151.6859130859375]",1
frame_0059.png,extras,chair,armless chair,armless chair.,0.2,0.2,1,0.8311,"[440.6233825683594, 767.7659301757812, 775.053955078125, 1153.848388671875]",1
frame_0059.png,extras,chair,outdoor chair,outdoor chair.,0.2,0.2,1,0.8204,"[441.9458312988281, 768.4210205078125, 773.6472778320312, 1153.2978515625]",1
frame_0059.png,extras,chair,plastic chair,plastic chair.,0.2,0.2,2,0.5894,"[442.8919372558594, 768.2617797851562, 774.027587890625, 1150.6953125]",1
frame_0059.png,extras,chair,folding chair,folding chair.,0.2,0.2,1,0.7208,"[444.2278137207031, 771.3196411132812, 773.3078002929688, 1153.616455078125]",1
frame_0059.png,extras,chair,metal chair,metal chair.,0.2,0.2,1,0.8158,"[438.720458984375, 764.8425903320312, 775.893798828125, 1153.043212890625]",1
frame_0059.png,extras,electric_utility_vehicle,electric utility vehicle,electric utility vehicle.,0.2,0.2,4,0.5696,"[440.4974365234375, 771.058837890625, 773.28662109375, 1155.9962158203125]",1
frame_0059.png,extras,electric_utility_vehicle,small electric cart,small electric cart.,0.2,0.2,1,0.8928,"[433.4041748046875, 766.464111328125, 780.6454467773438, 1159.5079345703125]",1
frame_0059.png,extras,electric_utility_vehicle,utility vehicle,utility vehicle.,0.2,0.2,5,0.6568,"[441.09228515625, 771.3712158203125, 772.4430541992188, 1155.8424072265625]",1
frame_0059.png,extras,electric_utility_vehicle,golf cart,golf cart.,0.2,0.2,2,0.3807,"[440.2370910644531, 771.8064575195312, 772.892333984375, 1154.4566650390625]",1
frame_0059.png,extras,electric_utility_vehicle,electric cart,electric cart.,0.2,0.2,2,0.6998,"[439.3848876953125, 770.5508422851562, 773.83642578125, 1156.36181640625]",1
frame_0059.png,extras,electric_utility_vehicle,small white utility vehicle,small white utility vehicle.,0.2,0.2,2,0.55,"[434.822998046875, 767.3763427734375, 778.8944702148438, 1158.406494140625]",1
frame_0059.png,extras,electric_utility_vehicle,white utility cart,white utility cart.,0.2,0.2,2,0.4665,"[437.4918518066406, 770.0789794921875, 775.89208984375, 1155.449951171875]",1
frame_0059.png,extras,portable_power_station,portable power station,portable power station.,0.2,0.2,2,0.6305,"[1282.595947265625, 223.24490356445312, 1779.6119384765625, 1183.1827392578125]",1
frame_0059.png,extras,portable_power_station,large power bank,large power bank.,0.2,0.2,5,0.3808,"[1954.5771484375, 456.84637451171875, 2541.76611328125, 1014.0695190429688]",1
frame_0059.png,extras,portable_power_station,battery box,battery box.,0.2,0.2,1,0.2221,"[1288.70166015625, 226.81045532226562, 1764.737548828125, 1012.6807250976562]",1
frame_0059.png,extras,portable_power_station,power generator box,power generator box.,0.2,0.2,3,0.2819,"[1417.0059814453125, 719.6974487304688, 1567.4932861328125, 815.9312744140625]",1
frame_0059.png,extras,portable_power_station,portable battery,portable battery.,0.2,0.2,6,0.3565,"[1285.4534912109375, 223.91236877441406, 1775.907470703125, 1172.8131103515625]",1
frame_0059.png,extras,portable_power_station,power station,power station.,0.2,0.2,4,0.5098,"[1286.04443359375, 223.71824645996094, 1776.3773193359375, 1181.0562744140625]",1
frame_0059.png,extras,portable_power_station,large battery pack,large battery pack.,0.2,0.2,3,0.3689,"[1957.80810546875, 455.44659423828125, 2542.191162109375, 1015.3029174804688]",1
frame_0059.png,extras,rectangular_table,rectangular table,rectangular table.,0.2,0.2,1,0.7881,"[1301.8916015625, 793.3350830078125, 1765.303466796875, 1175.742919921875]",1
frame_0059.png,extras,rectangular_table,outdoor table,outdoor table.,0.2,0.2,1,0.7006,"[1301.5689697265625, 795.0164794921875, 1765.4212646484375, 1176.0413818359375]",1
frame_0059.png,extras,rectangular_table,long rectangular table,long rectangular table.,0.2,0.2,1,0.742,"[1299.421630859375, 791.4982299804688, 1769.09814453125, 1177.66748046875]",1
frame_0059.png,extras,rectangular_table,picnic table,picnic table.,0.2,0.2,1,0.5554,"[1299.709716796875, 793.3907470703125, 1765.054931640625, 1175.9791259765625]",1
frame_0059.png,extras,rectangular_table,folding table,folding table.,0.2,0.2,2,0.558,"[1302.7999267578125, 797.3807373046875, 1762.80126953125, 1173.938232421875]",1
frame_0059.png,extras,rectangular_table,work table,work table.,0.2,0.2,1,0.6208,"[1300.900146484375, 791.5640258789062, 1766.0185546875, 1176.5306396484375]",1
frame_0059.png,extras,rectangular_table,outdoor wooden table,outdoor wooden table.,0.2,0.2,1,0.752,"[1297.7445068359375, 789.5482788085938, 1768.8685302734375, 1179.2855224609375]",1
frame_0059.png,extras,traffic_cone,traffic cone,traffic cone.,0.2,0.2,3,0.248,"[2400.74560546875, 945.8455200195312, 2428.435546875, 973.6810302734375]",1
frame_0059.png,extras,traffic_cone,road cone,road cone.,0.2,0.2,3,0.2438,"[1286.055908203125, 226.2048797607422, 1776.0941162109375, 1181.1075439453125]",1
frame_0059.png,extras,traffic_cone,safety cone,safety cone.,0.2,0.2,2,0.2717,"[1160.4239501953125, 1649.865478515625, 1664.55224609375, 1855.0185546875]",1
frame_0059.png,extras,traffic_cone,orange cone,orange cone.,0.2,0.2,3,0.3069,"[1961.0518798828125, 461.4273681640625, 2534.49365234375, 1016.4164428710938]",1
frame_0059.png,extras,traffic_cone,construction cone,construction cone.,0.2,0.2,5,0.326,"[1959.92041015625, 460.3966369628906, 2537.867919921875, 1019.3402709960938]",1
frame_0059.png,extras,traffic_cone,orange traffic cone,orange traffic cone.,0.2,0.2,2,0.2506,"[1958.506591796875, 459.5013122558594, 2537.443115234375, 1020.5393676757812]",1
frame_0059.png,extras,trolley,trolley,trolley.,0.2,0.2,1,0.6057,"[443.1485595703125, 773.2897338867188, 770.3583984375, 1154.531982421875]",1
frame_0059.png,extras,trolley,hand cart,hand cart.,0.2,0.2,2,0.6288,"[441.4021301269531, 770.9282836914062, 772.5501708984375, 1154.8157958984375]",1
frame_0059.png,extras,trolley,hand truck,hand truck.,0.2,0.2,5,0.5381,"[1957.9327392578125, 461.4227600097656, 2539.731201171875, 1016.4752807617188]",1
frame_0059.png,extras,trolley,luggage cart,luggage cart.,0.2,0.2,2,0.7167,"[439.61346435546875, 770.3118896484375, 773.4810791015625, 1155.429443359375]",1
frame_0059.png,extras,trolley,flatbed cart,flatbed cart.,0.2,0.2,1,0.777,"[440.1108093261719, 769.3381958007812, 774.8078002929688, 1155.8985595703125]",1
frame_0059.png,extras,trolley,push cart,push cart.,0.2,0.2,1,0.676,"[439.92266845703125, 770.0388793945312, 773.841064453125, 1156.6729736328125]",1
frame_0059.png,extras,trolley,utility cart,utility cart.,0.2,0.2,1,0.7306,"[439.3080139160156, 769.8624877929688, 774.1142578125, 1156.23193359375]",1
frame_0059.png,extras,trolley,metal trolley,metal trolley.,0.2,0.2,3,0.5419,"[439.3275146484375, 770.581298828125, 774.65576171875, 1155.14013671875]",1
frame_0060.png,production,trailer,ALL_GROUP,utility trailer. open trailer. vehicle trailer. covered trailer.,0.18,0.18,6,0.4965,"[2114.720703125, 400.29388427734375, 2784.623046875, 1024.7998046875]",1
frame_0060.png,production,electric utility vehicle+electric wheelchair+electric scooter,ALL_GROUP,electric utility vehicle. small electric cart. golf cart. white utility vehicle. powered mobility scooter. motorized wheelchair. mobility chair. electric wheelchair. two-wheeled scooter. stand-up scooter. electric kick scooter. kick scooter.,0.2,0.2,6,0.6701,"[2102.99072265625, 392.0984191894531, 2787.085693359375, 1034.9100341796875]",1
frame_0060.png,production,trolley,ALL_GROUP,trolley. hand cart. utility cart. push cart.,0.22,0.22,2,0.3237,"[511.34783935546875, 762.011474609375, 847.2778930664062, 1174.2449951171875]",1
frame_0060.png,production,pair of ramps+basketball,ALL_GROUP,metal ramps on ground. two metal ramps. pair of ramps. vehicle loading ramp. round orange ball. rubber ball on ground. sports ball. basketball.,0.18,0.18,18,0.4024,"[1147.87060546875, 1638.9395751953125, 1685.586181640625, 1851.457275390625]",1
frame_0060.png,production,portable power station+umbrella,ALL_GROUP,portable power station. large power bank. battery box. power generator box. folded umbrella. open umbrella. shade umbrella. umbrella.,0.2,0.2,6,0.3445,"[1389.95263671875, 168.0911407470703, 1948.7896728515625, 1220.3846435546875]",1
frame_0060.png,production,rectangular table,ALL_GROUP,rectangular table. outdoor table. picnic table. folding table.,0.24,0.24,1,0.3614,"[1432.9075927734375, 767.8197631835938, 1927.2398681640625, 1210.3370361328125]",1
frame_0060.png,production,cardboard box,ALL_GROUP,cardboard box. brown cardboard box. shipping box.,0.26,0.26,0,0.0,,0
frame_0060.png,production,chair,ALL_GROUP,chair. folding chair. outdoor chair. plastic chair.,0.3,0.3,1,0.3731,"[516.5573120117188, 762.9963989257812, 847.6841430664062, 1172.02099609375]",1
frame_0060.png,production,traffic cone,ALL_GROUP,traffic cone. road cone. safety cone. orange cone.,0.22,0.22,0,0.0,,0
frame_0060.png,production,prohibition sign,ALL_GROUP,red sign on ground. red circular sign. prohibition sign. red prohibition sign.,0.2,0.2,10,0.3368,"[1385.343505859375, 168.8509979248047, 1968.240966796875, 1229.5438232421875]",1
frame_0060.png,extras,cardboard_box,cardboard box,cardboard box.,0.2,0.2,0,0.0,,0
frame_0060.png,extras,cardboard_box,brown cardboard box,brown cardboard box.,0.2,0.2,5,0.2912,"[2113.351318359375, 395.99493408203125, 2784.275146484375, 1014.9408569335938]",1
frame_0060.png,extras,cardboard_box,shipping box,shipping box.,0.2,0.2,6,0.4399,"[2115.352783203125, 399.5419006347656, 2783.6240234375, 1020.9019165039062]",1
frame_0060.png,extras,cardboard_box,small box,small box.,0.2,0.2,6,0.3149,"[510.5934753417969, 761.4440307617188, 848.8695678710938, 1172.50927734375]",1
frame_0060.png,extras,cardboard_box,package box,package box.,0.2,0.2,0,0.0,,0
frame_0060.png,extras,cardboard_box,stacked box,stacked box.,0.2,0.2,2,0.2737,"[1393.80517578125, 172.10601806640625, 1910.918701171875, 1013.675537109375]",1
frame_0060.png,extras,cardboard_box,outdoor cardboard box,outdoor cardboard box.,0.2,0.2,6,0.3474,"[2113.8984375, 396.10321044921875, 2785.2939453125, 1009.5673217773438]",1
frame_0060.png,extras,chair,chair,chair.,0.2,0.2,6,0.3559,"[518.6528930664062, 764.7611083984375, 844.1144409179688, 1169.804931640625]",1
frame_0060.png,extras,chair,armless chair,armless chair.,0.2,0.2,1,0.6397,"[512.3626098632812, 760.715576171875, 848.6707763671875, 1172.0970458984375]",1
frame_0060.png,extras,chair,outdoor chair,outdoor chair.,0.2,0.2,2,0.6828,"[513.4644165039062, 760.5171508789062, 847.6997680664062, 1171.5120849609375]",1
frame_0060.png,extras,chair,plastic chair,plastic chair.,0.2,0.2,3,0.455,"[514.068603515625, 761.2066650390625, 848.0384521484375, 1169.7060546875]",1
frame_0060.png,extras,chair,folding chair,folding chair.,0.2,0.2,2,0.6064,"[517.0087890625, 763.5565795898438, 846.6159057617188, 1171.3701171875]",1
frame_0060.png,extras,chair,metal chair,metal chair.,0.2,0.2,2,0.6108,"[508.5306091308594, 757.1727294921875, 851.6627197265625, 1171.7322998046875]",1
frame_0060.png,extras,electric_utility_vehicle,electric utility vehicle,electric utility vehicle.,0.2,0.2,4,0.6668,"[513.6873779296875, 763.39208984375, 847.049072265625, 1174.60986328125]",1
frame_0060.png,extras,electric_utility_vehicle,small electric cart,small electric cart.,0.2,0.2,1,0.9467,"[505.54388427734375, 758.352294921875, 854.7076416015625, 1177.7642822265625]",1
frame_0060.png,extras,electric_utility_vehicle,utility vehicle,utility vehicle.,0.2,0.2,4,0.744,"[514.21142578125, 764.0237426757812, 846.3117065429688, 1174.1253662109375]",1
frame_0060.png,extras,electric_utility_vehicle,golf cart,golf cart.,0.2,0.2,1,0.3799,"[513.5112915039062, 763.6978759765625, 846.9297485351562, 1173.3763427734375]",1
frame_0060.png,extras,electric_utility_vehicle,electric cart,electric cart.,0.2,0.2,1,0.8408,"[510.81451416015625, 762.2044677734375, 848.1888427734375, 1175.1834716796875]",1
frame_0060.png,extras,electric_utility_vehicle,small white utility vehicle,small white utility vehicle.,0.2,0.2,2,0.7145,"[508.0890197753906, 759.67333984375, 852.4207153320312, 1176.5869140625]",1
frame_0060.png,extras,electric_utility_vehicle,white utility cart,white utility cart.,0.2,0.2,2,0.5014,"[2111.1318359375, 396.73590087890625, 2785.176513671875, 1036.6114501953125]",1
frame_0060.png,extras,portable_power_station,portable power station,portable power station.,0.2,0.2,1,0.6914,"[1390.6407470703125, 168.81402587890625, 1946.4583740234375, 1219.208740234375]",1
frame_0060.png,extras,portable_power_station,large power bank,large power bank.,0.2,0.2,5,0.3916,"[2108.22705078125, 394.3082580566406, 2787.165283203125, 1018.2174072265625]",1
frame_0060.png,extras,portable_power_station,battery box,battery box.,0.2,0.2,1,0.2286,"[1394.6326904296875, 172.54901123046875, 1906.917236328125, 1016.4426879882812]",1
frame_0060.png,extras,portable_power_station,power generator box,power generator box.,0.2,0.2,3,0.2891,"[1393.14892578125, 170.85244750976562, 1914.7652587890625, 1018.880859375]",1
frame_0060.png,extras,portable_power_station,portable battery,portable battery.,0.2,0.2,7,0.3391,"[1392.9384765625, 170.81263732910156, 1931.8388671875, 1218.34033203125]",1
frame_0060.png,extras,portable_power_station,power station,power station.,0.2,0.2,6,0.4755,"[1392.613037109375, 169.97677612304688, 1965.965087890625, 1225.2391357421875]",1
frame_0060.png,extras,portable_power_station,large battery pack,large battery pack.,0.2,0.2,4,0.3599,"[2111.81591796875, 393.6642761230469, 2787.39306640625, 1021.2832641601562]",1
frame_0060.png,extras,rectangular_table,rectangular table,rectangular table.,0.2,0.2,2,0.6132,"[1429.6322021484375, 764.4126586914062, 1932.83837890625, 1217.261962890625]",1
frame_0060.png,extras,rectangular_table,outdoor table,outdoor table.,0.2,0.2,2,0.5338,"[1429.7672119140625, 766.2716064453125, 1935.017822265625, 1219.5799560546875]",1
frame_0060.png,extras,rectangular_table,long rectangular table,long rectangular table.,0.2,0.2,2,0.5736,"[1427.173583984375, 762.1860961914062, 1935.761962890625, 1219.578369140625]",1
frame_0060.png,extras,rectangular_table,picnic table,picnic table.,0.2,0.2,4,0.3538,"[1425.4696044921875, 762.627197265625, 1970.1085205078125, 1229.4539794921875]",1
frame_0060.png,extras,rectangular_table,folding table,folding table.,0.2,0.2,4,0.4522,"[1430.7479248046875, 768.5117797851562, 1931.256591796875, 1216.722900390625]",1
frame_0060.png,extras,rectangular_table,work table,work table.,0.2,0.2,3,0.4092,"[1428.116943359375, 762.1504516601562, 1949.107177734375, 1223.315185546875]",1
frame_0060.png,extras,rectangular_table,outdoor wooden table,outdoor wooden table.,0.2,0.2,1,0.5909,"[1425.2113037109375, 761.6052856445312, 1947.8336181640625, 1225.0467529296875]",1
frame_0060.png,extras,traffic_cone,traffic cone,traffic cone.,0.2,0.2,1,0.2019,"[2362.415283203125, 934.559326171875, 2734.5966796875, 981.5122680664062]",1
frame_0060.png,extras,traffic_cone,road cone,road cone.,0.2,0.2,5,0.2653,"[2115.5390625, 399.00299072265625, 2783.904296875, 1025.399658203125]",1
frame_0060.png,extras,traffic_cone,safety cone,safety cone.,0.2,0.2,3,0.2525,"[1155.9862060546875, 1652.361083984375, 1688.660400390625, 1854.2724609375]",1
frame_0060.png,extras,traffic_cone,orange cone,orange cone.,0.2,0.2,4,0.3346,"[2115.33154296875, 399.4640197753906, 2783.21923828125, 1020.4069213867188]",1
frame_0060.png,extras,traffic_cone,construction cone,construction cone.,0.2,0.2,5,0.3456,"[2114.646484375, 398.4420471191406, 2784.319091796875, 1026.5501708984375]",1
frame_0060.png,extras,traffic_cone,orange traffic cone,orange traffic cone.,0.2,0.2,4,0.3195,"[2112.3427734375, 396.3024597167969, 2785.439208984375, 1024.9232177734375]",1
frame_0060.png,extras,trolley,trolley,trolley.,0.2,0.2,1,0.5935,"[516.4215087890625, 765.878173828125, 844.7479248046875, 1172.735107421875]",1
frame_0060.png,extras,trolley,hand cart,hand cart.,0.2,0.2,1,0.6564,"[513.6404418945312, 763.4046630859375, 846.4826049804688, 1173.521728515625]",1
frame_0060.png,extras,trolley,hand truck,hand truck.,0.2,0.2,5,0.5481,"[2109.37646484375, 399.2127990722656, 2784.34033203125, 1025.32568359375]",1
frame_0060.png,extras,trolley,luggage cart,luggage cart.,0.2,0.2,1,0.7662,"[511.2929382324219, 761.5171508789062, 847.6708984375, 1174.33251953125]",1
frame_0060.png,extras,trolley,flatbed cart,flatbed cart.,0.2,0.2,1,0.8252,"[513.0231323242188, 762.1535034179688, 848.3300170898438, 1173.9779052734375]",1
frame_0060.png,extras,trolley,push cart,push cart.,0.2,0.2,1,0.7017,"[512.20458984375, 762.4814453125, 847.480712890625, 1174.9014892578125]",1
frame_0060.png,extras,trolley,utility cart,utility cart.,0.2,0.2,1,0.8148,"[511.3316955566406, 761.1287231445312, 848.3033447265625, 1175.118896484375]",1
frame_0060.png,extras,trolley,metal trolley,metal trolley.,0.2,0.2,1,0.8568,"[510.1415100097656, 761.2658081054688, 849.6033325195312, 1174.995361328125]",1
frame_0061.png,production,trailer,ALL_GROUP,utility trailer. open trailer. vehicle trailer. covered trailer.,0.18,0.18,6,0.4301,"[2229.034423828125, 351.1461486816406, 2878.51416015625, 1040.4302978515625]",1
frame_0061.png,production,electric utility vehicle+electric wheelchair+electric scooter,ALL_GROUP,electric utility vehicle. small electric cart. golf cart. white utility vehicle. powered mobility scooter. motorized wheelchair. mobility chair. electric wheelchair. two-wheeled scooter. stand-up scooter. electric kick scooter. kick scooter.,0.2,0.2,6,0.6647,"[2223.703125, 344.44598388671875, 2876.50537109375, 1046.85986328125]",1
frame_0061.png,production,trolley,ALL_GROUP,trolley. hand cart. utility cart. push cart.,0.22,0.22,2,0.3297,"[546.8114624023438, 754.818359375, 889.9986572265625, 1187.845458984375]",1
frame_0061.png,production,pair of ramps+basketball,ALL_GROUP,metal ramps on ground. two metal ramps. pair of ramps. vehicle loading ramp. round orange ball. rubber ball on ground. sports ball. basketball.,0.18,0.18,19,0.4045,"[1150.759033203125, 1639.6953125, 1684.955322265625, 1851.5537109375]",1
frame_0061.png,production,portable power station+umbrella,ALL_GROUP,portable power station. large power bank. battery box. power generator box. folded umbrella. open umbrella. shade umbrella. umbrella.,0.2,0.2,5,0.3599,"[1463.7528076171875, 121.49600219726562, 2104.725830078125, 1251.1182861328125]",1
frame_0061.png,production,rectangular table,ALL_GROUP,rectangular table. outdoor table. picnic table. folding table.,0.24,0.24,3,0.3434,"[1529.8319091796875, 734.2246704101562, 2097.890380859375, 1249.52197265625]",1
frame_0061.png,production,cardboard box,ALL_GROUP,cardboard box. brown cardboard box. shipping box.,0.26,0.26,1,0.2627,"[2228.546875, 349.40673828125, 2878.230224609375, 1031.42919921875]",1
frame_0061.png,production,chair,ALL_GROUP,chair. folding chair. outdoor chair. plastic chair.,0.3,0.3,1,0.3746,"[552.5924682617188, 755.8162841796875, 890.8648071289062, 1185.43994140625]",1
frame_0061.png,production,traffic cone,ALL_GROUP,traffic cone. road cone. safety cone. orange cone.,0.22,0.22,0,0.0,,0
frame_0061.png,production,prohibition sign,ALL_GROUP,red sign on ground. red circular sign. prohibition sign. red prohibition sign.,0.2,0.2,8,0.3152,"[1463.01171875, 127.8775634765625, 2023.8826904296875, 932.3184204101562]",1
frame_0061.png,extras,cardboard_box,cardboard box,cardboard box.,0.2,0.2,0,0.0,,0
frame_0061.png,extras,cardboard_box,brown cardboard box,brown cardboard box.,0.2,0.2,3,0.3092,"[1465.917724609375, 126.78053283691406, 2031.314697265625, 1003.6362915039062]",1
frame_0061.png,extras,cardboard_box,shipping box,shipping box.,0.2,0.2,6,0.387,"[1467.9906005859375, 125.24383544921875, 2099.455810546875, 1005.5846557617188]",1
frame_0061.png,extras,cardboard_box,small box,small box.,0.2,0.2,3,0.3399,"[1632.387939453125, 684.9857177734375, 1798.6470947265625, 773.4013671875]",1
frame_0061.png,extras,cardboard_box,package box,package box.,0.2,0.2,0,0.0,,0
frame_0061.png,extras,cardboard_box,stacked box,stacked box.,0.2,0.2,2,0.3176,"[1468.1934814453125, 125.986328125, 2019.487060546875, 985.6655883789062]",1
frame_0061.png,extras,cardboard_box,outdoor cardboard box,outdoor cardboard box.,0.2,0.2,4,0.4049,"[1465.6700439453125, 125.88926696777344, 2028.265869140625, 999.0202026367188]",1
frame_0061.png,extras,chair,chair,chair.,0.2,0.2,4,0.3875,"[553.9596557617188, 757.20263671875, 886.1895141601562, 1182.928466796875]",1
frame_0061.png,extras,chair,armless chair,armless chair.,0.2,0.2,1,0.6248,"[548.764404296875, 753.4918212890625, 892.00244140625, 1185.9171142578125]",1
frame_0061.png,extras,chair,outdoor chair,outdoor chair.,0.2,0.2,1,0.6935,"[549.8372192382812, 753.3806762695312, 890.898681640625, 1185.287109375]",1
frame_0061.png,extras,chair,plastic chair,plastic chair.,0.2,0.2,3,0.4614,"[549.3800048828125, 753.8048095703125, 891.66455078125, 1183.794677734375]",1
frame_0061.png,extras,chair,folding chair,folding chair.,0.2,0.2,1,0.6205,"[553.3880004882812, 756.2296142578125, 889.57568359375, 1184.968994140625]",1
frame_0061.png,extras,chair,metal chair,metal chair.,0.2,0.2,2,0.638,"[544.0557250976562, 749.8333740234375, 895.6380615234375, 1186.2491455078125]",1
frame_0061.png,extras,electric_utility_vehicle,electric utility vehicle,electric utility vehicle.,0.2,0.2,5,0.6957,"[549.5855102539062, 755.1267700195312, 889.6215209960938, 1188.541015625]",1
frame_0061.png,extras,electric_utility_vehicle,small electric cart,small electric cart.,0.2,0.2,1,0.9393,"[541.1883544921875, 750.8088989257812, 897.0968627929688, 1191.10986328125]",1
frame_0061.png,extras,electric_utility_vehicle,utility vehicle,utility vehicle.,0.2,0.2,5,0.7669,"[549.9967651367188, 755.5328979492188, 888.9539184570312, 1188.349365234375]",1
frame_0061.png,extras,electric_utility_vehicle,golf cart,golf cart.,0.2,0.2,1,0.4087,"[549.5472412109375, 756.30224609375, 889.410400390625, 1186.828857421875]",1
frame_0061.png,extras,electric_utility_vehicle,electric cart,electric cart.,0.2,0.2,1,0.8178,"[546.8927612304688, 754.146728515625, 890.6348266601562, 1188.4403076171875]",1
frame_0061.png,extras,electric_utility_vehicle,small white utility vehicle,small white utility vehicle.,0.2,0.2,1,0.8054,"[543.9287109375, 752.7906494140625, 895.1558837890625, 1189.9761962890625]",1
frame_0061.png,extras,electric_utility_vehicle,white utility cart,white utility cart.,0.2,0.2,2,0.4523,"[547.2001953125, 754.8380126953125, 892.2728271484375, 1187.7457275390625]",1
frame_0061.png,extras,portable_power_station,portable power station,portable power station.,0.2,0.2,2,0.5059,"[1464.2889404296875, 123.54322814941406, 2102.455810546875, 1253.8922119140625]",1
frame_0061.png,extras,portable_power_station,large power bank,large power bank.,0.2,0.2,6,0.4248,"[1462.4761962890625, 123.4272689819336, 2062.513671875, 977.0422973632812]",1
frame_0061.png,extras,portable_power_station,battery box,battery box.,0.2,0.2,1,0.241,"[1469.206787109375, 126.84654998779297, 2017.1578369140625, 981.79638671875]",1
frame_0061.png,extras,portable_power_station,power generator box,power generator box.,0.2,0.2,2,0.283,"[1632.9326171875, 685.0404052734375, 1798.505126953125, 773.7222900390625]",1
frame_0061.png,extras,portable_power_station,portable battery,portable battery.,0.2,0.2,6,0.3706,"[1467.5989990234375, 125.7828369140625, 2016.6280517578125, 985.28662109375]",1
frame_0061.png,extras,portable_power_station,power station,power station.,0.2,0.2,7,0.3828,"[2228.105712890625, 349.8796691894531, 2877.8779296875, 1044.6954345703125]",1
frame_0061.png,extras,portable_power_station,large battery pack,large battery pack.,0.2,0.2,4,0.45,"[1464.9439697265625, 125.99020385742188, 2027.16064453125, 975.9525146484375]",1
frame_0061.png,extras,rectangular_table,rectangular table,rectangular table.,0.2,0.2,1,0.8256,"[1527.520751953125, 732.0778198242188, 2100.12158203125, 1252.19677734375]",1
frame_0061.png,extras,rectangular_table,outdoor table,outdoor table.,0.2,0.2,1,0.7103,"[1528.437255859375, 732.9356079101562, 2101.23583984375, 1253.2508544921875]",1
frame_0061.png,extras,rectangular_table,long rectangular table,long rectangular table.,0.2,0.2,1,0.7798,"[1525.587646484375, 729.1763305664062, 2102.142333984375, 1255.1767578125]",1
frame_0061.png,extras,rectangular_table,picnic table,picnic table.,0.2,0.2,4,0.3671,"[1527.0321044921875, 730.9906005859375, 2110.211181640625, 1255.569091796875]",1
frame_0061.png,extras,rectangular_table,folding table,folding table.,0.2,0.2,1,0.6087,"[1529.4185791015625, 735.213623046875, 2099.424560546875, 1253.50537109375]",1
frame_0061.png,extras,rectangular_table,work table,work table.,0.2,0.2,1,0.6054,"[1528.0667724609375, 729.8218994140625, 2103.61376953125, 1253.4102783203125]",1
frame_0061.png,extras,rectangular_table,outdoor wooden table,outdoor wooden table.,0.2,0.2,1,0.732,"[1524.760498046875, 727.36181640625, 2110.86083984375, 1252.889892578125]",1
frame_0061.png,extras,traffic_cone,traffic cone,traffic cone.,0.2,0.2,2,0.2167,"[1962.03564453125, 941.2592163085938, 2032.3673095703125, 1032.9320068359375]",1
frame_0061.png,extras,traffic_cone,road cone,road cone.,0.2,0.2,1,0.3054,"[548.0035400390625, 755.576904296875, 890.3216552734375, 1185.111328125]",1
frame_0061.png,extras,traffic_cone,safety cone,safety cone.,0.2,0.2,3,0.2992,"[550.8340454101562, 756.4832763671875, 888.9774780273438, 1184.4571533203125]",1
frame_0061.png,extras,traffic_cone,orange cone,orange cone.,0.2,0.2,2,0.3643,"[546.8046875, 755.32861328125, 891.4013061523438, 1186.0184326171875]",1
frame_0061.png,extras,traffic_cone,construction cone,construction cone.,0.2,0.2,4,0.4195,"[548.8394165039062, 754.9339599609375, 890.4659423828125, 1185.9053955078125]",1
frame_0061.png,extras,traffic_cone,orange traffic cone,orange traffic cone.,0.2,0.2,2,0.3398,"[542.4228515625, 753.9592895507812, 894.155517578125, 1187.54052734375]",1
frame_0061.png,extras,trolley,trolley,trolley.,0.2,0.2,1,0.5588,"[553.1686401367188, 757.2135009765625, 885.4950561523438, 1184.8223876953125]",1
frame_0061.png,extras,trolley,hand cart,hand cart.,0.2,0.2,1,0.5918,"[549.8763427734375, 756.0624389648438, 889.0375366210938, 1186.5489501953125]",1
frame_0061.png,extras,trolley,hand truck,hand truck.,0.2,0.2,5,0.5363,"[2228.740966796875, 350.0552978515625, 2878.605224609375, 1038.2208251953125]",1
frame_0061.png,extras,trolley,luggage cart,luggage cart.,0.2,0.2,1,0.6838,"[548.13037109375, 754.9649047851562, 889.379638671875, 1186.6502685546875]",1
frame_0061.png,extras,trolley,flatbed cart,flatbed cart.,0.2,0.2,1,0.7953,"[549.8668212890625, 755.099853515625, 890.16357421875, 1186.9461669921875]",1
frame_0061.png,extras,trolley,push cart,push cart.,0.2,0.2,1,0.6878,"[548.462646484375, 754.9187622070312, 889.6861572265625, 1188.200439453125]",1
frame_0061.png,extras,trolley,utility cart,utility cart.,0.2,0.2,1,0.7917,"[547.9512329101562, 754.1680297851562, 890.4113159179688, 1188.1314697265625]",1
frame_0061.png,extras,trolley,metal trolley,metal trolley.,0.2,0.2,1,0.6698,"[547.470947265625, 754.3992309570312, 891.350830078125, 1187.460205078125]",1
frame_0062.png,production,trailer,ALL_GROUP,utility trailer. open trailer. vehicle trailer. covered trailer.,0.18,0.18,5,0.3996,"[2371.54443359375, 290.78216552734375, 2878.61474609375, 1041.362548828125]",1
frame_0062.png,production,electric utility vehicle+electric wheelchair+electric scooter,ALL_GROUP,electric utility vehicle. small electric cart. golf cart. white utility vehicle. powered mobility scooter. motorized wheelchair. mobility chair. electric wheelchair. two-wheeled scooter. stand-up scooter. electric kick scooter. kick scooter.,0.2,0.2,8,0.5237,"[2367.198974609375, 285.391357421875, 2876.642578125, 1049.2861328125]",1
frame_0062.png,production,trolley,ALL_GROUP,trolley. hand cart. utility cart. push cart.,0.22,0.22,2,0.3463,"[602.8840942382812, 747.8179321289062, 952.9609375, 1206.6885986328125]",1
frame_0062.png,production,pair of ramps+basketball,ALL_GROUP,metal ramps on ground. two metal ramps. pair of ramps. vehicle loading ramp. round orange ball. rubber ball on ground. sports ball. basketball.,0.18,0.18,18,0.4704,"[1146.795654296875, 1640.6839599609375, 1692.2076416015625, 1851.4656982421875]",1
frame_0062.png,production,portable power station+umbrella,ALL_GROUP,portable power station. large power bank. battery box. power generator box. folded umbrella. open umbrella. shade umbrella. umbrella.,0.2,0.2,6,0.3181,"[513.2860717773438, 581.694091796875, 1507.088134765625, 984.5183715820312]",1
frame_0062.png,production,rectangular table,ALL_GROUP,rectangular table. outdoor table. picnic table. folding table.,0.24,0.24,3,0.3509,"[1650.8551025390625, 694.37646484375, 2330.150146484375, 1308.4599609375]",1
frame_0062.png,production,cardboard box,ALL_GROUP,cardboard box. brown cardboard box. shipping box.,0.26,0.26,2,0.2858,"[2371.766845703125, 289.6594543457031, 2877.9990234375, 1034.0472412109375]",1
frame_0062.png,production,chair,ALL_GROUP,chair. folding chair. outdoor chair. plastic chair.,0.3,0.3,2,0.336,"[607.8501586914062, 750.6615600585938, 951.6495361328125, 1203.5106201171875]",1
frame_0062.png,production,traffic cone,ALL_GROUP,traffic cone. road cone. safety cone. orange cone.,0.22,0.22,1,0.2209,"[1594.639892578125, 942.288330078125, 1674.173095703125, 1029.202880859375]",1
frame_0062.png,production,prohibition sign,ALL_GROUP,red sign on ground. red circular sign. prohibition sign. red prohibition sign.,0.2,0.2,9,0.3479,"[1546.583740234375, 73.82672882080078, 2153.47021484375, 945.84423828125]",1
frame_0062.png,extras,cardboard_box,cardboard box,cardboard box.,0.2,0.2,1,0.203,"[604.20068359375, 750.2674560546875, 949.9338989257812, 1203.151123046875]",1
frame_0062.png,extras,cardboard_box,brown cardboard box,brown cardboard box.,0.2,0.2,4,0.3415,"[1548.1319580078125, 73.36528778076172, 2155.655517578125, 1006.7826538085938]",1
frame_0062.png,extras,cardboard_box,shipping box,shipping box.,0.2,0.2,3,0.46,"[1551.937255859375, 73.64466094970703, 2157.9541015625, 1004.9768676757812]",1
frame_0062.png,extras,cardboard_box,small box,small box.,0.2,0.2,3,0.3496,"[600.1808471679688, 746.89208984375, 953.48193359375, 1204.5936279296875]",1
frame_0062.png,extras,cardboard_box,package box,package box.,0.2,0.2,1,0.2162,"[1552.7476806640625, 75.17027282714844, 2151.62060546875, 975.6207885742188]",1
frame_0062.png,extras,cardboard_box,stacked box,stacked box.,0.2,0.2,4,0.3664,"[1550.945556640625, 72.98704528808594, 2155.67919921875, 996.3777465820312]",1
frame_0062.png,extras,cardboard_box,outdoor cardboard box,outdoor cardboard box.,0.2,0.2,2,0.4535,"[1548.4625244140625, 72.5382308959961, 2159.594970703125, 995.9886474609375]",1
frame_0062.png,extras,chair,chair,chair.,0.2,0.2,4,0.3768,"[608.3983764648438, 750.803955078125, 947.174072265625, 1202.1575927734375]",1
frame_0062.png,extras,chair,armless chair,armless chair.,0.2,0.2,2,0.4937,"[602.8804321289062, 747.4456176757812, 953.4453735351562, 1204.7786865234375]",1
frame_0062.png,extras,chair,outdoor chair,outdoor chair.,0.2,0.2,2,0.5459,"[604.509765625, 747.8087158203125, 952.4335327148438, 1203.710693359375]",1
frame_0062.png,extras,chair,plastic chair,plastic chair.,0.2,0.2,3,0.4644,"[603.6244506835938, 747.4884643554688, 952.9315185546875, 1202.421630859375]",1
frame_0062.png,extras,chair,folding chair,folding chair.,0.2,0.2,1,0.5838,"[608.5637817382812, 750.0831298828125, 950.6876831054688, 1203.749755859375]",1
frame_0062.png,extras,chair,metal chair,metal chair.,0.2,0.2,2,0.5529,"[597.7785034179688, 743.5797119140625, 957.0363159179688, 1204.0567626953125]",1
frame_0062.png,extras,electric_utility_vehicle,electric utility vehicle,electric utility vehicle.,0.2,0.2,3,0.6958,"[603.6842651367188, 748.3258056640625, 951.8064575195312, 1207.3551025390625]",1
frame_0062.png,extras,electric_utility_vehicle,small electric cart,small electric cart.,0.2,0.2,1,0.9456,"[594.1770629882812, 743.95556640625, 961.7783813476562, 1209.815673828125]",1
frame_0062.png,extras,electric_utility_vehicle,utility vehicle,utility vehicle.,0.2,0.2,3,0.7714,"[604.2041625976562, 749.0764770507812, 951.5469970703125, 1207.281494140625]",1
frame_0062.png,extras,electric_utility_vehicle,golf cart,golf cart.,0.2,0.2,1,0.4236,"[604.4808959960938, 749.4053344726562, 952.549072265625, 1206.2388916015625]",1
frame_0062.png,extras,electric_utility_vehicle,electric cart,electric cart.,0.2,0.2,1,0.8675,"[601.3538818359375, 747.44140625, 954.2869873046875, 1207.4932861328125]",1
frame_0062.png,extras,electric_utility_vehicle,small white utility vehicle,small white utility vehicle.,0.2,0.2,1,0.8019,"[597.18017578125, 745.286376953125, 957.8347778320312, 1208.9896240234375]",1
frame_0062.png,extras,electric_utility_vehicle,white utility cart,white utility cart.,0.2,0.2,4,0.4822,"[601.3580932617188, 747.3578491210938, 954.0606079101562, 1206.8740234375]",1
frame_0062.png,extras,portable_power_station,portable power station,portable power station.,0.2,0.2,3,0.3665,"[1545.7197265625, 69.810302734375, 2333.42529296875, 1315.5072021484375]",1
frame_0062.png,extras,portable_power_station,large power bank,large power bank.,0.2,0.2,6,0.4515,"[1546.284423828125, 71.80545043945312, 2163.497314453125, 972.3814697265625]",1
frame_0062.png,extras,portable_power_station,battery box,battery box.,0.2,0.2,1,0.2857,"[1552.0279541015625, 73.31209564208984, 2153.6708984375, 991.5654907226562]",1
frame_0062.png,extras,portable_power_station,power generator box,power generator box.,0.2,0.2,2,0.3026,"[1550.220703125, 72.3402328491211, 2158.522705078125, 1012.5936889648438]",1
frame_0062.png,extras,portable_power_station,portable battery,portable battery.,0.2,0.2,4,0.4404,"[1550.494873046875, 73.15896606445312, 2155.94873046875, 1005.9771118164062]",1
frame_0062.png,extras,portable_power_station,power station,power station.,0.2,0.2,7,0.3826,"[1548.7362060546875, 69.08014678955078, 2331.118896484375, 1318.129150390625]",1
frame_0062.png,extras,portable_power_station,large battery pack,large battery pack.,0.2,0.2,2,0.5311,"[1548.115478515625, 73.40056610107422, 2161.233642578125, 994.6058349609375]",1
frame_0062.png,extras,rectangular_table,rectangular table,rectangular table.,0.2,0.2,1,0.8621,"[1647.4122314453125, 692.3494262695312, 2331.840576171875, 1309.5615234375]",1
frame_0062.png,extras,rectangular_table,outdoor table,outdoor table.,0.2,0.2,1,0.8077,"[1649.133056640625, 694.2584228515625, 2329.377197265625, 1311.910888671875]",1
frame_0062.png,extras,rectangular_table,long rectangular table,long rectangular table.,0.2,0.2,1,0.8368,"[1645.1396484375, 688.8067626953125, 2333.888916015625, 1311.0728759765625]",1
frame_0062.png,extras,rectangular_table,picnic table,picnic table.,0.2,0.2,1,0.7096,"[1649.1319580078125, 692.5004272460938, 2329.406005859375, 1312.6246337890625]",1
frame_0062.png,extras,rectangular_table,folding table,folding table.,0.2,0.2,1,0.6774,"[1650.326416015625, 696.4900512695312, 2328.646728515625, 1311.169921875]",1
frame_0062.png,extras,rectangular_table,work table,work table.,0.2,0.2,1,0.7692,"[1648.7493896484375, 691.9027709960938, 2329.98583984375, 1311.204345703125]",1
frame_0062.png,extras,rectangular_table,outdoor wooden table,outdoor wooden table.,0.2,0.2,1,0.8343,"[1644.1533203125, 688.2156372070312, 2335.414794921875, 1313.1717529296875]",1
frame_0062.png,extras,traffic_cone,traffic cone,traffic cone.,0.2,0.2,3,0.4076,"[1595.927734375, 943.8837890625, 1671.53466796875, 1026.561767578125]",1
frame_0062.png,extras,traffic_cone,road cone,road cone.,0.2,0.2,2,0.2607,"[1593.9256591796875, 940.7576293945312, 1674.247802734375, 1029.8192138671875]",1
frame_0062.png,extras,traffic_cone,safety cone,safety cone.,0.2,0.2,4,0.2889,"[1594.8572998046875, 941.9458618164062, 1673.5633544921875, 1028.52490234375]",1
frame_0062.png,extras,traffic_cone,orange cone,orange cone.,0.2,0.2,3,0.3922,"[2378.226318359375, 290.82147216796875, 2877.304443359375, 1039.7760009765625]",1
frame_0062.png,extras,traffic_cone,construction cone,construction cone.,0.2,0.2,5,0.4056,"[603.55712890625, 748.4569091796875, 951.7466430664062, 1205.362060546875]",1
frame_0062.png,extras,traffic_cone,orange traffic cone,orange traffic cone.,0.2,0.2,3,0.3613,"[2375.602294921875, 288.78338623046875, 2876.8857421875, 1046.634765625]",1
frame_0062.png,extras,trolley,trolley,trolley.,0.2,0.2,1,0.5478,"[608.95068359375, 750.52099609375, 947.7841796875, 1204.9544677734375]",1
frame_0062.png,extras,trolley,hand cart,hand cart.,0.2,0.2,1,0.5989,"[605.169921875, 748.9628295898438, 951.9200439453125, 1206.3302001953125]",1
frame_0062.png,extras,trolley,hand truck,hand truck.,0.2,0.2,5,0.5062,"[2368.808837890625, 289.7730712890625, 2878.697509765625, 1039.4857177734375]",1
frame_0062.png,extras,trolley,luggage cart,luggage cart.,0.2,0.2,1,0.7406,"[602.1943969726562, 747.40625, 952.8683471679688, 1206.096923828125]",1
frame_0062.png,extras,trolley,flatbed cart,flatbed cart.,0.2,0.2,1,0.8036,"[604.8665771484375, 747.9625854492188, 952.4891357421875, 1206.0089111328125]",1
frame_0062.png,extras,trolley,push cart,push cart.,0.2,0.2,1,0.7068,"[602.813232421875, 747.7620239257812, 953.2861938476562, 1207.2755126953125]",1
frame_0062.png,extras,trolley,utility cart,utility cart.,0.2,0.2,1,0.8257,"[602.7208251953125, 747.0023193359375, 952.8790893554688, 1207.1314697265625]",1
frame_0062.png,extras,trolley,metal trolley,metal trolley.,0.2,0.2,1,0.6995,"[601.8688354492188, 746.9356689453125, 953.9124755859375, 1206.6005859375]",1
frame_0063.png,production,trailer,ALL_GROUP,utility trailer. open trailer. vehicle trailer. covered trailer.,0.18,0.18,6,0.4472,"[746.3753662109375, 744.1254272460938, 1109.176025390625, 1236.1553955078125]",1
frame_0063.png,production,electric utility vehicle+electric wheelchair+electric scooter,ALL_GROUP,electric utility vehicle. small electric cart. golf cart. white utility vehicle. powered mobility scooter. motorized wheelchair. mobility chair. electric wheelchair. two-wheeled scooter. stand-up scooter. electric kick scooter. kick scooter.,0.2,0.2,8,0.4847,"[2.9770588874816895, 477.6483154296875, 599.0484008789062, 1046.6728515625]",1
frame_0063.png,production,trolley,ALL_GROUP,trolley. hand cart. utility cart. push cart.,0.22,0.22,2,0.3172,"[744.8648681640625, 742.714599609375, 1108.5955810546875, 1237.772216796875]",1
frame_0063.png,production,pair of ramps+basketball,ALL_GROUP,metal ramps on ground. two metal ramps. pair of ramps. vehicle loading ramp. round orange ball. rubber ball on ground. sports ball. basketball.,0.18,0.18,17,0.5529,"[1154.022216796875, 1640.9609375, 1697.2158203125, 1850.9920654296875]",1
frame_0063.png,production,portable power station+umbrella,ALL_GROUP,portable power station. large power bank. battery box. power generator box. folded umbrella. open umbrella. shade umbrella. umbrella.,0.2,0.2,4,0.25,"[2.816791534423828, 483.3922119140625, 598.6103515625, 1038.9383544921875]",1
frame_0063.png,production,rectangular table,ALL_GROUP,rectangular table. outdoor table. picnic table. folding table.,0.24,0.24,3,0.3264,"[1973.769775390625, 600.6793823242188, 2877.83203125, 1455.6053466796875]",1
frame_0063.png,production,cardboard box,ALL_GROUP,cardboard box. brown cardboard box. shipping box.,0.26,0.26,0,0.0,,0
frame_0063.png,production,chair,ALL_GROUP,chair. folding chair. outdoor chair. plastic chair.,0.3,0.3,2,0.3494,"[749.9649658203125, 743.8837890625, 1108.1724853515625, 1234.9666748046875]",1
frame_0063.png,production,traffic cone,ALL_GROUP,traffic cone. road cone. safety cone. orange cone.,0.22,0.22,1,0.2373,"[1815.1573486328125, 945.8514404296875, 1909.186279296875, 1042.2806396484375]",1
frame_0063.png,production,prohibition sign,ALL_GROUP,red sign on ground. red circular sign. prohibition sign. red prohibition sign.,0.2,0.2,5,0.4274,"[1738.86474609375, 7.789460182189941, 2460.631103515625, 940.2607421875]",1
frame_0063.png,extras,cardboard_box,cardboard box,cardboard box.,0.2,0.2,0,0.0,,0
frame_0063.png,extras,cardboard_box,brown cardboard box,brown cardboard box.,0.2,0.2,3,0.3921,"[740.840576171875, 741.1054077148438, 1112.3282470703125, 1238.611328125]",1
frame_0063.png,extras,cardboard_box,shipping box,shipping box.,0.2,0.2,4,0.4363,"[3.0266690254211426, 485.8486633300781, 594.2183227539062, 1037.87890625]",1
frame_0063.png,extras,cardboard_box,small box,small box.,0.2,0.2,1,0.437,"[742.4790649414062, 741.061279296875, 1111.5511474609375, 1237.2679443359375]",1
frame_0063.png,extras,cardboard_box,package box,package box.,0.2,0.2,0,0.0,,0
frame_0063.png,extras,cardboard_box,stacked box,stacked box.,0.2,0.2,2,0.2979,"[1741.347900390625, 2.524110794067383, 2464.048095703125, 970.7101440429688]",1
frame_0063.png,extras,cardboard_box,outdoor cardboard box,outdoor cardboard box.,0.2,0.2,3,0.4133,"[1738.4136962890625, 4.338687896728516, 2464.038330078125, 968.6425170898438]",1
frame_0063.png,extras,chair,chair,chair.,0.2,0.2,5,0.4086,"[751.5371704101562, 744.1948852539062, 1104.03369140625, 1233.8453369140625]",1
frame_0063.png,extras,chair,armless chair,armless chair.,0.2,0.2,1,0.7385,"[746.7467041015625, 741.0916137695312, 1109.9462890625, 1236.729736328125]",1
frame_0063.png,extras,chair,outdoor chair,outdoor chair.,0.2,0.2,1,0.663,"[747.1421508789062, 741.17724609375, 1108.9478759765625, 1236.009765625]",1
frame_0063.png,extras,chair,plastic chair,plastic chair.,0.2,0.2,3,0.5549,"[746.5047607421875, 741.5467529296875, 1109.166015625, 1234.3851318359375]",1
frame_0063.png,extras,chair,folding chair,folding chair.,0.2,0.2,1,0.6421,"[751.4823608398438, 743.6802368164062, 1107.4527587890625, 1235.484619140625]",1
frame_0063.png,extras,chair,metal chair,metal chair.,0.2,0.2,2,0.6727,"[741.4087524414062, 737.74462890625, 1112.574951171875, 1236.4708251953125]",1
frame_0063.png,extras,electric_utility_vehicle,electric utility vehicle,electric utility vehicle.,0.2,0.2,3,0.7183,"[746.0056762695312, 742.1771240234375, 1109.2655029296875, 1238.7684326171875]",1
frame_0063.png,extras,electric_utility_vehicle,small electric cart,small electric cart.,0.2,0.2,1,0.9349,"[737.6416625976562, 738.4447631835938, 1117.9193115234375, 1241.1260986328125]",1
frame_0063.png,extras,electric_utility_vehicle,utility vehicle,utility vehicle.,0.2,0.2,3,0.7728,"[745.9805297851562, 742.3880615234375, 1108.4146728515625, 1238.5875244140625]",1
frame_0063.png,extras,electric_utility_vehicle,golf cart,golf cart.,0.2,0.2,1,0.4034,"[748.2998657226562, 743.6260375976562, 1108.2708740234375, 1237.2767333984375]",1
frame_0063.png,extras,electric_utility_vehicle,electric cart,electric cart.,0.2,0.2,1,0.8233,"[744.5618896484375, 742.0455322265625, 1110.1854248046875, 1238.331298828125]",1
frame_0063.png,extras,electric_utility_vehicle,small white utility vehicle,small white utility vehicle.,0.2,0.2,1,0.887,"[740.2938232421875, 738.8778686523438, 1115.5550537109375, 1240.469482421875]",1
frame_0063.png,extras,electric_utility_vehicle,white utility cart,white utility cart.,0.2,0.2,2,0.5519,"[743.8909912109375, 741.6768798828125, 1112.4781494140625, 1238.4227294921875]",1
frame_0063.png,extras,portable_power_station,portable power station,portable power station.,0.2,0.2,5,0.3967,"[1739.0933837890625, 4.199386119842529, 2476.38720703125, 1019.2578125]",1
frame_0063.png,extras,portable_power_station,large power bank,large power bank.,0.2,0.2,4,0.4258,"[1735.9593505859375, 4.5486650466918945, 2473.123291015625, 954.4085083007812]",1
frame_0063.png,extras,portable_power_station,battery box,battery box.,0.2,0.2,1,0.213,"[1742.0880126953125, 2.9450082778930664, 2457.5224609375, 965.7933959960938]",1
frame_0063.png,extras,portable_power_station,power generator box,power generator box.,0.2,0.2,2,0.2744,"[1740.4088134765625, 3.0758838653564453, 2466.728271484375, 981.5618286132812]",1
frame_0063.png,extras,portable_power_station,portable battery,portable battery.,0.2,0.2,3,0.4221,"[1740.209716796875, 1.5992778539657593, 2463.39404296875, 957.243408203125]",1
frame_0063.png,extras,portable_power_station,power station,power station.,0.2,0.2,7,0.3568,"[1740.9954833984375, 3.14633846282959, 2471.447998046875, 1012.6095581054688]",1
frame_0063.png,extras,portable_power_station,large battery pack,large battery pack.,0.2,0.2,1,0.5669,"[1736.7252197265625, 5.298775672912598, 2476.804931640625, 961.5243530273438]",1
frame_0063.png,extras,rectangular_table,rectangular table,rectangular table.,0.2,0.2,2,0.6234,"[1972.9688720703125, 598.5708618164062, 2877.466796875, 1453.974609375]",1
frame_0063.png,extras,rectangular_table,outdoor table,outdoor table.,0.2,0.2,4,0.4652,"[1973.876953125, 601.5787963867188, 2878.2216796875, 1459.163818359375]",1
frame_0063.png,extras,rectangular_table,long rectangular table,long rectangular table.,0.2,0.2,1,0.6408,"[1970.8323974609375, 595.2513427734375, 2876.94287109375, 1452.0030517578125]",1
frame_0063.png,extras,rectangular_table,picnic table,picnic table.,0.2,0.2,4,0.4036,"[1974.1097412109375, 600.129150390625, 2876.964599609375, 1457.5001220703125]",1
frame_0063.png,extras,rectangular_table,folding table,folding table.,0.2,0.2,4,0.3807,"[1974.923828125, 604.7706909179688, 2878.823486328125, 1459.7813720703125]",1
frame_0063.png,extras,rectangular_table,work table,work table.,0.2,0.2,4,0.407,"[1974.096435546875, 600.2318115234375, 2877.25244140625, 1459.0899658203125]",1
frame_0063.png,extras,rectangular_table,outdoor wooden table,outdoor wooden table.,0.2,0.2,3,0.5199,"[2239.75, 1669.6363525390625, 2877.108642578125, 1853.4285888671875]",1
frame_0063.png,extras,traffic_cone,traffic cone,traffic cone.,0.2,0.2,2,0.4524,"[2390.920166015625, 946.113037109375, 2492.84228515625, 1064.476318359375]",1
frame_0063.png,extras,traffic_cone,road cone,road cone.,0.2,0.2,2,0.3532,"[1814.6290283203125, 945.1966552734375, 1909.4296875, 1043.9993896484375]",1
frame_0063.png,extras,traffic_cone,safety cone,safety cone.,0.2,0.2,3,0.3301,"[1815.3662109375, 946.7732543945312, 1908.3658447265625, 1042.6007080078125]",1
frame_0063.png,extras,traffic_cone,orange cone,orange cone.,0.2,0.2,4,0.364,"[745.0365600585938, 742.3764038085938, 1109.68896484375, 1237.1923828125]",1
frame_0063.png,extras,traffic_cone,construction cone,construction cone.,0.2,0.2,4,0.3521,"[1814.447021484375, 946.4052124023438, 1909.469482421875, 1043.889404296875]",1
frame_0063.png,extras,traffic_cone,orange traffic cone,orange traffic cone.,0.2,0.2,3,0.4312,"[1812.1102294921875, 941.5264892578125, 1909.7364501953125, 1044.92333984375]",1
frame_0063.png,extras,trolley,trolley,trolley.,0.2,0.2,1,0.5654,"[752.4853515625, 745.0828857421875, 1104.5484619140625, 1235.5657958984375]",1
frame_0063.png,extras,trolley,hand cart,hand cart.,0.2,0.2,1,0.5653,"[748.416748046875, 743.4222412109375, 1108.0677490234375, 1237.268798828125]",1
frame_0063.png,extras,trolley,hand truck,hand truck.,0.2,0.2,5,0.5013,"[748.1859130859375, 743.3509521484375, 1107.8001708984375, 1237.534912109375]",1
frame_0063.png,extras,trolley,luggage cart,luggage cart.,0.2,0.2,1,0.712,"[745.1126098632812, 742.48681640625, 1109.1187744140625, 1237.2010498046875]",1
frame_0063.png,extras,trolley,flatbed cart,flatbed cart.,0.2,0.2,1,0.8004,"[747.8010864257812, 742.4757080078125, 1109.5880126953125, 1237.1326904296875]",1
frame_0063.png,extras,trolley,push cart,push cart.,0.2,0.2,1,0.6794,"[746.2583618164062, 742.4381713867188, 1109.1260986328125, 1238.4658203125]",1
frame_0063.png,extras,trolley,utility cart,utility cart.,0.2,0.2,1,0.7916,"[744.9882202148438, 741.7168579101562, 1110.2047119140625, 1238.2279052734375]",1
frame_0063.png,extras,trolley,metal trolley,metal trolley.,0.2,0.2,1,0.8037,"[744.105224609375, 741.5263671875, 1111.3675537109375, 1238.067138671875]",1
frame_0064.png,production,trailer,ALL_GROUP,utility trailer. open trailer. vehicle trailer. covered trailer.,0.18,0.18,7,0.4832,"[1295.7244873046875, 755.838623046875, 1643.062744140625, 1210.017578125]",1
frame_0064.png,production,electric utility vehicle+electric wheelchair+electric scooter,ALL_GROUP,electric utility vehicle. small electric cart. golf cart. white utility vehicle. powered mobility scooter. motorized wheelchair. mobility chair. electric wheelchair. two-wheeled scooter. stand-up scooter. electric kick scooter. kick scooter.,0.2,0.2,8,0.4944,"[524.1507568359375, 653.119873046875, 806.4417724609375, 1223.7685546875]",1
frame_0064.png,production,trolley,ALL_GROUP,trolley. hand cart. utility cart. push cart.,0.22,0.22,4,0.483,"[1296.511474609375, 754.6535034179688, 1642.793701171875, 1211.8446044921875]",1
frame_0064.png,production,pair of ramps+basketball,ALL_GROUP,metal ramps on ground. two metal ramps. pair of ramps. vehicle loading ramp. round orange ball. rubber ball on ground. sports ball. basketball.,0.18,0.18,21,0.4013,"[1147.5938720703125, 1643.7781982421875, 1693.4278564453125, 1851.626220703125]",1
frame_0064.png,production,portable power station+umbrella,ALL_GROUP,portable power station. large power bank. battery box. power generator box. folded umbrella. open umbrella. shade umbrella. umbrella.,0.2,0.2,1,0.2003,"[2192.561767578125, 1.2441229820251465, 2877.09814453125, 1032.65673828125]",1
frame_0064.png,production,rectangular table,ALL_GROUP,rectangular table. outdoor table. picnic table. folding table.,0.24,0.24,3,0.3846,"[2631.457275390625, 608.6768188476562, 2877.601318359375, 1391.6444091796875]",1
frame_0064.png,production,cardboard box,ALL_GROUP,cardboard box. brown cardboard box. shipping box.,0.26,0.26,0,0.0,,0
frame_0064.png,production,chair,ALL_GROUP,chair. folding chair. outdoor chair. plastic chair.,0.3,0.3,3,0.3462,"[1297.984619140625, 755.5330200195312, 1642.30322265625, 1209.1112060546875]",1
frame_0064.png,production,traffic cone,ALL_GROUP,traffic cone. road cone. safety cone. orange cone.,0.22,0.22,1,0.2267,"[2371.40087890625, 950.0684814453125, 2486.263671875, 1063.8643798828125]",1
frame_0064.png,production,prohibition sign,ALL_GROUP,red sign on ground. red circular sign. prohibition sign. red prohibition sign.,0.2,0.2,9,0.3984,"[815.3803100585938, 643.7779541015625, 889.1539916992188, 679.7090454101562]",1
frame_0064.png,extras,cardboard_box,cardboard box,cardboard box.,0.2,0.2,1,0.2177,"[1294.9609375, 755.8242797851562, 1641.877197265625, 1209.523681640625]",1
frame_0064.png,extras,cardboard_box,brown cardboard box,brown cardboard box.,0.2,0.2,1,0.3912,"[1286.2730712890625, 752.2433471679688, 1647.08642578125, 1212.8751220703125]",1
frame_0064.png,extras,cardboard_box,shipping box,shipping box.,0.2,0.2,6,0.317,"[398.787109375, 572.9647827148438, 1119.1741943359375, 1010.0131225585938]",1
frame_0064.png,extras,cardboard_box,small box,small box.,0.2,0.2,4,0.409,"[1291.149169921875, 752.9860229492188, 1645.3978271484375, 1210.6805419921875]",1
frame_0064.png,extras,cardboard_box,package box,package box.,0.2,0.2,0,0.0,,0
frame_0064.png,extras,cardboard_box,stacked box,stacked box.,0.2,0.2,0,0.0,,0
frame_0064.png,extras,cardboard_box,outdoor cardboard box,outdoor cardboard box.,0.2,0.2,4,0.2825,"[2193.723388671875, 1.5709519386291504, 2875.574462890625, 1044.1429443359375]",1
frame_0064.png,extras,chair,chair,chair.,0.2,0.2,4,0.4876,"[1.426151990890503, 783.6514892578125, 212.73667907714844, 1175.8603515625]",1
frame_0064.png,extras,chair,armless chair,armless chair.,0.2,0.2,2,0.4092,"[1.5891015529632568, 781.46044921875, 218.2394561767578, 1180.2447509765625]",1
frame_0064.png,extras,chair,outdoor chair,outdoor chair.,0.2,0.2,3,0.5074,"[1.5974807739257812, 784.052001953125, 216.65084838867188, 1177.403564453125]",1
frame_0064.png,extras,chair,plastic chair,plastic chair.,0.2,0.2,2,0.6937,"[1.905580759048462, 785.6964721679688, 216.84153747558594, 1177.891845703125]",1
frame_0064.png,extras,chair,folding chair,folding chair.,0.2,0.2,2,0.4154,"[1.1164319515228271, 783.2123413085938, 216.03506469726562, 1177.885986328125]",1
frame_0064.png,extras,chair,metal chair,metal chair.,0.2,0.2,2,0.6264,"[2.0219242572784424, 783.21044921875, 218.64337158203125, 1178.689697265625]",1
frame_0064.png,extras,electric_utility_vehicle,electric utility vehicle,electric utility vehicle.,0.2,0.2,4,0.6806,"[1295.218017578125, 754.2586059570312, 1642.762451171875, 1211.4781494140625]",1
frame_0064.png,extras,electric_utility_vehicle,small electric cart,small electric cart.,0.2,0.2,2,0.5818,"[1286.5869140625, 750.2905883789062, 1650.527587890625, 1215.0509033203125]",1
frame_0064.png,extras,electric_utility_vehicle,utility vehicle,utility vehicle.,0.2,0.2,3,0.7479,"[1296.2264404296875, 754.7092895507812, 1642.3525390625, 1211.34130859375]",1
frame_0064.png,extras,electric_utility_vehicle,golf cart,golf cart.,0.2,0.2,2,0.4774,"[1296.869140625, 755.9758911132812, 1641.7906494140625, 1210.333740234375]",1
frame_0064.png,extras,electric_utility_vehicle,electric cart,electric cart.,0.2,0.2,2,0.6745,"[1294.8360595703125, 754.3892211914062, 1642.64208984375, 1211.2552490234375]",1
frame_0064.png,extras,electric_utility_vehicle,small white utility vehicle,small white utility vehicle.,0.2,0.2,1,0.8468,"[1288.94775390625, 751.7755126953125, 1648.290283203125, 1213.784423828125]",1
frame_0064.png,extras,electric_utility_vehicle,white utility cart,white utility cart.,0.2,0.2,2,0.559,"[1291.4779052734375, 753.56298828125, 1645.2452392578125, 1211.966064453125]",1
frame_0064.png,extras,portable_power_station,portable power station,portable power station.,0.2,0.2,4,0.3789,"[2574.153076171875, 533.0255737304688, 2875.76416015625, 1394.4730224609375]",1
frame_0064.png,extras,portable_power_station,large power bank,large power bank.,0.2,0.2,6,0.3098,"[1234.126220703125, 561.3464965820312, 2096.545654296875, 983.4419555664062]",1
frame_0064.png,extras,portable_power_station,battery box,battery box.,0.2,0.2,0,0.0,,0
frame_0064.png,extras,portable_power_station,power generator box,power generator box.,0.2,0.2,1,0.2633,"[2576.14892578125, 530.1199340820312, 2844.89990234375, 764.7352294921875]",1
frame_0064.png,extras,portable_power_station,portable battery,portable battery.,0.2,0.2,4,0.3776,"[2576.146240234375, 531.154296875, 2843.202392578125, 764.3897705078125]",1
frame_0064.png,extras,portable_power_station,power station,power station.,0.2,0.2,7,0.3075,"[2191.964599609375, 0.07028818130493164, 2876.52978515625, 1391.3052978515625]",1
frame_0064.png,extras,portable_power_station,large battery pack,large battery pack.,0.2,0.2,3,0.4477,"[2191.5576171875, 2.347891330718994, 2875.67578125, 1023.0575561523438]",1
frame_0064.png,extras,rectangular_table,rectangular table,rectangular table.,0.2,0.2,2,0.4761,"[3.5789787769317627, 937.8985595703125, 214.4351806640625, 1177.9703369140625]",1
frame_0064.png,extras,rectangular_table,outdoor table,outdoor table.,0.2,0.2,3,0.429,"[2.913447618484497, 939.64501953125, 213.31329345703125, 1177.548583984375]",1
frame_0064.png,extras,rectangular_table,long rectangular table,long rectangular table.,0.2,0.2,3,0.3895,"[2626.828369140625, 605.3388671875, 2875.868408203125, 1394.5960693359375]",1
frame_0064.png,extras,rectangular_table,picnic table,picnic table.,0.2,0.2,3,0.4751,"[3.1149351596832275, 938.284912109375, 213.02481079101562, 1176.1844482421875]",1
frame_0064.png,extras,rectangular_table,folding table,folding table.,0.2,0.2,3,0.434,"[2.938413619995117, 941.6611938476562, 213.1163330078125, 1177.383544921875]",1
frame_0064.png,extras,rectangular_table,work table,work table.,0.2,0.2,3,0.4999,"[3.3146309852600098, 936.9049682617188, 213.39744567871094, 1177.0604248046875]",1
frame_0064.png,extras,rectangular_table,outdoor wooden table,outdoor wooden table.,0.2,0.2,3,0.5038,"[3.2165050506591797, 934.6641845703125, 215.83872985839844, 1179.6956787109375]",1
frame_0064.png,extras,traffic_cone,traffic cone,traffic cone.,0.2,0.2,3,0.4201,"[2373.22412109375, 950.5604248046875, 2484.681640625, 1059.3057861328125]",1
frame_0064.png,extras,traffic_cone,road cone,road cone.,0.2,0.2,1,0.3766,"[2370.520751953125, 948.4933471679688, 2487.359375, 1065.4765625]",1
frame_0064.png,extras,traffic_cone,safety cone,safety cone.,0.2,0.2,2,0.3233,"[2371.52880859375, 949.8795776367188, 2485.996337890625, 1063.58349609375]",1
frame_0064.png,extras,traffic_cone,orange cone,orange cone.,0.2,0.2,3,0.3984,"[292.9284362792969, 950.2018432617188, 329.3393249511719, 1006.6867065429688]",1
frame_0064.png,extras,traffic_cone,construction cone,construction cone.,0.2,0.2,3,0.3777,"[2370.599853515625, 950.0669555664062, 2486.7822265625, 1064.76611328125]",1
frame_0064.png,extras,traffic_cone,orange traffic cone,orange traffic cone.,0.2,0.2,2,0.4715,"[290.8680725097656, 948.2092895507812, 331.2868347167969, 1008.1260986328125]",1
frame_0064.png,extras,trolley,trolley,trolley.,0.2,0.2,3,0.574,"[531.9382934570312, 661.2882690429688, 799.9559326171875, 1219.1910400390625]",1
frame_0064.png,extras,trolley,hand cart,hand cart.,0.2,0.2,2,0.6119,"[1297.5531005859375, 755.8790893554688, 1641.14453125, 1210.025634765625]",1
frame_0064.png,extras,trolley,hand truck,hand truck.,0.2,0.2,5,0.4999,"[1296.5748291015625, 755.8797607421875, 1641.6485595703125, 1209.97509765625]",1
frame_0064.png,extras,trolley,luggage cart,luggage cart.,0.2,0.2,2,0.7273,"[1295.190185546875, 755.0404663085938, 1642.5401611328125, 1210.172607421875]",1
frame_0064.png,extras,trolley,flatbed cart,flatbed cart.,0.2,0.2,2,0.6308,"[1296.1468505859375, 754.3185424804688, 1642.4320068359375, 1210.8675537109375]",1
frame_0064.png,extras,trolley,push cart,push cart.,0.2,0.2,2,0.6649,"[1295.870849609375, 754.7968139648438, 1642.4349365234375, 1211.195556640625]",1
frame_0064.png,extras,trolley,utility cart,utility cart.,0.2,0.2,2,0.6932,"[1294.552001953125, 754.0109252929688, 1642.5579833984375, 1211.2767333984375]",1
frame_0064.png,extras,trolley,metal trolley,metal trolley.,0.2,0.2,2,0.6762,"[528.23876953125, 656.3267822265625, 804.4476928710938, 1222.291015625]",1
frame_0065.png,production,trailer,ALL_GROUP,utility trailer. open trailer. vehicle trailer. covered trailer.,0.18,0.18,5,0.541,"[1502.302490234375, 753.3883056640625, 1865.69580078125, 1210.010986328125]",1
frame_0065.png,production,electric utility vehicle+electric wheelchair+electric scooter,ALL_GROUP,electric utility vehicle. small electric cart. golf cart. white utility vehicle. powered mobility scooter. motorized wheelchair. mobility chair. electric wheelchair. two-wheeled scooter. stand-up scooter. electric kick scooter. kick scooter.,0.2,0.2,10,0.3989,"[782.368896484375, 668.9945678710938, 1031.25537109375, 1199.0794677734375]",1
frame_0065.png,production,trolley,ALL_GROUP,trolley. hand cart. utility cart. push cart.,0.22,0.22,4,0.4621,"[1500.7666015625, 751.5081787109375, 1866.7623291015625, 1211.1376953125]",1
frame_0065.png,production,pair of ramps+basketball,ALL_GROUP,metal ramps on ground. two metal ramps. pair of ramps. vehicle loading ramp. round orange ball. rubber ball on ground. sports ball. basketball.,0.18,0.18,18,0.4659,"[1154.0164794921875, 1643.9962158203125, 1688.726318359375, 1851.319091796875]",1
frame_0065.png,production,portable power station+umbrella,ALL_GROUP,portable power station. large power bank. battery box. power generator box. folded umbrella. open umbrella. shade umbrella. umbrella.,0.2,0.2,1,0.2333,"[587.1946411132812, 488.8401184082031, 1317.1348876953125, 1003.888427734375]",1
frame_0065.png,production,rectangular table,ALL_GROUP,rectangular table. outdoor table. picnic table. folding table.,0.24,0.24,3,0.3878,"[302.160888671875, 938.9251708984375, 494.1336669921875, 1146.5362548828125]",1
frame_0065.png,production,cardboard box,ALL_GROUP,cardboard box. brown cardboard box. shipping box.,0.26,0.26,1,0.5459,"[163.0459747314453, 1023.6602172851562, 273.38592529296875, 1151.9383544921875]",1
frame_0065.png,production,chair,ALL_GROUP,chair. folding chair. outdoor chair. plastic chair.,0.3,0.3,1,0.3553,"[1505.0028076171875, 753.9454345703125, 1865.222900390625, 1207.7476806640625]",1
frame_0065.png,production,traffic cone,ALL_GROUP,traffic cone. road cone. safety cone. orange cone.,0.22,0.22,0,0.0,,0
frame_0065.png,production,prohibition sign,ALL_GROUP,red sign on ground. red circular sign. prohibition sign. red prohibition sign.,0.2,0.2,10,0.336,"[1151.15625, 1642.510009765625, 1692.90185546875, 1851.57470703125]",1
frame_0065.png,extras,cardboard_box,cardboard box,cardboard box.,0.2,0.2,1,0.5984,"[163.29075622558594, 1024.6541748046875, 273.1954650878906, 1151.332275390625]",1
frame_0065.png,extras,cardboard_box,brown cardboard box,brown cardboard box.,0.2,0.2,1,0.6507,"[161.32846069335938, 1022.7643432617188, 275.38360595703125, 1152.9635009765625]",1
frame_0065.png,extras,cardboard_box,shipping box,shipping box.,0.2,0.2,6,0.2696,"[540.3909301757812, 493.203857421875, 1312.097412109375, 1002.9443969726562]",1
frame_0065.png,extras,cardboard_box,small box,small box.,0.2,0.2,1,0.6203,"[162.22756958007812, 1024.2332763671875, 273.6197509765625, 1152.687255859375]",1
frame_0065.png,extras,cardboard_box,package box,package box.,0.2,0.2,1,0.252,"[165.68344116210938, 1027.4906005859375, 270.772216796875, 1150.915283203125]",1
frame_0065.png,extras,cardboard_box,stacked box,stacked box.,0.2,0.2,1,0.3457,"[165.13197326660156, 1027.0750732421875, 270.7491760253906, 1150.560546875]",1
frame_0065.png,extras,cardboard_box,outdoor cardboard box,outdoor cardboard box.,0.2,0.2,1,0.6043,"[161.4613800048828, 1022.1952514648438, 275.3406066894531, 1152.9239501953125]",1
frame_0065.png,extras,chair,chair,chair.,0.2,0.2,3,0.3969,"[1505.6209716796875, 754.1341552734375, 1863.0223388671875, 1205.054931640625]",1
frame_0065.png,extras,chair,armless chair,armless chair.,0.2,0.2,1,0.7382,"[1500.1231689453125, 750.1134643554688, 1867.3150634765625, 1210.364013671875]",1
frame_0065.png,extras,chair,outdoor chair,outdoor chair.,0.2,0.2,2,0.6276,"[1501.4202880859375, 750.1732177734375, 1866.5213623046875, 1208.918701171875]",1
frame_0065.png,extras,chair,plastic chair,plastic chair.,0.2,0.2,4,0.4359,"[258.5293884277344, 808.6363525390625, 501.3316345214844, 1150.0147705078125]",1
frame_0065.png,extras,chair,folding chair,folding chair.,0.2,0.2,1,0.5994,"[1505.4251708984375, 753.2354736328125, 1864.68115234375, 1208.1474609375]",1
frame_0065.png,extras,chair,metal chair,metal chair.,0.2,0.2,3,0.4616,"[1496.3580322265625, 747.0140380859375, 1870.2305908203125, 1209.3450927734375]",1
frame_0065.png,extras,electric_utility_vehicle,electric utility vehicle,electric utility vehicle.,0.2,0.2,2,0.731,"[1500.5164794921875, 751.46630859375, 1865.925537109375, 1211.1895751953125]",1
frame_0065.png,extras,electric_utility_vehicle,small electric cart,small electric cart.,0.2,0.2,1,0.8452,"[1491.7174072265625, 747.6909790039062, 1873.7261962890625, 1216.1925048828125]",1
frame_0065.png,extras,electric_utility_vehicle,utility vehicle,utility vehicle.,0.2,0.2,2,0.7582,"[1500.874755859375, 751.8948974609375, 1865.9449462890625, 1211.1580810546875]",1
frame_0065.png,extras,electric_utility_vehicle,golf cart,golf cart.,0.2,0.2,2,0.5454,"[1501.2271728515625, 752.609375, 1865.7332763671875, 1210.5849609375]",1
frame_0065.png,extras,electric_utility_vehicle,electric cart,electric cart.,0.2,0.2,2,0.7978,"[1498.463623046875, 751.1344604492188, 1866.921630859375, 1211.681640625]",1
frame_0065.png,extras,electric_utility_vehicle,small white utility vehicle,small white utility vehicle.,0.2,0.2,1,0.8874,"[1493.5008544921875, 749.0656127929688, 1872.041015625, 1214.6119384765625]",1
frame_0065.png,extras,electric_utility_vehicle,white utility cart,white utility cart.,0.2,0.2,1,0.8027,"[1496.811279296875, 750.3328247070312, 1868.412841796875, 1212.135498046875]",1
frame_0065.png,extras,portable_power_station,portable power station,portable power station.,0.2,0.2,3,0.3882,"[632.6737060546875, 490.1375732421875, 1313.9903564453125, 1004.9445190429688]",1
frame_0065.png,extras,portable_power_station,large power bank,large power bank.,0.2,0.2,4,0.442,"[607.8285522460938, 489.4547424316406, 1316.8956298828125, 1004.3519287109375]",1
frame_0065.png,extras,portable_power_station,battery box,battery box.,0.2,0.2,0,0.0,,0
frame_0065.png,extras,portable_power_station,power generator box,power generator box.,0.2,0.2,1,0.2034,"[1500.3385009765625, 750.88818359375, 1866.322265625, 1209.516357421875]",1
frame_0065.png,extras,portable_power_station,portable battery,portable battery.,0.2,0.2,3,0.3743,"[1500.614013671875, 750.955322265625, 1866.78857421875, 1208.8631591796875]",1
frame_0065.png,extras,portable_power_station,power station,power station.,0.2,0.2,6,0.3802,"[604.4564208984375, 491.229248046875, 1314.229248046875, 1003.56591796875]",1
frame_0065.png,extras,portable_power_station,large battery pack,large battery pack.,0.2,0.2,4,0.3344,"[1493.342529296875, 746.549072265625, 1870.941650390625, 1211.5186767578125]",1
frame_0065.png,extras,rectangular_table,rectangular table,rectangular table.,0.2,0.2,1,0.7415,"[295.9130859375, 934.4754028320312, 497.1650390625, 1149.876953125]",1
frame_0065.png,extras,rectangular_table,outdoor table,outdoor table.,0.2,0.2,1,0.572,"[300.49688720703125, 936.1143188476562, 495.5804443359375, 1149.428466796875]",1
frame_0065.png,extras,rectangular_table,long rectangular table,long rectangular table.,0.2,0.2,2,0.5423,"[295.3642272949219, 932.7466430664062, 498.5423583984375, 1150.216064453125]",1
frame_0065.png,extras,rectangular_table,picnic table,picnic table.,0.2,0.2,2,0.511,"[296.4952392578125, 933.39990234375, 496.5513000488281, 1148.5615234375]",1
frame_0065.png,extras,rectangular_table,folding table,folding table.,0.2,0.2,2,0.5134,"[303.7647705078125, 938.6141967773438, 495.285888671875, 1149.2894287109375]",1
frame_0065.png,extras,rectangular_table,work table,work table.,0.2,0.2,2,0.5349,"[296.0187072753906, 932.55419921875, 496.7895812988281, 1149.3336181640625]",1
frame_0065.png,extras,rectangular_table,outdoor wooden table,outdoor wooden table.,0.2,0.2,1,0.7099,"[295.7601623535156, 931.8764038085938, 498.76971435546875, 1151.0223388671875]",1
frame_0065.png,extras,traffic_cone,traffic cone,traffic cone.,0.2,0.2,2,0.3258,"[2637.106689453125, 958.8419799804688, 2763.345703125, 1070.871337890625]",1
frame_0065.png,extras,traffic_cone,road cone,road cone.,0.2,0.2,5,0.3151,"[2633.85498046875, 954.6214599609375, 2766.12646484375, 1076.6956787109375]",1
frame_0065.png,extras,traffic_cone,safety cone,safety cone.,0.2,0.2,5,0.269,"[2634.650146484375, 956.5136108398438, 2765.10107421875, 1075.1298828125]",1
frame_0065.png,extras,traffic_cone,orange cone,orange cone.,0.2,0.2,4,0.3574,"[784.0882568359375, 673.4474487304688, 1032.3555908203125, 1197.4237060546875]",1
frame_0065.png,extras,traffic_cone,construction cone,construction cone.,0.2,0.2,5,0.3698,"[1500.24658203125, 750.95849609375, 1866.59326171875, 1210.010986328125]",1
frame_0065.png,extras,traffic_cone,orange traffic cone,orange traffic cone.,0.2,0.2,3,0.3816,"[779.0210571289062, 670.7940063476562, 1035.6651611328125, 1198.802001953125]",1
frame_0065.png,extras,trolley,trolley,trolley.,0.2,0.2,3,0.5403,"[1505.1075439453125, 755.0656127929688, 1862.376708984375, 1206.499755859375]",1
frame_0065.png,extras,trolley,hand cart,hand cart.,0.2,0.2,2,0.6263,"[1501.4385986328125, 752.4376831054688, 1865.61962890625, 1209.7613525390625]",1
frame_0065.png,extras,trolley,hand truck,hand truck.,0.2,0.2,3,0.5568,"[1502.8946533203125, 753.303955078125, 1864.7664794921875, 1208.767578125]",1
frame_0065.png,extras,trolley,luggage cart,luggage cart.,0.2,0.2,2,0.7464,"[1498.768310546875, 751.1517944335938, 1867.0574951171875, 1211.1114501953125]",1
frame_0065.png,extras,trolley,flatbed cart,flatbed cart.,0.2,0.2,1,0.7441,"[1501.684326171875, 751.708740234375, 1865.985107421875, 1210.1866455078125]",1
frame_0065.png,extras,trolley,push cart,push cart.,0.2,0.2,2,0.681,"[1500.1939697265625, 751.6004638671875, 1866.5052490234375, 1211.2515869140625]",1
frame_0065.png,extras,trolley,utility cart,utility cart.,0.2,0.2,1,0.8381,"[1498.34619140625, 749.9852905273438, 1866.6611328125, 1211.80078125]",1
frame_0065.png,extras,trolley,metal trolley,metal trolley.,0.2,0.2,2,0.4727,"[1499.5880126953125, 750.6692504882812, 1867.27978515625, 1210.778076171875]",1
frame_0066.png,production,trailer,ALL_GROUP,utility trailer. open trailer. vehicle trailer. covered trailer.,0.18,0.18,6,0.5307,"[2079.66845703125, 726.6239013671875, 2522.74755859375, 1255.4384765625]",1
frame_0066.png,production,electric utility vehicle+electric wheelchair+electric scooter,ALL_GROUP,electric utility vehicle. small electric cart. golf cart. white utility vehicle. powered mobility scooter. motorized wheelchair. mobility chair. electric wheelchair. two-wheeled scooter. stand-up scooter. electric kick scooter. kick scooter.,0.2,0.2,7,0.4024,"[1116.36376953125, 552.1764526367188, 1826.837158203125, 1008.6240844726562]",1
frame_0066.png,production,trolley,ALL_GROUP,trolley. hand cart. utility cart. push cart.,0.22,0.22,8,0.4759,"[2079.933349609375, 726.0306396484375, 2522.3125, 1256.2803955078125]",1
frame_0066.png,production,pair of ramps+basketball,ALL_GROUP,metal ramps on ground. two metal ramps. pair of ramps. vehicle loading ramp. round orange ball. rubber ball on ground. sports ball. basketball.,0.18,0.18,25,0.3683,"[2068.7138671875, 717.6546630859375, 2535.64794921875, 1261.234619140625]",1
frame_0066.png,production,portable power station+umbrella,ALL_GROUP,portable power station. large power bank. battery box. power generator box. folded umbrella. open umbrella. shade umbrella. umbrella.,0.2,0.2,1,0.2756,"[220.85597229003906, 180.1219482421875, 1232.46923828125, 973.6700439453125]",1
frame_0066.png,production,rectangular table,ALL_GROUP,rectangular table. outdoor table. picnic table. folding table.,0.24,0.24,2,0.3785,"[961.6781005859375, 933.5079956054688, 1103.248046875, 1104.9539794921875]",1
frame_0066.png,production,cardboard box,ALL_GROUP,cardboard box. brown cardboard box. shipping box.,0.26,0.26,1,0.5282,"[855.3828735351562, 1003.0115966796875, 935.3966674804688, 1102.9930419921875]",1
frame_0066.png,production,chair,ALL_GROUP,chair. folding chair. outdoor chair. plastic chair.,0.3,0.3,2,0.449,"[2082.195068359375, 726.882568359375, 2521.6953125, 1253.50244140625]",1
frame_0066.png,production,traffic cone,ALL_GROUP,traffic cone. road cone. safety cone. orange cone.,0.22,0.22,0,0.0,,0
frame_0066.png,production,prohibition sign,ALL_GROUP,red sign on ground. red circular sign. prohibition sign. red prohibition sign.,0.2,0.2,0,0.0,,0
frame_0066.png,extras,cardboard_box,cardboard box,cardboard box.,0.2,0.2,1,0.6246,"[855.417724609375, 1003.2381591796875, 935.5233764648438, 1102.9981689453125]",1
frame_0066.png,extras,cardboard_box,brown cardboard box,brown cardboard box.,0.2,0.2,1,0.637,"[853.6248168945312, 1002.1812133789062, 936.5252685546875, 1104.34716796875]",1
frame_0066.png,extras,cardboard_box,shipping box,shipping box.,0.2,0.2,4,0.3922,"[856.580322265625, 1004.7992553710938, 933.9786376953125, 1101.5479736328125]",1
frame_0066.png,extras,cardboard_box,small box,small box.,0.2,0.2,1,0.6038,"[854.7920532226562, 1003.41357421875, 934.6849365234375, 1103.3427734375]",1
frame_0066.png,extras,cardboard_box,package box,package box.,0.2,0.2,0,0.0,,0
frame_0066.png,extras,cardboard_box,stacked box,stacked box.,0.2,0.2,1,0.3101,"[856.7894287109375, 1005.1288452148438, 933.7971801757812, 1101.436767578125]",1
frame_0066.png,extras,cardboard_box,outdoor cardboard box,outdoor cardboard box.,0.2,0.2,1,0.5995,"[853.7240600585938, 1001.568115234375, 936.7748413085938, 1103.9473876953125]",1
frame_0066.png,extras,chair,chair,chair.,0.2,0.2,4,0.4273,"[958.55029296875, 876.97314453125, 1101.9713134765625, 1106.317626953125]",1
frame_0066.png,extras,chair,armless chair,armless chair.,0.2,0.2,2,0.5697,"[2077.745361328125, 723.8661499023438, 2523.279052734375, 1255.1920166015625]",1
frame_0066.png,extras,chair,outdoor chair,outdoor chair.,0.2,0.2,4,0.4438,"[2078.58935546875, 723.3054809570312, 2523.528564453125, 1254.902099609375]",1
frame_0066.png,extras,chair,plastic chair,plastic chair.,0.2,0.2,3,0.5871,"[961.12109375, 933.6444702148438, 1104.71630859375, 1105.837646484375]",1
frame_0066.png,extras,chair,folding chair,folding chair.,0.2,0.2,2,0.462,"[2082.189453125, 726.7305908203125, 2521.0087890625, 1253.3572998046875]",1
frame_0066.png,extras,chair,metal chair,metal chair.,0.2,0.2,3,0.4988,"[159.20936584472656, 851.018798828125, 311.8748474121094, 1043.8538818359375]",1
frame_0066.png,extras,electric_utility_vehicle,electric utility vehicle,electric utility vehicle.,0.2,0.2,4,0.7112,"[2078.5400390625, 725.631103515625, 2522.680419921875, 1256.8807373046875]",1
frame_0066.png,extras,electric_utility_vehicle,small electric cart,small electric cart.,0.2,0.2,2,0.6376,"[2070.601806640625, 721.2880249023438, 2529.648681640625, 1261.95849609375]",1
frame_0066.png,extras,electric_utility_vehicle,utility vehicle,utility vehicle.,0.2,0.2,5,0.7579,"[2079.5849609375, 725.7897338867188, 2521.700439453125, 1256.074462890625]",1
frame_0066.png,extras,electric_utility_vehicle,golf cart,golf cart.,0.2,0.2,3,0.4663,"[2080.525634765625, 726.9803466796875, 2521.685302734375, 1256.32568359375]",1
frame_0066.png,extras,electric_utility_vehicle,electric cart,electric cart.,0.2,0.2,3,0.6939,"[2078.125732421875, 725.8092041015625, 2522.611083984375, 1256.940185546875]",1
frame_0066.png,extras,electric_utility_vehicle,small white utility vehicle,small white utility vehicle.,0.2,0.2,1,0.8126,"[2072.9951171875, 723.0225219726562, 2528.101806640625, 1259.96533203125]",1
frame_0066.png,extras,electric_utility_vehicle,white utility cart,white utility cart.,0.2,0.2,3,0.4608,"[2075.113037109375, 724.2046508789062, 2525.101318359375, 1258.17333984375]",1
frame_0066.png,extras,portable_power_station,portable power station,portable power station.,0.2,0.2,5,0.3584,"[225.06887817382812, 181.80642700195312, 1223.8927001953125, 975.6762084960938]",1
frame_0066.png,extras,portable_power_station,large power bank,large power bank.,0.2,0.2,2,0.6014,"[222.77960205078125, 180.2887420654297, 1234.611083984375, 970.8432006835938]",1
frame_0066.png,extras,portable_power_station,battery box,battery box.,0.2,0.2,0,0.0,,0
frame_0066.png,extras,portable_power_station,power generator box,power generator box.,0.2,0.2,0,0.0,,0
frame_0066.png,extras,portable_power_station,portable battery,portable battery.,0.2,0.2,4,0.3193,"[2079.83935546875, 725.1192016601562, 2523.718017578125, 1254.769287109375]",1
frame_0066.png,extras,portable_power_station,power station,power station.,0.2,0.2,6,0.4108,"[221.37644958496094, 182.95404052734375, 1238.2623291015625, 972.1622924804688]",1
frame_0066.png,extras,portable_power_station,large battery pack,large battery pack.,0.2,0.2,4,0.3391,"[1205.0250244140625, 617.364501953125, 1434.1146240234375, 986.5411987304688]",1
frame_0066.png,extras,rectangular_table,rectangular table,rectangular table.,0.2,0.2,3,0.6768,"[957.893310546875, 929.603271484375, 1106.6959228515625, 1108.934326171875]",1
frame_0066.png,extras,rectangular_table,outdoor table,outdoor table.,0.2,0.2,2,0.6168,"[958.3836669921875, 930.69091796875, 1105.0587158203125, 1108.9649658203125]",1
frame_0066.png,extras,rectangular_table,long rectangular table,long rectangular table.,0.2,0.2,1,0.6371,"[956.03173828125, 927.6664428710938, 1108.206787109375, 1109.8673095703125]",1
frame_0066.png,extras,rectangular_table,picnic table,picnic table.,0.2,0.2,3,0.5497,"[959.53857421875, 929.5254516601562, 1104.7882080078125, 1108.12353515625]",1
frame_0066.png,extras,rectangular_table,folding table,folding table.,0.2,0.2,2,0.5151,"[960.7369995117188, 933.8252563476562, 1103.8211669921875, 1107.7530517578125]",1
frame_0066.png,extras,rectangular_table,work table,work table.,0.2,0.2,2,0.5659,"[957.579833984375, 927.3955688476562, 1105.8931884765625, 1109.116455078125]",1
frame_0066.png,extras,rectangular_table,outdoor wooden table,outdoor wooden table.,0.2,0.2,1,0.7186,"[957.744384765625, 927.6503295898438, 1107.280029296875, 1109.9801025390625]",1
frame_0066.png,extras,traffic_cone,traffic cone,traffic cone.,0.2,0.2,2,0.2789,"[1127.526611328125, 937.2079467773438, 1150.763671875, 984.1915283203125]",1
frame_0066.png,extras,traffic_cone,road cone,road cone.,0.2,0.2,3,0.2426,"[2078.22021484375, 725.0914306640625, 2525.634033203125, 1256.9044189453125]",1
frame_0066.png,extras,traffic_cone,safety cone,safety cone.,0.2,0.2,1,0.2531,"[2080.260986328125, 726.3623657226562, 2522.28564453125, 1254.9849853515625]",1
frame_0066.png,extras,traffic_cone,orange cone,orange cone.,0.2,0.2,2,0.3389,"[1123.739990234375, 941.8760375976562, 1153.52734375, 987.5021362304688]",1
frame_0066.png,extras,traffic_cone,construction cone,construction cone.,0.2,0.2,3,0.3855,"[2078.247802734375, 725.0093994140625, 2524.618896484375, 1256.5244140625]",1
frame_0066.png,extras,traffic_cone,orange traffic cone,orange traffic cone.,0.2,0.2,3,0.4048,"[1121.85107421875, 936.5624389648438, 1155.71435546875, 988.9614868164062]",1
frame_0066.png,extras,trolley,trolley,trolley.,0.2,0.2,3,0.5003,"[2082.418212890625, 728.3668212890625, 2517.692138671875, 1252.2764892578125]",1
frame_0066.png,extras,trolley,hand cart,hand cart.,0.2,0.2,4,0.552,"[2081.114990234375, 726.920166015625, 2521.62060546875, 1255.165771484375]",1
frame_0066.png,extras,trolley,hand truck,hand truck.,0.2,0.2,8,0.4944,"[2080.0908203125, 726.7275390625, 2521.827392578125, 1255.044677734375]",1
frame_0066.png,extras,trolley,luggage cart,luggage cart.,0.2,0.2,5,0.645,"[2079.52783203125, 726.2186889648438, 2522.6171875, 1255.5299072265625]",1
frame_0066.png,extras,trolley,flatbed cart,flatbed cart.,0.2,0.2,2,0.5884,"[2078.9638671875, 725.0001220703125, 2522.8720703125, 1255.791259765625]",1
frame_0066.png,extras,trolley,push cart,push cart.,0.2,0.2,3,0.6299,"[2079.9765625, 726.1514282226562, 2522.35009765625, 1256.2147216796875]",1
frame_0066.png,extras,trolley,utility cart,utility cart.,0.2,0.2,3,0.6692,"[2078.190185546875, 725.3544921875, 2522.360107421875, 1256.5498046875]",1
frame_0066.png,extras,trolley,metal trolley,metal trolley.,0.2,0.2,3,0.4433,"[2077.17236328125, 724.978271484375, 2523.475341796875, 1256.8114013671875]",1
frame_0067.png,production,trailer,ALL_GROUP,utility trailer. open trailer. vehicle trailer. covered trailer.,0.18,0.18,8,0.5243,"[2183.275146484375, 696.7482299804688, 2738.527099609375, 1304.4429931640625]",1
frame_0067.png,production,electric utility vehicle+electric wheelchair+electric scooter,ALL_GROUP,electric utility vehicle. small electric cart. golf cart. white utility vehicle. powered mobility scooter. motorized wheelchair. mobility chair. electric wheelchair. two-wheeled scooter. stand-up scooter. electric kick scooter. kick scooter.,0.2,0.2,11,0.4978,"[1127.5755615234375, 574.1300659179688, 1848.5657958984375, 1009.3137817382812]",1
frame_0067.png,production,trolley,ALL_GROUP,trolley. hand cart. utility cart. push cart.,0.22,0.22,9,0.483,"[2183.759033203125, 695.1058959960938, 2738.1552734375, 1306.06982421875]",1
frame_0067.png,production,pair of ramps+basketball,ALL_GROUP,metal ramps on ground. two metal ramps. pair of ramps. vehicle loading ramp. round orange ball. rubber ball on ground. sports ball. basketball.,0.18,0.18,23,0.3884,"[881.0087890625, 1011.0202026367188, 998.73828125, 1133.8114013671875]",1
frame_0067.png,production,portable power station+umbrella,ALL_GROUP,portable power station. large power bank. battery box. power generator box. folded umbrella. open umbrella. shade umbrella. umbrella.,0.2,0.2,1,0.2656,"[241.94825744628906, 177.80218505859375, 1240.407470703125, 976.2410888671875]",1
frame_0067.png,production,rectangular table,ALL_GROUP,rectangular table. outdoor table. picnic table. folding table.,0.24,0.24,4,0.3526,"[925.8757934570312, 933.9639892578125, 1089.142822265625, 1122.2474365234375]",1
frame_0067.png,production,cardboard box,ALL_GROUP,cardboard box. brown cardboard box. shipping box.,0.26,0.26,1,0.4651,"[816.3648681640625, 1009.1448364257812, 905.4423828125, 1120.7806396484375]",1
frame_0067.png,production,chair,ALL_GROUP,chair. folding chair. outdoor chair. plastic chair.,0.3,0.3,2,0.3682,"[2185.899658203125, 697.2227172851562, 2736.9384765625, 1303.460693359375]",1
frame_0067.png,production,traffic cone,ALL_GROUP,traffic cone. road cone. safety cone. orange cone.,0.22,0.22,0,0.0,,0
frame_0067.png,production,prohibition sign,ALL_GROUP,red sign on ground. red circular sign. prohibition sign. red prohibition sign.,0.2,0.2,3,0.2311,"[1146.5316162109375, 1640.4066162109375, 1696.3409423828125, 1853.177001953125]",1
frame_0067.png,extras,cardboard_box,cardboard box,cardboard box.,0.2,0.2,1,0.6045,"[815.992431640625, 1009.5966186523438, 906.765625, 1120.7921142578125]",1
frame_0067.png,extras,cardboard_box,brown cardboard box,brown cardboard box.,0.2,0.2,1,0.6048,"[813.7683715820312, 1006.9979248046875, 907.326416015625, 1122.53125]",1
frame_0067.png,extras,cardboard_box,shipping box,shipping box.,0.2,0.2,6,0.4025,"[817.5877075195312, 1011.495361328125, 903.9893188476562, 1119.8341064453125]",1
frame_0067.png,extras,cardboard_box,small box,small box.,0.2,0.2,1,0.5766,"[815.06640625, 1008.7061157226562, 904.709716796875, 1121.520263671875]",1
frame_0067.png,extras,cardboard_box,package box,package box.,0.2,0.2,1,0.2522,"[818.0685424804688, 1011.7939453125, 904.3858642578125, 1119.5521240234375]",1
frame_0067.png,extras,cardboard_box,stacked box,stacked box.,0.2,0.2,2,0.3452,"[817.7619018554688, 1011.627197265625, 903.9230346679688, 1119.7601318359375]",1
frame_0067.png,extras,cardboard_box,outdoor cardboard box,outdoor cardboard box.,0.2,0.2,2,0.5486,"[814.18212890625, 1007.7282104492188, 906.8208618164062, 1121.977783203125]",1
frame_0067.png,extras,chair,chair,chair.,0.2,0.2,5,0.3809,"[2215.62548828125, 697.9813232421875, 2639.976806640625, 987.5667114257812]",1
frame_0067.png,extras,chair,armless chair,armless chair.,0.2,0.2,1,0.7487,"[2183.181396484375, 693.74951171875, 2738.7666015625, 1305.0074462890625]",1
frame_0067.png,extras,chair,outdoor chair,outdoor chair.,0.2,0.2,3,0.5761,"[2183.47607421875, 693.6253662109375, 2737.9541015625, 1303.606201171875]",1
frame_0067.png,extras,chair,plastic chair,plastic chair.,0.2,0.2,4,0.3762,"[928.26318359375, 932.361083984375, 1091.2640380859375, 1125.5465087890625]",1
frame_0067.png,extras,chair,folding chair,folding chair.,0.2,0.2,2,0.5286,"[2185.638916015625, 696.67626953125, 2736.839111328125, 1302.716552734375]",1
frame_0067.png,extras,chair,metal chair,metal chair.,0.2,0.2,5,0.4209,"[2180.18798828125, 690.510009765625, 2740.886962890625, 1304.63623046875]",1
frame_0067.png,extras,electric_utility_vehicle,electric utility vehicle,electric utility vehicle.,0.2,0.2,4,0.6568,"[2182.800537109375, 695.303466796875, 2738.50146484375, 1306.3106689453125]",1
frame_0067.png,extras,electric_utility_vehicle,small electric cart,small electric cart.,0.2,0.2,2,0.6062,"[2175.430419921875, 690.7890625, 2744.572998046875, 1311.7635498046875]",1
frame_0067.png,extras,electric_utility_vehicle,utility vehicle,utility vehicle.,0.2,0.2,5,0.7451,"[2184.04345703125, 695.5435791015625, 2737.385009765625, 1305.548583984375]",1
frame_0067.png,extras,electric_utility_vehicle,golf cart,golf cart.,0.2,0.2,3,0.5782,"[2184.480224609375, 695.8704833984375, 2737.4140625, 1305.655029296875]",1
frame_0067.png,extras,electric_utility_vehicle,electric cart,electric cart.,0.2,0.2,2,0.6282,"[2183.00439453125, 695.06298828125, 2737.9375, 1306.068115234375]",1
frame_0067.png,extras,electric_utility_vehicle,small white utility vehicle,small white utility vehicle.,0.2,0.2,1,0.6921,"[2177.5771484375, 692.4446411132812, 2743.34130859375, 1308.894287109375]",1
frame_0067.png,extras,electric_utility_vehicle,white utility cart,white utility cart.,0.2,0.2,3,0.4032,"[2180.0380859375, 694.1205444335938, 2740.199951171875, 1305.9716796875]",1
frame_0067.png,extras,portable_power_station,portable power station,portable power station.,0.2,0.2,7,0.3105,"[246.18850708007812, 178.9351348876953, 1234.162841796875, 977.3197021484375]",1
frame_0067.png,extras,portable_power_station,large power bank,large power bank.,0.2,0.2,4,0.5638,"[243.530029296875, 177.4539031982422, 1242.9913330078125, 970.5656127929688]",1
frame_0067.png,extras,portable_power_station,battery box,battery box.,0.2,0.2,0,0.0,,0
frame_0067.png,extras,portable_power_station,power generator box,power generator box.,0.2,0.2,0,0.0,,0
frame_0067.png,extras,portable_power_station,portable battery,portable battery.,0.2,0.2,4,0.3169,"[2183.578369140625, 694.8749389648438, 2738.327880859375, 1303.913818359375]",1
frame_0067.png,extras,portable_power_station,power station,power station.,0.2,0.2,7,0.3893,"[243.1823272705078, 180.2489471435547, 1249.7518310546875, 972.6016235351562]",1
frame_0067.png,extras,portable_power_station,large battery pack,large battery pack.,0.2,0.2,6,0.3275,"[1211.5076904296875, 609.747314453125, 1442.626220703125, 993.08984375]",1
frame_0067.png,extras,rectangular_table,rectangular table,rectangular table.,0.2,0.2,1,0.7501,"[919.3253784179688, 929.824951171875, 1092.7109375, 1126.5625]",1
frame_0067.png,extras,rectangular_table,outdoor table,outdoor table.,0.2,0.2,1,0.6978,"[921.68115234375, 931.8958740234375, 1091.1292724609375, 1126.6986083984375]",1
frame_0067.png,extras,rectangular_table,long rectangular table,long rectangular table.,0.2,0.2,1,0.7012,"[917.165283203125, 928.4306640625, 1093.74755859375, 1127.6124267578125]",1
frame_0067.png,extras,rectangular_table,picnic table,picnic table.,0.2,0.2,2,0.6518,"[924.4942016601562, 930.9842529296875, 1090.7147216796875, 1125.6895751953125]",1
frame_0067.png,extras,rectangular_table,folding table,folding table.,0.2,0.2,1,0.5527,"[926.2733764648438, 935.360107421875, 1090.0595703125, 1125.8851318359375]",1
frame_0067.png,extras,rectangular_table,work table,work table.,0.2,0.2,1,0.6909,"[920.401123046875, 928.78173828125, 1092.03076171875, 1126.56982421875]",1
frame_0067.png,extras,rectangular_table,outdoor wooden table,outdoor wooden table.,0.2,0.2,1,0.7696,"[920.533935546875, 929.02392578125, 1093.1820068359375, 1127.7025146484375]",1
frame_0067.png,extras,traffic_cone,traffic cone,traffic cone.,0.2,0.2,1,0.247,"[1134.0438232421875, 938.1798095703125, 1156.615234375, 985.0225830078125]",1
frame_0067.png,extras,traffic_cone,road cone,road cone.,0.2,0.2,2,0.2399,"[2181.929443359375, 693.5904541015625, 2740.41845703125, 1305.46484375]",1
frame_0067.png,extras,traffic_cone,safety cone,safety cone.,0.2,0.2,1,0.2594,"[2183.66845703125, 694.7562866210938, 2737.560302734375, 1303.9949951171875]",1
frame_0067.png,extras,traffic_cone,orange cone,orange cone.,0.2,0.2,2,0.3448,"[1130.085205078125, 938.0547485351562, 1160.8031005859375, 988.6740112304688]",1
frame_0067.png,extras,traffic_cone,construction cone,construction cone.,0.2,0.2,5,0.3843,"[2182.280517578125, 694.0033569335938, 2739.14208984375, 1305.4605712890625]",1
frame_0067.png,extras,traffic_cone,orange traffic cone,orange traffic cone.,0.2,0.2,1,0.4379,"[1127.9786376953125, 933.7933349609375, 1162.5635986328125, 990.0416259765625]",1
frame_0067.png,extras,trolley,trolley,trolley.,0.2,0.2,4,0.5434,"[1388.2965087890625, 651.5084838867188, 1634.4403076171875, 1209.27783203125]",1
frame_0067.png,extras,trolley,hand cart,hand cart.,0.2,0.2,6,0.5756,"[2184.98388671875, 695.828369140625, 2737.15771484375, 1303.896484375]",1
frame_0067.png,extras,trolley,hand truck,hand truck.,0.2,0.2,4,0.4401,"[2184.3369140625, 696.396240234375, 2736.9296875, 1303.9371337890625]",1
frame_0067.png,extras,trolley,luggage cart,luggage cart.,0.2,0.2,6,0.6956,"[2183.27490234375, 694.7609252929688, 2738.361572265625, 1305.81494140625]",1
frame_0067.png,extras,trolley,flatbed cart,flatbed cart.,0.2,0.2,2,0.6094,"[2183.422119140625, 694.5911865234375, 2738.509033203125, 1304.8404541015625]",1
frame_0067.png,extras,trolley,push cart,push cart.,0.2,0.2,3,0.6543,"[2184.187744140625, 695.4642944335938, 2737.634765625, 1305.5322265625]",1
frame_0067.png,extras,trolley,utility cart,utility cart.,0.2,0.2,3,0.6525,"[2182.5634765625, 694.7305297851562, 2737.697509765625, 1305.766357421875]",1
frame_0067.png,extras,trolley,metal trolley,metal trolley.,0.2,0.2,2,0.4934,"[1383.0362548828125, 647.9654541015625, 1634.59912109375, 1212.170654296875]",1
frame_0068.png,production,trailer,ALL_GROUP,utility trailer. open trailer. vehicle trailer. covered trailer.,0.18,0.18,8,0.5508,"[2322.016357421875, 665.9806518554688, 2878.482421875, 1360.7799072265625]",1
frame_0068.png,production,electric utility vehicle+electric wheelchair+electric scooter,ALL_GROUP,electric utility vehicle. small electric cart. golf cart. white utility vehicle. powered mobility scooter. motorized wheelchair. mobility chair. electric wheelchair. two-wheeled scooter. stand-up scooter. electric kick scooter. kick scooter.,0.2,0.2,7,0.489,"[1438.0938720703125, 576.6845092773438, 1719.2230224609375, 1251.9827880859375]",1
frame_0068.png,production,trolley,ALL_GROUP,trolley. hand cart. utility cart. push cart.,0.22,0.22,9,0.4857,"[1443.000244140625, 578.6005859375, 1718.2774658203125, 1249.2047119140625]",1
frame_0068.png,production,pair of ramps+basketball,ALL_GROUP,metal ramps on ground. two metal ramps. pair of ramps. vehicle loading ramp. round orange ball. rubber ball on ground. sports ball. basketball.,0.18,0.18,18,0.3775,"[891.4989624023438, 1017.5029296875, 1016.799072265625, 1149.1005859375]",1
frame_0068.png,production,portable power station+umbrella,ALL_GROUP,portable power station. large power bank. battery box. power generator box. folded umbrella. open umbrella. shade umbrella. umbrella.,0.2,0.2,1,0.2908,"[286.6597900390625, 184.00958251953125, 1279.90673828125, 972.520263671875]",1
frame_0068.png,production,rectangular table,ALL_GROUP,rectangular table. outdoor table. picnic table. folding table.,0.24,0.24,3,0.3566,"[956.0304565429688, 933.2257080078125, 1113.25390625, 1138.0721435546875]",1
frame_0068.png,production,cardboard box,ALL_GROUP,cardboard box. brown cardboard box. shipping box.,0.26,0.26,3,0.4236,"[824.4117431640625, 1011.9234008789062, 914.65087890625, 1130.4586181640625]",1
frame_0068.png,production,chair,ALL_GROUP,chair. folding chair. outdoor chair. plastic chair.,0.3,0.3,2,0.4758,"[952.6719970703125, 880.8870849609375, 1118.0301513671875, 1140.462646484375]",1
frame_0068.png,production,traffic cone,ALL_GROUP,traffic cone. road cone. safety cone. orange cone.,0.22,0.22,1,0.2279,"[1172.307861328125, 938.8818359375, 1202.5615234375, 989.8358764648438]",1
frame_0068.png,production,prohibition sign,ALL_GROUP,red sign on ground. red circular sign. prohibition sign. red prohibition sign.,0.2,0.2,3,0.2491,"[1599.08544921875, 609.7240600585938, 1651.641357421875, 652.6627197265625]",1
frame_0068.png,extras,cardboard_box,cardboard box,cardboard box.,0.2,0.2,2,0.4111,"[825.1077270507812, 1011.962646484375, 1010.1585693359375, 1132.5494384765625]",1
frame_0068.png,extras,cardboard_box,brown cardboard box,brown cardboard box.,0.2,0.2,2,0.467,"[821.9449462890625, 1010.1362915039062, 919.6180419921875, 1132.2430419921875]",1
frame_0068.png,extras,cardboard_box,shipping box,shipping box.,0.2,0.2,2,0.3608,"[825.974365234375, 1013.8884887695312, 1010.1846923828125, 1131.6722412109375]",1
frame_0068.png,extras,cardboard_box,small box,small box.,0.2,0.2,2,0.4685,"[823.8671264648438, 1011.8207397460938, 914.6217651367188, 1131.2525634765625]",1
frame_0068.png,extras,cardboard_box,package box,package box.,0.2,0.2,2,0.2643,"[826.6549072265625, 1014.6910400390625, 914.8775634765625, 1129.5782470703125]",1
frame_0068.png,extras,cardboard_box,stacked box,stacked box.,0.2,0.2,2,0.3296,"[826.2553100585938, 1013.8167724609375, 1009.1307983398438, 1131.4429931640625]",1
frame_0068.png,extras,cardboard_box,outdoor cardboard box,outdoor cardboard box.,0.2,0.2,3,0.4136,"[823.5032348632812, 1010.1236572265625, 1010.98681640625, 1133.9139404296875]",1
frame_0068.png,extras,chair,chair,chair.,0.2,0.2,6,0.3518,"[2366.03662109375, 668.3661499023438, 2857.06884765625, 997.6928100585938]",1
frame_0068.png,extras,chair,armless chair,armless chair.,0.2,0.2,2,0.5647,"[2321.614990234375, 664.244384765625, 2877.515625, 1354.9007568359375]",1
frame_0068.png,extras,chair,outdoor chair,outdoor chair.,0.2,0.2,4,0.4005,"[2321.189453125, 663.5399780273438, 2877.17578125, 1355.466064453125]",1
frame_0068.png,extras,chair,plastic chair,plastic chair.,0.2,0.2,4,0.5384,"[951.3619995117188, 861.3032836914062, 1117.943603515625, 1141.2083740234375]",1
frame_0068.png,extras,chair,folding chair,folding chair.,0.2,0.2,3,0.3955,"[2323.573486328125, 666.794921875, 2878.868896484375, 1355.9749755859375]",1
frame_0068.png,extras,chair,metal chair,metal chair.,0.2,0.2,6,0.3626,"[945.3577270507812, 824.0131225585938, 1120.772705078125, 1141.922119140625]",1
frame_0068.png,extras,electric_utility_vehicle,electric utility vehicle,electric utility vehicle.,0.2,0.2,6,0.55,"[2320.94775390625, 664.5557861328125, 2877.778076171875, 1362.8770751953125]",1
frame_0068.png,extras,electric_utility_vehicle,small electric cart,small electric cart.,0.2,0.2,2,0.4558,"[1432.6812744140625, 575.3264770507812, 1722.8941650390625, 1252.6649169921875]",1
frame_0068.png,extras,electric_utility_vehicle,utility vehicle,utility vehicle.,0.2,0.2,4,0.6277,"[2321.49560546875, 664.1401977539062, 2878.247314453125, 1363.2581787109375]",1
frame_0068.png,extras,electric_utility_vehicle,golf cart,golf cart.,0.2,0.2,3,0.4955,"[2321.294921875, 664.8740234375, 2878.181640625, 1363.4246826171875]",1
frame_0068.png,extras,electric_utility_vehicle,electric cart,electric cart.,0.2,0.2,3,0.5461,"[1440.1336669921875, 578.493896484375, 1717.6624755859375, 1249.104736328125]",1
frame_0068.png,extras,electric_utility_vehicle,small white utility vehicle,small white utility vehicle.,0.2,0.2,2,0.5467,"[2316.00830078125, 662.22021484375, 2876.64306640625, 1363.566162109375]",1
frame_0068.png,extras,electric_utility_vehicle,white utility cart,white utility cart.,0.2,0.2,4,0.4333,"[2316.78857421875, 662.7857055664062, 2876.720458984375, 1362.05419921875]",1
frame_0068.png,extras,portable_power_station,portable power station,portable power station.,0.2,0.2,7,0.3245,"[290.0738525390625, 185.2003173828125, 1276.0870361328125, 974.9154663085938]",1
frame_0068.png,extras,portable_power_station,large power bank,large power bank.,0.2,0.2,2,0.5931,"[286.6896057128906, 183.60232543945312, 1280.9281005859375, 968.2826538085938]",1
frame_0068.png,extras,portable_power_station,battery box,battery box.,0.2,0.2,0,0.0,,0
frame_0068.png,extras,portable_power_station,power generator box,power generator box.,0.2,0.2,0,0.0,,0
frame_0068.png,extras,portable_power_station,portable battery,portable battery.,0.2,0.2,4,0.287,"[1442.8433837890625, 578.5120849609375, 1718.0186767578125, 1246.7930908203125]",1
frame_0068.png,extras,portable_power_station,power station,power station.,0.2,0.2,7,0.4089,"[288.5223388671875, 186.20550537109375, 1284.1173095703125, 971.5183715820312]",1
frame_0068.png,extras,portable_power_station,large battery pack,large battery pack.,0.2,0.2,6,0.3231,"[1250.6065673828125, 598.3012084960938, 1485.676025390625, 992.1338500976562]",1
frame_0068.png,extras,rectangular_table,rectangular table,rectangular table.,0.2,0.2,1,0.7496,"[952.1736450195312, 928.719482421875, 1116.791748046875, 1141.947998046875]",1
frame_0068.png,extras,rectangular_table,outdoor table,outdoor table.,0.2,0.2,1,0.6726,"[953.3170166015625, 930.6845703125, 1115.08740234375, 1141.9053955078125]",1
frame_0068.png,extras,rectangular_table,long rectangular table,long rectangular table.,0.2,0.2,1,0.6926,"[950.743896484375, 927.406982421875, 1117.800048828125, 1142.7291259765625]",1
frame_0068.png,extras,rectangular_table,picnic table,picnic table.,0.2,0.2,1,0.6437,"[952.9534912109375, 929.3040771484375, 1114.90771484375, 1140.9715576171875]",1
frame_0068.png,extras,rectangular_table,folding table,folding table.,0.2,0.2,1,0.5493,"[955.8668212890625, 934.0648803710938, 1114.57470703125, 1140.6697998046875]",1
frame_0068.png,extras,rectangular_table,work table,work table.,0.2,0.2,1,0.6605,"[952.3941650390625, 927.9600219726562, 1115.6689453125, 1141.8740234375]",1
frame_0068.png,extras,rectangular_table,outdoor wooden table,outdoor wooden table.,0.2,0.2,1,0.7637,"[951.1105346679688, 927.4095458984375, 1117.0789794921875, 1142.144775390625]",1
frame_0068.png,extras,traffic_cone,traffic cone,traffic cone.,0.2,0.2,1,0.3474,"[1176.0704345703125, 943.0206298828125, 1198.0257568359375, 984.9589233398438]",1
frame_0068.png,extras,traffic_cone,road cone,road cone.,0.2,0.2,2,0.2488,"[1440.7891845703125, 578.7007446289062, 1716.7890625, 1248.2391357421875]",1
frame_0068.png,extras,traffic_cone,safety cone,safety cone.,0.2,0.2,2,0.2276,"[1443.01123046875, 579.4733276367188, 1715.881103515625, 1247.504150390625]",1
frame_0068.png,extras,traffic_cone,orange cone,orange cone.,0.2,0.2,1,0.3844,"[1171.6251220703125, 940.4446411132812, 1201.13818359375, 988.4155883789062]",1
frame_0068.png,extras,traffic_cone,construction cone,construction cone.,0.2,0.2,5,0.3425,"[1440.9676513671875, 578.0659790039062, 1717.381591796875, 1248.5035400390625]",1
frame_0068.png,extras,traffic_cone,orange traffic cone,orange traffic cone.,0.2,0.2,1,0.4563,"[1169.7366943359375, 936.1892700195312, 1202.9683837890625, 989.5902709960938]",1
frame_0068.png,extras,trolley,trolley,trolley.,0.2,0.2,5,0.5133,"[1447.126220703125, 580.0610961914062, 1715.1129150390625, 1245.357666015625]",1
frame_0068.png,extras,trolley,hand cart,hand cart.,0.2,0.2,3,0.5393,"[1443.8392333984375, 579.20654296875, 1716.332763671875, 1248.20654296875]",1
frame_0068.png,extras,trolley,hand truck,hand truck.,0.2,0.2,5,0.4081,"[2322.877197265625, 665.8244018554688, 2878.386962890625, 1361.1756591796875]",1
frame_0068.png,extras,trolley,luggage cart,luggage cart.,0.2,0.2,4,0.6414,"[1442.3251953125, 578.3058471679688, 1716.775634765625, 1248.332763671875]",1
frame_0068.png,extras,trolley,flatbed cart,flatbed cart.,0.2,0.2,2,0.5606,"[2320.62744140625, 663.7389526367188, 2877.681884765625, 1360.095458984375]",1
frame_0068.png,extras,trolley,push cart,push cart.,0.2,0.2,3,0.5993,"[2321.322265625, 664.6209716796875, 2878.176513671875, 1362.066650390625]",1
frame_0068.png,extras,trolley,utility cart,utility cart.,0.2,0.2,3,0.6097,"[2319.367919921875, 663.5183715820312, 2877.4921875, 1361.6466064453125]",1
frame_0068.png,extras,trolley,metal trolley,metal trolley.,0.2,0.2,2,0.5666,"[1441.700439453125, 576.9554443359375, 1717.8319091796875, 1249.1688232421875]",1
frame_0069.png,production,trailer,ALL_GROUP,utility trailer. open trailer. vehicle trailer. covered trailer.,0.18,0.18,8,0.351,"[278.4389953613281, 857.6477661132812, 439.3596496582031, 1044.69384765625]",1
frame_0069.png,production,electric utility vehicle+electric wheelchair+electric scooter,ALL_GROUP,electric utility vehicle. small electric cart. golf cart. white utility vehicle. powered mobility scooter. motorized wheelchair. mobility chair. electric wheelchair. two-wheeled scooter. stand-up scooter. electric kick scooter. kick scooter.,0.2,0.2,7,0.5044,"[275.6516418457031, 853.5926513671875, 441.8675842285156, 1045.5975341796875]",1
frame_0069.png,production,trolley,ALL_GROUP,trolley. hand cart. utility cart. push cart.,0.22,0.22,7,0.4739,"[278.7546081542969, 856.7503051757812, 438.44659423828125, 1044.21435546875]",1
frame_0069.png,production,pair of ramps+basketball,ALL_GROUP,metal ramps on ground. two metal ramps. pair of ramps. vehicle loading ramp. round orange ball. rubber ball on ground. sports ball. basketball.,0.18,0.18,22,0.4323,"[1149.67431640625, 1644.3836669921875, 1691.7410888671875, 1852.010498046875]",1
frame_0069.png,production,portable power station+umbrella,ALL_GROUP,portable power station. large power bank. battery box. power generator box. folded umbrella. open umbrella. shade umbrella. umbrella.,0.2,0.2,1,0.2836,"[465.4822998046875, 213.0093536376953, 1406.4156494140625, 971.8854370117188]",1
frame_0069.png,production,rectangular table,ALL_GROUP,rectangular table. outdoor table. picnic table. folding table.,0.24,0.24,2,0.3713,"[1049.7432861328125, 929.2617797851562, 1231.0789794921875, 1159.9110107421875]",1
frame_0069.png,production,cardboard box,ALL_GROUP,cardboard box. brown cardboard box. shipping box.,0.26,0.26,3,0.352,"[916.5446166992188, 1013.0866088867188, 1054.08251953125, 1146.575439453125]",1
frame_0069.png,production,chair,ALL_GROUP,chair. folding chair. outdoor chair. plastic chair.,0.3,0.3,1,0.3269,"[1046.2396240234375, 927.670654296875, 1233.8641357421875, 1161.2177734375]",1
frame_0069.png,production,traffic cone,ALL_GROUP,traffic cone. road cone. safety cone. orange cone.,0.22,0.22,1,0.2665,"[1303.7535400390625, 938.2622680664062, 1333.6868896484375, 985.6695556640625]",1
frame_0069.png,production,prohibition sign,ALL_GROUP,red sign on ground. red circular sign. prohibition sign. red prohibition sign.,0.2,0.2,2,0.2814,"[1148.18603515625, 1645.7825927734375, 1695.44677734375, 1853.07568359375]",1
frame_0069.png,extras,cardboard_box,cardboard box,cardboard box.,0.2,0.2,3,0.3821,"[918.8755493164062, 1015.3392944335938, 1070.2998046875, 1145.6016845703125]",1
frame_0069.png,extras,cardboard_box,brown cardboard box,brown cardboard box.,0.2,0.2,3,0.3389,"[914.6728515625, 1012.3853149414062, 1105.522705078125, 1148.0355224609375]",1
frame_0069.png,extras,cardboard_box,shipping box,shipping box.,0.2,0.2,4,0.3977,"[920.4142456054688, 1016.9863891601562, 1034.468994140625, 1144.3177490234375]",1
frame_0069.png,extras,cardboard_box,small box,small box.,0.2,0.2,2,0.4044,"[918.4986572265625, 1014.60791015625, 1042.4619140625, 1145.4742431640625]",1
frame_0069.png,extras,cardboard_box,package box,package box.,0.2,0.2,2,0.2435,"[921.5999755859375, 1017.1016845703125, 1042.578125, 1144.0111083984375]",1
frame_0069.png,extras,cardboard_box,stacked box,stacked box.,0.2,0.2,2,0.3482,"[920.9931640625, 1017.0153198242188, 1038.8846435546875, 1144.1533203125]",1
frame_0069.png,extras,cardboard_box,outdoor cardboard box,outdoor cardboard box.,0.2,0.2,2,0.4161,"[918.0576782226562, 1012.9034423828125, 1112.2257080078125, 1147.5067138671875]",1
frame_0069.png,extras,chair,chair,chair.,0.2,0.2,7,0.2979,"[2700.72705078125, 906.633056640625, 2737.436279296875, 990.9646606445312]",1
frame_0069.png,extras,chair,armless chair,armless chair.,0.2,0.2,3,0.3505,"[1045.6534423828125, 925.5617065429688, 1235.7261962890625, 1162.3505859375]",1
frame_0069.png,extras,chair,outdoor chair,outdoor chair.,0.2,0.2,4,0.4106,"[1044.7369384765625, 926.8029174804688, 1233.9619140625, 1162.0260009765625]",1
frame_0069.png,extras,chair,plastic chair,plastic chair.,0.2,0.2,5,0.4614,"[1043.7510986328125, 926.5400390625, 1234.862548828125, 1162.0848388671875]",1
frame_0069.png,extras,chair,folding chair,folding chair.,0.2,0.2,3,0.3218,"[1046.6287841796875, 928.8785400390625, 1233.6912841796875, 1161.9571533203125]",1
frame_0069.png,extras,chair,metal chair,metal chair.,0.2,0.2,5,0.4069,"[278.0323486328125, 854.5880126953125, 441.25628662109375, 1044.8760986328125]",1
frame_0069.png,extras,electric_utility_vehicle,electric utility vehicle,electric utility vehicle.,0.2,0.2,5,0.4176,"[1614.1751708984375, 505.43121337890625, 2061.0654296875, 1337.0362548828125]",1
frame_0069.png,extras,electric_utility_vehicle,small electric cart,small electric cart.,0.2,0.2,2,0.4944,"[1608.7373046875, 502.75250244140625, 2000.2718505859375, 1341.432373046875]",1
frame_0069.png,extras,electric_utility_vehicle,utility vehicle,utility vehicle.,0.2,0.2,4,0.4522,"[2688.274169921875, 596.6757202148438, 2879.060546875, 1294.5069580078125]",1
frame_0069.png,extras,electric_utility_vehicle,golf cart,golf cart.,0.2,0.2,4,0.2737,"[1620.67431640625, 505.8815612792969, 2057.3515625, 1337.32421875]",1
frame_0069.png,extras,electric_utility_vehicle,electric cart,electric cart.,0.2,0.2,3,0.6133,"[1618.604248046875, 506.2193603515625, 1988.0902099609375, 1337.021240234375]",1
frame_0069.png,extras,electric_utility_vehicle,small white utility vehicle,small white utility vehicle.,0.2,0.2,5,0.3603,"[1608.31591796875, 505.6827697753906, 2066.294677734375, 1338.1998291015625]",1
frame_0069.png,extras,electric_utility_vehicle,white utility cart,white utility cart.,0.2,0.2,4,0.4243,"[277.075439453125, 854.0562744140625, 441.03948974609375, 1045.60400390625]",1
frame_0069.png,extras,portable_power_station,portable power station,portable power station.,0.2,0.2,5,0.3638,"[1610.239990234375, 503.5765686035156, 2062.177490234375, 1336.4244384765625]",1
frame_0069.png,extras,portable_power_station,large power bank,large power bank.,0.2,0.2,2,0.5924,"[465.5198974609375, 212.79061889648438, 1404.851318359375, 967.1807861328125]",1
frame_0069.png,extras,portable_power_station,battery box,battery box.,0.2,0.2,0,0.0,,0
frame_0069.png,extras,portable_power_station,power generator box,power generator box.,0.2,0.2,0,0.0,,0
frame_0069.png,extras,portable_power_station,portable battery,portable battery.,0.2,0.2,3,0.2528,"[1616.8338623046875, 503.9017333984375, 2057.707275390625, 1335.8782958984375]",1
frame_0069.png,extras,portable_power_station,power station,power station.,0.2,0.2,8,0.4044,"[468.0066833496094, 215.2510986328125, 1405.65234375, 969.122802734375]",1
frame_0069.png,extras,portable_power_station,large battery pack,large battery pack.,0.2,0.2,6,0.3182,"[1609.48974609375, 501.97064208984375, 2063.903564453125, 1336.4749755859375]",1
frame_0069.png,extras,rectangular_table,rectangular table,rectangular table.,0.2,0.2,1,0.7845,"[1045.7108154296875, 924.9278564453125, 1234.7513427734375, 1162.9949951171875]",1
frame_0069.png,extras,rectangular_table,outdoor table,outdoor table.,0.2,0.2,1,0.7343,"[1047.9906005859375, 927.6486206054688, 1232.5699462890625, 1162.55322265625]",1
frame_0069.png,extras,rectangular_table,long rectangular table,long rectangular table.,0.2,0.2,1,0.7491,"[1046.0064697265625, 924.0885620117188, 1235.982666015625, 1163.6435546875]",1
frame_0069.png,extras,rectangular_table,picnic table,picnic table.,0.2,0.2,1,0.6803,"[1047.6768798828125, 926.1041259765625, 1232.6666259765625, 1162.343994140625]",1
frame_0069.png,extras,rectangular_table,folding table,folding table.,0.2,0.2,1,0.5848,"[1049.67333984375, 930.8565673828125, 1231.576171875, 1161.5126953125]",1
frame_0069.png,extras,rectangular_table,work table,work table.,0.2,0.2,1,0.7402,"[1045.036865234375, 924.4365844726562, 1234.035400390625, 1163.1126708984375]",1
frame_0069.png,extras,rectangular_table,outdoor wooden table,outdoor wooden table.,0.2,0.2,1,0.8075,"[1046.8048095703125, 924.318603515625, 1235.110595703125, 1163.1641845703125]",1
frame_0069.png,extras,traffic_cone,traffic cone,traffic cone.,0.2,0.2,1,0.3783,"[1307.5262451171875, 940.9127197265625, 1329.7421875, 980.6248779296875]",1
frame_0069.png,extras,traffic_cone,road cone,road cone.,0.2,0.2,1,0.2514,"[1303.5750732421875, 936.83935546875, 1333.7701416015625, 985.4532470703125]",1
frame_0069.png,extras,traffic_cone,safety cone,safety cone.,0.2,0.2,1,0.2639,"[1304.2333984375, 937.2537841796875, 1333.7607421875, 984.7681274414062]",1
frame_0069.png,extras,traffic_cone,orange cone,orange cone.,0.2,0.2,1,0.4671,"[1302.7584228515625, 937.4443359375, 1333.374267578125, 984.9203491210938]",1
frame_0069.png,extras,traffic_cone,construction cone,construction cone.,0.2,0.2,6,0.3161,"[1617.7855224609375, 503.4866027832031, 2057.98779296875, 1337.3936767578125]",1
frame_0069.png,extras,traffic_cone,orange traffic cone,orange traffic cone.,0.2,0.2,1,0.5278,"[1301.1405029296875, 934.2911376953125, 1335.0999755859375, 986.2815551757812]",1
frame_0069.png,extras,trolley,trolley,trolley.,0.2,0.2,4,0.5198,"[279.1839599609375, 859.5018310546875, 436.1643981933594, 1041.7132568359375]",1
frame_0069.png,extras,trolley,hand cart,hand cart.,0.2,0.2,6,0.534,"[278.6593017578125, 857.2202758789062, 437.5110778808594, 1043.517822265625]",1
frame_0069.png,extras,trolley,hand truck,hand truck.,0.2,0.2,5,0.4072,"[1617.74609375, 507.25146484375, 2060.555419921875, 1335.9034423828125]",1
frame_0069.png,extras,trolley,luggage cart,luggage cart.,0.2,0.2,5,0.5583,"[1620.38232421875, 507.0498352050781, 1984.5169677734375, 1336.7078857421875]",1
frame_0069.png,extras,trolley,flatbed cart,flatbed cart.,0.2,0.2,3,0.3834,"[277.6366882324219, 856.8297729492188, 439.2794494628906, 1044.469970703125]",1
frame_0069.png,extras,trolley,push cart,push cart.,0.2,0.2,4,0.5213,"[278.1945495605469, 856.8668212890625, 437.86773681640625, 1044.220947265625]",1
frame_0069.png,extras,trolley,utility cart,utility cart.,0.2,0.2,3,0.4633,"[1614.4390869140625, 504.53173828125, 2055.141845703125, 1337.5328369140625]",1
frame_0069.png,extras,trolley,metal trolley,metal trolley.,0.2,0.2,2,0.6637,"[1618.439208984375, 504.9571533203125, 1987.1365966796875, 1337.9871826171875]",1
frame_0070.png,production,trailer,ALL_GROUP,utility trailer. open trailer. vehicle trailer. covered trailer.,0.18,0.18,6,0.4017,"[1650.74951171875, 453.95166015625, 2111.205078125, 1382.2603759765625]",1
frame_0070.png,production,electric utility vehicle+electric wheelchair+electric scooter,ALL_GROUP,electric utility vehicle. small electric cart. golf cart. white utility vehicle. powered mobility scooter. motorized wheelchair. mobility chair. electric wheelchair. two-wheeled scooter. stand-up scooter. electric kick scooter. kick scooter.,0.2,0.2,6,0.376,"[300.18365478515625, 851.704345703125, 467.35943603515625, 1047.84423828125]",1
frame_0070.png,production,trolley,ALL_GROUP,trolley. hand cart. utility cart. push cart.,0.22,0.22,4,0.4085,"[1684.156005859375, 450.00323486328125, 2098.621337890625, 1382.7159423828125]",1
frame_0070.png,production,pair of ramps+basketball,ALL_GROUP,metal ramps on ground. two metal ramps. pair of ramps. vehicle loading ramp. round orange ball. rubber ball on ground. sports ball. basketball.,0.18,0.18,22,0.4765,"[1003.465576171875, 1026.6802978515625, 1145.52685546875, 1169.64404296875]",1
frame_0070.png,production,portable power station+umbrella,ALL_GROUP,portable power station. large power bank. battery box. power generator box. folded umbrella. open umbrella. shade umbrella. umbrella.,0.2,0.2,2,0.2928,"[509.20074462890625, 215.4611053466797, 1437.2935791015625, 973.1814575195312]",1
frame_0070.png,production,rectangular table,ALL_GROUP,rectangular table. outdoor table. picnic table. folding table.,0.24,0.24,2,0.3806,"[1067.9237060546875, 928.4071044921875, 1258.9725341796875, 1170.2454833984375]",1
frame_0070.png,production,cardboard box,ALL_GROUP,cardboard box. brown cardboard box. shipping box.,0.26,0.26,2,0.4443,"[932.25390625, 1019.058349609375, 1022.5297241210938, 1155.4205322265625]",1
frame_0070.png,production,chair,ALL_GROUP,chair. folding chair. outdoor chair. plastic chair.,0.3,0.3,0,0.0,,0
frame_0070.png,production,traffic cone,ALL_GROUP,traffic cone. road cone. safety cone. orange cone.,0.22,0.22,1,0.2821,"[1335.9222412109375, 937.1310424804688, 1365.1737060546875, 984.3855590820312]",1
frame_0070.png,production,prohibition sign,ALL_GROUP,red sign on ground. red circular sign. prohibition sign. red prohibition sign.,0.2,0.2,6,0.2874,"[1800.5675048828125, 609.7874755859375, 1874.25927734375, 645.9580688476562]",1
frame_0070.png,extras,cardboard_box,cardboard box,cardboard box.,0.2,0.2,2,0.5042,"[932.2966918945312, 1019.85400390625, 1022.904541015625, 1156.0186767578125]",1
frame_0070.png,extras,cardboard_box,brown cardboard box,brown cardboard box.,0.2,0.2,2,0.5484,"[930.0693969726562, 1017.9530029296875, 1024.8333740234375, 1157.481689453125]",1
frame_0070.png,extras,cardboard_box,shipping box,shipping box.,0.2,0.2,4,0.3827,"[933.8275146484375, 1021.522216796875, 1020.0322265625, 1154.96240234375]",1
frame_0070.png,extras,cardboard_box,small box,small box.,0.2,0.2,2,0.4639,"[931.5468139648438, 1019.8726196289062, 1022.9099731445312, 1156.4454345703125]",1
frame_0070.png,extras,cardboard_box,package box,package box.,0.2,0.2,2,0.256,"[934.3191528320312, 1022.1527099609375, 1020.0487060546875, 1154.4317626953125]",1
frame_0070.png,extras,cardboard_box,stacked box,stacked box.,0.2,0.2,2,0.3348,"[933.9381103515625, 1021.7123413085938, 1020.0963745117188, 1154.4716796875]",1
frame_0070.png,extras,cardboard_box,outdoor cardboard box,outdoor cardboard box.,0.2,0.2,2,0.5044,"[930.4561767578125, 1018.375, 1024.0162353515625, 1156.900146484375]",1
frame_0070.png,extras,chair,chair,chair.,0.2,0.2,7,0.3158,"[1066.2369384765625, 932.1560668945312, 1256.1546630859375, 1170.461181640625]",1
frame_0070.png,extras,chair,armless chair,armless chair.,0.2,0.2,4,0.3413,"[1055.52294921875, 773.7064819335938, 1264.66845703125, 1170.6484375]",1
frame_0070.png,extras,chair,outdoor chair,outdoor chair.,0.2,0.2,4,0.3803,"[1056.9720458984375, 775.3464965820312, 1262.9158935546875, 1171.72412109375]",1
frame_0070.png,extras,chair,plastic chair,plastic chair.,0.2,0.2,2,0.4321,"[1062.666259765625, 926.26171875, 1261.1722412109375, 1172.0772705078125]",1
frame_0070.png,extras,chair,folding chair,folding chair.,0.2,0.2,4,0.3566,"[1061.10546875, 774.6132202148438, 1261.23095703125, 1170.9486083984375]",1
frame_0070.png,extras,chair,metal chair,metal chair.,0.2,0.2,5,0.3772,"[308.9543151855469, 855.7823486328125, 467.0814514160156, 1046.771484375]",1
frame_0070.png,extras,electric_utility_vehicle,electric utility vehicle,electric utility vehicle.,0.2,0.2,5,0.4079,"[1654.1573486328125, 452.3050231933594, 2108.1669921875, 1382.0582275390625]",1
frame_0070.png,extras,electric_utility_vehicle,small electric cart,small electric cart.,0.2,0.2,2,0.6533,"[1673.033203125, 443.36029052734375, 2104.625732421875, 1386.843017578125]",1
frame_0070.png,extras,electric_utility_vehicle,utility vehicle,utility vehicle.,0.2,0.2,5,0.4778,"[1661.463623046875, 451.49481201171875, 2106.7373046875, 1381.5521240234375]",1
frame_0070.png,extras,electric_utility_vehicle,golf cart,golf cart.,0.2,0.2,2,0.2599,"[1685.681640625, 451.1355895996094, 2100.72607421875, 1381.706787109375]",1
frame_0070.png,extras,electric_utility_vehicle,electric cart,electric cart.,0.2,0.2,2,0.689,"[1682.8028564453125, 448.4311218261719, 2098.182861328125, 1382.3956298828125]",1
frame_0070.png,extras,electric_utility_vehicle,small white utility vehicle,small white utility vehicle.,0.2,0.2,3,0.4136,"[1637.878173828125, 453.4180908203125, 2115.552001953125, 1383.6033935546875]",1
frame_0070.png,extras,electric_utility_vehicle,white utility cart,white utility cart.,0.2,0.2,3,0.3879,"[1639.06494140625, 454.0251159667969, 2112.243408203125, 1382.458740234375]",1
frame_0070.png,extras,portable_power_station,portable power station,portable power station.,0.2,0.2,5,0.3664,"[1652.20654296875, 450.8271789550781, 2111.582763671875, 1381.8751220703125]",1
frame_0070.png,extras,portable_power_station,large power bank,large power bank.,0.2,0.2,3,0.5585,"[509.62933349609375, 215.75714111328125, 1436.472900390625, 966.4351196289062]",1
frame_0070.png,extras,portable_power_station,battery box,battery box.,0.2,0.2,0,0.0,,0
frame_0070.png,extras,portable_power_station,power generator box,power generator box.,0.2,0.2,0,0.0,,0
frame_0070.png,extras,portable_power_station,portable battery,portable battery.,0.2,0.2,2,0.3004,"[1752.48828125, 1111.983154296875, 1817.965087890625, 1224.409423828125]",1
frame_0070.png,extras,portable_power_station,power station,power station.,0.2,0.2,7,0.3904,"[511.2989807128906, 218.151123046875, 1435.5499267578125, 969.6357421875]",1
frame_0070.png,extras,portable_power_station,large battery pack,large battery pack.,0.2,0.2,5,0.374,"[1640.326416015625, 508.60882568359375, 2108.890869140625, 999.66259765625]",1
frame_0070.png,extras,rectangular_table,rectangular table,rectangular table.,0.2,0.2,1,0.756,"[1065.72509765625, 924.9649658203125, 1261.453857421875, 1172.367431640625]",1
frame_0070.png,extras,rectangular_table,outdoor table,outdoor table.,0.2,0.2,1,0.6994,"[1067.592529296875, 927.2559204101562, 1259.8941650390625, 1172.2333984375]",1
frame_0070.png,extras,rectangular_table,long rectangular table,long rectangular table.,0.2,0.2,1,0.7173,"[1064.722900390625, 923.5731811523438, 1262.7691650390625, 1173.1097412109375]",1
frame_0070.png,extras,rectangular_table,picnic table,picnic table.,0.2,0.2,2,0.5668,"[1068.50146484375, 926.0887451171875, 1259.5413818359375, 1170.8524169921875]",1
frame_0070.png,extras,rectangular_table,folding table,folding table.,0.2,0.2,1,0.5704,"[1068.42724609375, 929.9300537109375, 1259.025146484375, 1171.600341796875]",1
frame_0070.png,extras,rectangular_table,work table,work table.,0.2,0.2,2,0.6852,"[1066.6815185546875, 924.0215454101562, 1260.5777587890625, 1172.3150634765625]",1
frame_0070.png,extras,rectangular_table,outdoor wooden table,outdoor wooden table.,0.2,0.2,1,0.7692,"[1065.6029052734375, 923.296630859375, 1263.020751953125, 1173.249267578125]",1
frame_0070.png,extras,traffic_cone,traffic cone,traffic cone.,0.2,0.2,1,0.3985,"[1339.4732666015625, 939.1510009765625, 1360.6754150390625, 979.8070678710938]",1
frame_0070.png,extras,traffic_cone,road cone,road cone.,0.2,0.2,3,0.2846,"[1335.44775390625, 936.05322265625, 1364.66259765625, 984.6283569335938]",1
frame_0070.png,extras,traffic_cone,safety cone,safety cone.,0.2,0.2,2,0.2836,"[1336.462158203125, 937.6008911132812, 1363.5584716796875, 983.5052490234375]",1
frame_0070.png,extras,traffic_cone,orange cone,orange cone.,0.2,0.2,1,0.4967,"[1334.8778076171875, 936.6336669921875, 1364.330810546875, 983.878662109375]",1
frame_0070.png,extras,traffic_cone,construction cone,construction cone.,0.2,0.2,5,0.3286,"[1680.3424072265625, 448.8034973144531, 2106.43603515625, 1383.3734130859375]",1
frame_0070.png,extras,traffic_cone,orange traffic cone,orange traffic cone.,0.2,0.2,1,0.5589,"[1332.8929443359375, 933.3533325195312, 1365.9586181640625, 985.2836303710938]",1
frame_0070.png,extras,trolley,trolley,trolley.,0.2,0.2,2,0.5048,"[1685.8206787109375, 451.5481262207031, 2092.677978515625, 1378.998779296875]",1
frame_0070.png,extras,trolley,hand cart,hand cart.,0.2,0.2,3,0.5017,"[1685.73974609375, 450.6767883300781, 2097.615478515625, 1381.531005859375]",1
frame_0070.png,extras,trolley,hand truck,hand truck.,0.2,0.2,5,0.3868,"[1655.6856689453125, 454.9123840332031, 2108.506103515625, 1381.6046142578125]",1
frame_0070.png,extras,trolley,luggage cart,luggage cart.,0.2,0.2,2,0.575,"[1684.38623046875, 449.86614990234375, 2095.39892578125, 1381.72265625]",1
frame_0070.png,extras,trolley,flatbed cart,flatbed cart.,0.2,0.2,2,0.3904,"[303.4625549316406, 856.268798828125, 464.97418212890625, 1046.6005859375]",1
frame_0070.png,extras,trolley,push cart,push cart.,0.2,0.2,2,0.5012,"[1683.6903076171875, 450.3294982910156, 2099.17236328125, 1382.41015625]",1
frame_0070.png,extras,trolley,utility cart,utility cart.,0.2,0.2,2,0.5641,"[1678.4041748046875, 449.0688171386719, 2104.15283203125, 1382.4443359375]",1
frame_0070.png,extras,trolley,metal trolley,metal trolley.,0.2,0.2,1,0.8494,"[1682.25732421875, 446.358154296875, 2097.788330078125, 1382.9822998046875]",1
frame_0071.png,production,trailer,ALL_GROUP,utility trailer. open trailer. vehicle trailer. covered trailer.,0.18,0.18,9,0.3899,"[2077.5166015625, 366.3864440917969, 2655.940185546875, 1429.818603515625]",1
frame_0071.png,production,electric utility vehicle+electric wheelchair+electric scooter,ALL_GROUP,electric utility vehicle. small electric cart. golf cart. white utility vehicle. powered mobility scooter. motorized wheelchair. mobility chair. electric wheelchair. two-wheeled scooter. stand-up scooter. electric kick scooter. kick scooter.,0.2,0.2,8,0.3899,"[2193.708251953125, 355.8630676269531, 2660.653564453125, 1436.0693359375]",1
frame_0071.png,production,trolley,ALL_GROUP,trolley. hand cart. utility cart. push cart.,0.22,0.22,5,0.4374,"[2205.22509765625, 360.4654541015625, 2660.6796875, 1430.4893798828125]",1
frame_0071.png,production,pair of ramps+basketball,ALL_GROUP,metal ramps on ground. two metal ramps. pair of ramps. vehicle loading ramp. round orange ball. rubber ball on ground. sports ball. basketball.,0.18,0.18,24,0.4563,"[1457.4833984375, 1025.7459716796875, 1594.554931640625, 1169.490478515625]",1
frame_0071.png,production,portable power station+umbrella,ALL_GROUP,portable power station. large power bank. battery box. power generator box. folded umbrella. open umbrella. shade umbrella. umbrella.,0.2,0.2,1,0.2958,"[978.8237915039062, 287.1357116699219, 1838.077880859375, 973.091552734375]",1
frame_0071.png,production,rectangular table,ALL_GROUP,rectangular table. outdoor table. picnic table. folding table.,0.24,0.24,2,0.3433,"[1528.3985595703125, 931.364990234375, 1706.4302978515625, 1167.17138671875]",1
frame_0071.png,production,cardboard box,ALL_GROUP,cardboard box. brown cardboard box. shipping box.,0.26,0.26,3,0.4075,"[1379.7562255859375, 1004.5405883789062, 1520.380126953125, 1156.173095703125]",1
frame_0071.png,production,chair,ALL_GROUP,chair. folding chair. outdoor chair. plastic chair.,0.3,0.3,2,0.3167,"[1524.2698974609375, 927.7554931640625, 1708.0770263671875, 1168.90478515625]",1
frame_0071.png,production,traffic cone,ALL_GROUP,traffic cone. road cone. safety cone. orange cone.,0.22,0.22,1,0.2733,"[1741.5179443359375, 937.29443359375, 1772.6806640625, 987.5192260742188]",1
frame_0071.png,production,prohibition sign,ALL_GROUP,red sign on ground. red circular sign. prohibition sign. red prohibition sign.,0.2,0.2,5,0.3548,"[2248.590576171875, 555.3831176757812, 2350.176025390625, 601.0818481445312]",1
frame_0071.png,extras,cardboard_box,cardboard box,cardboard box.,0.2,0.2,2,0.4352,"[1390.4195556640625, 1014.5940551757812, 1585.8367919921875, 1150.254638671875]",1
frame_0071.png,extras,cardboard_box,brown cardboard box,brown cardboard box.,0.2,0.2,2,0.4333,"[1385.462158203125, 1012.6504516601562, 1492.30078125, 1148.1239013671875]",1
frame_0071.png,extras,cardboard_box,shipping box,shipping box.,0.2,0.2,4,0.3723,"[1391.24072265625, 1017.5328369140625, 1481.533935546875, 1146.2152099609375]",1
frame_0071.png,extras,cardboard_box,small box,small box.,0.2,0.2,2,0.413,"[1389.3248291015625, 1013.6949462890625, 1587.6497802734375, 1150.7464599609375]",1
frame_0071.png,extras,cardboard_box,package box,package box.,0.2,0.2,2,0.2434,"[1391.929443359375, 1017.3997802734375, 1482.8421630859375, 1145.2760009765625]",1
frame_0071.png,extras,cardboard_box,stacked box,stacked box.,0.2,0.2,2,0.3213,"[1391.414794921875, 1017.20068359375, 1482.0455322265625, 1145.707275390625]",1
frame_0071.png,extras,cardboard_box,outdoor cardboard box,outdoor cardboard box.,0.2,0.2,2,0.4235,"[1388.670654296875, 1013.7864990234375, 1483.9005126953125, 1147.3800048828125]",1
frame_0071.png,extras,chair,chair,chair.,0.2,0.2,4,0.3424,"[1524.74951171875, 933.86474609375, 1703.8802490234375, 1167.357421875]",1
frame_0071.png,extras,chair,armless chair,armless chair.,0.2,0.2,4,0.337,"[2202.166259765625, 360.8340759277344, 2659.90185546875, 1430.2550048828125]",1
frame_0071.png,extras,chair,outdoor chair,outdoor chair.,0.2,0.2,4,0.4094,"[1523.0692138671875, 926.5242919921875, 1708.28076171875, 1169.61181640625]",1
frame_0071.png,extras,chair,plastic chair,plastic chair.,0.2,0.2,3,0.4861,"[1521.8875732421875, 925.9100952148438, 1709.1121826171875, 1169.911376953125]",1
frame_0071.png,extras,chair,folding chair,folding chair.,0.2,0.2,3,0.3282,"[2208.195556640625, 361.63140869140625, 2660.860595703125, 1429.5609130859375]",1
frame_0071.png,extras,chair,metal chair,metal chair.,0.2,0.2,3,0.4168,"[826.4866333007812, 869.9449462890625, 960.5249633789062, 1028.9652099609375]",1
frame_0071.png,extras,electric_utility_vehicle,electric utility vehicle,electric utility vehicle.,0.2,0.2,6,0.3659,"[2093.591796875, 362.5927734375, 2657.179443359375, 1429.2705078125]",1
frame_0071.png,extras,electric_utility_vehicle,small electric cart,small electric cart.,0.2,0.2,2,0.5573,"[2191.0322265625, 356.1850280761719, 2665.1591796875, 1436.3604736328125]",1
frame_0071.png,extras,electric_utility_vehicle,utility vehicle,utility vehicle.,0.2,0.2,7,0.3726,"[2126.58935546875, 362.0859680175781, 2655.230224609375, 1428.917724609375]",1
frame_0071.png,extras,electric_utility_vehicle,golf cart,golf cart.,0.2,0.2,2,0.2874,"[2205.904296875, 360.53778076171875, 2660.441650390625, 1429.5936279296875]",1
frame_0071.png,extras,electric_utility_vehicle,electric cart,electric cart.,0.2,0.2,2,0.6221,"[2201.348876953125, 359.2350158691406, 2660.854736328125, 1431.099365234375]",1
frame_0071.png,extras,electric_utility_vehicle,small white utility vehicle,small white utility vehicle.,0.2,0.2,4,0.3292,"[2070.37353515625, 401.1796875, 2654.749755859375, 1033.4547119140625]",1
frame_0071.png,extras,electric_utility_vehicle,white utility cart,white utility cart.,0.2,0.2,3,0.4815,"[2076.142333984375, 363.4162902832031, 2660.5390625, 1430.466796875]",1
frame_0071.png,extras,portable_power_station,portable power station,portable power station.,0.2,0.2,5,0.4134,"[2075.310546875, 361.0509338378906, 2662.776611328125, 1429.9024658203125]",1
frame_0071.png,extras,portable_power_station,large power bank,large power bank.,0.2,0.2,2,0.5858,"[979.4091796875, 287.5311279296875, 1835.73974609375, 966.9606323242188]",1
frame_0071.png,extras,portable_power_station,battery box,battery box.,0.2,0.2,0,0.0,,0
frame_0071.png,extras,portable_power_station,power generator box,power generator box.,0.2,0.2,0,0.0,,0
frame_0071.png,extras,portable_power_station,portable battery,portable battery.,0.2,0.2,4,0.2597,"[2427.5185546875, 1118.9287109375, 2485.71337890625, 1197.097412109375]",1
frame_0071.png,extras,portable_power_station,power station,power station.,0.2,0.2,7,0.4049,"[980.0338745117188, 289.4593811035156, 1836.0377197265625, 968.455078125]",1
frame_0071.png,extras,portable_power_station,large battery pack,large battery pack.,0.2,0.2,5,0.3493,"[2074.370361328125, 359.8094177246094, 2662.481201171875, 1430.7916259765625]",1
frame_0071.png,extras,rectangular_table,rectangular table,rectangular table.,0.2,0.2,1,0.7756,"[1524.328857421875, 926.3579711914062, 1709.006591796875, 1170.4205322265625]",1
frame_0071.png,extras,rectangular_table,outdoor table,outdoor table.,0.2,0.2,1,0.6895,"[1525.8291015625, 928.4146118164062, 1707.240234375, 1170.043212890625]",1
frame_0071.png,extras,rectangular_table,long rectangular table,long rectangular table.,0.2,0.2,1,0.7522,"[1523.10595703125, 925.03955078125, 1710.504150390625, 1171.14990234375]",1
frame_0071.png,extras,rectangular_table,picnic table,picnic table.,0.2,0.2,3,0.6765,"[1525.59521484375, 927.2158813476562, 1706.9022216796875, 1169.5618896484375]",1
frame_0071.png,extras,rectangular_table,folding table,folding table.,0.2,0.2,1,0.5812,"[1527.188720703125, 932.2388305664062, 1706.3946533203125, 1169.559814453125]",1
frame_0071.png,extras,rectangular_table,work table,work table.,0.2,0.2,1,0.7116,"[1524.5118408203125, 925.1950073242188, 1708.1981201171875, 1170.3956298828125]",1
frame_0071.png,extras,rectangular_table,outdoor wooden table,outdoor wooden table.,0.2,0.2,1,0.7805,"[1524.38525390625, 925.0453491210938, 1709.925537109375, 1170.8023681640625]",1
frame_0071.png,extras,traffic_cone,traffic cone,traffic cone.,0.2,0.2,2,0.4034,"[1744.298095703125, 939.816650390625, 1768.7752685546875, 983.491943359375]",1
frame_0071.png,extras,traffic_cone,road cone,road cone.,0.2,0.2,2,0.3833,"[44.321998596191406, 1160.638427734375, 131.64048767089844, 1310.64013671875]",1
frame_0071.png,extras,traffic_cone,safety cone,safety cone.,0.2,0.2,2,0.2931,"[45.114906311035156, 1161.6806640625, 130.7963104248047, 1309.194580078125]",1
frame_0071.png,extras,traffic_cone,orange cone,orange cone.,0.2,0.2,1,0.4433,"[1741.495361328125, 937.16796875, 1772.50390625, 987.191650390625]",1
frame_0071.png,extras,traffic_cone,construction cone,construction cone.,0.2,0.2,5,0.3355,"[2200.428955078125, 358.47528076171875, 2659.84814453125, 1430.899658203125]",1
frame_0071.png,extras,traffic_cone,orange traffic cone,orange traffic cone.,0.2,0.2,1,0.5075,"[1739.5489501953125, 934.2399291992188, 1774.40576171875, 988.4644775390625]",1
frame_0071.png,extras,trolley,trolley,trolley.,0.2,0.2,4,0.4695,"[2205.265625, 361.58453369140625, 2658.089111328125, 1426.431396484375]",1
frame_0071.png,extras,trolley,hand cart,hand cart.,0.2,0.2,5,0.4771,"[2205.03662109375, 360.2189025878906, 2659.15283203125, 1430.0491943359375]",1
frame_0071.png,extras,trolley,hand truck,hand truck.,0.2,0.2,6,0.4166,"[1817.0234375, 375.5592956542969, 2655.108642578125, 1026.3785400390625]",1
frame_0071.png,extras,trolley,luggage cart,luggage cart.,0.2,0.2,4,0.5473,"[2203.2333984375, 359.99090576171875, 2659.47265625, 1430.109375]",1
frame_0071.png,extras,trolley,flatbed cart,flatbed cart.,0.2,0.2,2,0.4226,"[2202.879638671875, 360.43719482421875, 2660.13671875, 1431.3101806640625]",1
frame_0071.png,extras,trolley,push cart,push cart.,0.2,0.2,3,0.4734,"[2200.24609375, 360.4524230957031, 2659.635498046875, 1431.1900634765625]",1
frame_0071.png,extras,trolley,utility cart,utility cart.,0.2,0.2,2,0.547,"[2192.44384765625, 359.0389709472656, 2658.89013671875, 1431.3101806640625]",1
frame_0071.png,extras,trolley,metal trolley,metal trolley.,0.2,0.2,1,0.8053,"[2198.486083984375, 356.7918395996094, 2661.03662109375, 1431.984619140625]",1
frame_0072.png,production,trailer,ALL_GROUP,utility trailer. open trailer. vehicle trailer. covered trailer.,0.18,0.18,6,0.4013,"[2076.577880859375, 365.4959411621094, 2657.486083984375, 1430.5946044921875]",1
frame_0072.png,production,electric utility vehicle+electric wheelchair+electric scooter,ALL_GROUP,electric utility vehicle. small electric cart. golf cart. white utility vehicle. powered mobility scooter. motorized wheelchair. mobility chair. electric wheelchair. two-wheeled scooter. stand-up scooter. electric kick scooter. kick scooter.,0.2,0.2,7,0.3568,"[2189.580322265625, 356.1199951171875, 2660.182373046875, 1435.6572265625]",1
frame_0072.png,production,trolley,ALL_GROUP,trolley. hand cart. utility cart. push cart.,0.22,0.22,4,0.4348,"[2199.676513671875, 360.2999267578125, 2661.134521484375, 1431.1920166015625]",1
frame_0072.png,production,pair of ramps+basketball,ALL_GROUP,metal ramps on ground. two metal ramps. pair of ramps. vehicle loading ramp. round orange ball. rubber ball on ground. sports ball. basketball.,0.18,0.18,23,0.4344,"[1456.8653564453125, 1025.901123046875, 1594.2738037109375, 1171.8931884765625]",1
frame_0072.png,production,portable power station+umbrella,ALL_GROUP,portable power station. large power bank. battery box. power generator box. folded umbrella. open umbrella. shade umbrella. umbrella.,0.2,0.2,1,0.2921,"[979.7782592773438, 287.3479309082031, 1835.3634033203125, 973.6594848632812]",1
frame_0072.png,production,rectangular table,ALL_GROUP,rectangular table. outdoor table. picnic table. folding table.,0.24,0.24,2,0.3372,"[1528.0457763671875, 931.1834716796875, 1706.07958984375, 1167.1300048828125]",1
frame_0072.png,production,cardboard box,ALL_GROUP,cardboard box. brown cardboard box. shipping box.,0.26,0.26,3,0.3959,"[1384.0174560546875, 1009.9166870117188, 1540.2822265625, 1150.615234375]",1
frame_0072.png,production,chair,ALL_GROUP,chair. folding chair. outdoor chair. plastic chair.,0.3,0.3,1,0.3212,"[828.3800659179688, 872.0238647460938, 956.908935546875, 1026.0479736328125]",1
frame_0072.png,production,traffic cone,ALL_GROUP,traffic cone. road cone. safety cone. orange cone.,0.22,0.22,1,0.2479,"[1741.120361328125, 937.130615234375, 1772.7791748046875, 987.6336669921875]",1
frame_0072.png,production,prohibition sign,ALL_GROUP,red sign on ground. red circular sign. prohibition sign. red prohibition sign.,0.2,0.2,6,0.3586,"[2247.060791015625, 554.9686889648438, 2350.626953125, 602.0563354492188]",1
frame_0072.png,extras,cardboard_box,cardboard box,cardboard box.,0.2,0.2,2,0.4467,"[1389.3359375, 1014.5576782226562, 1584.076416015625, 1149.720947265625]",1
frame_0072.png,extras,cardboard_box,brown cardboard box,brown cardboard box.,0.2,0.2,2,0.4589,"[1387.13330078125, 1012.0214233398438, 1585.814208984375, 1151.78076171875]",1
frame_0072.png,extras,cardboard_box,shipping box,shipping box.,0.2,0.2,4,0.369,"[1390.724609375, 1016.745361328125, 1586.8377685546875, 1148.9822998046875]",1
frame_0072.png,extras,cardboard_box,small box,small box.,0.2,0.2,2,0.4279,"[1389.1937255859375, 1013.9556884765625, 1584.0997314453125, 1149.7388916015625]",1
frame_0072.png,extras,cardboard_box,package box,package box.,0.2,0.2,2,0.2226,"[1391.620849609375, 1016.739501953125, 1586.432861328125, 1149.5535888671875]",1
frame_0072.png,extras,cardboard_box,stacked box,stacked box.,0.2,0.2,2,0.3212,"[1390.692626953125, 1017.2727661132812, 1481.7801513671875, 1145.8912353515625]",1
frame_0072.png,extras,cardboard_box,outdoor cardboard box,outdoor cardboard box.,0.2,0.2,3,0.4524,"[1387.8212890625, 1012.614990234375, 1584.730224609375, 1150.5960693359375]",1
frame_0072.png,extras,chair,chair,chair.,0.2,0.2,5,0.3392,"[1524.43408203125, 933.6749267578125, 1703.5870361328125, 1167.6312255859375]",1
frame_0072.png,extras,chair,armless chair,armless chair.,0.2,0.2,5,0.3694,"[2198.218505859375, 360.41058349609375, 2659.9931640625, 1430.7596435546875]",1
frame_0072.png,extras,chair,outdoor chair,outdoor chair.,0.2,0.2,3,0.4246,"[1521.852294921875, 926.302734375, 1707.974365234375, 1170.0113525390625]",1
frame_0072.png,extras,chair,plastic chair,plastic chair.,0.2,0.2,3,0.4837,"[1520.94970703125, 925.1775512695312, 1708.7293701171875, 1170.354736328125]",1
frame_0072.png,extras,chair,folding chair,folding chair.,0.2,0.2,3,0.3522,"[2204.2294921875, 361.5035400390625, 2661.329833984375, 1429.64599609375]",1
frame_0072.png,extras,chair,metal chair,metal chair.,0.2,0.2,3,0.4265,"[826.5885620117188, 869.6126708984375, 959.4335327148438, 1028.9254150390625]",1
frame_0072.png,extras,electric_utility_vehicle,electric utility vehicle,electric utility vehicle.,0.2,0.2,7,0.3784,"[2075.9375, 363.23345947265625, 2659.604736328125, 1429.9820556640625]",1
frame_0072.png,extras,electric_utility_vehicle,small electric cart,small electric cart.,0.2,0.2,2,0.5884,"[2186.61376953125, 355.9729309082031, 2665.63037109375, 1436.9156494140625]",1
frame_0072.png,extras,electric_utility_vehicle,utility vehicle,utility vehicle.,0.2,0.2,7,0.4173,"[826.08837890625, 871.9324340820312, 955.58935546875, 1027.17578125]",1
frame_0072.png,extras,electric_utility_vehicle,golf cart,golf cart.,0.2,0.2,2,0.2832,"[2201.59521484375, 360.6192321777344, 2660.11181640625, 1429.58203125]",1
frame_0072.png,extras,electric_utility_vehicle,electric cart,electric cart.,0.2,0.2,2,0.638,"[2197.596435546875, 359.28619384765625, 2660.828369140625, 1431.454345703125]",1
frame_0072.png,extras,electric_utility_vehicle,small white utility vehicle,small white utility vehicle.,0.2,0.2,3,0.3838,"[2069.941162109375, 398.7263488769531, 2654.6181640625, 1035.1605224609375]",1
frame_0072.png,extras,electric_utility_vehicle,white utility cart,white utility cart.,0.2,0.2,5,0.4725,"[2073.816162109375, 363.36761474609375, 2660.178466796875, 1430.4886474609375]",1
frame_0072.png,extras,portable_power_station,portable power station,portable power station.,0.2,0.2,5,0.4225,"[2073.873779296875, 360.4107971191406, 2662.658447265625, 1429.7425537109375]",1
frame_0072.png,extras,portable_power_station,large power bank,large power bank.,0.2,0.2,3,0.5762,"[980.4822998046875, 287.8199157714844, 1833.7056884765625, 966.9671630859375]",1
frame_0072.png,extras,portable_power_station,battery box,battery box.,0.2,0.2,0,0.0,,0
frame_0072.png,extras,portable_power_station,power generator box,power generator box.,0.2,0.2,0,0.0,,0
frame_0072.png,extras,portable_power_station,portable battery,portable battery.,0.2,0.2,5,0.2607,"[2081.804443359375, 360.7140808105469, 2661.8681640625, 1430.2581787109375]",1
frame_0072.png,extras,portable_power_station,power station,power station.,0.2,0.2,7,0.4012,"[980.3370361328125, 289.44476318359375, 1832.3529052734375, 968.9451904296875]",1
frame_0072.png,extras,portable_power_station,large battery pack,large battery pack.,0.2,0.2,6,0.3301,"[2072.041259765625, 359.9368591308594, 2662.5869140625, 1430.912109375]",1
frame_0072.png,extras,rectangular_table,rectangular table,rectangular table.,0.2,0.2,1,0.7637,"[1524.0626220703125, 926.1709594726562, 1708.5484619140625, 1170.605712890625]",1
frame_0072.png,extras,rectangular_table,outdoor table,outdoor table.,0.2,0.2,1,0.6883,"[1525.3463134765625, 928.1455688476562, 1706.959228515625, 1170.177734375]",1
frame_0072.png,extras,rectangular_table,long rectangular table,long rectangular table.,0.2,0.2,1,0.738,"[1522.6834716796875, 924.8451538085938, 1710.09375, 1171.2774658203125]",1
frame_0072.png,extras,rectangular_table,picnic table,picnic table.,0.2,0.2,3,0.6731,"[1525.387451171875, 927.1664428710938, 1706.61865234375, 1169.800048828125]",1
frame_0072.png,extras,rectangular_table,folding table,folding table.,0.2,0.2,1,0.5762,"[1527.236572265625, 932.0341186523438, 1706.19189453125, 1169.724365234375]",1
frame_0072.png,extras,rectangular_table,work table,work table.,0.2,0.2,2,0.7058,"[1524.2296142578125, 925.0222778320312, 1707.770263671875, 1170.47705078125]",1
frame_0072.png,extras,rectangular_table,outdoor wooden table,outdoor wooden table.,0.2,0.2,1,0.7729,"[1523.5810546875, 924.6591796875, 1709.62109375, 1171.083984375]",1
frame_0072.png,extras,traffic_cone,traffic cone,traffic cone.,0.2,0.2,2,0.3929,"[1743.81640625, 939.3317260742188, 1768.681884765625, 983.4910888671875]",1
frame_0072.png,extras,traffic_cone,road cone,road cone.,0.2,0.2,2,0.3904,"[42.65623092651367, 1161.4503173828125, 130.34083557128906, 1309.4061279296875]",1
frame_0072.png,extras,traffic_cone,safety cone,safety cone.,0.2,0.2,2,0.3167,"[43.73623275756836, 1162.397705078125, 129.56674194335938, 1307.9549560546875]",1
frame_0072.png,extras,traffic_cone,orange cone,orange cone.,0.2,0.2,2,0.4441,"[1741.0811767578125, 937.2227172851562, 1772.5137939453125, 987.1639404296875]",1
frame_0072.png,extras,traffic_cone,construction cone,construction cone.,0.2,0.2,4,0.3447,"[42.37825393676758, 1161.8953857421875, 130.91278076171875, 1309.730712890625]",1
frame_0072.png,extras,traffic_cone,orange traffic cone,orange traffic cone.,0.2,0.2,2,0.4883,"[1739.0301513671875, 934.364501953125, 1774.333740234375, 988.542724609375]",1
frame_0072.png,extras,trolley,trolley,trolley.,0.2,0.2,3,0.473,"[2201.907470703125, 361.720947265625, 2658.23193359375, 1426.3916015625]",1
frame_0072.png,extras,trolley,hand cart,hand cart.,0.2,0.2,5,0.4743,"[2201.10302734375, 360.4451599121094, 2659.192138671875, 1430.308349609375]",1
frame_0072.png,extras,trolley,hand truck,hand truck.,0.2,0.2,8,0.3766,"[2077.115478515625, 364.4190673828125, 2659.15771484375, 1429.75244140625]",1
frame_0072.png,extras,trolley,luggage cart,luggage cart.,0.2,0.2,4,0.5465,"[2200.27099609375, 360.1673889160156, 2659.243408203125, 1430.3802490234375]",1
frame_0072.png,extras,trolley,flatbed cart,flatbed cart.,0.2,0.2,4,0.4021,"[2200.476318359375, 360.9591979980469, 2660.239501953125, 1430.993408203125]",1
frame_0072.png,extras,trolley,push cart,push cart.,0.2,0.2,4,0.4485,"[2200.924072265625, 360.8680114746094, 2659.511962890625, 1430.5062255859375]",1
frame_0072.png,extras,trolley,utility cart,utility cart.,0.2,0.2,3,0.5312,"[2181.93212890625, 359.5374755859375, 2658.731689453125, 1431.360107421875]",1
frame_0072.png,extras,trolley,metal trolley,metal trolley.,0.2,0.2,1,0.8002,"[2195.82568359375, 357.03131103515625, 2661.281494140625, 1432.0811767578125]",1
frame_0073.png,production,trailer,ALL_GROUP,utility trailer. open trailer. vehicle trailer. covered trailer.,0.18,0.18,9,0.3969,"[2075.982666015625, 421.9342346191406, 2639.08251953125, 1028.35888671875]",1
frame_0073.png,production,electric utility vehicle+electric wheelchair+electric scooter,ALL_GROUP,electric utility vehicle. small electric cart. golf cart. white utility vehicle. powered mobility scooter. motorized wheelchair. mobility chair. electric wheelchair. two-wheeled scooter. stand-up scooter. electric kick scooter. kick scooter.,0.2,0.2,7,0.388,"[822.6228637695312, 868.953857421875, 959.210205078125, 1032.1903076171875]",1
frame_0073.png,production,trolley,ALL_GROUP,trolley. hand cart. utility cart. push cart.,0.22,0.22,6,0.4222,"[2222.1767578125, 352.0906982421875, 2677.038330078125, 1440.4542236328125]",1
frame_0073.png,production,pair of ramps+basketball,ALL_GROUP,metal ramps on ground. two metal ramps. pair of ramps. vehicle loading ramp. round orange ball. rubber ball on ground. sports ball. basketball.,0.18,0.18,28,0.4761,"[1458.6483154296875, 1026.2359619140625, 1597.341064453125, 1168.8369140625]",1
frame_0073.png,production,portable power station+umbrella,ALL_GROUP,portable power station. large power bank. battery box. power generator box. folded umbrella. open umbrella. shade umbrella. umbrella.,0.2,0.2,1,0.289,"[979.9493408203125, 286.9878845214844, 1837.7425537109375, 972.7435302734375]",1
frame_0073.png,production,rectangular table,ALL_GROUP,rectangular table. outdoor table. picnic table. folding table.,0.24,0.24,2,0.342,"[1526.796142578125, 931.5947875976562, 1707.937255859375, 1170.49658203125]",1
frame_0073.png,production,cardboard box,ALL_GROUP,cardboard box. brown cardboard box. shipping box.,0.26,0.26,3,0.4001,"[1379.00048828125, 1007.6527099609375, 1521.6129150390625, 1155.8780517578125]",1
frame_0073.png,production,chair,ALL_GROUP,chair. folding chair. outdoor chair. plastic chair.,0.3,0.3,2,0.3368,"[1522.48876953125, 928.5894775390625, 1710.23486328125, 1171.8333740234375]",1
frame_0073.png,production,traffic cone,ALL_GROUP,traffic cone. road cone. safety cone. orange cone.,0.22,0.22,1,0.2276,"[1741.3548583984375, 936.1488647460938, 1773.3192138671875, 987.8763427734375]",1
frame_0073.png,production,prohibition sign,ALL_GROUP,red sign on ground. red circular sign. prohibition sign. red prohibition sign.,0.2,0.2,6,0.3674,"[2248.578369140625, 554.4305419921875, 2353.442626953125, 600.2618408203125]",1
frame_0073.png,extras,cardboard_box,cardboard box,cardboard box.,0.2,0.2,2,0.4514,"[1388.885009765625, 1016.9213256835938, 1485.18505859375, 1149.462890625]",1
frame_0073.png,extras,cardboard_box,brown cardboard box,brown cardboard box.,0.2,0.2,2,0.4359,"[1384.1473388671875, 1014.0277709960938, 1492.3282470703125, 1150.5101318359375]",1
frame_0073.png,extras,cardboard_box,shipping box,shipping box.,0.2,0.2,4,0.3866,"[1390.3465576171875, 1018.51708984375, 1590.050537109375, 1152.10986328125]",1
frame_0073.png,extras,cardboard_box,small box,small box.,0.2,0.2,2,0.4137,"[1388.2115478515625, 1016.3368530273438, 1483.313232421875, 1149.4327392578125]",1
frame_0073.png,extras,cardboard_box,package box,package box.,0.2,0.2,2,0.2311,"[1391.1806640625, 1017.99658203125, 1590.2977294921875, 1153.659423828125]",1
frame_0073.png,extras,cardboard_box,stacked box,stacked box.,0.2,0.2,2,0.3292,"[1390.6341552734375, 1017.7655639648438, 1590.066162109375, 1152.87255859375]",1
frame_0073.png,extras,cardboard_box,outdoor cardboard box,outdoor cardboard box.,0.2,0.2,3,0.4432,"[1387.5299072265625, 1015.544677734375, 1484.4947509765625, 1150.07958984375]",1
frame_0073.png,extras,chair,chair,chair.,0.2,0.2,5,0.3341,"[1522.6173095703125, 933.1617431640625, 1706.4495849609375, 1171.1810302734375]",1
frame_0073.png,extras,chair,armless chair,armless chair.,0.2,0.2,4,0.4039,"[1521.9268798828125, 925.499755859375, 1711.962646484375, 1173.516845703125]",1
frame_0073.png,extras,chair,outdoor chair,outdoor chair.,0.2,0.2,3,0.4641,"[1519.96875, 925.5623779296875, 1710.6705322265625, 1173.0565185546875]",1
frame_0073.png,extras,chair,plastic chair,plastic chair.,0.2,0.2,3,0.5205,"[1519.51220703125, 925.2251586914062, 1711.4189453125, 1173.4251708984375]",1
frame_0073.png,extras,chair,folding chair,folding chair.,0.2,0.2,3,0.3783,"[1522.411376953125, 928.9097290039062, 1709.6365966796875, 1172.5048828125]",1
frame_0073.png,extras,chair,metal chair,metal chair.,0.2,0.2,3,0.4498,"[825.892578125, 870.3636474609375, 958.4609985351562, 1031.316162109375]",1
frame_0073.png,extras,electric_utility_vehicle,electric utility vehicle,electric utility vehicle.,0.2,0.2,6,0.3805,"[2212.233154296875, 362.9141845703125, 2654.63330078125, 1438.056640625]",1
frame_0073.png,extras,electric_utility_vehicle,small electric cart,small electric cart.,0.2,0.2,2,0.4904,"[2208.31787109375, 347.02606201171875, 2681.172119140625, 1446.228515625]",1
frame_0073.png,extras,electric_utility_vehicle,utility vehicle,utility vehicle.,0.2,0.2,6,0.3756,"[2217.821044921875, 353.3752136230469, 2670.799072265625, 1438.9267578125]",1
frame_0073.png,extras,electric_utility_vehicle,golf cart,golf cart.,0.2,0.2,2,0.2921,"[2223.52099609375, 352.0873107910156, 2677.906005859375, 1439.0972900390625]",1
frame_0073.png,extras,electric_utility_vehicle,electric cart,electric cart.,0.2,0.2,2,0.6063,"[2220.744384765625, 350.4775390625, 2677.427490234375, 1440.4862060546875]",1
frame_0073.png,extras,electric_utility_vehicle,small white utility vehicle,small white utility vehicle.,0.2,0.2,5,0.3282,"[2068.273681640625, 360.5716552734375, 2676.784423828125, 1036.1451416015625]",1
frame_0073.png,extras,electric_utility_vehicle,white utility cart,white utility cart.,0.2,0.2,5,0.4171,"[824.6306762695312, 869.478759765625, 957.7841186523438, 1031.0289306640625]",1
frame_0073.png,extras,portable_power_station,portable power station,portable power station.,0.2,0.2,5,0.413,"[2075.241943359375, 350.76202392578125, 2679.774658203125, 1439.6910400390625]",1
frame_0073.png,extras,portable_power_station,large power bank,large power bank.,0.2,0.2,4,0.5814,"[979.9818115234375, 287.4064025878906, 1835.01904296875, 967.2560424804688]",1
frame_0073.png,extras,portable_power_station,battery box,battery box.,0.2,0.2,0,0.0,,0
frame_0073.png,extras,portable_power_station,power generator box,power generator box.,0.2,0.2,0,0.0,,0
frame_0073.png,extras,portable_power_station,portable battery,portable battery.,0.2,0.2,5,0.2687,"[2219.611328125, 350.4164123535156, 2676.39599609375, 1439.030517578125]",1
frame_0073.png,extras,portable_power_station,power station,power station.,0.2,0.2,6,0.3951,"[980.4490356445312, 289.2698669433594, 1834.1396484375, 968.5242309570312]",1
frame_0073.png,extras,portable_power_station,large battery pack,large battery pack.,0.2,0.2,6,0.3311,"[2073.5009765625, 350.0386962890625, 2679.929443359375, 1440.1285400390625]",1
frame_0073.png,extras,rectangular_table,rectangular table,rectangular table.,0.2,0.2,1,0.8056,"[1522.70263671875, 926.0765991210938, 1710.75634765625, 1173.9110107421875]",1
frame_0073.png,extras,rectangular_table,outdoor table,outdoor table.,0.2,0.2,1,0.7432,"[1524.16796875, 928.0081787109375, 1709.33154296875, 1173.326171875]",1
frame_0073.png,extras,rectangular_table,long rectangular table,long rectangular table.,0.2,0.2,1,0.7759,"[1521.51025390625, 924.7807006835938, 1712.2569580078125, 1174.6263427734375]",1
frame_0073.png,extras,rectangular_table,picnic table,picnic table.,0.2,0.2,2,0.7212,"[1524.0179443359375, 926.40576171875, 1709.2392578125, 1173.0643310546875]",1
frame_0073.png,extras,rectangular_table,folding table,folding table.,0.2,0.2,1,0.5989,"[1525.5322265625, 931.876953125, 1708.3519287109375, 1172.828125]",1
frame_0073.png,extras,rectangular_table,work table,work table.,0.2,0.2,1,0.7575,"[1522.8212890625, 924.64404296875, 1710.27685546875, 1173.8983154296875]",1
frame_0073.png,extras,rectangular_table,outdoor wooden table,outdoor wooden table.,0.2,0.2,1,0.8026,"[1523.029541015625, 924.8575439453125, 1711.5003662109375, 1173.8311767578125]",1
frame_0073.png,extras,traffic_cone,traffic cone,traffic cone.,0.2,0.2,2,0.379,"[1744.18212890625, 937.8468017578125, 1769.312255859375, 983.7680053710938]",1
frame_0073.png,extras,traffic_cone,road cone,road cone.,0.2,0.2,2,0.2924,"[27.014907836914062, 1167.2679443359375, 116.36531829833984, 1314.3843994140625]",1
frame_0073.png,extras,traffic_cone,safety cone,safety cone.,0.2,0.2,2,0.256,"[1742.2943115234375, 935.6038818359375, 1772.384521484375, 987.022216796875]",1
frame_0073.png,extras,traffic_cone,orange cone,orange cone.,0.2,0.2,1,0.4569,"[1741.5164794921875, 936.6217041015625, 1772.538818359375, 987.3163452148438]",1
frame_0073.png,extras,traffic_cone,construction cone,construction cone.,0.2,0.2,5,0.3166,"[2218.5927734375, 349.5364074707031, 2677.877197265625, 1440.422607421875]",1
frame_0073.png,extras,traffic_cone,orange traffic cone,orange traffic cone.,0.2,0.2,1,0.5286,"[1739.5125732421875, 933.8883666992188, 1774.33984375, 988.4120483398438]",1
frame_0073.png,extras,trolley,trolley,trolley.,0.2,0.2,4,0.5014,"[825.9225463867188, 875.2283325195312, 952.1214599609375, 1028.01513671875]",1
frame_0073.png,extras,trolley,hand cart,hand cart.,0.2,0.2,4,0.4859,"[2223.2333984375, 351.72894287109375, 2676.393310546875, 1439.8448486328125]",1
frame_0073.png,extras,trolley,hand truck,hand truck.,0.2,0.2,8,0.3842,"[1816.3544921875, 359.9227294921875, 2674.167724609375, 1025.37548828125]",1
frame_0073.png,extras,trolley,luggage cart,luggage cart.,0.2,0.2,4,0.5289,"[2221.66357421875, 351.2212219238281, 2676.8017578125, 1439.6099853515625]",1
frame_0073.png,extras,trolley,flatbed cart,flatbed cart.,0.2,0.2,3,0.4027,"[2220.61181640625, 351.233154296875, 2677.7998046875, 1441.0286865234375]",1
frame_0073.png,extras,trolley,push cart,push cart.,0.2,0.2,4,0.4842,"[2221.89599609375, 351.4223937988281, 2676.826416015625, 1440.5228271484375]",1
frame_0073.png,extras,trolley,utility cart,utility cart.,0.2,0.2,4,0.411,"[2218.136474609375, 351.0708312988281, 2675.5185546875, 1440.1436767578125]",1
frame_0073.png,extras,trolley,metal trolley,metal trolley.,0.2,0.2,1,0.7899,"[2217.142333984375, 347.9882507324219, 2678.57568359375, 1441.681396484375]",1
frame_0074.png,production,trailer,ALL_GROUP,utility trailer. open trailer. vehicle trailer. covered trailer.,0.18,0.18,6,0.3797,"[2094.361572265625, 415.487060546875, 2653.233642578125, 1033.36181640625]",1
frame_0074.png,production,electric utility vehicle+electric wheelchair+electric scooter,ALL_GROUP,electric utility vehicle. small electric cart. golf cart. white utility vehicle. powered mobility scooter. motorized wheelchair. mobility chair. electric wheelchair. two-wheeled scooter. stand-up scooter. electric kick scooter. kick scooter.,0.2,0.2,8,0.3575,"[820.0317993164062, 854.283447265625, 963.177978515625, 1032.2537841796875]",1
frame_0074.png,production,trolley,ALL_GROUP,trolley. hand cart. utility cart. push cart.,0.22,0.22,4,0.3921,"[822.3338623046875, 856.9527587890625, 962.0518188476562, 1030.1566162109375]",1
frame_0074.png,production,pair of ramps+basketball,ALL_GROUP,metal ramps on ground. two metal ramps. pair of ramps. vehicle loading ramp. round orange ball. rubber ball on ground. sports ball. basketball.,0.18,0.18,27,0.4849,"[1474.749267578125, 1027.5587158203125, 1612.305908203125, 1170.1368408203125]",1
frame_0074.png,production,portable power station+umbrella,ALL_GROUP,portable power station. large power bank. battery box. power generator box. folded umbrella. open umbrella. shade umbrella. umbrella.,0.2,0.2,1,0.2768,"[995.739501953125, 286.7304382324219, 1847.185302734375, 967.6385498046875]",1
frame_0074.png,production,rectangular table,ALL_GROUP,rectangular table. outdoor table. picnic table. folding table.,0.24,0.24,2,0.3574,"[1540.196044921875, 930.7299194335938, 1728.391845703125, 1179.1287841796875]",1
frame_0074.png,production,cardboard box,ALL_GROUP,cardboard box. brown cardboard box. shipping box.,0.26,0.26,2,0.4588,"[1398.613525390625, 1018.1741943359375, 1501.1080322265625, 1155.108154296875]",1
frame_0074.png,production,chair,ALL_GROUP,chair. folding chair. outdoor chair. plastic chair.,0.3,0.3,0,0.0,,0
frame_0074.png,production,traffic cone,ALL_GROUP,traffic cone. road cone. safety cone. orange cone.,0.22,0.22,0,0.0,,0
frame_0074.png,production,prohibition sign,ALL_GROUP,red sign on ground. red circular sign. prohibition sign. red prohibition sign.,0.2,0.2,5,0.3594,"[2269.205810546875, 550.205078125, 2372.881103515625, 592.6893920898438]",1
frame_0074.png,extras,cardboard_box,cardboard box,cardboard box.,0.2,0.2,1,0.604,"[1398.4302978515625, 1019.2131958007812, 1508.26171875, 1155.7275390625]",1
frame_0074.png,extras,cardboard_box,brown cardboard box,brown cardboard box.,0.2,0.2,1,0.6513,"[1396.2381591796875, 1017.3488159179688, 1505.7581787109375, 1156.9173583984375]",1
frame_0074.png,extras,cardboard_box,shipping box,shipping box.,0.2,0.2,4,0.4232,"[1400.3470458984375, 1020.8750610351562, 1605.0260009765625, 1157.4432373046875]",1
frame_0074.png,extras,cardboard_box,small box,small box.,0.2,0.2,2,0.5476,"[1397.493896484375, 1018.9356079101562, 1504.28857421875, 1156.104248046875]",1
frame_0074.png,extras,cardboard_box,package box,package box.,0.2,0.2,2,0.338,"[1400.244873046875, 1021.4624633789062, 1502.2764892578125, 1154.6287841796875]",1
frame_0074.png,extras,cardboard_box,stacked box,stacked box.,0.2,0.2,2,0.3701,"[1400.6343994140625, 1020.69482421875, 1603.8282470703125, 1157.584228515625]",1
frame_0074.png,extras,cardboard_box,outdoor cardboard box,outdoor cardboard box.,0.2,0.2,2,0.5337,"[1396.8553466796875, 1017.705322265625, 1507.8638916015625, 1156.4666748046875]",1
frame_0074.png,extras,chair,chair,chair.,0.2,0.2,4,0.4226,"[1533.90380859375, 774.9983520507812, 1727.2459716796875, 1179.777587890625]",1
frame_0074.png,extras,chair,armless chair,armless chair.,0.2,0.2,5,0.3884,"[1527.9107666015625, 772.5849609375, 1734.011474609375, 1180.998779296875]",1
frame_0074.png,extras,chair,outdoor chair,outdoor chair.,0.2,0.2,4,0.4256,"[1528.812744140625, 773.9786376953125, 1731.8311767578125, 1181.0933837890625]",1
frame_0074.png,extras,chair,plastic chair,plastic chair.,0.2,0.2,3,0.4229,"[1528.294189453125, 775.0655517578125, 1732.134521484375, 1180.8321533203125]",1
frame_0074.png,extras,chair,folding chair,folding chair.,0.2,0.2,3,0.4442,"[1531.0167236328125, 773.5406494140625, 1730.934326171875, 1181.55322265625]",1
frame_0074.png,extras,chair,metal chair,metal chair.,0.2,0.2,4,0.4285,"[1524.966064453125, 773.2709350585938, 1734.50244140625, 1181.8433837890625]",1
frame_0074.png,extras,electric_utility_vehicle,electric utility vehicle,electric utility vehicle.,0.2,0.2,7,0.2951,"[2255.239501953125, 320.3905029296875, 2755.44970703125, 1466.5242919921875]",1
frame_0074.png,extras,electric_utility_vehicle,small electric cart,small electric cart.,0.2,0.2,2,0.3969,"[818.54150390625, 856.8412475585938, 967.6546630859375, 1033.4080810546875]",1
frame_0074.png,extras,electric_utility_vehicle,utility vehicle,utility vehicle.,0.2,0.2,9,0.3359,"[2272.4228515625, 319.4446105957031, 2755.731201171875, 1466.8531494140625]",1
frame_0074.png,extras,electric_utility_vehicle,golf cart,golf cart.,0.2,0.2,1,0.2449,"[2286.59228515625, 318.25213623046875, 2758.26611328125, 1465.963623046875]",1
frame_0074.png,extras,electric_utility_vehicle,electric cart,electric cart.,0.2,0.2,2,0.5521,"[2285.3037109375, 316.6866760253906, 2758.6025390625, 1467.4273681640625]",1
frame_0074.png,extras,electric_utility_vehicle,small white utility vehicle,small white utility vehicle.,0.2,0.2,6,0.3208,"[1825.6201171875, 414.60919189453125, 2658.6806640625, 1035.0921630859375]",1
frame_0074.png,extras,electric_utility_vehicle,white utility cart,white utility cart.,0.2,0.2,7,0.346,"[821.7554321289062, 854.0669555664062, 964.2848510742188, 1031.138916015625]",1
frame_0074.png,extras,portable_power_station,portable power station,portable power station.,0.2,0.2,8,0.3199,"[2281.211669921875, 317.66278076171875, 2759.0087890625, 1466.7379150390625]",1
frame_0074.png,extras,portable_power_station,large power bank,large power bank.,0.2,0.2,2,0.5613,"[996.1903076171875, 286.80877685546875, 1845.198486328125, 965.1483154296875]",1
frame_0074.png,extras,portable_power_station,battery box,battery box.,0.2,0.2,1,0.2508,"[1400.44873046875, 1021.7704467773438, 1501.3348388671875, 1154.613525390625]",1
frame_0074.png,extras,portable_power_station,power generator box,power generator box.,0.2,0.2,0,0.0,,0
frame_0074.png,extras,portable_power_station,portable battery,portable battery.,0.2,0.2,4,0.2306,"[2483.469482421875, 1127.1588134765625, 2550.6435546875, 1208.5372314453125]",1
frame_0074.png,extras,portable_power_station,power station,power station.,0.2,0.2,6,0.3829,"[997.1168823242188, 288.4414367675781, 1843.5947265625, 965.8282470703125]",1
frame_0074.png,extras,portable_power_station,large battery pack,large battery pack.,0.2,0.2,5,0.4028,"[1834.87353515625, 531.0372314453125, 2112.6005859375, 989.2537231445312]",1
frame_0074.png,extras,rectangular_table,rectangular table,rectangular table.,0.2,0.2,1,0.8157,"[1537.446044921875, 925.845703125, 1731.017822265625, 1181.415771484375]",1
frame_0074.png,extras,rectangular_table,outdoor table,outdoor table.,0.2,0.2,1,0.7511,"[1539.5277099609375, 927.8685913085938, 1729.6798095703125, 1181.256103515625]",1
frame_0074.png,extras,rectangular_table,long rectangular table,long rectangular table.,0.2,0.2,1,0.7896,"[1536.3988037109375, 924.6106567382812, 1732.3602294921875, 1181.7396240234375]",1
frame_0074.png,extras,rectangular_table,picnic table,picnic table.,0.2,0.2,2,0.711,"[1539.950927734375, 926.7879638671875, 1729.681640625, 1180.6800537109375]",1
frame_0074.png,extras,rectangular_table,folding table,folding table.,0.2,0.2,1,0.5969,"[1540.98681640625, 931.4609985351562, 1728.63818359375, 1180.8031005859375]",1
frame_0074.png,extras,rectangular_table,work table,work table.,0.2,0.2,1,0.7657,"[1538.5208740234375, 924.79736328125, 1730.7222900390625, 1181.444580078125]",1
frame_0074.png,extras,rectangular_table,outdoor wooden table,outdoor wooden table.,0.2,0.2,1,0.8037,"[1537.5272216796875, 924.8605346679688, 1731.9110107421875, 1181.3751220703125]",1
frame_0074.png,extras,traffic_cone,traffic cone,traffic cone.,0.2,0.2,3,0.3338,"[1754.7857666015625, 938.427490234375, 1778.1656494140625, 982.9666748046875]",1
frame_0074.png,extras,traffic_cone,road cone,road cone.,0.2,0.2,2,0.2556,"[2.340744972229004, 1174.913330078125, 88.27396392822266, 1326.3839111328125]",1
frame_0074.png,extras,traffic_cone,safety cone,safety cone.,0.2,0.2,0,0.0,,0
frame_0074.png,extras,traffic_cone,orange cone,orange cone.,0.2,0.2,1,0.3565,"[1750.6591796875, 935.1663818359375, 1781.846923828125, 986.5504150390625]",1
frame_0074.png,extras,traffic_cone,construction cone,construction cone.,0.2,0.2,4,0.281,"[2283.28076171875, 316.3656005859375, 2757.640869140625, 1467.3697509765625]",1
frame_0074.png,extras,traffic_cone,orange traffic cone,orange traffic cone.,0.2,0.2,1,0.438,"[1748.7884521484375, 932.4161987304688, 1783.2559814453125, 987.620361328125]",1
frame_0074.png,extras,trolley,trolley,trolley.,0.2,0.2,3,0.5015,"[828.1737060546875, 874.6143798828125, 958.996826171875, 1027.5611572265625]",1
frame_0074.png,extras,trolley,hand cart,hand cart.,0.2,0.2,6,0.44,"[2287.3193359375, 317.7576904296875, 2757.376220703125, 1467.0843505859375]",1
frame_0074.png,extras,trolley,hand truck,hand truck.,0.2,0.2,8,0.3634,"[1830.26318359375, 416.36737060546875, 2653.487060546875, 1031.2967529296875]",1
frame_0074.png,extras,trolley,luggage cart,luggage cart.,0.2,0.2,4,0.5068,"[824.1652221679688, 858.3953247070312, 961.19873046875, 1029.3310546875]",1
frame_0074.png,extras,trolley,flatbed cart,flatbed cart.,0.2,0.2,4,0.3445,"[2285.95654296875, 317.6577453613281, 2757.820068359375, 1468.0484619140625]",1
frame_0074.png,extras,trolley,push cart,push cart.,0.2,0.2,3,0.4595,"[825.1511840820312, 860.0342407226562, 961.3081665039062, 1029.5540771484375]",1
frame_0074.png,extras,trolley,utility cart,utility cart.,0.2,0.2,4,0.4372,"[2285.014892578125, 317.10052490234375, 2757.337646484375, 1467.7662353515625]",1
frame_0074.png,extras,trolley,metal trolley,metal trolley.,0.2,0.2,2,0.645,"[2286.735107421875, 314.1250305175781, 2759.4931640625, 1468.5347900390625]",1
frame_0075.png,production,trailer,ALL_GROUP,utility trailer. open trailer. vehicle trailer. covered trailer.,0.18,0.18,5,0.3959,"[2099.510009765625, 410.6775817871094, 2664.517822265625, 1029.46826171875]",1
frame_0075.png,production,electric utility vehicle+electric wheelchair+electric scooter,ALL_GROUP,electric utility vehicle. small electric cart. golf cart. white utility vehicle. powered mobility scooter. motorized wheelchair. mobility chair. electric wheelchair. two-wheeled scooter. stand-up scooter. electric kick scooter. kick scooter.,0.2,0.2,10,0.334,"[828.9208374023438, 854.7485961914062, 972.0852661132812, 1031.58349609375]",1
frame_0075.png,production,trolley,ALL_GROUP,trolley. hand cart. utility cart. push cart.,0.22,0.22,3,0.4246,"[833.5195922851562, 858.2120361328125, 969.2733764648438, 1029.249755859375]",1
frame_0075.png,production,pair of ramps+basketball,ALL_GROUP,metal ramps on ground. two metal ramps. pair of ramps. vehicle loading ramp. round orange ball. rubber ball on ground. sports ball. basketball.,0.18,0.18,28,0.3833,"[1480.290283203125, 1026.11669921875, 1623.54443359375, 1174.6868896484375]",1
frame_0075.png,production,portable power station+umbrella,ALL_GROUP,portable power station. large power bank. battery box. power generator box. folded umbrella. open umbrella. shade umbrella. umbrella.,0.2,0.2,2,0.2956,"[998.103759765625, 284.39453125, 1853.761474609375, 964.4252319335938]",1
frame_0075.png,production,rectangular table,ALL_GROUP,rectangular table. outdoor table. picnic table. folding table.,0.24,0.24,2,0.3326,"[1547.1416015625, 931.2803955078125, 1738.663818359375, 1178.6080322265625]",1
frame_0075.png,production,cardboard box,ALL_GROUP,cardboard box. brown cardboard box. shipping box.,0.26,0.26,2,0.4797,"[1405.843017578125, 1016.7422485351562, 1505.640380859375, 1154.7962646484375]",1
frame_0075.png,production,chair,ALL_GROUP,chair. folding chair. outdoor chair. plastic chair.,0.3,0.3,1,0.3002,"[836.4609985351562, 860.4601440429688, 969.9150390625, 1027.6046142578125]",1
frame_0075.png,production,traffic cone,ALL_GROUP,traffic cone. road cone. safety cone. orange cone.,0.22,0.22,1,0.2338,"[1760.598876953125, 939.9896850585938, 1789.889892578125, 986.4390869140625]",1
frame_0075.png,production,prohibition sign,ALL_GROUP,red sign on ground. red circular sign. prohibition sign. red prohibition sign.,0.2,0.2,4,0.3437,"[2273.081298828125, 546.95947265625, 2379.482666015625, 592.2197265625]",1
frame_0075.png,extras,cardboard_box,cardboard box,cardboard box.,0.2,0.2,2,0.4925,"[1406.8167724609375, 1018.05322265625, 1506.5318603515625, 1154.8114013671875]",1
frame_0075.png,extras,cardboard_box,brown cardboard box,brown cardboard box.,0.2,0.2,2,0.5123,"[1404.1234130859375, 1015.9939575195312, 1507.18603515625, 1156.442626953125]",1
frame_0075.png,extras,cardboard_box,shipping box,shipping box.,0.2,0.2,4,0.4,"[1408.53466796875, 1020.0211791992188, 1503.2464599609375, 1153.6119384765625]",1
frame_0075.png,extras,cardboard_box,small box,small box.,0.2,0.2,2,0.4921,"[1406.239990234375, 1017.4954833984375, 1505.4818115234375, 1154.8052978515625]",1
frame_0075.png,extras,cardboard_box,package box,package box.,0.2,0.2,2,0.2931,"[1409.2486572265625, 1019.982177734375, 1504.1600341796875, 1152.9722900390625]",1
frame_0075.png,extras,cardboard_box,stacked box,stacked box.,0.2,0.2,2,0.3677,"[1408.679443359375, 1020.0391845703125, 1503.1365966796875, 1153.11865234375]",1
frame_0075.png,extras,cardboard_box,outdoor cardboard box,outdoor cardboard box.,0.2,0.2,2,0.4954,"[1405.2081298828125, 1016.5145263671875, 1506.60205078125, 1155.427001953125]",1
frame_0075.png,extras,chair,chair,chair.,0.2,0.2,5,0.322,"[1542.8382568359375, 872.6487426757812, 1737.649169921875, 1179.241943359375]",1
frame_0075.png,extras,chair,armless chair,armless chair.,0.2,0.2,2,0.3747,"[1532.4365234375, 774.69970703125, 1745.406494140625, 1180.893798828125]",1
frame_0075.png,extras,chair,outdoor chair,outdoor chair.,0.2,0.2,3,0.3764,"[1542.221435546875, 927.1712646484375, 1741.286865234375, 1180.4898681640625]",1
frame_0075.png,extras,chair,plastic chair,plastic chair.,0.2,0.2,3,0.3978,"[1542.0562744140625, 927.3719482421875, 1741.9525146484375, 1180.404541015625]",1
frame_0075.png,extras,chair,folding chair,folding chair.,0.2,0.2,2,0.3998,"[1538.473388671875, 774.4766235351562, 1741.953857421875, 1180.0103759765625]",1
frame_0075.png,extras,chair,metal chair,metal chair.,0.2,0.2,4,0.3595,"[834.9913330078125, 860.1641235351562, 972.913330078125, 1029.8148193359375]",1
frame_0075.png,extras,electric_utility_vehicle,electric utility vehicle,electric utility vehicle.,0.2,0.2,6,0.3116,"[838.2919311523438, 866.1187133789062, 968.5650634765625, 1028.569580078125]",1
frame_0075.png,extras,electric_utility_vehicle,small electric cart,small electric cart.,0.2,0.2,2,0.4215,"[827.6696166992188, 854.9811401367188, 974.2221069335938, 1032.8897705078125]",1
frame_0075.png,extras,electric_utility_vehicle,utility vehicle,utility vehicle.,0.2,0.2,7,0.3955,"[837.1939697265625, 861.3257446289062, 968.3261108398438, 1028.3094482421875]",1
frame_0075.png,extras,electric_utility_vehicle,golf cart,golf cart.,0.2,0.2,0,0.0,,0
frame_0075.png,extras,electric_utility_vehicle,electric cart,electric cart.,0.2,0.2,2,0.5189,"[2299.10791015625, 312.063232421875, 2769.95849609375, 1470.245361328125]",1
frame_0075.png,extras,electric_utility_vehicle,small white utility vehicle,small white utility vehicle.,0.2,0.2,4,0.3491,"[829.8075561523438, 856.9781494140625, 973.3836059570312, 1031.8109130859375]",1
frame_0075.png,extras,electric_utility_vehicle,white utility cart,white utility cart.,0.2,0.2,6,0.4504,"[830.51904296875, 855.5149536132812, 972.0929565429688, 1030.76025390625]",1
frame_0075.png,extras,portable_power_station,portable power station,portable power station.,0.2,0.2,5,0.3116,"[2098.520263671875, 314.0191650390625, 2771.613037109375, 1469.349365234375]",1
frame_0075.png,extras,portable_power_station,large power bank,large power bank.,0.2,0.2,2,0.5861,"[1000.7123413085938, 285.3780822753906, 1851.0716552734375, 961.6651611328125]",1
frame_0075.png,extras,portable_power_station,battery box,battery box.,0.2,0.2,0,0.0,,0
frame_0075.png,extras,portable_power_station,power generator box,power generator box.,0.2,0.2,0,0.0,,0
frame_0075.png,extras,portable_power_station,portable battery,portable battery.,0.2,0.2,2,0.2428,"[17.718528747558594, 1175.230712890625, 72.26057434082031, 1254.1273193359375]",1
frame_0075.png,extras,portable_power_station,power station,power station.,0.2,0.2,5,0.4006,"[997.6986083984375, 285.4602355957031, 1849.153564453125, 963.2847900390625]",1
frame_0075.png,extras,portable_power_station,large battery pack,large battery pack.,0.2,0.2,4,0.3839,"[1838.7357177734375, 531.7972412109375, 2117.404541015625, 990.9776611328125]",1
frame_0075.png,extras,rectangular_table,rectangular table,rectangular table.,0.2,0.2,1,0.7977,"[1544.246826171875, 925.7257690429688, 1741.8304443359375, 1181.170654296875]",1
frame_0075.png,extras,rectangular_table,outdoor table,outdoor table.,0.2,0.2,1,0.7425,"[1545.7950439453125, 927.7820434570312, 1739.9111328125, 1180.953369140625]",1
frame_0075.png,extras,rectangular_table,long rectangular table,long rectangular table.,0.2,0.2,1,0.7693,"[1542.9677734375, 924.1762084960938, 1743.179931640625, 1182.060302734375]",1
frame_0075.png,extras,rectangular_table,picnic table,picnic table.,0.2,0.2,1,0.7234,"[1544.0823974609375, 925.21240234375, 1740.0936279296875, 1180.809326171875]",1
frame_0075.png,extras,rectangular_table,folding table,folding table.,0.2,0.2,1,0.6217,"[1547.83203125, 931.4302368164062, 1738.663818359375, 1180.1595458984375]",1
frame_0075.png,extras,rectangular_table,work table,work table.,0.2,0.2,1,0.7574,"[1543.705810546875, 924.2081909179688, 1741.22314453125, 1181.232177734375]",1
frame_0075.png,extras,rectangular_table,outdoor wooden table,outdoor wooden table.,0.2,0.2,1,0.7982,"[1543.2103271484375, 924.1452026367188, 1742.2943115234375, 1181.782958984375]",1
frame_0075.png,extras,traffic_cone,traffic cone,traffic cone.,0.2,0.2,2,0.3658,"[1763.069091796875, 942.8566284179688, 1786.0350341796875, 982.55859375]",1
frame_0075.png,extras,traffic_cone,road cone,road cone.,0.2,0.2,1,0.3578,"[7.578485012054443, 1172.8096923828125, 100.93404388427734, 1325.287841796875]",1
frame_0075.png,extras,traffic_cone,safety cone,safety cone.,0.2,0.2,1,0.2844,"[8.817290306091309, 1174.380126953125, 100.3549575805664, 1323.89794921875]",1
frame_0075.png,extras,traffic_cone,orange cone,orange cone.,0.2,0.2,2,0.3655,"[1759.7093505859375, 937.87939453125, 1789.98388671875, 986.0349731445312]",1
frame_0075.png,extras,traffic_cone,construction cone,construction cone.,0.2,0.2,5,0.3043,"[2295.232666015625, 311.533447265625, 2769.3857421875, 1470.24609375]",1
frame_0075.png,extras,traffic_cone,orange traffic cone,orange traffic cone.,0.2,0.2,2,0.4483,"[1757.54248046875, 933.8270263671875, 1792.35302734375, 987.6072387695312]",1
frame_0075.png,extras,trolley,trolley,trolley.,0.2,0.2,5,0.525,"[837.6988525390625, 860.8633422851562, 965.7362670898438, 1026.5738525390625]",1
frame_0075.png,extras,trolley,hand cart,hand cart.,0.2,0.2,4,0.4577,"[837.7241821289062, 863.1959838867188, 968.41943359375, 1028.0889892578125]",1
frame_0075.png,extras,trolley,hand truck,hand truck.,0.2,0.2,6,0.3446,"[1826.3189697265625, 409.1785888671875, 2664.628662109375, 1024.96240234375]",1
frame_0075.png,extras,trolley,luggage cart,luggage cart.,0.2,0.2,4,0.5069,"[834.87744140625, 859.4979858398438, 968.852783203125, 1028.582275390625]",1
frame_0075.png,extras,trolley,flatbed cart,flatbed cart.,0.2,0.2,3,0.4119,"[834.8521728515625, 859.5549926757812, 969.77392578125, 1029.2716064453125]",1
frame_0075.png,extras,trolley,push cart,push cart.,0.2,0.2,4,0.4737,"[834.8637084960938, 859.3008422851562, 968.5228271484375, 1028.6243896484375]",1
frame_0075.png,extras,trolley,utility cart,utility cart.,0.2,0.2,4,0.4109,"[833.6107177734375, 859.6846313476562, 969.7333984375, 1029.77734375]",1
frame_0075.png,extras,trolley,metal trolley,metal trolley.,0.2,0.2,2,0.6016,"[2298.660400390625, 309.81573486328125, 2770.9580078125, 1471.255615234375]",1
frame_0076.png,production,trailer,ALL_GROUP,utility trailer. open trailer. vehicle trailer. covered trailer.,0.18,0.18,4,0.4429,"[1009.7467041015625, 873.0789794921875, 1136.2454833984375, 1026.5926513671875]",1
frame_0076.png,production,electric utility vehicle+electric wheelchair+electric scooter,ALL_GROUP,electric utility vehicle. small electric cart. golf cart. white utility vehicle. powered mobility scooter. motorized wheelchair. mobility chair. electric wheelchair. two-wheeled scooter. stand-up scooter. electric kick scooter. kick scooter.,0.2,0.2,7,0.3745,"[1007.3991088867188, 868.7094116210938, 1139.0908203125, 1028.02685546875]",1
frame_0076.png,production,trolley,ALL_GROUP,trolley. hand cart. utility cart. push cart.,0.22,0.22,2,0.348,"[1010.05517578125, 872.6561889648438, 1134.8907470703125, 1026.16357421875]",1
frame_0076.png,production,pair of ramps+basketball,ALL_GROUP,metal ramps on ground. two metal ramps. pair of ramps. vehicle loading ramp. round orange ball. rubber ball on ground. sports ball. basketball.,0.18,0.18,25,0.4589,"[1646.176513671875, 1030.4794921875, 1794.694091796875, 1185.24365234375]",1
frame_0076.png,production,portable power station+umbrella,ALL_GROUP,portable power station. large power bank. battery box. power generator box. folded umbrella. open umbrella. shade umbrella. umbrella.,0.2,0.2,2,0.287,"[1156.365478515625, 293.0741271972656, 2020.281005859375, 967.0721435546875]",1
frame_0076.png,production,rectangular table,ALL_GROUP,rectangular table. outdoor table. picnic table. folding table.,0.24,0.24,2,0.3515,"[1718.6851806640625, 931.0463256835938, 1913.12060546875, 1184.30908203125]",1
frame_0076.png,production,cardboard box,ALL_GROUP,cardboard box. brown cardboard box. shipping box.,0.26,0.26,2,0.4498,"[1574.6063232421875, 1017.8505859375, 1683.2432861328125, 1157.7586669921875]",1
frame_0076.png,production,chair,ALL_GROUP,chair. folding chair. outdoor chair. plastic chair.,0.3,0.3,2,0.3406,"[1012.3705444335938, 873.1058349609375, 1135.8824462890625, 1025.103271484375]",1
frame_0076.png,production,traffic cone,ALL_GROUP,traffic cone. road cone. safety cone. orange cone.,0.22,0.22,0,0.0,,0
frame_0076.png,production,prohibition sign,ALL_GROUP,red sign on ground. red circular sign. prohibition sign. red prohibition sign.,0.2,0.2,4,0.4402,"[2455.066650390625, 794.4450073242188, 2583.664306640625, 911.495361328125]",1
frame_0076.png,extras,cardboard_box,cardboard box,cardboard box.,0.2,0.2,2,0.5406,"[1574.7811279296875, 1019.1530151367188, 1687.3521728515625, 1158.218505859375]",1
frame_0076.png,extras,cardboard_box,brown cardboard box,brown cardboard box.,0.2,0.2,2,0.5285,"[1572.4415283203125, 1016.9794311523438, 1686.347412109375, 1159.5091552734375]",1
frame_0076.png,extras,cardboard_box,shipping box,shipping box.,0.2,0.2,4,0.42,"[1576.649658203125, 1021.2687377929688, 1680.7938232421875, 1157.083251953125]",1
frame_0076.png,extras,cardboard_box,small box,small box.,0.2,0.2,2,0.4633,"[1573.876708984375, 1018.659912109375, 1681.6851806640625, 1157.798095703125]",1
frame_0076.png,extras,cardboard_box,package box,package box.,0.2,0.2,2,0.3095,"[1577.0667724609375, 1021.112548828125, 1680.810302734375, 1156.5986328125]",1
frame_0076.png,extras,cardboard_box,stacked box,stacked box.,0.2,0.2,2,0.3585,"[1576.8309326171875, 1021.2312622070312, 1679.388671875, 1156.6575927734375]",1
frame_0076.png,extras,cardboard_box,outdoor cardboard box,outdoor cardboard box.,0.2,0.2,2,0.5027,"[1573.333740234375, 1017.6774291992188, 1689.359619140625, 1159.0631103515625]",1
frame_0076.png,extras,chair,chair,chair.,0.2,0.2,5,0.3499,"[1716.62255859375, 934.1029663085938, 1911.1705322265625, 1184.4127197265625]",1
frame_0076.png,extras,chair,armless chair,armless chair.,0.2,0.2,5,0.3474,"[1010.4533081054688, 871.2109375, 1137.0802001953125, 1026.848876953125]",1
frame_0076.png,extras,chair,outdoor chair,outdoor chair.,0.2,0.2,3,0.4297,"[1712.9788818359375, 928.6913452148438, 1915.51904296875, 1186.7403564453125]",1
frame_0076.png,extras,chair,plastic chair,plastic chair.,0.2,0.2,3,0.4621,"[1711.424072265625, 928.6903076171875, 1915.77490234375, 1186.729248046875]",1
frame_0076.png,extras,chair,folding chair,folding chair.,0.2,0.2,4,0.3568,"[1714.9041748046875, 930.8648681640625, 1914.5762939453125, 1186.449951171875]",1
frame_0076.png,extras,chair,metal chair,metal chair.,0.2,0.2,3,0.4153,"[1010.6891479492188, 870.0155639648438, 1137.7694091796875, 1027.18310546875]",1
frame_0076.png,extras,electric_utility_vehicle,electric utility vehicle,electric utility vehicle.,0.2,0.2,6,0.459,"[1010.914306640625, 872.052490234375, 1133.6693115234375, 1025.9019775390625]",1
frame_0076.png,extras,electric_utility_vehicle,small electric cart,small electric cart.,0.2,0.2,1,0.6064,"[1007.2988891601562, 868.4036254882812, 1140.0228271484375, 1029.2882080078125]",1
frame_0076.png,extras,electric_utility_vehicle,utility vehicle,utility vehicle.,0.2,0.2,5,0.5286,"[1010.7316284179688, 872.3771362304688, 1133.671875, 1025.5924072265625]",1
frame_0076.png,extras,electric_utility_vehicle,golf cart,golf cart.,0.2,0.2,1,0.2469,"[1011.0443725585938, 872.6651611328125, 1134.0440673828125, 1025.4598388671875]",1
frame_0076.png,extras,electric_utility_vehicle,electric cart,electric cart.,0.2,0.2,4,0.411,"[1010.7367553710938, 871.7891235351562, 1134.4217529296875, 1026.20458984375]",1
frame_0076.png,extras,electric_utility_vehicle,small white utility vehicle,small white utility vehicle.,0.2,0.2,1,0.6784,"[1007.1967163085938, 869.7549438476562, 1138.6868896484375, 1028.7664794921875]",1
frame_0076.png,extras,electric_utility_vehicle,white utility cart,white utility cart.,0.2,0.2,1,0.5834,"[1009.668212890625, 869.45068359375, 1137.4442138671875, 1027.49560546875]",1
frame_0076.png,extras,portable_power_station,portable power station,portable power station.,0.2,0.2,7,0.2845,"[1159.52880859375, 294.238037109375, 2017.3096923828125, 970.0632934570312]",1
frame_0076.png,extras,portable_power_station,large power bank,large power bank.,0.2,0.2,3,0.5173,"[1157.235107421875, 293.78314208984375, 2017.1092529296875, 963.60595703125]",1
frame_0076.png,extras,portable_power_station,battery box,battery box.,0.2,0.2,0,0.0,,0
frame_0076.png,extras,portable_power_station,power generator box,power generator box.,0.2,0.2,0,0.0,,0
frame_0076.png,extras,portable_power_station,portable battery,portable battery.,0.2,0.2,4,0.2842,"[2011.081298828125, 504.80560302734375, 2305.10888671875, 998.2008056640625]",1
frame_0076.png,extras,portable_power_station,power station,power station.,0.2,0.2,7,0.3655,"[1158.26904296875, 294.9623718261719, 2015.4752197265625, 967.3670654296875]",1
frame_0076.png,extras,portable_power_station,large battery pack,large battery pack.,0.2,0.2,4,0.4309,"[2006.540283203125, 500.08245849609375, 2310.128173828125, 999.9544677734375]",1
frame_0076.png,extras,rectangular_table,rectangular table,rectangular table.,0.2,0.2,1,0.7938,"[1715.1204833984375, 926.0198974609375, 1915.9622802734375, 1187.2919921875]",1
frame_0076.png,extras,rectangular_table,outdoor table,outdoor table.,0.2,0.2,1,0.731,"[1718.4189453125, 928.048583984375, 1914.370361328125, 1186.9844970703125]",1
frame_0076.png,extras,rectangular_table,long rectangular table,long rectangular table.,0.2,0.2,1,0.7638,"[1715.231201171875, 924.8880615234375, 1917.0263671875, 1187.9739990234375]",1
frame_0076.png,extras,rectangular_table,picnic table,picnic table.,0.2,0.2,2,0.6897,"[1717.4281005859375, 927.0293579101562, 1914.6591796875, 1186.9322509765625]",1
frame_0076.png,extras,rectangular_table,folding table,folding table.,0.2,0.2,1,0.5695,"[1720.492431640625, 931.7116088867188, 1913.3316650390625, 1186.4107666015625]",1
frame_0076.png,extras,rectangular_table,work table,work table.,0.2,0.2,1,0.741,"[1716.2503662109375, 925.286376953125, 1915.5787353515625, 1187.3406982421875]",1
frame_0076.png,extras,rectangular_table,outdoor wooden table,outdoor wooden table.,0.2,0.2,1,0.7851,"[1717.076904296875, 925.272705078125, 1916.679931640625, 1187.5660400390625]",1
frame_0076.png,extras,traffic_cone,traffic cone,traffic cone.,0.2,0.2,1,0.2876,"[1926.055908203125, 941.9048461914062, 1951.728515625, 984.8853149414062]",1
frame_0076.png,extras,traffic_cone,road cone,road cone.,0.2,0.2,1,0.3386,"[252.201416015625, 1150.33203125, 337.562744140625, 1289.024169921875]",1
frame_0076.png,extras,traffic_cone,safety cone,safety cone.,0.2,0.2,1,0.2389,"[253.26266479492188, 1151.7274169921875, 337.297607421875, 1288.0909423828125]",1
frame_0076.png,extras,traffic_cone,orange cone,orange cone.,0.2,0.2,1,0.2405,"[1922.719970703125, 938.7733764648438, 1955.343994140625, 988.9888305664062]",1
frame_0076.png,extras,traffic_cone,construction cone,construction cone.,0.2,0.2,5,0.2758,"[1573.3709716796875, 764.021240234375, 1915.1195068359375, 1190.278076171875]",1
frame_0076.png,extras,traffic_cone,orange traffic cone,orange traffic cone.,0.2,0.2,2,0.3546,"[1920.2259521484375, 935.0703735351562, 1954.954833984375, 989.9528198242188]",1
frame_0076.png,extras,trolley,trolley,trolley.,0.2,0.2,3,0.5836,"[1011.049560546875, 874.9555053710938, 1131.3642578125, 1024.2291259765625]",1
frame_0076.png,extras,trolley,hand cart,hand cart.,0.2,0.2,3,0.4619,"[1011.1746215820312, 872.9390869140625, 1133.4691162109375, 1025.4661865234375]",1
frame_0076.png,extras,trolley,hand truck,hand truck.,0.2,0.2,5,0.3919,"[1011.6575927734375, 873.3672485351562, 1131.884033203125, 1024.7388916015625]",1
frame_0076.png,extras,trolley,luggage cart,luggage cart.,0.2,0.2,4,0.5264,"[1010.9310913085938, 872.0172119140625, 1134.3123779296875, 1025.508056640625]",1
frame_0076.png,extras,trolley,flatbed cart,flatbed cart.,0.2,0.2,1,0.5459,"[1010.3253784179688, 872.373291015625, 1135.0557861328125, 1026.2747802734375]",1
frame_0076.png,extras,trolley,push cart,push cart.,0.2,0.2,5,0.5161,"[1010.6017456054688, 872.5455932617188, 1134.014404296875, 1026.017333984375]",1
frame_0076.png,extras,trolley,utility cart,utility cart.,0.2,0.2,4,0.5065,"[1010.7339477539062, 871.5509033203125, 1134.7796630859375, 1026.51025390625]",1
frame_0076.png,extras,trolley,metal trolley,metal trolley.,0.2,0.2,2,0.4863,"[1010.2315673828125, 870.7391967773438, 1135.858642578125, 1026.34130859375]",1
frame_0077.png,production,trailer,ALL_GROUP,utility trailer. open trailer. vehicle trailer. covered trailer.,0.18,0.18,6,0.4676,"[1072.4345703125, 867.6253051757812, 1211.29443359375, 1035.5185546875]",1
frame_0077.png,production,electric utility vehicle+electric wheelchair+electric scooter,ALL_GROUP,electric utility vehicle. small electric cart. golf cart. white utility vehicle. powered mobility scooter. motorized wheelchair. mobility chair. electric wheelchair. two-wheeled scooter. stand-up scooter. electric kick scooter. kick scooter.,0.2,0.2,3,0.2982,"[1068.01904296875, 859.38232421875, 1210.748291015625, 1036.460205078125]",1
frame_0077.png,production,trolley,ALL_GROUP,trolley. hand cart. utility cart. push cart.,0.22,0.22,2,0.3355,"[1069.882080078125, 865.2723999023438, 1208.6231689453125, 1034.90673828125]",1
frame_0077.png,production,pair of ramps+basketball,ALL_GROUP,metal ramps on ground. two metal ramps. pair of ramps. vehicle loading ramp. round orange ball. rubber ball on ground. sports ball. basketball.,0.18,0.18,14,0.5826,"[1858.065673828125, 1076.0888671875, 2041.1312255859375, 1252.688232421875]",1
frame_0077.png,production,portable power station+umbrella,ALL_GROUP,portable power station. large power bank. battery box. power generator box. folded umbrella. open umbrella. shade umbrella. umbrella.,0.2,0.2,1,0.3296,"[1247.617431640625, 280.58740234375, 2153.83935546875, 966.5132446289062]",1
frame_0077.png,production,rectangular table,ALL_GROUP,rectangular table. outdoor table. picnic table. folding table.,0.24,0.24,3,0.36,"[1936.3843994140625, 927.2991333007812, 2187.042724609375, 1273.399658203125]",1
frame_0077.png,production,cardboard box,ALL_GROUP,cardboard box. brown cardboard box. shipping box.,0.26,0.26,3,0.4983,"[1735.1180419921875, 1040.960205078125, 1888.4442138671875, 1225.166015625]",1
frame_0077.png,production,chair,ALL_GROUP,chair. folding chair. outdoor chair. plastic chair.,0.3,0.3,0,0.0,,0
frame_0077.png,production,traffic cone,ALL_GROUP,traffic cone. road cone. safety cone. orange cone.,0.22,0.22,0,0.0,,0
frame_0077.png,production,prohibition sign,ALL_GROUP,red sign on ground. red circular sign. prohibition sign. red prohibition sign.,0.2,0.2,4,0.339,"[2696.66357421875, 449.15106201171875, 2821.144287109375, 501.2781677246094]",1
frame_0077.png,extras,cardboard_box,cardboard box,cardboard box.,0.2,0.2,1,0.7093,"[1736.343505859375, 1042.177001953125, 1888.4886474609375, 1225.218017578125]",1
frame_0077.png,extras,cardboard_box,brown cardboard box,brown cardboard box.,0.2,0.2,1,0.6912,"[1734.0616455078125, 1040.0965576171875, 1888.9232177734375, 1226.5682373046875]",1
frame_0077.png,extras,cardboard_box,shipping box,shipping box.,0.2,0.2,1,0.5557,"[1737.160888671875, 1043.4786376953125, 1885.6304931640625, 1224.6617431640625]",1
frame_0077.png,extras,cardboard_box,small box,small box.,0.2,0.2,1,0.7485,"[1735.546875, 1041.111083984375, 1885.998046875, 1226.15234375]",1
frame_0077.png,extras,cardboard_box,package box,package box.,0.2,0.2,1,0.4201,"[1737.541015625, 1043.998291015625, 1885.782958984375, 1224.3203125]",1
frame_0077.png,extras,cardboard_box,stacked box,stacked box.,0.2,0.2,1,0.5195,"[1737.334716796875, 1043.853271484375, 1885.4581298828125, 1224.3409423828125]",1
frame_0077.png,extras,cardboard_box,outdoor cardboard box,outdoor cardboard box.,0.2,0.2,2,0.6116,"[1734.108642578125, 1039.855224609375, 1890.21435546875, 1226.37451171875]",1
frame_0077.png,extras,chair,chair,chair.,0.2,0.2,6,0.3378,"[1938.8328857421875, 931.7718505859375, 2184.405517578125, 1274.283447265625]",1
frame_0077.png,extras,chair,armless chair,armless chair.,0.2,0.2,4,0.352,"[1912.8297119140625, 713.0980224609375, 2191.882080078125, 1276.1109619140625]",1
frame_0077.png,extras,chair,outdoor chair,outdoor chair.,0.2,0.2,3,0.3811,"[1928.7486572265625, 923.3976440429688, 2189.18115234375, 1275.9088134765625]",1
frame_0077.png,extras,chair,plastic chair,plastic chair.,0.2,0.2,2,0.4403,"[1914.594970703125, 713.8389282226562, 2190.950927734375, 1274.9625244140625]",1
frame_0077.png,extras,chair,folding chair,folding chair.,0.2,0.2,4,0.3909,"[1919.058837890625, 714.2359619140625, 2188.431640625, 1275.6082763671875]",1
frame_0077.png,extras,chair,metal chair,metal chair.,0.2,0.2,4,0.404,"[1078.8604736328125, 866.2349853515625, 1211.086181640625, 1035.2860107421875]",1
frame_0077.png,extras,electric_utility_vehicle,electric utility vehicle,electric utility vehicle.,0.2,0.2,2,0.5159,"[1072.6201171875, 869.9606323242188, 1207.8839111328125, 1034.00732421875]",1
frame_0077.png,extras,electric_utility_vehicle,small electric cart,small electric cart.,0.2,0.2,1,0.7433,"[1067.553466796875, 859.6763305664062, 1212.741455078125, 1037.7510986328125]",1
frame_0077.png,extras,electric_utility_vehicle,utility vehicle,utility vehicle.,0.2,0.2,2,0.6076,"[1070.5689697265625, 869.5234985351562, 1207.73779296875, 1034.2099609375]",1
frame_0077.png,extras,electric_utility_vehicle,golf cart,golf cart.,0.2,0.2,1,0.2612,"[1072.7080078125, 868.1524047851562, 1207.7130126953125, 1034.0657958984375]",1
frame_0077.png,extras,electric_utility_vehicle,electric cart,electric cart.,0.2,0.2,1,0.5371,"[1070.607421875, 864.7919311523438, 1208.7469482421875, 1034.9814453125]",1
frame_0077.png,extras,electric_utility_vehicle,small white utility vehicle,small white utility vehicle.,0.2,0.2,1,0.7734,"[1074.2391357421875, 867.4613037109375, 1211.8424072265625, 1036.3583984375]",1
frame_0077.png,extras,electric_utility_vehicle,white utility cart,white utility cart.,0.2,0.2,1,0.745,"[1074.5087890625, 861.6929321289062, 1211.22314453125, 1035.696533203125]",1
frame_0077.png,extras,portable_power_station,portable power station,portable power station.,0.2,0.2,7,0.3378,"[1249.952880859375, 278.7950439453125, 2151.833984375, 969.322021484375]",1
frame_0077.png,extras,portable_power_station,large power bank,large power bank.,0.2,0.2,3,0.6118,"[1247.9520263671875, 279.1534729003906, 2152.92919921875, 965.773681640625]",1
frame_0077.png,extras,portable_power_station,battery box,battery box.,0.2,0.2,1,0.299,"[1737.8956298828125, 1044.4073486328125, 1882.8746337890625, 1224.409423828125]",1
frame_0077.png,extras,portable_power_station,power generator box,power generator box.,0.2,0.2,2,0.2451,"[30.609750747680664, 1215.8385009765625, 122.63203430175781, 1383.797607421875]",1
frame_0077.png,extras,portable_power_station,portable battery,portable battery.,0.2,0.2,4,0.3005,"[35.48942947387695, 1222.3275146484375, 99.80836486816406, 1311.608642578125]",1
frame_0077.png,extras,portable_power_station,power station,power station.,0.2,0.2,6,0.4089,"[1247.521484375, 281.3042297363281, 2150.927734375, 967.64697265625]",1
frame_0077.png,extras,portable_power_station,large battery pack,large battery pack.,0.2,0.2,6,0.365,"[1733.4871826171875, 1039.8031005859375, 1888.818115234375, 1226.7362060546875]",1
frame_0077.png,extras,rectangular_table,rectangular table,rectangular table.,0.2,0.2,1,0.7906,"[1933.5482177734375, 922.3309326171875, 2189.8916015625, 1276.314697265625]",1
frame_0077.png,extras,rectangular_table,outdoor table,outdoor table.,0.2,0.2,1,0.7442,"[1935.2633056640625, 924.4285278320312, 2188.22900390625, 1275.947021484375]",1
frame_0077.png,extras,rectangular_table,long rectangular table,long rectangular table.,0.2,0.2,1,0.7678,"[1932.1270751953125, 920.4718017578125, 2191.499267578125, 1277.135009765625]",1
frame_0077.png,extras,rectangular_table,picnic table,picnic table.,0.2,0.2,2,0.7143,"[1934.587158203125, 923.0491333007812, 2188.696533203125, 1275.8031005859375]",1
frame_0077.png,extras,rectangular_table,folding table,folding table.,0.2,0.2,1,0.6283,"[1938.33251953125, 928.950439453125, 2186.990478515625, 1275.319091796875]",1
frame_0077.png,extras,rectangular_table,work table,work table.,0.2,0.2,2,0.7446,"[1933.689697265625, 921.2144775390625, 2189.74462890625, 1276.2574462890625]",1
frame_0077.png,extras,rectangular_table,outdoor wooden table,outdoor wooden table.,0.2,0.2,1,0.782,"[1934.461181640625, 920.8099365234375, 2190.7880859375, 1276.5257568359375]",1
frame_0077.png,extras,traffic_cone,traffic cone,traffic cone.,0.2,0.2,2,0.2368,"[2426.83056640625, 953.8389892578125, 2473.16845703125, 1015.7296142578125]",1
frame_0077.png,extras,traffic_cone,road cone,road cone.,0.2,0.2,2,0.3613,"[30.490375518798828, 1215.493408203125, 134.7567138671875, 1389.3477783203125]",1
frame_0077.png,extras,traffic_cone,safety cone,safety cone.,0.2,0.2,1,0.2976,"[31.41335678100586, 1216.454345703125, 134.67074584960938, 1388.1209716796875]",1
frame_0077.png,extras,traffic_cone,orange cone,orange cone.,0.2,0.2,3,0.3105,"[1736.5611572265625, 1042.2120361328125, 1884.247314453125, 1224.4100341796875]",1
frame_0077.png,extras,traffic_cone,construction cone,construction cone.,0.2,0.2,4,0.3441,"[30.052682876586914, 1215.785400390625, 135.94090270996094, 1389.5631103515625]",1
frame_0077.png,extras,traffic_cone,orange traffic cone,orange traffic cone.,0.2,0.2,5,0.3353,"[27.57514190673828, 1213.49169921875, 137.4862518310547, 1390.4136962890625]",1
frame_0077.png,extras,trolley,trolley,trolley.,0.2,0.2,1,0.6311,"[1073.4957275390625, 871.127197265625, 1205.721923828125, 1032.52978515625]",1
frame_0077.png,extras,trolley,hand cart,hand cart.,0.2,0.2,2,0.517,"[1072.23583984375, 866.575927734375, 1208.2493896484375, 1034.2601318359375]",1
frame_0077.png,extras,trolley,hand truck,hand truck.,0.2,0.2,1,0.4633,"[1079.1507568359375, 871.4392700195312, 1206.7818603515625, 1033.113037109375]",1
frame_0077.png,extras,trolley,luggage cart,luggage cart.,0.2,0.2,1,0.5902,"[1070.9381103515625, 864.1339111328125, 1208.31103515625, 1034.4014892578125]",1
frame_0077.png,extras,trolley,flatbed cart,flatbed cart.,0.2,0.2,1,0.6323,"[1071.080810546875, 866.7219848632812, 1209.3463134765625, 1034.7615966796875]",1
frame_0077.png,extras,trolley,push cart,push cart.,0.2,0.2,1,0.5741,"[1070.7479248046875, 865.5354614257812, 1208.4326171875, 1034.950927734375]",1
frame_0077.png,extras,trolley,utility cart,utility cart.,0.2,0.2,1,0.6085,"[1072.201416015625, 864.5302124023438, 1209.774658203125, 1035.3912353515625]",1
frame_0077.png,extras,trolley,metal trolley,metal trolley.,0.2,0.2,1,0.7034,"[1070.7303466796875, 864.2799682617188, 1210.4361572265625, 1035.3341064453125]",1
frame_0078.png,production,trailer,ALL_GROUP,utility trailer. open trailer. vehicle trailer. covered trailer.,0.18,0.18,8,0.4121,"[1142.3355712890625, 865.8646240234375, 1292.7593994140625, 1040.2510986328125]",1
frame_0078.png,production,electric utility vehicle+electric wheelchair+electric scooter,ALL_GROUP,electric utility vehicle. small electric cart. golf cart. white utility vehicle. powered mobility scooter. motorized wheelchair. mobility chair. electric wheelchair. two-wheeled scooter. stand-up scooter. electric kick scooter. kick scooter.,0.2,0.2,3,0.3088,"[1140.8153076171875, 860.5145874023438, 1293.778564453125, 1040.886962890625]",1
frame_0078.png,production,trolley,ALL_GROUP,trolley. hand cart. utility cart. push cart.,0.22,0.22,2,0.344,"[1142.589599609375, 864.157470703125, 1290.6846923828125, 1038.773681640625]",1
frame_0078.png,production,pair of ramps+basketball,ALL_GROUP,metal ramps on ground. two metal ramps. pair of ramps. vehicle loading ramp. round orange ball. rubber ball on ground. sports ball. basketball.,0.18,0.18,19,0.6255,"[2119.5859375, 1121.6822509765625, 2362.112548828125, 1346.6998291015625]",1
frame_0078.png,production,portable power station+umbrella,ALL_GROUP,portable power station. large power bank. battery box. power generator box. folded umbrella. open umbrella. shade umbrella. umbrella.,0.2,0.2,1,0.385,"[1328.58056640625, 264.36932373046875, 2286.877197265625, 972.6815795898438]",1
frame_0078.png,production,rectangular table,ALL_GROUP,rectangular table. outdoor table. picnic table. folding table.,0.24,0.24,3,0.3584,"[2187.31982421875, 924.7662963867188, 2524.66650390625, 1386.3800048828125]",1
frame_0078.png,production,cardboard box,ALL_GROUP,cardboard box. brown cardboard box. shipping box.,0.26,0.26,3,0.4235,"[1939.8653564453125, 1068.3577880859375, 2164.734130859375, 1307.9898681640625]",1
frame_0078.png,production,chair,ALL_GROUP,chair. folding chair. outdoor chair. plastic chair.,0.3,0.3,1,0.3294,"[2180.060546875, 922.26611328125, 2527.057861328125, 1387.6771240234375]",1
frame_0078.png,production,traffic cone,ALL_GROUP,traffic cone. road cone. safety cone. orange cone.,0.22,0.22,0,0.0,,0
frame_0078.png,production,prohibition sign,ALL_GROUP,red sign on ground. red circular sign. prohibition sign. red prohibition sign.,0.2,0.2,3,0.2657,"[2118.119140625, 1119.9239501953125, 2363.564208984375, 1350.2283935546875]",1
frame_0078.png,extras,cardboard_box,cardboard box,cardboard box.,0.2,0.2,1,0.7569,"[1939.4273681640625, 1067.2193603515625, 2169.276123046875, 1309.2728271484375]",1
frame_0078.png,extras,cardboard_box,brown cardboard box,brown cardboard box.,0.2,0.2,1,0.7586,"[1937.3682861328125, 1065.8299560546875, 2168.634521484375, 1310.5052490234375]",1
frame_0078.png,extras,cardboard_box,shipping box,shipping box.,0.2,0.2,1,0.6382,"[1940.7852783203125, 1069.32666015625, 2165.238525390625, 1308.78125]",1
frame_0078.png,extras,cardboard_box,small box,small box.,0.2,0.2,1,0.7671,"[1939.0264892578125, 1066.8682861328125, 2167.815673828125, 1309.7607421875]",1
frame_0078.png,extras,cardboard_box,package box,package box.,0.2,0.2,1,0.4763,"[1941.1016845703125, 1069.6123046875, 2166.228759765625, 1308.1041259765625]",1
frame_0078.png,extras,cardboard_box,stacked box,stacked box.,0.2,0.2,1,0.5662,"[1940.9862060546875, 1069.5736083984375, 2166.694091796875, 1308.5086669921875]",1
frame_0078.png,extras,cardboard_box,outdoor cardboard box,outdoor cardboard box.,0.2,0.2,1,0.6194,"[1937.185546875, 1065.115478515625, 2171.9072265625, 1309.988037109375]",1
frame_0078.png,extras,chair,chair,chair.,0.2,0.2,3,0.2901,"[2180.432861328125, 928.1193237304688, 2522.720458984375, 1387.1322021484375]",1
frame_0078.png,extras,chair,armless chair,armless chair.,0.2,0.2,3,0.4113,"[2177.377197265625, 921.5625610351562, 2528.66748046875, 1388.9130859375]",1
frame_0078.png,extras,chair,outdoor chair,outdoor chair.,0.2,0.2,3,0.4072,"[2153.973876953125, 641.1076049804688, 2529.446044921875, 1387.5853271484375]",1
frame_0078.png,extras,chair,plastic chair,plastic chair.,0.2,0.2,3,0.4287,"[2177.3056640625, 921.1229858398438, 2527.47119140625, 1388.4256591796875]",1
frame_0078.png,extras,chair,folding chair,folding chair.,0.2,0.2,3,0.3717,"[2169.001708984375, 641.7942504882812, 2527.142578125, 1388.2960205078125]",1
frame_0078.png,extras,chair,metal chair,metal chair.,0.2,0.2,3,0.379,"[2131.468994140625, 639.515380859375, 2533.557373046875, 1388.85498046875]",1
frame_0078.png,extras,electric_utility_vehicle,electric utility vehicle,electric utility vehicle.,0.2,0.2,1,0.5131,"[1142.546142578125, 866.9701538085938, 1289.9832763671875, 1038.37744140625]",1
frame_0078.png,extras,electric_utility_vehicle,small electric cart,small electric cart.,0.2,0.2,1,0.7826,"[1139.61865234375, 861.3836059570312, 1295.3883056640625, 1042.04052734375]",1
frame_0078.png,extras,electric_utility_vehicle,utility vehicle,utility vehicle.,0.2,0.2,1,0.629,"[1142.3524169921875, 866.0419921875, 1290.038818359375, 1038.2681884765625]",1
frame_0078.png,extras,electric_utility_vehicle,golf cart,golf cart.,0.2,0.2,1,0.2488,"[1144.1458740234375, 865.0106811523438, 1290.18896484375, 1038.4390869140625]",1
frame_0078.png,extras,electric_utility_vehicle,electric cart,electric cart.,0.2,0.2,1,0.5429,"[1142.34814453125, 863.5210571289062, 1291.444091796875, 1039.6334228515625]",1
frame_0078.png,extras,electric_utility_vehicle,small white utility vehicle,small white utility vehicle.,0.2,0.2,1,0.7951,"[1140.2677001953125, 901.736572265625, 1293.5220947265625, 1042.28076171875]",1
frame_0078.png,extras,electric_utility_vehicle,white utility cart,white utility cart.,0.2,0.2,1,0.6885,"[1141.3145751953125, 863.6749267578125, 1293.2366943359375, 1041.01220703125]",1
frame_0078.png,extras,portable_power_station,portable power station,portable power station.,0.2,0.2,5,0.3846,"[1330.749267578125, 266.8706359863281, 2285.43701171875, 975.0633544921875]",1
frame_0078.png,extras,portable_power_station,large power bank,large power bank.,0.2,0.2,1,0.66,"[1328.486328125, 263.47747802734375, 2285.93896484375, 972.0908813476562]",1
frame_0078.png,extras,portable_power_station,battery box,battery box.,0.2,0.2,1,0.3657,"[1941.5040283203125, 1069.9351806640625, 2163.085205078125, 1308.1357421875]",1
frame_0078.png,extras,portable_power_station,power generator box,power generator box.,0.2,0.2,1,0.3009,"[1940.61279296875, 1068.447021484375, 2163.20361328125, 1308.3316650390625]",1
frame_0078.png,extras,portable_power_station,portable battery,portable battery.,0.2,0.2,1,0.2936,"[1940.7349853515625, 1069.322265625, 2162.74462890625, 1308.61669921875]",1
frame_0078.png,extras,portable_power_station,power station,power station.,0.2,0.2,5,0.4403,"[1331.3985595703125, 267.57177734375, 2285.60986328125, 974.0086059570312]",1
frame_0078.png,extras,portable_power_station,large battery pack,large battery pack.,0.2,0.2,3,0.4615,"[1936.5186767578125, 1065.5484619140625, 2165.969970703125, 1310.662841796875]",1
frame_0078.png,extras,rectangular_table,rectangular table,rectangular table.,0.2,0.2,1,0.8193,"[2182.8896484375, 920.2125244140625, 2526.88427734375, 1388.534912109375]",1
frame_0078.png,extras,rectangular_table,outdoor table,outdoor table.,0.2,0.2,1,0.7692,"[2190.246337890625, 922.346435546875, 2525.31640625, 1388.220947265625]",1
frame_0078.png,extras,rectangular_table,long rectangular table,long rectangular table.,0.2,0.2,1,0.7967,"[2181.63916015625, 918.6405029296875, 2528.258544921875, 1389.3529052734375]",1
frame_0078.png,extras,rectangular_table,picnic table,picnic table.,0.2,0.2,2,0.6867,"[2189.204345703125, 920.5916748046875, 2526.50537109375, 1388.27392578125]",1
frame_0078.png,extras,rectangular_table,folding table,folding table.,0.2,0.2,1,0.644,"[2190.646240234375, 926.5829467773438, 2524.613037109375, 1388.046142578125]",1
frame_0078.png,extras,rectangular_table,work table,work table.,0.2,0.2,2,0.7251,"[2187.218017578125, 918.3790283203125, 2527.285888671875, 1388.63232421875]",1
frame_0078.png,extras,rectangular_table,outdoor wooden table,outdoor wooden table.,0.2,0.2,1,0.8025,"[2184.78271484375, 918.5984497070312, 2528.265380859375, 1389.027099609375]",1
frame_0078.png,extras,traffic_cone,traffic cone,traffic cone.,0.2,0.2,1,0.2033,"[2069.86181640625, 640.50830078125, 2300.533203125, 1181.240966796875]",1
frame_0078.png,extras,traffic_cone,road cone,road cone.,0.2,0.2,2,0.2473,"[2067.703369140625, 638.4683227539062, 2303.0263671875, 1183.702392578125]",1
frame_0078.png,extras,traffic_cone,safety cone,safety cone.,0.2,0.2,3,0.2191,"[2127.35888671875, 1128.6895751953125, 2357.160400390625, 1343.493408203125]",1
frame_0078.png,extras,traffic_cone,orange cone,orange cone.,0.2,0.2,2,0.357,"[1939.7447509765625, 1067.965576171875, 2162.746826171875, 1308.3740234375]",1
frame_0078.png,extras,traffic_cone,construction cone,construction cone.,0.2,0.2,5,0.2971,"[1939.511962890625, 639.2628173828125, 2303.274169921875, 1309.145751953125]",1
frame_0078.png,extras,traffic_cone,orange traffic cone,orange traffic cone.,0.2,0.2,3,0.3074,"[1937.2298583984375, 1065.5760498046875, 2164.48046875, 1309.019287109375]",1
frame_0078.png,extras,trolley,trolley,trolley.,0.2,0.2,1,0.6422,"[1142.3978271484375, 866.6881103515625, 1287.64501953125, 1035.370361328125]",1
frame_0078.png,extras,trolley,hand cart,hand cart.,0.2,0.2,2,0.5656,"[1142.9554443359375, 864.2603759765625, 1290.2255859375, 1038.4954833984375]",1
frame_0078.png,extras,trolley,hand truck,hand truck.,0.2,0.2,2,0.4441,"[1143.27978515625, 867.7815551757812, 1288.75146484375, 1037.3099365234375]",1
frame_0078.png,extras,trolley,luggage cart,luggage cart.,0.2,0.2,2,0.6383,"[1142.4189453125, 863.468994140625, 1290.5975341796875, 1038.253173828125]",1
frame_0078.png,extras,trolley,flatbed cart,flatbed cart.,0.2,0.2,1,0.6275,"[1141.428466796875, 866.864013671875, 1291.2042236328125, 1038.9342041015625]",1
frame_0078.png,extras,trolley,push cart,push cart.,0.2,0.2,1,0.6014,"[1142.1326904296875, 864.0083618164062, 1290.537841796875, 1038.93017578125]",1
frame_0078.png,extras,trolley,utility cart,utility cart.,0.2,0.2,1,0.6339,"[1142.099853515625, 863.2381591796875, 1291.879638671875, 1039.8404541015625]",1
frame_0078.png,extras,trolley,metal trolley,metal trolley.,0.2,0.2,1,0.7337,"[1142.032958984375, 863.2247314453125, 1292.484130859375, 1039.8121337890625]",1
frame_0079.png,production,trailer,ALL_GROUP,utility trailer. open trailer. vehicle trailer. covered trailer.,0.18,0.18,7,0.5191,"[1210.5955810546875, 860.0252075195312, 1367.77197265625, 1040.7113037109375]",1
frame_0079.png,production,electric utility vehicle+electric wheelchair+electric scooter,ALL_GROUP,electric utility vehicle. small electric cart. golf cart. white utility vehicle. powered mobility scooter. motorized wheelchair. mobility chair. electric wheelchair. two-wheeled scooter. stand-up scooter. electric kick scooter. kick scooter.,0.2,0.2,2,0.3187,"[1207.779296875, 857.3519287109375, 1369.317626953125, 1041.5699462890625]",1
frame_0079.png,production,trolley,ALL_GROUP,trolley. hand cart. utility cart. push cart.,0.22,0.22,2,0.338,"[1211.2767333984375, 860.1310424804688, 1366.1881103515625, 1039.8580322265625]",1
frame_0079.png,production,pair of ramps+basketball,ALL_GROUP,metal ramps on ground. two metal ramps. pair of ramps. vehicle loading ramp. round orange ball. rubber ball on ground. sports ball. basketball.,0.18,0.18,19,0.5638,"[2424.9619140625, 1176.419189453125, 2742.725341796875, 1462.713134765625]",1
frame_0079.png,production,portable power station+umbrella,ALL_GROUP,portable power station. large power bank. battery box. power generator box. folded umbrella. open umbrella. shade umbrella. umbrella.,0.2,0.2,1,0.3598,"[1402.88720703125, 246.93992614746094, 2410.0546875, 974.9605712890625]",1
frame_0079.png,production,rectangular table,ALL_GROUP,rectangular table. outdoor table. picnic table. folding table.,0.24,0.24,4,0.3746,"[2485.193359375, 922.6589965820312, 2877.8154296875, 1521.483642578125]",1
frame_0079.png,production,cardboard box,ALL_GROUP,cardboard box. brown cardboard box. shipping box.,0.26,0.26,3,0.4371,"[2172.7578125, 1099.14013671875, 2438.053955078125, 1410.3685302734375]",1
frame_0079.png,production,chair,ALL_GROUP,chair. folding chair. outdoor chair. plastic chair.,0.3,0.3,1,0.3578,"[2482.299560546875, 922.780517578125, 2878.812255859375, 1524.1324462890625]",1
frame_0079.png,production,traffic cone,ALL_GROUP,traffic cone. road cone. safety cone. orange cone.,0.22,0.22,1,0.366,"[2276.499267578125, 923.46044921875, 2316.14892578125, 995.3497314453125]",1
frame_0079.png,production,prohibition sign,ALL_GROUP,red sign on ground. red circular sign. prohibition sign. red prohibition sign.,0.2,0.2,4,0.382,"[2424.118896484375, 1175.18017578125, 2745.0322265625, 1465.41064453125]",1
frame_0079.png,extras,cardboard_box,cardboard box,cardboard box.,0.2,0.2,1,0.7766,"[2172.672119140625, 1098.7679443359375, 2442.129150390625, 1411.1195068359375]",1
frame_0079.png,extras,cardboard_box,brown cardboard box,brown cardboard box.,0.2,0.2,1,0.7943,"[2170.3447265625, 1096.8153076171875, 2442.213134765625, 1412.362060546875]",1
frame_0079.png,extras,cardboard_box,shipping box,shipping box.,0.2,0.2,1,0.6264,"[2174.32958984375, 1100.8853759765625, 2437.774658203125, 1410.8970947265625]",1
frame_0079.png,extras,cardboard_box,small box,small box.,0.2,0.2,1,0.8107,"[2171.991455078125, 1097.8516845703125, 2441.91552734375, 1411.951904296875]",1
frame_0079.png,extras,cardboard_box,package box,package box.,0.2,0.2,1,0.4868,"[2174.36181640625, 1101.1048583984375, 2438.6630859375, 1410.859130859375]",1
frame_0079.png,extras,cardboard_box,stacked box,stacked box.,0.2,0.2,1,0.5589,"[2173.99560546875, 1101.189208984375, 2437.6298828125, 1410.9556884765625]",1
frame_0079.png,extras,cardboard_box,outdoor cardboard box,outdoor cardboard box.,0.2,0.2,1,0.6504,"[2170.4921875, 1096.447998046875, 2445.09619140625, 1412.1064453125]",1
frame_0079.png,extras,chair,chair,chair.,0.2,0.2,3,0.2934,"[2481.900390625, 926.2600708007812, 2878.201171875, 1523.9979248046875]",1
frame_0079.png,extras,chair,armless chair,armless chair.,0.2,0.2,3,0.453,"[2478.779541015625, 557.1787109375, 2877.294677734375, 1523.8570556640625]",1
frame_0079.png,extras,chair,outdoor chair,outdoor chair.,0.2,0.2,2,0.4623,"[2480.379638671875, 920.9387817382812, 2877.9736328125, 1525.16552734375]",1
frame_0079.png,extras,chair,plastic chair,plastic chair.,0.2,0.2,3,0.4485,"[2480.156982421875, 920.9345703125, 2877.8359375, 1524.9559326171875]",1
frame_0079.png,extras,chair,folding chair,folding chair.,0.2,0.2,2,0.3917,"[2480.974609375, 557.27001953125, 2878.681640625, 1525.0963134765625]",1
frame_0079.png,extras,chair,metal chair,metal chair.,0.2,0.2,3,0.5072,"[1210.40185546875, 857.6277465820312, 1369.29931640625, 1041.0220947265625]",1
frame_0079.png,extras,electric_utility_vehicle,electric utility vehicle,electric utility vehicle.,0.2,0.2,1,0.4714,"[1211.555908203125, 861.3997192382812, 1365.3316650390625, 1038.8853759765625]",1
frame_0079.png,extras,electric_utility_vehicle,small electric cart,small electric cart.,0.2,0.2,1,0.8633,"[1207.3172607421875, 855.9666748046875, 1371.587646484375, 1043.3177490234375]",1
frame_0079.png,extras,electric_utility_vehicle,utility vehicle,utility vehicle.,0.2,0.2,1,0.598,"[1211.253173828125, 861.2752685546875, 1365.3350830078125, 1038.874267578125]",1
frame_0079.png,extras,electric_utility_vehicle,golf cart,golf cart.,0.2,0.2,1,0.2048,"[1211.48828125, 860.7898559570312, 1365.548095703125, 1039.166015625]",1
frame_0079.png,extras,electric_utility_vehicle,electric cart,electric cart.,0.2,0.2,1,0.5139,"[1210.314453125, 859.1456909179688, 1367.1385498046875, 1040.8345947265625]",1
frame_0079.png,extras,electric_utility_vehicle,small white utility vehicle,small white utility vehicle.,0.2,0.2,1,0.7319,"[1208.4461669921875, 859.3009033203125, 1368.99951171875, 1042.44091796875]",1
frame_0079.png,extras,electric_utility_vehicle,white utility cart,white utility cart.,0.2,0.2,1,0.7887,"[1210.0294189453125, 857.5069580078125, 1368.579833984375, 1041.892333984375]",1
frame_0079.png,extras,portable_power_station,portable power station,portable power station.,0.2,0.2,5,0.351,"[1406.2843017578125, 247.69105529785156, 2388.922119140625, 975.6522827148438]",1
frame_0079.png,extras,portable_power_station,large power bank,large power bank.,0.2,0.2,3,0.5851,"[1402.4217529296875, 246.65289306640625, 2412.80078125, 972.0991821289062]",1
frame_0079.png,extras,portable_power_station,battery box,battery box.,0.2,0.2,1,0.3819,"[2174.398193359375, 1101.778076171875, 2437.4052734375, 1410.6170654296875]",1
frame_0079.png,extras,portable_power_station,power generator box,power generator box.,0.2,0.2,1,0.3198,"[2173.15087890625, 1100.51708984375, 2436.5576171875, 1411.0390625]",1
frame_0079.png,extras,portable_power_station,portable battery,portable battery.,0.2,0.2,4,0.3296,"[2173.460205078125, 1100.9197998046875, 2436.06591796875, 1411.4560546875]",1
frame_0079.png,extras,portable_power_station,power station,power station.,0.2,0.2,5,0.4132,"[1406.224365234375, 247.45619201660156, 2408.5380859375, 975.4583740234375]",1
frame_0079.png,extras,portable_power_station,large battery pack,large battery pack.,0.2,0.2,4,0.4817,"[2169.10498046875, 1096.830078125, 2439.37353515625, 1413.3157958984375]",1
frame_0079.png,extras,rectangular_table,rectangular table,rectangular table.,0.2,0.2,1,0.8421,"[2480.82421875, 920.9180908203125, 2877.504150390625, 1523.857421875]",1
frame_0079.png,extras,rectangular_table,outdoor table,outdoor table.,0.2,0.2,1,0.7893,"[2484.65380859375, 922.3457641601562, 2878.24365234375, 1523.9835205078125]",1
frame_0079.png,extras,rectangular_table,long rectangular table,long rectangular table.,0.2,0.2,1,0.8123,"[2479.542724609375, 919.2628784179688, 2876.7998046875, 1524.3427734375]",1
frame_0079.png,extras,rectangular_table,picnic table,picnic table.,0.2,0.2,1,0.6854,"[2484.9921875, 920.8688354492188, 2877.188720703125, 1524.2235107421875]",1
frame_0079.png,extras,rectangular_table,folding table,folding table.,0.2,0.2,1,0.6673,"[2487.818115234375, 924.8895874023438, 2879.029296875, 1524.022705078125]",1
frame_0079.png,extras,rectangular_table,work table,work table.,0.2,0.2,1,0.7219,"[2484.4560546875, 919.3230590820312, 2877.22802734375, 1524.1856689453125]",1
frame_0079.png,extras,rectangular_table,outdoor wooden table,outdoor wooden table.,0.2,0.2,1,0.8248,"[2480.2109375, 919.2014770507812, 2876.47900390625, 1524.3468017578125]",1
frame_0079.png,extras,traffic_cone,traffic cone,traffic cone.,0.2,0.2,1,0.5774,"[2279.549560546875, 925.6947631835938, 2310.328857421875, 990.732666015625]",1
frame_0079.png,extras,traffic_cone,road cone,road cone.,0.2,0.2,2,0.3716,"[2276.894775390625, 923.6332397460938, 2315.6728515625, 994.7890625]",1
frame_0079.png,extras,traffic_cone,safety cone,safety cone.,0.2,0.2,1,0.3787,"[2277.823486328125, 924.9229125976562, 2313.968505859375, 993.6387329101562]",1
frame_0079.png,extras,traffic_cone,orange cone,orange cone.,0.2,0.2,1,0.5136,"[2277.0048828125, 924.6429443359375, 2314.960693359375, 993.5845336914062]",1
frame_0079.png,extras,traffic_cone,construction cone,construction cone.,0.2,0.2,4,0.3275,"[2276.6826171875, 925.3442993164062, 2315.328369140625, 994.4755249023438]",1
frame_0079.png,extras,traffic_cone,orange traffic cone,orange traffic cone.,0.2,0.2,1,0.5834,"[2275.160400390625, 921.3826293945312, 2316.668701171875, 994.3677978515625]",1
frame_0079.png,extras,trolley,trolley,trolley.,0.2,0.2,1,0.6239,"[1211.4407958984375, 862.1456909179688, 1362.930419921875, 1035.5443115234375]",1
frame_0079.png,extras,trolley,hand cart,hand cart.,0.2,0.2,1,0.5097,"[1211.5125732421875, 860.0616455078125, 1366.012451171875, 1039.533447265625]",1
frame_0079.png,extras,trolley,hand truck,hand truck.,0.2,0.2,3,0.4062,"[1212.4820556640625, 862.2023315429688, 1364.081787109375, 1037.3717041015625]",1
frame_0079.png,extras,trolley,luggage cart,luggage cart.,0.2,0.2,1,0.598,"[1210.9237060546875, 859.0753784179688, 1366.2264404296875, 1039.280029296875]",1
frame_0079.png,extras,trolley,flatbed cart,flatbed cart.,0.2,0.2,1,0.6645,"[1210.3668212890625, 859.57568359375, 1366.7010498046875, 1039.9197998046875]",1
frame_0079.png,extras,trolley,push cart,push cart.,0.2,0.2,1,0.5692,"[1210.9443359375, 859.594482421875, 1366.3431396484375, 1040.0606689453125]",1
frame_0079.png,extras,trolley,utility cart,utility cart.,0.2,0.2,1,0.6171,"[1211.1314697265625, 858.6510009765625, 1367.2183837890625, 1040.8876953125]",1
frame_0079.png,extras,trolley,metal trolley,metal trolley.,0.2,0.2,1,0.8117,"[1210.53125, 857.8223876953125, 1368.341796875, 1040.6788330078125]",1
