image,mode,class,alias,prompt_text,threshold_box,threshold_text,n_detections,max_score,first_box_x1y1x2y2,hit
frame_0000.png,production,meeting table set,ALL_GROUP,meeting table. conference table. table with chairs. meeting table set.,0.32,0.32,6,0.3442,"[109.5969467163086, 833.9746704101562, 881.4554443359375, 1073.4737548828125]",1
frame_0000.png,production,chair,ALL_GROUP,chair. chairs. armless chair.,0.36,0.36,4,0.447,"[117.87870788574219, 876.939697265625, 239.135986328125, 1030.522705078125]",1
frame_0000.png,production,bench,ALL_GROUP,bench. metal bench. waiting bench.,0.34,0.34,1,0.4679,"[1364.945556640625, 837.6475830078125, 1530.9942626953125, 1083.038818359375]",1
frame_0000.png,production,cardboard box+plant pot+shoes,ALL_GROUP,cardboard box. brown cardboard box. cardboard package. plant pot. potted plant. flower pot. indoor plant pot. shoes. pair of shoes. footwear. black shoes.,0.3,0.3,0,0.0,,0
frame_0000.png,production,trash bin+vacuum cleaner,ALL_GROUP,trash bin. trash can. waste bin. recycling bin. row of trash bins. vacuum cleaner. upright vacuum cleaner. cordless vacuum. floor cleaner.,0.25,0.25,0,0.0,,0
frame_0000.png,production,large power bank,ALL_GROUP,large power bank. portable power station. battery pack. power bank.,0.28,0.28,0,0.0,,0
frame_0000.png,production,door,ALL_GROUP,door. doors. dark door. elevator sliding door. sliding door.,0.26,0.26,3,0.2836,"[1029.943603515625, 805.8443603515625, 1221.8336181640625, 981.5215454101562]",1
frame_0000.png,production,electric vehicle,ALL_GROUP,electric vehicle. small electric vehicle. mobility scooter. scooter.,0.28,0.28,0,0.0,,0
frame_0000.png,extras,bench,bench,bench.,0.2,0.2,3,0.2698,"[2260.41650390625, 1675.3907470703125, 2878.688232421875, 1856.3070068359375]",1
frame_0000.png,extras,bench,metal bench,metal bench.,0.2,0.2,1,0.5248,"[1363.6204833984375, 836.817626953125, 1532.2657470703125, 1082.2362060546875]",1
frame_0000.png,extras,bench,waiting bench,waiting bench.,0.2,0.2,2,0.4086,"[1364.373779296875, 837.4673461914062, 1531.6246337890625, 1082.259033203125]",1
frame_0000.png,extras,bench,long bench,long bench.,0.2,0.2,5,0.3532,"[2263.4296875, 1672.36767578125, 2878.18359375, 1853.7928466796875]",1
frame_0000.png,extras,bench,indoor bench,indoor bench.,0.2,0.2,4,0.3409,"[1366.6551513671875, 838.8377075195312, 1529.708740234375, 1078.7774658203125]",1
frame_0000.png,extras,cardboard box,cardboard box,cardboard box.,0.2,0.2,0,0.0,,0
frame_0000.png,extras,cardboard box,brown cardboard box,brown cardboard box.,0.2,0.2,2,0.3737,"[1535.5599365234375, 5.885193824768066, 2603.86572265625, 1244.552490234375]",1
frame_0000.png,extras,cardboard box,shipping box,shipping box.,0.2,0.2,0,0.0,,0
frame_0000.png,extras,cardboard box,package box,package box.,0.2,0.2,0,0.0,,0
frame_0000.png,extras,cardboard box,stacked box,stacked box.,0.2,0.2,0,0.0,,0
frame_0000.png,extras,cardboard box,box,box.,0.2,0.2,0,0.0,,0
frame_0000.png,extras,chair,chair,chair.,0.2,0.2,12,0.5353,"[1365.8455810546875, 839.8743896484375, 1529.2301025390625, 1079.328857421875]",1
frame_0000.png,extras,chair,armless chair,armless chair.,0.2,0.2,5,0.3466,"[1361.8223876953125, 836.5686645507812, 1532.67333984375, 1083.12841796875]",1
frame_0000.png,extras,chair,office chair,office chair.,0.2,0.2,20,0.6518,"[1365.40869140625, 838.6994018554688, 1530.6842041015625, 1081.1832275390625]",1
frame_0000.png,extras,chair,swivel chair,swivel chair.,0.2,0.2,4,0.3437,"[479.9738464355469, 853.3142700195312, 614.0826416015625, 1062.0311279296875]",1
frame_0000.png,extras,chair,rolling chair,rolling chair.,0.2,0.2,12,0.5226,"[1364.0206298828125, 837.621826171875, 1531.2918701171875, 1082.875]",1
frame_0000.png,extras,chair,stool chair,stool chair.,0.2,0.2,23,0.5836,"[120.52822875976562, 878.6798095703125, 236.86012268066406, 1028.8082275390625]",1
frame_0000.png,extras,door,door,door.,0.2,0.2,8,0.2601,"[2520.258544921875, 382.84039306640625, 2701.63623046875, 1130.626708984375]",1
frame_0000.png,extras,door,dark door surface,dark door surface.,0.2,0.2,3,0.3814,"[2442.144287109375, 146.04864501953125, 2716.783447265625, 1136.661865234375]",1
frame_0000.png,extras,door,wooden door,wooden door.,0.2,0.2,5,0.2693,"[36.1222038269043, 555.6952514648438, 163.48439025878906, 1034.6082763671875]",1
frame_0000.png,extras,door,closed door,closed door.,0.2,0.2,6,0.2889,"[2517.20458984375, 379.7202453613281, 2704.703369140625, 1132.502197265625]",1
frame_0000.png,extras,door,interior door,interior door.,0.2,0.2,12,0.311,"[37.300106048583984, 555.7679443359375, 162.57476806640625, 1034.98193359375]",1
frame_0000.png,extras,electric vehicle,electric vehicle,electric vehicle.,0.2,0.2,0,0.0,,0
frame_0000.png,extras,electric vehicle,small electric vehicle,small electric vehicle.,0.2,0.2,2,0.5128,"[1147.8427734375, 1645.5499267578125, 1694.7060546875, 1855.24560546875]",1
frame_0000.png,extras,electric vehicle,electric cart,electric cart.,0.2,0.2,0,0.0,,0
frame_0000.png,extras,electric vehicle,small electric cart,small electric cart.,0.2,0.2,2,0.5819,"[1360.4742431640625, 835.5142211914062, 1535.1737060546875, 1085.5576171875]",1
frame_0000.png,extras,electric vehicle,compact electric car,compact electric car.,0.2,0.2,4,0.3971,"[1151.1136474609375, 1651.6754150390625, 1694.6136474609375, 1855.0692138671875]",1
frame_0000.png,extras,electric vehicle,indoor electric vehicle,indoor electric vehicle.,0.2,0.2,2,0.4874,"[5.117311477661133, 4.604097366333008, 2875.455810546875, 1851.9344482421875]",1
frame_0000.png,extras,electric vehicle,robot platform,robot platform.,0.2,0.2,5,0.4537,"[1396.0006103515625, 839.3585205078125, 1672.010498046875, 1087.723876953125]",1
frame_0000.png,extras,large power bank,large power bank,large power bank.,0.18,0.18,5,0.4108,"[1477.8873291015625, 5.925770282745361, 2861.40771484375, 1248.2659912109375]",1
frame_0000.png,extras,large power bank,portable power bank battery,portable power bank battery.,0.18,0.18,3,0.2537,"[1039.6971435546875, 960.5150756835938, 1080.7613525390625, 992.7465209960938]",1
frame_0000.png,extras,large power bank,power bank,power bank.,0.18,0.18,5,0.3508,"[1512.375244140625, 2.6678466796875, 2870.880615234375, 1244.586181640625]",1
frame_0000.png,extras,large power bank,battery pack,battery pack.,0.18,0.18,0,0.0,,0
frame_0000.png,extras,large power bank,large battery,large battery.,0.18,0.18,4,0.2136,"[1039.814697265625, 960.5841064453125, 1080.6575927734375, 992.2071533203125]",1
frame_0000.png,extras,large power bank,portable battery,portable battery.,0.18,0.18,2,0.2654,"[1040.430908203125, 961.2671508789062, 1080.329833984375, 992.0465087890625]",1
frame_0000.png,extras,large power bank,rectangular battery box,rectangular battery box.,0.18,0.18,4,0.212,"[1307.8536376953125, 892.5090942382812, 1336.6641845703125, 915.22265625]",1
frame_0000.png,extras,meeting table set,meeting table set,meeting table set.,0.2,0.2,4,0.4905,"[124.01447296142578, 875.046142578125, 399.9290466308594, 1031.87548828125]",1
frame_0000.png,extras,meeting table set,large meeting table,large meeting table.,0.2,0.2,3,0.435,"[1402.4346923828125, 832.887451171875, 1674.810302734375, 1084.6998291015625]",1
frame_0000.png,extras,meeting table set,conference table,conference table.,0.2,0.2,5,0.5568,"[172.38526916503906, 888.2498779296875, 396.9205017089844, 1023.9649047851562]",1
frame_0000.png,extras,meeting table set,long table with chairs,long table with chairs.,0.2,0.2,4,0.3895,"[1402.7550048828125, 831.0653686523438, 1676.1026611328125, 1086.7855224609375]",1
frame_0000.png,extras,meeting table set,office meeting table,office meeting table.,0.2,0.2,5,0.5278,"[170.62551879882812, 886.6328125, 397.4556579589844, 1025.189208984375]",1
frame_0000.png,extras,meeting table set,long rectangular table,long rectangular table.,0.2,0.2,3,0.426,"[1407.696044921875, 835.8926391601562, 1674.14306640625, 1079.0535888671875]",1
frame_0000.png,extras,plant pot,plant pot,plant pot.,0.2,0.2,2,0.205,"[909.1782836914062, 955.0858764648438, 940.1799926757812, 991.2426147460938]",1
frame_0000.png,extras,plant pot,potted plant in plastic pot,potted plant in plastic pot.,0.2,0.2,3,0.4051,"[1155.0364990234375, 873.8145751953125, 1196.1209716796875, 987.3907470703125]",1
frame_0000.png,extras,plant pot,potted plant,potted plant.,0.2,0.2,2,0.2329,"[908.6403198242188, 953.1232299804688, 940.2572631835938, 991.419921875]",1
frame_0000.png,extras,plant pot,indoor potted plant,indoor potted plant.,0.2,0.2,0,0.0,,0
frame_0000.png,extras,plant pot,flower pot,flower pot.,0.2,0.2,2,0.2266,"[909.6261596679688, 956.6691284179688, 939.8435668945312, 991.1895141601562]",1
frame_0000.png,extras,plant pot,plastic plant pot,plastic plant pot.,0.2,0.2,0,0.0,,0
frame_0000.png,extras,shoes,shoes,shoes.,0.18,0.18,2,0.2488,"[1156.1744384765625, 1658.6126708984375, 1691.137451171875, 1856.998779296875]",1
frame_0000.png,extras,shoes,pair of indoor shoes,pair of indoor shoes.,0.18,0.18,5,0.2803,"[1149.622802734375, 1646.760986328125, 1695.7747802734375, 1854.336181640625]",1
frame_0000.png,extras,shoes,indoor shoes,indoor shoes.,0.18,0.18,10,0.35,"[1155.8974609375, 1656.6666259765625, 1691.9976806640625, 1856.906982421875]",1
frame_0000.png,extras,shoes,pair of shoes,pair of shoes.,0.18,0.18,5,0.2652,"[1149.5712890625, 1646.6583251953125, 1694.6392822265625, 1854.9752197265625]",1
frame_0000.png,extras,shoes,sneakers,sneakers.,0.18,0.18,0,0.0,,0
frame_0000.png,extras,shoes,slippers,slippers.,0.18,0.18,0,0.0,,0
frame_0000.png,extras,shoes,shoe pair on floor,shoe pair on floor.,0.18,0.18,6,0.6173,"[10.245437622070312, 964.3684692382812, 2869.821533203125, 1848.171142578125]",1
frame_0000.png,extras,trash bin,trash bin,trash bin.,0.2,0.2,0,0.0,,0
frame_0000.png,extras,trash bin,indoor trash bin,indoor trash bin.,0.2,0.2,0,0.0,,0
frame_0000.png,extras,trash bin,garbage bin,garbage bin.,0.2,0.2,0,0.0,,0
frame_0000.png,extras,trash bin,waste bin,waste bin.,0.2,0.2,0,0.0,,0
frame_0000.png,extras,trash bin,recycling bin,recycling bin.,0.2,0.2,0,0.0,,0
frame_0000.png,extras,trash bin,small trash can,small trash can.,0.2,0.2,1,0.537,"[903.2369995117188, 949.6406860351562, 944.085205078125, 995.9725341796875]",1
frame_0000.png,extras,vacuum cleaner,vacuum cleaner,vacuum cleaner.,0.2,0.2,0,0.0,,0
frame_0000.png,extras,vacuum cleaner,upright vacuum cleaner,upright vacuum cleaner.,0.2,0.2,1,0.4002,"[1362.239990234375, 835.5211181640625, 1531.288330078125, 1081.5345458984375]",1
frame_0000.png,extras,vacuum cleaner,stick vacuum,stick vacuum.,0.2,0.2,0,0.0,,0
frame_0000.png,extras,vacuum cleaner,household vacuum,household vacuum.,0.2,0.2,1,0.2026,"[1365.261474609375, 838.706298828125, 1527.7821044921875, 1080.2293701171875]",1
frame_0000.png,extras,vacuum cleaner,robot vacuum,robot vacuum.,0.2,0.2,0,0.0,,0
frame_0000.png,extras,vacuum cleaner,cordless vacuum cleaner,cordless vacuum cleaner.,0.2,0.2,6,0.3912,"[1362.63037109375, 836.3087158203125, 1530.2288818359375, 1082.44775390625]",1
frame_0001.png,production,meeting table set,ALL_GROUP,meeting table. conference table. table with chairs. meeting table set.,0.32,0.32,5,0.3431,"[111.04830169677734, 834.4657592773438, 880.7646484375, 1073.34228515625]",1
frame_0001.png,production,chair,ALL_GROUP,chair. chairs. armless chair.,0.36,0.36,5,0.4523,"[118.59883117675781, 877.1073608398438, 238.5612030029297, 1029.346435546875]",1
frame_0001.png,production,bench,ALL_GROUP,bench. metal bench. waiting bench.,0.34,0.34,1,0.4652,"[1364.7000732421875, 837.4840087890625, 1531.0213623046875, 1083.2423095703125]",1
frame_0001.png,production,cardboard box+plant pot+shoes,ALL_GROUP,cardboard box. brown cardboard box. cardboard package. plant pot. potted plant. flower pot. indoor plant pot. shoes. pair of shoes. footwear. black shoes.,0.3,0.3,0,0.0,,0
frame_0001.png,production,trash bin+vacuum cleaner,ALL_GROUP,trash bin. trash can. waste bin. recycling bin. row of trash bins. vacuum cleaner. upright vacuum cleaner. cordless vacuum. floor cleaner.,0.25,0.25,0,0.0,,0
frame_0001.png,production,large power bank,ALL_GROUP,large power bank. portable power station. battery pack. power bank.,0.28,0.28,0,0.0,,0
frame_0001.png,production,door,ALL_GROUP,door. doors. dark door. elevator sliding door. sliding door.,0.26,0.26,4,0.302,"[1030.2867431640625, 806.493408203125, 1221.445556640625, 981.1773071289062]",1
frame_0001.png,production,electric vehicle,ALL_GROUP,electric vehicle. small electric vehicle. mobility scooter. scooter.,0.28,0.28,0,0.0,,0
frame_0001.png,extras,bench,bench,bench.,0.2,0.2,3,0.2605,"[1.5698862075805664, 1739.2784423828125, 442.64398193359375, 1856.98388671875]",1
frame_0001.png,extras,bench,metal bench,metal bench.,0.2,0.2,1,0.524,"[1363.455810546875, 836.6856079101562, 1532.1553955078125, 1082.302490234375]",1
frame_0001.png,extras,bench,waiting bench,waiting bench.,0.2,0.2,2,0.3956,"[1364.3017578125, 837.458740234375, 1531.5377197265625, 1082.4093017578125]",1
frame_0001.png,extras,bench,long bench,long bench.,0.2,0.2,5,0.342,"[2260.314208984375, 1672.360595703125, 2878.190673828125, 1853.62939453125]",1
frame_0001.png,extras,bench,indoor bench,indoor bench.,0.2,0.2,4,0.3302,"[1366.4815673828125, 838.774169921875, 1529.5433349609375, 1079.160400390625]",1
frame_0001.png,extras,cardboard box,cardboard box,cardboard box.,0.2,0.2,0,0.0,,0
frame_0001.png,extras,cardboard box,brown cardboard box,brown cardboard box.,0.2,0.2,2,0.3774,"[1535.853271484375, 6.023331165313721, 2603.609375, 1245.0635986328125]",1
frame_0001.png,extras,cardboard box,shipping box,shipping box.,0.2,0.2,0,0.0,,0
frame_0001.png,extras,cardboard box,package box,package box.,0.2,0.2,0,0.0,,0
frame_0001.png,extras,cardboard box,stacked box,stacked box.,0.2,0.2,0,0.0,,0
frame_0001.png,extras,cardboard box,box,box.,0.2,0.2,0,0.0,,0
frame_0001.png,extras,chair,chair,chair.,0.2,0.2,11,0.5301,"[1365.7591552734375, 839.8430786132812, 1529.0565185546875, 1079.6739501953125]",1
frame_0001.png,extras,chair,armless chair,armless chair.,0.2,0.2,5,0.3549,"[1361.9974365234375, 836.6041259765625, 1532.5533447265625, 1083.063232421875]",1
frame_0001.png,extras,chair,office chair,office chair.,0.2,0.2,20,0.654,"[1365.278076171875, 838.693115234375, 1530.375732421875, 1081.1439208984375]",1
frame_0001.png,extras,chair,swivel chair,swivel chair.,0.2,0.2,4,0.3475,"[1360.9847412109375, 836.2075805664062, 1533.068603515625, 1084.008544921875]",1
frame_0001.png,extras,chair,rolling chair,rolling chair.,0.2,0.2,11,0.5294,"[1363.938720703125, 837.5464477539062, 1531.127685546875, 1082.6318359375]",1
frame_0001.png,extras,chair,stool chair,stool chair.,0.2,0.2,23,0.5869,"[1365.190185546875, 839.0316162109375, 1529.6595458984375, 1080.569580078125]",1
frame_0001.png,extras,door,door,door.,0.2,0.2,9,0.2646,"[2520.10791015625, 383.35345458984375, 2701.4541015625, 1130.8760986328125]",1
frame_0001.png,extras,door,dark door surface,dark door surface.,0.2,0.2,3,0.3929,"[2442.02587890625, 145.3063507080078, 2715.990234375, 1136.8953857421875]",1
frame_0001.png,extras,door,wooden door,wooden door.,0.2,0.2,6,0.2648,"[2518.43896484375, 381.78375244140625, 2703.987060546875, 1131.8973388671875]",1
frame_0001.png,extras,door,closed door,closed door.,0.2,0.2,6,0.2978,"[2517.27978515625, 380.51385498046875, 2704.365966796875, 1133.035888671875]",1
frame_0001.png,extras,door,interior door,interior door.,0.2,0.2,10,0.3095,"[2519.0400390625, 382.5427551269531, 2702.454833984375, 1131.8782958984375]",1
frame_0001.png,extras,electric vehicle,electric vehicle,electric vehicle.,0.2,0.2,0,0.0,,0
frame_0001.png,extras,electric vehicle,small electric vehicle,small electric vehicle.,0.2,0.2,2,0.5166,"[1147.7357177734375, 1645.13525390625, 1694.754638671875, 1855.1964111328125]",1
frame_0001.png,extras,electric vehicle,electric cart,electric cart.,0.2,0.2,0,0.0,,0
frame_0001.png,extras,electric vehicle,small electric cart,small electric cart.,0.2,0.2,2,0.5703,"[1360.2142333984375, 835.374267578125, 1535.271728515625, 1085.3724365234375]",1
frame_0001.png,extras,electric vehicle,compact electric car,compact electric car.,0.2,0.2,4,0.4088,"[1150.7264404296875, 1651.2449951171875, 1694.662109375, 1855.057861328125]",1
frame_0001.png,extras,electric vehicle,indoor electric vehicle,indoor electric vehicle.,0.2,0.2,2,0.4891,"[5.231637954711914, 4.604651927947998, 2875.283203125, 1851.88671875]",1
frame_0001.png,extras,electric vehicle,robot platform,robot platform.,0.2,0.2,6,0.4576,"[1396.91845703125, 839.3449096679688, 1671.9949951171875, 1087.793701171875]",1
frame_0001.png,extras,large power bank,large power bank,large power bank.,0.18,0.18,5,0.4201,"[1471.5218505859375, 5.76285457611084, 2861.753662109375, 1248.483154296875]",1
frame_0001.png,extras,large power bank,portable power bank battery,portable power bank battery.,0.18,0.18,3,0.2482,"[1039.736083984375, 960.57666015625, 1080.5648193359375, 992.7973022460938]",1
frame_0001.png,extras,large power bank,power bank,power bank.,0.18,0.18,4,0.3282,"[1517.248291015625, 2.2281575202941895, 2867.638427734375, 1244.2244873046875]",1
frame_0001.png,extras,large power bank,battery pack,battery pack.,0.18,0.18,0,0.0,,0
frame_0001.png,extras,large power bank,large battery,large battery.,0.18,0.18,4,0.2204,"[1039.8380126953125, 960.6884155273438, 1080.457275390625, 992.1846313476562]",1
frame_0001.png,extras,large power bank,portable battery,portable battery.,0.18,0.18,2,0.259,"[1040.4710693359375, 961.3017578125, 1080.1285400390625, 992.0507202148438]",1
frame_0001.png,extras,large power bank,rectangular battery box,rectangular battery box.,0.18,0.18,4,0.2112,"[1307.8074951171875, 892.3743896484375, 1336.6307373046875, 914.8851928710938]",1
frame_0001.png,extras,meeting table set,meeting table set,meeting table set.,0.2,0.2,4,0.4892,"[124.4060287475586, 875.48095703125, 400.16412353515625, 1031.6728515625]",1
frame_0001.png,extras,meeting table set,large meeting table,large meeting table.,0.2,0.2,3,0.4323,"[1401.8665771484375, 832.8593139648438, 1674.694580078125, 1085.2552490234375]",1
frame_0001.png,extras,meeting table set,conference table,conference table.,0.2,0.2,4,0.5593,"[172.5185089111328, 888.4485473632812, 396.934326171875, 1023.996337890625]",1
frame_0001.png,extras,meeting table set,long table with chairs,long table with chairs.,0.2,0.2,4,0.3846,"[131.29820251464844, 872.7742919921875, 403.1789245605469, 1032.1002197265625]",1
frame_0001.png,extras,meeting table set,office meeting table,office meeting table.,0.2,0.2,5,0.528,"[170.76368713378906, 886.6421508789062, 397.4591369628906, 1025.3411865234375]",1
frame_0001.png,extras,meeting table set,long rectangular table,long rectangular table.,0.2,0.2,3,0.4273,"[474.16082763671875, 860.1309814453125, 875.2203369140625, 1063.0350341796875]",1
frame_0001.png,extras,plant pot,plant pot,plant pot.,0.2,0.2,1,0.2028,"[1163.159423828125, 882.9747314453125, 1184.9547119140625, 979.1255493164062]",1
frame_0001.png,extras,plant pot,potted plant in plastic pot,potted plant in plastic pot.,0.2,0.2,3,0.41,"[1154.5733642578125, 873.7366943359375, 1196.4661865234375, 987.65380859375]",1
frame_0001.png,extras,plant pot,potted plant,potted plant.,0.2,0.2,2,0.2289,"[909.1442260742188, 953.52880859375, 940.5296020507812, 991.4382934570312]",1
frame_0001.png,extras,plant pot,indoor potted plant,indoor potted plant.,0.2,0.2,0,0.0,,0
frame_0001.png,extras,plant pot,flower pot,flower pot.,0.2,0.2,2,0.2199,"[909.8814086914062, 956.8768920898438, 939.902099609375, 991.1992797851562]",1
frame_0001.png,extras,plant pot,plastic plant pot,plastic plant pot.,0.2,0.2,0,0.0,,0
frame_0001.png,extras,shoes,shoes,shoes.,0.18,0.18,2,0.2461,"[1155.0931396484375, 1658.4046630859375, 1691.3980712890625, 1856.9312744140625]",1
frame_0001.png,extras,shoes,pair of indoor shoes,pair of indoor shoes.,0.18,0.18,5,0.2892,"[1149.1900634765625, 1646.365966796875, 1695.8944091796875, 1854.32470703125]",1
frame_0001.png,extras,shoes,indoor shoes,indoor shoes.,0.18,0.18,10,0.3456,"[1155.4132080078125, 1656.2747802734375, 1692.262451171875, 1856.861328125]",1
frame_0001.png,extras,shoes,pair of shoes,pair of shoes.,0.18,0.18,5,0.2724,"[1149.3631591796875, 1646.427490234375, 1694.5030517578125, 1854.9678955078125]",1
frame_0001.png,extras,shoes,sneakers,sneakers.,0.18,0.18,0,0.0,,0
frame_0001.png,extras,shoes,slippers,slippers.,0.18,0.18,0,0.0,,0
frame_0001.png,extras,shoes,shoe pair on floor,shoe pair on floor.,0.18,0.18,6,0.6172,"[10.252561569213867, 964.8992919921875, 2869.88916015625, 1848.0955810546875]",1
frame_0001.png,extras,trash bin,trash bin,trash bin.,0.2,0.2,0,0.0,,0
frame_0001.png,extras,trash bin,indoor trash bin,indoor trash bin.,0.2,0.2,0,0.0,,0
frame_0001.png,extras,trash bin,garbage bin,garbage bin.,0.2,0.2,0,0.0,,0
frame_0001.png,extras,trash bin,waste bin,waste bin.,0.2,0.2,0,0.0,,0
frame_0001.png,extras,trash bin,recycling bin,recycling bin.,0.2,0.2,0,0.0,,0
frame_0001.png,extras,trash bin,small trash can,small trash can.,0.2,0.2,1,0.5278,"[903.5771484375, 949.8787231445312, 944.2835693359375, 995.9278564453125]",1
frame_0001.png,extras,vacuum cleaner,vacuum cleaner,vacuum cleaner.,0.2,0.2,0,0.0,,0
frame_0001.png,extras,vacuum cleaner,upright vacuum cleaner,upright vacuum cleaner.,0.2,0.2,1,0.3813,"[1362.213134765625, 835.5029907226562, 1531.169921875, 1081.517578125]",1
frame_0001.png,extras,vacuum cleaner,stick vacuum,stick vacuum.,0.2,0.2,0,0.0,,0
frame_0001.png,extras,vacuum cleaner,household vacuum,household vacuum.,0.2,0.2,0,0.0,,0
frame_0001.png,extras,vacuum cleaner,robot vacuum,robot vacuum.,0.2,0.2,0,0.0,,0
frame_0001.png,extras,vacuum cleaner,cordless vacuum cleaner,cordless vacuum cleaner.,0.2,0.2,5,0.3794,"[1362.6514892578125, 836.3383178710938, 1530.1845703125, 1082.3609619140625]",1
frame_0002.png,production,meeting table set,ALL_GROUP,meeting table. conference table. table with chairs. meeting table set.,0.32,0.32,3,0.3515,"[109.92486572265625, 833.4078369140625, 882.0804443359375, 1073.8868408203125]",1
frame_0002.png,production,chair,ALL_GROUP,chair. chairs. armless chair.,0.36,0.36,6,0.46,"[118.3753433227539, 876.86865234375, 238.5337371826172, 1029.7694091796875]",1
frame_0002.png,production,bench,ALL_GROUP,bench. metal bench. waiting bench.,0.34,0.34,1,0.4743,"[1364.969970703125, 837.5848388671875, 1531.2545166015625, 1082.7864990234375]",1
frame_0002.png,production,cardboard box+plant pot+shoes,ALL_GROUP,cardboard box. brown cardboard box. cardboard package. plant pot. potted plant. flower pot. indoor plant pot. shoes. pair of shoes. footwear. black shoes.,0.3,0.3,0,0.0,,0
frame_0002.png,production,trash bin+vacuum cleaner,ALL_GROUP,trash bin. trash can. waste bin. recycling bin. row of trash bins. vacuum cleaner. upright vacuum cleaner. cordless vacuum. floor cleaner.,0.25,0.25,0,0.0,,0
frame_0002.png,production,large power bank,ALL_GROUP,large power bank. portable power station. battery pack. power bank.,0.28,0.28,0,0.0,,0
frame_0002.png,production,door,ALL_GROUP,door. doors. dark door. elevator sliding door. sliding door.,0.26,0.26,2,0.2845,"[2447.38525390625, 152.24847412109375, 2708.21533203125, 1135.2459716796875]",1
frame_0002.png,production,electric vehicle,ALL_GROUP,electric vehicle. small electric vehicle. mobility scooter. scooter.,0.28,0.28,0,0.0,,0
frame_0002.png,extras,bench,bench,bench.,0.2,0.2,3,0.2672,"[1.6565537452697754, 1739.0125732421875, 441.62249755859375, 1857.0]",1
frame_0002.png,extras,bench,metal bench,metal bench.,0.2,0.2,1,0.5267,"[1363.6060791015625, 836.6123046875, 1532.4437255859375, 1081.85888671875]",1
frame_0002.png,extras,bench,waiting bench,waiting bench.,0.2,0.2,2,0.4179,"[1364.23779296875, 837.409912109375, 1531.6474609375, 1082.0823974609375]",1
frame_0002.png,extras,bench,long bench,long bench.,0.2,0.2,5,0.3542,"[2261.2197265625, 1672.3203125, 2878.198486328125, 1853.7362060546875]",1
frame_0002.png,extras,bench,indoor bench,indoor bench.,0.2,0.2,3,0.3409,"[1366.6649169921875, 838.7772827148438, 1529.6092529296875, 1078.476318359375]",1
frame_0002.png,extras,cardboard box,cardboard box,cardboard box.,0.2,0.2,0,0.0,,0
frame_0002.png,extras,cardboard box,brown cardboard box,brown cardboard box.,0.2,0.2,2,0.385,"[1535.5966796875, 5.720393657684326, 2603.828369140625, 1245.0150146484375]",1
frame_0002.png,extras,cardboard box,shipping box,shipping box.,0.2,0.2,0,0.0,,0
frame_0002.png,extras,cardboard box,package box,package box.,0.2,0.2,0,0.0,,0
frame_0002.png,extras,cardboard box,stacked box,stacked box.,0.2,0.2,0,0.0,,0
frame_0002.png,extras,cardboard box,box,box.,0.2,0.2,0,0.0,,0
frame_0002.png,extras,chair,chair,chair.,0.2,0.2,11,0.5265,"[1365.84814453125, 839.7833251953125, 1529.490478515625, 1079.4359130859375]",1
frame_0002.png,extras,chair,armless chair,armless chair.,0.2,0.2,5,0.3614,"[1361.942626953125, 836.4702758789062, 1532.9395751953125, 1083.2540283203125]",1
frame_0002.png,extras,chair,office chair,office chair.,0.2,0.2,20,0.6581,"[1365.4517822265625, 838.5305786132812, 1530.942138671875, 1081.2314453125]",1
frame_0002.png,extras,chair,swivel chair,swivel chair.,0.2,0.2,4,0.3429,"[1360.9154052734375, 835.982666015625, 1533.4715576171875, 1084.3511962890625]",1
frame_0002.png,extras,chair,rolling chair,rolling chair.,0.2,0.2,11,0.5364,"[1363.941650390625, 837.3853759765625, 1531.5435791015625, 1082.860595703125]",1
frame_0002.png,extras,chair,stool chair,stool chair.,0.2,0.2,22,0.595,"[1365.41455078125, 838.9065551757812, 1529.974609375, 1080.3302001953125]",1
frame_0002.png,extras,door,door,door.,0.2,0.2,8,0.2514,"[2520.86474609375, 383.7013854980469, 2701.607421875, 1130.8431396484375]",1
frame_0002.png,extras,door,dark door surface,dark door surface.,0.2,0.2,3,0.3803,"[2441.8203125, 145.89503479003906, 2716.7265625, 1136.9222412109375]",1
frame_0002.png,extras,door,wooden door,wooden door.,0.2,0.2,6,0.2965,"[2519.17529296875, 382.160888671875, 2704.3427734375, 1131.9437255859375]",1
frame_0002.png,extras,door,closed door,closed door.,0.2,0.2,7,0.2869,"[2517.15185546875, 380.2825622558594, 2704.8681640625, 1133.19189453125]",1
frame_0002.png,extras,door,interior door,interior door.,0.2,0.2,12,0.2908,"[2518.99169921875, 382.578857421875, 2702.86767578125, 1132.4102783203125]",1
frame_0002.png,extras,electric vehicle,electric vehicle,electric vehicle.,0.2,0.2,0,0.0,,0
frame_0002.png,extras,electric vehicle,small electric vehicle,small electric vehicle.,0.2,0.2,2,0.5145,"[1147.952880859375, 1644.8670654296875, 1695.039306640625, 1855.40771484375]",1
frame_0002.png,extras,electric vehicle,electric cart,electric cart.,0.2,0.2,0,0.0,,0
frame_0002.png,extras,electric vehicle,small electric cart,small electric cart.,0.2,0.2,2,0.5563,"[1360.395751953125, 835.5079345703125, 1535.444091796875, 1085.4381103515625]",1
frame_0002.png,extras,electric vehicle,compact electric car,compact electric car.,0.2,0.2,4,0.4109,"[1151.2593994140625, 1651.103759765625, 1694.893310546875, 1855.1998291015625]",1
frame_0002.png,extras,electric vehicle,indoor electric vehicle,indoor electric vehicle.,0.2,0.2,2,0.487,"[5.320644378662109, 4.732256889343262, 2875.191162109375, 1851.9927978515625]",1
frame_0002.png,extras,electric vehicle,robot platform,robot platform.,0.2,0.2,6,0.4489,"[1399.9468994140625, 839.4205932617188, 1672.119140625, 1087.8192138671875]",1
frame_0002.png,extras,large power bank,large power bank,large power bank.,0.18,0.18,5,0.4058,"[10.57459831237793, 6.463962554931641, 2870.69189453125, 1846.3330078125]",1
frame_0002.png,extras,large power bank,portable power bank battery,portable power bank battery.,0.18,0.18,3,0.2529,"[1039.8314208984375, 960.4894409179688, 1080.7301025390625, 992.7822875976562]",1
frame_0002.png,extras,large power bank,power bank,power bank.,0.18,0.18,5,0.3483,"[1511.3580322265625, 2.7041549682617188, 2870.27490234375, 1244.91015625]",1
frame_0002.png,extras,large power bank,battery pack,battery pack.,0.18,0.18,0,0.0,,0
frame_0002.png,extras,large power bank,large battery,large battery.,0.18,0.18,4,0.2106,"[1039.892578125, 960.5075073242188, 1080.670166015625, 992.1906127929688]",1
frame_0002.png,extras,large power bank,portable battery,portable battery.,0.18,0.18,2,0.2604,"[1040.5592041015625, 961.1974487304688, 1080.369873046875, 992.0224609375]",1
frame_0002.png,extras,large power bank,rectangular battery box,rectangular battery box.,0.18,0.18,4,0.2128,"[1307.9395751953125, 892.4166259765625, 1336.8768310546875, 914.9970703125]",1
frame_0002.png,extras,meeting table set,meeting table set,meeting table set.,0.2,0.2,4,0.4866,"[123.6434097290039, 875.158203125, 399.9373779296875, 1031.634521484375]",1
frame_0002.png,extras,meeting table set,large meeting table,large meeting table.,0.2,0.2,3,0.4354,"[1402.490478515625, 832.7727661132812, 1674.559814453125, 1084.7940673828125]",1
frame_0002.png,extras,meeting table set,conference table,conference table.,0.2,0.2,5,0.5537,"[172.46633911132812, 888.3446655273438, 397.01348876953125, 1023.9550170898438]",1
frame_0002.png,extras,meeting table set,long table with chairs,long table with chairs.,0.2,0.2,4,0.3872,"[1403.6866455078125, 830.97509765625, 1675.7462158203125, 1086.4647216796875]",1
frame_0002.png,extras,meeting table set,office meeting table,office meeting table.,0.2,0.2,5,0.527,"[170.73756408691406, 886.6758422851562, 397.570068359375, 1025.0877685546875]",1
frame_0002.png,extras,meeting table set,long rectangular table,long rectangular table.,0.2,0.2,3,0.4342,"[1407.8095703125, 835.7713623046875, 1673.8402099609375, 1079.1512451171875]",1
frame_0002.png,extras,plant pot,plant pot,plant pot.,0.2,0.2,1,0.2063,"[909.2401123046875, 954.87744140625, 940.39697265625, 991.2769775390625]",1
frame_0002.png,extras,plant pot,potted plant in plastic pot,potted plant in plastic pot.,0.2,0.2,4,0.3859,"[1155.007568359375, 873.333740234375, 1196.226806640625, 987.4161376953125]",1
frame_0002.png,extras,plant pot,potted plant,potted plant.,0.2,0.2,3,0.2458,"[908.7102661132812, 952.7778930664062, 940.5414428710938, 991.3186645507812]",1
frame_0002.png,extras,plant pot,indoor potted plant,indoor potted plant.,0.2,0.2,0,0.0,,0
frame_0002.png,extras,plant pot,flower pot,flower pot.,0.2,0.2,1,0.2372,"[909.61474609375, 956.4534301757812, 940.0631713867188, 991.2283325195312]",1
frame_0002.png,extras,plant pot,plastic plant pot,plastic plant pot.,0.2,0.2,0,0.0,,0
frame_0002.png,extras,shoes,shoes,shoes.,0.18,0.18,2,0.251,"[1155.9373779296875, 1658.155029296875, 1691.648681640625, 1857.03466796875]",1
frame_0002.png,extras,shoes,pair of indoor shoes,pair of indoor shoes.,0.18,0.18,6,0.2932,"[1149.490234375, 1646.0667724609375, 1696.1649169921875, 1854.476318359375]",1
frame_0002.png,extras,shoes,indoor shoes,indoor shoes.,0.18,0.18,10,0.3476,"[1156.127685546875, 1656.0975341796875, 1692.294677734375, 1857.017333984375]",1
frame_0002.png,extras,shoes,pair of shoes,pair of shoes.,0.18,0.18,5,0.282,"[1149.526123046875, 1645.9141845703125, 1694.934326171875, 1855.1121826171875]",1
frame_0002.png,extras,shoes,sneakers,sneakers.,0.18,0.18,0,0.0,,0
frame_0002.png,extras,shoes,slippers,slippers.,0.18,0.18,0,0.0,,0
frame_0002.png,extras,shoes,shoe pair on floor,shoe pair on floor.,0.18,0.18,5,0.6121,"[10.242433547973633, 965.1591796875, 2869.904541015625, 1848.138427734375]",1
frame_0002.png,extras,trash bin,trash bin,trash bin.,0.2,0.2,0,0.0,,0
frame_0002.png,extras,trash bin,indoor trash bin,indoor trash bin.,0.2,0.2,0,0.0,,0
frame_0002.png,extras,trash bin,garbage bin,garbage bin.,0.2,0.2,0,0.0,,0
frame_0002.png,extras,trash bin,waste bin,waste bin.,0.2,0.2,0,0.0,,0
frame_0002.png,extras,trash bin,recycling bin,recycling bin.,0.2,0.2,0,0.0,,0
frame_0002.png,extras,trash bin,small trash can,small trash can.,0.2,0.2,1,0.5568,"[903.1835327148438, 949.32568359375, 944.3632202148438, 996.016357421875]",1
frame_0002.png,extras,vacuum cleaner,vacuum cleaner,vacuum cleaner.,0.2,0.2,0,0.0,,0
frame_0002.png,extras,vacuum cleaner,upright vacuum cleaner,upright vacuum cleaner.,0.2,0.2,1,0.3688,"[1362.4031982421875, 835.5701293945312, 1531.614013671875, 1081.55126953125]",1
frame_0002.png,extras,vacuum cleaner,stick vacuum,stick vacuum.,0.2,0.2,0,0.0,,0
frame_0002.png,extras,vacuum cleaner,household vacuum,household vacuum.,0.2,0.2,0,0.0,,0
frame_0002.png,extras,vacuum cleaner,robot vacuum,robot vacuum.,0.2,0.2,0,0.0,,0
frame_0002.png,extras,vacuum cleaner,cordless vacuum cleaner,cordless vacuum cleaner.,0.2,0.2,6,0.3644,"[1362.7774658203125, 836.4008178710938, 1530.1915283203125, 1082.2388916015625]",1
frame_0003.png,production,meeting table set,ALL_GROUP,meeting table. conference table. table with chairs. meeting table set.,0.32,0.32,4,0.3395,"[110.471435546875, 834.3233642578125, 881.5062255859375, 1073.5716552734375]",1
frame_0003.png,production,chair,ALL_GROUP,chair. chairs. armless chair.,0.36,0.36,5,0.4512,"[118.19044494628906, 877.0001831054688, 238.92601013183594, 1030.051025390625]",1
frame_0003.png,production,bench,ALL_GROUP,bench. metal bench. waiting bench.,0.34,0.34,1,0.4754,"[1364.839111328125, 837.3125, 1531.091064453125, 1083.36328125]",1
frame_0003.png,production,cardboard box+plant pot+shoes,ALL_GROUP,cardboard box. brown cardboard box. cardboard package. plant pot. potted plant. flower pot. indoor plant pot. shoes. pair of shoes. footwear. black shoes.,0.3,0.3,0,0.0,,0
frame_0003.png,production,trash bin+vacuum cleaner,ALL_GROUP,trash bin. trash can. waste bin. recycling bin. row of trash bins. vacuum cleaner. upright vacuum cleaner. cordless vacuum. floor cleaner.,0.25,0.25,0,0.0,,0
frame_0003.png,production,large power bank,ALL_GROUP,large power bank. portable power station. battery pack. power bank.,0.28,0.28,0,0.0,,0
frame_0003.png,production,door,ALL_GROUP,door. doors. dark door. elevator sliding door. sliding door.,0.26,0.26,3,0.2822,"[1030.291015625, 806.1771240234375, 1221.211181640625, 981.2491455078125]",1
frame_0003.png,production,electric vehicle,ALL_GROUP,electric vehicle. small electric vehicle. mobility scooter. scooter.,0.28,0.28,0,0.0,,0
frame_0003.png,extras,bench,bench,bench.,0.2,0.2,3,0.2561,"[1.6552233695983887, 1739.185791015625, 442.7548522949219, 1856.953125]",1
frame_0003.png,extras,bench,metal bench,metal bench.,0.2,0.2,1,0.5331,"[1363.500244140625, 836.5868530273438, 1532.0780029296875, 1082.0775146484375]",1
frame_0003.png,extras,bench,waiting bench,waiting bench.,0.2,0.2,2,0.411,"[1364.1658935546875, 837.3180541992188, 1531.420654296875, 1082.317138671875]",1
frame_0003.png,extras,bench,long bench,long bench.,0.2,0.2,5,0.3594,"[2261.390380859375, 1672.33935546875, 2878.23876953125, 1853.833984375]",1
frame_0003.png,extras,bench,indoor bench,indoor bench.,0.2,0.2,3,0.3266,"[2.3792481422424316, 1736.5675048828125, 444.85546875, 1855.268310546875]",1
frame_0003.png,extras,cardboard box,cardboard box,cardboard box.,0.2,0.2,0,0.0,,0
frame_0003.png,extras,cardboard box,brown cardboard box,brown cardboard box.,0.2,0.2,2,0.3758,"[1536.408935546875, 5.905038833618164, 2603.78564453125, 1244.2945556640625]",1
frame_0003.png,extras,cardboard box,shipping box,shipping box.,0.2,0.2,0,0.0,,0
frame_0003.png,extras,cardboard box,package box,package box.,0.2,0.2,0,0.0,,0
frame_0003.png,extras,cardboard box,stacked box,stacked box.,0.2,0.2,0,0.0,,0
frame_0003.png,extras,cardboard box,box,box.,0.2,0.2,0,0.0,,0
frame_0003.png,extras,chair,chair,chair.,0.2,0.2,11,0.5251,"[1365.6923828125, 839.720458984375, 1529.0189208984375, 1079.6837158203125]",1
frame_0003.png,extras,chair,armless chair,armless chair.,0.2,0.2,5,0.3567,"[1361.84375, 836.4808349609375, 1532.61767578125, 1083.252685546875]",1
frame_0003.png,extras,chair,office chair,office chair.,0.2,0.2,19,0.6559,"[1365.3857421875, 838.6250610351562, 1530.3846435546875, 1081.214111328125]",1
frame_0003.png,extras,chair,swivel chair,swivel chair.,0.2,0.2,4,0.3472,"[1361.0213623046875, 836.1354370117188, 1532.99072265625, 1084.2381591796875]",1
frame_0003.png,extras,chair,rolling chair,rolling chair.,0.2,0.2,12,0.5295,"[1363.9683837890625, 837.4739379882812, 1531.028564453125, 1082.8760986328125]",1
frame_0003.png,extras,chair,stool chair,stool chair.,0.2,0.2,23,0.5905,"[1365.30712890625, 839.0034790039062, 1529.5948486328125, 1080.587158203125]",1
frame_0003.png,extras,door,door,door.,0.2,0.2,9,0.274,"[39.87428665161133, 558.7958374023438, 162.46713256835938, 1033.00439453125]",1
frame_0003.png,extras,door,dark door surface,dark door surface.,0.2,0.2,3,0.3841,"[2442.763916015625, 146.61732482910156, 2716.587890625, 1136.727783203125]",1
frame_0003.png,extras,door,wooden door,wooden door.,0.2,0.2,5,0.2778,"[36.544525146484375, 556.6843872070312, 163.40553283691406, 1034.43701171875]",1
frame_0003.png,extras,door,closed door,closed door.,0.2,0.2,6,0.2916,"[36.22319412231445, 556.28857421875, 163.9527587890625, 1035.7578125]",1
frame_0003.png,extras,door,interior door,interior door.,0.2,0.2,10,0.3294,"[37.55474090576172, 556.3233032226562, 162.38204956054688, 1034.6741943359375]",1
frame_0003.png,extras,electric vehicle,electric vehicle,electric vehicle.,0.2,0.2,0,0.0,,0
frame_0003.png,extras,electric vehicle,small electric vehicle,small electric vehicle.,0.2,0.2,2,0.5252,"[1148.1204833984375, 1644.9171142578125, 1694.7265625, 1855.2398681640625]",1
frame_0003.png,extras,electric vehicle,electric cart,electric cart.,0.2,0.2,0,0.0,,0
frame_0003.png,extras,electric vehicle,small electric cart,small electric cart.,0.2,0.2,2,0.5765,"[1360.4658203125, 835.3399047851562, 1535.4124755859375, 1085.455810546875]",1
frame_0003.png,extras,electric vehicle,compact electric car,compact electric car.,0.2,0.2,5,0.4103,"[1151.1142578125, 1651.1654052734375, 1694.3638916015625, 1855.2430419921875]",1
frame_0003.png,extras,electric vehicle,indoor electric vehicle,indoor electric vehicle.,0.2,0.2,3,0.4865,"[4.909086227416992, 4.57194709777832, 2875.669921875, 1852.1190185546875]",1
frame_0003.png,extras,electric vehicle,robot platform,robot platform.,0.2,0.2,5,0.4666,"[1398.2509765625, 839.5104370117188, 1671.781982421875, 1087.9578857421875]",1
frame_0003.png,extras,large power bank,large power bank,large power bank.,0.18,0.18,5,0.4005,"[1482.8990478515625, 5.866790294647217, 2861.677978515625, 1247.9805908203125]",1
frame_0003.png,extras,large power bank,portable power bank battery,portable power bank battery.,0.18,0.18,3,0.2506,"[1039.666748046875, 960.616943359375, 1080.618896484375, 992.6517333984375]",1
frame_0003.png,extras,large power bank,power bank,power bank.,0.18,0.18,4,0.3479,"[1515.8526611328125, 2.578268051147461, 2871.180419921875, 1244.3482666015625]",1
frame_0003.png,extras,large power bank,battery pack,battery pack.,0.18,0.18,0,0.0,,0
frame_0003.png,extras,large power bank,large battery,large battery.,0.18,0.18,4,0.2141,"[1039.7783203125, 960.7116088867188, 1080.5396728515625, 992.0960693359375]",1
frame_0003.png,extras,large power bank,portable battery,portable battery.,0.18,0.18,2,0.2696,"[1040.4129638671875, 961.375, 1080.189697265625, 991.9688110351562]",1
frame_0003.png,extras,large power bank,rectangular battery box,rectangular battery box.,0.18,0.18,4,0.2032,"[1307.85400390625, 892.520751953125, 1336.4140625, 914.9570922851562]",1
frame_0003.png,extras,meeting table set,meeting table set,meeting table set.,0.2,0.2,5,0.4901,"[123.90180206298828, 875.4995727539062, 400.1771240234375, 1031.7291259765625]",1
frame_0003.png,extras,meeting table set,large meeting table,large meeting table.,0.2,0.2,3,0.4382,"[472.1846923828125, 854.13037109375, 875.6553344726562, 1066.2177734375]",1
frame_0003.png,extras,meeting table set,conference table,conference table.,0.2,0.2,5,0.5612,"[172.38197326660156, 888.497802734375, 397.1042175292969, 1024.1939697265625]",1
frame_0003.png,extras,meeting table set,long table with chairs,long table with chairs.,0.2,0.2,4,0.391,"[1402.695556640625, 831.0732421875, 1675.5771484375, 1086.947998046875]",1
frame_0003.png,extras,meeting table set,office meeting table,office meeting table.,0.2,0.2,5,0.5324,"[171.08543395996094, 886.9390258789062, 397.5281066894531, 1025.2003173828125]",1
frame_0003.png,extras,meeting table set,long rectangular table,long rectangular table.,0.2,0.2,3,0.4236,"[474.26953125, 859.8959350585938, 875.341552734375, 1063.4737548828125]",1
frame_0003.png,extras,plant pot,plant pot,plant pot.,0.2,0.2,2,0.2109,"[909.2367553710938, 954.8687133789062, 940.3074951171875, 991.3853149414062]",1
frame_0003.png,extras,plant pot,potted plant in plastic pot,potted plant in plastic pot.,0.2,0.2,4,0.4063,"[1154.8602294921875, 873.8118896484375, 1196.25830078125, 987.231201171875]",1
frame_0003.png,extras,plant pot,potted plant,potted plant.,0.2,0.2,3,0.2442,"[908.8177490234375, 952.5900268554688, 940.5182495117188, 991.3968505859375]",1
frame_0003.png,extras,plant pot,indoor potted plant,indoor potted plant.,0.2,0.2,0,0.0,,0
frame_0003.png,extras,plant pot,flower pot,flower pot.,0.2,0.2,2,0.2337,"[909.6703491210938, 956.6610717773438, 939.9984741210938, 991.3029174804688]",1
frame_0003.png,extras,plant pot,plastic plant pot,plastic plant pot.,0.2,0.2,0,0.0,,0
frame_0003.png,extras,shoes,shoes,shoes.,0.18,0.18,2,0.2619,"[1155.8399658203125, 1658.255859375, 1691.139404296875, 1856.9326171875]",1
frame_0003.png,extras,shoes,pair of indoor shoes,pair of indoor shoes.,0.18,0.18,6,0.2939,"[1149.2423095703125, 1645.9678955078125, 1695.7291259765625, 1854.6229248046875]",1
frame_0003.png,extras,shoes,indoor shoes,indoor shoes.,0.18,0.18,11,0.3548,"[1155.802734375, 1656.2052001953125, 1691.7783203125, 1856.9222412109375]",1
frame_0003.png,extras,shoes,pair of shoes,pair of shoes.,0.18,0.18,5,0.2862,"[1149.559326171875, 1646.3748779296875, 1694.3980712890625, 1855.1298828125]",1
frame_0003.png,extras,shoes,sneakers,sneakers.,0.18,0.18,1,0.1931,"[519.4031372070312, 1024.9261474609375, 581.3014526367188, 1049.7281494140625]",1
frame_0003.png,extras,shoes,slippers,slippers.,0.18,0.18,0,0.0,,0
frame_0003.png,extras,shoes,shoe pair on floor,shoe pair on floor.,0.18,0.18,7,0.6141,"[10.150251388549805, 965.0725708007812, 2869.9091796875, 1848.1617431640625]",1
frame_0003.png,extras,trash bin,trash bin,trash bin.,0.2,0.2,0,0.0,,0
frame_0003.png,extras,trash bin,indoor trash bin,indoor trash bin.,0.2,0.2,0,0.0,,0
frame_0003.png,extras,trash bin,garbage bin,garbage bin.,0.2,0.2,0,0.0,,0
frame_0003.png,extras,trash bin,waste bin,waste bin.,0.2,0.2,0,0.0,,0
frame_0003.png,extras,trash bin,recycling bin,recycling bin.,0.2,0.2,0,0.0,,0
frame_0003.png,extras,trash bin,small trash can,small trash can.,0.2,0.2,1,0.54,"[903.2108154296875, 949.6387939453125, 944.3510131835938, 996.064697265625]",1
frame_0003.png,extras,vacuum cleaner,vacuum cleaner,vacuum cleaner.,0.2,0.2,0,0.0,,0
frame_0003.png,extras,vacuum cleaner,upright vacuum cleaner,upright vacuum cleaner.,0.2,0.2,1,0.395,"[1362.2470703125, 835.449951171875, 1531.1473388671875, 1081.4168701171875]",1
frame_0003.png,extras,vacuum cleaner,stick vacuum,stick vacuum.,0.2,0.2,0,0.0,,0
frame_0003.png,extras,vacuum cleaner,household vacuum,household vacuum.,0.2,0.2,0,0.0,,0
frame_0003.png,extras,vacuum cleaner,robot vacuum,robot vacuum.,0.2,0.2,0,0.0,,0
frame_0003.png,extras,vacuum cleaner,cordless vacuum cleaner,cordless vacuum cleaner.,0.2,0.2,5,0.3954,"[1362.6812744140625, 836.3409423828125, 1529.9564208984375, 1082.3504638671875]",1
frame_0004.png,production,meeting table set,ALL_GROUP,meeting table. conference table. table with chairs. meeting table set.,0.32,0.32,4,0.3415,"[109.27572631835938, 833.7782592773438, 881.8409423828125, 1073.8729248046875]",1
frame_0004.png,production,chair,ALL_GROUP,chair. chairs. armless chair.,0.36,0.36,5,0.4592,"[116.83228302001953, 877.0473022460938, 238.98040771484375, 1031.1204833984375]",1
frame_0004.png,production,bench,ALL_GROUP,bench. metal bench. waiting bench.,0.34,0.34,1,0.4703,"[1365.063232421875, 837.53564453125, 1530.4239501953125, 1082.6197509765625]",1
frame_0004.png,production,cardboard box+plant pot+shoes,ALL_GROUP,cardboard box. brown cardboard box. cardboard package. plant pot. potted plant. flower pot. indoor plant pot. shoes. pair of shoes. footwear. black shoes.,0.3,0.3,0,0.0,,0
frame_0004.png,production,trash bin+vacuum cleaner,ALL_GROUP,trash bin. trash can. waste bin. recycling bin. row of trash bins. vacuum cleaner. upright vacuum cleaner. cordless vacuum. floor cleaner.,0.25,0.25,0,0.0,,0
frame_0004.png,production,large power bank,ALL_GROUP,large power bank. portable power station. battery pack. power bank.,0.28,0.28,0,0.0,,0
frame_0004.png,production,door,ALL_GROUP,door. doors. dark door. elevator sliding door. sliding door.,0.26,0.26,1,0.2806,"[38.12532043457031, 555.3932495117188, 163.09400939941406, 1037.3546142578125]",1
frame_0004.png,production,electric vehicle,ALL_GROUP,electric vehicle. small electric vehicle. mobility scooter. scooter.,0.28,0.28,0,0.0,,0
frame_0004.png,extras,bench,bench,bench.,0.2,0.2,3,0.2639,"[2261.16455078125, 1675.2955322265625, 2878.77880859375, 1856.341064453125]",1
frame_0004.png,extras,bench,metal bench,metal bench.,0.2,0.2,1,0.51,"[1363.888916015625, 836.7947387695312, 1531.62646484375, 1081.671630859375]",1
frame_0004.png,extras,bench,waiting bench,waiting bench.,0.2,0.2,2,0.3966,"[1364.4722900390625, 837.4776611328125, 1530.97900390625, 1081.755126953125]",1
frame_0004.png,extras,bench,long bench,long bench.,0.2,0.2,5,0.3582,"[2263.394775390625, 1672.3145751953125, 2878.2431640625, 1853.8372802734375]",1
frame_0004.png,extras,bench,indoor bench,indoor bench.,0.2,0.2,3,0.3212,"[1366.6881103515625, 838.877197265625, 1529.1497802734375, 1078.6324462890625]",1
frame_0004.png,extras,cardboard box,cardboard box,cardboard box.,0.2,0.2,0,0.0,,0
frame_0004.png,extras,cardboard box,brown cardboard box,brown cardboard box.,0.2,0.2,2,0.3962,"[1536.2711181640625, 6.257033824920654, 2605.789794921875, 1244.7681884765625]",1
frame_0004.png,extras,cardboard box,shipping box,shipping box.,0.2,0.2,0,0.0,,0
frame_0004.png,extras,cardboard box,package box,package box.,0.2,0.2,0,0.0,,0
frame_0004.png,extras,cardboard box,stacked box,stacked box.,0.2,0.2,0,0.0,,0
frame_0004.png,extras,cardboard box,box,box.,0.2,0.2,0,0.0,,0
frame_0004.png,extras,chair,chair,chair.,0.2,0.2,12,0.5334,"[1366.009765625, 839.8986206054688, 1528.85400390625, 1079.49951171875]",1
frame_0004.png,extras,chair,armless chair,armless chair.,0.2,0.2,5,0.3558,"[1362.094970703125, 836.6358642578125, 1532.0029296875, 1082.38232421875]",1
frame_0004.png,extras,chair,office chair,office chair.,0.2,0.2,20,0.6562,"[1365.4990234375, 838.742431640625, 1530.19189453125, 1080.8812255859375]",1
frame_0004.png,extras,chair,swivel chair,swivel chair.,0.2,0.2,4,0.3534,"[1361.3330078125, 836.317626953125, 1532.5814208984375, 1083.5159912109375]",1
frame_0004.png,extras,chair,rolling chair,rolling chair.,0.2,0.2,11,0.5328,"[1364.275634765625, 837.5797119140625, 1530.7596435546875, 1082.250244140625]",1
frame_0004.png,extras,chair,stool chair,stool chair.,0.2,0.2,22,0.5895,"[1365.45068359375, 839.0274658203125, 1529.4146728515625, 1080.38134765625]",1
frame_0004.png,extras,door,door,door.,0.2,0.2,10,0.2624,"[2521.109375, 382.84173583984375, 2701.66259765625, 1131.0074462890625]",1
frame_0004.png,extras,door,dark door surface,dark door surface.,0.2,0.2,3,0.3766,"[2442.554443359375, 146.1590576171875, 2716.056396484375, 1136.71875]",1
frame_0004.png,extras,door,wooden door,wooden door.,0.2,0.2,6,0.2774,"[2519.114990234375, 381.41558837890625, 2704.694580078125, 1132.4146728515625]",1
frame_0004.png,extras,door,closed door,closed door.,0.2,0.2,7,0.2891,"[2518.1708984375, 380.4292907714844, 2704.688232421875, 1133.2789306640625]",1
frame_0004.png,extras,door,interior door,interior door.,0.2,0.2,11,0.3138,"[37.63492202758789, 556.073486328125, 162.38113403320312, 1035.3145751953125]",1
frame_0004.png,extras,electric vehicle,electric vehicle,electric vehicle.,0.2,0.2,0,0.0,,0
frame_0004.png,extras,electric vehicle,small electric vehicle,small electric vehicle.,0.2,0.2,2,0.5033,"[1148.214599609375, 1645.0794677734375, 1695.6724853515625, 1855.182861328125]",1
frame_0004.png,extras,electric vehicle,electric cart,electric cart.,0.2,0.2,0,0.0,,0
frame_0004.png,extras,electric vehicle,small electric cart,small electric cart.,0.2,0.2,2,0.5411,"[1360.3729248046875, 835.3930053710938, 1534.7266845703125, 1084.8592529296875]",1
frame_0004.png,extras,electric vehicle,compact electric car,compact electric car.,0.2,0.2,5,0.3944,"[1151.345947265625, 1651.278076171875, 1695.80224609375, 1855.0782470703125]",1
frame_0004.png,extras,electric vehicle,indoor electric vehicle,indoor electric vehicle.,0.2,0.2,3,0.4856,"[4.999980926513672, 4.552434921264648, 2875.52734375, 1852.1229248046875]",1
frame_0004.png,extras,electric vehicle,robot platform,robot platform.,0.2,0.2,5,0.4594,"[1405.9716796875, 839.7717895507812, 1672.3616943359375, 1087.5858154296875]",1
frame_0004.png,extras,large power bank,large power bank,large power bank.,0.18,0.18,4,0.4221,"[1471.9803466796875, 5.653597831726074, 2863.027099609375, 1248.513916015625]",1
frame_0004.png,extras,large power bank,portable power bank battery,portable power bank battery.,0.18,0.18,3,0.2478,"[1039.7340087890625, 960.5801391601562, 1080.7740478515625, 992.7989501953125]",1
frame_0004.png,extras,large power bank,power bank,power bank.,0.18,0.18,4,0.36,"[1509.5906982421875, 2.635751247406006, 2871.33544921875, 1245.0748291015625]",1
frame_0004.png,extras,large power bank,battery pack,battery pack.,0.18,0.18,0,0.0,,0
frame_0004.png,extras,large power bank,large battery,large battery.,0.18,0.18,3,0.2225,"[1039.852294921875, 960.5823364257812, 1080.64404296875, 992.1907348632812]",1
frame_0004.png,extras,large power bank,portable battery,portable battery.,0.18,0.18,2,0.265,"[1040.468505859375, 961.2644653320312, 1080.318115234375, 992.0201416015625]",1
frame_0004.png,extras,large power bank,rectangular battery box,rectangular battery box.,0.18,0.18,4,0.2069,"[1308.0335693359375, 892.5311889648438, 1336.625244140625, 914.96240234375]",1
frame_0004.png,extras,meeting table set,meeting table set,meeting table set.,0.2,0.2,4,0.4937,"[123.3448486328125, 875.9091186523438, 399.92401123046875, 1032.11767578125]",1
frame_0004.png,extras,meeting table set,large meeting table,large meeting table.,0.2,0.2,3,0.4372,"[1402.4442138671875, 833.0037231445312, 1674.5615234375, 1085.9407958984375]",1
frame_0004.png,extras,meeting table set,conference table,conference table.,0.2,0.2,6,0.5493,"[172.67041015625, 888.3827514648438, 396.9574890136719, 1024.02978515625]",1
frame_0004.png,extras,meeting table set,long table with chairs,long table with chairs.,0.2,0.2,4,0.389,"[1402.4639892578125, 830.99853515625, 1675.79833984375, 1087.1927490234375]",1
frame_0004.png,extras,meeting table set,office meeting table,office meeting table.,0.2,0.2,5,0.5206,"[171.15936279296875, 886.7525634765625, 397.4813232421875, 1025.124267578125]",1
frame_0004.png,extras,meeting table set,long rectangular table,long rectangular table.,0.2,0.2,3,0.4236,"[474.1236572265625, 860.088623046875, 875.5599975585938, 1063.41015625]",1
frame_0004.png,extras,plant pot,plant pot,plant pot.,0.2,0.2,0,0.0,,0
frame_0004.png,extras,plant pot,potted plant in plastic pot,potted plant in plastic pot.,0.2,0.2,3,0.3993,"[1154.9332275390625, 873.5575561523438, 1196.3399658203125, 987.5519409179688]",1
frame_0004.png,extras,plant pot,potted plant,potted plant.,0.2,0.2,1,0.2177,"[909.0095825195312, 954.0855712890625, 940.23974609375, 991.4021606445312]",1
frame_0004.png,extras,plant pot,indoor potted plant,indoor potted plant.,0.2,0.2,0,0.0,,0
frame_0004.png,extras,plant pot,flower pot,flower pot.,0.2,0.2,1,0.2104,"[909.8521728515625, 956.9107055664062, 939.7020263671875, 991.1829833984375]",1
frame_0004.png,extras,plant pot,plastic plant pot,plastic plant pot.,0.2,0.2,0,0.0,,0
frame_0004.png,extras,shoes,shoes,shoes.,0.18,0.18,2,0.2501,"[1156.198486328125, 1658.296630859375, 1692.5518798828125, 1856.86767578125]",1
frame_0004.png,extras,shoes,pair of indoor shoes,pair of indoor shoes.,0.18,0.18,6,0.2908,"[1149.3504638671875, 1645.97216796875, 1697.210205078125, 1854.422119140625]",1
frame_0004.png,extras,shoes,indoor shoes,indoor shoes.,0.18,0.18,11,0.3504,"[1155.9188232421875, 1656.2386474609375, 1693.2437744140625, 1856.863525390625]",1
frame_0004.png,extras,shoes,pair of shoes,pair of shoes.,0.18,0.18,6,0.2823,"[1149.5438232421875, 1646.1414794921875, 1695.6348876953125, 1854.995361328125]",1
frame_0004.png,extras,shoes,sneakers,sneakers.,0.18,0.18,0,0.0,,0
frame_0004.png,extras,shoes,slippers,slippers.,0.18,0.18,0,0.0,,0
frame_0004.png,extras,shoes,shoe pair on floor,shoe pair on floor.,0.18,0.18,6,0.6113,"[10.276679992675781, 964.3314819335938, 2869.8291015625, 1848.154296875]",1
frame_0004.png,extras,trash bin,trash bin,trash bin.,0.2,0.2,0,0.0,,0
frame_0004.png,extras,trash bin,indoor trash bin,indoor trash bin.,0.2,0.2,0,0.0,,0
frame_0004.png,extras,trash bin,garbage bin,garbage bin.,0.2,0.2,0,0.0,,0
frame_0004.png,extras,trash bin,waste bin,waste bin.,0.2,0.2,0,0.0,,0
frame_0004.png,extras,trash bin,recycling bin,recycling bin.,0.2,0.2,0,0.0,,0
frame_0004.png,extras,trash bin,small trash can,small trash can.,0.2,0.2,1,0.5298,"[903.476806640625, 949.818359375, 944.0156860351562, 995.9677734375]",1
frame_0004.png,extras,vacuum cleaner,vacuum cleaner,vacuum cleaner.,0.2,0.2,0,0.0,,0
frame_0004.png,extras,vacuum cleaner,upright vacuum cleaner,upright vacuum cleaner.,0.2,0.2,1,0.3672,"[1362.42431640625, 835.52587890625, 1530.6329345703125, 1081.08154296875]",1
frame_0004.png,extras,vacuum cleaner,stick vacuum,stick vacuum.,0.2,0.2,0,0.0,,0
frame_0004.png,extras,vacuum cleaner,household vacuum,household vacuum.,0.2,0.2,0,0.0,,0
frame_0004.png,extras,vacuum cleaner,robot vacuum,robot vacuum.,0.2,0.2,0,0.0,,0
frame_0004.png,extras,vacuum cleaner,cordless vacuum cleaner,cordless vacuum cleaner.,0.2,0.2,6,0.3697,"[1362.8670654296875, 836.4258422851562, 1529.4822998046875, 1081.7362060546875]",1
frame_0005.png,production,meeting table set,ALL_GROUP,meeting table. conference table. table with chairs. meeting table set.,0.32,0.32,5,0.4057,"[75.34394073486328, 827.193603515625, 858.72265625, 1083.3050537109375]",1
frame_0005.png,production,chair,ALL_GROUP,chair. chairs. armless chair.,0.36,0.36,7,0.4456,"[83.02513885498047, 875.0640258789062, 207.1051788330078, 1031.0333251953125]",1
frame_0005.png,production,bench,ALL_GROUP,bench. metal bench. waiting bench.,0.34,0.34,1,0.4812,"[1363.7987060546875, 832.556884765625, 1548.1231689453125, 1096.3643798828125]",1
frame_0005.png,production,cardboard box+plant pot+shoes,ALL_GROUP,cardboard box. brown cardboard box. cardboard package. plant pot. potted plant. flower pot. indoor plant pot. shoes. pair of shoes. footwear. black shoes.,0.3,0.3,0,0.0,,0
frame_0005.png,production,trash bin+vacuum cleaner,ALL_GROUP,trash bin. trash can. waste bin. recycling bin. row of trash bins. vacuum cleaner. upright vacuum cleaner. cordless vacuum. floor cleaner.,0.25,0.25,0,0.0,,0
frame_0005.png,production,large power bank,ALL_GROUP,large power bank. portable power station. battery pack. power bank.,0.28,0.28,0,0.0,,0
frame_0005.png,production,door,ALL_GROUP,door. doors. dark door. elevator sliding door. sliding door.,0.26,0.26,0,0.0,,0
frame_0005.png,production,electric vehicle,ALL_GROUP,electric vehicle. small electric vehicle. mobility scooter. scooter.,0.28,0.28,0,0.0,,0
frame_0005.png,extras,bench,bench,bench.,0.2,0.2,2,0.2744,"[1.693418025970459, 1737.33056640625, 450.0930480957031, 1856.968017578125]",1
frame_0005.png,extras,bench,metal bench,metal bench.,0.2,0.2,2,0.5404,"[1362.5322265625, 831.7388305664062, 1548.56103515625, 1095.445068359375]",1
frame_0005.png,extras,bench,waiting bench,waiting bench.,0.2,0.2,2,0.459,"[1363.9327392578125, 832.4644165039062, 1547.985595703125, 1095.1734619140625]",1
frame_0005.png,extras,bench,long bench,long bench.,0.2,0.2,4,0.3855,"[1364.6351318359375, 832.8638305664062, 1546.615478515625, 1091.7208251953125]",1
frame_0005.png,extras,bench,indoor bench,indoor bench.,0.2,0.2,4,0.3659,"[1365.5120849609375, 833.9874877929688, 1545.6326904296875, 1092.48095703125]",1
frame_0005.png,extras,cardboard box,cardboard box,cardboard box.,0.2,0.2,0,0.0,,0
frame_0005.png,extras,cardboard box,brown cardboard box,brown cardboard box.,0.2,0.2,3,0.4409,"[1538.3909912109375, 4.024829864501953, 2865.577880859375, 1292.9306640625]",1
frame_0005.png,extras,cardboard box,shipping box,shipping box.,0.2,0.2,0,0.0,,0
frame_0005.png,extras,cardboard box,package box,package box.,0.2,0.2,0,0.0,,0
frame_0005.png,extras,cardboard box,stacked box,stacked box.,0.2,0.2,1,0.2025,"[1545.2138671875, 2.56779146194458, 2862.316650390625, 1290.305419921875]",1
frame_0005.png,extras,cardboard box,box,box.,0.2,0.2,0,0.0,,0
frame_0005.png,extras,chair,chair,chair.,0.2,0.2,11,0.4888,"[1365.5582275390625, 834.8076782226562, 1543.457763671875, 1093.9014892578125]",1
frame_0005.png,extras,chair,armless chair,armless chair.,0.2,0.2,5,0.3511,"[1361.5992431640625, 832.1934814453125, 1547.7657470703125, 1097.0693359375]",1
frame_0005.png,extras,chair,office chair,office chair.,0.2,0.2,20,0.6175,"[1364.94091796875, 833.922119140625, 1545.54931640625, 1092.5628662109375]",1
frame_0005.png,extras,chair,swivel chair,swivel chair.,0.2,0.2,4,0.3663,"[436.4067077636719, 849.5390014648438, 574.0349731445312, 1069.017333984375]",1
frame_0005.png,extras,chair,rolling chair,rolling chair.,0.2,0.2,12,0.4757,"[1363.9036865234375, 833.3350219726562, 1546.77392578125, 1096.318603515625]",1
frame_0005.png,extras,chair,stool chair,stool chair.,0.2,0.2,19,0.5092,"[84.83284759521484, 876.7271118164062, 205.28697204589844, 1029.3092041015625]",1
frame_0005.png,extras,door,door,door.,0.2,0.2,3,0.2322,"[1237.1624755859375, 893.5316772460938, 1402.2869873046875, 983.6961669921875]",1
frame_0005.png,extras,door,dark door surface,dark door surface.,0.2,0.2,2,0.362,"[2508.02978515625, 98.4925308227539, 2802.584716796875, 1155.7957763671875]",1
frame_0005.png,extras,door,wooden door,wooden door.,0.2,0.2,5,0.2655,"[1433.0474853515625, 641.1160888671875, 1552.4732666015625, 1052.25634765625]",1
frame_0005.png,extras,door,closed door,closed door.,0.2,0.2,6,0.2971,"[1234.1513671875, 890.6423950195312, 1400.399658203125, 985.146728515625]",1
frame_0005.png,extras,door,interior door,interior door.,0.2,0.2,10,0.2849,"[101.9731216430664, 672.27197265625, 1437.313720703125, 1009.715576171875]",1
frame_0005.png,extras,electric vehicle,electric vehicle,electric vehicle.,0.2,0.2,0,0.0,,0
frame_0005.png,extras,electric vehicle,small electric vehicle,small electric vehicle.,0.2,0.2,2,0.5315,"[1142.7548828125, 1645.13330078125, 1698.2679443359375, 1855.365966796875]",1
frame_0005.png,extras,electric vehicle,electric cart,electric cart.,0.2,0.2,0,0.0,,0
frame_0005.png,extras,electric vehicle,small electric cart,small electric cart.,0.2,0.2,4,0.4123,"[1359.4718017578125, 831.79296875, 1553.5926513671875, 1099.420654296875]",1
frame_0005.png,extras,electric vehicle,compact electric car,compact electric car.,0.2,0.2,3,0.4329,"[1145.9569091796875, 1650.7490234375, 1697.203369140625, 1854.7264404296875]",1
frame_0005.png,extras,electric vehicle,indoor electric vehicle,indoor electric vehicle.,0.2,0.2,2,0.4705,"[6.502103805541992, 4.753210544586182, 2873.467529296875, 1851.58349609375]",1
frame_0005.png,extras,electric vehicle,robot platform,robot platform.,0.2,0.2,5,0.5068,"[1376.7237548828125, 832.543212890625, 1694.9241943359375, 1104.0531005859375]",1
frame_0005.png,extras,large power bank,large power bank,large power bank.,0.18,0.18,5,0.4502,"[1487.380615234375, 4.894230365753174, 2865.3642578125, 1294.75390625]",1
frame_0005.png,extras,large power bank,portable power bank battery,portable power bank battery.,0.18,0.18,3,0.287,"[1031.188720703125, 963.552978515625, 1076.2613525390625, 995.3941650390625]",1
frame_0005.png,extras,large power bank,power bank,power bank.,0.18,0.18,5,0.3791,"[1148.2816162109375, 1655.0615234375, 1696.9005126953125, 1857.281005859375]",1
frame_0005.png,extras,large power bank,battery pack,battery pack.,0.18,0.18,1,0.1886,"[1033.0592041015625, 965.7249145507812, 1075.2161865234375, 994.3543701171875]",1
frame_0005.png,extras,large power bank,large battery,large battery.,0.18,0.18,4,0.2495,"[1031.2711181640625, 963.7012939453125, 1076.1236572265625, 995.062255859375]",1
frame_0005.png,extras,large power bank,portable battery,portable battery.,0.18,0.18,2,0.2883,"[1031.740966796875, 964.2465209960938, 1075.7606201171875, 994.9271850585938]",1
frame_0005.png,extras,large power bank,rectangular battery box,rectangular battery box.,0.18,0.18,5,0.2294,"[1031.8499755859375, 963.6932983398438, 1076.0184326171875, 994.9571533203125]",1
frame_0005.png,extras,meeting table set,meeting table set,meeting table set.,0.2,0.2,4,0.4849,"[1366.39111328125, 828.3099365234375, 1696.532470703125, 1104.7490234375]",1
frame_0005.png,extras,meeting table set,large meeting table,large meeting table.,0.2,0.2,4,0.4444,"[1399.699951171875, 826.5230102539062, 1698.094482421875, 1100.5968017578125]",1
frame_0005.png,extras,meeting table set,conference table,conference table.,0.2,0.2,5,0.6175,"[135.32261657714844, 886.5930786132812, 369.89105224609375, 1026.358154296875]",1
frame_0005.png,extras,meeting table set,long table with chairs,long table with chairs.,0.2,0.2,4,0.4115,"[432.6706848144531, 842.9935913085938, 853.2183227539062, 1074.5091552734375]",1
frame_0005.png,extras,meeting table set,office meeting table,office meeting table.,0.2,0.2,6,0.5452,"[132.9801483154297, 885.1578369140625, 370.4895324707031, 1028.1312255859375]",1
frame_0005.png,extras,meeting table set,long rectangular table,long rectangular table.,0.2,0.2,3,0.5094,"[1408.9803466796875, 829.3165283203125, 1697.182373046875, 1093.0718994140625]",1
frame_0005.png,extras,plant pot,plant pot,plant pot.,0.2,0.2,2,0.2437,"[898.6605834960938, 952.955322265625, 931.935302734375, 994.8740844726562]",1
frame_0005.png,extras,plant pot,potted plant in plastic pot,potted plant in plastic pot.,0.2,0.2,5,0.4092,"[1151.9833984375, 875.4478759765625, 1192.80712890625, 989.1172485351562]",1
frame_0005.png,extras,plant pot,potted plant,potted plant.,0.2,0.2,2,0.269,"[898.37109375, 949.3447875976562, 932.1441040039062, 995.1232299804688]",1
frame_0005.png,extras,plant pot,indoor potted plant,indoor potted plant.,0.2,0.2,0,0.0,,0
frame_0005.png,extras,plant pot,flower pot,flower pot.,0.2,0.2,3,0.2661,"[898.9949951171875, 956.9107055664062, 931.8540649414062, 994.93798828125]",1
frame_0005.png,extras,plant pot,plastic plant pot,plastic plant pot.,0.2,0.2,2,0.2502,"[897.32568359375, 955.595458984375, 933.682373046875, 997.6253051757812]",1
frame_0005.png,extras,shoes,shoes,shoes.,0.18,0.18,2,0.2757,"[1149.5704345703125, 1657.8980712890625, 1694.244384765625, 1856.8377685546875]",1
frame_0005.png,extras,shoes,pair of indoor shoes,pair of indoor shoes.,0.18,0.18,6,0.2899,"[1143.6083984375, 1645.76318359375, 1698.758056640625, 1854.4652099609375]",1
frame_0005.png,extras,shoes,indoor shoes,indoor shoes.,0.18,0.18,12,0.359,"[1149.5653076171875, 1656.0703125, 1695.3505859375, 1856.6640625]",1
frame_0005.png,extras,shoes,pair of shoes,pair of shoes.,0.18,0.18,9,0.2965,"[1143.9691162109375, 1645.7806396484375, 1697.2718505859375, 1855.0517578125]",1
frame_0005.png,extras,shoes,sneakers,sneakers.,0.18,0.18,0,0.0,,0
frame_0005.png,extras,shoes,slippers,slippers.,0.18,0.18,0,0.0,,0
frame_0005.png,extras,shoes,shoe pair on floor,shoe pair on floor.,0.18,0.18,4,0.6084,"[9.795427322387695, 967.0980834960938, 2869.88671875, 1847.89453125]",1
frame_0005.png,extras,trash bin,trash bin,trash bin.,0.2,0.2,0,0.0,,0
frame_0005.png,extras,trash bin,indoor trash bin,indoor trash bin.,0.2,0.2,0,0.0,,0
frame_0005.png,extras,trash bin,garbage bin,garbage bin.,0.2,0.2,0,0.0,,0
frame_0005.png,extras,trash bin,waste bin,waste bin.,0.2,0.2,0,0.0,,0
frame_0005.png,extras,trash bin,recycling bin,recycling bin.,0.2,0.2,0,0.0,,0
frame_0005.png,extras,trash bin,small trash can,small trash can.,0.2,0.2,2,0.4903,"[893.5064697265625, 950.3781127929688, 936.9134521484375, 1000.37744140625]",1
frame_0005.png,extras,vacuum cleaner,vacuum cleaner,vacuum cleaner.,0.2,0.2,0,0.0,,0
frame_0005.png,extras,vacuum cleaner,upright vacuum cleaner,upright vacuum cleaner.,0.2,0.2,1,0.3919,"[1361.6441650390625, 830.3721313476562, 1549.52197265625, 1096.5640869140625]",1
frame_0005.png,extras,vacuum cleaner,stick vacuum,stick vacuum.,0.2,0.2,0,0.0,,0
frame_0005.png,extras,vacuum cleaner,household vacuum,household vacuum.,0.2,0.2,0,0.0,,0
frame_0005.png,extras,vacuum cleaner,robot vacuum,robot vacuum.,0.2,0.2,0,0.0,,0
frame_0005.png,extras,vacuum cleaner,cordless vacuum cleaner,cordless vacuum cleaner.,0.2,0.2,4,0.3771,"[1361.98193359375, 831.1403198242188, 1547.918701171875, 1096.829833984375]",1
frame_0006.png,production,meeting table set,ALL_GROUP,meeting table. conference table. table with chairs. meeting table set.,0.32,0.32,5,0.42,"[64.37361907958984, 824.0479736328125, 852.1815185546875, 1087.1982421875]",1
frame_0006.png,production,chair,ALL_GROUP,chair. chairs. armless chair.,0.36,0.36,6,0.4647,"[1365.044189453125, 829.5654907226562, 1552.609130859375, 1101.8936767578125]",1
frame_0006.png,production,bench,ALL_GROUP,bench. metal bench. waiting bench.,0.34,0.34,1,0.488,"[1365.905517578125, 828.9242553710938, 1553.19384765625, 1102.392333984375]",1
frame_0006.png,production,cardboard box+plant pot+shoes,ALL_GROUP,cardboard box. brown cardboard box. cardboard package. plant pot. potted plant. flower pot. indoor plant pot. shoes. pair of shoes. footwear. black shoes.,0.3,0.3,0,0.0,,0
frame_0006.png,production,trash bin+vacuum cleaner,ALL_GROUP,trash bin. trash can. waste bin. recycling bin. row of trash bins. vacuum cleaner. upright vacuum cleaner. cordless vacuum. floor cleaner.,0.25,0.25,0,0.0,,0
frame_0006.png,production,large power bank,ALL_GROUP,large power bank. portable power station. battery pack. power bank.,0.28,0.28,0,0.0,,0
frame_0006.png,production,door,ALL_GROUP,door. doors. dark door. elevator sliding door. sliding door.,0.26,0.26,0,0.0,,0
frame_0006.png,production,electric vehicle,ALL_GROUP,electric vehicle. small electric vehicle. mobility scooter. scooter.,0.28,0.28,0,0.0,,0
frame_0006.png,extras,bench,bench,bench.,0.2,0.2,3,0.2447,"[1.7113995552062988, 1738.82373046875, 440.2608642578125, 1856.883056640625]",1
frame_0006.png,extras,bench,metal bench,metal bench.,0.2,0.2,1,0.5367,"[1365.311767578125, 828.3422241210938, 1554.3350830078125, 1102.4097900390625]",1
frame_0006.png,extras,bench,waiting bench,waiting bench.,0.2,0.2,3,0.4684,"[1365.70458984375, 829.0729370117188, 1553.0328369140625, 1102.567626953125]",1
frame_0006.png,extras,bench,long bench,long bench.,0.2,0.2,3,0.3814,"[1366.659423828125, 829.4940185546875, 1552.15673828125, 1099.653564453125]",1
frame_0006.png,extras,bench,indoor bench,indoor bench.,0.2,0.2,4,0.3771,"[1368.0802001953125, 830.9412231445312, 1551.0057373046875, 1099.911865234375]",1
frame_0006.png,extras,cardboard box,cardboard box,cardboard box.,0.2,0.2,1,0.2149,"[1547.5489501953125, 3.0049304962158203, 2850.392822265625, 1314.29541015625]",1
frame_0006.png,extras,cardboard box,brown cardboard box,brown cardboard box.,0.2,0.2,2,0.4329,"[892.17138671875, 954.457275390625, 933.3526000976562, 999.8978271484375]",1
frame_0006.png,extras,cardboard box,shipping box,shipping box.,0.2,0.2,0,0.0,,0
frame_0006.png,extras,cardboard box,package box,package box.,0.2,0.2,0,0.0,,0
frame_0006.png,extras,cardboard box,stacked box,stacked box.,0.2,0.2,0,0.0,,0
frame_0006.png,extras,cardboard box,box,box.,0.2,0.2,0,0.0,,0
frame_0006.png,extras,chair,chair,chair.,0.2,0.2,12,0.5189,"[1367.83642578125, 831.3217163085938, 1549.646484375, 1100.233154296875]",1
frame_0006.png,extras,chair,armless chair,armless chair.,0.2,0.2,5,0.378,"[1364.34912109375, 829.072509765625, 1554.1221923828125, 1103.892578125]",1
frame_0006.png,extras,chair,office chair,office chair.,0.2,0.2,17,0.6691,"[1367.1282958984375, 830.9127807617188, 1551.2830810546875, 1100.639892578125]",1
frame_0006.png,extras,chair,swivel chair,swivel chair.,0.2,0.2,4,0.3628,"[1363.0712890625, 828.6018676757812, 1554.85791015625, 1104.406494140625]",1
frame_0006.png,extras,chair,rolling chair,rolling chair.,0.2,0.2,12,0.5274,"[1366.353271484375, 829.7242431640625, 1552.660888671875, 1103.278076171875]",1
frame_0006.png,extras,chair,stool chair,stool chair.,0.2,0.2,19,0.593,"[1367.298583984375, 831.6069946289062, 1551.113525390625, 1099.71240234375]",1
frame_0006.png,extras,door,door,door.,0.2,0.2,5,0.245,"[1439.82373046875, 635.9600830078125, 1557.074462890625, 1032.5257568359375]",1
frame_0006.png,extras,door,dark door surface,dark door surface.,0.2,0.2,3,0.3326,"[2540.6845703125, 78.62437438964844, 2839.228515625, 1161.966064453125]",1
frame_0006.png,extras,door,wooden door,wooden door.,0.2,0.2,5,0.3259,"[1436.7086181640625, 632.0029296875, 1562.5367431640625, 1027.8931884765625]",1
frame_0006.png,extras,door,closed door,closed door.,0.2,0.2,5,0.3083,"[1216.416259765625, 809.4926147460938, 1428.161865234375, 986.158935546875]",1
frame_0006.png,extras,door,interior door,interior door.,0.2,0.2,7,0.2957,"[1216.1207275390625, 809.6442260742188, 1434.867919921875, 984.562255859375]",1
frame_0006.png,extras,electric vehicle,electric vehicle,electric vehicle.,0.2,0.2,0,0.0,,0
frame_0006.png,extras,electric vehicle,small electric vehicle,small electric vehicle.,0.2,0.2,1,0.5441,"[1141.0045166015625, 1644.6771240234375, 1699.011962890625, 1854.9111328125]",1
frame_0006.png,extras,electric vehicle,electric cart,electric cart.,0.2,0.2,0,0.0,,0
frame_0006.png,extras,electric vehicle,small electric cart,small electric cart.,0.2,0.2,1,0.616,"[1362.9400634765625, 828.1902465820312, 1559.3360595703125, 1106.7032470703125]",1
frame_0006.png,extras,electric vehicle,compact electric car,compact electric car.,0.2,0.2,4,0.4292,"[1144.56396484375, 1651.0487060546875, 1698.2537841796875, 1854.3963623046875]",1
frame_0006.png,extras,electric vehicle,indoor electric vehicle,indoor electric vehicle.,0.2,0.2,2,0.4778,"[6.503562927246094, 4.689186096191406, 2873.11474609375, 1851.1102294921875]",1
frame_0006.png,extras,electric vehicle,robot platform,robot platform.,0.2,0.2,5,0.5111,"[1392.6365966796875, 831.676513671875, 1708.4547119140625, 1108.130859375]",1
frame_0006.png,extras,large power bank,large power bank,large power bank.,0.18,0.18,4,0.4424,"[1480.03662109375, 5.311746597290039, 2868.50048828125, 1319.2008056640625]",1
frame_0006.png,extras,large power bank,portable power bank battery,portable power bank battery.,0.18,0.18,3,0.2673,"[893.77197265625, 957.2205810546875, 930.9066162109375, 998.6729125976562]",1
frame_0006.png,extras,large power bank,power bank,power bank.,0.18,0.18,4,0.3673,"[1147.0283203125, 1655.2359619140625, 1697.523193359375, 1856.8206787109375]",1
frame_0006.png,extras,large power bank,battery pack,battery pack.,0.18,0.18,0,0.0,,0
frame_0006.png,extras,large power bank,large battery,large battery.,0.18,0.18,4,0.255,"[1030.4310302734375, 965.6549682617188, 1075.4498291015625, 996.1463012695312]",1
frame_0006.png,extras,large power bank,portable battery,portable battery.,0.18,0.18,3,0.266,"[1030.6739501953125, 966.3749389648438, 1074.8394775390625, 996.0008544921875]",1
frame_0006.png,extras,large power bank,rectangular battery box,rectangular battery box.,0.18,0.18,6,0.2312,"[893.9549560546875, 957.1636962890625, 931.1163940429688, 998.4049072265625]",1
frame_0006.png,extras,meeting table set,meeting table set,meeting table set.,0.2,0.2,6,0.4419,"[66.8973388671875, 840.0742797851562, 849.3071899414062, 1082.2607421875]",1
frame_0006.png,extras,meeting table set,large meeting table,large meeting table.,0.2,0.2,5,0.4138,"[1409.5546875, 825.5869750976562, 1711.3717041015625, 1098.5484619140625]",1
frame_0006.png,extras,meeting table set,conference table,conference table.,0.2,0.2,4,0.6084,"[1416.8658447265625, 833.4053344726562, 1708.8292236328125, 1085.8443603515625]",1
frame_0006.png,extras,meeting table set,long table with chairs,long table with chairs.,0.2,0.2,6,0.3965,"[416.4474182128906, 842.3976440429688, 844.5283203125, 1077.915771484375]",1
frame_0006.png,extras,meeting table set,office meeting table,office meeting table.,0.2,0.2,6,0.5501,"[119.02960968017578, 884.9578857421875, 360.6829833984375, 1029.864013671875]",1
frame_0006.png,extras,meeting table set,long rectangular table,long rectangular table.,0.2,0.2,4,0.4671,"[1414.0770263671875, 828.7554321289062, 1710.493896484375, 1087.8270263671875]",1
frame_0006.png,extras,plant pot,plant pot,plant pot.,0.2,0.2,1,0.2438,"[1160.4317626953125, 884.6136474609375, 1182.53271484375, 983.553955078125]",1
frame_0006.png,extras,plant pot,potted plant in plastic pot,potted plant in plastic pot.,0.2,0.2,4,0.3805,"[1151.818115234375, 876.07373046875, 1193.105224609375, 990.2473754882812]",1
frame_0006.png,extras,plant pot,potted plant,potted plant.,0.2,0.2,2,0.244,"[895.677978515625, 955.517822265625, 929.0343627929688, 996.0428466796875]",1
frame_0006.png,extras,plant pot,indoor potted plant,indoor potted plant.,0.2,0.2,0,0.0,,0
frame_0006.png,extras,plant pot,flower pot,flower pot.,0.2,0.2,2,0.2635,"[895.7222900390625, 959.032470703125, 928.567138671875, 995.86767578125]",1
frame_0006.png,extras,plant pot,plastic plant pot,plastic plant pot.,0.2,0.2,1,0.2362,"[894.0204467773438, 956.6251220703125, 931.2177124023438, 998.8470458984375]",1
frame_0006.png,extras,shoes,shoes,shoes.,0.18,0.18,2,0.2735,"[1148.4212646484375, 1657.7864990234375, 1695.5904541015625, 1856.7432861328125]",1
frame_0006.png,extras,shoes,pair of indoor shoes,pair of indoor shoes.,0.18,0.18,4,0.2774,"[1142.0050048828125, 1645.8470458984375, 1699.8424072265625, 1853.822265625]",1
frame_0006.png,extras,shoes,indoor shoes,indoor shoes.,0.18,0.18,14,0.3512,"[1148.5667724609375, 1655.9349365234375, 1696.110595703125, 1856.2777099609375]",1
frame_0006.png,extras,shoes,pair of shoes,pair of shoes.,0.18,0.18,8,0.2731,"[1141.495361328125, 1644.9759521484375, 1698.67431640625, 1854.5872802734375]",1
frame_0006.png,extras,shoes,sneakers,sneakers.,0.18,0.18,0,0.0,,0
frame_0006.png,extras,shoes,slippers,slippers.,0.18,0.18,0,0.0,,0
frame_0006.png,extras,shoes,shoe pair on floor,shoe pair on floor.,0.18,0.18,6,0.6085,"[9.853277206420898, 965.1161499023438, 2869.726806640625, 1847.8829345703125]",1
frame_0006.png,extras,trash bin,trash bin,trash bin.,0.2,0.2,0,0.0,,0
frame_0006.png,extras,trash bin,indoor trash bin,indoor trash bin.,0.2,0.2,0,0.0,,0
frame_0006.png,extras,trash bin,garbage bin,garbage bin.,0.2,0.2,0,0.0,,0
frame_0006.png,extras,trash bin,waste bin,waste bin.,0.2,0.2,0,0.0,,0
frame_0006.png,extras,trash bin,recycling bin,recycling bin.,0.2,0.2,0,0.0,,0
frame_0006.png,extras,trash bin,small trash can,small trash can.,0.2,0.2,2,0.4999,"[890.697998046875, 952.3615112304688, 933.9190673828125, 1001.863037109375]",1
frame_0006.png,extras,vacuum cleaner,vacuum cleaner,vacuum cleaner.,0.2,0.2,0,0.0,,0
frame_0006.png,extras,vacuum cleaner,upright vacuum cleaner,upright vacuum cleaner.,0.2,0.2,1,0.4213,"[1364.365478515625, 827.083984375, 1556.681884765625, 1104.31005859375]",1
frame_0006.png,extras,vacuum cleaner,stick vacuum,stick vacuum.,0.2,0.2,0,0.0,,0
frame_0006.png,extras,vacuum cleaner,household vacuum,household vacuum.,0.2,0.2,1,0.2054,"[1366.9351806640625, 830.0614013671875, 1552.31103515625, 1102.2418212890625]",1
frame_0006.png,extras,vacuum cleaner,robot vacuum,robot vacuum.,0.2,0.2,0,0.0,,0
frame_0006.png,extras,vacuum cleaner,cordless vacuum cleaner,cordless vacuum cleaner.,0.2,0.2,4,0.3938,"[1364.7144775390625, 828.1906127929688, 1554.97021484375, 1105.1173095703125]",1
frame_0007.png,production,meeting table set,ALL_GROUP,meeting table. conference table. table with chairs. meeting table set.,0.32,0.32,4,0.4093,"[53.97261047363281, 821.0497436523438, 848.4871826171875, 1085.8551025390625]",1
frame_0007.png,production,chair,ALL_GROUP,chair. chairs. armless chair.,0.36,0.36,4,0.435,"[57.28517150878906, 871.8982543945312, 187.62335205078125, 1030.743408203125]",1
frame_0007.png,production,bench,ALL_GROUP,bench. metal bench. waiting bench.,0.34,0.34,1,0.4666,"[1371.76123046875, 825.3123779296875, 1566.202880859375, 1102.2733154296875]",1
frame_0007.png,production,cardboard box+plant pot+shoes,ALL_GROUP,cardboard box. brown cardboard box. cardboard package. plant pot. potted plant. flower pot. indoor plant pot. shoes. pair of shoes. footwear. black shoes.,0.3,0.3,0,0.0,,0
frame_0007.png,production,trash bin+vacuum cleaner,ALL_GROUP,trash bin. trash can. waste bin. recycling bin. row of trash bins. vacuum cleaner. upright vacuum cleaner. cordless vacuum. floor cleaner.,0.25,0.25,0,0.0,,0
frame_0007.png,production,large power bank,ALL_GROUP,large power bank. portable power station. battery pack. power bank.,0.28,0.28,0,0.0,,0
frame_0007.png,production,door,ALL_GROUP,door. doors. dark door. elevator sliding door. sliding door.,0.26,0.26,1,0.3039,"[1437.299560546875, 628.3377075195312, 1561.7554931640625, 1061.003173828125]",1
frame_0007.png,production,electric vehicle,ALL_GROUP,electric vehicle. small electric vehicle. mobility scooter. scooter.,0.28,0.28,0,0.0,,0
frame_0007.png,extras,bench,bench,bench.,0.2,0.2,2,0.2898,"[1374.2685546875, 827.5958862304688, 1561.0875244140625, 1097.7625732421875]",1
frame_0007.png,extras,bench,metal bench,metal bench.,0.2,0.2,1,0.5577,"[1370.3253173828125, 824.0938110351562, 1566.2255859375, 1101.98291015625]",1
frame_0007.png,extras,bench,waiting bench,waiting bench.,0.2,0.2,2,0.536,"[1371.670654296875, 824.8145141601562, 1565.6865234375, 1100.794921875]",1
frame_0007.png,extras,bench,long bench,long bench.,0.2,0.2,3,0.4717,"[1372.582763671875, 824.8844604492188, 1564.8643798828125, 1096.6282958984375]",1
frame_0007.png,extras,bench,indoor bench,indoor bench.,0.2,0.2,3,0.4261,"[1373.5380859375, 826.0626831054688, 1563.424072265625, 1097.961669921875]",1
frame_0007.png,extras,cardboard box,cardboard box,cardboard box.,0.2,0.2,1,0.201,"[1556.52197265625, 2.8169596195220947, 2866.180908203125, 1325.220458984375]",1
frame_0007.png,extras,cardboard box,brown cardboard box,brown cardboard box.,0.2,0.2,2,0.4359,"[891.5513305664062, 952.7557373046875, 932.677978515625, 997.0299682617188]",1
frame_0007.png,extras,cardboard box,shipping box,shipping box.,0.2,0.2,0,0.0,,0
frame_0007.png,extras,cardboard box,package box,package box.,0.2,0.2,0,0.0,,0
frame_0007.png,extras,cardboard box,stacked box,stacked box.,0.2,0.2,0,0.0,,0
frame_0007.png,extras,cardboard box,box,box.,0.2,0.2,0,0.0,,0
frame_0007.png,extras,chair,chair,chair.,0.2,0.2,12,0.4917,"[1373.6597900390625, 827.0399780273438, 1561.63232421875, 1097.3790283203125]",1
frame_0007.png,extras,chair,armless chair,armless chair.,0.2,0.2,5,0.3472,"[1369.1435546875, 824.1510620117188, 1565.6566162109375, 1101.177490234375]",1
frame_0007.png,extras,chair,office chair,office chair.,0.2,0.2,21,0.6051,"[1373.0340576171875, 826.64794921875, 1562.8740234375, 1096.4417724609375]",1
frame_0007.png,extras,chair,swivel chair,swivel chair.,0.2,0.2,4,0.3621,"[1368.506591796875, 823.412841796875, 1566.1585693359375, 1102.6524658203125]",1
frame_0007.png,extras,chair,rolling chair,rolling chair.,0.2,0.2,9,0.4823,"[1371.1754150390625, 825.0491943359375, 1564.579833984375, 1100.49755859375]",1
frame_0007.png,extras,chair,stool chair,stool chair.,0.2,0.2,24,0.491,"[59.4111442565918, 873.8047485351562, 185.4365234375, 1028.9683837890625]",1
frame_0007.png,extras,door,door,door.,0.2,0.2,4,0.2634,"[1441.543212890625, 630.513427734375, 1557.380615234375, 1040.1751708984375]",1
frame_0007.png,extras,door,dark door surface,dark door surface.,0.2,0.2,2,0.3315,"[1427.3963623046875, 468.8293151855469, 1589.2493896484375, 1073.638671875]",1
frame_0007.png,extras,door,wooden door,wooden door.,0.2,0.2,5,0.3542,"[1438.1199951171875, 628.84619140625, 1559.006591796875, 1048.826171875]",1
frame_0007.png,extras,door,closed door,closed door.,0.2,0.2,5,0.3196,"[1236.242431640625, 886.38623046875, 1408.9217529296875, 983.6043701171875]",1
frame_0007.png,extras,door,interior door,interior door.,0.2,0.2,9,0.3302,"[1439.18603515625, 630.086669921875, 1560.0269775390625, 1045.701416015625]",1
frame_0007.png,extras,electric vehicle,electric vehicle,electric vehicle.,0.2,0.2,0,0.0,,0
frame_0007.png,extras,electric vehicle,small electric vehicle,small electric vehicle.,0.2,0.2,2,0.5139,"[1144.7769775390625, 1644.099853515625, 1698.353759765625, 1854.9488525390625]",1
frame_0007.png,extras,electric vehicle,electric cart,electric cart.,0.2,0.2,0,0.0,,0
frame_0007.png,extras,electric vehicle,small electric cart,small electric cart.,0.2,0.2,3,0.5196,"[1367.9610595703125, 822.993408203125, 1570.252685546875, 1106.5712890625]",1
frame_0007.png,extras,electric vehicle,compact electric car,compact electric car.,0.2,0.2,3,0.4251,"[1148.108154296875, 1650.1019287109375, 1697.313232421875, 1854.5806884765625]",1
frame_0007.png,extras,electric vehicle,indoor electric vehicle,indoor electric vehicle.,0.2,0.2,2,0.4935,"[6.110286712646484, 4.549219608306885, 2873.15380859375, 1851.5172119140625]",1
frame_0007.png,extras,electric vehicle,robot platform,robot platform.,0.2,0.2,7,0.5094,"[1389.9375, 825.77978515625, 1724.5859375, 1108.7906494140625]",1
frame_0007.png,extras,large power bank,large power bank,large power bank.,0.18,0.18,3,0.4491,"[1500.240966796875, 4.405317306518555, 2870.52490234375, 1328.9962158203125]",1
frame_0007.png,extras,large power bank,portable power bank battery,portable power bank battery.,0.18,0.18,3,0.3203,"[1029.6153564453125, 960.9200439453125, 1075.711181640625, 994.5670166015625]",1
frame_0007.png,extras,large power bank,power bank,power bank.,0.18,0.18,5,0.3761,"[1151.4736328125, 1654.0565185546875, 1696.7816162109375, 1856.9285888671875]",1
frame_0007.png,extras,large power bank,battery pack,battery pack.,0.18,0.18,1,0.2045,"[1031.812744140625, 962.7359008789062, 1074.3533935546875, 993.2347412109375]",1
frame_0007.png,extras,large power bank,large battery,large battery.,0.18,0.18,3,0.2447,"[1030.088134765625, 961.1489868164062, 1075.6192626953125, 994.1061401367188]",1
frame_0007.png,extras,large power bank,portable battery,portable battery.,0.18,0.18,2,0.3063,"[1030.4107666015625, 961.74267578125, 1075.1260986328125, 994.1224365234375]",1
frame_0007.png,extras,large power bank,rectangular battery box,rectangular battery box.,0.18,0.18,6,0.2184,"[892.849853515625, 954.5167236328125, 930.87353515625, 995.6630249023438]",1
frame_0007.png,extras,meeting table set,meeting table set,meeting table set.,0.2,0.2,4,0.4696,"[404.7890319824219, 840.5455932617188, 841.735107421875, 1079.61767578125]",1
frame_0007.png,extras,meeting table set,large meeting table,large meeting table.,0.2,0.2,4,0.434,"[1418.119873046875, 818.9121704101562, 1727.150146484375, 1101.574462890625]",1
frame_0007.png,extras,meeting table set,conference table,conference table.,0.2,0.2,4,0.6057,"[1426.3873291015625, 826.4089965820312, 1724.5531005859375, 1088.8421630859375]",1
frame_0007.png,extras,meeting table set,long table with chairs,long table with chairs.,0.2,0.2,6,0.3588,"[1415.0577392578125, 816.5728759765625, 1727.8248291015625, 1108.243896484375]",1
frame_0007.png,extras,meeting table set,office meeting table,office meeting table.,0.2,0.2,5,0.5529,"[1424.1005859375, 824.9170532226562, 1724.8975830078125, 1100.1097412109375]",1
frame_0007.png,extras,meeting table set,long rectangular table,long rectangular table.,0.2,0.2,3,0.5145,"[1425.605712890625, 821.8109130859375, 1726.359619140625, 1091.314697265625]",1
frame_0007.png,extras,plant pot,plant pot,plant pot.,0.2,0.2,2,0.2552,"[894.6383056640625, 954.0773315429688, 928.9022827148438, 993.9784545898438]",1
frame_0007.png,extras,plant pot,potted plant in plastic pot,potted plant in plastic pot.,0.2,0.2,5,0.3948,"[1153.165283203125, 871.4808349609375, 1195.0897216796875, 988.3589477539062]",1
frame_0007.png,extras,plant pot,potted plant,potted plant.,0.2,0.2,2,0.2959,"[894.697265625, 950.9920043945312, 929.16845703125, 993.9210205078125]",1
frame_0007.png,extras,plant pot,indoor potted plant,indoor potted plant.,0.2,0.2,0,0.0,,0
frame_0007.png,extras,plant pot,flower pot,flower pot.,0.2,0.2,3,0.2812,"[894.5845336914062, 956.2985229492188, 928.6831665039062, 994.0419311523438]",1
frame_0007.png,extras,plant pot,plastic plant pot,plastic plant pot.,0.2,0.2,1,0.2391,"[893.0382080078125, 953.7346801757812, 930.9006958007812, 996.640380859375]",1
frame_0007.png,extras,shoes,shoes,shoes.,0.18,0.18,2,0.2588,"[1153.5875244140625, 1656.808837890625, 1694.14599609375, 1856.8685302734375]",1
frame_0007.png,extras,shoes,pair of indoor shoes,pair of indoor shoes.,0.18,0.18,5,0.2562,"[1146.5262451171875, 1645.4888916015625, 1700.3695068359375, 1853.717529296875]",1
frame_0007.png,extras,shoes,indoor shoes,indoor shoes.,0.18,0.18,10,0.3441,"[1152.821533203125, 1654.9998779296875, 1695.700927734375, 1856.37353515625]",1
frame_0007.png,extras,shoes,pair of shoes,pair of shoes.,0.18,0.18,10,0.2879,"[442.35308837890625, 1016.2054443359375, 563.4208984375, 1068.6766357421875]",1
frame_0007.png,extras,shoes,sneakers,sneakers.,0.18,0.18,0,0.0,,0
frame_0007.png,extras,shoes,slippers,slippers.,0.18,0.18,0,0.0,,0
frame_0007.png,extras,shoes,shoe pair on floor,shoe pair on floor.,0.18,0.18,7,0.6152,"[9.619817733764648, 965.4090576171875, 2869.578125, 1847.845458984375]",1
frame_0007.png,extras,trash bin,trash bin,trash bin.,0.2,0.2,0,0.0,,0
frame_0007.png,extras,trash bin,indoor trash bin,indoor trash bin.,0.2,0.2,0,0.0,,0
frame_0007.png,extras,trash bin,garbage bin,garbage bin.,0.2,0.2,0,0.0,,0
frame_0007.png,extras,trash bin,waste bin,waste bin.,0.2,0.2,0,0.0,,0
frame_0007.png,extras,trash bin,recycling bin,recycling bin.,0.2,0.2,0,0.0,,0
frame_0007.png,extras,trash bin,small trash can,small trash can.,0.2,0.2,2,0.4999,"[889.9075317382812, 949.5252685546875, 933.43017578125, 999.4176635742188]",1
frame_0007.png,extras,vacuum cleaner,vacuum cleaner,vacuum cleaner.,0.2,0.2,0,0.0,,0
frame_0007.png,extras,vacuum cleaner,upright vacuum cleaner,upright vacuum cleaner.,0.2,0.2,1,0.4162,"[1369.0125732421875, 822.1661987304688, 1567.4532470703125, 1102.858154296875]",1
frame_0007.png,extras,vacuum cleaner,stick vacuum,stick vacuum.,0.2,0.2,0,0.0,,0
frame_0007.png,extras,vacuum cleaner,household vacuum,household vacuum.,0.2,0.2,1,0.2088,"[1372.7177734375, 825.4528198242188, 1563.3531494140625, 1101.1336669921875]",1
frame_0007.png,extras,vacuum cleaner,robot vacuum,robot vacuum.,0.2,0.2,0,0.0,,0
frame_0007.png,extras,vacuum cleaner,cordless vacuum cleaner,cordless vacuum cleaner.,0.2,0.2,4,0.4219,"[1369.255126953125, 823.1982421875, 1566.1011962890625, 1105.0780029296875]",1
frame_0008.png,production,meeting table set,ALL_GROUP,meeting table. conference table. table with chairs. meeting table set.,0.32,0.32,4,0.4155,"[48.52412414550781, 816.0783081054688, 846.7103881835938, 1085.8792724609375]",1
frame_0008.png,production,chair,ALL_GROUP,chair. chairs. armless chair.,0.36,0.36,3,0.471,"[1377.7017822265625, 822.4328002929688, 1571.10986328125, 1100.341796875]",1
frame_0008.png,production,bench,ALL_GROUP,bench. metal bench. waiting bench.,0.34,0.34,1,0.4627,"[1377.874755859375, 821.7923583984375, 1571.4033203125, 1101.9080810546875]",1
frame_0008.png,production,cardboard box+plant pot+shoes,ALL_GROUP,cardboard box. brown cardboard box. cardboard package. plant pot. potted plant. flower pot. indoor plant pot. shoes. pair of shoes. footwear. black shoes.,0.3,0.3,0,0.0,,0
frame_0008.png,production,trash bin+vacuum cleaner,ALL_GROUP,trash bin. trash can. waste bin. recycling bin. row of trash bins. vacuum cleaner. upright vacuum cleaner. cordless vacuum. floor cleaner.,0.25,0.25,0,0.0,,0
frame_0008.png,production,large power bank,ALL_GROUP,large power bank. portable power station. battery pack. power bank.,0.28,0.28,0,0.0,,0
frame_0008.png,production,door,ALL_GROUP,door. doors. dark door. elevator sliding door. sliding door.,0.26,0.26,0,0.0,,0
frame_0008.png,production,electric vehicle,ALL_GROUP,electric vehicle. small electric vehicle. mobility scooter. scooter.,0.28,0.28,0,0.0,,0
frame_0008.png,extras,bench,bench,bench.,0.2,0.2,2,0.2751,"[1380.965576171875, 823.8359985351562, 1567.2186279296875, 1097.401123046875]",1
frame_0008.png,extras,bench,metal bench,metal bench.,0.2,0.2,1,0.5087,"[1377.41796875, 820.6517944335938, 1571.9703369140625, 1100.551025390625]",1
frame_0008.png,extras,bench,waiting bench,waiting bench.,0.2,0.2,2,0.4721,"[1378.249755859375, 821.4655151367188, 1571.146484375, 1101.019775390625]",1
frame_0008.png,extras,bench,long bench,long bench.,0.2,0.2,5,0.3707,"[1379.4609375, 821.3639526367188, 1570.7275390625, 1096.40625]",1
frame_0008.png,extras,bench,indoor bench,indoor bench.,0.2,0.2,3,0.3619,"[1380.0252685546875, 822.398193359375, 1569.2232666015625, 1097.040283203125]",1
frame_0008.png,extras,cardboard box,cardboard box,cardboard box.,0.2,0.2,1,0.2132,"[1563.5472412109375, 2.738633632659912, 2863.93994140625, 1335.7728271484375]",1
frame_0008.png,extras,cardboard box,brown cardboard box,brown cardboard box.,0.2,0.2,2,0.4617,"[891.3700561523438, 951.7609252929688, 932.351806640625, 994.750732421875]",1
frame_0008.png,extras,cardboard box,shipping box,shipping box.,0.2,0.2,0,0.0,,0
frame_0008.png,extras,cardboard box,package box,package box.,0.2,0.2,0,0.0,,0
frame_0008.png,extras,cardboard box,stacked box,stacked box.,0.2,0.2,0,0.0,,0
frame_0008.png,extras,cardboard box,box,box.,0.2,0.2,0,0.0,,0
frame_0008.png,extras,chair,chair,chair.,0.2,0.2,12,0.4653,"[1379.7835693359375, 823.2478637695312, 1568.8040771484375, 1098.208984375]",1
frame_0008.png,extras,chair,armless chair,armless chair.,0.2,0.2,5,0.3668,"[1375.6314697265625, 820.811279296875, 1572.352294921875, 1101.653564453125]",1
frame_0008.png,extras,chair,office chair,office chair.,0.2,0.2,20,0.6198,"[1378.5146484375, 823.4916381835938, 1569.7265625, 1096.9779052734375]",1
frame_0008.png,extras,chair,swivel chair,swivel chair.,0.2,0.2,3,0.3778,"[1374.6893310546875, 820.5818481445312, 1572.7752685546875, 1103.3685302734375]",1
frame_0008.png,extras,chair,rolling chair,rolling chair.,0.2,0.2,13,0.4937,"[1377.4127197265625, 821.6067504882812, 1570.8399658203125, 1100.677001953125]",1
frame_0008.png,extras,chair,stool chair,stool chair.,0.2,0.2,23,0.5415,"[1379.0205078125, 823.1923217773438, 1569.260498046875, 1095.7454833984375]",1
frame_0008.png,extras,door,door,door.,0.2,0.2,4,0.2526,"[1442.986572265625, 630.422119140625, 1560.2999267578125, 1032.8974609375]",1
frame_0008.png,extras,door,dark door surface,dark door surface.,0.2,0.2,3,0.3207,"[2594.29296875, 52.63875198364258, 2873.60693359375, 1168.326171875]",1
frame_0008.png,extras,door,wooden door,wooden door.,0.2,0.2,5,0.3453,"[1439.9112548828125, 628.2294311523438, 1562.4400634765625, 1036.9306640625]",1
frame_0008.png,extras,door,closed door,closed door.,0.2,0.2,5,0.2891,"[1439.5980224609375, 627.1889038085938, 1567.013671875, 1038.3331298828125]",1
frame_0008.png,extras,door,interior door,interior door.,0.2,0.2,11,0.3147,"[1441.159423828125, 628.6356201171875, 1564.73779296875, 1039.3780517578125]",1
frame_0008.png,extras,electric vehicle,electric vehicle,electric vehicle.,0.2,0.2,0,0.0,,0
frame_0008.png,extras,electric vehicle,small electric vehicle,small electric vehicle.,0.2,0.2,3,0.4735,"[1143.3375244140625, 1645.466796875, 1696.8035888671875, 1854.4990234375]",1
frame_0008.png,extras,electric vehicle,electric cart,electric cart.,0.2,0.2,0,0.0,,0
frame_0008.png,extras,electric vehicle,small electric cart,small electric cart.,0.2,0.2,5,0.4317,"[1374.6121826171875, 821.8703002929688, 1576.598876953125, 1106.856689453125]",1
frame_0008.png,extras,electric vehicle,compact electric car,compact electric car.,0.2,0.2,3,0.4011,"[1146.1094970703125, 1651.1033935546875, 1696.757568359375, 1854.3243408203125]",1
frame_0008.png,extras,electric vehicle,indoor electric vehicle,indoor electric vehicle.,0.2,0.2,2,0.4945,"[6.586132049560547, 4.624441146850586, 2872.683349609375, 1850.7935791015625]",1
frame_0008.png,extras,electric vehicle,robot platform,robot platform.,0.2,0.2,5,0.5245,"[1416.9398193359375, 823.568115234375, 1736.5606689453125, 1110.5433349609375]",1
frame_0008.png,extras,large power bank,large power bank,large power bank.,0.18,0.18,4,0.4213,"[1497.7142333984375, 4.641015529632568, 2870.285400390625, 1340.2086181640625]",1
frame_0008.png,extras,large power bank,portable power bank battery,portable power bank battery.,0.18,0.18,3,0.3691,"[1030.6279296875, 958.8138427734375, 1075.7620849609375, 993.2113647460938]",1
frame_0008.png,extras,large power bank,power bank,power bank.,0.18,0.18,6,0.3519,"[1148.630859375, 1655.0667724609375, 1696.0950927734375, 1856.76025390625]",1
frame_0008.png,extras,large power bank,battery pack,battery pack.,0.18,0.18,1,0.2038,"[1032.5322265625, 960.8298950195312, 1074.2840576171875, 991.6085815429688]",1
frame_0008.png,extras,large power bank,large battery,large battery.,0.18,0.18,4,0.2681,"[1030.917236328125, 958.7429809570312, 1075.7310791015625, 992.9706420898438]",1
frame_0008.png,extras,large power bank,portable battery,portable battery.,0.18,0.18,2,0.3465,"[1031.323486328125, 959.4238891601562, 1075.2423095703125, 992.8733520507812]",1
frame_0008.png,extras,large power bank,rectangular battery box,rectangular battery box.,0.18,0.18,9,0.2389,"[892.4033203125, 954.0604858398438, 930.4783325195312, 993.646484375]",1
frame_0008.png,extras,meeting table set,meeting table set,meeting table set.,0.2,0.2,4,0.4874,"[398.4288024902344, 835.369384765625, 840.3607177734375, 1079.59423828125]",1
frame_0008.png,extras,meeting table set,large meeting table,large meeting table.,0.2,0.2,3,0.44,"[1422.274169921875, 816.5986938476562, 1738.267333984375, 1106.429443359375]",1
frame_0008.png,extras,meeting table set,conference table,conference table.,0.2,0.2,4,0.6121,"[1429.8739013671875, 823.70556640625, 1735.776123046875, 1096.4898681640625]",1
frame_0008.png,extras,meeting table set,long table with chairs,long table with chairs.,0.2,0.2,5,0.3979,"[1415.10498046875, 812.9429321289062, 1738.8218994140625, 1111.509765625]",1
frame_0008.png,extras,meeting table set,office meeting table,office meeting table.,0.2,0.2,4,0.5432,"[1428.602783203125, 822.377197265625, 1735.9232177734375, 1104.9349365234375]",1
frame_0008.png,extras,meeting table set,long rectangular table,long rectangular table.,0.2,0.2,3,0.5063,"[1428.314208984375, 819.137451171875, 1737.273681640625, 1098.219482421875]",1
frame_0008.png,extras,plant pot,plant pot,plant pot.,0.2,0.2,2,0.2682,"[894.0376586914062, 953.711181640625, 928.5997924804688, 991.949951171875]",1
frame_0008.png,extras,plant pot,potted plant in plastic pot,potted plant in plastic pot.,0.2,0.2,6,0.351,"[887.68896484375, 942.21337890625, 935.160400390625, 999.0521240234375]",1
frame_0008.png,extras,plant pot,potted plant,potted plant.,0.2,0.2,2,0.326,"[893.6854248046875, 949.2114868164062, 928.89697265625, 992.4161376953125]",1
frame_0008.png,extras,plant pot,indoor potted plant,indoor potted plant.,0.2,0.2,0,0.0,,0
frame_0008.png,extras,plant pot,flower pot,flower pot.,0.2,0.2,2,0.2819,"[894.180419921875, 955.9013061523438, 928.0383911132812, 992.0316772460938]",1
frame_0008.png,extras,plant pot,plastic plant pot,plastic plant pot.,0.2,0.2,1,0.2439,"[892.745849609375, 953.1268310546875, 930.372314453125, 994.4757690429688]",1
frame_0008.png,extras,shoes,shoes,shoes.,0.18,0.18,2,0.2689,"[1.0045623779296875, 1739.4461669921875, 448.4923400878906, 1856.81298828125]",1
frame_0008.png,extras,shoes,pair of indoor shoes,pair of indoor shoes.,0.18,0.18,7,0.2922,"[2.942683696746826, 1728.0264892578125, 448.337646484375, 1854.7327880859375]",1
frame_0008.png,extras,shoes,indoor shoes,indoor shoes.,0.18,0.18,11,0.3442,"[1149.5494384765625, 1655.7752685546875, 1694.586181640625, 1856.355712890625]",1
frame_0008.png,extras,shoes,pair of shoes,pair of shoes.,0.18,0.18,6,0.2827,"[2.630753517150879, 1728.0255126953125, 447.2375793457031, 1855.259521484375]",1
frame_0008.png,extras,shoes,sneakers,sneakers.,0.18,0.18,1,0.1987,"[1.0283374786376953, 1740.306396484375, 448.2455749511719, 1856.8497314453125]",1
frame_0008.png,extras,shoes,slippers,slippers.,0.18,0.18,0,0.0,,0
frame_0008.png,extras,shoes,shoe pair on floor,shoe pair on floor.,0.18,0.18,4,0.597,"[9.495878219604492, 962.8458862304688, 2869.4208984375, 1847.9307861328125]",1
frame_0008.png,extras,trash bin,trash bin,trash bin.,0.2,0.2,0,0.0,,0
frame_0008.png,extras,trash bin,indoor trash bin,indoor trash bin.,0.2,0.2,0,0.0,,0
frame_0008.png,extras,trash bin,garbage bin,garbage bin.,0.2,0.2,0,0.0,,0
frame_0008.png,extras,trash bin,waste bin,waste bin.,0.2,0.2,0,0.0,,0
frame_0008.png,extras,trash bin,recycling bin,recycling bin.,0.2,0.2,0,0.0,,0
frame_0008.png,extras,trash bin,small trash can,small trash can.,0.2,0.2,1,0.5426,"[889.6754150390625, 948.7091674804688, 932.9198608398438, 997.5341796875]",1
frame_0008.png,extras,vacuum cleaner,vacuum cleaner,vacuum cleaner.,0.2,0.2,0,0.0,,0
frame_0008.png,extras,vacuum cleaner,upright vacuum cleaner,upright vacuum cleaner.,0.2,0.2,2,0.3148,"[1375.22021484375, 818.44775390625, 1572.973388671875, 1101.507568359375]",1
frame_0008.png,extras,vacuum cleaner,stick vacuum,stick vacuum.,0.2,0.2,0,0.0,,0
frame_0008.png,extras,vacuum cleaner,household vacuum,household vacuum.,0.2,0.2,0,0.0,,0
frame_0008.png,extras,vacuum cleaner,robot vacuum,robot vacuum.,0.2,0.2,0,0.0,,0
frame_0008.png,extras,vacuum cleaner,cordless vacuum cleaner,cordless vacuum cleaner.,0.2,0.2,5,0.3286,"[1375.289794921875, 819.539794921875, 1572.0264892578125, 1103.6446533203125]",1
frame_0009.png,production,meeting table set,ALL_GROUP,meeting table. conference table. table with chairs. meeting table set.,0.32,0.32,4,0.4024,"[40.76266860961914, 812.2252807617188, 844.772216796875, 1086.244140625]",1
frame_0009.png,production,chair,ALL_GROUP,chair. chairs. armless chair.,0.36,0.36,4,0.4709,"[1382.428955078125, 823.8836669921875, 1582.1414794921875, 1104.2158203125]",1
frame_0009.png,production,bench,ALL_GROUP,bench. metal bench. waiting bench.,0.34,0.34,1,0.4905,"[1381.6669921875, 821.5724487304688, 1583.6273193359375, 1104.692626953125]",1
frame_0009.png,production,cardboard box+plant pot+shoes,ALL_GROUP,cardboard box. brown cardboard box. cardboard package. plant pot. potted plant. flower pot. indoor plant pot. shoes. pair of shoes. footwear. black shoes.,0.3,0.3,0,0.0,,0
frame_0009.png,production,trash bin+vacuum cleaner,ALL_GROUP,trash bin. trash can. waste bin. recycling bin. row of trash bins. vacuum cleaner. upright vacuum cleaner. cordless vacuum. floor cleaner.,0.25,0.25,0,0.0,,0
frame_0009.png,production,large power bank,ALL_GROUP,large power bank. portable power station. battery pack. power bank.,0.28,0.28,0,0.0,,0
frame_0009.png,production,door,ALL_GROUP,door. doors. dark door. elevator sliding door. sliding door.,0.26,0.26,1,0.2858,"[1.24769926071167, 525.8148193359375, 110.15743255615234, 1031.8074951171875]",1
frame_0009.png,production,electric vehicle,ALL_GROUP,electric vehicle. small electric vehicle. mobility scooter. scooter.,0.28,0.28,0,0.0,,0
frame_0009.png,extras,bench,bench,bench.,0.2,0.2,3,0.2421,"[1385.8392333984375, 826.0322265625, 1578.1903076171875, 1098.97119140625]",1
frame_0009.png,extras,bench,metal bench,metal bench.,0.2,0.2,1,0.5216,"[1381.076416015625, 820.2324829101562, 1583.873046875, 1103.392333984375]",1
frame_0009.png,extras,bench,waiting bench,waiting bench.,0.2,0.2,3,0.4911,"[1381.7835693359375, 820.1453247070312, 1583.18359375, 1104.5377197265625]",1
frame_0009.png,extras,bench,long bench,long bench.,0.2,0.2,6,0.3295,"[1383.2083740234375, 821.5938110351562, 1581.933349609375, 1101.135009765625]",1
frame_0009.png,extras,bench,indoor bench,indoor bench.,0.2,0.2,3,0.3309,"[1383.7586669921875, 823.9609985351562, 1581.0166015625, 1100.7998046875]",1
frame_0009.png,extras,cardboard box,cardboard box,cardboard box.,0.2,0.2,1,0.2252,"[1571.54736328125, 3.014575958251953, 2873.68603515625, 1352.263427734375]",1
frame_0009.png,extras,cardboard box,brown cardboard box,brown cardboard box.,0.2,0.2,2,0.4796,"[1565.0196533203125, 3.922224521636963, 2872.12353515625, 1355.29443359375]",1
frame_0009.png,extras,cardboard box,shipping box,shipping box.,0.2,0.2,0,0.0,,0
frame_0009.png,extras,cardboard box,package box,package box.,0.2,0.2,0,0.0,,0
frame_0009.png,extras,cardboard box,stacked box,stacked box.,0.2,0.2,0,0.0,,0
frame_0009.png,extras,cardboard box,box,box.,0.2,0.2,0,0.0,,0
frame_0009.png,extras,chair,chair,chair.,0.2,0.2,14,0.4184,"[1384.7916259765625, 823.875732421875, 1579.0439453125, 1102.2484130859375]",1
frame_0009.png,extras,chair,armless chair,armless chair.,0.2,0.2,4,0.4342,"[1379.09326171875, 821.14892578125, 1582.382080078125, 1104.649658203125]",1
frame_0009.png,extras,chair,office chair,office chair.,0.2,0.2,22,0.6029,"[1382.8992919921875, 828.8753051757812, 1580.2467041015625, 1102.2969970703125]",1
frame_0009.png,extras,chair,swivel chair,swivel chair.,0.2,0.2,3,0.4093,"[1378.176025390625, 820.5407104492188, 1583.07373046875, 1105.8397216796875]",1
frame_0009.png,extras,chair,rolling chair,rolling chair.,0.2,0.2,12,0.5209,"[1380.8321533203125, 823.77685546875, 1581.14990234375, 1103.9656982421875]",1
frame_0009.png,extras,chair,stool chair,stool chair.,0.2,0.2,27,0.54,"[1382.85546875, 827.4467163085938, 1579.720458984375, 1098.8616943359375]",1
frame_0009.png,extras,door,door,door.,0.2,0.2,3,0.2488,"[1444.622314453125, 694.7811279296875, 1538.6148681640625, 1031.166259765625]",1
frame_0009.png,extras,door,dark door surface,dark door surface.,0.2,0.2,3,0.3084,"[2615.965576171875, 42.55123519897461, 2874.91064453125, 1175.598876953125]",1
frame_0009.png,extras,door,wooden door,wooden door.,0.2,0.2,5,0.2885,"[1441.4814453125, 694.1986694335938, 1537.5521240234375, 1035.43505859375]",1
frame_0009.png,extras,door,closed door,closed door.,0.2,0.2,4,0.305,"[1239.5823974609375, 884.8356323242188, 1419.1932373046875, 981.713134765625]",1
frame_0009.png,extras,door,interior door,interior door.,0.2,0.2,10,0.2678,"[76.4377670288086, 668.8872680664062, 1447.74462890625, 1000.9208984375]",1
frame_0009.png,extras,electric vehicle,electric vehicle,electric vehicle.,0.2,0.2,0,0.0,,0
frame_0009.png,extras,electric vehicle,small electric vehicle,small electric vehicle.,0.2,0.2,2,0.4822,"[1145.51416015625, 1644.40478515625, 1696.1390380859375, 1854.5333251953125]",1
frame_0009.png,extras,electric vehicle,electric cart,electric cart.,0.2,0.2,0,0.0,,0
frame_0009.png,extras,electric vehicle,small electric cart,small electric cart.,0.2,0.2,5,0.4901,"[1378.4293212890625, 823.0687866210938, 1586.130126953125, 1108.981201171875]",1
frame_0009.png,extras,electric vehicle,compact electric car,compact electric car.,0.2,0.2,4,0.4044,"[1147.8223876953125, 1650.0133056640625, 1696.0755615234375, 1854.3330078125]",1
frame_0009.png,extras,electric vehicle,indoor electric vehicle,indoor electric vehicle.,0.2,0.2,2,0.4938,"[6.497898101806641, 4.7110819816589355, 2872.7763671875, 1850.6866455078125]",1
frame_0009.png,extras,electric vehicle,robot platform,robot platform.,0.2,0.2,5,0.4846,"[1422.427001953125, 821.6180419921875, 1746.7674560546875, 1113.7379150390625]",1
frame_0009.png,extras,large power bank,large power bank,large power bank.,0.18,0.18,4,0.4119,"[1519.6732177734375, 5.244396209716797, 2871.324951171875, 1356.9827880859375]",1
frame_0009.png,extras,large power bank,portable power bank battery,portable power bank battery.,0.18,0.18,6,0.3384,"[1030.8565673828125, 957.52978515625, 1076.234130859375, 992.0302124023438]",1
frame_0009.png,extras,large power bank,power bank,power bank.,0.18,0.18,5,0.3518,"[1550.662353515625, 1.5436238050460815, 2874.63720703125, 1352.371826171875]",1
frame_0009.png,extras,large power bank,battery pack,battery pack.,0.18,0.18,1,0.2008,"[1032.712158203125, 959.4970703125, 1074.9219970703125, 990.4274291992188]",1
frame_0009.png,extras,large power bank,large battery,large battery.,0.18,0.18,4,0.2687,"[1030.99072265625, 957.49365234375, 1076.36572265625, 991.8623657226562]",1
frame_0009.png,extras,large power bank,portable battery,portable battery.,0.18,0.18,2,0.3305,"[1031.4229736328125, 958.1018676757812, 1075.8883056640625, 991.5552368164062]",1
frame_0009.png,extras,large power bank,rectangular battery box,rectangular battery box.,0.18,0.18,8,0.2581,"[892.4344482421875, 953.22705078125, 930.445068359375, 992.5819702148438]",1
frame_0009.png,extras,meeting table set,meeting table set,meeting table set.,0.2,0.2,4,0.5175,"[391.9439392089844, 831.3040771484375, 837.75634765625, 1079.3963623046875]",1
frame_0009.png,extras,meeting table set,large meeting table,large meeting table.,0.2,0.2,3,0.4649,"[1426.456298828125, 814.4586181640625, 1748.8631591796875, 1109.676513671875]",1
frame_0009.png,extras,meeting table set,conference table,conference table.,0.2,0.2,4,0.5992,"[1434.5908203125, 821.9136352539062, 1746.4027099609375, 1103.592041015625]",1
frame_0009.png,extras,meeting table set,long table with chairs,long table with chairs.,0.2,0.2,5,0.4053,"[393.68353271484375, 832.0115966796875, 836.7590942382812, 1075.8076171875]",1
frame_0009.png,extras,meeting table set,office meeting table,office meeting table.,0.2,0.2,3,0.5848,"[97.21298217773438, 872.9439086914062, 342.4712219238281, 1022.2025756835938]",1
frame_0009.png,extras,meeting table set,long rectangular table,long rectangular table.,0.2,0.2,3,0.4929,"[1432.4696044921875, 817.2695922851562, 1748.26123046875, 1102.305908203125]",1
frame_0009.png,extras,plant pot,plant pot,plant pot.,0.2,0.2,1,0.221,"[894.3412475585938, 955.2188110351562, 928.1918334960938, 990.7077026367188]",1
frame_0009.png,extras,plant pot,potted plant in plastic pot,potted plant in plastic pot.,0.2,0.2,5,0.3169,"[1156.0145263671875, 869.6356201171875, 1196.2801513671875, 985.2776489257812]",1
frame_0009.png,extras,plant pot,potted plant,potted plant.,0.2,0.2,1,0.2521,"[894.3973388671875, 953.6180419921875, 928.2789916992188, 990.8880615234375]",1
frame_0009.png,extras,plant pot,indoor potted plant,indoor potted plant.,0.2,0.2,0,0.0,,0
frame_0009.png,extras,plant pot,flower pot,flower pot.,0.2,0.2,1,0.2353,"[894.4683227539062, 956.0751342773438, 927.8533325195312, 990.7484741210938]",1
frame_0009.png,extras,plant pot,plastic plant pot,plastic plant pot.,0.2,0.2,1,0.2208,"[892.5479125976562, 952.8528442382812, 929.8789672851562, 993.0519409179688]",1
frame_0009.png,extras,shoes,shoes,shoes.,0.18,0.18,2,0.2822,"[1.038980484008789, 1738.9674072265625, 446.5108947753906, 1856.870361328125]",1
frame_0009.png,extras,shoes,pair of indoor shoes,pair of indoor shoes.,0.18,0.18,6,0.3104,"[3.043363094329834, 1727.7301025390625, 448.9426574707031, 1854.8272705078125]",1
frame_0009.png,extras,shoes,indoor shoes,indoor shoes.,0.18,0.18,11,0.3384,"[1152.2730712890625, 1655.026123046875, 1693.5362548828125, 1856.442626953125]",1
frame_0009.png,extras,shoes,pair of shoes,pair of shoes.,0.18,0.18,8,0.3133,"[2.5797271728515625, 1727.3221435546875, 447.9242248535156, 1855.35693359375]",1
frame_0009.png,extras,shoes,sneakers,sneakers.,0.18,0.18,1,0.1822,"[1.0507822036743164, 1739.981689453125, 446.1144104003906, 1856.9237060546875]",1
frame_0009.png,extras,shoes,slippers,slippers.,0.18,0.18,0,0.0,,0
frame_0009.png,extras,shoes,shoe pair on floor,shoe pair on floor.,0.18,0.18,4,0.5969,"[9.827613830566406, 961.103515625, 2869.4130859375, 1847.8494873046875]",1
frame_0009.png,extras,trash bin,trash bin,trash bin.,0.2,0.2,0,0.0,,0
frame_0009.png,extras,trash bin,indoor trash bin,indoor trash bin.,0.2,0.2,1,0.2057,"[892.2797241210938, 952.3303833007812, 930.1251831054688, 992.769775390625]",1
frame_0009.png,extras,trash bin,garbage bin,garbage bin.,0.2,0.2,0,0.0,,0
frame_0009.png,extras,trash bin,waste bin,waste bin.,0.2,0.2,0,0.0,,0
frame_0009.png,extras,trash bin,recycling bin,recycling bin.,0.2,0.2,1,0.2166,"[893.177734375, 953.7382202148438, 929.6190795898438, 991.920654296875]",1
frame_0009.png,extras,trash bin,small trash can,small trash can.,0.2,0.2,1,0.5266,"[889.562744140625, 947.642578125, 932.739501953125, 996.0822143554688]",1
frame_0009.png,extras,vacuum cleaner,vacuum cleaner,vacuum cleaner.,0.2,0.2,0,0.0,,0
frame_0009.png,extras,vacuum cleaner,upright vacuum cleaner,upright vacuum cleaner.,0.2,0.2,2,0.245,"[1379.7236328125, 819.1516723632812, 1581.784423828125, 1103.7633056640625]",1
frame_0009.png,extras,vacuum cleaner,stick vacuum,stick vacuum.,0.2,0.2,0,0.0,,0
frame_0009.png,extras,vacuum cleaner,household vacuum,household vacuum.,0.2,0.2,0,0.0,,0
frame_0009.png,extras,vacuum cleaner,robot vacuum,robot vacuum.,0.2,0.2,0,0.0,,0
frame_0009.png,extras,vacuum cleaner,cordless vacuum cleaner,cordless vacuum cleaner.,0.2,0.2,6,0.3287,"[1148.5137939453125, 1650.9383544921875, 1696.878662109375, 1855.444091796875]",1
frame_0010.png,production,meeting table set,ALL_GROUP,meeting table. conference table. table with chairs. meeting table set.,0.32,0.32,3,0.3993,"[37.563629150390625, 809.072998046875, 843.7892456054688, 1086.24072265625]",1
frame_0010.png,production,chair,ALL_GROUP,chair. chairs. armless chair.,0.36,0.36,4,0.4854,"[41.094390869140625, 860.6218872070312, 177.74728393554688, 1025.46435546875]",1
frame_0010.png,production,bench,ALL_GROUP,bench. metal bench. waiting bench.,0.34,0.34,1,0.4862,"[1387.060791015625, 818.89697265625, 1592.549072265625, 1108.69091796875]",1
frame_0010.png,production,cardboard box+plant pot+shoes,ALL_GROUP,cardboard box. brown cardboard box. cardboard package. plant pot. potted plant. flower pot. indoor plant pot. shoes. pair of shoes. footwear. black shoes.,0.3,0.3,0,0.0,,0
frame_0010.png,production,trash bin+vacuum cleaner,ALL_GROUP,trash bin. trash can. waste bin. recycling bin. row of trash bins. vacuum cleaner. upright vacuum cleaner. cordless vacuum. floor cleaner.,0.25,0.25,0,0.0,,0
frame_0010.png,production,large power bank,ALL_GROUP,large power bank. portable power station. battery pack. power bank.,0.28,0.28,0,0.0,,0
frame_0010.png,production,door,ALL_GROUP,door. doors. dark door. elevator sliding door. sliding door.,0.26,0.26,1,0.2633,"[1.3886010646820068, 520.2691040039062, 107.90177917480469, 1028.7724609375]",1
frame_0010.png,production,electric vehicle,ALL_GROUP,electric vehicle. small electric vehicle. mobility scooter. scooter.,0.28,0.28,0,0.0,,0
frame_0010.png,extras,bench,bench,bench.,0.2,0.2,2,0.2481,"[1390.1712646484375, 821.2949829101562, 1588.9061279296875, 1099.1341552734375]",1
frame_0010.png,extras,bench,metal bench,metal bench.,0.2,0.2,1,0.5498,"[1385.89599609375, 817.2433471679688, 1592.614990234375, 1105.4290771484375]",1
frame_0010.png,extras,bench,waiting bench,waiting bench.,0.2,0.2,2,0.4771,"[1386.935791015625, 818.18017578125, 1592.326171875, 1106.848388671875]",1
frame_0010.png,extras,bench,long bench,long bench.,0.2,0.2,5,0.3554,"[1387.6900634765625, 818.445556640625, 1591.124267578125, 1100.242431640625]",1
frame_0010.png,extras,bench,indoor bench,indoor bench.,0.2,0.2,4,0.3591,"[1388.72119140625, 819.6133422851562, 1590.2984619140625, 1099.8870849609375]",1
frame_0010.png,extras,cardboard box,cardboard box,cardboard box.,0.2,0.2,2,0.2407,"[893.37060546875, 951.8521728515625, 931.88232421875, 991.8439331054688]",1
frame_0010.png,extras,cardboard box,brown cardboard box,brown cardboard box.,0.2,0.2,2,0.463,"[891.1166381835938, 949.2550659179688, 933.9111328125, 993.7931518554688]",1
frame_0010.png,extras,cardboard box,shipping box,shipping box.,0.2,0.2,0,0.0,,0
frame_0010.png,extras,cardboard box,package box,package box.,0.2,0.2,0,0.0,,0
frame_0010.png,extras,cardboard box,stacked box,stacked box.,0.2,0.2,1,0.2036,"[1579.7215576171875, 2.2235565185546875, 2874.592529296875, 1368.8087158203125]",1
frame_0010.png,extras,cardboard box,box,box.,0.2,0.2,1,0.2072,"[894.7704467773438, 955.8411254882812, 929.1761474609375, 990.0443725585938]",1
frame_0010.png,extras,chair,chair,chair.,0.2,0.2,15,0.4121,"[43.09194564819336, 863.2137451171875, 175.36904907226562, 1024.5245361328125]",1
frame_0010.png,extras,chair,armless chair,armless chair.,0.2,0.2,4,0.4651,"[1385.0474853515625, 817.2188720703125, 1592.8193359375, 1108.0072021484375]",1
frame_0010.png,extras,chair,office chair,office chair.,0.2,0.2,22,0.6142,"[42.86528778076172, 861.4165649414062, 175.67201232910156, 1023.925537109375]",1
frame_0010.png,extras,chair,swivel chair,swivel chair.,0.2,0.2,3,0.418,"[1384.0218505859375, 817.1729736328125, 1593.576171875, 1109.1834716796875]",1
frame_0010.png,extras,chair,rolling chair,rolling chair.,0.2,0.2,12,0.523,"[1386.5814208984375, 818.7802734375, 1591.355712890625, 1106.033447265625]",1
frame_0010.png,extras,chair,stool chair,stool chair.,0.2,0.2,24,0.5642,"[1388.5855712890625, 820.4293212890625, 1589.89404296875, 1099.3486328125]",1
frame_0010.png,extras,door,door,door.,0.2,0.2,2,0.2581,"[1244.6802978515625, 887.5234375, 1419.862548828125, 981.0776977539062]",1
frame_0010.png,extras,door,dark door surface,dark door surface.,0.2,0.2,3,0.3083,"[2638.301025390625, 33.804237365722656, 2875.225830078125, 1182.34521484375]",1
frame_0010.png,extras,door,wooden door,wooden door.,0.2,0.2,6,0.2582,"[1242.465087890625, 885.1569213867188, 1421.6639404296875, 982.570556640625]",1
frame_0010.png,extras,door,closed door,closed door.,0.2,0.2,3,0.3303,"[1242.4407958984375, 884.89794921875, 1422.4228515625, 982.8084716796875]",1
frame_0010.png,extras,door,interior door,interior door.,0.2,0.2,11,0.2802,"[1243.2647705078125, 885.54541015625, 1422.0155029296875, 981.923095703125]",1
frame_0010.png,extras,electric vehicle,electric vehicle,electric vehicle.,0.2,0.2,0,0.0,,0
frame_0010.png,extras,electric vehicle,small electric vehicle,small electric vehicle.,0.2,0.2,3,0.466,"[1143.4326171875, 1644.9278564453125, 1698.3905029296875, 1854.404541015625]",1
frame_0010.png,extras,electric vehicle,electric cart,electric cart.,0.2,0.2,0,0.0,,0
frame_0010.png,extras,electric vehicle,small electric cart,small electric cart.,0.2,0.2,4,0.5362,"[1385.1824951171875, 817.9395751953125, 1597.972900390625, 1112.75146484375]",1
frame_0010.png,extras,electric vehicle,compact electric car,compact electric car.,0.2,0.2,4,0.4019,"[1145.6436767578125, 1650.4339599609375, 1697.9957275390625, 1854.1226806640625]",1
frame_0010.png,extras,electric vehicle,indoor electric vehicle,indoor electric vehicle.,0.2,0.2,2,0.495,"[6.749296188354492, 4.926713943481445, 2872.09912109375, 1850.722900390625]",1
frame_0010.png,extras,electric vehicle,robot platform,robot platform.,0.2,0.2,4,0.466,"[1432.1663818359375, 820.1685180664062, 1762.2413330078125, 1117.1114501953125]",1
frame_0010.png,extras,large power bank,large power bank,large power bank.,0.18,0.18,6,0.395,"[11.081771850585938, 7.052931308746338, 2869.0205078125, 1843.3177490234375]",1
frame_0010.png,extras,large power bank,portable power bank battery,portable power bank battery.,0.18,0.18,6,0.3195,"[1031.52294921875, 957.63525390625, 1077.699951171875, 992.5203247070312]",1
frame_0010.png,extras,large power bank,power bank,power bank.,0.18,0.18,5,0.3435,"[1564.12939453125, 1.6482245922088623, 2873.904541015625, 1369.370849609375]",1
frame_0010.png,extras,large power bank,battery pack,battery pack.,0.18,0.18,3,0.1903,"[1033.4326171875, 959.8955078125, 1076.1531982421875, 991.11279296875]",1
frame_0010.png,extras,large power bank,large battery,large battery.,0.18,0.18,4,0.2528,"[1031.518798828125, 957.8519897460938, 1077.5906982421875, 992.3643798828125]",1
frame_0010.png,extras,large power bank,portable battery,portable battery.,0.18,0.18,3,0.3122,"[1032.10986328125, 958.3809204101562, 1077.2135009765625, 992.01611328125]",1
frame_0010.png,extras,large power bank,rectangular battery box,rectangular battery box.,0.18,0.18,9,0.2551,"[1280.644287109375, 887.6040649414062, 1312.8709716796875, 911.5458374023438]",1
frame_0010.png,extras,meeting table set,meeting table set,meeting table set.,0.2,0.2,4,0.5351,"[385.18701171875, 828.2877197265625, 836.743408203125, 1078.987060546875]",1
frame_0010.png,extras,meeting table set,large meeting table,large meeting table.,0.2,0.2,3,0.5713,"[385.8285217285156, 834.8903198242188, 837.7787475585938, 1078.1346435546875]",1
frame_0010.png,extras,meeting table set,conference table,conference table.,0.2,0.2,4,0.6327,"[388.21038818359375, 847.922119140625, 834.9945678710938, 1072.978515625]",1
frame_0010.png,extras,meeting table set,long table with chairs,long table with chairs.,0.2,0.2,2,0.5119,"[386.4674377441406, 826.8141479492188, 835.7047729492188, 1077.17138671875]",1
frame_0010.png,extras,meeting table set,office meeting table,office meeting table.,0.2,0.2,3,0.6199,"[94.3429183959961, 871.4737548828125, 340.58575439453125, 1020.2702026367188]",1
frame_0010.png,extras,meeting table set,long rectangular table,long rectangular table.,0.2,0.2,3,0.4843,"[1441.20458984375, 815.5977783203125, 1763.0205078125, 1101.9979248046875]",1
frame_0010.png,extras,plant pot,plant pot,plant pot.,0.2,0.2,2,0.2325,"[894.246337890625, 954.824462890625, 929.6554565429688, 990.58056640625]",1
frame_0010.png,extras,plant pot,potted plant in plastic pot,potted plant in plastic pot.,0.2,0.2,5,0.3253,"[886.7825927734375, 940.4375610351562, 937.4278564453125, 997.4678955078125]",1
frame_0010.png,extras,plant pot,potted plant,potted plant.,0.2,0.2,2,0.2514,"[894.2261962890625, 953.9398803710938, 929.953369140625, 990.8800048828125]",1
frame_0010.png,extras,plant pot,indoor potted plant,indoor potted plant.,0.2,0.2,0,0.0,,0
frame_0010.png,extras,plant pot,flower pot,flower pot.,0.2,0.2,1,0.2574,"[894.3759155273438, 955.4191284179688, 929.3250122070312, 990.6802978515625]",1
frame_0010.png,extras,plant pot,plastic plant pot,plastic plant pot.,0.2,0.2,1,0.2233,"[892.653564453125, 951.7435302734375, 931.404052734375, 993.0430908203125]",1
frame_0010.png,extras,shoes,shoes,shoes.,0.18,0.18,2,0.2666,"[1149.3006591796875, 1657.8680419921875, 1694.1353759765625, 1856.6529541015625]",1
frame_0010.png,extras,shoes,pair of indoor shoes,pair of indoor shoes.,0.18,0.18,7,0.2891,"[1142.2867431640625, 1643.8218994140625, 1700.117431640625, 1853.847412109375]",1
frame_0010.png,extras,shoes,indoor shoes,indoor shoes.,0.18,0.18,11,0.3434,"[1149.216552734375, 1655.779541015625, 1695.1639404296875, 1856.21044921875]",1
frame_0010.png,extras,shoes,pair of shoes,pair of shoes.,0.18,0.18,9,0.3014,"[1142.2205810546875, 1643.62841796875, 1698.8553466796875, 1854.4237060546875]",1
frame_0010.png,extras,shoes,sneakers,sneakers.,0.18,0.18,0,0.0,,0
frame_0010.png,extras,shoes,slippers,slippers.,0.18,0.18,0,0.0,,0
frame_0010.png,extras,shoes,shoe pair on floor,shoe pair on floor.,0.18,0.18,5,0.6021,"[9.969320297241211, 961.9855346679688, 2869.1689453125, 1847.7265625]",1
frame_0010.png,extras,trash bin,trash bin,trash bin.,0.2,0.2,0,0.0,,0
frame_0010.png,extras,trash bin,indoor trash bin,indoor trash bin.,0.2,0.2,1,0.2199,"[892.1923217773438, 950.801513671875, 931.6495361328125, 992.9083862304688]",1
frame_0010.png,extras,trash bin,garbage bin,garbage bin.,0.2,0.2,0,0.0,,0
frame_0010.png,extras,trash bin,waste bin,waste bin.,0.2,0.2,0,0.0,,0
frame_0010.png,extras,trash bin,recycling bin,recycling bin.,0.2,0.2,1,0.2379,"[893.2330932617188, 952.6890869140625, 931.1417846679688, 992.0411987304688]",1
frame_0010.png,extras,trash bin,small trash can,small trash can.,0.2,0.2,1,0.553,"[889.1326293945312, 946.0338134765625, 934.348388671875, 996.09716796875]",1
frame_0010.png,extras,vacuum cleaner,vacuum cleaner,vacuum cleaner.,0.2,0.2,0,0.0,,0
frame_0010.png,extras,vacuum cleaner,upright vacuum cleaner,upright vacuum cleaner.,0.2,0.2,2,0.2714,"[1385.15185546875, 815.86767578125, 1594.5147705078125, 1107.7197265625]",1
frame_0010.png,extras,vacuum cleaner,stick vacuum,stick vacuum.,0.2,0.2,0,0.0,,0
frame_0010.png,extras,vacuum cleaner,household vacuum,household vacuum.,0.2,0.2,0,0.0,,0
frame_0010.png,extras,vacuum cleaner,robot vacuum,robot vacuum.,0.2,0.2,0,0.0,,0
frame_0010.png,extras,vacuum cleaner,cordless vacuum cleaner,cordless vacuum cleaner.,0.2,0.2,6,0.3207,"[1384.7322998046875, 816.8455810546875, 1593.53662109375, 1109.3095703125]",1
frame_0011.png,production,meeting table set,ALL_GROUP,meeting table. conference table. table with chairs. meeting table set.,0.32,0.32,2,0.4427,"[102.09234619140625, 812.54931640625, 892.4849243164062, 1109.285400390625]",1
frame_0011.png,production,chair,ALL_GROUP,chair. chairs. armless chair.,0.36,0.36,2,0.4549,"[106.23925018310547, 878.2922973632812, 232.91236877441406, 1036.3466796875]",1
frame_0011.png,production,bench,ALL_GROUP,bench. metal bench. waiting bench.,0.34,0.34,1,0.4771,"[1482.71240234375, 799.275146484375, 1730.796142578125, 1145.5426025390625]",1
frame_0011.png,production,cardboard box+plant pot+shoes,ALL_GROUP,cardboard box. brown cardboard box. cardboard package. plant pot. potted plant. flower pot. indoor plant pot. shoes. pair of shoes. footwear. black shoes.,0.3,0.3,0,0.0,,0
frame_0011.png,production,trash bin+vacuum cleaner,ALL_GROUP,trash bin. trash can. waste bin. recycling bin. row of trash bins. vacuum cleaner. upright vacuum cleaner. cordless vacuum. floor cleaner.,0.25,0.25,0,0.0,,0
frame_0011.png,production,large power bank,ALL_GROUP,large power bank. portable power station. battery pack. power bank.,0.28,0.28,0,0.0,,0
frame_0011.png,production,door,ALL_GROUP,door. doors. dark door. elevator sliding door. sliding door.,0.26,0.26,1,0.3417,"[13.333599090576172, 538.8063354492188, 168.64816284179688, 1049.090087890625]",1
frame_0011.png,production,electric vehicle,ALL_GROUP,electric vehicle. small electric vehicle. mobility scooter. scooter.,0.28,0.28,0,0.0,,0
frame_0011.png,extras,bench,bench,bench.,0.2,0.2,3,0.2696,"[1.9669389724731445, 1739.5367431640625, 439.6782531738281, 1856.8853759765625]",1
frame_0011.png,extras,bench,metal bench,metal bench.,0.2,0.2,3,0.4736,"[1481.9241943359375, 797.7194213867188, 1731.099609375, 1143.553955078125]",1
frame_0011.png,extras,bench,waiting bench,waiting bench.,0.2,0.2,2,0.392,"[1483.19580078125, 799.0034790039062, 1731.51220703125, 1145.7169189453125]",1
frame_0011.png,extras,bench,long bench,long bench.,0.2,0.2,5,0.3338,"[2263.957763671875, 1673.1937255859375, 2877.846435546875, 1853.1903076171875]",1
frame_0011.png,extras,bench,indoor bench,indoor bench.,0.2,0.2,4,0.3277,"[1485.0992431640625, 799.9337768554688, 1728.524658203125, 1141.5426025390625]",1
frame_0011.png,extras,cardboard box,cardboard box,cardboard box.,0.2,0.2,0,0.0,,0
frame_0011.png,extras,cardboard box,brown cardboard box,brown cardboard box.,0.2,0.2,2,0.3148,"[967.162841796875, 956.2083129882812, 1010.2014770507812, 1002.9124755859375]",1
frame_0011.png,extras,cardboard box,shipping box,shipping box.,0.2,0.2,0,0.0,,0
frame_0011.png,extras,cardboard box,package box,package box.,0.2,0.2,0,0.0,,0
frame_0011.png,extras,cardboard box,stacked box,stacked box.,0.2,0.2,0,0.0,,0
frame_0011.png,extras,cardboard box,box,box.,0.2,0.2,0,0.0,,0
frame_0011.png,extras,chair,chair,chair.,0.2,0.2,8,0.4346,"[1486.0128173828125, 801.5859375, 1728.876220703125, 1122.046142578125]",1
frame_0011.png,extras,chair,armless chair,armless chair.,0.2,0.2,7,0.3601,"[1479.8719482421875, 797.9411010742188, 1731.1962890625, 1141.9022216796875]",1
frame_0011.png,extras,chair,office chair,office chair.,0.2,0.2,25,0.5996,"[1483.4501953125, 799.7617797851562, 1728.9881591796875, 1126.17724609375]",1
frame_0011.png,extras,chair,swivel chair,swivel chair.,0.2,0.2,5,0.3566,"[1478.89111328125, 797.5990600585938, 1731.11865234375, 1142.249755859375]",1
frame_0011.png,extras,chair,rolling chair,rolling chair.,0.2,0.2,10,0.4796,"[1482.0155029296875, 798.9117431640625, 1730.0150146484375, 1140.163330078125]",1
frame_0011.png,extras,chair,stool chair,stool chair.,0.2,0.2,29,0.5214,"[1484.2301025390625, 800.4871826171875, 1728.2498779296875, 1124.2099609375]",1
frame_0011.png,extras,door,door,door.,0.2,0.2,2,0.2485,"[14.318731307983398, 539.0557861328125, 168.5416259765625, 1046.662353515625]",1
frame_0011.png,extras,door,dark door surface,dark door surface.,0.2,0.2,4,0.3346,"[13.31715202331543, 532.6646118164062, 171.9798126220703, 1048.468017578125]",1
frame_0011.png,extras,door,wooden door,wooden door.,0.2,0.2,5,0.3522,"[11.971487045288086, 537.6490478515625, 170.3061065673828, 1048.1875]",1
frame_0011.png,extras,door,closed door,closed door.,0.2,0.2,5,0.3549,"[11.17934513092041, 537.2425537109375, 169.9492950439453, 1049.337158203125]",1
frame_0011.png,extras,door,interior door,interior door.,0.2,0.2,9,0.3372,"[12.933043479919434, 537.2857666015625, 168.80003356933594, 1048.6015625]",1
frame_0011.png,extras,electric vehicle,electric vehicle,electric vehicle.,0.2,0.2,2,0.2264,"[1147.47412109375, 1655.4969482421875, 1698.983154296875, 1856.8939208984375]",1
frame_0011.png,extras,electric vehicle,small electric vehicle,small electric vehicle.,0.2,0.2,1,0.5493,"[1142.7593994140625, 1645.9739990234375, 1700.5496826171875, 1854.18798828125]",1
frame_0011.png,extras,electric vehicle,electric cart,electric cart.,0.2,0.2,0,0.0,,0
frame_0011.png,extras,electric vehicle,small electric cart,small electric cart.,0.2,0.2,5,0.3888,"[1479.4139404296875, 796.2272338867188, 1735.8541259765625, 1150.166748046875]",1
frame_0011.png,extras,electric vehicle,compact electric car,compact electric car.,0.2,0.2,5,0.4023,"[1146.2208251953125, 1652.000244140625, 1699.7996826171875, 1854.1966552734375]",1
frame_0011.png,extras,electric vehicle,indoor electric vehicle,indoor electric vehicle.,0.2,0.2,4,0.4972,"[6.491632461547852, 4.6496076583862305, 2871.682373046875, 1851.4248046875]",1
frame_0011.png,extras,electric vehicle,robot platform,robot platform.,0.2,0.2,6,0.5185,"[1546.8499755859375, 795.3641967773438, 1936.5552978515625, 1155.1419677734375]",1
frame_0011.png,extras,large power bank,large power bank,large power bank.,0.18,0.18,7,0.3087,"[10.24526596069336, 6.119617462158203, 2869.390869140625, 1843.6002197265625]",1
frame_0011.png,extras,large power bank,portable power bank battery,portable power bank battery.,0.18,0.18,3,0.2958,"[1110.8607177734375, 965.9880981445312, 1157.9239501953125, 1001.6980590820312]",1
frame_0011.png,extras,large power bank,power bank,power bank.,0.18,0.18,8,0.298,"[1148.6470947265625, 1655.926513671875, 1698.6920166015625, 1856.6351318359375]",1
frame_0011.png,extras,large power bank,battery pack,battery pack.,0.18,0.18,1,0.1993,"[1112.80126953125, 968.2886352539062, 1156.456298828125, 1000.17529296875]",1
frame_0011.png,extras,large power bank,large battery,large battery.,0.18,0.18,4,0.2307,"[1111.1004638671875, 966.1790161132812, 1158.0169677734375, 1001.29052734375]",1
frame_0011.png,extras,large power bank,portable battery,portable battery.,0.18,0.18,3,0.2922,"[1111.6087646484375, 967.072021484375, 1157.613525390625, 1001.13720703125]",1
frame_0011.png,extras,large power bank,rectangular battery box,rectangular battery box.,0.18,0.18,5,0.2553,"[1111.517822265625, 966.1610717773438, 1157.578125, 1001.0484008789062]",1
frame_0011.png,extras,meeting table set,meeting table set,meeting table set.,0.2,0.2,6,0.4169,"[107.85497283935547, 829.1643676757812, 887.3963012695312, 1104.2076416015625]",1
frame_0011.png,extras,meeting table set,large meeting table,large meeting table.,0.2,0.2,5,0.3921,"[156.9786376953125, 881.059814453125, 406.09881591796875, 1038.4598388671875]",1
frame_0011.png,extras,meeting table set,conference table,conference table.,0.2,0.2,5,0.5322,"[1550.6326904296875, 795.9453125, 1935.9368896484375, 1148.388916015625]",1
frame_0011.png,extras,meeting table set,long table with chairs,long table with chairs.,0.2,0.2,6,0.3231,"[110.71514892578125, 834.039794921875, 884.7342529296875, 1101.84814453125]",1
frame_0011.png,extras,meeting table set,office meeting table,office meeting table.,0.2,0.2,6,0.5289,"[1548.432861328125, 795.2144775390625, 1935.7437744140625, 1153.06591796875]",1
frame_0011.png,extras,meeting table set,long rectangular table,long rectangular table.,0.2,0.2,5,0.4453,"[1547.8399658203125, 790.73486328125, 1937.5716552734375, 1147.134765625]",1
frame_0011.png,extras,plant pot,plant pot,plant pot.,0.2,0.2,0,0.0,,0
frame_0011.png,extras,plant pot,potted plant in plastic pot,potted plant in plastic pot.,0.2,0.2,3,0.3647,"[1236.3896484375, 872.6441650390625, 1282.831787109375, 991.941650390625]",1
frame_0011.png,extras,plant pot,potted plant,potted plant.,0.2,0.2,1,0.2119,"[1243.9932861328125, 881.0949096679688, 1275.7593994140625, 985.4266357421875]",1
frame_0011.png,extras,plant pot,indoor potted plant,indoor potted plant.,0.2,0.2,0,0.0,,0
frame_0011.png,extras,plant pot,flower pot,flower pot.,0.2,0.2,1,0.2162,"[971.0855712890625, 960.608642578125, 1004.8906860351562, 999.9263305664062]",1
frame_0011.png,extras,plant pot,plastic plant pot,plastic plant pot.,0.2,0.2,0,0.0,,0
frame_0011.png,extras,shoes,shoes,shoes.,0.18,0.18,3,0.323,"[1149.8427734375, 1658.2840576171875, 1696.55859375, 1856.7606201171875]",1
frame_0011.png,extras,shoes,pair of indoor shoes,pair of indoor shoes.,0.18,0.18,8,0.3394,"[1141.7857666015625, 1644.328369140625, 1702.295654296875, 1854.0687255859375]",1
frame_0011.png,extras,shoes,indoor shoes,indoor shoes.,0.18,0.18,13,0.3743,"[1149.19189453125, 1656.5018310546875, 1697.232666015625, 1856.525146484375]",1
frame_0011.png,extras,shoes,pair of shoes,pair of shoes.,0.18,0.18,6,0.3443,"[1141.9388427734375, 1644.1556396484375, 1701.0098876953125, 1854.789306640625]",1
frame_0011.png,extras,shoes,sneakers,sneakers.,0.18,0.18,0,0.0,,0
frame_0011.png,extras,shoes,slippers,slippers.,0.18,0.18,0,0.0,,0
frame_0011.png,extras,shoes,shoe pair on floor,shoe pair on floor.,0.18,0.18,4,0.6196,"[9.360008239746094, 968.7933349609375, 2868.7265625, 1847.7764892578125]",1
frame_0011.png,extras,trash bin,trash bin,trash bin.,0.2,0.2,0,0.0,,0
frame_0011.png,extras,trash bin,indoor trash bin,indoor trash bin.,0.2,0.2,0,0.0,,0
frame_0011.png,extras,trash bin,garbage bin,garbage bin.,0.2,0.2,0,0.0,,0
frame_0011.png,extras,trash bin,waste bin,waste bin.,0.2,0.2,0,0.0,,0
frame_0011.png,extras,trash bin,recycling bin,recycling bin.,0.2,0.2,0,0.0,,0
frame_0011.png,extras,trash bin,small trash can,small trash can.,0.2,0.2,3,0.4331,"[965.7733154296875, 954.2239379882812, 1010.5526123046875, 1004.9815063476562]",1
frame_0011.png,extras,vacuum cleaner,vacuum cleaner,vacuum cleaner.,0.2,0.2,0,0.0,,0
frame_0011.png,extras,vacuum cleaner,upright vacuum cleaner,upright vacuum cleaner.,0.2,0.2,2,0.3148,"[1479.132080078125, 795.546875, 1732.8026123046875, 1144.703125]",1
frame_0011.png,extras,vacuum cleaner,stick vacuum,stick vacuum.,0.2,0.2,0,0.0,,0
frame_0011.png,extras,vacuum cleaner,household vacuum,household vacuum.,0.2,0.2,3,0.2081,"[1483.2255859375, 799.1468505859375, 1728.80908203125, 1141.407958984375]",1
frame_0011.png,extras,vacuum cleaner,robot vacuum,robot vacuum.,0.2,0.2,0,0.0,,0
frame_0011.png,extras,vacuum cleaner,cordless vacuum cleaner,cordless vacuum cleaner.,0.2,0.2,6,0.3627,"[1145.9730224609375, 1652.85546875, 1700.3428955078125, 1855.60693359375]",1
frame_0012.png,production,meeting table set,ALL_GROUP,meeting table. conference table. table with chairs. meeting table set.,0.32,0.32,4,0.4445,"[298.70159912109375, 806.3590087890625, 1051.760986328125, 1112.579345703125]",1
frame_0012.png,production,chair,ALL_GROUP,chair. chairs. armless chair.,0.36,0.36,4,0.4058,"[305.8227233886719, 877.1319580078125, 430.081787109375, 1035.31787109375]",1
frame_0012.png,production,bench,ALL_GROUP,bench. metal bench. waiting bench.,0.34,0.34,2,0.4919,"[1782.157470703125, 753.9736938476562, 2328.762939453125, 1210.5362548828125]",1
frame_0012.png,production,cardboard box+plant pot+shoes,ALL_GROUP,cardboard box. brown cardboard box. cardboard package. plant pot. potted plant. flower pot. indoor plant pot. shoes. pair of shoes. footwear. black shoes.,0.3,0.3,0,0.0,,0
frame_0012.png,production,trash bin+vacuum cleaner,ALL_GROUP,trash bin. trash can. waste bin. recycling bin. row of trash bins. vacuum cleaner. upright vacuum cleaner. cordless vacuum. floor cleaner.,0.25,0.25,0,0.0,,0
frame_0012.png,production,large power bank,ALL_GROUP,large power bank. portable power station. battery pack. power bank.,0.28,0.28,0,0.0,,0
frame_0012.png,production,door,ALL_GROUP,door. doors. dark door. elevator sliding door. sliding door.,0.26,0.26,2,0.3804,"[210.8352813720703, 559.9016723632812, 377.2066955566406, 1039.344970703125]",1
frame_0012.png,production,electric vehicle,ALL_GROUP,electric vehicle. small electric vehicle. mobility scooter. scooter.,0.28,0.28,0,0.0,,0
frame_0012.png,extras,bench,bench,bench.,0.2,0.2,1,0.2184,"[2259.919921875, 1676.1842041015625, 2878.57421875, 1855.905517578125]",1
frame_0012.png,extras,bench,metal bench,metal bench.,0.2,0.2,2,0.5253,"[1727.4068603515625, 760.6183471679688, 2051.94287109375, 1191.451171875]",1
frame_0012.png,extras,bench,waiting bench,waiting bench.,0.2,0.2,2,0.5198,"[1813.480712890625, 754.0528564453125, 2329.5078125, 1209.030029296875]",1
frame_0012.png,extras,bench,long bench,long bench.,0.2,0.2,3,0.4723,"[1822.904052734375, 753.7908935546875, 2328.8046875, 1206.4833984375]",1
frame_0012.png,extras,bench,indoor bench,indoor bench.,0.2,0.2,3,0.3327,"[1717.149169921875, 779.9783935546875, 2049.445068359375, 1188.925048828125]",1
frame_0012.png,extras,cardboard box,cardboard box,cardboard box.,0.2,0.2,0,0.0,,0
frame_0012.png,extras,cardboard box,brown cardboard box,brown cardboard box.,0.2,0.2,2,0.37,"[1144.4710693359375, 954.8658447265625, 1185.75537109375, 999.7476196289062]",1
frame_0012.png,extras,cardboard box,shipping box,shipping box.,0.2,0.2,1,0.268,"[1513.883544921875, 881.2553100585938, 1705.4034423828125, 985.07666015625]",1
frame_0012.png,extras,cardboard box,package box,package box.,0.2,0.2,0,0.0,,0
frame_0012.png,extras,cardboard box,stacked box,stacked box.,0.2,0.2,0,0.0,,0
frame_0012.png,extras,cardboard box,box,box.,0.2,0.2,1,0.2266,"[1148.48486328125, 959.8964233398438, 1181.488037109375, 995.9281005859375]",1
frame_0012.png,extras,chair,chair,chair.,0.2,0.2,15,0.3515,"[1738.6400146484375, 758.8553466796875, 2049.509765625, 1203.0390625]",1
frame_0012.png,extras,chair,armless chair,armless chair.,0.2,0.2,3,0.5741,"[1737.323974609375, 757.165771484375, 2051.976318359375, 1199.2294921875]",1
frame_0012.png,extras,chair,office chair,office chair.,0.2,0.2,27,0.5349,"[1739.812255859375, 757.5128784179688, 2050.645263671875, 1200.7825927734375]",1
frame_0012.png,extras,chair,swivel chair,swivel chair.,0.2,0.2,2,0.5667,"[1735.9747314453125, 757.062744140625, 2052.3017578125, 1198.605224609375]",1
frame_0012.png,extras,chair,rolling chair,rolling chair.,0.2,0.2,17,0.5473,"[1739.45947265625, 757.2847900390625, 2051.304443359375, 1199.25390625]",1
frame_0012.png,extras,chair,stool chair,stool chair.,0.2,0.2,29,0.441,"[307.2893981933594, 878.3529663085938, 427.02484130859375, 1033.9910888671875]",1
frame_0012.png,extras,door,door,door.,0.2,0.2,6,0.3608,"[212.12196350097656, 560.3833618164062, 377.1105651855469, 1038.1751708984375]",1
frame_0012.png,extras,door,dark door surface,dark door surface.,0.2,0.2,5,0.2874,"[205.50033569335938, 552.1219482421875, 380.8287048339844, 1039.0238037109375]",1
frame_0012.png,extras,door,wooden door,wooden door.,0.2,0.2,3,0.3876,"[209.6026153564453, 559.832275390625, 377.530517578125, 1038.3929443359375]",1
frame_0012.png,extras,door,closed door,closed door.,0.2,0.2,3,0.3928,"[209.43728637695312, 559.978271484375, 377.5188903808594, 1039.5115966796875]",1
frame_0012.png,extras,door,interior door,interior door.,0.2,0.2,5,0.4182,"[209.90240478515625, 559.467041015625, 377.0170593261719, 1038.905029296875]",1
frame_0012.png,extras,electric vehicle,electric vehicle,electric vehicle.,0.2,0.2,0,0.0,,0
frame_0012.png,extras,electric vehicle,small electric vehicle,small electric vehicle.,0.2,0.2,2,0.5481,"[1143.9444580078125, 1647.3541259765625, 1697.769775390625, 1855.099609375]",1
frame_0012.png,extras,electric vehicle,electric cart,electric cart.,0.2,0.2,0,0.0,,0
frame_0012.png,extras,electric vehicle,small electric cart,small electric cart.,0.2,0.2,5,0.4125,"[1769.2479248046875, 745.872802734375, 2328.687255859375, 1215.845703125]",1
frame_0012.png,extras,electric vehicle,compact electric car,compact electric car.,0.2,0.2,2,0.4568,"[1146.49462890625, 1652.4013671875, 1697.6138916015625, 1854.84814453125]",1
frame_0012.png,extras,electric vehicle,indoor electric vehicle,indoor electric vehicle.,0.2,0.2,4,0.4775,"[5.971155166625977, 4.642512321472168, 2873.056396484375, 1852.1697998046875]",1
frame_0012.png,extras,electric vehicle,robot platform,robot platform.,0.2,0.2,4,0.5699,"[1787.1666259765625, 751.2791748046875, 2328.10693359375, 1211.31640625]",1
frame_0012.png,extras,large power bank,large power bank,large power bank.,0.18,0.18,7,0.3066,"[1145.0225830078125, 1650.5858154296875, 1699.141357421875, 1854.806884765625]",1
frame_0012.png,extras,large power bank,portable power bank battery,portable power bank battery.,0.18,0.18,6,0.2889,"[1287.546630859375, 962.572265625, 1335.304443359375, 998.5850830078125]",1
frame_0012.png,extras,large power bank,power bank,power bank.,0.18,0.18,7,0.2909,"[1149.6468505859375, 1656.7298583984375, 1696.548095703125, 1857.205810546875]",1
frame_0012.png,extras,large power bank,battery pack,battery pack.,0.18,0.18,1,0.1902,"[1289.5098876953125, 964.5559692382812, 1333.7950439453125, 996.9674682617188]",1
frame_0012.png,extras,large power bank,large battery,large battery.,0.18,0.18,5,0.2664,"[1287.832763671875, 962.989013671875, 1335.16455078125, 998.2652587890625]",1
frame_0012.png,extras,large power bank,portable battery,portable battery.,0.18,0.18,3,0.33,"[1288.4232177734375, 963.6754760742188, 1334.8199462890625, 998.186279296875]",1
frame_0012.png,extras,large power bank,rectangular battery box,rectangular battery box.,0.18,0.18,8,0.2485,"[1512.4586181640625, 879.9259643554688, 1706.793701171875, 985.7634887695312]",1
frame_0012.png,extras,meeting table set,meeting table set,meeting table set.,0.2,0.2,5,0.4283,"[306.8005065917969, 822.9951782226562, 1047.6317138671875, 1109.9459228515625]",1
frame_0012.png,extras,meeting table set,large meeting table,large meeting table.,0.2,0.2,4,0.3882,"[345.19189453125, 829.5223999023438, 1048.39794921875, 1107.5557861328125]",1
frame_0012.png,extras,meeting table set,conference table,conference table.,0.2,0.2,5,0.5172,"[361.06866455078125, 883.4666748046875, 588.8662719726562, 1031.134765625]",1
frame_0012.png,extras,meeting table set,long table with chairs,long table with chairs.,0.2,0.2,6,0.3393,"[317.2026672363281, 825.5400390625, 1046.3919677734375, 1108.7587890625]",1
frame_0012.png,extras,meeting table set,office meeting table,office meeting table.,0.2,0.2,5,0.4808,"[359.82952880859375, 882.77490234375, 589.1993408203125, 1031.82568359375]",1
frame_0012.png,extras,meeting table set,long rectangular table,long rectangular table.,0.2,0.2,5,0.5239,"[1816.73583984375, 747.7549438476562, 2328.217041015625, 1204.1390380859375]",1
frame_0012.png,extras,plant pot,plant pot,plant pot.,0.2,0.2,3,0.2905,"[1147.80126953125, 953.6484375, 1183.7227783203125, 996.781005859375]",1
frame_0012.png,extras,plant pot,potted plant in plastic pot,potted plant in plastic pot.,0.2,0.2,6,0.4099,"[1418.806640625, 866.8230590820312, 1463.4825439453125, 989.6005859375]",1
frame_0012.png,extras,plant pot,potted plant,potted plant.,0.2,0.2,4,0.3086,"[1147.595458984375, 952.2477416992188, 1184.1982421875, 996.6827392578125]",1
frame_0012.png,extras,plant pot,indoor potted plant,indoor potted plant.,0.2,0.2,3,0.2565,"[1146.2608642578125, 946.214599609375, 1186.8641357421875, 998.5327758789062]",1
frame_0012.png,extras,plant pot,flower pot,flower pot.,0.2,0.2,2,0.2954,"[1147.7318115234375, 957.4855346679688, 1182.4169921875, 997.093505859375]",1
frame_0012.png,extras,plant pot,plastic plant pot,plastic plant pot.,0.2,0.2,1,0.223,"[1146.34033203125, 955.9443359375, 1185.141845703125, 999.8101196289062]",1
frame_0012.png,extras,shoes,shoes,shoes.,0.18,0.18,1,0.2258,"[1151.328369140625, 1658.9639892578125, 1694.27783203125, 1856.749267578125]",1
frame_0012.png,extras,shoes,pair of indoor shoes,pair of indoor shoes.,0.18,0.18,5,0.2696,"[1145.375, 1647.801513671875, 1699.2508544921875, 1854.014892578125]",1
frame_0012.png,extras,shoes,indoor shoes,indoor shoes.,0.18,0.18,12,0.3462,"[1716.373046875, 759.3216552734375, 2048.3857421875, 1177.18310546875]",1
frame_0012.png,extras,shoes,pair of shoes,pair of shoes.,0.18,0.18,8,0.2523,"[1282.88525390625, 956.404296875, 1339.151123046875, 1001.8663330078125]",1
frame_0012.png,extras,shoes,sneakers,sneakers.,0.18,0.18,0,0.0,,0
frame_0012.png,extras,shoes,slippers,slippers.,0.18,0.18,0,0.0,,0
frame_0012.png,extras,shoes,shoe pair on floor,shoe pair on floor.,0.18,0.18,7,0.631,"[10.02227783203125, 966.6624755859375, 2869.41650390625, 1848.1287841796875]",1
frame_0012.png,extras,trash bin,trash bin,trash bin.,0.2,0.2,0,0.0,,0
frame_0012.png,extras,trash bin,indoor trash bin,indoor trash bin.,0.2,0.2,0,0.0,,0
frame_0012.png,extras,trash bin,garbage bin,garbage bin.,0.2,0.2,0,0.0,,0
frame_0012.png,extras,trash bin,waste bin,waste bin.,0.2,0.2,0,0.0,,0
frame_0012.png,extras,trash bin,recycling bin,recycling bin.,0.2,0.2,0,0.0,,0
frame_0012.png,extras,trash bin,small trash can,small trash can.,0.2,0.2,2,0.5049,"[1142.362060546875, 951.0966796875, 1187.1260986328125, 1001.4868774414062]",1
frame_0012.png,extras,vacuum cleaner,vacuum cleaner,vacuum cleaner.,0.2,0.2,0,0.0,,0
frame_0012.png,extras,vacuum cleaner,upright vacuum cleaner,upright vacuum cleaner.,0.2,0.2,3,0.2708,"[1690.84814453125, 870.5590209960938, 1739.04541015625, 984.7841186523438]",1
frame_0012.png,extras,vacuum cleaner,stick vacuum,stick vacuum.,0.2,0.2,0,0.0,,0
frame_0012.png,extras,vacuum cleaner,household vacuum,household vacuum.,0.2,0.2,0,0.0,,0
frame_0012.png,extras,vacuum cleaner,robot vacuum,robot vacuum.,0.2,0.2,0,0.0,,0
frame_0012.png,extras,vacuum cleaner,cordless vacuum cleaner,cordless vacuum cleaner.,0.2,0.2,6,0.3474,"[1146.700439453125, 1654.1416015625, 1698.3681640625, 1855.8272705078125]",1
frame_0013.png,production,meeting table set,ALL_GROUP,meeting table. conference table. table with chairs. meeting table set.,0.32,0.32,4,0.4026,"[18.146881103515625, 767.1703491210938, 672.5353393554688, 1188.6492919921875]",1
frame_0013.png,production,chair,ALL_GROUP,chair. chairs. armless chair.,0.36,0.36,4,0.4746,"[1596.88818359375, 653.2115478515625, 2086.78466796875, 1374.74609375]",1
frame_0013.png,production,bench,ALL_GROUP,bench. metal bench. waiting bench.,0.34,0.34,2,0.4895,"[1763.0296630859375, 610.2612915039062, 2511.001953125, 1404.0654296875]",1
frame_0013.png,production,cardboard box+plant pot+shoes,ALL_GROUP,cardboard box. brown cardboard box. cardboard package. plant pot. potted plant. flower pot. indoor plant pot. shoes. pair of shoes. footwear. black shoes.,0.3,0.3,0,0.0,,0
frame_0013.png,production,trash bin+vacuum cleaner,ALL_GROUP,trash bin. trash can. waste bin. recycling bin. row of trash bins. vacuum cleaner. upright vacuum cleaner. cordless vacuum. floor cleaner.,0.25,0.25,0,0.0,,0
frame_0013.png,production,large power bank,ALL_GROUP,large power bank. portable power station. battery pack. power bank.,0.28,0.28,0,0.0,,0
frame_0013.png,production,door,ALL_GROUP,door. doors. dark door. elevator sliding door. sliding door.,0.26,0.26,2,0.2997,"[1055.8990478515625, 782.6425170898438, 1286.7957763671875, 992.4928588867188]",1
frame_0013.png,production,electric vehicle,ALL_GROUP,electric vehicle. small electric vehicle. mobility scooter. scooter.,0.28,0.28,0,0.0,,0
frame_0013.png,extras,bench,bench,bench.,0.2,0.2,4,0.269,"[1762.0172119140625, 612.3361206054688, 2507.679443359375, 1399.504150390625]",1
frame_0013.png,extras,bench,metal bench,metal bench.,0.2,0.2,2,0.6365,"[1754.4837646484375, 607.5169677734375, 2511.570556640625, 1404.695068359375]",1
frame_0013.png,extras,bench,waiting bench,waiting bench.,0.2,0.2,1,0.6902,"[1761.2216796875, 610.4371337890625, 2511.475341796875, 1404.1259765625]",1
frame_0013.png,extras,bench,long bench,long bench.,0.2,0.2,1,0.7367,"[1759.2685546875, 609.3568725585938, 2511.413818359375, 1402.0228271484375]",1
frame_0013.png,extras,bench,indoor bench,indoor bench.,0.2,0.2,4,0.4773,"[1760.6907958984375, 609.6948852539062, 2510.08203125, 1401.460205078125]",1
frame_0013.png,extras,cardboard box,cardboard box,cardboard box.,0.2,0.2,0,0.0,,0
frame_0013.png,extras,cardboard box,brown cardboard box,brown cardboard box.,0.2,0.2,3,0.2797,"[882.7171630859375, 959.6538696289062, 935.638427734375, 1013.3196411132812]",1
frame_0013.png,extras,cardboard box,shipping box,shipping box.,0.2,0.2,1,0.2434,"[1312.652099609375, 882.7219848632812, 1519.4593505859375, 992.7511596679688]",1
frame_0013.png,extras,cardboard box,package box,package box.,0.2,0.2,0,0.0,,0
frame_0013.png,extras,cardboard box,stacked box,stacked box.,0.2,0.2,0,0.0,,0
frame_0013.png,extras,cardboard box,box,box.,0.2,0.2,0,0.0,,0
frame_0013.png,extras,chair,chair,chair.,0.2,0.2,19,0.479,"[1597.4742431640625, 654.746826171875, 2084.536376953125, 1373.276123046875]",1
frame_0013.png,extras,chair,armless chair,armless chair.,0.2,0.2,2,0.6921,"[1597.97802734375, 653.0060424804688, 2085.525634765625, 1375.7900390625]",1
frame_0013.png,extras,chair,office chair,office chair.,0.2,0.2,21,0.6729,"[1597.6776123046875, 653.7679443359375, 2085.7470703125, 1374.51416015625]",1
frame_0013.png,extras,chair,swivel chair,swivel chair.,0.2,0.2,1,0.6989,"[1596.87548828125, 652.7319946289062, 2085.765380859375, 1375.9866943359375]",1
frame_0013.png,extras,chair,rolling chair,rolling chair.,0.2,0.2,16,0.6573,"[1598.734130859375, 652.7747802734375, 2084.935791015625, 1375.0477294921875]",1
frame_0013.png,extras,chair,stool chair,stool chair.,0.2,0.2,25,0.616,"[1598.4617919921875, 654.7686767578125, 2084.382568359375, 1373.6336669921875]",1
frame_0013.png,extras,door,door,door.,0.2,0.2,4,0.2264,"[1312.606689453125, 885.3760375976562, 1521.451416015625, 993.6934204101562]",1
frame_0013.png,extras,door,dark door surface,dark door surface.,0.2,0.2,3,0.3616,"[1741.118896484375, 603.4603271484375, 2518.4150390625, 1391.51171875]",1
frame_0013.png,extras,door,wooden door,wooden door.,0.2,0.2,5,0.3039,"[1310.6141357421875, 885.8861694335938, 1523.023681640625, 994.5046997070312]",1
frame_0013.png,extras,door,closed door,closed door.,0.2,0.2,4,0.3312,"[1054.5806884765625, 783.2673950195312, 1285.1507568359375, 991.1031494140625]",1
frame_0013.png,extras,door,interior door,interior door.,0.2,0.2,4,0.3012,"[1055.46484375, 783.2394409179688, 1285.5057373046875, 990.7685546875]",1
frame_0013.png,extras,electric vehicle,electric vehicle,electric vehicle.,0.2,0.2,0,0.0,,0
frame_0013.png,extras,electric vehicle,small electric vehicle,small electric vehicle.,0.2,0.2,1,0.567,"[1141.372802734375, 1645.5712890625, 1699.1104736328125, 1854.788818359375]",1
frame_0013.png,extras,electric vehicle,electric cart,electric cart.,0.2,0.2,0,0.0,,0
frame_0013.png,extras,electric vehicle,small electric cart,small electric cart.,0.2,0.2,5,0.3528,"[1498.8123779296875, 869.1282348632812, 1559.4661865234375, 994.53076171875]",1
frame_0013.png,extras,electric vehicle,compact electric car,compact electric car.,0.2,0.2,2,0.436,"[1144.1170654296875, 1652.1805419921875, 1697.90234375, 1854.6932373046875]",1
frame_0013.png,extras,electric vehicle,indoor electric vehicle,indoor electric vehicle.,0.2,0.2,5,0.47,"[6.127452850341797, 5.20271110534668, 2872.418212890625, 1851.77099609375]",1
frame_0013.png,extras,electric vehicle,robot platform,robot platform.,0.2,0.2,4,0.4809,"[1733.7685546875, 607.7717895507812, 2509.944091796875, 1403.9521484375]",1
frame_0013.png,extras,large power bank,large power bank,large power bank.,0.18,0.18,6,0.3517,"[1581.1044921875, 593.4840087890625, 2517.658935546875, 1411.191650390625]",1
frame_0013.png,extras,large power bank,portable power bank battery,portable power bank battery.,0.18,0.18,11,0.3192,"[1912.912841796875, 540.450927734375, 1970.831787109375, 620.4815673828125]",1
frame_0013.png,extras,large power bank,power bank,power bank.,0.18,0.18,7,0.279,"[1599.670166015625, 606.9271240234375, 2512.348388671875, 1405.655029296875]",1
frame_0013.png,extras,large power bank,battery pack,battery pack.,0.18,0.18,5,0.2243,"[1316.500244140625, 887.484130859375, 1348.9737548828125, 910.7185668945312]",1
frame_0013.png,extras,large power bank,large battery,large battery.,0.18,0.18,8,0.2681,"[1056.6285400390625, 971.9188232421875, 1108.0028076171875, 1010.7653198242188]",1
frame_0013.png,extras,large power bank,portable battery,portable battery.,0.18,0.18,10,0.3402,"[1056.995361328125, 972.253173828125, 1107.568359375, 1010.414306640625]",1
frame_0013.png,extras,large power bank,rectangular battery box,rectangular battery box.,0.18,0.18,8,0.2808,"[1353.9095458984375, 884.2577514648438, 1393.722412109375, 911.6756591796875]",1
frame_0013.png,extras,meeting table set,meeting table set,meeting table set.,0.2,0.2,4,0.5643,"[9.144508361816406, 776.3699340820312, 666.5380249023438, 1189.3870849609375]",1
frame_0013.png,extras,meeting table set,large meeting table,large meeting table.,0.2,0.2,3,0.4775,"[1744.0166015625, 604.1746215820312, 2510.40771484375, 1402.2567138671875]",1
frame_0013.png,extras,meeting table set,conference table,conference table.,0.2,0.2,5,0.6676,"[1749.7713623046875, 606.8411254882812, 2510.732177734375, 1399.374267578125]",1
frame_0013.png,extras,meeting table set,long table with chairs,long table with chairs.,0.2,0.2,4,0.4044,"[20.37835121154785, 786.3314819335938, 669.818115234375, 1182.464111328125]",1
frame_0013.png,extras,meeting table set,office meeting table,office meeting table.,0.2,0.2,5,0.588,"[7.94137716293335, 799.9320678710938, 663.0409545898438, 1179.2015380859375]",1
frame_0013.png,extras,meeting table set,long rectangular table,long rectangular table.,0.2,0.2,2,0.6623,"[1746.054443359375, 604.598388671875, 2512.58154296875, 1399.240966796875]",1
frame_0013.png,extras,plant pot,plant pot,plant pot.,0.2,0.2,3,0.2523,"[886.5814819335938, 964.974365234375, 931.2299194335938, 1010.5856323242188]",1
frame_0013.png,extras,plant pot,potted plant in plastic pot,potted plant in plastic pot.,0.2,0.2,6,0.3705,"[1498.3538818359375, 868.6431274414062, 1559.0238037109375, 995.2970581054688]",1
frame_0013.png,extras,plant pot,potted plant,potted plant.,0.2,0.2,3,0.2782,"[1509.154296875, 877.3214721679688, 1549.22216796875, 989.9590454101562]",1
frame_0013.png,extras,plant pot,indoor potted plant,indoor potted plant.,0.2,0.2,0,0.0,,0
frame_0013.png,extras,plant pot,flower pot,flower pot.,0.2,0.2,1,0.3357,"[886.5723266601562, 965.410400390625, 931.1129150390625, 1010.8660278320312]",1
frame_0013.png,extras,plant pot,plastic plant pot,plastic plant pot.,0.2,0.2,2,0.2778,"[884.6453247070312, 962.2284545898438, 933.0756225585938, 1013.5062255859375]",1
frame_0013.png,extras,shoes,shoes,shoes.,0.18,0.18,1,0.2281,"[1148.9033203125, 1659.1702880859375, 1694.6094970703125, 1856.560791015625]",1
frame_0013.png,extras,shoes,pair of indoor shoes,pair of indoor shoes.,0.18,0.18,4,0.2868,"[1142.1058349609375, 1645.887451171875, 1699.76904296875, 1854.053955078125]",1
frame_0013.png,extras,shoes,indoor shoes,indoor shoes.,0.18,0.18,10,0.3751,"[1148.1068115234375, 1657.1641845703125, 1695.80517578125, 1856.5875244140625]",1
frame_0013.png,extras,shoes,pair of shoes,pair of shoes.,0.18,0.18,8,0.3075,"[1142.440185546875, 1646.1942138671875, 1698.736328125, 1854.7144775390625]",1
frame_0013.png,extras,shoes,sneakers,sneakers.,0.18,0.18,1,0.2262,"[205.30955505371094, 1078.682861328125, 261.81268310546875, 1099.649169921875]",1
frame_0013.png,extras,shoes,slippers,slippers.,0.18,0.18,0,0.0,,0
frame_0013.png,extras,shoes,shoe pair on floor,shoe pair on floor.,0.18,0.18,5,0.6105,"[9.347648620605469, 977.1917724609375, 2869.724365234375, 1848.34814453125]",1
frame_0013.png,extras,trash bin,trash bin,trash bin.,0.2,0.2,0,0.0,,0
frame_0013.png,extras,trash bin,indoor trash bin,indoor trash bin.,0.2,0.2,2,0.3185,"[883.32080078125, 960.23291015625, 932.7872314453125, 1013.1558837890625]",1
frame_0013.png,extras,trash bin,garbage bin,garbage bin.,0.2,0.2,1,0.2422,"[884.8806762695312, 961.9581909179688, 931.728759765625, 1012.3086547851562]",1
frame_0013.png,extras,trash bin,waste bin,waste bin.,0.2,0.2,2,0.274,"[884.9161376953125, 961.668701171875, 931.9721069335938, 1012.5116577148438]",1
frame_0013.png,extras,trash bin,recycling bin,recycling bin.,0.2,0.2,2,0.317,"[885.1114501953125, 962.1780395507812, 932.7874755859375, 1011.9713134765625]",1
frame_0013.png,extras,trash bin,small trash can,small trash can.,0.2,0.2,1,0.583,"[879.5838623046875, 954.8690185546875, 936.5075073242188, 1016.4721069335938]",1
frame_0013.png,extras,vacuum cleaner,vacuum cleaner,vacuum cleaner.,0.2,0.2,0,0.0,,0
frame_0013.png,extras,vacuum cleaner,upright vacuum cleaner,upright vacuum cleaner.,0.2,0.2,5,0.3345,"[1503.084228515625, 871.8673706054688, 1555.329345703125, 993.0204467773438]",1
frame_0013.png,extras,vacuum cleaner,stick vacuum,stick vacuum.,0.2,0.2,0,0.0,,0
frame_0013.png,extras,vacuum cleaner,household vacuum,household vacuum.,0.2,0.2,0,0.0,,0
frame_0013.png,extras,vacuum cleaner,robot vacuum,robot vacuum.,0.2,0.2,0,0.0,,0
frame_0013.png,extras,vacuum cleaner,cordless vacuum cleaner,cordless vacuum cleaner.,0.2,0.2,5,0.3275,"[1504.228759765625, 872.8726806640625, 1553.5279541015625, 992.602294921875]",1
frame_0014.png,production,meeting table set,ALL_GROUP,meeting table. conference table. table with chairs. meeting table set.,0.32,0.32,3,0.3833,"[96.6173324584961, 759.7183227539062, 859.3016357421875, 1184.729736328125]",1
frame_0014.png,production,chair,ALL_GROUP,chair. chairs. armless chair.,0.36,0.36,5,0.4986,"[82.17567443847656, 862.3095703125, 248.87721252441406, 1047.1141357421875]",1
frame_0014.png,production,bench,ALL_GROUP,bench. metal bench. waiting bench.,0.34,0.34,2,0.5049,"[2112.48583984375, 494.4281921386719, 2877.751953125, 1533.9384765625]",1
frame_0014.png,production,cardboard box+plant pot+shoes,ALL_GROUP,cardboard box. brown cardboard box. cardboard package. plant pot. potted plant. flower pot. indoor plant pot. shoes. pair of shoes. footwear. black shoes.,0.3,0.3,0,0.0,,0
frame_0014.png,production,trash bin+vacuum cleaner,ALL_GROUP,trash bin. trash can. waste bin. recycling bin. row of trash bins. vacuum cleaner. upright vacuum cleaner. cordless vacuum. floor cleaner.,0.25,0.25,0,0.0,,0
frame_0014.png,production,large power bank,ALL_GROUP,large power bank. portable power station. battery pack. power bank.,0.28,0.28,0,0.0,,0
frame_0014.png,production,door,ALL_GROUP,door. doors. dark door. elevator sliding door. sliding door.,0.26,0.26,4,0.3124,"[2.410029172897339, 499.19775390625, 205.43789672851562, 1050.159912109375]",1
frame_0014.png,production,electric vehicle,ALL_GROUP,electric vehicle. small electric vehicle. mobility scooter. scooter.,0.28,0.28,0,0.0,,0
frame_0014.png,extras,bench,bench,bench.,0.2,0.2,3,0.226,"[1.8408751487731934, 1742.9471435546875, 446.9376525878906, 1856.9150390625]",1
frame_0014.png,extras,bench,metal bench,metal bench.,0.2,0.2,2,0.5086,"[1856.94482421875, 580.6345825195312, 2488.8876953125, 1483.6461181640625]",1
frame_0014.png,extras,bench,waiting bench,waiting bench.,0.2,0.2,2,0.4679,"[2111.265380859375, 494.2311706542969, 2877.763671875, 1533.283447265625]",1
frame_0014.png,extras,bench,long bench,long bench.,0.2,0.2,3,0.4334,"[2108.996826171875, 494.02191162109375, 2876.21337890625, 1531.684814453125]",1
frame_0014.png,extras,bench,indoor bench,indoor bench.,0.2,0.2,3,0.3898,"[2109.709716796875, 492.6087951660156, 2876.177734375, 1530.8089599609375]",1
frame_0014.png,extras,cardboard box,cardboard box,cardboard box.,0.2,0.2,0,0.0,,0
frame_0014.png,extras,cardboard box,brown cardboard box,brown cardboard box.,0.2,0.2,3,0.3005,"[2260.998046875, 1668.04736328125, 2876.158203125, 1853.472900390625]",1
frame_0014.png,extras,cardboard box,shipping box,shipping box.,0.2,0.2,0,0.0,,0
frame_0014.png,extras,cardboard box,package box,package box.,0.2,0.2,0,0.0,,0
frame_0014.png,extras,cardboard box,stacked box,stacked box.,0.2,0.2,0,0.0,,0
frame_0014.png,extras,cardboard box,box,box.,0.2,0.2,0,0.0,,0
frame_0014.png,extras,chair,chair,chair.,0.2,0.2,21,0.4765,"[1857.3359375, 581.5476684570312, 2487.37158203125, 1481.562744140625]",1
frame_0014.png,extras,chair,armless chair,armless chair.,0.2,0.2,1,0.713,"[1857.21337890625, 580.8189697265625, 2487.486572265625, 1484.3360595703125]",1
frame_0014.png,extras,chair,office chair,office chair.,0.2,0.2,23,0.6461,"[1858.3248291015625, 580.7777709960938, 2488.982421875, 1483.012939453125]",1
frame_0014.png,extras,chair,swivel chair,swivel chair.,0.2,0.2,1,0.685,"[1857.005126953125, 580.7796020507812, 2487.23779296875, 1484.270263671875]",1
frame_0014.png,extras,chair,rolling chair,rolling chair.,0.2,0.2,18,0.6194,"[1858.7447509765625, 580.0914916992188, 2487.485107421875, 1483.764404296875]",1
frame_0014.png,extras,chair,stool chair,stool chair.,0.2,0.2,26,0.6118,"[1858.603271484375, 581.6959228515625, 2487.593505859375, 1482.0045166015625]",1
frame_0014.png,extras,door,door,door.,0.2,0.2,6,0.2958,"[1742.7900390625, 651.9374389648438, 1822.4539794921875, 995.103515625]",1
frame_0014.png,extras,door,dark door surface,dark door surface.,0.2,0.2,2,0.4159,"[2080.2607421875, 489.9412841796875, 2872.805908203125, 1452.8531494140625]",1
frame_0014.png,extras,door,wooden door,wooden door.,0.2,0.2,4,0.3697,"[1739.209228515625, 649.8132934570312, 1823.484619140625, 997.33984375]",1
frame_0014.png,extras,door,closed door,closed door.,0.2,0.2,6,0.3661,"[2.2558343410491943, 498.4811096191406, 204.50440979003906, 1048.9678955078125]",1
frame_0014.png,extras,door,interior door,interior door.,0.2,0.2,7,0.3582,"[1.9742238521575928, 497.85064697265625, 203.5775604248047, 1047.6455078125]",1
frame_0014.png,extras,electric vehicle,electric vehicle,electric vehicle.,0.2,0.2,0,0.0,,0
frame_0014.png,extras,electric vehicle,small electric vehicle,small electric vehicle.,0.2,0.2,2,0.4941,"[1142.58056640625, 1647.197021484375, 1699.2017822265625, 1854.8887939453125]",1
frame_0014.png,extras,electric vehicle,electric cart,electric cart.,0.2,0.2,0,0.0,,0
frame_0014.png,extras,electric vehicle,small electric cart,small electric cart.,0.2,0.2,6,0.3353,"[1688.531982421875, 862.50244140625, 1750.1368408203125, 993.6328735351562]",1
frame_0014.png,extras,electric vehicle,compact electric car,compact electric car.,0.2,0.2,5,0.3922,"[1145.40869140625, 1653.560791015625, 1698.501953125, 1854.7921142578125]",1
frame_0014.png,extras,electric vehicle,indoor electric vehicle,indoor electric vehicle.,0.2,0.2,5,0.4891,"[6.701574325561523, 5.2552056312561035, 2871.877685546875, 1852.1187744140625]",1
frame_0014.png,extras,electric vehicle,robot platform,robot platform.,0.2,0.2,4,0.3941,"[440.97723388671875, 798.718994140625, 845.231689453125, 1176.7855224609375]",1
frame_0014.png,extras,large power bank,large power bank,large power bank.,0.18,0.18,5,0.3108,"[1789.80712890625, 483.80963134765625, 2862.09228515625, 1537.75048828125]",1
frame_0014.png,extras,large power bank,portable power bank battery,portable power bank battery.,0.18,0.18,12,0.3055,"[2184.779296875, 474.16839599609375, 2259.466064453125, 577.5291748046875]",1
frame_0014.png,extras,large power bank,power bank,power bank.,0.18,0.18,5,0.2751,"[1148.6448974609375, 1657.256591796875, 1697.59716796875, 1856.8564453125]",1
frame_0014.png,extras,large power bank,battery pack,battery pack.,0.18,0.18,0,0.0,,0
frame_0014.png,extras,large power bank,large battery,large battery.,0.18,0.18,3,0.2718,"[1239.1175537109375, 966.9063720703125, 1289.8038330078125, 1006.6903686523438]",1
frame_0014.png,extras,large power bank,portable battery,portable battery.,0.18,0.18,1,0.3477,"[1239.592529296875, 967.5299072265625, 1289.4713134765625, 1006.4832763671875]",1
frame_0014.png,extras,large power bank,rectangular battery box,rectangular battery box.,0.18,0.18,11,0.2396,"[1493.4488525390625, 874.0875854492188, 1707.8902587890625, 991.5046997070312]",1
frame_0014.png,extras,meeting table set,meeting table set,meeting table set.,0.2,0.2,3,0.5853,"[155.793212890625, 771.3987426757812, 849.699462890625, 1181.5521240234375]",1
frame_0014.png,extras,meeting table set,large meeting table,large meeting table.,0.2,0.2,1,0.7175,"[189.69769287109375, 785.872802734375, 849.7263793945312, 1177.7686767578125]",1
frame_0014.png,extras,meeting table set,conference table,conference table.,0.2,0.2,6,0.5846,"[246.85861206054688, 796.58349609375, 842.3139038085938, 1167.7239990234375]",1
frame_0014.png,extras,meeting table set,long table with chairs,long table with chairs.,0.2,0.2,2,0.3868,"[122.46678924560547, 776.9551391601562, 856.3521728515625, 1178.501953125]",1
frame_0014.png,extras,meeting table set,office meeting table,office meeting table.,0.2,0.2,5,0.6118,"[235.73216247558594, 794.8671875, 843.0747680664062, 1171.097900390625]",1
frame_0014.png,extras,meeting table set,long rectangular table,long rectangular table.,0.2,0.2,1,0.7167,"[232.86056518554688, 794.7167358398438, 846.8519897460938, 1170.9150390625]",1
frame_0014.png,extras,plant pot,plant pot,plant pot.,0.2,0.2,3,0.3053,"[1071.860107421875, 957.6099243164062, 1115.3948974609375, 1004.5748901367188]",1
frame_0014.png,extras,plant pot,potted plant in plastic pot,potted plant in plastic pot.,0.2,0.2,5,0.3904,"[1063.1724853515625, 942.3783569335938, 1124.0491943359375, 1010.7186889648438]",1
frame_0014.png,extras,plant pot,potted plant,potted plant.,0.2,0.2,3,0.346,"[1697.181884765625, 870.0536499023438, 1739.5506591796875, 988.0519409179688]",1
frame_0014.png,extras,plant pot,indoor potted plant,indoor potted plant.,0.2,0.2,1,0.2087,"[1398.7989501953125, 866.0604248046875, 1431.4796142578125, 990.4411010742188]",1
frame_0014.png,extras,plant pot,flower pot,flower pot.,0.2,0.2,2,0.3592,"[1072.27294921875, 959.467041015625, 1115.1337890625, 1004.6925048828125]",1
frame_0014.png,extras,plant pot,plastic plant pot,plastic plant pot.,0.2,0.2,1,0.2736,"[1070.3359375, 956.6945190429688, 1117.5618896484375, 1007.1011352539062]",1
frame_0014.png,extras,shoes,shoes,shoes.,0.18,0.18,1,0.2651,"[1149.96630859375, 1659.47021484375, 1695.4388427734375, 1856.681640625]",1
frame_0014.png,extras,shoes,pair of indoor shoes,pair of indoor shoes.,0.18,0.18,6,0.3099,"[1143.1964111328125, 1647.6324462890625, 1699.6204833984375, 1854.4599609375]",1
frame_0014.png,extras,shoes,indoor shoes,indoor shoes.,0.18,0.18,10,0.3529,"[1854.414794921875, 580.6876220703125, 2486.8232421875, 1480.0489501953125]",1
frame_0014.png,extras,shoes,pair of shoes,pair of shoes.,0.18,0.18,5,0.3218,"[1143.171875, 1647.685791015625, 1698.570556640625, 1855.1243896484375]",1
frame_0014.png,extras,shoes,sneakers,sneakers.,0.18,0.18,0,0.0,,0
frame_0014.png,extras,shoes,slippers,slippers.,0.18,0.18,0,0.0,,0
frame_0014.png,extras,shoes,shoe pair on floor,shoe pair on floor.,0.18,0.18,5,0.6155,"[10.002193450927734, 974.5531616210938, 2868.89599609375, 1848.1439208984375]",1
frame_0014.png,extras,trash bin,trash bin,trash bin.,0.2,0.2,0,0.0,,0
frame_0014.png,extras,trash bin,indoor trash bin,indoor trash bin.,0.2,0.2,2,0.2227,"[1070.8902587890625, 956.0567626953125, 1117.9422607421875, 1006.0857543945312]",1
frame_0014.png,extras,trash bin,garbage bin,garbage bin.,0.2,0.2,0,0.0,,0
frame_0014.png,extras,trash bin,waste bin,waste bin.,0.2,0.2,0,0.0,,0
frame_0014.png,extras,trash bin,recycling bin,recycling bin.,0.2,0.2,1,0.2115,"[1071.8101806640625, 957.9332275390625, 1117.1807861328125, 1005.2564697265625]",1
frame_0014.png,extras,trash bin,small trash can,small trash can.,0.2,0.2,2,0.5772,"[1066.10107421875, 949.7724609375, 1121.4840087890625, 1009.5797729492188]",1
frame_0014.png,extras,vacuum cleaner,vacuum cleaner,vacuum cleaner.,0.2,0.2,1,0.226,"[2269.209716796875, 687.6270141601562, 2788.873291015625, 1535.43310546875]",1
frame_0014.png,extras,vacuum cleaner,upright vacuum cleaner,upright vacuum cleaner.,0.2,0.2,3,0.4764,"[2267.446044921875, 686.041015625, 2790.06591796875, 1537.0701904296875]",1
frame_0014.png,extras,vacuum cleaner,stick vacuum,stick vacuum.,0.2,0.2,0,0.0,,0
frame_0014.png,extras,vacuum cleaner,household vacuum,household vacuum.,0.2,0.2,5,0.3134,"[2270.364501953125, 689.5380249023438, 2787.609130859375, 1533.760986328125]",1
frame_0014.png,extras,vacuum cleaner,robot vacuum,robot vacuum.,0.2,0.2,0,0.0,,0
frame_0014.png,extras,vacuum cleaner,cordless vacuum cleaner,cordless vacuum cleaner.,0.2,0.2,5,0.4879,"[2266.135986328125, 686.890625, 2790.116455078125, 1537.02685546875]",1
frame_0015.png,production,meeting table set,ALL_GROUP,meeting table. conference table. table with chairs. meeting table set.,0.32,0.32,3,0.3942,"[339.8937072753906, 758.9481811523438, 1040.8848876953125, 1188.9591064453125]",1
frame_0015.png,production,chair,ALL_GROUP,chair. chairs. armless chair.,0.36,0.36,11,0.4722,"[2179.3046875, 466.33203125, 2878.424560546875, 1654.2755126953125]",1
frame_0015.png,production,bench,ALL_GROUP,bench. metal bench. waiting bench.,0.34,0.34,1,0.4445,"[2184.4169921875, 468.5884704589844, 2878.21435546875, 1655.518798828125]",1
frame_0015.png,production,cardboard box+plant pot+shoes,ALL_GROUP,cardboard box. brown cardboard box. cardboard package. plant pot. potted plant. flower pot. indoor plant pot. shoes. pair of shoes. footwear. black shoes.,0.3,0.3,0,0.0,,0
frame_0015.png,production,trash bin+vacuum cleaner,ALL_GROUP,trash bin. trash can. waste bin. recycling bin. row of trash bins. vacuum cleaner. upright vacuum cleaner. cordless vacuum. floor cleaner.,0.25,0.25,0,0.0,,0
frame_0015.png,production,large power bank,ALL_GROUP,large power bank. portable power station. battery pack. power bank.,0.28,0.28,0,0.0,,0
frame_0015.png,production,door,ALL_GROUP,door. doors. dark door. elevator sliding door. sliding door.,0.26,0.26,3,0.443,"[2025.9478759765625, 587.317626953125, 2113.24951171875, 1008.2021484375]",1
frame_0015.png,production,electric vehicle,ALL_GROUP,electric vehicle. small electric vehicle. mobility scooter. scooter.,0.28,0.28,0,0.0,,0
frame_0015.png,extras,bench,bench,bench.,0.2,0.2,3,0.2523,"[2264.62939453125, 1677.0855712890625, 2878.468017578125, 1856.21435546875]",1
frame_0015.png,extras,bench,metal bench,metal bench.,0.2,0.2,1,0.5506,"[2183.1103515625, 466.2099304199219, 2876.56884765625, 1652.3804931640625]",1
frame_0015.png,extras,bench,waiting bench,waiting bench.,0.2,0.2,2,0.4442,"[2180.90576171875, 467.8431091308594, 2878.465576171875, 1655.2218017578125]",1
frame_0015.png,extras,bench,long bench,long bench.,0.2,0.2,3,0.4544,"[2184.9130859375, 467.0540466308594, 2877.87255859375, 1654.1019287109375]",1
frame_0015.png,extras,bench,indoor bench,indoor bench.,0.2,0.2,4,0.3669,"[2183.7001953125, 467.5903625488281, 2877.886474609375, 1653.317138671875]",1
frame_0015.png,extras,cardboard box,cardboard box,cardboard box.,0.2,0.2,0,0.0,,0
frame_0015.png,extras,cardboard box,brown cardboard box,brown cardboard box.,0.2,0.2,3,0.2802,"[1254.408935546875, 953.8939819335938, 1303.8199462890625, 1005.9783935546875]",1
frame_0015.png,extras,cardboard box,shipping box,shipping box.,0.2,0.2,0,0.0,,0
frame_0015.png,extras,cardboard box,package box,package box.,0.2,0.2,0,0.0,,0
frame_0015.png,extras,cardboard box,stacked box,stacked box.,0.2,0.2,0,0.0,,0
frame_0015.png,extras,cardboard box,box,box.,0.2,0.2,0,0.0,,0
frame_0015.png,extras,chair,chair,chair.,0.2,0.2,18,0.5196,"[2179.27099609375, 468.44146728515625, 2878.595703125, 1651.23876953125]",1
frame_0015.png,extras,chair,armless chair,armless chair.,0.2,0.2,3,0.5756,"[2182.75634765625, 467.8526611328125, 2876.999267578125, 1652.85302734375]",1
frame_0015.png,extras,chair,office chair,office chair.,0.2,0.2,20,0.6574,"[2181.140625, 466.6979064941406, 2878.364501953125, 1652.8291015625]",1
frame_0015.png,extras,chair,swivel chair,swivel chair.,0.2,0.2,3,0.5928,"[2181.946533203125, 467.2374572753906, 2877.0322265625, 1653.1505126953125]",1
frame_0015.png,extras,chair,rolling chair,rolling chair.,0.2,0.2,15,0.6054,"[2182.085205078125, 466.4195556640625, 2877.769287109375, 1653.7860107421875]",1
frame_0015.png,extras,chair,stool chair,stool chair.,0.2,0.2,23,0.607,"[2179.989013671875, 467.7526550292969, 2878.5205078125, 1651.02001953125]",1
frame_0015.png,extras,door,door,door.,0.2,0.2,10,0.3208,"[1947.19482421875, 627.1524658203125, 2036.3028564453125, 998.349365234375]",1
frame_0015.png,extras,door,dark door surface,dark door surface.,0.2,0.2,3,0.2773,"[2017.13720703125, 581.3314819335938, 2118.78125, 1012.518310546875]",1
frame_0015.png,extras,door,wooden door,wooden door.,0.2,0.2,5,0.3574,"[1943.7886962890625, 625.7510375976562, 2037.2442626953125, 999.9278564453125]",1
frame_0015.png,extras,door,closed door,closed door.,0.2,0.2,5,0.3516,"[229.91864013671875, 547.9072265625, 430.9427490234375, 1040.158203125]",1
frame_0015.png,extras,door,interior door,interior door.,0.2,0.2,7,0.3612,"[230.08950805664062, 547.5010375976562, 429.75811767578125, 1039.757080078125]",1
frame_0015.png,extras,electric vehicle,electric vehicle,electric vehicle.,0.2,0.2,0,0.0,,0
frame_0015.png,extras,electric vehicle,small electric vehicle,small electric vehicle.,0.2,0.2,2,0.5057,"[1146.920166015625, 1646.0362548828125, 1695.7132568359375, 1854.8677978515625]",1
frame_0015.png,extras,electric vehicle,electric cart,electric cart.,0.2,0.2,0,0.0,,0
frame_0015.png,extras,electric vehicle,small electric cart,small electric cart.,0.2,0.2,3,0.4387,"[1889.0675048828125, 857.32861328125, 1955.29443359375, 994.6019287109375]",1
frame_0015.png,extras,electric vehicle,compact electric car,compact electric car.,0.2,0.2,4,0.4097,"[1149.2640380859375, 1651.33251953125, 1695.61962890625, 1854.7374267578125]",1
frame_0015.png,extras,electric vehicle,indoor electric vehicle,indoor electric vehicle.,0.2,0.2,3,0.4946,"[5.888757705688477, 5.287023544311523, 2873.420166015625, 1852.77392578125]",1
frame_0015.png,extras,electric vehicle,robot platform,robot platform.,0.2,0.2,3,0.4742,"[614.0720825195312, 797.781005859375, 1025.79248046875, 1180.0213623046875]",1
frame_0015.png,extras,large power bank,large power bank,large power bank.,0.18,0.18,6,0.342,"[1678.1727294921875, 862.273681640625, 1930.3055419921875, 995.825439453125]",1
frame_0015.png,extras,large power bank,portable power bank battery,portable power bank battery.,0.18,0.18,11,0.3372,"[1422.8328857421875, 965.9326782226562, 1475.715576171875, 1007.311767578125]",1
frame_0015.png,extras,large power bank,power bank,power bank.,0.18,0.18,6,0.3005,"[1683.12109375, 868.460693359375, 1925.675537109375, 992.1909790039062]",1
frame_0015.png,extras,large power bank,battery pack,battery pack.,0.18,0.18,2,0.2402,"[1424.43994140625, 967.731689453125, 1474.470947265625, 1005.900146484375]",1
frame_0015.png,extras,large power bank,large battery,large battery.,0.18,0.18,3,0.3235,"[1423.2366943359375, 966.5137939453125, 1475.6024169921875, 1007.1949462890625]",1
frame_0015.png,extras,large power bank,portable battery,portable battery.,0.18,0.18,8,0.4072,"[1423.7098388671875, 967.0855712890625, 1475.106689453125, 1006.9415893554688]",1
frame_0015.png,extras,large power bank,rectangular battery box,rectangular battery box.,0.18,0.18,7,0.2696,"[1683.56689453125, 868.4957275390625, 1913.629150390625, 992.6856689453125]",1
frame_0015.png,extras,meeting table set,meeting table set,meeting table set.,0.2,0.2,2,0.614,"[388.7369689941406, 774.6600341796875, 1030.3414306640625, 1185.1815185546875]",1
frame_0015.png,extras,meeting table set,large meeting table,large meeting table.,0.2,0.2,1,0.8565,"[424.0157165527344, 784.306884765625, 1030.824462890625, 1182.14892578125]",1
frame_0015.png,extras,meeting table set,conference table,conference table.,0.2,0.2,2,0.5289,"[424.2686462402344, 796.3082275390625, 1024.43212890625, 1174.953125]",1
frame_0015.png,extras,meeting table set,long table with chairs,long table with chairs.,0.2,0.2,2,0.5783,"[434.7894287109375, 778.7913818359375, 1031.278076171875, 1180.6513671875]",1
frame_0015.png,extras,meeting table set,office meeting table,office meeting table.,0.2,0.2,2,0.5714,"[426.91497802734375, 793.6845092773438, 1024.7611083984375, 1176.627197265625]",1
frame_0015.png,extras,meeting table set,long rectangular table,long rectangular table.,0.2,0.2,2,0.5747,"[442.4620361328125, 793.8056030273438, 1026.85498046875, 1175.5977783203125]",1
frame_0015.png,extras,plant pot,plant pot,plant pot.,0.2,0.2,4,0.2888,"[1258.385986328125, 956.9518432617188, 1299.5015869140625, 1004.1285400390625]",1
frame_0015.png,extras,plant pot,potted plant in plastic pot,potted plant in plastic pot.,0.2,0.2,7,0.3939,"[1888.619140625, 856.3384399414062, 1953.201904296875, 996.3444213867188]",1
frame_0015.png,extras,plant pot,potted plant,potted plant.,0.2,0.2,4,0.3786,"[1899.439697265625, 864.0367431640625, 1945.5042724609375, 988.5494995117188]",1
frame_0015.png,extras,plant pot,indoor potted plant,indoor potted plant.,0.2,0.2,0,0.0,,0
frame_0015.png,extras,plant pot,flower pot,flower pot.,0.2,0.2,2,0.3325,"[1258.3602294921875, 958.5410766601562, 1299.74169921875, 1004.3512573242188]",1
frame_0015.png,extras,plant pot,plastic plant pot,plastic plant pot.,0.2,0.2,1,0.2483,"[1256.5631103515625, 956.4011840820312, 1302.1002197265625, 1006.5064697265625]",1
frame_0015.png,extras,shoes,shoes,shoes.,0.18,0.18,1,0.2565,"[1153.9427490234375, 1657.6827392578125, 1692.19580078125, 1856.8111572265625]",1
frame_0015.png,extras,shoes,pair of indoor shoes,pair of indoor shoes.,0.18,0.18,5,0.2673,"[1147.5501708984375, 1646.5667724609375, 1697.1600341796875, 1854.092041015625]",1
frame_0015.png,extras,shoes,indoor shoes,indoor shoes.,0.18,0.18,11,0.3197,"[1153.426513671875, 1656.3450927734375, 1692.9600830078125, 1856.6278076171875]",1
frame_0015.png,extras,shoes,pair of shoes,pair of shoes.,0.18,0.18,8,0.2746,"[1147.5789794921875, 1646.4658203125, 1695.9393310546875, 1854.716796875]",1
frame_0015.png,extras,shoes,sneakers,sneakers.,0.18,0.18,0,0.0,,0
frame_0015.png,extras,shoes,slippers,slippers.,0.18,0.18,0,0.0,,0
frame_0015.png,extras,shoes,shoe pair on floor,shoe pair on floor.,0.18,0.18,6,0.6173,"[10.07772445678711, 975.2720336914062, 2868.851806640625, 1848.150146484375]",1
frame_0015.png,extras,trash bin,trash bin,trash bin.,0.2,0.2,0,0.0,,0
frame_0015.png,extras,trash bin,indoor trash bin,indoor trash bin.,0.2,0.2,2,0.2509,"[1256.35009765625, 955.1694946289062, 1302.0498046875, 1005.6155395507812]",1
frame_0015.png,extras,trash bin,garbage bin,garbage bin.,0.2,0.2,0,0.0,,0
frame_0015.png,extras,trash bin,waste bin,waste bin.,0.2,0.2,0,0.0,,0
frame_0015.png,extras,trash bin,recycling bin,recycling bin.,0.2,0.2,2,0.2651,"[1257.1954345703125, 957.5914306640625, 1301.2191162109375, 1005.0674438476562]",1
frame_0015.png,extras,trash bin,small trash can,small trash can.,0.2,0.2,2,0.5275,"[1252.052734375, 949.6371459960938, 1305.3111572265625, 1008.6973876953125]",1
frame_0015.png,extras,vacuum cleaner,vacuum cleaner,vacuum cleaner.,0.2,0.2,0,0.0,,0
frame_0015.png,extras,vacuum cleaner,upright vacuum cleaner,upright vacuum cleaner.,0.2,0.2,2,0.434,"[1893.50048828125, 859.2092895507812, 1949.97265625, 992.415771484375]",1
frame_0015.png,extras,vacuum cleaner,stick vacuum,stick vacuum.,0.2,0.2,0,0.0,,0
frame_0015.png,extras,vacuum cleaner,household vacuum,household vacuum.,0.2,0.2,3,0.2162,"[1897.273681640625, 862.0487670898438, 1947.4488525390625, 989.8152465820312]",1
frame_0015.png,extras,vacuum cleaner,robot vacuum,robot vacuum.,0.2,0.2,0,0.0,,0
frame_0015.png,extras,vacuum cleaner,cordless vacuum cleaner,cordless vacuum cleaner.,0.2,0.2,5,0.443,"[1893.8681640625, 860.2719116210938, 1949.69140625, 992.3494873046875]",1
frame_0016.png,production,meeting table set,ALL_GROUP,meeting table. conference table. table with chairs. meeting table set.,0.32,0.32,2,0.3817,"[718.2844848632812, 752.1011962890625, 1324.1998291015625, 1194.6683349609375]",1
frame_0016.png,production,chair,ALL_GROUP,chair. chairs. armless chair.,0.36,0.36,9,0.4751,"[2657.4814453125, 522.1389770507812, 2878.932373046875, 1343.5645751953125]",1
frame_0016.png,production,bench,ALL_GROUP,bench. metal bench. waiting bench.,0.34,0.34,1,0.4408,"[736.952392578125, 763.7355346679688, 1082.73828125, 1157.8963623046875]",1
frame_0016.png,production,cardboard box+plant pot+shoes,ALL_GROUP,cardboard box. brown cardboard box. cardboard package. plant pot. potted plant. flower pot. indoor plant pot. shoes. pair of shoes. footwear. black shoes.,0.3,0.3,0,0.0,,0
frame_0016.png,production,trash bin+vacuum cleaner,ALL_GROUP,trash bin. trash can. waste bin. recycling bin. row of trash bins. vacuum cleaner. upright vacuum cleaner. cordless vacuum. floor cleaner.,0.25,0.25,0,0.0,,0
frame_0016.png,production,large power bank,ALL_GROUP,large power bank. portable power station. battery pack. power bank.,0.28,0.28,0,0.0,,0
frame_0016.png,production,door,ALL_GROUP,door. doors. dark door. elevator sliding door. sliding door.,0.26,0.26,4,0.4573,"[2405.46435546875, 511.5986328125, 2539.650390625, 1026.2398681640625]",1
frame_0016.png,production,electric vehicle,ALL_GROUP,electric vehicle. small electric vehicle. mobility scooter. scooter.,0.28,0.28,0,0.0,,0
frame_0016.png,extras,bench,bench,bench.,0.2,0.2,3,0.2249,"[1.6211700439453125, 1740.3411865234375, 455.8533630371094, 1856.9534912109375]",1
frame_0016.png,extras,bench,metal bench,metal bench.,0.2,0.2,3,0.3854,"[745.0222778320312, 762.4963989257812, 1077.99658203125, 1157.265380859375]",1
frame_0016.png,extras,bench,waiting bench,waiting bench.,0.2,0.2,3,0.3907,"[746.5076904296875, 765.7981567382812, 1314.8140869140625, 1193.63916015625]",1
frame_0016.png,extras,bench,long bench,long bench.,0.2,0.2,3,0.3845,"[740.6260375976562, 766.16162109375, 1313.7261962890625, 1192.6092529296875]",1
frame_0016.png,extras,bench,indoor bench,indoor bench.,0.2,0.2,7,0.375,"[731.3412475585938, 766.4249877929688, 1313.93603515625, 1192.839599609375]",1
frame_0016.png,extras,cardboard box,cardboard box,cardboard box.,0.2,0.2,0,0.0,,0
frame_0016.png,extras,cardboard box,brown cardboard box,brown cardboard box.,0.2,0.2,4,0.2853,"[2262.322265625, 941.789794921875, 2321.109619140625, 1001.8076782226562]",1
frame_0016.png,extras,cardboard box,shipping box,shipping box.,0.2,0.2,1,0.2528,"[2009.2279052734375, 859.6883544921875, 2267.847900390625, 998.81298828125]",1
frame_0016.png,extras,cardboard box,package box,package box.,0.2,0.2,0,0.0,,0
frame_0016.png,extras,cardboard box,stacked box,stacked box.,0.2,0.2,0,0.0,,0
frame_0016.png,extras,cardboard box,box,box.,0.2,0.2,2,0.2627,"[1725.881103515625, 970.3071899414062, 1777.909912109375, 1008.5548095703125]",1
frame_0016.png,extras,chair,chair,chair.,0.2,0.2,15,0.6206,"[2658.994384765625, 523.7529907226562, 2879.08837890625, 1339.981689453125]",1
frame_0016.png,extras,chair,armless chair,armless chair.,0.2,0.2,2,0.5464,"[761.7926635742188, 761.8178100585938, 1081.56591796875, 1156.5693359375]",1
frame_0016.png,extras,chair,office chair,office chair.,0.2,0.2,20,0.7009,"[2658.3818359375, 523.114990234375, 2879.148193359375, 1341.413330078125]",1
frame_0016.png,extras,chair,swivel chair,swivel chair.,0.2,0.2,3,0.5443,"[745.9423828125, 762.2733154296875, 1079.55322265625, 1156.540771484375]",1
frame_0016.png,extras,chair,rolling chair,rolling chair.,0.2,0.2,14,0.4563,"[2658.396484375, 523.0604248046875, 2878.87451171875, 1342.07568359375]",1
frame_0016.png,extras,chair,stool chair,stool chair.,0.2,0.2,20,0.6031,"[2658.505126953125, 524.2108154296875, 2879.22802734375, 1340.5572509765625]",1
frame_0016.png,extras,door,door,door.,0.2,0.2,7,0.4118,"[583.03515625, 586.0448608398438, 750.300048828125, 1022.2630004882812]",1
frame_0016.png,extras,door,dark door surface,dark door surface.,0.2,0.2,4,0.3387,"[2398.8408203125, 505.4793395996094, 2544.627685546875, 1029.66015625]",1
frame_0016.png,extras,door,wooden door,wooden door.,0.2,0.2,2,0.4615,"[580.6502685546875, 584.8485717773438, 751.263427734375, 1022.390625]",1
frame_0016.png,extras,door,closed door,closed door.,0.2,0.2,3,0.4141,"[581.0307006835938, 584.8011474609375, 751.5341186523438, 1023.4625244140625]",1
frame_0016.png,extras,door,interior door,interior door.,0.2,0.2,5,0.4206,"[581.5595703125, 584.6936645507812, 750.7703247070312, 1022.8756103515625]",1
frame_0016.png,extras,electric vehicle,electric vehicle,electric vehicle.,0.2,0.2,1,0.2136,"[731.7874755859375, 769.7994995117188, 1313.41162109375, 1192.9378662109375]",1
frame_0016.png,extras,electric vehicle,small electric vehicle,small electric vehicle.,0.2,0.2,3,0.4501,"[1143.5933837890625, 1649.5313720703125, 1696.7431640625, 1854.46240234375]",1
frame_0016.png,extras,electric vehicle,electric cart,electric cart.,0.2,0.2,0,0.0,,0
frame_0016.png,extras,electric vehicle,small electric cart,small electric cart.,0.2,0.2,2,0.6345,"[808.4414672851562, 769.6058959960938, 1324.30419921875, 1198.781982421875]",1
frame_0016.png,extras,electric vehicle,compact electric car,compact electric car.,0.2,0.2,5,0.3925,"[1145.2523193359375, 1653.83447265625, 1697.13330078125, 1854.534423828125]",1
frame_0016.png,extras,electric vehicle,indoor electric vehicle,indoor electric vehicle.,0.2,0.2,4,0.4643,"[4.789953231811523, 4.859418869018555, 2874.989501953125, 1852.746826171875]",1
frame_0016.png,extras,electric vehicle,robot platform,robot platform.,0.2,0.2,2,0.4543,"[739.0321044921875, 774.0151977539062, 1315.9237060546875, 1197.330810546875]",1
frame_0016.png,extras,large power bank,large power bank,large power bank.,0.18,0.18,6,0.3604,"[2001.287841796875, 851.9122314453125, 2279.885498046875, 1002.6087036132812]",1
frame_0016.png,extras,large power bank,portable power bank battery,portable power bank battery.,0.18,0.18,3,0.4089,"[1723.309814453125, 966.328369140625, 1780.999267578125, 1011.2571411132812]",1
frame_0016.png,extras,large power bank,power bank,power bank.,0.18,0.18,5,0.3049,"[728.6959228515625, 772.0932006835938, 1313.3184814453125, 1194.370849609375]",1
frame_0016.png,extras,large power bank,battery pack,battery pack.,0.18,0.18,2,0.3299,"[1724.7200927734375, 968.19384765625, 1779.7119140625, 1009.8033447265625]",1
frame_0016.png,extras,large power bank,large battery,large battery.,0.18,0.18,3,0.3507,"[1723.894287109375, 966.7577514648438, 1780.790771484375, 1011.0765380859375]",1
frame_0016.png,extras,large power bank,portable battery,portable battery.,0.18,0.18,3,0.4224,"[1724.3912353515625, 967.5374145507812, 1780.3016357421875, 1010.8163452148438]",1
frame_0016.png,extras,large power bank,rectangular battery box,rectangular battery box.,0.18,0.18,11,0.3491,"[1724.40869140625, 966.470458984375, 1780.8685302734375, 1010.7737426757812]",1
frame_0016.png,extras,meeting table set,meeting table set,meeting table set.,0.2,0.2,1,0.6569,"[719.4985961914062, 761.4557495117188, 1319.6009521484375, 1197.1785888671875]",1
frame_0016.png,extras,meeting table set,large meeting table,large meeting table.,0.2,0.2,2,0.5565,"[741.4248657226562, 766.1649169921875, 1320.4932861328125, 1195.39306640625]",1
frame_0016.png,extras,meeting table set,conference table,conference table.,0.2,0.2,2,0.4551,"[887.4296875, 783.475830078125, 1310.7332763671875, 1183.7752685546875]",1
frame_0016.png,extras,meeting table set,long table with chairs,long table with chairs.,0.2,0.2,1,0.7839,"[731.3666381835938, 760.5347290039062, 1321.59814453125, 1194.3516845703125]",1
frame_0016.png,extras,meeting table set,office meeting table,office meeting table.,0.2,0.2,2,0.4867,"[739.8992309570312, 777.0663452148438, 1314.6090087890625, 1190.1378173828125]",1
frame_0016.png,extras,meeting table set,long rectangular table,long rectangular table.,0.2,0.2,2,0.5203,"[885.446044921875, 779.9752197265625, 1314.7490234375, 1184.7105712890625]",1
frame_0016.png,extras,plant pot,plant pot,plant pot.,0.2,0.2,3,0.3808,"[2256.488525390625, 850.9716186523438, 2306.4052734375, 997.072021484375]",1
frame_0016.png,extras,plant pot,potted plant in plastic pot,potted plant in plastic pot.,0.2,0.2,6,0.4562,"[2247.8544921875, 842.5982055664062, 2316.67138671875, 1002.744384765625]",1
frame_0016.png,extras,plant pot,potted plant,potted plant.,0.2,0.2,4,0.4681,"[2256.359375, 850.7881469726562, 2306.63720703125, 997.7162475585938]",1
frame_0016.png,extras,plant pot,indoor potted plant,indoor potted plant.,0.2,0.2,2,0.3254,"[2255.237548828125, 848.9189453125, 2308.0859375, 997.3184204101562]",1
frame_0016.png,extras,plant pot,flower pot,flower pot.,0.2,0.2,4,0.395,"[1550.65087890625, 959.632568359375, 1592.051513671875, 1005.7788696289062]",1
frame_0016.png,extras,plant pot,plastic plant pot,plastic plant pot.,0.2,0.2,1,0.295,"[1549.09814453125, 957.1793823242188, 1593.960205078125, 1007.84716796875]",1
frame_0016.png,extras,shoes,shoes,shoes.,0.18,0.18,4,0.2592,"[1148.9573974609375, 1659.4361572265625, 1693.7728271484375, 1856.5743408203125]",1
frame_0016.png,extras,shoes,pair of indoor shoes,pair of indoor shoes.,0.18,0.18,5,0.2829,"[1142.6390380859375, 1647.99658203125, 1699.2215576171875, 1853.399169921875]",1
frame_0016.png,extras,shoes,indoor shoes,indoor shoes.,0.18,0.18,9,0.4015,"[1147.9775390625, 1657.87939453125, 1694.9444580078125, 1856.2337646484375]",1
frame_0016.png,extras,shoes,pair of shoes,pair of shoes.,0.18,0.18,12,0.2669,"[1143.211669921875, 1648.3223876953125, 1697.618896484375, 1854.19287109375]",1
frame_0016.png,extras,shoes,sneakers,sneakers.,0.18,0.18,2,0.2349,"[1224.0496826171875, 981.058349609375, 1277.6318359375, 1004.5191040039062]",1
frame_0016.png,extras,shoes,slippers,slippers.,0.18,0.18,0,0.0,,0
frame_0016.png,extras,shoes,shoe pair on floor,shoe pair on floor.,0.18,0.18,8,0.643,"[10.297708511352539, 975.2633666992188, 2869.6962890625, 1846.9068603515625]",1
frame_0016.png,extras,trash bin,trash bin,trash bin.,0.2,0.2,0,0.0,,0
frame_0016.png,extras,trash bin,indoor trash bin,indoor trash bin.,0.2,0.2,3,0.2624,"[2264.25830078125, 944.3412475585938, 2319.28857421875, 1001.7586669921875]",1
frame_0016.png,extras,trash bin,garbage bin,garbage bin.,0.2,0.2,0,0.0,,0
frame_0016.png,extras,trash bin,waste bin,waste bin.,0.2,0.2,2,0.2109,"[1550.4713134765625, 958.307861328125, 1592.8355712890625, 1006.587158203125]",1
frame_0016.png,extras,trash bin,recycling bin,recycling bin.,0.2,0.2,3,0.2745,"[1550.3338623046875, 957.9150390625, 1593.2574462890625, 1006.38330078125]",1
frame_0016.png,extras,trash bin,small trash can,small trash can.,0.2,0.2,3,0.4647,"[1545.200439453125, 952.56884765625, 1597.39306640625, 1009.800048828125]",1
frame_0016.png,extras,vacuum cleaner,vacuum cleaner,vacuum cleaner.,0.2,0.2,1,0.2274,"[2253.7802734375, 847.7801513671875, 2311.191650390625, 998.9345092773438]",1
frame_0016.png,extras,vacuum cleaner,upright vacuum cleaner,upright vacuum cleaner.,0.2,0.2,2,0.5118,"[2251.05029296875, 846.025390625, 2312.43505859375, 1000.384521484375]",1
frame_0016.png,extras,vacuum cleaner,stick vacuum,stick vacuum.,0.2,0.2,0,0.0,,0
frame_0016.png,extras,vacuum cleaner,household vacuum,household vacuum.,0.2,0.2,6,0.3213,"[2254.784423828125, 848.8442993164062, 2308.59130859375, 997.9598999023438]",1
frame_0016.png,extras,vacuum cleaner,robot vacuum,robot vacuum.,0.2,0.2,0,0.0,,0
frame_0016.png,extras,vacuum cleaner,cordless vacuum cleaner,cordless vacuum cleaner.,0.2,0.2,4,0.4893,"[2251.7685546875, 847.2376098632812, 2312.204345703125, 1000.9360961914062]",1
frame_0017.png,production,meeting table set,ALL_GROUP,meeting table. conference table. table with chairs. meeting table set.,0.32,0.32,4,0.4046,"[717.821044921875, 745.701171875, 1358.7877197265625, 1203.9180908203125]",1
frame_0017.png,production,chair,ALL_GROUP,chair. chairs. armless chair.,0.36,0.36,2,0.3696,"[1695.75927734375, 890.385009765625, 1771.4259033203125, 996.1590576171875]",1
frame_0017.png,production,bench,ALL_GROUP,bench. metal bench. waiting bench.,0.34,0.34,2,0.4139,"[759.0440673828125, 759.2967529296875, 1096.9893798828125, 1162.5572509765625]",1
frame_0017.png,production,cardboard box+plant pot+shoes,ALL_GROUP,cardboard box. brown cardboard box. cardboard package. plant pot. potted plant. flower pot. indoor plant pot. shoes. pair of shoes. footwear. black shoes.,0.3,0.3,0,0.0,,0
frame_0017.png,production,trash bin+vacuum cleaner,ALL_GROUP,trash bin. trash can. waste bin. recycling bin. row of trash bins. vacuum cleaner. upright vacuum cleaner. cordless vacuum. floor cleaner.,0.25,0.25,0,0.0,,0
frame_0017.png,production,large power bank,ALL_GROUP,large power bank. portable power station. battery pack. power bank.,0.28,0.28,0,0.0,,0
frame_0017.png,production,door,ALL_GROUP,door. doors. dark door. elevator sliding door. sliding door.,0.26,0.26,3,0.461,"[237.36111450195312, 447.8222961425781, 568.0230712890625, 1050.138671875]",1
frame_0017.png,production,electric vehicle,ALL_GROUP,electric vehicle. small electric vehicle. mobility scooter. scooter.,0.28,0.28,0,0.0,,0
frame_0017.png,extras,bench,bench,bench.,0.2,0.2,3,0.2438,"[1.6359543800354004, 1740.6617431640625, 437.6285400390625, 1857.04345703125]",1
frame_0017.png,extras,bench,metal bench,metal bench.,0.2,0.2,3,0.3859,"[753.1287841796875, 761.2879638671875, 1350.35888671875, 1203.1048583984375]",1
frame_0017.png,extras,bench,waiting bench,waiting bench.,0.2,0.2,3,0.3543,"[762.307861328125, 760.3378295898438, 1103.9327392578125, 1163.5032958984375]",1
frame_0017.png,extras,bench,long bench,long bench.,0.2,0.2,4,0.3969,"[759.5394287109375, 766.7107543945312, 1346.8892822265625, 1201.82763671875]",1
frame_0017.png,extras,bench,indoor bench,indoor bench.,0.2,0.2,5,0.3547,"[745.7893676757812, 763.681396484375, 1346.8011474609375, 1200.7677001953125]",1
frame_0017.png,extras,cardboard box,cardboard box,cardboard box.,0.2,0.2,0,0.0,,0
frame_0017.png,extras,cardboard box,brown cardboard box,brown cardboard box.,0.2,0.2,5,0.295,"[1580.856689453125, 956.1253662109375, 1631.3441162109375, 1009.8375244140625]",1
frame_0017.png,extras,cardboard box,shipping box,shipping box.,0.2,0.2,1,0.2243,"[2050.423095703125, 858.7930908203125, 2318.040771484375, 1000.8292236328125]",1
frame_0017.png,extras,cardboard box,package box,package box.,0.2,0.2,0,0.0,,0
frame_0017.png,extras,cardboard box,stacked box,stacked box.,0.2,0.2,0,0.0,,0
frame_0017.png,extras,cardboard box,box,box.,0.2,0.2,3,0.2658,"[1584.641845703125, 961.5101928710938, 1626.25390625, 1007.02587890625]",1
frame_0017.png,extras,chair,chair,chair.,0.2,0.2,18,0.3341,"[681.7720336914062, 877.5408935546875, 788.6803588867188, 1031.1180419921875]",1
frame_0017.png,extras,chair,armless chair,armless chair.,0.2,0.2,2,0.5811,"[1096.8846435546875, 834.8665161132812, 1345.58251953125, 1124.924560546875]",1
frame_0017.png,extras,chair,office chair,office chair.,0.2,0.2,23,0.47,"[1413.210205078125, 894.3726196289062, 1482.8662109375, 999.3381958007812]",1
frame_0017.png,extras,chair,swivel chair,swivel chair.,0.2,0.2,2,0.5927,"[772.0867919921875, 757.501953125, 1086.305908203125, 1165.1121826171875]",1
frame_0017.png,extras,chair,rolling chair,rolling chair.,0.2,0.2,12,0.4625,"[763.3021850585938, 759.486083984375, 1076.0333251953125, 1161.090087890625]",1
frame_0017.png,extras,chair,stool chair,stool chair.,0.2,0.2,23,0.4505,"[1413.6988525390625, 894.46630859375, 1482.20361328125, 998.5879516601562]",1
frame_0017.png,extras,door,door,door.,0.2,0.2,9,0.4223,"[614.2565307617188, 587.7865600585938, 779.3441162109375, 1022.3436889648438]",1
frame_0017.png,extras,door,dark door surface,dark door surface.,0.2,0.2,3,0.3367,"[2452.906494140625, 489.0060729980469, 2604.105224609375, 1034.5966796875]",1
frame_0017.png,extras,door,wooden door,wooden door.,0.2,0.2,2,0.4628,"[611.9282836914062, 586.1257934570312, 780.62255859375, 1023.5799560546875]",1
frame_0017.png,extras,door,closed door,closed door.,0.2,0.2,4,0.4191,"[612.0602416992188, 586.3640747070312, 781.26953125, 1024.4390869140625]",1
frame_0017.png,extras,door,interior door,interior door.,0.2,0.2,6,0.4445,"[613.0747680664062, 586.7366943359375, 780.284912109375, 1023.7037963867188]",1
frame_0017.png,extras,electric vehicle,electric vehicle,electric vehicle.,0.2,0.2,1,0.2325,"[748.6854858398438, 764.5003662109375, 1346.8642578125, 1202.45068359375]",1
frame_0017.png,extras,electric vehicle,small electric vehicle,small electric vehicle.,0.2,0.2,3,0.4426,"[1143.5733642578125, 1648.404296875, 1697.28759765625, 1854.731201171875]",1
frame_0017.png,extras,electric vehicle,electric cart,electric cart.,0.2,0.2,0,0.0,,0
frame_0017.png,extras,electric vehicle,small electric cart,small electric cart.,0.2,0.2,3,0.3806,"[763.0550537109375, 761.0142211914062, 1355.265380859375, 1207.116455078125]",1
frame_0017.png,extras,electric vehicle,compact electric car,compact electric car.,0.2,0.2,5,0.3774,"[1145.3656005859375, 1653.2501220703125, 1697.7176513671875, 1854.6080322265625]",1
frame_0017.png,extras,electric vehicle,indoor electric vehicle,indoor electric vehicle.,0.2,0.2,4,0.4529,"[4.341230392456055, 4.758365631103516, 2875.3779296875, 1852.79736328125]",1
frame_0017.png,extras,electric vehicle,robot platform,robot platform.,0.2,0.2,2,0.4472,"[756.2794189453125, 769.1851806640625, 1348.9359130859375, 1205.15234375]",1
frame_0017.png,extras,large power bank,large power bank,large power bank.,0.18,0.18,6,0.3621,"[2042.1416015625, 851.9630126953125, 2326.46923828125, 1004.32666015625]",1
frame_0017.png,extras,large power bank,portable power bank battery,portable power bank battery.,0.18,0.18,4,0.4179,"[1759.685791015625, 967.0764770507812, 1819.626220703125, 1013.7473754882812]",1
frame_0017.png,extras,large power bank,power bank,power bank.,0.18,0.18,4,0.3129,"[745.74365234375, 766.1721801757812, 1346.4449462890625, 1202.9869384765625]",1
frame_0017.png,extras,large power bank,battery pack,battery pack.,0.18,0.18,4,0.3208,"[1761.338134765625, 969.0702514648438, 1818.1837158203125, 1012.170654296875]",1
frame_0017.png,extras,large power bank,large battery,large battery.,0.18,0.18,2,0.3856,"[1760.3466796875, 967.365478515625, 1819.420166015625, 1013.4505615234375]",1
frame_0017.png,extras,large power bank,portable battery,portable battery.,0.18,0.18,3,0.4392,"[1760.8524169921875, 968.1774291992188, 1818.9725341796875, 1013.2080078125]",1
frame_0017.png,extras,large power bank,rectangular battery box,rectangular battery box.,0.18,0.18,8,0.3731,"[1760.7366943359375, 967.0401000976562, 1819.5633544921875, 1013.2487182617188]",1
frame_0017.png,extras,meeting table set,meeting table set,meeting table set.,0.2,0.2,1,0.6651,"[724.9788818359375, 755.284912109375, 1353.6923828125, 1206.4000244140625]",1
frame_0017.png,extras,meeting table set,large meeting table,large meeting table.,0.2,0.2,1,0.8707,"[777.0997314453125, 759.7288818359375, 1352.3709716796875, 1203.8035888671875]",1
frame_0017.png,extras,meeting table set,conference table,conference table.,0.2,0.2,3,0.4126,"[802.65380859375, 773.5836181640625, 1347.3536376953125, 1195.744873046875]",1
frame_0017.png,extras,meeting table set,long table with chairs,long table with chairs.,0.2,0.2,1,0.7873,"[743.7258911132812, 753.0108032226562, 1354.9990234375, 1203.19287109375]",1
frame_0017.png,extras,meeting table set,office meeting table,office meeting table.,0.2,0.2,2,0.643,"[787.2599487304688, 769.2980346679688, 1345.895263671875, 1198.0594482421875]",1
frame_0017.png,extras,meeting table set,long rectangular table,long rectangular table.,0.2,0.2,1,0.8703,"[893.8990478515625, 771.1583251953125, 1347.6837158203125, 1196.3094482421875]",1
frame_0017.png,extras,plant pot,plant pot,plant pot.,0.2,0.2,5,0.3943,"[1584.1988525390625, 959.098876953125, 1627.39599609375, 1007.5961303710938]",1
frame_0017.png,extras,plant pot,potted plant in plastic pot,potted plant in plastic pot.,0.2,0.2,6,0.4729,"[2294.7783203125, 841.2356567382812, 2369.440673828125, 1006.762451171875]",1
frame_0017.png,extras,plant pot,potted plant,potted plant.,0.2,0.2,4,0.4688,"[2304.28955078125, 849.5360107421875, 2363.292236328125, 1000.9506225585938]",1
frame_0017.png,extras,plant pot,indoor potted plant,indoor potted plant.,0.2,0.2,4,0.2938,"[2301.919189453125, 847.4898681640625, 2362.568115234375, 1000.5385131835938]",1
frame_0017.png,extras,plant pot,flower pot,flower pot.,0.2,0.2,5,0.4589,"[1583.984375, 960.307861328125, 1627.378662109375, 1008.1160278320312]",1
frame_0017.png,extras,plant pot,plastic plant pot,plastic plant pot.,0.2,0.2,3,0.3279,"[1582.642822265625, 958.0703735351562, 1629.419189453125, 1009.8206787109375]",1
frame_0017.png,extras,shoes,shoes,shoes.,0.18,0.18,3,0.3071,"[1148.78564453125, 1659.0013427734375, 1694.4957275390625, 1856.784423828125]",1
frame_0017.png,extras,shoes,pair of indoor shoes,pair of indoor shoes.,0.18,0.18,7,0.3403,"[1141.9725341796875, 1646.7352294921875, 1699.4996337890625, 1854.2864990234375]",1
frame_0017.png,extras,shoes,indoor shoes,indoor shoes.,0.18,0.18,7,0.4057,"[1148.2073974609375, 1657.4306640625, 1694.8228759765625, 1856.4404296875]",1
frame_0017.png,extras,shoes,pair of shoes,pair of shoes.,0.18,0.18,9,0.3463,"[1141.8262939453125, 1646.4658203125, 1698.28173828125, 1854.81103515625]",1
frame_0017.png,extras,shoes,sneakers,sneakers.,0.18,0.18,2,0.2186,"[1149.2423095703125, 1659.8121337890625, 1694.2552490234375, 1857.0491943359375]",1
frame_0017.png,extras,shoes,slippers,slippers.,0.18,0.18,0,0.0,,0
frame_0017.png,extras,shoes,shoe pair on floor,shoe pair on floor.,0.18,0.18,5,0.6326,"[10.46945571899414, 976.7826538085938, 2869.470703125, 1847.1243896484375]",1
frame_0017.png,extras,trash bin,trash bin,trash bin.,0.2,0.2,0,0.0,,0
frame_0017.png,extras,trash bin,indoor trash bin,indoor trash bin.,0.2,0.2,3,0.289,"[2312.5654296875, 944.904541015625, 2368.914306640625, 1004.676513671875]",1
frame_0017.png,extras,trash bin,garbage bin,garbage bin.,0.2,0.2,1,0.2061,"[2313.6328125, 946.4525146484375, 2367.738037109375, 1003.7435913085938]",1
frame_0017.png,extras,trash bin,waste bin,waste bin.,0.2,0.2,2,0.2383,"[2313.56005859375, 946.419921875, 2367.9296875, 1003.859130859375]",1
frame_0017.png,extras,trash bin,recycling bin,recycling bin.,0.2,0.2,3,0.2887,"[1584.1859130859375, 959.2921142578125, 1628.618408203125, 1008.8587646484375]",1
frame_0017.png,extras,trash bin,small trash can,small trash can.,0.2,0.2,3,0.525,"[1578.61572265625, 952.7887573242188, 1632.6436767578125, 1012.3350830078125]",1
frame_0017.png,extras,vacuum cleaner,vacuum cleaner,vacuum cleaner.,0.2,0.2,2,0.3046,"[2300.51123046875, 846.7949829101562, 2360.150146484375, 1001.8797607421875]",1
frame_0017.png,extras,vacuum cleaner,upright vacuum cleaner,upright vacuum cleaner.,0.2,0.2,2,0.5166,"[2298.033203125, 844.475830078125, 2360.89404296875, 1003.2931518554688]",1
frame_0017.png,extras,vacuum cleaner,stick vacuum,stick vacuum.,0.2,0.2,0,0.0,,0
frame_0017.png,extras,vacuum cleaner,household vacuum,household vacuum.,0.2,0.2,7,0.3385,"[2301.59033203125, 847.9404296875, 2359.321533203125, 1000.95361328125]",1
frame_0017.png,extras,vacuum cleaner,robot vacuum,robot vacuum.,0.2,0.2,0,0.0,,0
frame_0017.png,extras,vacuum cleaner,cordless vacuum cleaner,cordless vacuum cleaner.,0.2,0.2,3,0.4944,"[2298.19384765625, 845.7224731445312, 2360.88525390625, 1003.2808837890625]",1
frame_0018.png,production,meeting table set,ALL_GROUP,meeting table. conference table. table with chairs. meeting table set.,0.32,0.32,3,0.425,"[676.56689453125, 716.5128173828125, 1364.120361328125, 1255.9332275390625]",1
frame_0018.png,production,chair,ALL_GROUP,chair. chairs. armless chair.,0.36,0.36,6,0.4021,"[1717.3675537109375, 890.1814575195312, 1799.144287109375, 1000.8818359375]",1
frame_0018.png,production,bench,ALL_GROUP,bench. metal bench. waiting bench.,0.34,0.34,2,0.4543,"[860.1868286132812, 751.4816284179688, 1351.152587890625, 1241.6375732421875]",1
frame_0018.png,production,cardboard box+plant pot+shoes,ALL_GROUP,cardboard box. brown cardboard box. cardboard package. plant pot. potted plant. flower pot. indoor plant pot. shoes. pair of shoes. footwear. black shoes.,0.3,0.3,0,0.0,,0
frame_0018.png,production,trash bin+vacuum cleaner,ALL_GROUP,trash bin. trash can. waste bin. recycling bin. row of trash bins. vacuum cleaner. upright vacuum cleaner. cordless vacuum. floor cleaner.,0.25,0.25,0,0.0,,0
frame_0018.png,production,large power bank,ALL_GROUP,large power bank. portable power station. battery pack. power bank.,0.28,0.28,0,0.0,,0
frame_0018.png,production,door,ALL_GROUP,door. doors. dark door. elevator sliding door. sliding door.,0.26,0.26,2,0.5139,"[2515.9365234375, 462.3735656738281, 2675.64306640625, 1033.09765625]",1
frame_0018.png,production,electric vehicle,ALL_GROUP,electric vehicle. small electric vehicle. mobility scooter. scooter.,0.28,0.28,0,0.0,,0
frame_0018.png,extras,bench,bench,bench.,0.2,0.2,3,0.2348,"[704.5245361328125, 746.0308837890625, 1346.6031494140625, 1253.6466064453125]",1
frame_0018.png,extras,bench,metal bench,metal bench.,0.2,0.2,3,0.4128,"[700.8053588867188, 731.7677612304688, 1354.902587890625, 1253.771728515625]",1
frame_0018.png,extras,bench,waiting bench,waiting bench.,0.2,0.2,3,0.3537,"[707.6982421875, 734.6525268554688, 1353.15185546875, 1253.6959228515625]",1
frame_0018.png,extras,bench,long bench,long bench.,0.2,0.2,3,0.3967,"[704.6686401367188, 736.0648193359375, 1352.1351318359375, 1252.2432861328125]",1
frame_0018.png,extras,bench,indoor bench,indoor bench.,0.2,0.2,4,0.4395,"[696.7125244140625, 735.7200317382812, 1352.5155029296875, 1252.860595703125]",1
frame_0018.png,extras,cardboard box,cardboard box,cardboard box.,0.2,0.2,1,0.2204,"[2358.988525390625, 944.0479736328125, 2420.212890625, 1004.8995971679688]",1
frame_0018.png,extras,cardboard box,brown cardboard box,brown cardboard box.,0.2,0.2,3,0.3739,"[1599.5118408203125, 956.6948852539062, 1652.599853515625, 1014.9837036132812]",1
frame_0018.png,extras,cardboard box,shipping box,shipping box.,0.2,0.2,1,0.2741,"[2086.36474609375, 855.9729614257812, 2361.92431640625, 1002.0239868164062]",1
frame_0018.png,extras,cardboard box,package box,package box.,0.2,0.2,1,0.2386,"[1789.5224609375, 972.1924438476562, 1849.016845703125, 1016.3309326171875]",1
frame_0018.png,extras,cardboard box,stacked box,stacked box.,0.2,0.2,1,0.2036,"[2086.3623046875, 855.9262084960938, 2362.0126953125, 1001.9772338867188]",1
frame_0018.png,extras,cardboard box,box,box.,0.2,0.2,3,0.2732,"[1603.48974609375, 961.7967529296875, 1647.6180419921875, 1011.4514770507812]",1
frame_0018.png,extras,chair,chair,chair.,0.2,0.2,14,0.3624,"[1072.684814453125, 830.1080322265625, 1346.6761474609375, 1162.73193359375]",1
frame_0018.png,extras,chair,armless chair,armless chair.,0.2,0.2,2,0.6471,"[728.4060668945312, 734.1710205078125, 1079.566162109375, 1205.048583984375]",1
frame_0018.png,extras,chair,office chair,office chair.,0.2,0.2,20,0.5193,"[1718.901123046875, 891.8372192382812, 1796.50927734375, 999.7278442382812]",1
frame_0018.png,extras,chair,swivel chair,swivel chair.,0.2,0.2,2,0.5619,"[720.5609741210938, 733.99853515625, 1078.711669921875, 1200.906494140625]",1
frame_0018.png,extras,chair,rolling chair,rolling chair.,0.2,0.2,11,0.4542,"[729.9168090820312, 734.4144897460938, 1078.688720703125, 1205.3448486328125]",1
frame_0018.png,extras,chair,stool chair,stool chair.,0.2,0.2,20,0.4847,"[711.4199829101562, 744.0867919921875, 1079.1920166015625, 1243.92529296875]",1
frame_0018.png,extras,door,door,door.,0.2,0.2,11,0.2959,"[2518.86083984375, 462.7606506347656, 2673.306640625, 1029.9287109375]",1
frame_0018.png,extras,door,dark door surface,dark door surface.,0.2,0.2,2,0.4305,"[2509.12548828125, 457.2501220703125, 2682.134765625, 1037.182861328125]",1
frame_0018.png,extras,door,wooden door,wooden door.,0.2,0.2,5,0.4025,"[192.52398681640625, 433.274658203125, 541.5651245117188, 1058.2550048828125]",1
frame_0018.png,extras,door,closed door,closed door.,0.2,0.2,6,0.4158,"[193.94229125976562, 432.2803955078125, 532.7804565429688, 1058.241455078125]",1
frame_0018.png,extras,door,interior door,interior door.,0.2,0.2,6,0.4075,"[193.53939819335938, 432.044189453125, 538.1531982421875, 1057.072998046875]",1
frame_0018.png,extras,electric vehicle,electric vehicle,electric vehicle.,0.2,0.2,1,0.2428,"[693.9788818359375, 739.5166625976562, 1351.9454345703125, 1252.865966796875]",1
frame_0018.png,extras,electric vehicle,small electric vehicle,small electric vehicle.,0.2,0.2,3,0.4305,"[1143.3446044921875, 1648.7154541015625, 1696.8948974609375, 1854.6031494140625]",1
frame_0018.png,extras,electric vehicle,electric cart,electric cart.,0.2,0.2,0,0.0,,0
frame_0018.png,extras,electric vehicle,small electric cart,small electric cart.,0.2,0.2,2,0.6362,"[714.8866577148438, 730.489013671875, 1360.2415771484375, 1258.6829833984375]",1
frame_0018.png,extras,electric vehicle,compact electric car,compact electric car.,0.2,0.2,3,0.3742,"[1143.9537353515625, 1652.7962646484375, 1698.0560302734375, 1854.631103515625]",1
frame_0018.png,extras,electric vehicle,indoor electric vehicle,indoor electric vehicle.,0.2,0.2,4,0.4399,"[4.77381706237793, 4.972611427307129, 2875.2158203125, 1852.8677978515625]",1
frame_0018.png,extras,electric vehicle,robot platform,robot platform.,0.2,0.2,1,0.7592,"[707.5277099609375, 739.9424438476562, 1354.0023193359375, 1255.3416748046875]",1
frame_0018.png,extras,large power bank,large power bank,large power bank.,0.18,0.18,4,0.3938,"[682.4214477539062, 729.5422973632812, 1360.16796875, 1258.3629150390625]",1
frame_0018.png,extras,large power bank,portable power bank battery,portable power bank battery.,0.18,0.18,7,0.4108,"[1787.3406982421875, 970.9527587890625, 1850.456787109375, 1018.2637939453125]",1
frame_0018.png,extras,large power bank,power bank,power bank.,0.18,0.18,3,0.3367,"[2083.046142578125, 854.5994873046875, 2363.834716796875, 1002.3084716796875]",1
frame_0018.png,extras,large power bank,battery pack,battery pack.,0.18,0.18,7,0.3852,"[1789.2769775390625, 972.8005981445312, 1849.255859375, 1016.5670776367188]",1
frame_0018.png,extras,large power bank,large battery,large battery.,0.18,0.18,5,0.4537,"[1787.9599609375, 971.0167846679688, 1850.283447265625, 1017.909423828125]",1
frame_0018.png,extras,large power bank,portable battery,portable battery.,0.18,0.18,7,0.5149,"[1788.3785400390625, 971.6550903320312, 1849.8480224609375, 1017.662109375]",1
frame_0018.png,extras,large power bank,rectangular battery box,rectangular battery box.,0.18,0.18,9,0.3623,"[1788.1796875, 970.8843383789062, 1850.22021484375, 1017.49755859375]",1
frame_0018.png,extras,meeting table set,meeting table set,meeting table set.,0.2,0.2,1,0.6829,"[686.8085327148438, 729.400390625, 1356.602783203125, 1256.7969970703125]",1
frame_0018.png,extras,meeting table set,large meeting table,large meeting table.,0.2,0.2,1,0.9023,"[726.932861328125, 734.1412963867188, 1356.9031982421875, 1254.8115234375]",1
frame_0018.png,extras,meeting table set,conference table,conference table.,0.2,0.2,2,0.5289,"[806.1199340820312, 748.736328125, 1350.2847900390625, 1245.8018798828125]",1
frame_0018.png,extras,meeting table set,long table with chairs,long table with chairs.,0.2,0.2,1,0.8011,"[700.3225708007812, 724.5406494140625, 1360.045654296875, 1254.8758544921875]",1
frame_0018.png,extras,meeting table set,office meeting table,office meeting table.,0.2,0.2,1,0.8158,"[758.1189575195312, 744.2571411132812, 1353.7667236328125, 1250.3790283203125]",1
frame_0018.png,extras,meeting table set,long rectangular table,long rectangular table.,0.2,0.2,1,0.8759,"[807.39892578125, 745.7408447265625, 1356.052734375, 1246.515380859375]",1
frame_0018.png,extras,plant pot,plant pot,plant pot.,0.2,0.2,3,0.4359,"[2348.888916015625, 845.3678588867188, 2400.584716796875, 1002.57080078125]",1
frame_0018.png,extras,plant pot,potted plant in plastic pot,potted plant in plastic pot.,0.2,0.2,5,0.5316,"[2340.11181640625, 836.5496826171875, 2413.360595703125, 1008.1941528320312]",1
frame_0018.png,extras,plant pot,potted plant,potted plant.,0.2,0.2,4,0.4879,"[2348.91650390625, 845.2750854492188, 2400.32763671875, 1002.9329833984375]",1
frame_0018.png,extras,plant pot,indoor potted plant,indoor potted plant.,0.2,0.2,2,0.328,"[2347.639892578125, 843.1376953125, 2403.001953125, 1002.1655883789062]",1
frame_0018.png,extras,plant pot,flower pot,flower pot.,0.2,0.2,3,0.43,"[1603.204345703125, 961.3243408203125, 1648.1407470703125, 1012.1976928710938]",1
frame_0018.png,extras,plant pot,plastic plant pot,plastic plant pot.,0.2,0.2,3,0.3134,"[1601.9744873046875, 958.5445556640625, 1650.3648681640625, 1014.5220947265625]",1
frame_0018.png,extras,shoes,shoes,shoes.,0.18,0.18,3,0.3245,"[1148.437744140625, 1658.973388671875, 1694.22119140625, 1856.6346435546875]",1
frame_0018.png,extras,shoes,pair of indoor shoes,pair of indoor shoes.,0.18,0.18,7,0.3267,"[1141.4793701171875, 1647.4989013671875, 1698.6046142578125, 1854.2349853515625]",1
frame_0018.png,extras,shoes,indoor shoes,indoor shoes.,0.18,0.18,10,0.3815,"[1147.1702880859375, 1657.31787109375, 1695.1055908203125, 1856.516357421875]",1
frame_0018.png,extras,shoes,pair of shoes,pair of shoes.,0.18,0.18,11,0.3581,"[1140.5316162109375, 1646.3759765625, 1698.1251220703125, 1854.823486328125]",1
frame_0018.png,extras,shoes,sneakers,sneakers.,0.18,0.18,1,0.2353,"[1148.7841796875, 1659.6083984375, 1694.3038330078125, 1856.982666015625]",1
frame_0018.png,extras,shoes,slippers,slippers.,0.18,0.18,0,0.0,,0
frame_0018.png,extras,shoes,shoe pair on floor,shoe pair on floor.,0.18,0.18,5,0.6358,"[10.450916290283203, 979.5447387695312, 2870.289306640625, 1847.3848876953125]",1
frame_0018.png,extras,trash bin,trash bin,trash bin.,0.2,0.2,0,0.0,,0
frame_0018.png,extras,trash bin,indoor trash bin,indoor trash bin.,0.2,0.2,3,0.2996,"[2359.23046875, 944.5897827148438, 2419.93505859375, 1005.5178833007812]",1
frame_0018.png,extras,trash bin,garbage bin,garbage bin.,0.2,0.2,1,0.2188,"[1602.8756103515625, 959.6237182617188, 1649.1907958984375, 1013.2327270507812]",1
frame_0018.png,extras,trash bin,waste bin,waste bin.,0.2,0.2,2,0.2632,"[1602.7025146484375, 959.6028442382812, 1649.312744140625, 1013.4892578125]",1
frame_0018.png,extras,trash bin,recycling bin,recycling bin.,0.2,0.2,4,0.3267,"[1602.45654296875, 959.6331176757812, 1649.6318359375, 1013.553466796875]",1
frame_0018.png,extras,trash bin,small trash can,small trash can.,0.2,0.2,3,0.5629,"[1598.0894775390625, 954.6383056640625, 1654.0693359375, 1016.8728637695312]",1
frame_0018.png,extras,vacuum cleaner,vacuum cleaner,vacuum cleaner.,0.2,0.2,2,0.2529,"[2346.33935546875, 842.6437377929688, 2406.61328125, 1003.4453735351562]",1
frame_0018.png,extras,vacuum cleaner,upright vacuum cleaner,upright vacuum cleaner.,0.2,0.2,2,0.5031,"[2343.55126953125, 840.4320068359375, 2407.99609375, 1005.095703125]",1
frame_0018.png,extras,vacuum cleaner,stick vacuum,stick vacuum.,0.2,0.2,0,0.0,,0
frame_0018.png,extras,vacuum cleaner,household vacuum,household vacuum.,0.2,0.2,5,0.3576,"[2347.31494140625, 843.76123046875, 2405.423583984375, 1002.5599975585938]",1
frame_0018.png,extras,vacuum cleaner,robot vacuum,robot vacuum.,0.2,0.2,0,0.0,,0
frame_0018.png,extras,vacuum cleaner,cordless vacuum cleaner,cordless vacuum cleaner.,0.2,0.2,3,0.4852,"[2343.774658203125, 841.719482421875, 2407.498046875, 1005.10400390625]",1
frame_0019.png,production,meeting table set,ALL_GROUP,meeting table. conference table. table with chairs. meeting table set.,0.32,0.32,1,0.3677,"[638.7176513671875, 718.5674438476562, 1195.27392578125, 1262.36376953125]",1
frame_0019.png,production,chair,ALL_GROUP,chair. chairs. armless chair.,0.36,0.36,6,0.3891,"[1375.1612548828125, 891.8511352539062, 1453.18603515625, 1004.0399780273438]",1
frame_0019.png,production,bench,ALL_GROUP,bench. metal bench. waiting bench.,0.34,0.34,2,0.4346,"[482.7198181152344, 763.502685546875, 899.5827026367188, 1293.9595947265625]",1
frame_0019.png,production,cardboard box+plant pot+shoes,ALL_GROUP,cardboard box. brown cardboard box. cardboard package. plant pot. potted plant. flower pot. indoor plant pot. shoes. pair of shoes. footwear. black shoes.,0.3,0.3,0,0.0,,0
frame_0019.png,production,trash bin+vacuum cleaner,ALL_GROUP,trash bin. trash can. waste bin. recycling bin. row of trash bins. vacuum cleaner. upright vacuum cleaner. cordless vacuum. floor cleaner.,0.25,0.25,0,0.0,,0
frame_0019.png,production,large power bank,ALL_GROUP,large power bank. portable power station. battery pack. power bank.,0.28,0.28,0,0.0,,0
frame_0019.png,production,door,ALL_GROUP,door. doors. dark door. elevator sliding door. sliding door.,0.26,0.26,1,0.48,"[2380.1357421875, 485.2945556640625, 2529.615234375, 1027.0902099609375]",1
frame_0019.png,production,electric vehicle,ALL_GROUP,electric vehicle. small electric vehicle. mobility scooter. scooter.,0.28,0.28,0,0.0,,0
frame_0019.png,extras,bench,bench,bench.,0.2,0.2,2,0.2111,"[1.626877784729004, 1739.93359375, 441.2193908691406, 1856.98583984375]",1
frame_0019.png,extras,bench,metal bench,metal bench.,0.2,0.2,3,0.384,"[499.7401428222656, 699.5218505859375, 1208.6181640625, 1298.013671875]",1
frame_0019.png,extras,bench,waiting bench,waiting bench.,0.2,0.2,3,0.4776,"[495.20660400390625, 701.9368896484375, 1206.7081298828125, 1299.357177734375]",1
frame_0019.png,extras,bench,long bench,long bench.,0.2,0.2,4,0.4083,"[491.1940002441406, 705.3818359375, 1205.1107177734375, 1296.67041015625]",1
frame_0019.png,extras,bench,indoor bench,indoor bench.,0.2,0.2,4,0.355,"[485.339111328125, 703.5935668945312, 1205.902587890625, 1299.2144775390625]",1
frame_0019.png,extras,cardboard box,cardboard box,cardboard box.,0.2,0.2,2,0.2486,"[1480.2484130859375, 961.6332397460938, 1529.0150146484375, 1014.9247436523438]",1
frame_0019.png,extras,cardboard box,brown cardboard box,brown cardboard box.,0.2,0.2,3,0.4038,"[1478.1573486328125, 959.7782592773438, 1530.3785400390625, 1016.615234375]",1
frame_0019.png,extras,cardboard box,shipping box,shipping box.,0.2,0.2,2,0.2927,"[1956.9908447265625, 856.9470825195312, 2228.131103515625, 1000.276123046875]",1
frame_0019.png,extras,cardboard box,package box,package box.,0.2,0.2,1,0.2092,"[1669.331298828125, 972.2080688476562, 1727.8463134765625, 1016.0503540039062]",1
frame_0019.png,extras,cardboard box,stacked box,stacked box.,0.2,0.2,0,0.0,,0
frame_0019.png,extras,cardboard box,box,box.,0.2,0.2,3,0.3146,"[1482.130126953125, 965.1305541992188, 1526.5516357421875, 1012.4327392578125]",1
frame_0019.png,extras,chair,chair,chair.,0.2,0.2,12,0.355,"[992.2817993164062, 818.7945556640625, 1201.9766845703125, 1182.6937255859375]",1
frame_0019.png,extras,chair,armless chair,armless chair.,0.2,0.2,1,0.6887,"[497.8409118652344, 699.943359375, 894.1102294921875, 1283.59619140625]",1
frame_0019.png,extras,chair,office chair,office chair.,0.2,0.2,15,0.5241,"[1377.2772216796875, 893.3617553710938, 1450.781005859375, 1003.1358642578125]",1
frame_0019.png,extras,chair,swivel chair,swivel chair.,0.2,0.2,1,0.644,"[495.7241516113281, 700.041748046875, 894.392333984375, 1271.935546875]",1
frame_0019.png,extras,chair,rolling chair,rolling chair.,0.2,0.2,13,0.4627,"[500.08837890625, 699.3305053710938, 895.5023193359375, 1286.166259765625]",1
frame_0019.png,extras,chair,stool chair,stool chair.,0.2,0.2,17,0.4823,"[1299.76806640625, 894.7161254882812, 1373.877197265625, 1004.3151245117188]",1
frame_0019.png,extras,door,door,door.,0.2,0.2,9,0.2872,"[2383.739013671875, 488.2380676269531, 2527.480224609375, 1023.1159057617188]",1
frame_0019.png,extras,door,dark door surface,dark door surface.,0.2,0.2,3,0.3875,"[2371.219970703125, 478.2178955078125, 2536.140625, 1031.0531005859375]",1
frame_0019.png,extras,door,wooden door,wooden door.,0.2,0.2,4,0.3196,"[2380.928955078125, 489.556396484375, 2527.884033203125, 1024.7841796875]",1
frame_0019.png,extras,door,closed door,closed door.,0.2,0.2,6,0.2805,"[3.3109188079833984, 377.106201171875, 342.09527587890625, 1073.2091064453125]",1
frame_0019.png,extras,door,interior door,interior door.,0.2,0.2,6,0.3481,"[2381.708251953125, 486.0708312988281, 2527.967041015625, 1024.849365234375]",1
frame_0019.png,extras,electric vehicle,electric vehicle,electric vehicle.,0.2,0.2,0,0.0,,0
frame_0019.png,extras,electric vehicle,small electric vehicle,small electric vehicle.,0.2,0.2,4,0.4162,"[1145.3702392578125, 1648.697509765625, 1695.3751220703125, 1854.830322265625]",1
frame_0019.png,extras,electric vehicle,electric cart,electric cart.,0.2,0.2,0,0.0,,0
frame_0019.png,extras,electric vehicle,small electric cart,small electric cart.,0.2,0.2,3,0.4673,"[2205.15869140625, 841.0017700195312, 2282.90478515625, 1005.316650390625]",1
frame_0019.png,extras,electric vehicle,compact electric car,compact electric car.,0.2,0.2,3,0.3812,"[1147.1085205078125, 1652.93310546875, 1695.47900390625, 1854.6416015625]",1
frame_0019.png,extras,electric vehicle,indoor electric vehicle,indoor electric vehicle.,0.2,0.2,4,0.4633,"[5.815029144287109, 4.402157783508301, 2873.6787109375, 1852.4136962890625]",1
frame_0019.png,extras,electric vehicle,robot platform,robot platform.,0.2,0.2,2,0.4491,"[492.29443359375, 713.0846557617188, 1207.8939208984375, 1303.5284423828125]",1
frame_0019.png,extras,large power bank,large power bank,large power bank.,0.18,0.18,6,0.3848,"[1949.5294189453125, 849.5172729492188, 2239.232421875, 1003.9249877929688]",1
frame_0019.png,extras,large power bank,portable power bank battery,portable power bank battery.,0.18,0.18,8,0.3719,"[1667.7059326171875, 970.85205078125, 1728.8197021484375, 1017.2872924804688]",1
frame_0019.png,extras,large power bank,power bank,power bank.,0.18,0.18,6,0.3458,"[1954.9434814453125, 854.6480712890625, 2232.448486328125, 1000.5095825195312]",1
frame_0019.png,extras,large power bank,battery pack,battery pack.,0.18,0.18,10,0.3434,"[1669.0118408203125, 973.0372314453125, 1727.5906982421875, 1015.8801879882812]",1
frame_0019.png,extras,large power bank,large battery,large battery.,0.18,0.18,8,0.3501,"[1668.43798828125, 971.2537231445312, 1728.6815185546875, 1016.9920654296875]",1
frame_0019.png,extras,large power bank,portable battery,portable battery.,0.18,0.18,13,0.442,"[1668.812744140625, 971.8624877929688, 1728.1845703125, 1016.7482299804688]",1
frame_0019.png,extras,large power bank,rectangular battery box,rectangular battery box.,0.18,0.18,14,0.3444,"[1668.5341796875, 970.8587036132812, 1728.6500244140625, 1016.7424926757812]",1
frame_0019.png,extras,meeting table set,meeting table set,meeting table set.,0.2,0.2,1,0.6571,"[488.8355407714844, 702.0728149414062, 1209.948486328125, 1303.450927734375]",1
frame_0019.png,extras,meeting table set,large meeting table,large meeting table.,0.2,0.2,1,0.9229,"[611.2134399414062, 712.4357299804688, 1210.1356201171875, 1291.679931640625]",1
frame_0019.png,extras,meeting table set,conference table,conference table.,0.2,0.2,1,0.8243,"[617.2520751953125, 717.3402709960938, 1204.0504150390625, 1285.9488525390625]",1
frame_0019.png,extras,meeting table set,long table with chairs,long table with chairs.,0.2,0.2,3,0.7979,"[502.82904052734375, 693.1021118164062, 1212.2239990234375, 1299.2332763671875]",1
frame_0019.png,extras,meeting table set,office meeting table,office meeting table.,0.2,0.2,1,0.8394,"[608.0175170898438, 717.8867797851562, 1205.2843017578125, 1288.3387451171875]",1
frame_0019.png,extras,meeting table set,long rectangular table,long rectangular table.,0.2,0.2,1,0.9067,"[628.9129638671875, 716.884033203125, 1205.92041015625, 1286.163330078125]",1
frame_0019.png,extras,plant pot,plant pot,plant pot.,0.2,0.2,4,0.3365,"[2211.9951171875, 846.5211181640625, 2272.9072265625, 999.3226318359375]",1
frame_0019.png,extras,plant pot,potted plant in plastic pot,potted plant in plastic pot.,0.2,0.2,5,0.4713,"[2202.84423828125, 837.6920776367188, 2281.246826171875, 1006.3616943359375]",1
frame_0019.png,extras,plant pot,potted plant,potted plant.,0.2,0.2,4,0.3998,"[2212.138916015625, 846.4474487304688, 2274.829345703125, 1000.1218872070312]",1
frame_0019.png,extras,plant pot,indoor potted plant,indoor potted plant.,0.2,0.2,3,0.2581,"[1846.6995849609375, 930.3621826171875, 1878.16064453125, 997.1995849609375]",1
frame_0019.png,extras,plant pot,flower pot,flower pot.,0.2,0.2,4,0.3768,"[1481.825439453125, 964.8954467773438, 1526.718994140625, 1013.676513671875]",1
frame_0019.png,extras,plant pot,plastic plant pot,plastic plant pot.,0.2,0.2,3,0.2926,"[1480.2193603515625, 961.8916625976562, 1528.4205322265625, 1016.2177734375]",1
frame_0019.png,extras,shoes,shoes,shoes.,0.18,0.18,3,0.2944,"[1125.9825439453125, 990.5234375, 1197.1048583984375, 1014.943603515625]",1
frame_0019.png,extras,shoes,pair of indoor shoes,pair of indoor shoes.,0.18,0.18,7,0.2825,"[1119.40625, 977.937744140625, 1202.6441650390625, 1021.39404296875]",1
frame_0019.png,extras,shoes,indoor shoes,indoor shoes.,0.18,0.18,10,0.3879,"[484.15631103515625, 699.8936767578125, 1202.70166015625, 1297.9110107421875]",1
frame_0019.png,extras,shoes,pair of shoes,pair of shoes.,0.18,0.18,9,0.2988,"[1119.5257568359375, 977.9431762695312, 1202.74169921875, 1022.1189575195312]",1
frame_0019.png,extras,shoes,sneakers,sneakers.,0.18,0.18,2,0.299,"[1126.0406494140625, 990.4425048828125, 1195.8787841796875, 1013.9493408203125]",1
frame_0019.png,extras,shoes,slippers,slippers.,0.18,0.18,1,0.2094,"[1126.6876220703125, 991.6508178710938, 1196.9228515625, 1014.2317504882812]",1
frame_0019.png,extras,shoes,shoe pair on floor,shoe pair on floor.,0.18,0.18,5,0.6441,"[10.033864974975586, 979.5292358398438, 2869.808837890625, 1847.3365478515625]",1
frame_0019.png,extras,trash bin,trash bin,trash bin.,0.2,0.2,0,0.0,,0
frame_0019.png,extras,trash bin,indoor trash bin,indoor trash bin.,0.2,0.2,3,0.314,"[2221.4560546875, 942.246337890625, 2279.21142578125, 1002.7136840820312]",1
frame_0019.png,extras,trash bin,garbage bin,garbage bin.,0.2,0.2,2,0.2169,"[1480.80419921875, 962.1065063476562, 1527.67431640625, 1014.7035522460938]",1
frame_0019.png,extras,trash bin,waste bin,waste bin.,0.2,0.2,2,0.2573,"[1480.703369140625, 962.0617065429688, 1527.757080078125, 1015.0153198242188]",1
frame_0019.png,extras,trash bin,recycling bin,recycling bin.,0.2,0.2,3,0.309,"[1480.3038330078125, 962.2423095703125, 1528.3134765625, 1014.8697509765625]",1
frame_0019.png,extras,trash bin,small trash can,small trash can.,0.2,0.2,2,0.5551,"[1476.361083984375, 956.986572265625, 1532.09716796875, 1019.0740966796875]",1
frame_0019.png,extras,vacuum cleaner,vacuum cleaner,vacuum cleaner.,0.2,0.2,1,0.243,"[2208.745361328125, 843.624267578125, 2270.654052734375, 1000.9654541015625]",1
frame_0019.png,extras,vacuum cleaner,upright vacuum cleaner,upright vacuum cleaner.,0.2,0.2,2,0.5499,"[2205.669677734375, 841.736328125, 2273.728271484375, 1003.0496826171875]",1
frame_0019.png,extras,vacuum cleaner,stick vacuum,stick vacuum.,0.2,0.2,0,0.0,,0
frame_0019.png,extras,vacuum cleaner,household vacuum,household vacuum.,0.2,0.2,5,0.3401,"[2210.107421875, 844.7354125976562, 2267.57275390625, 999.9409790039062]",1
frame_0019.png,extras,vacuum cleaner,robot vacuum,robot vacuum.,0.2,0.2,0,0.0,,0
frame_0019.png,extras,vacuum cleaner,cordless vacuum cleaner,cordless vacuum cleaner.,0.2,0.2,3,0.5276,"[2206.182861328125, 843.0026245117188, 2275.4775390625, 1003.0537109375]",1
frame_0020.png,production,meeting table set,ALL_GROUP,meeting table. conference table. table with chairs. meeting table set.,0.32,0.32,1,0.3234,"[2471.476318359375, 418.8941650390625, 2874.409423828125, 1578.4300537109375]",1
frame_0020.png,production,chair,ALL_GROUP,chair. chairs. armless chair.,0.36,0.36,6,0.4585,"[2638.1044921875, 422.0562438964844, 2879.052978515625, 1578.1895751953125]",1
frame_0020.png,production,bench,ALL_GROUP,bench. metal bench. waiting bench.,0.34,0.34,1,0.4407,"[2476.74365234375, 425.2641296386719, 2878.668701171875, 1577.2437744140625]",1
frame_0020.png,production,cardboard box+plant pot+shoes,ALL_GROUP,cardboard box. brown cardboard box. cardboard package. plant pot. potted plant. flower pot. indoor plant pot. shoes. pair of shoes. footwear. black shoes.,0.3,0.3,0,0.0,,0
frame_0020.png,production,trash bin+vacuum cleaner,ALL_GROUP,trash bin. trash can. waste bin. recycling bin. row of trash bins. vacuum cleaner. upright vacuum cleaner. cordless vacuum. floor cleaner.,0.25,0.25,1,0.2785,"[255.4851531982422, 862.5787963867188, 814.3493041992188, 1033.684326171875]",1
frame_0020.png,production,large power bank,ALL_GROUP,large power bank. portable power station. battery pack. power bank.,0.28,0.28,1,0.2863,"[2474.59228515625, 417.3818664550781, 2877.29833984375, 1578.060546875]",1
frame_0020.png,production,door,ALL_GROUP,door. doors. dark door. elevator sliding door. sliding door.,0.26,0.26,1,0.4354,"[1889.4881591796875, 166.83514404296875, 2303.0712890625, 1123.8731689453125]",1
frame_0020.png,production,electric vehicle,ALL_GROUP,electric vehicle. small electric vehicle. mobility scooter. scooter.,0.28,0.28,0,0.0,,0
frame_0020.png,extras,bench,bench,bench.,0.2,0.2,5,0.3158,"[2250.220703125, 1675.737060546875, 2878.472900390625, 1856.2904052734375]",1
frame_0020.png,extras,bench,metal bench,metal bench.,0.2,0.2,1,0.7659,"[2475.628662109375, 423.4281005859375, 2877.0556640625, 1577.552734375]",1
frame_0020.png,extras,bench,waiting bench,waiting bench.,0.2,0.2,1,0.6714,"[2476.250732421875, 425.2635192871094, 2878.936279296875, 1577.896484375]",1
frame_0020.png,extras,bench,long bench,long bench.,0.2,0.2,2,0.6288,"[2476.036376953125, 425.210693359375, 2877.71240234375, 1577.787353515625]",1
frame_0020.png,extras,bench,indoor bench,indoor bench.,0.2,0.2,4,0.4977,"[2476.87841796875, 424.3689270019531, 2877.554931640625, 1577.00244140625]",1
frame_0020.png,extras,cardboard box,cardboard box,cardboard box.,0.2,0.2,0,0.0,,0
frame_0020.png,extras,cardboard box,brown cardboard box,brown cardboard box.,0.2,0.2,4,0.3753,"[512.7684326171875, 964.4844360351562, 590.7156982421875, 1043.91845703125]",1
frame_0020.png,extras,cardboard box,shipping box,shipping box.,0.2,0.2,1,0.3174,"[1138.856201171875, 860.719970703125, 1401.590087890625, 1003.5404052734375]",1
frame_0020.png,extras,cardboard box,package box,package box.,0.2,0.2,1,0.2153,"[780.7099609375, 982.2317504882812, 857.2827758789062, 1037.9293212890625]",1
frame_0020.png,extras,cardboard box,stacked box,stacked box.,0.2,0.2,1,0.2522,"[1138.444580078125, 861.5203247070312, 1401.2100830078125, 1003.5113525390625]",1
frame_0020.png,extras,cardboard box,box,box.,0.2,0.2,3,0.2843,"[516.0532836914062, 971.1502685546875, 586.6854858398438, 1039.8515625]",1
frame_0020.png,extras,chair,chair,chair.,0.2,0.2,10,0.5918,"[2640.1650390625, 424.8546447753906, 2878.9775390625, 1575.6219482421875]",1
frame_0020.png,extras,chair,armless chair,armless chair.,0.2,0.2,2,0.6081,"[2637.456298828125, 424.3298034667969, 2878.084716796875, 1577.824462890625]",1
frame_0020.png,extras,chair,office chair,office chair.,0.2,0.2,10,0.5921,"[2637.762451171875, 424.11810302734375, 2879.051025390625, 1575.8338623046875]",1
frame_0020.png,extras,chair,swivel chair,swivel chair.,0.2,0.2,3,0.5015,"[2637.170166015625, 423.9216003417969, 2878.0087890625, 1577.5404052734375]",1
frame_0020.png,extras,chair,rolling chair,rolling chair.,0.2,0.2,6,0.5626,"[2638.0263671875, 423.4487609863281, 2878.5107421875, 1577.108642578125]",1
frame_0020.png,extras,chair,stool chair,stool chair.,0.2,0.2,10,0.5765,"[2638.444580078125, 425.3569641113281, 2879.111328125, 1574.7093505859375]",1
frame_0020.png,extras,door,door,door.,0.2,0.2,8,0.3457,"[1893.560791015625, 162.74856567382812, 2298.95361328125, 1121.877685546875]",1
frame_0020.png,extras,door,dark door surface,dark door surface.,0.2,0.2,1,0.6764,"[1880.858154296875, 162.908935546875, 2305.0234375, 1126.0675048828125]",1
frame_0020.png,extras,door,wooden door,wooden door.,0.2,0.2,1,0.5395,"[1890.689208984375, 167.31785583496094, 2300.594970703125, 1123.0621337890625]",1
frame_0020.png,extras,door,closed door,closed door.,0.2,0.2,6,0.4339,"[1891.0150146484375, 165.91514587402344, 2300.414794921875, 1123.032958984375]",1
frame_0020.png,extras,door,interior door,interior door.,0.2,0.2,4,0.5649,"[1889.157470703125, 163.8465118408203, 2299.761962890625, 1122.48095703125]",1
frame_0020.png,extras,electric vehicle,electric vehicle,electric vehicle.,0.2,0.2,4,0.3167,"[1146.7774658203125, 1654.45849609375, 1700.3931884765625, 1857.4847412109375]",1
frame_0020.png,extras,electric vehicle,small electric vehicle,small electric vehicle.,0.2,0.2,3,0.4903,"[1140.9910888671875, 1644.52197265625, 1702.948486328125, 1854.6456298828125]",1
frame_0020.png,extras,electric vehicle,electric cart,electric cart.,0.2,0.2,1,0.3028,"[2476.5283203125, 421.9293518066406, 2877.580810546875, 1578.560302734375]",1
frame_0020.png,extras,electric vehicle,small electric cart,small electric cart.,0.2,0.2,2,0.6023,"[2472.1884765625, 419.1064758300781, 2876.028076171875, 1578.995361328125]",1
frame_0020.png,extras,electric vehicle,compact electric car,compact electric car.,0.2,0.2,5,0.3836,"[1145.6453857421875, 1651.064697265625, 1701.508056640625, 1854.7213134765625]",1
frame_0020.png,extras,electric vehicle,indoor electric vehicle,indoor electric vehicle.,0.2,0.2,8,0.4741,"[5.446987152099609, 4.857811450958252, 2872.900146484375, 1852.3685302734375]",1
frame_0020.png,extras,electric vehicle,robot platform,robot platform.,0.2,0.2,4,0.489,"[2475.886962890625, 421.6697082519531, 2877.40869140625, 1577.2286376953125]",1
frame_0020.png,extras,large power bank,large power bank,large power bank.,0.18,0.18,8,0.432,"[1132.050048828125, 853.1116333007812, 1407.7620849609375, 1007.5477905273438]",1
frame_0020.png,extras,large power bank,portable power bank battery,portable power bank battery.,0.18,0.18,8,0.3982,"[777.9475708007812, 981.285888671875, 858.2579345703125, 1038.9842529296875]",1
frame_0020.png,extras,large power bank,power bank,power bank.,0.18,0.18,5,0.3584,"[1137.1085205078125, 860.6813354492188, 1403.2303466796875, 1004.7483520507812]",1
frame_0020.png,extras,large power bank,battery pack,battery pack.,0.18,0.18,10,0.2973,"[2639.076416015625, 1386.568359375, 2697.66162109375, 1477.802978515625]",1
frame_0020.png,extras,large power bank,large battery,large battery.,0.18,0.18,9,0.3546,"[1136.8798828125, 859.6917114257812, 1403.57861328125, 1004.4036865234375]",1
frame_0020.png,extras,large power bank,portable battery,portable battery.,0.18,0.18,10,0.3969,"[779.560302734375, 981.9931030273438, 857.68359375, 1038.4990234375]",1
frame_0020.png,extras,large power bank,rectangular battery box,rectangular battery box.,0.18,0.18,10,0.3133,"[778.9036254882812, 982.4782104492188, 857.799560546875, 1038.2735595703125]",1
frame_0020.png,extras,meeting table set,meeting table set,meeting table set.,0.2,0.2,4,0.5003,"[2474.09375, 420.6043701171875, 2876.53759765625, 1578.045654296875]",1
frame_0020.png,extras,meeting table set,large meeting table,large meeting table.,0.2,0.2,1,0.6369,"[2473.339599609375, 422.8399658203125, 2875.647705078125, 1577.150146484375]",1
frame_0020.png,extras,meeting table set,conference table,conference table.,0.2,0.2,9,0.3839,"[2252.964111328125, 1673.9166259765625, 2878.108154296875, 1856.3831787109375]",1
frame_0020.png,extras,meeting table set,long table with chairs,long table with chairs.,0.2,0.2,5,0.4738,"[2471.33837890625, 437.6591796875, 2873.125732421875, 1577.4078369140625]",1
frame_0020.png,extras,meeting table set,office meeting table,office meeting table.,0.2,0.2,3,0.4958,"[2475.7919921875, 423.9699401855469, 2877.017822265625, 1574.911376953125]",1
frame_0020.png,extras,meeting table set,long rectangular table,long rectangular table.,0.2,0.2,4,0.423,"[2472.942138671875, 579.117919921875, 2875.62939453125, 1567.553466796875]",1
frame_0020.png,extras,plant pot,plant pot,plant pot.,0.2,0.2,4,0.3327,"[516.5905151367188, 971.2681274414062, 587.3710327148438, 1040.29052734375]",1
frame_0020.png,extras,plant pot,potted plant in plastic pot,potted plant in plastic pot.,0.2,0.2,6,0.3539,"[1378.6912841796875, 850.9225463867188, 1449.8077392578125, 1005.1746215820312]",1
frame_0020.png,extras,plant pot,potted plant,potted plant.,0.2,0.2,3,0.3927,"[1389.6600341796875, 859.7706909179688, 1441.4146728515625, 999.9700927734375]",1
frame_0020.png,extras,plant pot,indoor potted plant,indoor potted plant.,0.2,0.2,3,0.2595,"[515.0003051757812, 967.6936645507812, 588.8341064453125, 1041.8275146484375]",1
frame_0020.png,extras,plant pot,flower pot,flower pot.,0.2,0.2,3,0.5046,"[516.6779174804688, 970.7420654296875, 587.0252685546875, 1040.6453857421875]",1
frame_0020.png,extras,plant pot,plastic plant pot,plastic plant pot.,0.2,0.2,4,0.4198,"[514.9685668945312, 967.8455200195312, 588.2140502929688, 1043.0831298828125]",1
frame_0020.png,extras,shoes,shoes,shoes.,0.18,0.18,3,0.3847,"[1150.307373046875, 1657.30419921875, 1697.5267333984375, 1857.0439453125]",1
frame_0020.png,extras,shoes,pair of indoor shoes,pair of indoor shoes.,0.18,0.18,7,0.3564,"[1142.0455322265625, 1644.599853515625, 1703.262939453125, 1855.54931640625]",1
frame_0020.png,extras,shoes,indoor shoes,indoor shoes.,0.18,0.18,16,0.3997,"[1149.1236572265625, 1655.622314453125, 1699.1260986328125, 1857.2725830078125]",1
frame_0020.png,extras,shoes,pair of shoes,pair of shoes.,0.18,0.18,11,0.3791,"[1143.126953125, 1645.403076171875, 1701.3052978515625, 1856.358154296875]",1
frame_0020.png,extras,shoes,sneakers,sneakers.,0.18,0.18,1,0.2864,"[1151.2705078125, 1658.5252685546875, 1697.1156005859375, 1857.3387451171875]",1
frame_0020.png,extras,shoes,slippers,slippers.,0.18,0.18,1,0.268,"[1151.2320556640625, 1658.1842041015625, 1697.0426025390625, 1856.2093505859375]",1
frame_0020.png,extras,shoes,shoe pair on floor,shoe pair on floor.,0.18,0.18,7,0.6463,"[10.386972427368164, 989.895751953125, 2868.53857421875, 1847.4654541015625]",1
frame_0020.png,extras,trash bin,trash bin,trash bin.,0.2,0.2,0,0.0,,0
frame_0020.png,extras,trash bin,indoor trash bin,indoor trash bin.,0.2,0.2,3,0.4991,"[514.5099487304688, 967.4105224609375, 588.2852172851562, 1042.790283203125]",1
frame_0020.png,extras,trash bin,garbage bin,garbage bin.,0.2,0.2,3,0.4246,"[515.9171752929688, 968.8294677734375, 587.70068359375, 1041.880615234375]",1
frame_0020.png,extras,trash bin,waste bin,waste bin.,0.2,0.2,3,0.4369,"[515.8930053710938, 968.5841064453125, 587.830322265625, 1042.1102294921875]",1
frame_0020.png,extras,trash bin,recycling bin,recycling bin.,0.2,0.2,3,0.4591,"[515.2442016601562, 968.8125, 588.2435302734375, 1042.2047119140625]",1
frame_0020.png,extras,trash bin,small trash can,small trash can.,0.2,0.2,2,0.5943,"[510.0318603515625, 961.6492919921875, 591.81494140625, 1046.237060546875]",1
frame_0020.png,extras,vacuum cleaner,vacuum cleaner,vacuum cleaner.,0.2,0.2,4,0.3405,"[2476.447021484375, 422.6397399902344, 2877.47509765625, 1579.08251953125]",1
frame_0020.png,extras,vacuum cleaner,upright vacuum cleaner,upright vacuum cleaner.,0.2,0.2,4,0.4241,"[2475.299560546875, 421.8448181152344, 2876.582763671875, 1579.7091064453125]",1
frame_0020.png,extras,vacuum cleaner,stick vacuum,stick vacuum.,0.2,0.2,0,0.0,,0
frame_0020.png,extras,vacuum cleaner,household vacuum,household vacuum.,0.2,0.2,7,0.4159,"[2476.954345703125, 423.4730529785156, 2877.900146484375, 1577.0966796875]",1
frame_0020.png,extras,vacuum cleaner,robot vacuum,robot vacuum.,0.2,0.2,2,0.2721,"[1146.317626953125, 1652.8328857421875, 1701.3951416015625, 1855.8936767578125]",1
frame_0020.png,extras,vacuum cleaner,cordless vacuum cleaner,cordless vacuum cleaner.,0.2,0.2,4,0.4189,"[2474.568603515625, 421.885009765625, 2876.280029296875, 1579.1612548828125]",1
frame_0021.png,production,meeting table set,ALL_GROUP,meeting table. conference table. table with chairs. meeting table set.,0.32,0.32,1,0.3436,"[3.389636278152466, 843.700927734375, 322.60894775390625, 1081.4871826171875]",1
frame_0021.png,production,chair,ALL_GROUP,chair. chairs. armless chair.,0.36,0.36,4,0.4377,"[160.6374053955078, 865.4170532226562, 300.1150817871094, 1054.37158203125]",1
frame_0021.png,production,bench,ALL_GROUP,bench. metal bench. waiting bench.,0.34,0.34,1,0.3483,"[2.9460043907165527, 860.4834594726562, 160.06118774414062, 1066.9178466796875]",1
frame_0021.png,production,cardboard box+plant pot+shoes,ALL_GROUP,cardboard box. brown cardboard box. cardboard package. plant pot. potted plant. flower pot. indoor plant pot. shoes. pair of shoes. footwear. black shoes.,0.3,0.3,0,0.0,,0
frame_0021.png,production,trash bin+vacuum cleaner,ALL_GROUP,trash bin. trash can. waste bin. recycling bin. row of trash bins. vacuum cleaner. upright vacuum cleaner. cordless vacuum. floor cleaner.,0.25,0.25,1,0.314,"[736.9564819335938, 843.3182373046875, 1094.1319580078125, 1030.692138671875]",1
frame_0021.png,production,large power bank,ALL_GROUP,large power bank. portable power station. battery pack. power bank.,0.28,0.28,1,0.3222,"[737.7390747070312, 841.1450805664062, 1087.357177734375, 1031.6324462890625]",1
frame_0021.png,production,door,ALL_GROUP,door. doors. dark door. elevator sliding door. sliding door.,0.26,0.26,3,0.3359,"[1688.9766845703125, 25.371761322021484, 2254.472412109375, 1173.0738525390625]",1
frame_0021.png,production,electric vehicle,ALL_GROUP,electric vehicle. small electric vehicle. mobility scooter. scooter.,0.28,0.28,0,0.0,,0
frame_0021.png,extras,bench,bench,bench.,0.2,0.2,3,0.2609,"[2250.432861328125, 1675.125732421875, 2878.51904296875, 1856.2469482421875]",1
frame_0021.png,extras,bench,metal bench,metal bench.,0.2,0.2,5,0.3939,"[2251.173583984375, 1670.0155029296875, 2877.369384765625, 1853.0673828125]",1
frame_0021.png,extras,bench,waiting bench,waiting bench.,0.2,0.2,5,0.393,"[2251.96728515625, 1672.6170654296875, 2879.264892578125, 1854.1927490234375]",1
frame_0021.png,extras,bench,long bench,long bench.,0.2,0.2,3,0.4154,"[2251.855224609375, 1672.0943603515625, 2877.977783203125, 1853.7769775390625]",1
frame_0021.png,extras,bench,indoor bench,indoor bench.,0.2,0.2,5,0.3438,"[2252.005859375, 1672.4781494140625, 2877.83447265625, 1854.5634765625]",1
frame_0021.png,extras,cardboard box,cardboard box,cardboard box.,0.2,0.2,0,0.0,,0
frame_0021.png,extras,cardboard box,brown cardboard box,brown cardboard box.,0.2,0.2,4,0.3139,"[1381.9482421875, 189.5839385986328, 1765.4761962890625, 1115.797607421875]",1
frame_0021.png,extras,cardboard box,shipping box,shipping box.,0.2,0.2,1,0.3475,"[742.7566528320312, 846.7689819335938, 1076.689453125, 1028.455078125]",1
frame_0021.png,extras,cardboard box,package box,package box.,0.2,0.2,2,0.2874,"[214.47171020507812, 1007.5986938476562, 323.5133361816406, 1087.1961669921875]",1
frame_0021.png,extras,cardboard box,stacked box,stacked box.,0.2,0.2,2,0.3097,"[742.58056640625, 847.3563842773438, 1076.6351318359375, 1028.3431396484375]",1
frame_0021.png,extras,cardboard box,box,box.,0.2,0.2,2,0.3523,"[215.4271697998047, 1008.9119873046875, 322.47369384765625, 1085.2034912109375]",1
frame_0021.png,extras,chair,chair,chair.,0.2,0.2,5,0.5706,"[161.71316528320312, 868.0941162109375, 296.6763000488281, 1055.4090576171875]",1
frame_0021.png,extras,chair,armless chair,armless chair.,0.2,0.2,2,0.4776,"[3.0457825660705566, 859.496826171875, 160.9857177734375, 1066.7705078125]",1
frame_0021.png,extras,chair,office chair,office chair.,0.2,0.2,5,0.6613,"[162.38931274414062, 865.795654296875, 300.23785400390625, 1054.429443359375]",1
frame_0021.png,extras,chair,swivel chair,swivel chair.,0.2,0.2,2,0.4315,"[2.9114627838134766, 859.17724609375, 160.57188415527344, 1066.759765625]",1
frame_0021.png,extras,chair,rolling chair,rolling chair.,0.2,0.2,2,0.5262,"[3.0569779872894287, 860.0812377929688, 159.84283447265625, 1066.3548583984375]",1
frame_0021.png,extras,chair,stool chair,stool chair.,0.2,0.2,5,0.6298,"[163.4718780517578, 866.513916015625, 298.1623229980469, 1052.8289794921875]",1
frame_0021.png,extras,door,door,door.,0.2,0.2,19,0.3044,"[1710.208251953125, 22.744657516479492, 2249.89990234375, 1168.7640380859375]",1
frame_0021.png,extras,door,dark door surface,dark door surface.,0.2,0.2,1,0.7659,"[1672.5323486328125, 33.3076171875, 2254.05029296875, 1172.247802734375]",1
frame_0021.png,extras,door,wooden door,wooden door.,0.2,0.2,2,0.3852,"[1713.1988525390625, 36.62152862548828, 2250.492431640625, 1173.3533935546875]",1
frame_0021.png,extras,door,closed door,closed door.,0.2,0.2,3,0.3688,"[1717.271728515625, 32.4357795715332, 2250.02685546875, 1171.746826171875]",1
frame_0021.png,extras,door,interior door,interior door.,0.2,0.2,3,0.4553,"[1698.6243896484375, 29.839771270751953, 2250.68212890625, 1169.1734619140625]",1
frame_0021.png,extras,electric vehicle,electric vehicle,electric vehicle.,0.2,0.2,4,0.3151,"[1143.4691162109375, 1653.6396484375, 1700.1361083984375, 1857.577392578125]",1
frame_0021.png,extras,electric vehicle,small electric vehicle,small electric vehicle.,0.2,0.2,3,0.4637,"[1139.9202880859375, 1644.7503662109375, 1701.8341064453125, 1854.867431640625]",1
frame_0021.png,extras,electric vehicle,electric cart,electric cart.,0.2,0.2,0,0.0,,0
frame_0021.png,extras,electric vehicle,small electric cart,small electric cart.,0.2,0.2,3,0.4836,"[1053.1622314453125, 842.3610229492188, 1135.5552978515625, 1022.732177734375]",1
frame_0021.png,extras,electric vehicle,compact electric car,compact electric car.,0.2,0.2,4,0.3831,"[1142.60009765625, 1650.424560546875, 1700.6920166015625, 1855.07275390625]",1
frame_0021.png,extras,electric vehicle,indoor electric vehicle,indoor electric vehicle.,0.2,0.2,8,0.4362,"[5.959911346435547, 5.0205607414245605, 2872.250732421875, 1852.4017333984375]",1
frame_0021.png,extras,electric vehicle,robot platform,robot platform.,0.2,0.2,4,0.389,"[738.8838500976562, 842.6450805664062, 1097.5391845703125, 1030.00390625]",1
frame_0021.png,extras,large power bank,large power bank,large power bank.,0.18,0.18,3,0.473,"[735.8698120117188, 839.2765502929688, 1087.4075927734375, 1032.5399169921875]",1
frame_0021.png,extras,large power bank,portable power bank battery,portable power bank battery.,0.18,0.18,11,0.3247,"[1067.3450927734375, 952.2214965820312, 1131.4320068359375, 1018.30810546875]",1
frame_0021.png,extras,large power bank,power bank,power bank.,0.18,0.18,4,0.4232,"[740.3115844726562, 846.6038208007812, 1077.9837646484375, 1029.9862060546875]",1
frame_0021.png,extras,large power bank,battery pack,battery pack.,0.18,0.18,13,0.3379,"[214.13121032714844, 1007.4708862304688, 323.77606201171875, 1087.1737060546875]",1
frame_0021.png,extras,large power bank,large battery,large battery.,0.18,0.18,13,0.3935,"[741.1585693359375, 845.98046875, 1080.5306396484375, 1029.1802978515625]",1
frame_0021.png,extras,large power bank,portable battery,portable battery.,0.18,0.18,15,0.3614,"[213.54164123535156, 1006.9634399414062, 323.9754333496094, 1087.543212890625]",1
frame_0021.png,extras,large power bank,rectangular battery box,rectangular battery box.,0.18,0.18,13,0.324,"[741.60205078125, 844.8848266601562, 1078.131591796875, 1028.308349609375]",1
frame_0021.png,extras,meeting table set,meeting table set,meeting table set.,0.2,0.2,7,0.3311,"[2.81724214553833, 854.041015625, 312.11669921875, 1075.090087890625]",1
frame_0021.png,extras,meeting table set,large meeting table,large meeting table.,0.2,0.2,5,0.3436,"[3.0907630920410156, 1731.47265625, 423.5927734375, 1854.8194580078125]",1
frame_0021.png,extras,meeting table set,conference table,conference table.,0.2,0.2,5,0.4247,"[1.9625186920166016, 1737.363525390625, 419.2891845703125, 1857.238525390625]",1
frame_0021.png,extras,meeting table set,long table with chairs,long table with chairs.,0.2,0.2,6,0.3569,"[3.97979736328125, 1728.5772705078125, 422.33782958984375, 1852.890869140625]",1
frame_0021.png,extras,meeting table set,office meeting table,office meeting table.,0.2,0.2,7,0.3607,"[2.196214199066162, 1736.2347412109375, 418.4769592285156, 1856.507080078125]",1
frame_0021.png,extras,meeting table set,long rectangular table,long rectangular table.,0.2,0.2,3,0.4132,"[5.695896148681641, 1003.8580322265625, 2873.21875, 1849.7261962890625]",1
frame_0021.png,extras,plant pot,plant pot,plant pot.,0.2,0.2,1,0.2163,"[1062.1641845703125, 849.0087280273438, 1125.2764892578125, 1015.4152221679688]",1
frame_0021.png,extras,plant pot,potted plant in plastic pot,potted plant in plastic pot.,0.2,0.2,3,0.4224,"[1050.216064453125, 839.96240234375, 1136.832275390625, 1025.189208984375]",1
frame_0021.png,extras,plant pot,potted plant,potted plant.,0.2,0.2,2,0.2848,"[1061.7066650390625, 848.5455322265625, 1125.8912353515625, 1015.9442749023438]",1
frame_0021.png,extras,plant pot,indoor potted plant,indoor potted plant.,0.2,0.2,0,0.0,,0
frame_0021.png,extras,plant pot,flower pot,flower pot.,0.2,0.2,1,0.2771,"[1070.2991943359375, 954.1067504882812, 1128.9031982421875, 1016.5133056640625]",1
frame_0021.png,extras,plant pot,plastic plant pot,plastic plant pot.,0.2,0.2,1,0.2204,"[1068.7510986328125, 952.0758056640625, 1130.98974609375, 1019.255126953125]",1
frame_0021.png,extras,shoes,shoes,shoes.,0.18,0.18,6,0.5334,"[1146.1549072265625, 1656.052490234375, 1697.2684326171875, 1857.400390625]",1
frame_0021.png,extras,shoes,pair of indoor shoes,pair of indoor shoes.,0.18,0.18,8,0.4149,"[1137.1661376953125, 1640.88037109375, 1704.7987060546875, 1855.3162841796875]",1
frame_0021.png,extras,shoes,indoor shoes,indoor shoes.,0.18,0.18,11,0.5085,"[1145.53759765625, 1654.5137939453125, 1698.763427734375, 1857.4366455078125]",1
frame_0021.png,extras,shoes,pair of shoes,pair of shoes.,0.18,0.18,12,0.4334,"[1137.708984375, 1640.9954833984375, 1703.632080078125, 1856.0311279296875]",1
frame_0021.png,extras,shoes,sneakers,sneakers.,0.18,0.18,4,0.3469,"[1147.7193603515625, 1657.301025390625, 1696.30224609375, 1857.2808837890625]",1
frame_0021.png,extras,shoes,slippers,slippers.,0.18,0.18,2,0.2971,"[1146.8958740234375, 1657.1820068359375, 1696.819091796875, 1856.4984130859375]",1
frame_0021.png,extras,shoes,shoe pair on floor,shoe pair on floor.,0.18,0.18,5,0.6291,"[9.892244338989258, 1004.610595703125, 2868.706298828125, 1847.4041748046875]",1
frame_0021.png,extras,trash bin,trash bin,trash bin.,0.2,0.2,0,0.0,,0
frame_0021.png,extras,trash bin,indoor trash bin,indoor trash bin.,0.2,0.2,8,0.3775,"[213.0950469970703, 1006.0203247070312, 324.10150146484375, 1088.06884765625]",1
frame_0021.png,extras,trash bin,garbage bin,garbage bin.,0.2,0.2,7,0.3073,"[1069.9205322265625, 953.3509521484375, 1130.4742431640625, 1017.7626953125]",1
frame_0021.png,extras,trash bin,waste bin,waste bin.,0.2,0.2,2,0.3278,"[214.28309631347656, 1007.126953125, 323.7090148925781, 1087.4415283203125]",1
frame_0021.png,extras,trash bin,recycling bin,recycling bin.,0.2,0.2,6,0.3899,"[213.7197723388672, 1006.412109375, 324.1160888671875, 1087.928955078125]",1
frame_0021.png,extras,trash bin,small trash can,small trash can.,0.2,0.2,2,0.5645,"[207.83258056640625, 1001.3448486328125, 328.60870361328125, 1092.51708984375]",1
frame_0021.png,extras,vacuum cleaner,vacuum cleaner,vacuum cleaner.,0.2,0.2,3,0.3284,"[1058.10498046875, 844.8284912109375, 1128.8349609375, 1018.7992553710938]",1
frame_0021.png,extras,vacuum cleaner,upright vacuum cleaner,upright vacuum cleaner.,0.2,0.2,2,0.4742,"[1054.476806640625, 843.0145263671875, 1130.1552734375, 1020.0446166992188]",1
frame_0021.png,extras,vacuum cleaner,stick vacuum,stick vacuum.,0.2,0.2,0,0.0,,0
frame_0021.png,extras,vacuum cleaner,household vacuum,household vacuum.,0.2,0.2,6,0.4087,"[571.8714599609375, 825.879638671875, 634.8845825195312, 1034.913818359375]",1
frame_0021.png,extras,vacuum cleaner,robot vacuum,robot vacuum.,0.2,0.2,2,0.2799,"[1143.19580078125, 1651.7435302734375, 1700.9315185546875, 1855.79833984375]",1
frame_0021.png,extras,vacuum cleaner,cordless vacuum cleaner,cordless vacuum cleaner.,0.2,0.2,4,0.4322,"[1056.23388671875, 844.669677734375, 1129.73974609375, 1019.330322265625]",1
frame_0022.png,production,meeting table set,ALL_GROUP,meeting table. conference table. table with chairs. meeting table set.,0.32,0.32,0,0.0,,0
frame_0022.png,production,chair,ALL_GROUP,chair. chairs. armless chair.,0.36,0.36,1,0.3788,"[2260.226806640625, 1671.0546875, 2878.37158203125, 1855.3221435546875]",1
frame_0022.png,production,bench,ALL_GROUP,bench. metal bench. waiting bench.,0.34,0.34,1,0.4141,"[2259.93798828125, 1670.341064453125, 2878.537353515625, 1852.972412109375]",1
frame_0022.png,production,cardboard box+plant pot+shoes,ALL_GROUP,cardboard box. brown cardboard box. cardboard package. plant pot. potted plant. flower pot. indoor plant pot. shoes. pair of shoes. footwear. black shoes.,0.3,0.3,0,0.0,,0
frame_0022.png,production,trash bin+vacuum cleaner,ALL_GROUP,trash bin. trash can. waste bin. recycling bin. row of trash bins. vacuum cleaner. upright vacuum cleaner. cordless vacuum. floor cleaner.,0.25,0.25,2,0.3215,"[909.9432373046875, 823.260498046875, 994.2614135742188, 1043.6900634765625]",1
frame_0022.png,production,large power bank,ALL_GROUP,large power bank. portable power station. battery pack. power bank.,0.28,0.28,2,0.3534,"[496.0199279785156, 824.6801147460938, 927.688232421875, 1064.873046875]",1
frame_0022.png,production,door,ALL_GROUP,door. doors. dark door. elevator sliding door. sliding door.,0.26,0.26,7,0.3654,"[1164.9677734375, 404.8075866699219, 1268.683837890625, 1062.763916015625]",1
frame_0022.png,production,electric vehicle,ALL_GROUP,electric vehicle. small electric vehicle. mobility scooter. scooter.,0.28,0.28,0,0.0,,0
frame_0022.png,extras,bench,bench,bench.,0.2,0.2,2,0.2883,"[1.6727972030639648, 1739.4261474609375, 439.35595703125, 1856.9053955078125]",1
frame_0022.png,extras,bench,metal bench,metal bench.,0.2,0.2,3,0.4451,"[2256.846435546875, 1668.0511474609375, 2877.071533203125, 1852.7933349609375]",1
frame_0022.png,extras,bench,waiting bench,waiting bench.,0.2,0.2,3,0.4417,"[2257.310791015625, 1671.186767578125, 2878.95556640625, 1853.7147216796875]",1
frame_0022.png,extras,bench,long bench,long bench.,0.2,0.2,3,0.4274,"[2257.266357421875, 1670.5548095703125, 2877.674072265625, 1853.3619384765625]",1
frame_0022.png,extras,bench,indoor bench,indoor bench.,0.2,0.2,3,0.4156,"[2257.256103515625, 1671.1015625, 2877.660888671875, 1854.14404296875]",1
frame_0022.png,extras,cardboard box,cardboard box,cardboard box.,0.2,0.2,2,0.3222,"[921.5186767578125, 962.0054931640625, 995.0795288085938, 1041.231201171875]",1
frame_0022.png,extras,cardboard box,brown cardboard box,brown cardboard box.,0.2,0.2,3,0.4993,"[919.1544799804688, 959.9564208984375, 996.9200439453125, 1043.0548095703125]",1
frame_0022.png,extras,cardboard box,shipping box,shipping box.,0.2,0.2,2,0.4102,"[500.285400390625, 828.2852172851562, 923.4178466796875, 1062.495849609375]",1
frame_0022.png,extras,cardboard box,package box,package box.,0.2,0.2,2,0.2612,"[922.6719360351562, 963.1864624023438, 994.6471557617188, 1040.6395263671875]",1
frame_0022.png,extras,cardboard box,stacked box,stacked box.,0.2,0.2,2,0.347,"[499.9057312011719, 828.551025390625, 923.0396728515625, 1062.749267578125]",1
frame_0022.png,extras,cardboard box,box,box.,0.2,0.2,1,0.4058,"[922.989501953125, 965.0617065429688, 993.5897216796875, 1039.71728515625]",1
frame_0022.png,extras,chair,chair,chair.,0.2,0.2,4,0.4305,"[2255.6318359375, 1673.697265625, 2878.375, 1856.2454833984375]",1
frame_0022.png,extras,chair,armless chair,armless chair.,0.2,0.2,2,0.4458,"[2259.378662109375, 1668.678466796875, 2877.313232421875, 1852.416015625]",1
frame_0022.png,extras,chair,office chair,office chair.,0.2,0.2,4,0.4301,"[2258.399169921875, 1671.373046875, 2877.99267578125, 1856.093017578125]",1
frame_0022.png,extras,chair,swivel chair,swivel chair.,0.2,0.2,4,0.4353,"[2258.91943359375, 1669.1552734375, 2877.44677734375, 1852.459716796875]",1
frame_0022.png,extras,chair,rolling chair,rolling chair.,0.2,0.2,3,0.4442,"[2257.762939453125, 1669.776123046875, 2877.81005859375, 1853.2371826171875]",1
frame_0022.png,extras,chair,stool chair,stool chair.,0.2,0.2,4,0.466,"[2258.45458984375, 1672.4339599609375, 2877.860107421875, 1854.9825439453125]",1
frame_0022.png,extras,door,door,door.,0.2,0.2,17,0.3137,"[1011.1529541015625, 462.08734130859375, 1131.4071044921875, 1049.2623291015625]",1
frame_0022.png,extras,door,dark door surface,dark door surface.,0.2,0.2,2,0.3841,"[1158.5601806640625, 352.2298278808594, 1327.02783203125, 1076.75390625]",1
frame_0022.png,extras,door,wooden door,wooden door.,0.2,0.2,6,0.2892,"[1309.340576171875, 32.83222961425781, 1892.47119140625, 1243.4093017578125]",1
frame_0022.png,extras,door,closed door,closed door.,0.2,0.2,7,0.2933,"[1512.25341796875, 64.66851043701172, 1881.4019775390625, 1244.2333984375]",1
frame_0022.png,extras,door,interior door,interior door.,0.2,0.2,10,0.3059,"[1778.5399169921875, 1.6660183668136597, 2875.99267578125, 1340.46484375]",1
frame_0022.png,extras,electric vehicle,electric vehicle,electric vehicle.,0.2,0.2,5,0.3184,"[2.9654502868652344, -0.4074275493621826, 2878.424560546875, 1857.8150634765625]",1
frame_0022.png,extras,electric vehicle,small electric vehicle,small electric vehicle.,0.2,0.2,2,0.5026,"[1145.6494140625, 1644.558349609375, 1702.5777587890625, 1854.5711669921875]",1
frame_0022.png,extras,electric vehicle,electric cart,electric cart.,0.2,0.2,2,0.2879,"[912.450439453125, 826.060546875, 994.522216796875, 1042.391845703125]",1
frame_0022.png,extras,electric vehicle,small electric cart,small electric cart.,0.2,0.2,3,0.4787,"[908.2447509765625, 822.934814453125, 1000.1870727539062, 1045.884033203125]",1
frame_0022.png,extras,electric vehicle,compact electric car,compact electric car.,0.2,0.2,5,0.3293,"[6.466312408447266, 4.462135314941406, 2874.4326171875, 1851.115966796875]",1
frame_0022.png,extras,electric vehicle,indoor electric vehicle,indoor electric vehicle.,0.2,0.2,8,0.5065,"[5.728855133056641, 3.9046525955200195, 2872.744140625, 1852.5281982421875]",1
frame_0022.png,extras,electric vehicle,robot platform,robot platform.,0.2,0.2,3,0.4557,"[497.4232482910156, 824.6640014648438, 927.29052734375, 1064.314697265625]",1
frame_0022.png,extras,large power bank,large power bank,large power bank.,0.18,0.18,2,0.5498,"[493.411865234375, 821.038330078125, 929.4351196289062, 1066.396240234375]",1
frame_0022.png,extras,large power bank,portable power bank battery,portable power bank battery.,0.18,0.18,13,0.4026,"[920.4341430664062, 962.3297729492188, 996.2767333984375, 1042.1177978515625]",1
frame_0022.png,extras,large power bank,power bank,power bank.,0.18,0.18,4,0.4387,"[498.3045654296875, 828.1744995117188, 924.1561279296875, 1063.7613525390625]",1
frame_0022.png,extras,large power bank,battery pack,battery pack.,0.18,0.18,13,0.3272,"[922.2190551757812, 963.3948974609375, 995.1677856445312, 1040.6912841796875]",1
frame_0022.png,extras,large power bank,large battery,large battery.,0.18,0.18,13,0.4283,"[498.8311462402344, 828.02392578125, 925.6703491210938, 1063.016845703125]",1
frame_0022.png,extras,large power bank,portable battery,portable battery.,0.18,0.18,13,0.3882,"[921.8670654296875, 962.8893432617188, 995.6830444335938, 1041.266357421875]",1
frame_0022.png,extras,large power bank,rectangular battery box,rectangular battery box.,0.18,0.18,8,0.3728,"[921.2664184570312, 962.4166870117188, 996.2596435546875, 1041.5008544921875]",1
frame_0022.png,extras,meeting table set,meeting table set,meeting table set.,0.2,0.2,7,0.4313,"[496.70263671875, 823.7178955078125, 928.4938354492188, 1065.4847412109375]",1
frame_0022.png,extras,meeting table set,large meeting table,large meeting table.,0.2,0.2,5,0.4452,"[494.0650329589844, 820.0985107421875, 930.8223266601562, 1066.0699462890625]",1
frame_0022.png,extras,meeting table set,conference table,conference table.,0.2,0.2,4,0.4134,"[2.058992385864258, 1736.484619140625, 436.99462890625, 1857.282958984375]",1
frame_0022.png,extras,meeting table set,long table with chairs,long table with chairs.,0.2,0.2,3,0.3875,"[4.334514141082764, 1727.090576171875, 437.57891845703125, 1853.5113525390625]",1
frame_0022.png,extras,meeting table set,office meeting table,office meeting table.,0.2,0.2,4,0.3891,"[498.0489501953125, 825.0697021484375, 926.6130981445312, 1063.6258544921875]",1
frame_0022.png,extras,meeting table set,long rectangular table,long rectangular table.,0.2,0.2,4,0.4035,"[6.006689071655273, 1030.03662109375, 2873.26708984375, 1849.583251953125]",1
frame_0022.png,extras,plant pot,plant pot,plant pot.,0.2,0.2,3,0.3101,"[916.4561767578125, 829.1619262695312, 990.2791137695312, 1040.4117431640625]",1
frame_0022.png,extras,plant pot,potted plant in plastic pot,potted plant in plastic pot.,0.2,0.2,3,0.5551,"[905.249755859375, 819.8467407226562, 999.4319458007812, 1046.275390625]",1
frame_0022.png,extras,plant pot,potted plant,potted plant.,0.2,0.2,3,0.3528,"[916.3694458007812, 828.8412475585938, 990.93212890625, 1040.8223876953125]",1
frame_0022.png,extras,plant pot,indoor potted plant,indoor potted plant.,0.2,0.2,4,0.2964,"[282.0110168457031, 804.1900024414062, 363.36236572265625, 1069.420654296875]",1
frame_0022.png,extras,plant pot,flower pot,flower pot.,0.2,0.2,5,0.2757,"[922.2652587890625, 965.7442016601562, 993.3567504882812, 1040.4766845703125]",1
frame_0022.png,extras,plant pot,plastic plant pot,plastic plant pot.,0.2,0.2,2,0.2256,"[303.9270324707031, 949.16259765625, 348.01177978515625, 1059.7188720703125]",1
frame_0022.png,extras,shoes,shoes,shoes.,0.18,0.18,6,0.452,"[1154.0015869140625, 1656.405517578125, 1699.3319091796875, 1856.9429931640625]",1
frame_0022.png,extras,shoes,pair of indoor shoes,pair of indoor shoes.,0.18,0.18,5,0.5102,"[271.3841552734375, 1035.05029296875, 361.6202392578125, 1078.643798828125]",1
frame_0022.png,extras,shoes,indoor shoes,indoor shoes.,0.18,0.18,10,0.4658,"[1152.684814453125, 1654.3192138671875, 1700.1939697265625, 1856.7760009765625]",1
frame_0022.png,extras,shoes,pair of shoes,pair of shoes.,0.18,0.18,4,0.5391,"[270.4599914550781, 1034.3387451171875, 362.3675842285156, 1079.7100830078125]",1
frame_0022.png,extras,shoes,sneakers,sneakers.,0.18,0.18,4,0.2418,"[305.9162292480469, 1050.7171630859375, 352.7567138671875, 1065.867919921875]",1
frame_0022.png,extras,shoes,slippers,slippers.,0.18,0.18,3,0.2072,"[1.1135458946228027, 1740.9354248046875, 440.49261474609375, 1856.45263671875]",1
frame_0022.png,extras,shoes,shoe pair on floor,shoe pair on floor.,0.18,0.18,5,0.6643,"[9.089126586914062, 1029.8719482421875, 2868.796142578125, 1847.8231201171875]",1
frame_0022.png,extras,trash bin,trash bin,trash bin.,0.2,0.2,0,0.0,,0
frame_0022.png,extras,trash bin,indoor trash bin,indoor trash bin.,0.2,0.2,3,0.372,"[921.4163818359375, 961.39111328125, 995.8071899414062, 1042.4976806640625]",1
frame_0022.png,extras,trash bin,garbage bin,garbage bin.,0.2,0.2,1,0.2897,"[922.7718505859375, 962.9507446289062, 994.6023559570312, 1041.718994140625]",1
frame_0022.png,extras,trash bin,waste bin,waste bin.,0.2,0.2,1,0.3096,"[922.5493774414062, 962.957275390625, 994.7051391601562, 1041.9093017578125]",1
frame_0022.png,extras,trash bin,recycling bin,recycling bin.,0.2,0.2,4,0.3217,"[921.768310546875, 962.8687133789062, 995.2687377929688, 1041.755126953125]",1
frame_0022.png,extras,trash bin,small trash can,small trash can.,0.2,0.2,1,0.6824,"[916.9088134765625, 955.4630737304688, 999.437255859375, 1046.458740234375]",1
frame_0022.png,extras,vacuum cleaner,vacuum cleaner,vacuum cleaner.,0.2,0.2,4,0.4979,"[277.8531494140625, 801.789794921875, 360.98187255859375, 1072.239013671875]",1
frame_0022.png,extras,vacuum cleaner,upright vacuum cleaner,upright vacuum cleaner.,0.2,0.2,3,0.4398,"[909.3759765625, 822.9447631835938, 991.1240234375, 1042.5350341796875]",1
frame_0022.png,extras,vacuum cleaner,stick vacuum,stick vacuum.,0.2,0.2,2,0.2558,"[279.0416564941406, 803.8917846679688, 358.8667297363281, 1070.3756103515625]",1
frame_0022.png,extras,vacuum cleaner,household vacuum,household vacuum.,0.2,0.2,5,0.5035,"[278.598876953125, 802.798828125, 359.7406921386719, 1071.1376953125]",1
frame_0022.png,extras,vacuum cleaner,robot vacuum,robot vacuum.,0.2,0.2,4,0.3426,"[912.3308715820312, 825.278564453125, 989.2930297851562, 1040.8360595703125]",1
frame_0022.png,extras,vacuum cleaner,cordless vacuum cleaner,cordless vacuum cleaner.,0.2,0.2,3,0.4425,"[910.3968505859375, 824.3119506835938, 990.1795654296875, 1042.4483642578125]",1
frame_0023.png,production,meeting table set,ALL_GROUP,meeting table. conference table. table with chairs. meeting table set.,0.32,0.32,1,0.3425,"[1.7310386896133423, 841.22314453125, 133.17491149902344, 1087.3302001953125]",1
frame_0023.png,production,chair,ALL_GROUP,chair. chairs. armless chair.,0.36,0.36,2,0.5209,"[0.8291137218475342, 849.0817260742188, 126.24811553955078, 1083.99853515625]",1
frame_0023.png,production,bench,ALL_GROUP,bench. metal bench. waiting bench.,0.34,0.34,1,0.4397,"[0.749167799949646, 849.072998046875, 126.37098693847656, 1082.2916259765625]",1
frame_0023.png,production,cardboard box+plant pot+shoes,ALL_GROUP,cardboard box. brown cardboard box. cardboard package. plant pot. potted plant. flower pot. indoor plant pot. shoes. pair of shoes. footwear. black shoes.,0.3,0.3,0,0.0,,0
frame_0023.png,production,trash bin+vacuum cleaner,ALL_GROUP,trash bin. trash can. waste bin. recycling bin. row of trash bins. vacuum cleaner. upright vacuum cleaner. cordless vacuum. floor cleaner.,0.25,0.25,3,0.4158,"[651.3470458984375, 817.2615966796875, 1115.56201171875, 1066.1058349609375]",1
frame_0023.png,production,large power bank,ALL_GROUP,large power bank. portable power station. battery pack. power bank.,0.28,0.28,1,0.3503,"[652.964111328125, 817.7939453125, 1110.31689453125, 1066.1552734375]",1
frame_0023.png,production,door,ALL_GROUP,door. doors. dark door. elevator sliding door. sliding door.,0.26,0.26,5,0.3778,"[1356.22265625, 327.0084533691406, 1468.6748046875, 1086.6796875]",1
frame_0023.png,production,electric vehicle,ALL_GROUP,electric vehicle. small electric vehicle. mobility scooter. scooter.,0.28,0.28,0,0.0,,0
frame_0023.png,extras,bench,bench,bench.,0.2,0.2,3,0.3024,"[0.8476746082305908, 853.6029052734375, 120.17395782470703, 1080.610107421875]",1
frame_0023.png,extras,bench,metal bench,metal bench.,0.2,0.2,3,0.4618,"[1.2456393241882324, 847.6661987304688, 126.83844757080078, 1081.853271484375]",1
frame_0023.png,extras,bench,waiting bench,waiting bench.,0.2,0.2,3,0.4534,"[0.39574384689331055, 850.0416259765625, 125.10686492919922, 1082.2381591796875]",1
frame_0023.png,extras,bench,long bench,long bench.,0.2,0.2,6,0.3121,"[2.238764762878418, 1735.199462890625, 446.42138671875, 1854.5130615234375]",1
frame_0023.png,extras,bench,indoor bench,indoor bench.,0.2,0.2,3,0.4347,"[0.9737116098403931, 849.9550170898438, 123.42253112792969, 1081.0162353515625]",1
frame_0023.png,extras,cardboard box,cardboard box,cardboard box.,0.2,0.2,2,0.265,"[1100.873046875, 965.5004272460938, 1177.91748046875, 1050.0745849609375]",1
frame_0023.png,extras,cardboard box,brown cardboard box,brown cardboard box.,0.2,0.2,5,0.3731,"[1098.4534912109375, 962.9999389648438, 1179.8887939453125, 1052.3048095703125]",1
frame_0023.png,extras,cardboard box,shipping box,shipping box.,0.2,0.2,2,0.3831,"[657.398193359375, 821.5106201171875, 1105.62890625, 1063.3421630859375]",1
frame_0023.png,extras,cardboard box,package box,package box.,0.2,0.2,2,0.2371,"[1101.6688232421875, 966.6190185546875, 1177.444580078125, 1048.599853515625]",1
frame_0023.png,extras,cardboard box,stacked box,stacked box.,0.2,0.2,2,0.3228,"[657.3603515625, 822.081787109375, 1105.886474609375, 1063.4774169921875]",1
frame_0023.png,extras,cardboard box,box,box.,0.2,0.2,1,0.3514,"[1101.0780029296875, 967.9299926757812, 1175.3160400390625, 1047.7882080078125]",1
frame_0023.png,extras,chair,chair,chair.,0.2,0.2,5,0.732,"[0.9149926900863647, 853.2835693359375, 120.84203338623047, 1081.9478759765625]",1
frame_0023.png,extras,chair,armless chair,armless chair.,0.2,0.2,1,0.7581,"[0.7872819900512695, 847.6256713867188, 126.7948989868164, 1083.39599609375]",1
frame_0023.png,extras,chair,office chair,office chair.,0.2,0.2,5,0.6885,"[0.8520466089248657, 850.2520141601562, 123.69551849365234, 1083.2996826171875]",1
frame_0023.png,extras,chair,swivel chair,swivel chair.,0.2,0.2,1,0.6765,"[0.6812059879302979, 847.4747924804688, 126.87120819091797, 1084.10986328125]",1
frame_0023.png,extras,chair,rolling chair,rolling chair.,0.2,0.2,1,0.7294,"[0.8188998699188232, 848.5458984375, 125.56705474853516, 1082.7974853515625]",1
frame_0023.png,extras,chair,stool chair,stool chair.,0.2,0.2,5,0.6553,"[0.8485704660415649, 850.8543090820312, 122.12460327148438, 1082.455810546875]",1
frame_0023.png,extras,door,door,door.,0.2,0.2,14,0.2898,"[1359.35498046875, 329.7015380859375, 1465.66015625, 1083.8878173828125]",1
frame_0023.png,extras,door,dark door surface,dark door surface.,0.2,0.2,2,0.4791,"[1347.1248779296875, 233.81443786621094, 1561.441162109375, 1113.4332275390625]",1
frame_0023.png,extras,door,wooden door,wooden door.,0.2,0.2,6,0.3138,"[1875.4439697265625, 330.25335693359375, 2598.792724609375, 1499.8299560546875]",1
frame_0023.png,extras,door,closed door,closed door.,0.2,0.2,7,0.3241,"[1875.28759765625, 331.84375, 2598.067138671875, 1500.972412109375]",1
frame_0023.png,extras,door,interior door,interior door.,0.2,0.2,10,0.2847,"[3.903815746307373, 569.3799438476562, 642.4794311523438, 1062.784912109375]",1
frame_0023.png,extras,electric vehicle,electric vehicle,electric vehicle.,0.2,0.2,2,0.2907,"[5.881376266479492, 1.2201207876205444, 2874.81640625, 1854.8057861328125]",1
frame_0023.png,extras,electric vehicle,small electric vehicle,small electric vehicle.,0.2,0.2,3,0.4532,"[1145.9197998046875, 1643.1453857421875, 1701.2327880859375, 1854.4195556640625]",1
frame_0023.png,extras,electric vehicle,electric cart,electric cart.,0.2,0.2,2,0.2939,"[1089.5084228515625, 817.879150390625, 1175.6214599609375, 1049.2197265625]",1
frame_0023.png,extras,electric vehicle,small electric cart,small electric cart.,0.2,0.2,1,0.5111,"[1084.6605224609375, 813.8508911132812, 1180.2340087890625, 1051.9178466796875]",1
frame_0023.png,extras,electric vehicle,compact electric car,compact electric car.,0.2,0.2,2,0.3786,"[8.922786712646484, 4.937134742736816, 2870.91064453125, 1848.790283203125]",1
frame_0023.png,extras,electric vehicle,indoor electric vehicle,indoor electric vehicle.,0.2,0.2,4,0.5494,"[6.761999130249023, 4.15709114074707, 2870.78662109375, 1850.962646484375]",1
frame_0023.png,extras,electric vehicle,robot platform,robot platform.,0.2,0.2,3,0.4024,"[654.807373046875, 817.4891967773438, 1114.671142578125, 1064.65234375]",1
frame_0023.png,extras,large power bank,large power bank,large power bank.,0.18,0.18,2,0.5299,"[649.8617553710938, 812.7311401367188, 1113.6298828125, 1067.7996826171875]",1
frame_0023.png,extras,large power bank,portable power bank battery,portable power bank battery.,0.18,0.18,12,0.3698,"[656.1538696289062, 823.26904296875, 752.8021850585938, 1063.4268798828125]",1
frame_0023.png,extras,large power bank,power bank,power bank.,0.18,0.18,4,0.4485,"[655.6021728515625, 820.8643798828125, 1106.3875732421875, 1064.925537109375]",1
frame_0023.png,extras,large power bank,battery pack,battery pack.,0.18,0.18,12,0.3422,"[757.1726684570312, 827.71142578125, 839.5485229492188, 885.0196533203125]",1
frame_0023.png,extras,large power bank,large battery,large battery.,0.18,0.18,11,0.4336,"[655.8741455078125, 820.3648071289062, 1106.6220703125, 1064.0889892578125]",1
frame_0023.png,extras,large power bank,portable battery,portable battery.,0.18,0.18,12,0.3946,"[657.2389526367188, 823.67822265625, 752.4813232421875, 1063.315673828125]",1
frame_0023.png,extras,large power bank,rectangular battery box,rectangular battery box.,0.18,0.18,13,0.3627,"[1100.5484619140625, 964.8652954101562, 1179.7020263671875, 1049.9122314453125]",1
frame_0023.png,extras,meeting table set,meeting table set,meeting table set.,0.2,0.2,2,0.3901,"[652.9546508789062, 814.7061767578125, 1118.4984130859375, 1066.6295166015625]",1
frame_0023.png,extras,meeting table set,large meeting table,large meeting table.,0.2,0.2,6,0.3674,"[651.0397338867188, 811.3400268554688, 1115.96044921875, 1067.374755859375]",1
frame_0023.png,extras,meeting table set,conference table,conference table.,0.2,0.2,5,0.3345,"[1.880958080291748, 1735.5008544921875, 443.8343505859375, 1856.948486328125]",1
frame_0023.png,extras,meeting table set,long table with chairs,long table with chairs.,0.2,0.2,5,0.3744,"[4.565999507904053, 1726.666259765625, 444.7410583496094, 1853.029052734375]",1
frame_0023.png,extras,meeting table set,office meeting table,office meeting table.,0.2,0.2,6,0.3204,"[654.8628540039062, 816.5504150390625, 1113.595458984375, 1064.0892333984375]",1
frame_0023.png,extras,meeting table set,long rectangular table,long rectangular table.,0.2,0.2,5,0.3697,"[5.296697616577148, 1039.7864990234375, 2873.785400390625, 1849.640869140625]",1
frame_0023.png,extras,plant pot,plant pot,plant pot.,0.2,0.2,3,0.3064,"[1093.4638671875, 821.2066650390625, 1171.5614013671875, 1048.32568359375]",1
frame_0023.png,extras,plant pot,potted plant in plastic pot,potted plant in plastic pot.,0.2,0.2,3,0.613,"[1082.322265625, 812.0957641601562, 1180.563720703125, 1054.3443603515625]",1
frame_0023.png,extras,plant pot,potted plant,potted plant.,0.2,0.2,2,0.3801,"[1092.827392578125, 821.1815795898438, 1172.176513671875, 1048.900390625]",1
frame_0023.png,extras,plant pot,indoor potted plant,indoor potted plant.,0.2,0.2,3,0.2704,"[1091.071533203125, 819.0537109375, 1174.2935791015625, 1048.345703125]",1
frame_0023.png,extras,plant pot,flower pot,flower pot.,0.2,0.2,4,0.2898,"[1100.3935546875, 968.0747680664062, 1174.955322265625, 1048.7252197265625]",1
frame_0023.png,extras,plant pot,plastic plant pot,plastic plant pot.,0.2,0.2,1,0.2627,"[1099.4737548828125, 965.6079711914062, 1177.274169921875, 1050.4776611328125]",1
frame_0023.png,extras,shoes,shoes,shoes.,0.18,0.18,5,0.3772,"[1154.590576171875, 1655.906005859375, 1696.314697265625, 1857.0013427734375]",1
frame_0023.png,extras,shoes,pair of indoor shoes,pair of indoor shoes.,0.18,0.18,5,0.4325,"[431.7451477050781, 1029.0367431640625, 523.5482788085938, 1075.056396484375]",1
frame_0023.png,extras,shoes,indoor shoes,indoor shoes.,0.18,0.18,9,0.4445,"[1153.2777099609375, 1653.4410400390625, 1697.678466796875, 1856.8177490234375]",1
frame_0023.png,extras,shoes,pair of shoes,pair of shoes.,0.18,0.18,6,0.4527,"[430.83380126953125, 1027.796630859375, 524.5099487304688, 1076.1260986328125]",1
frame_0023.png,extras,shoes,sneakers,sneakers.,0.18,0.18,4,0.215,"[441.9864501953125, 1047.1053466796875, 513.652099609375, 1064.7042236328125]",1
frame_0023.png,extras,shoes,slippers,slippers.,0.18,0.18,1,0.2339,"[441.5372314453125, 1047.2337646484375, 514.3638916015625, 1064.899658203125]",1
frame_0023.png,extras,shoes,shoe pair on floor,shoe pair on floor.,0.18,0.18,5,0.633,"[8.848457336425781, 1038.775634765625, 2868.369140625, 1848.010498046875]",1
frame_0023.png,extras,trash bin,trash bin,trash bin.,0.2,0.2,0,0.0,,0
frame_0023.png,extras,trash bin,indoor trash bin,indoor trash bin.,0.2,0.2,7,0.3585,"[656.081787109375, 819.6360473632812, 1108.35546875, 1063.5867919921875]",1
frame_0023.png,extras,trash bin,garbage bin,garbage bin.,0.2,0.2,7,0.2966,"[1101.7034912109375, 966.3543701171875, 1177.4188232421875, 1048.67578125]",1
frame_0023.png,extras,trash bin,waste bin,waste bin.,0.2,0.2,7,0.2774,"[1101.51123046875, 965.9365234375, 1177.526123046875, 1049.0770263671875]",1
frame_0023.png,extras,trash bin,recycling bin,recycling bin.,0.2,0.2,8,0.3858,"[657.478515625, 821.7146606445312, 1108.8526611328125, 1063.870361328125]",1
frame_0023.png,extras,trash bin,small trash can,small trash can.,0.2,0.2,1,0.5446,"[1095.745361328125, 958.0307006835938, 1181.6854248046875, 1054.306884765625]",1
frame_0023.png,extras,vacuum cleaner,vacuum cleaner,vacuum cleaner.,0.2,0.2,4,0.4652,"[1089.0374755859375, 817.0440063476562, 1172.782470703125, 1049.8896484375]",1
frame_0023.png,extras,vacuum cleaner,upright vacuum cleaner,upright vacuum cleaner.,0.2,0.2,3,0.4263,"[1085.66064453125, 814.2500610351562, 1173.946533203125, 1050.7030029296875]",1
frame_0023.png,extras,vacuum cleaner,stick vacuum,stick vacuum.,0.2,0.2,1,0.2291,"[1093.025634765625, 819.0548095703125, 1164.3436279296875, 973.3642578125]",1
frame_0023.png,extras,vacuum cleaner,household vacuum,household vacuum.,0.2,0.2,5,0.4693,"[438.9894714355469, 797.0758056640625, 522.924072265625, 1067.229736328125]",1
frame_0023.png,extras,vacuum cleaner,robot vacuum,robot vacuum.,0.2,0.2,4,0.3231,"[1089.2177734375, 816.8930053710938, 1172.50390625, 1048.9317626953125]",1
frame_0023.png,extras,vacuum cleaner,cordless vacuum cleaner,cordless vacuum cleaner.,0.2,0.2,3,0.4323,"[1087.197265625, 815.8402709960938, 1173.626220703125, 1050.91845703125]",1
frame_0024.png,production,meeting table set,ALL_GROUP,meeting table. conference table. table with chairs. meeting table set.,0.32,0.32,2,0.3613,"[3.553948402404785, 839.1666870117188, 384.6077575683594, 1077.06787109375]",1
frame_0024.png,production,chair,ALL_GROUP,chair. chairs. armless chair.,0.36,0.36,4,0.3855,"[0.38649022579193115, 851.5216674804688, 92.26434326171875, 1058.924560546875]",1
frame_0024.png,production,bench,ALL_GROUP,bench. metal bench. waiting bench.,0.34,0.34,1,0.3884,"[174.60540771484375, 853.552001953125, 379.4049377441406, 1065.3681640625]",1
frame_0024.png,production,cardboard box+plant pot+shoes,ALL_GROUP,cardboard box. brown cardboard box. cardboard package. plant pot. potted plant. flower pot. indoor plant pot. shoes. pair of shoes. footwear. black shoes.,0.3,0.3,0,0.0,,0
frame_0024.png,production,trash bin+vacuum cleaner,ALL_GROUP,trash bin. trash can. waste bin. recycling bin. row of trash bins. vacuum cleaner. upright vacuum cleaner. cordless vacuum. floor cleaner.,0.25,0.25,2,0.3483,"[1298.3800048828125, 808.1921997070312, 1394.5545654296875, 1054.737060546875]",1
frame_0024.png,production,large power bank,ALL_GROUP,large power bank. portable power station. battery pack. power bank.,0.28,0.28,1,0.3797,"[867.4962768554688, 813.2266235351562, 1322.1995849609375, 1061.827880859375]",1
frame_0024.png,production,door,ALL_GROUP,door. doors. dark door. elevator sliding door. sliding door.,0.26,0.26,4,0.3465,"[1567.3184814453125, 277.173828125, 1704.6197509765625, 1099.2877197265625]",1
frame_0024.png,production,electric vehicle,ALL_GROUP,electric vehicle. small electric vehicle. mobility scooter. scooter.,0.28,0.28,0,0.0,,0
frame_0024.png,extras,bench,bench,bench.,0.2,0.2,2,0.2243,"[2326.743408203125, 1674.5435791015625, 2878.26708984375, 1856.2674560546875]",1
frame_0024.png,extras,bench,metal bench,metal bench.,0.2,0.2,4,0.3109,"[4.907369613647461, 846.5914306640625, 380.6597900390625, 1070.891845703125]",1
frame_0024.png,extras,bench,waiting bench,waiting bench.,0.2,0.2,3,0.4292,"[3.9565157890319824, 849.82568359375, 377.4486083984375, 1070.5594482421875]",1
frame_0024.png,extras,bench,long bench,long bench.,0.2,0.2,4,0.3312,"[3.5106468200683594, 849.358154296875, 377.35809326171875, 1068.116943359375]",1
frame_0024.png,extras,bench,indoor bench,indoor bench.,0.2,0.2,4,0.3398,"[2.6831960678100586, 848.798583984375, 376.710205078125, 1068.9532470703125]",1
frame_0024.png,extras,cardboard box,cardboard box,cardboard box.,0.2,0.2,3,0.2639,"[1313.20263671875, 962.1719360351562, 1394.8017578125, 1052.845703125]",1
frame_0024.png,extras,cardboard box,brown cardboard box,brown cardboard box.,0.2,0.2,3,0.3938,"[1310.2386474609375, 959.2498779296875, 1397.27392578125, 1055.1644287109375]",1
frame_0024.png,extras,cardboard box,shipping box,shipping box.,0.2,0.2,3,0.3817,"[872.5441284179688, 818.8173828125, 1316.000732421875, 1058.6282958984375]",1
frame_0024.png,extras,cardboard box,package box,package box.,0.2,0.2,3,0.2878,"[87.36812591552734, 1026.3577880859375, 218.0462188720703, 1127.9705810546875]",1
frame_0024.png,extras,cardboard box,stacked box,stacked box.,0.2,0.2,3,0.3193,"[872.332275390625, 819.136962890625, 1315.6981201171875, 1058.830078125]",1
frame_0024.png,extras,cardboard box,box,box.,0.2,0.2,2,0.3344,"[88.39791870117188, 1028.072265625, 216.14804077148438, 1125.8726806640625]",1
frame_0024.png,extras,chair,chair,chair.,0.2,0.2,6,0.4969,"[169.6960906982422, 857.1224365234375, 375.0319519042969, 1067.4710693359375]",1
frame_0024.png,extras,chair,armless chair,armless chair.,0.2,0.2,5,0.4145,"[173.57876586914062, 852.1575927734375, 379.0996398925781, 1064.80224609375]",1
frame_0024.png,extras,chair,office chair,office chair.,0.2,0.2,7,0.6021,"[171.29574584960938, 853.9027709960938, 377.47607421875, 1066.973388671875]",1
frame_0024.png,extras,chair,swivel chair,swivel chair.,0.2,0.2,5,0.4382,"[172.78439331054688, 852.19091796875, 379.7184753417969, 1065.434326171875]",1
frame_0024.png,extras,chair,rolling chair,rolling chair.,0.2,0.2,5,0.4339,"[173.34359741210938, 853.6490478515625, 378.1820373535156, 1065.8577880859375]",1
frame_0024.png,extras,chair,stool chair,stool chair.,0.2,0.2,6,0.55,"[170.8178253173828, 854.7904052734375, 376.3574523925781, 1065.8394775390625]",1
frame_0024.png,extras,door,door,door.,0.2,0.2,16,0.2959,"[1653.8306884765625, 137.43539428710938, 1841.2093505859375, 1136.6129150390625]",1
frame_0024.png,extras,door,dark door surface,dark door surface.,0.2,0.2,1,0.5552,"[1559.255615234375, 148.03993225097656, 1847.758544921875, 1147.82373046875]",1
frame_0024.png,extras,door,wooden door,wooden door.,0.2,0.2,5,0.3473,"[1577.670654296875, 138.24066162109375, 1842.849365234375, 1139.788330078125]",1
frame_0024.png,extras,door,closed door,closed door.,0.2,0.2,6,0.3431,"[869.760986328125, 819.785400390625, 1318.992431640625, 1059.67529296875]",1
frame_0024.png,extras,door,interior door,interior door.,0.2,0.2,5,0.3388,"[1572.967529296875, 138.34959411621094, 1840.9066162109375, 1139.22998046875]",1
frame_0024.png,extras,electric vehicle,electric vehicle,electric vehicle.,0.2,0.2,1,0.2748,"[1147.425048828125, 1653.4674072265625, 1696.9005126953125, 1857.188232421875]",1
frame_0024.png,extras,electric vehicle,small electric vehicle,small electric vehicle.,0.2,0.2,4,0.4743,"[1142.1409912109375, 1644.0770263671875, 1698.4779052734375, 1854.6710205078125]",1
frame_0024.png,extras,electric vehicle,electric cart,electric cart.,0.2,0.2,2,0.2836,"[1300.81640625, 810.7448120117188, 1393.577392578125, 1052.7789306640625]",1
frame_0024.png,extras,electric vehicle,small electric cart,small electric cart.,0.2,0.2,1,0.5765,"[1295.831298828125, 806.8988647460938, 1399.608642578125, 1057.1441650390625]",1
frame_0024.png,extras,electric vehicle,compact electric car,compact electric car.,0.2,0.2,2,0.4704,"[1146.1416015625, 1650.33203125, 1697.0433349609375, 1854.6673583984375]",1
frame_0024.png,extras,electric vehicle,indoor electric vehicle,indoor electric vehicle.,0.2,0.2,6,0.4596,"[6.947307586669922, 4.433255195617676, 2871.64990234375, 1851.0487060546875]",1
frame_0024.png,extras,electric vehicle,robot platform,robot platform.,0.2,0.2,4,0.4214,"[869.4134521484375, 815.1432495117188, 1321.8980712890625, 1059.9935302734375]",1
frame_0024.png,extras,large power bank,large power bank,large power bank.,0.18,0.18,1,0.5725,"[865.0100708007812, 809.1283569335938, 1323.4071044921875, 1063.1116943359375]",1
frame_0024.png,extras,large power bank,portable power bank battery,portable power bank battery.,0.18,0.18,14,0.3351,"[1311.8536376953125, 962.27880859375, 1395.1494140625, 1053.0458984375]",1
frame_0024.png,extras,large power bank,power bank,power bank.,0.18,0.18,4,0.4457,"[870.5849609375, 818.92578125, 1317.5159912109375, 1059.453857421875]",1
frame_0024.png,extras,large power bank,battery pack,battery pack.,0.18,0.18,14,0.3105,"[969.857177734375, 826.7237548828125, 1049.6678466796875, 881.7385864257812]",1
frame_0024.png,extras,large power bank,large battery,large battery.,0.18,0.18,12,0.4193,"[870.0916137695312, 817.0429077148438, 1318.2296142578125, 1059.61767578125]",1
frame_0024.png,extras,large power bank,portable battery,portable battery.,0.18,0.18,14,0.3571,"[969.2429809570312, 825.9315795898438, 1049.8887939453125, 881.8447265625]",1
frame_0024.png,extras,large power bank,rectangular battery box,rectangular battery box.,0.18,0.18,10,0.3619,"[869.9832153320312, 815.6605224609375, 1318.1646728515625, 1058.9443359375]",1
frame_0024.png,extras,meeting table set,meeting table set,meeting table set.,0.2,0.2,2,0.4933,"[2.7506160736083984, 841.7269897460938, 380.195068359375, 1094.2568359375]",1
frame_0024.png,extras,meeting table set,large meeting table,large meeting table.,0.2,0.2,5,0.3421,"[866.68896484375, 811.2269897460938, 1323.606201171875, 1061.628173828125]",1
frame_0024.png,extras,meeting table set,conference table,conference table.,0.2,0.2,6,0.3586,"[2326.163818359375, 1671.64990234375, 2878.111083984375, 1855.8563232421875]",1
frame_0024.png,extras,meeting table set,long table with chairs,long table with chairs.,0.2,0.2,7,0.4063,"[4.330844879150391, 841.22314453125, 385.0138854980469, 1071.7191162109375]",1
frame_0024.png,extras,meeting table set,office meeting table,office meeting table.,0.2,0.2,4,0.3805,"[3.3988523483276367, 851.2802734375, 376.1922912597656, 1073.3905029296875]",1
frame_0024.png,extras,meeting table set,long rectangular table,long rectangular table.,0.2,0.2,6,0.3598,"[5.052766799926758, 1036.9715576171875, 2872.2216796875, 1849.319091796875]",1
frame_0024.png,extras,plant pot,plant pot,plant pot.,0.2,0.2,2,0.3333,"[1304.360107421875, 814.1022338867188, 1390.22119140625, 1051.2047119140625]",1
frame_0024.png,extras,plant pot,potted plant in plastic pot,potted plant in plastic pot.,0.2,0.2,3,0.5211,"[1292.8240966796875, 804.961181640625, 1400.58154296875, 1059.7830810546875]",1
frame_0024.png,extras,plant pot,potted plant,potted plant.,0.2,0.2,2,0.3653,"[1303.9622802734375, 813.89208984375, 1391.276123046875, 1051.70556640625]",1
frame_0024.png,extras,plant pot,indoor potted plant,indoor potted plant.,0.2,0.2,2,0.2575,"[670.7088012695312, 799.0272216796875, 751.8563842773438, 1059.8758544921875]",1
frame_0024.png,extras,plant pot,flower pot,flower pot.,0.2,0.2,4,0.2744,"[87.8427963256836, 1027.499755859375, 217.21401977539062, 1126.6544189453125]",1
frame_0024.png,extras,plant pot,plastic plant pot,plastic plant pot.,0.2,0.2,2,0.2558,"[85.31668853759766, 1024.8525390625, 219.47462463378906, 1129.728759765625]",1
frame_0024.png,extras,shoes,shoes,shoes.,0.18,0.18,4,0.3308,"[1150.636474609375, 1656.6837158203125, 1694.6239013671875, 1856.8206787109375]",1
frame_0024.png,extras,shoes,pair of indoor shoes,pair of indoor shoes.,0.18,0.18,6,0.4357,"[659.998291015625, 1023.4241943359375, 743.01806640625, 1066.7037353515625]",1
frame_0024.png,extras,shoes,indoor shoes,indoor shoes.,0.18,0.18,7,0.4403,"[86.05133056640625, 1025.3016357421875, 218.36868286132812, 1128.1412353515625]",1
frame_0024.png,extras,shoes,pair of shoes,pair of shoes.,0.18,0.18,7,0.4734,"[659.103759765625, 1022.555908203125, 743.89111328125, 1067.79150390625]",1
frame_0024.png,extras,shoes,sneakers,sneakers.,0.18,0.18,2,0.2168,"[667.9780883789062, 1040.4630126953125, 735.5023193359375, 1057.3984375]",1
frame_0024.png,extras,shoes,slippers,slippers.,0.18,0.18,1,0.1952,"[668.026611328125, 1039.7547607421875, 735.8355712890625, 1057.5469970703125]",1
frame_0024.png,extras,shoes,shoe pair on floor,shoe pair on floor.,0.18,0.18,6,0.6247,"[9.068183898925781, 1035.518310546875, 2868.33251953125, 1847.8631591796875]",1
frame_0024.png,extras,trash bin,trash bin,trash bin.,0.2,0.2,0,0.0,,0
frame_0024.png,extras,trash bin,indoor trash bin,indoor trash bin.,0.2,0.2,3,0.4477,"[85.34022521972656, 1024.873779296875, 218.83473205566406, 1129.0880126953125]",1
frame_0024.png,extras,trash bin,garbage bin,garbage bin.,0.2,0.2,2,0.3758,"[86.95215606689453, 1026.3992919921875, 217.5303497314453, 1128.375244140625]",1
frame_0024.png,extras,trash bin,waste bin,waste bin.,0.2,0.2,2,0.3849,"[86.84175872802734, 1026.46630859375, 217.56224060058594, 1128.493896484375]",1
frame_0024.png,extras,trash bin,recycling bin,recycling bin.,0.2,0.2,5,0.4298,"[86.11085510253906, 1025.5858154296875, 218.98243713378906, 1129.031005859375]",1
frame_0024.png,extras,trash bin,small trash can,small trash can.,0.2,0.2,2,0.6429,"[80.18797302246094, 1019.2628784179688, 224.07492065429688, 1133.371826171875]",1
frame_0024.png,extras,vacuum cleaner,vacuum cleaner,vacuum cleaner.,0.2,0.2,4,0.5239,"[665.3047485351562, 798.0213012695312, 747.3644409179688, 1060.077392578125]",1
frame_0024.png,extras,vacuum cleaner,upright vacuum cleaner,upright vacuum cleaner.,0.2,0.2,2,0.5467,"[1296.808837890625, 807.5187377929688, 1393.99169921875, 1055.10498046875]",1
frame_0024.png,extras,vacuum cleaner,stick vacuum,stick vacuum.,0.2,0.2,2,0.2321,"[1303.740966796875, 812.2982177734375, 1378.9229736328125, 971.2340087890625]",1
frame_0024.png,extras,vacuum cleaner,household vacuum,household vacuum.,0.2,0.2,6,0.4996,"[666.1755981445312, 799.2857666015625, 746.1014404296875, 1058.988037109375]",1
frame_0024.png,extras,vacuum cleaner,robot vacuum,robot vacuum.,0.2,0.2,4,0.3525,"[1300.603271484375, 810.2906494140625, 1390.02880859375, 1052.2215576171875]",1
frame_0024.png,extras,vacuum cleaner,cordless vacuum cleaner,cordless vacuum cleaner.,0.2,0.2,2,0.5278,"[1297.3447265625, 808.75634765625, 1393.429931640625, 1054.7647705078125]",1
frame_0025.png,production,meeting table set,ALL_GROUP,meeting table. conference table. table with chairs. meeting table set.,0.32,0.32,3,0.4519,"[147.5326385498047, 843.2919921875, 804.9072265625, 1080.67333984375]",1
frame_0025.png,production,chair,ALL_GROUP,chair. chairs. armless chair.,0.36,0.36,5,0.396,"[154.13839721679688, 856.1046752929688, 796.0547485351562, 1063.8831787109375]",1
frame_0025.png,production,bench,ALL_GROUP,bench. metal bench. waiting bench.,0.34,0.34,1,0.3518,"[152.8155059814453, 858.1759643554688, 795.7577514648438, 1064.92431640625]",1
frame_0025.png,production,cardboard box+plant pot+shoes,ALL_GROUP,cardboard box. brown cardboard box. cardboard package. plant pot. potted plant. flower pot. indoor plant pot. shoes. pair of shoes. footwear. black shoes.,0.3,0.3,0,0.0,,0
frame_0025.png,production,trash bin+vacuum cleaner,ALL_GROUP,trash bin. trash can. waste bin. recycling bin. row of trash bins. vacuum cleaner. upright vacuum cleaner. cordless vacuum. floor cleaner.,0.25,0.25,1,0.3061,"[1709.4693603515625, 781.1787719726562, 1824.3736572265625, 1062.5194091796875]",1
frame_0025.png,production,large power bank,ALL_GROUP,large power bank. portable power station. battery pack. power bank.,0.28,0.28,1,0.4448,"[1248.0103759765625, 793.7899780273438, 1740.346923828125, 1063.6729736328125]",1
frame_0025.png,production,door,ALL_GROUP,door. doors. dark door. elevator sliding door. sliding door.,0.26,0.26,4,0.3291,"[1249.85498046875, 801.810791015625, 1734.8746337890625, 1060.837890625]",1
frame_0025.png,production,electric vehicle,ALL_GROUP,electric vehicle. small electric vehicle. mobility scooter. scooter.,0.28,0.28,1,0.3111,"[1146.747802734375, 1654.448974609375, 1697.352294921875, 1856.676025390625]",1
frame_0025.png,extras,bench,bench,bench.,0.2,0.2,2,0.3032,"[156.69357299804688, 862.7048950195312, 789.7108154296875, 1061.173095703125]",1
frame_0025.png,extras,bench,metal bench,metal bench.,0.2,0.2,2,0.471,"[151.78408813476562, 856.8075561523438, 797.069580078125, 1064.7069091796875]",1
frame_0025.png,extras,bench,waiting bench,waiting bench.,0.2,0.2,1,0.5434,"[153.99916076660156, 858.939208984375, 793.9430541992188, 1064.9962158203125]",1
frame_0025.png,extras,bench,long bench,long bench.,0.2,0.2,3,0.4832,"[153.71331787109375, 859.0432739257812, 792.7608032226562, 1062.09033203125]",1
frame_0025.png,extras,bench,indoor bench,indoor bench.,0.2,0.2,2,0.5137,"[154.25839233398438, 856.6119384765625, 793.89111328125, 1064.7186279296875]",1
frame_0025.png,extras,cardboard box,cardboard box,cardboard box.,0.2,0.2,4,0.2799,"[1732.06884765625, 957.9313354492188, 1826.19482421875, 1062.5396728515625]",1
frame_0025.png,extras,cardboard box,brown cardboard box,brown cardboard box.,0.2,0.2,4,0.4354,"[234.7715606689453, 985.62109375, 335.25067138671875, 1093.6279296875]",1
frame_0025.png,extras,cardboard box,shipping box,shipping box.,0.2,0.2,3,0.3551,"[1254.9189453125, 801.5923461914062, 1731.964111328125, 1058.720458984375]",1
frame_0025.png,extras,cardboard box,package box,package box.,0.2,0.2,3,0.2885,"[500.7825012207031, 1018.9238891601562, 615.7342529296875, 1113.6588134765625]",1
frame_0025.png,extras,cardboard box,stacked box,stacked box.,0.2,0.2,4,0.3047,"[1732.815185546875, 959.0372314453125, 1825.9500732421875, 1061.8817138671875]",1
frame_0025.png,extras,cardboard box,box,box.,0.2,0.2,3,0.3581,"[501.7066955566406, 1021.958984375, 613.3875122070312, 1110.6505126953125]",1
frame_0025.png,extras,chair,chair,chair.,0.2,0.2,8,0.3634,"[156.32325744628906, 867.1265869140625, 312.94732666015625, 1056.6251220703125]",1
frame_0025.png,extras,chair,armless chair,armless chair.,0.2,0.2,6,0.4059,"[155.28656005859375, 854.7102661132812, 796.6674194335938, 1062.423095703125]",1
frame_0025.png,extras,chair,office chair,office chair.,0.2,0.2,7,0.4324,"[154.36306762695312, 856.7337646484375, 794.95458984375, 1064.292724609375]",1
frame_0025.png,extras,chair,swivel chair,swivel chair.,0.2,0.2,6,0.4054,"[154.13565063476562, 853.7073364257812, 796.78515625, 1064.726806640625]",1
frame_0025.png,extras,chair,rolling chair,rolling chair.,0.2,0.2,6,0.4266,"[154.2903594970703, 855.5689086914062, 795.8508911132812, 1064.0931396484375]",1
frame_0025.png,extras,chair,stool chair,stool chair.,0.2,0.2,8,0.401,"[155.49009704589844, 866.3626708984375, 312.86346435546875, 1056.766357421875]",1
frame_0025.png,extras,door,door,door.,0.2,0.2,9,0.3271,"[1254.063720703125, 803.6993408203125, 1732.3525390625, 1058.876220703125]",1
frame_0025.png,extras,door,dark door surface,dark door surface.,0.2,0.2,1,0.5652,"[1988.659912109375, 19.381189346313477, 2595.974609375, 1242.48681640625]",1
frame_0025.png,extras,door,wooden door,wooden door.,0.2,0.2,4,0.3181,"[1248.96875, 800.7268676757812, 1733.87158203125, 1059.94482421875]",1
frame_0025.png,extras,door,closed door,closed door.,0.2,0.2,8,0.4153,"[1251.37158203125, 801.6337280273438, 1733.4080810546875, 1059.8026123046875]",1
frame_0025.png,extras,door,interior door,interior door.,0.2,0.2,6,0.356,"[3.3691978454589844, 505.05926513671875, 1796.3162841796875, 1055.1759033203125]",1
frame_0025.png,extras,electric vehicle,electric vehicle,electric vehicle.,0.2,0.2,3,0.3968,"[1149.349609375, 1660.0128173828125, 1697.034423828125, 1857.8123779296875]",1
frame_0025.png,extras,electric vehicle,small electric vehicle,small electric vehicle.,0.2,0.2,2,0.5828,"[1143.3380126953125, 1649.99462890625, 1699.6683349609375, 1854.9849853515625]",1
frame_0025.png,extras,electric vehicle,electric cart,electric cart.,0.2,0.2,0,0.0,,0
frame_0025.png,extras,electric vehicle,small electric cart,small electric cart.,0.2,0.2,7,0.3423,"[1049.1781005859375, 789.4885864257812, 1142.73291015625, 1058.26904296875]",1
frame_0025.png,extras,electric vehicle,compact electric car,compact electric car.,0.2,0.2,2,0.4691,"[1147.2823486328125, 1655.0076904296875, 1697.9146728515625, 1854.9893798828125]",1
frame_0025.png,extras,electric vehicle,indoor electric vehicle,indoor electric vehicle.,0.2,0.2,6,0.3918,"[5.913219451904297, 4.803154945373535, 2872.633544921875, 1852.486083984375]",1
frame_0025.png,extras,electric vehicle,robot platform,robot platform.,0.2,0.2,3,0.4188,"[1253.026123046875, 798.0614624023438, 1735.747802734375, 1059.5911865234375]",1
frame_0025.png,extras,large power bank,large power bank,large power bank.,0.18,0.18,1,0.6171,"[1247.3963623046875, 792.8486328125, 1738.6776123046875, 1063.114501953125]",1
frame_0025.png,extras,large power bank,portable power bank battery,portable power bank battery.,0.18,0.18,9,0.4868,"[498.2703552246094, 1017.7218627929688, 616.8978881835938, 1114.6951904296875]",1
frame_0025.png,extras,large power bank,power bank,power bank.,0.18,0.18,5,0.4954,"[1252.244140625, 800.3113403320312, 1733.47509765625, 1059.5791015625]",1
frame_0025.png,extras,large power bank,battery pack,battery pack.,0.18,0.18,8,0.4422,"[500.4014892578125, 1018.6350708007812, 615.4268188476562, 1113.453125]",1
frame_0025.png,extras,large power bank,large battery,large battery.,0.18,0.18,9,0.4483,"[499.53045654296875, 1018.210693359375, 616.3124389648438, 1114.179931640625]",1
frame_0025.png,extras,large power bank,portable battery,portable battery.,0.18,0.18,9,0.5094,"[499.77972412109375, 1018.4863891601562, 615.8335571289062, 1113.945556640625]",1
frame_0025.png,extras,large power bank,rectangular battery box,rectangular battery box.,0.18,0.18,8,0.4305,"[499.022705078125, 1018.614990234375, 616.8118286132812, 1114.2840576171875]",1
frame_0025.png,extras,meeting table set,meeting table set,meeting table set.,0.2,0.2,1,0.5601,"[148.0640106201172, 852.0135498046875, 796.0654907226562, 1091.0540771484375]",1
frame_0025.png,extras,meeting table set,large meeting table,large meeting table.,0.2,0.2,1,0.7158,"[149.6620635986328, 917.5709228515625, 784.5712890625, 1071.7635498046875]",1
frame_0025.png,extras,meeting table set,conference table,conference table.,0.2,0.2,2,0.5682,"[154.43174743652344, 929.2903442382812, 776.699951171875, 1064.5543212890625]",1
frame_0025.png,extras,meeting table set,long table with chairs,long table with chairs.,0.2,0.2,3,0.4513,"[147.3115692138672, 844.9788208007812, 805.82080078125, 1075.47216796875]",1
frame_0025.png,extras,meeting table set,office meeting table,office meeting table.,0.2,0.2,2,0.5319,"[153.22874450683594, 927.3074340820312, 777.348876953125, 1067.0]",1
frame_0025.png,extras,meeting table set,long rectangular table,long rectangular table.,0.2,0.2,1,0.6677,"[151.71676635742188, 925.6353149414062, 784.0667724609375, 1066.3399658203125]",1
frame_0025.png,extras,plant pot,plant pot,plant pot.,0.2,0.2,1,0.349,"[236.80665588378906, 992.9111328125, 332.9497375488281, 1091.0340576171875]",1
frame_0025.png,extras,plant pot,potted plant in plastic pot,potted plant in plastic pot.,0.2,0.2,6,0.4391,"[228.75726318359375, 977.460693359375, 338.6246643066406, 1097.541748046875]",1
frame_0025.png,extras,plant pot,potted plant,potted plant.,0.2,0.2,4,0.2837,"[236.19790649414062, 992.375, 333.57208251953125, 1091.189697265625]",1
frame_0025.png,extras,plant pot,indoor potted plant,indoor potted plant.,0.2,0.2,2,0.2836,"[236.00999450683594, 987.20849609375, 334.79248046875, 1092.6676025390625]",1
frame_0025.png,extras,plant pot,flower pot,flower pot.,0.2,0.2,3,0.5534,"[236.95004272460938, 992.5515747070312, 332.3480529785156, 1090.9879150390625]",1
frame_0025.png,extras,plant pot,plastic plant pot,plastic plant pot.,0.2,0.2,2,0.4787,"[235.2556915283203, 988.890380859375, 333.903564453125, 1093.229736328125]",1
frame_0025.png,extras,shoes,shoes,shoes.,0.18,0.18,5,0.4933,"[1153.122802734375, 1663.4910888671875, 1694.020751953125, 1857.1968994140625]",1
frame_0025.png,extras,shoes,pair of indoor shoes,pair of indoor shoes.,0.18,0.18,8,0.4415,"[1142.4022216796875, 1649.3995361328125, 1700.8349609375, 1854.6920166015625]",1
frame_0025.png,extras,shoes,indoor shoes,indoor shoes.,0.18,0.18,9,0.505,"[1151.8775634765625, 1662.0909423828125, 1695.31396484375, 1857.496826171875]",1
frame_0025.png,extras,shoes,pair of shoes,pair of shoes.,0.18,0.18,9,0.4327,"[1141.7071533203125, 1648.6597900390625, 1700.3330078125, 1855.4239501953125]",1
frame_0025.png,extras,shoes,sneakers,sneakers.,0.18,0.18,3,0.3493,"[1154.1041259765625, 1663.9542236328125, 1693.5487060546875, 1856.9173583984375]",1
frame_0025.png,extras,shoes,slippers,slippers.,0.18,0.18,1,0.2848,"[1154.2584228515625, 1664.208251953125, 1693.8480224609375, 1856.479736328125]",1
frame_0025.png,extras,shoes,shoe pair on floor,shoe pair on floor.,0.18,0.18,7,0.6448,"[10.057382583618164, 1025.25537109375, 2868.93359375, 1846.87451171875]",1
frame_0025.png,extras,trash bin,trash bin,trash bin.,0.2,0.2,0,0.0,,0
frame_0025.png,extras,trash bin,indoor trash bin,indoor trash bin.,0.2,0.2,4,0.4796,"[235.36781311035156, 988.6471557617188, 333.56524658203125, 1092.938232421875]",1
frame_0025.png,extras,trash bin,garbage bin,garbage bin.,0.2,0.2,3,0.3717,"[236.39097595214844, 990.1687622070312, 333.031494140625, 1092.569091796875]",1
frame_0025.png,extras,trash bin,waste bin,waste bin.,0.2,0.2,3,0.4134,"[236.15228271484375, 989.8607788085938, 333.22882080078125, 1092.73193359375]",1
frame_0025.png,extras,trash bin,recycling bin,recycling bin.,0.2,0.2,4,0.4521,"[235.94302368164062, 990.2635498046875, 333.2611083984375, 1092.59765625]",1
frame_0025.png,extras,trash bin,small trash can,small trash can.,0.2,0.2,1,0.6901,"[230.79031372070312, 981.6995239257812, 337.53912353515625, 1096.6038818359375]",1
frame_0025.png,extras,vacuum cleaner,vacuum cleaner,vacuum cleaner.,0.2,0.2,4,0.4598,"[1054.2845458984375, 793.1013793945312, 1132.9373779296875, 1052.9534912109375]",1
frame_0025.png,extras,vacuum cleaner,upright vacuum cleaner,upright vacuum cleaner.,0.2,0.2,3,0.4523,"[1708.24755859375, 780.997802734375, 1820.4437255859375, 1061.1744384765625]",1
frame_0025.png,extras,vacuum cleaner,stick vacuum,stick vacuum.,0.2,0.2,1,0.2124,"[1056.366943359375, 795.2969970703125, 1130.6201171875, 1049.9879150390625]",1
frame_0025.png,extras,vacuum cleaner,household vacuum,household vacuum.,0.2,0.2,7,0.4712,"[1055.2431640625, 794.6359252929688, 1131.2886962890625, 1051.5577392578125]",1
frame_0025.png,extras,vacuum cleaner,robot vacuum,robot vacuum.,0.2,0.2,4,0.3048,"[1711.86083984375, 783.6005859375, 1817.9097900390625, 1059.435791015625]",1
frame_0025.png,extras,vacuum cleaner,cordless vacuum cleaner,cordless vacuum cleaner.,0.2,0.2,4,0.4585,"[1708.9200439453125, 782.3369750976562, 1823.6104736328125, 1062.0748291015625]",1
frame_0026.png,production,meeting table set,ALL_GROUP,meeting table. conference table. table with chairs. meeting table set.,0.32,0.32,1,0.3727,"[3.783717155456543, 817.9258422851562, 488.1109619140625, 1098.54931640625]",1
frame_0026.png,production,chair,ALL_GROUP,chair. chairs. armless chair.,0.36,0.36,5,0.436,"[226.89219665527344, 835.9944458007812, 477.0061950683594, 1091.7572021484375]",1
frame_0026.png,production,bench,ALL_GROUP,bench. metal bench. waiting bench.,0.34,0.34,1,0.4022,"[228.6301727294922, 836.437255859375, 477.7490234375, 1090.5509033203125]",1
frame_0026.png,production,cardboard box+plant pot+shoes,ALL_GROUP,cardboard box. brown cardboard box. cardboard package. plant pot. potted plant. flower pot. indoor plant pot. shoes. pair of shoes. footwear. black shoes.,0.3,0.3,0,0.0,,0
frame_0026.png,production,trash bin+vacuum cleaner,ALL_GROUP,trash bin. trash can. waste bin. recycling bin. row of trash bins. vacuum cleaner. upright vacuum cleaner. cordless vacuum. floor cleaner.,0.25,0.25,2,0.3488,"[1036.65966796875, 772.9163208007812, 1623.6759033203125, 1089.50537109375]",1
frame_0026.png,production,large power bank,ALL_GROUP,large power bank. portable power station. battery pack. power bank.,0.28,0.28,1,0.3832,"[1036.3839111328125, 771.1582641601562, 1626.1866455078125, 1091.4468994140625]",1
frame_0026.png,production,door,ALL_GROUP,door. doors. dark door. elevator sliding door. sliding door.,0.26,0.26,5,0.3537,"[1039.03173828125, 775.9287109375, 1621.411865234375, 1088.7025146484375]",1
frame_0026.png,production,electric vehicle,ALL_GROUP,electric vehicle. small electric vehicle. mobility scooter. scooter.,0.28,0.28,0,0.0,,0
frame_0026.png,extras,bench,bench,bench.,0.2,0.2,1,0.2051,"[1.6825389862060547, 1739.7464599609375, 432.57073974609375, 1857.16845703125]",1
frame_0026.png,extras,bench,metal bench,metal bench.,0.2,0.2,6,0.3151,"[228.75515747070312, 834.7700805664062, 478.7449645996094, 1090.8154296875]",1
frame_0026.png,extras,bench,waiting bench,waiting bench.,0.2,0.2,5,0.383,"[230.59869384765625, 837.4485473632812, 477.1116943359375, 1089.0345458984375]",1
frame_0026.png,extras,bench,long bench,long bench.,0.2,0.2,5,0.326,"[2258.625732421875, 1670.501708984375, 2878.03564453125, 1853.3194580078125]",1
frame_0026.png,extras,bench,indoor bench,indoor bench.,0.2,0.2,7,0.2766,"[1.907501220703125, 831.90283203125, 475.97576904296875, 1091.0821533203125]",1
frame_0026.png,extras,cardboard box,cardboard box,cardboard box.,0.2,0.2,3,0.3544,"[1618.814453125, 963.586669921875, 1733.957763671875, 1087.3779296875]",1
frame_0026.png,extras,cardboard box,brown cardboard box,brown cardboard box.,0.2,0.2,3,0.4662,"[1617.56005859375, 961.0182495117188, 1736.5992431640625, 1089.0234375]",1
frame_0026.png,extras,cardboard box,shipping box,shipping box.,0.2,0.2,3,0.4562,"[1040.753173828125, 775.8336181640625, 1620.2467041015625, 1087.4757080078125]",1
frame_0026.png,extras,cardboard box,package box,package box.,0.2,0.2,3,0.2928,"[20.034347534179688, 1047.4739990234375, 162.53692626953125, 1180.1510009765625]",1
frame_0026.png,extras,cardboard box,stacked box,stacked box.,0.2,0.2,3,0.3512,"[1040.269775390625, 775.4721069335938, 1620.7762451171875, 1087.6884765625]",1
frame_0026.png,extras,cardboard box,box,box.,0.2,0.2,2,0.3836,"[20.908092498779297, 1050.30419921875, 160.86572265625, 1178.5697021484375]",1
frame_0026.png,extras,chair,chair,chair.,0.2,0.2,8,0.4229,"[225.15451049804688, 839.1702880859375, 474.5583190917969, 1090.0758056640625]",1
frame_0026.png,extras,chair,armless chair,armless chair.,0.2,0.2,4,0.5148,"[229.8263397216797, 835.5962524414062, 477.460205078125, 1088.817626953125]",1
frame_0026.png,extras,chair,office chair,office chair.,0.2,0.2,5,0.5572,"[226.681640625, 837.0076293945312, 475.9634704589844, 1090.72021484375]",1
frame_0026.png,extras,chair,swivel chair,swivel chair.,0.2,0.2,4,0.5304,"[227.8831329345703, 835.4932250976562, 477.5577392578125, 1090.505615234375]",1
frame_0026.png,extras,chair,rolling chair,rolling chair.,0.2,0.2,5,0.4913,"[228.3837432861328, 836.4620361328125, 476.3699035644531, 1089.927001953125]",1
frame_0026.png,extras,chair,stool chair,stool chair.,0.2,0.2,9,0.5171,"[228.44361877441406, 837.7386474609375, 475.4616394042969, 1089.4801025390625]",1
frame_0026.png,extras,door,door,door.,0.2,0.2,8,0.3428,"[1043.5263671875, 864.189208984375, 1158.716552734375, 1083.47412109375]",1
frame_0026.png,extras,door,dark door surface,dark door surface.,0.2,0.2,2,0.5157,"[1999.009765625, 6.06612491607666, 2872.166015625, 1351.7530517578125]",1
frame_0026.png,extras,door,wooden door,wooden door.,0.2,0.2,7,0.3231,"[1038.16650390625, 775.7837524414062, 1622.5791015625, 1088.362548828125]",1
frame_0026.png,extras,door,closed door,closed door.,0.2,0.2,8,0.3916,"[1039.6080322265625, 775.5579223632812, 1621.7962646484375, 1088.0799560546875]",1
frame_0026.png,extras,door,interior door,interior door.,0.2,0.2,14,0.3772,"[1039.7093505859375, 776.7750854492188, 1621.0985107421875, 1087.0933837890625]",1
frame_0026.png,extras,electric vehicle,electric vehicle,electric vehicle.,0.2,0.2,4,0.3288,"[1147.8380126953125, 1656.3629150390625, 1699.0465087890625, 1857.560546875]",1
frame_0026.png,extras,electric vehicle,small electric vehicle,small electric vehicle.,0.2,0.2,2,0.5641,"[1143.1817626953125, 1647.396240234375, 1701.149169921875, 1854.7760009765625]",1
frame_0026.png,extras,electric vehicle,electric cart,electric cart.,0.2,0.2,0,0.0,,0
frame_0026.png,extras,electric vehicle,small electric cart,small electric cart.,0.2,0.2,5,0.432,"[1599.0030517578125, 760.1863403320312, 1739.6600341796875, 1090.8369140625]",1
frame_0026.png,extras,electric vehicle,compact electric car,compact electric car.,0.2,0.2,2,0.4838,"[1146.283447265625, 1652.3651123046875, 1699.5849609375, 1854.85205078125]",1
frame_0026.png,extras,electric vehicle,indoor electric vehicle,indoor electric vehicle.,0.2,0.2,7,0.441,"[5.939397811889648, 4.153931617736816, 2872.268310546875, 1852.296630859375]",1
frame_0026.png,extras,electric vehicle,robot platform,robot platform.,0.2,0.2,5,0.5624,"[1038.336181640625, 772.0252685546875, 1627.049072265625, 1088.739990234375]",1
frame_0026.png,extras,large power bank,large power bank,large power bank.,0.18,0.18,1,0.655,"[1034.80908203125, 767.7003173828125, 1628.87939453125, 1091.66162109375]",1
frame_0026.png,extras,large power bank,portable power bank battery,portable power bank battery.,0.18,0.18,14,0.4276,"[1619.148681640625, 964.59033203125, 1734.678955078125, 1088.07177734375]",1
frame_0026.png,extras,large power bank,power bank,power bank.,0.18,0.18,4,0.5035,"[1039.8355712890625, 775.2046508789062, 1621.010009765625, 1088.041259765625]",1
frame_0026.png,extras,large power bank,battery pack,battery pack.,0.18,0.18,16,0.3734,"[1168.0433349609375, 784.1195678710938, 1273.9622802734375, 856.4691162109375]",1
frame_0026.png,extras,large power bank,large battery,large battery.,0.18,0.18,15,0.5021,"[1039.3033447265625, 774.8941040039062, 1621.7926025390625, 1088.6907958984375]",1
frame_0026.png,extras,large power bank,portable battery,portable battery.,0.18,0.18,19,0.3881,"[1167.748046875, 782.970703125, 1274.185546875, 856.4618530273438]",1
frame_0026.png,extras,large power bank,rectangular battery box,rectangular battery box.,0.18,0.18,13,0.3902,"[1619.599365234375, 964.4226684570312, 1734.6326904296875, 1087.41943359375]",1
frame_0026.png,extras,meeting table set,meeting table set,meeting table set.,0.2,0.2,4,0.4026,"[2.558763027191162, 827.3878173828125, 478.82537841796875, 1100.0467529296875]",1
frame_0026.png,extras,meeting table set,large meeting table,large meeting table.,0.2,0.2,1,0.6356,"[1034.869140625, 766.8737182617188, 1628.7176513671875, 1091.80126953125]",1
frame_0026.png,extras,meeting table set,conference table,conference table.,0.2,0.2,6,0.4225,"[1040.708251953125, 775.5096435546875, 1621.4287109375, 1087.286376953125]",1
frame_0026.png,extras,meeting table set,long table with chairs,long table with chairs.,0.2,0.2,9,0.4117,"[4.066421985626221, 823.0513305664062, 484.01556396484375, 1093.0504150390625]",1
frame_0026.png,extras,meeting table set,office meeting table,office meeting table.,0.2,0.2,7,0.413,"[1039.18994140625, 773.2399291992188, 1624.835693359375, 1087.880859375]",1
frame_0026.png,extras,meeting table set,long rectangular table,long rectangular table.,0.2,0.2,2,0.5068,"[1038.05029296875, 772.8218383789062, 1623.579345703125, 1089.8331298828125]",1
frame_0026.png,extras,plant pot,plant pot,plant pot.,0.2,0.2,2,0.2943,"[792.0664672851562, 764.526123046875, 892.7218017578125, 1080.2137451171875]",1
frame_0026.png,extras,plant pot,potted plant in plastic pot,potted plant in plastic pot.,0.2,0.2,2,0.5742,"[790.2286376953125, 756.090576171875, 908.5572509765625, 1087.7716064453125]",1
frame_0026.png,extras,plant pot,potted plant,potted plant.,0.2,0.2,2,0.3623,"[1606.783935546875, 766.6920776367188, 1733.103759765625, 1086.062255859375]",1
frame_0026.png,extras,plant pot,indoor potted plant,indoor potted plant.,0.2,0.2,3,0.3189,"[793.7864379882812, 762.2033081054688, 899.7885131835938, 1082.3818359375]",1
frame_0026.png,extras,plant pot,flower pot,flower pot.,0.2,0.2,2,0.2273,"[20.907299041748047, 1048.0745849609375, 160.84271240234375, 1178.8658447265625]",1
frame_0026.png,extras,plant pot,plastic plant pot,plastic plant pot.,0.2,0.2,0,0.0,,0
frame_0026.png,extras,shoes,shoes,shoes.,0.18,0.18,6,0.3908,"[792.60205078125, 1055.367431640625, 877.613037109375, 1081.178955078125]",1
frame_0026.png,extras,shoes,pair of indoor shoes,pair of indoor shoes.,0.18,0.18,5,0.4645,"[784.8770751953125, 1041.8515625, 884.3169555664062, 1089.5001220703125]",1
frame_0026.png,extras,shoes,indoor shoes,indoor shoes.,0.18,0.18,9,0.4266,"[1149.8179931640625, 1657.9189453125, 1697.737548828125, 1857.1878662109375]",1
frame_0026.png,extras,shoes,pair of shoes,pair of shoes.,0.18,0.18,9,0.5366,"[783.7362670898438, 1041.107666015625, 884.9066162109375, 1090.1348876953125]",1
frame_0026.png,extras,shoes,sneakers,sneakers.,0.18,0.18,2,0.2856,"[793.5484008789062, 1055.4154052734375, 876.5736083984375, 1079.892578125]",1
frame_0026.png,extras,shoes,slippers,slippers.,0.18,0.18,1,0.1849,"[1151.8892822265625, 1659.5364990234375, 1695.863037109375, 1856.5836181640625]",1
frame_0026.png,extras,shoes,shoe pair on floor,shoe pair on floor.,0.18,0.18,5,0.6494,"[9.457340240478516, 1053.9635009765625, 2868.63916015625, 1847.4097900390625]",1
frame_0026.png,extras,trash bin,trash bin,trash bin.,0.2,0.2,0,0.0,,0
frame_0026.png,extras,trash bin,indoor trash bin,indoor trash bin.,0.2,0.2,8,0.4234,"[1039.723388671875, 774.3269653320312, 1622.6097412109375, 1088.79736328125]",1
frame_0026.png,extras,trash bin,garbage bin,garbage bin.,0.2,0.2,8,0.2586,"[20.040225982666016, 1047.6044921875, 162.79757690429688, 1180.4322509765625]",1
frame_0026.png,extras,trash bin,waste bin,waste bin.,0.2,0.2,7,0.2789,"[20.013935089111328, 1047.7880859375, 162.9813690185547, 1180.572265625]",1
frame_0026.png,extras,trash bin,recycling bin,recycling bin.,0.2,0.2,6,0.4835,"[1040.6650390625, 776.2482299804688, 1620.801025390625, 1088.0318603515625]",1
frame_0026.png,extras,trash bin,small trash can,small trash can.,0.2,0.2,2,0.6266,"[15.106050491333008, 1041.0240478515625, 169.12474060058594, 1184.376220703125]",1
frame_0026.png,extras,vacuum cleaner,vacuum cleaner,vacuum cleaner.,0.2,0.2,4,0.4893,"[790.7203369140625, 761.0494995117188, 897.3607177734375, 1083.248779296875]",1
frame_0026.png,extras,vacuum cleaner,upright vacuum cleaner,upright vacuum cleaner.,0.2,0.2,3,0.482,"[790.8445434570312, 759.685302734375, 900.4398803710938, 1085.4490966796875]",1
frame_0026.png,extras,vacuum cleaner,stick vacuum,stick vacuum.,0.2,0.2,0,0.0,,0
frame_0026.png,extras,vacuum cleaner,household vacuum,household vacuum.,0.2,0.2,6,0.4719,"[791.4028930664062, 762.1678466796875, 896.1994018554688, 1082.177490234375]",1
frame_0026.png,extras,vacuum cleaner,robot vacuum,robot vacuum.,0.2,0.2,3,0.3022,"[790.4134521484375, 761.1439819335938, 897.9982299804688, 1083.1978759765625]",1
frame_0026.png,extras,vacuum cleaner,cordless vacuum cleaner,cordless vacuum cleaner.,0.2,0.2,4,0.4707,"[789.4697265625, 760.5665283203125, 898.9972534179688, 1084.6439208984375]",1
frame_0027.png,production,meeting table set,ALL_GROUP,meeting table. conference table. table with chairs. meeting table set.,0.32,0.32,1,0.3275,"[3.7134647369384766, 809.29931640625, 332.8056945800781, 1130.3692626953125]",1
frame_0027.png,production,chair,ALL_GROUP,chair. chairs. armless chair.,0.36,0.36,4,0.4557,"[0.5331480503082275, 825.6663818359375, 152.71424865722656, 1117.992919921875]",1
frame_0027.png,production,bench,ALL_GROUP,bench. metal bench. waiting bench.,0.34,0.34,1,0.428,"[55.17920684814453, 824.5460205078125, 324.2333679199219, 1122.5849609375]",1
frame_0027.png,production,cardboard box+plant pot+shoes,ALL_GROUP,cardboard box. brown cardboard box. cardboard package. plant pot. potted plant. flower pot. indoor plant pot. shoes. pair of shoes. footwear. black shoes.,0.3,0.3,0,0.0,,0
frame_0027.png,production,trash bin+vacuum cleaner,ALL_GROUP,trash bin. trash can. waste bin. recycling bin. row of trash bins. vacuum cleaner. upright vacuum cleaner. cordless vacuum. floor cleaner.,0.25,0.25,2,0.3845,"[949.3435668945312, 741.9614868164062, 1667.94384765625, 1129.984619140625]",1
frame_0027.png,production,large power bank,ALL_GROUP,large power bank. portable power station. battery pack. power bank.,0.28,0.28,3,0.4244,"[947.3948364257812, 738.08984375, 1672.67431640625, 1133.066162109375]",1
frame_0027.png,production,door,ALL_GROUP,door. doors. dark door. elevator sliding door. sliding door.,0.26,0.26,4,0.3363,"[951.8165893554688, 745.2160034179688, 1666.2418212890625, 1128.9932861328125]",1
frame_0027.png,production,electric vehicle,ALL_GROUP,electric vehicle. small electric vehicle. mobility scooter. scooter.,0.28,0.28,0,0.0,,0
frame_0027.png,extras,bench,bench,bench.,0.2,0.2,1,0.207,"[60.683528900146484, 828.3656616210938, 319.8630065917969, 1119.3853759765625]",1
frame_0027.png,extras,bench,metal bench,metal bench.,0.2,0.2,3,0.3974,"[55.017921447753906, 821.4869384765625, 325.42498779296875, 1121.44189453125]",1
frame_0027.png,extras,bench,waiting bench,waiting bench.,0.2,0.2,4,0.406,"[952.2733764648438, 744.3989868164062, 1670.1995849609375, 1128.5203857421875]",1
frame_0027.png,extras,bench,long bench,long bench.,0.2,0.2,2,0.3693,"[953.2702026367188, 743.9843139648438, 1666.8504638671875, 1127.5587158203125]",1
frame_0027.png,extras,bench,indoor bench,indoor bench.,0.2,0.2,4,0.3285,"[952.4950561523438, 743.54150390625, 1667.201904296875, 1126.77734375]",1
frame_0027.png,extras,cardboard box,cardboard box,cardboard box.,0.2,0.2,2,0.4474,"[1659.1654052734375, 976.8642578125, 1804.298583984375, 1127.0718994140625]",1
frame_0027.png,extras,cardboard box,brown cardboard box,brown cardboard box.,0.2,0.2,2,0.5378,"[1657.6904296875, 974.52099609375, 1806.1607666015625, 1128.3760986328125]",1
frame_0027.png,extras,cardboard box,shipping box,shipping box.,0.2,0.2,2,0.4725,"[952.8382568359375, 744.1693725585938, 1663.284423828125, 1127.584716796875]",1
frame_0027.png,extras,cardboard box,package box,package box.,0.2,0.2,2,0.4148,"[1659.0704345703125, 977.6077270507812, 1803.9073486328125, 1126.5784912109375]",1
frame_0027.png,extras,cardboard box,stacked box,stacked box.,0.2,0.2,2,0.3717,"[1659.69775390625, 978.0668334960938, 1804.219482421875, 1125.97509765625]",1
frame_0027.png,extras,cardboard box,box,box.,0.2,0.2,1,0.456,"[1659.4989013671875, 979.8258056640625, 1801.8076171875, 1125.0653076171875]",1
frame_0027.png,extras,chair,chair,chair.,0.2,0.2,4,0.573,"[55.679107666015625, 828.098876953125, 320.02679443359375, 1121.875732421875]",1
frame_0027.png,extras,chair,armless chair,armless chair.,0.2,0.2,2,0.6779,"[52.273109436035156, 824.2986450195312, 323.0741271972656, 1122.6644287109375]",1
frame_0027.png,extras,chair,office chair,office chair.,0.2,0.2,4,0.7281,"[52.63984298706055, 825.7078857421875, 321.0738220214844, 1123.4215087890625]",1
frame_0027.png,extras,chair,swivel chair,swivel chair.,0.2,0.2,2,0.6915,"[50.123897552490234, 823.9619140625, 323.5014343261719, 1123.8917236328125]",1
frame_0027.png,extras,chair,rolling chair,rolling chair.,0.2,0.2,2,0.6839,"[52.19997024536133, 824.5733642578125, 322.40618896484375, 1123.6220703125]",1
frame_0027.png,extras,chair,stool chair,stool chair.,0.2,0.2,3,0.6252,"[53.613258361816406, 826.6610717773438, 320.99755859375, 1122.41064453125]",1
frame_0027.png,extras,door,door,door.,0.2,0.2,11,0.3216,"[954.5801391601562, 745.777587890625, 1664.1370849609375, 1128.0787353515625]",1
frame_0027.png,extras,door,dark door surface,dark door surface.,0.2,0.2,1,0.5311,"[2215.45849609375, 5.815293788909912, 2873.18701171875, 1347.6641845703125]",1
frame_0027.png,extras,door,wooden door,wooden door.,0.2,0.2,6,0.3556,"[951.7021484375, 744.125732421875, 1666.7337646484375, 1128.3402099609375]",1
frame_0027.png,extras,door,closed door,closed door.,0.2,0.2,10,0.4205,"[952.4986572265625, 744.091796875, 1664.685546875, 1128.1929931640625]",1
frame_0027.png,extras,door,interior door,interior door.,0.2,0.2,9,0.438,"[952.8778076171875, 744.71826171875, 1664.989990234375, 1128.1573486328125]",1
frame_0027.png,extras,electric vehicle,electric vehicle,electric vehicle.,0.2,0.2,5,0.3208,"[1145.5028076171875, 1658.3265380859375, 1701.2431640625, 1857.7357177734375]",1
frame_0027.png,extras,electric vehicle,small electric vehicle,small electric vehicle.,0.2,0.2,5,0.5126,"[1140.8814697265625, 1650.1114501953125, 1702.820068359375, 1855.2269287109375]",1
frame_0027.png,extras,electric vehicle,electric cart,electric cart.,0.2,0.2,2,0.2492,"[660.430908203125, 735.70703125, 794.29248046875, 1117.9853515625]",1
frame_0027.png,extras,electric vehicle,small electric cart,small electric cart.,0.2,0.2,4,0.5175,"[657.3368530273438, 731.2001342773438, 799.7710571289062, 1123.942626953125]",1
frame_0027.png,extras,electric vehicle,compact electric car,compact electric car.,0.2,0.2,3,0.4308,"[1143.232421875, 1654.1519775390625, 1702.06689453125, 1855.1834716796875]",1
frame_0027.png,extras,electric vehicle,indoor electric vehicle,indoor electric vehicle.,0.2,0.2,10,0.4599,"[5.282621383666992, 4.180483818054199, 2872.477783203125, 1852.7490234375]",1
frame_0027.png,extras,electric vehicle,robot platform,robot platform.,0.2,0.2,3,0.595,"[950.4216918945312, 741.075439453125, 1671.561279296875, 1129.2176513671875]",1
frame_0027.png,extras,large power bank,large power bank,large power bank.,0.18,0.18,1,0.6756,"[946.2830200195312, 736.8047485351562, 1671.3282470703125, 1131.771728515625]",1
frame_0027.png,extras,large power bank,portable power bank battery,portable power bank battery.,0.18,0.18,9,0.5199,"[1657.7008056640625, 976.4212646484375, 1804.9052734375, 1127.9552001953125]",1
frame_0027.png,extras,large power bank,power bank,power bank.,0.18,0.18,4,0.5264,"[951.7705078125, 743.0855102539062, 1665.626953125, 1128.4647216796875]",1
frame_0027.png,extras,large power bank,battery pack,battery pack.,0.18,0.18,11,0.4277,"[1659.295654296875, 977.3748168945312, 1804.2740478515625, 1126.868896484375]",1
frame_0027.png,extras,large power bank,large battery,large battery.,0.18,0.18,8,0.5231,"[951.4376220703125, 742.3406982421875, 1666.313720703125, 1129.2537841796875]",1
frame_0027.png,extras,large power bank,portable battery,portable battery.,0.18,0.18,13,0.4416,"[1659.090576171875, 977.2264404296875, 1804.6810302734375, 1127.0531005859375]",1
frame_0027.png,extras,large power bank,rectangular battery box,rectangular battery box.,0.18,0.18,12,0.4835,"[1658.611083984375, 976.8494873046875, 1804.641357421875, 1127.4395751953125]",1
frame_0027.png,extras,meeting table set,meeting table set,meeting table set.,0.2,0.2,3,0.4707,"[948.4981079101562, 739.3733520507812, 1675.0745849609375, 1130.203857421875]",1
frame_0027.png,extras,meeting table set,large meeting table,large meeting table.,0.2,0.2,1,0.687,"[945.221435546875, 733.8070678710938, 1675.0977783203125, 1132.6339111328125]",1
frame_0027.png,extras,meeting table set,conference table,conference table.,0.2,0.2,4,0.4367,"[952.0846557617188, 742.2160034179688, 1666.2430419921875, 1127.0372314453125]",1
frame_0027.png,extras,meeting table set,long table with chairs,long table with chairs.,0.2,0.2,4,0.4223,"[942.3052368164062, 730.0663452148438, 1682.8262939453125, 1132.4617919921875]",1
frame_0027.png,extras,meeting table set,office meeting table,office meeting table.,0.2,0.2,6,0.4352,"[950.16357421875, 739.6712036132812, 1671.76806640625, 1128.484375]",1
frame_0027.png,extras,meeting table set,long rectangular table,long rectangular table.,0.2,0.2,2,0.4899,"[949.4378051757812, 740.1009521484375, 1668.55078125, 1129.1912841796875]",1
frame_0027.png,extras,plant pot,plant pot,plant pot.,0.2,0.2,1,0.3424,"[663.4165649414062, 737.5856323242188, 788.6658325195312, 1115.392578125]",1
frame_0027.png,extras,plant pot,potted plant in plastic pot,potted plant in plastic pot.,0.2,0.2,1,0.6361,"[661.3115234375, 729.6419677734375, 801.4550170898438, 1122.3641357421875]",1
frame_0027.png,extras,plant pot,potted plant,potted plant.,0.2,0.2,2,0.3653,"[663.2321166992188, 737.1085815429688, 789.224365234375, 1115.8548583984375]",1
frame_0027.png,extras,plant pot,indoor potted plant,indoor potted plant.,0.2,0.2,2,0.3896,"[663.67529296875, 735.2488403320312, 793.426025390625, 1117.0582275390625]",1
frame_0027.png,extras,plant pot,flower pot,flower pot.,0.2,0.2,2,0.2695,"[662.8262939453125, 738.2462768554688, 788.1456298828125, 1114.9854736328125]",1
frame_0027.png,extras,plant pot,plastic plant pot,plastic plant pot.,0.2,0.2,3,0.2186,"[710.4998779296875, 937.0858154296875, 769.5836181640625, 1097.03466796875]",1
frame_0027.png,extras,shoes,shoes,shoes.,0.18,0.18,6,0.3258,"[1148.4195556640625, 1660.91552734375, 1697.7142333984375, 1857.215576171875]",1
frame_0027.png,extras,shoes,pair of indoor shoes,pair of indoor shoes.,0.18,0.18,7,0.2956,"[653.1556396484375, 731.324462890625, 800.8247680664062, 1124.943359375]",1
frame_0027.png,extras,shoes,indoor shoes,indoor shoes.,0.18,0.18,13,0.4169,"[1147.06689453125, 1659.7130126953125, 1699.3221435546875, 1857.2042236328125]",1
frame_0027.png,extras,shoes,pair of shoes,pair of shoes.,0.18,0.18,13,0.287,"[1141.8553466796875, 1650.815673828125, 1701.4119873046875, 1855.091552734375]",1
frame_0027.png,extras,shoes,sneakers,sneakers.,0.18,0.18,2,0.2411,"[1147.5289306640625, 1660.8798828125, 1697.7139892578125, 1857.3399658203125]",1
frame_0027.png,extras,shoes,slippers,slippers.,0.18,0.18,2,0.2343,"[1132.6834716796875, 880.9652709960938, 1170.4371337890625, 925.6767578125]",1
frame_0027.png,extras,shoes,shoe pair on floor,shoe pair on floor.,0.18,0.18,7,0.639,"[9.864692687988281, 1078.637451171875, 2869.10888671875, 1848.0533447265625]",1
frame_0027.png,extras,trash bin,trash bin,trash bin.,0.2,0.2,0,0.0,,0
frame_0027.png,extras,trash bin,indoor trash bin,indoor trash bin.,0.2,0.2,7,0.4224,"[951.5455932617188, 741.8325805664062, 1666.7806396484375, 1129.178955078125]",1
frame_0027.png,extras,trash bin,garbage bin,garbage bin.,0.2,0.2,7,0.3256,"[1660.669189453125, 977.8600463867188, 1804.4609375, 1125.92333984375]",1
frame_0027.png,extras,trash bin,waste bin,waste bin.,0.2,0.2,7,0.3201,"[1660.6209716796875, 977.7589111328125, 1804.572998046875, 1126.0556640625]",1
frame_0027.png,extras,trash bin,recycling bin,recycling bin.,0.2,0.2,8,0.5026,"[953.240234375, 744.127197265625, 1665.46533203125, 1128.4405517578125]",1
frame_0027.png,extras,trash bin,small trash can,small trash can.,0.2,0.2,1,0.5995,"[1655.8245849609375, 968.3610229492188, 1809.5819091796875, 1131.0125732421875]",1
frame_0027.png,extras,vacuum cleaner,vacuum cleaner,vacuum cleaner.,0.2,0.2,4,0.6069,"[661.3079223632812, 734.7777099609375, 792.0628662109375, 1117.8314208984375]",1
frame_0027.png,extras,vacuum cleaner,upright vacuum cleaner,upright vacuum cleaner.,0.2,0.2,3,0.6326,"[661.7139282226562, 733.5678100585938, 793.832763671875, 1119.723876953125]",1
frame_0027.png,extras,vacuum cleaner,stick vacuum,stick vacuum.,0.2,0.2,1,0.2332,"[663.2864990234375, 737.0718994140625, 791.0559692382812, 1116.09130859375]",1
frame_0027.png,extras,vacuum cleaner,household vacuum,household vacuum.,0.2,0.2,6,0.5839,"[662.4880981445312, 735.7597045898438, 791.534912109375, 1116.8145751953125]",1
frame_0027.png,extras,vacuum cleaner,robot vacuum,robot vacuum.,0.2,0.2,5,0.4788,"[661.7311401367188, 735.1265869140625, 792.4985961914062, 1117.8094482421875]",1
frame_0027.png,extras,vacuum cleaner,cordless vacuum cleaner,cordless vacuum cleaner.,0.2,0.2,4,0.6226,"[660.4459838867188, 733.91748046875, 793.6791381835938, 1119.040283203125]",1
frame_0028.png,production,meeting table set,ALL_GROUP,meeting table. conference table. table with chairs. meeting table set.,0.32,0.32,0,0.0,,0
frame_0028.png,production,chair,ALL_GROUP,chair. chairs. armless chair.,0.36,0.36,2,0.5243,"[1.1824464797973633, 810.3240356445312, 212.46627807617188, 1140.179931640625]",1
frame_0028.png,production,bench,ALL_GROUP,bench. metal bench. waiting bench.,0.34,0.34,1,0.4226,"[1.7559564113616943, 811.4188232421875, 212.56871032714844, 1139.45068359375]",1
frame_0028.png,production,cardboard box+plant pot+shoes,ALL_GROUP,cardboard box. brown cardboard box. cardboard package. plant pot. potted plant. flower pot. indoor plant pot. shoes. pair of shoes. footwear. black shoes.,0.3,0.3,0,0.0,,0
frame_0028.png,production,trash bin+vacuum cleaner,ALL_GROUP,trash bin. trash can. waste bin. recycling bin. row of trash bins. vacuum cleaner. upright vacuum cleaner. cordless vacuum. floor cleaner.,0.25,0.25,2,0.4077,"[874.22314453125, 712.0889892578125, 1695.3131103515625, 1158.2484130859375]",1
frame_0028.png,production,large power bank,ALL_GROUP,large power bank. portable power station. battery pack. power bank.,0.28,0.28,4,0.4985,"[872.4934692382812, 708.5313720703125, 1699.32080078125, 1160.4903564453125]",1
frame_0028.png,production,door,ALL_GROUP,door. doors. dark door. elevator sliding door. sliding door.,0.26,0.26,3,0.3187,"[876.9307861328125, 714.802001953125, 1695.7352294921875, 1157.6806640625]",1
frame_0028.png,production,electric vehicle,ALL_GROUP,electric vehicle. small electric vehicle. mobility scooter. scooter.,0.28,0.28,0,0.0,,0
frame_0028.png,extras,bench,bench,bench.,0.2,0.2,1,0.2504,"[1.5806150436401367, 816.0576782226562, 207.58995056152344, 1138.156494140625]",1
frame_0028.png,extras,bench,metal bench,metal bench.,0.2,0.2,3,0.4355,"[2.2914648056030273, 810.093017578125, 213.2821807861328, 1138.5421142578125]",1
frame_0028.png,extras,bench,waiting bench,waiting bench.,0.2,0.2,4,0.4008,"[878.041748046875, 714.38671875, 1695.566650390625, 1156.528076171875]",1
frame_0028.png,extras,bench,long bench,long bench.,0.2,0.2,2,0.4218,"[878.449951171875, 713.7853393554688, 1694.3995361328125, 1156.0067138671875]",1
frame_0028.png,extras,bench,indoor bench,indoor bench.,0.2,0.2,4,0.3972,"[877.4856567382812, 713.4544067382812, 1695.541259765625, 1155.5030517578125]",1
frame_0028.png,extras,cardboard box,cardboard box,cardboard box.,0.2,0.2,1,0.4825,"[1687.1112060546875, 962.6878662109375, 1857.763916015625, 1154.880859375]",1
frame_0028.png,extras,cardboard box,brown cardboard box,brown cardboard box.,0.2,0.2,2,0.5454,"[1685.281982421875, 968.6235961914062, 1860.0528564453125, 1156.392822265625]",1
frame_0028.png,extras,cardboard box,shipping box,shipping box.,0.2,0.2,2,0.4817,"[1686.85400390625, 950.230712890625, 1859.60546875, 1153.8114013671875]",1
frame_0028.png,extras,cardboard box,package box,package box.,0.2,0.2,6,0.5186,"[1686.74560546875, 947.055419921875, 1858.8443603515625, 1154.3878173828125]",1
frame_0028.png,extras,cardboard box,stacked box,stacked box.,0.2,0.2,2,0.4132,"[877.9691772460938, 712.7071533203125, 1692.056884765625, 1156.341064453125]",1
frame_0028.png,extras,cardboard box,box,box.,0.2,0.2,2,0.4141,"[1688.129638671875, 982.8432006835938, 1853.876953125, 1152.2308349609375]",1
frame_0028.png,extras,chair,chair,chair.,0.2,0.2,3,0.7536,"[0.9150409698486328, 815.26513671875, 207.78968811035156, 1138.080322265625]",1
frame_0028.png,extras,chair,armless chair,armless chair.,0.2,0.2,1,0.8823,"[1.4626944065093994, 809.9661865234375, 212.4574737548828, 1139.28271484375]",1
frame_0028.png,extras,chair,office chair,office chair.,0.2,0.2,3,0.7723,"[0.8539509773254395, 812.2550048828125, 209.36544799804688, 1139.8309326171875]",1
frame_0028.png,extras,chair,swivel chair,swivel chair.,0.2,0.2,1,0.8163,"[1.3185524940490723, 810.1577758789062, 212.2016143798828, 1140.4849853515625]",1
frame_0028.png,extras,chair,rolling chair,rolling chair.,0.2,0.2,1,0.8699,"[1.0610926151275635, 811.1802978515625, 211.02981567382812, 1139.8287353515625]",1
frame_0028.png,extras,chair,stool chair,stool chair.,0.2,0.2,3,0.7228,"[0.8740782737731934, 813.038818359375, 208.80160522460938, 1138.6839599609375]",1
frame_0028.png,extras,door,door,door.,0.2,0.2,11,0.3238,"[879.6587524414062, 715.31396484375, 1692.6900634765625, 1156.7099609375]",1
frame_0028.png,extras,door,dark door surface,dark door surface.,0.2,0.2,1,0.4697,"[2407.21142578125, 4.331536769866943, 2873.393310546875, 1348.2435302734375]",1
frame_0028.png,extras,door,wooden door,wooden door.,0.2,0.2,8,0.4026,"[877.0360717773438, 714.5281982421875, 1693.9307861328125, 1157.3450927734375]",1
frame_0028.png,extras,door,closed door,closed door.,0.2,0.2,9,0.4375,"[877.906982421875, 713.7708129882812, 1693.60888671875, 1157.29052734375]",1
frame_0028.png,extras,door,interior door,interior door.,0.2,0.2,8,0.5126,"[878.0362548828125, 714.8124389648438, 1693.1162109375, 1157.372314453125]",1
frame_0028.png,extras,electric vehicle,electric vehicle,electric vehicle.,0.2,0.2,7,0.3112,"[1149.44921875, 1658.271484375, 1699.35791015625, 1857.5511474609375]",1
frame_0028.png,extras,electric vehicle,small electric vehicle,small electric vehicle.,0.2,0.2,6,0.3528,"[1145.9515380859375, 1651.91015625, 1700.7886962890625, 1854.9002685546875]",1
frame_0028.png,extras,electric vehicle,electric cart,electric cart.,0.2,0.2,4,0.2714,"[559.1031494140625, 709.459716796875, 714.133056640625, 1140.669921875]",1
frame_0028.png,extras,electric vehicle,small electric cart,small electric cart.,0.2,0.2,4,0.4099,"[556.7613525390625, 705.5728759765625, 719.8829345703125, 1146.0472412109375]",1
frame_0028.png,extras,electric vehicle,compact electric car,compact electric car.,0.2,0.2,5,0.3767,"[874.6167602539062, 711.571533203125, 1704.101318359375, 1157.44873046875]",1
frame_0028.png,extras,electric vehicle,indoor electric vehicle,indoor electric vehicle.,0.2,0.2,11,0.4035,"[5.450763702392578, 4.232590198516846, 2872.325439453125, 1852.19287109375]",1
frame_0028.png,extras,electric vehicle,robot platform,robot platform.,0.2,0.2,3,0.5994,"[876.4252319335938, 711.8148193359375, 1699.4066162109375, 1157.1175537109375]",1
frame_0028.png,extras,large power bank,large power bank,large power bank.,0.18,0.18,2,0.6915,"[872.4478149414062, 707.7071533203125, 1699.2725830078125, 1160.2733154296875]",1
frame_0028.png,extras,large power bank,portable power bank battery,portable power bank battery.,0.18,0.18,9,0.5299,"[1685.9669189453125, 958.4691772460938, 1856.9776611328125, 1155.3206787109375]",1
frame_0028.png,extras,large power bank,power bank,power bank.,0.18,0.18,4,0.5439,"[877.3007202148438, 712.7374877929688, 1694.4998779296875, 1156.8638916015625]",1
frame_0028.png,extras,large power bank,battery pack,battery pack.,0.18,0.18,9,0.5001,"[1686.5855712890625, 945.56640625, 1858.2943115234375, 1154.7978515625]",1
frame_0028.png,extras,large power bank,large battery,large battery.,0.18,0.18,8,0.5386,"[876.3265991210938, 712.1853637695312, 1694.4248046875, 1157.37451171875]",1
frame_0028.png,extras,large power bank,portable battery,portable battery.,0.18,0.18,10,0.4687,"[1687.1915283203125, 949.2612915039062, 1857.859619140625, 1155.0213623046875]",1
frame_0028.png,extras,large power bank,rectangular battery box,rectangular battery box.,0.18,0.18,7,0.4984,"[1686.9774169921875, 973.478759765625, 1855.866455078125, 1154.968017578125]",1
frame_0028.png,extras,meeting table set,meeting table set,meeting table set.,0.2,0.2,6,0.457,"[874.4277954101562, 710.2386474609375, 1702.3826904296875, 1157.7789306640625]",1
frame_0028.png,extras,meeting table set,large meeting table,large meeting table.,0.2,0.2,1,0.7048,"[870.4949340820312, 704.8609619140625, 1704.8701171875, 1160.546142578125]",1
frame_0028.png,extras,meeting table set,conference table,conference table.,0.2,0.2,2,0.4702,"[877.6406860351562, 711.26953125, 1695.7181396484375, 1155.4896240234375]",1
frame_0028.png,extras,meeting table set,long table with chairs,long table with chairs.,0.2,0.2,4,0.388,"[2.8548038005828857, 804.2725830078125, 218.1231231689453, 1141.180419921875]",1
frame_0028.png,extras,meeting table set,office meeting table,office meeting table.,0.2,0.2,4,0.5021,"[875.6441040039062, 709.93505859375, 1699.63720703125, 1156.853271484375]",1
frame_0028.png,extras,meeting table set,long rectangular table,long rectangular table.,0.2,0.2,2,0.5126,"[874.221435546875, 709.6168823242188, 1697.0799560546875, 1158.0670166015625]",1
frame_0028.png,extras,plant pot,plant pot,plant pot.,0.2,0.2,1,0.2816,"[560.4412841796875, 712.6600952148438, 709.2456665039062, 1137.97412109375]",1
frame_0028.png,extras,plant pot,potted plant in plastic pot,potted plant in plastic pot.,0.2,0.2,1,0.6023,"[561.6730346679688, 704.3928833007812, 723.1416625976562, 1145.2874755859375]",1
frame_0028.png,extras,plant pot,potted plant,potted plant.,0.2,0.2,1,0.3032,"[560.7760620117188, 712.277587890625, 709.8013305664062, 1138.598876953125]",1
frame_0028.png,extras,plant pot,indoor potted plant,indoor potted plant.,0.2,0.2,1,0.3696,"[561.427001953125, 709.9796142578125, 713.9488525390625, 1139.898193359375]",1
frame_0028.png,extras,plant pot,flower pot,flower pot.,0.2,0.2,1,0.2509,"[560.459228515625, 713.145751953125, 708.927734375, 1137.4044189453125]",1
frame_0028.png,extras,plant pot,plastic plant pot,plastic plant pot.,0.2,0.2,2,0.2351,"[560.6986083984375, 712.052978515625, 713.3707275390625, 1139.3431396484375]",1
frame_0028.png,extras,shoes,shoes,shoes.,0.18,0.18,12,0.4087,"[1151.7164306640625, 1660.6007080078125, 1696.796142578125, 1857.15869140625]",1
frame_0028.png,extras,shoes,pair of indoor shoes,pair of indoor shoes.,0.18,0.18,7,0.2858,"[1145.35986328125, 1650.2926025390625, 1701.54345703125, 1854.058837890625]",1
frame_0028.png,extras,shoes,indoor shoes,indoor shoes.,0.18,0.18,10,0.438,"[1150.595458984375, 1659.4346923828125, 1698.1676025390625, 1857.025390625]",1
frame_0028.png,extras,shoes,pair of shoes,pair of shoes.,0.18,0.18,14,0.3509,"[1074.5931396484375, 856.2369995117188, 1174.9835205078125, 935.2156372070312]",1
frame_0028.png,extras,shoes,sneakers,sneakers.,0.18,0.18,3,0.2665,"[1152.5577392578125, 1660.5928955078125, 1696.8243408203125, 1857.3299560546875]",1
frame_0028.png,extras,shoes,slippers,slippers.,0.18,0.18,4,0.3091,"[1083.387451171875, 868.5909423828125, 1126.763427734375, 921.5660400390625]",1
frame_0028.png,extras,shoes,shoe pair on floor,shoe pair on floor.,0.18,0.18,6,0.6475,"[9.413824081420898, 1097.37548828125, 2868.73046875, 1847.4195556640625]",1
frame_0028.png,extras,trash bin,trash bin,trash bin.,0.2,0.2,0,0.0,,0
frame_0028.png,extras,trash bin,indoor trash bin,indoor trash bin.,0.2,0.2,7,0.4264,"[1686.7935791015625, 945.0426635742188, 1863.0665283203125, 1155.2174072265625]",1
frame_0028.png,extras,trash bin,garbage bin,garbage bin.,0.2,0.2,8,0.3455,"[1688.3388671875, 942.6975708007812, 1864.6536865234375, 1154.05078125]",1
frame_0028.png,extras,trash bin,waste bin,waste bin.,0.2,0.2,7,0.3121,"[1688.3548583984375, 942.9668579101562, 1864.90625, 1154.23828125]",1
frame_0028.png,extras,trash bin,recycling bin,recycling bin.,0.2,0.2,8,0.4924,"[878.1722412109375, 713.3756713867188, 1694.1834716796875, 1156.7376708984375]",1
frame_0028.png,extras,trash bin,small trash can,small trash can.,0.2,0.2,1,0.5709,"[1683.6343994140625, 942.1639404296875, 1868.765625, 1160.245849609375]",1
frame_0028.png,extras,vacuum cleaner,vacuum cleaner,vacuum cleaner.,0.2,0.2,4,0.5941,"[559.6325073242188, 709.2171630859375, 712.279541015625, 1140.5147705078125]",1
frame_0028.png,extras,vacuum cleaner,upright vacuum cleaner,upright vacuum cleaner.,0.2,0.2,3,0.6139,"[560.0126342773438, 707.854736328125, 713.9674072265625, 1142.4427490234375]",1
frame_0028.png,extras,vacuum cleaner,stick vacuum,stick vacuum.,0.2,0.2,1,0.2406,"[561.6124877929688, 711.2479248046875, 711.5792846679688, 1138.326904296875]",1
frame_0028.png,extras,vacuum cleaner,household vacuum,household vacuum.,0.2,0.2,6,0.5923,"[560.7509765625, 710.3679809570312, 711.5444946289062, 1139.0323486328125]",1
frame_0028.png,extras,vacuum cleaner,robot vacuum,robot vacuum.,0.2,0.2,5,0.4559,"[559.894287109375, 709.116943359375, 713.0176391601562, 1140.220703125]",1
frame_0028.png,extras,vacuum cleaner,cordless vacuum cleaner,cordless vacuum cleaner.,0.2,0.2,4,0.6037,"[559.2132568359375, 708.5482788085938, 713.7604370117188, 1141.8548583984375]",1
frame_0029.png,production,meeting table set,ALL_GROUP,meeting table. conference table. table with chairs. meeting table set.,0.32,0.32,0,0.0,,0
frame_0029.png,production,chair,ALL_GROUP,chair. chairs. armless chair.,0.36,0.36,1,0.3739,"[2257.26806640625, 1673.1708984375, 2878.282470703125, 1855.8895263671875]",1
frame_0029.png,production,bench,ALL_GROUP,bench. metal bench. waiting bench.,0.34,0.34,0,0.0,,0
frame_0029.png,production,cardboard box+plant pot+shoes,ALL_GROUP,cardboard box. brown cardboard box. cardboard package. plant pot. potted plant. flower pot. indoor plant pot. shoes. pair of shoes. footwear. black shoes.,0.3,0.3,0,0.0,,0
frame_0029.png,production,trash bin+vacuum cleaner,ALL_GROUP,trash bin. trash can. waste bin. recycling bin. row of trash bins. vacuum cleaner. upright vacuum cleaner. cordless vacuum. floor cleaner.,0.25,0.25,3,0.5437,"[750.6808471679688, 651.8238525390625, 1783.22607421875, 1212.088134765625]",1
frame_0029.png,production,large power bank,ALL_GROUP,large power bank. portable power station. battery pack. power bank.,0.28,0.28,5,0.5075,"[748.596923828125, 645.419677734375, 1784.892822265625, 1215.4952392578125]",1
frame_0029.png,production,door,ALL_GROUP,door. doors. dark door. elevator sliding door. sliding door.,0.26,0.26,4,0.388,"[3.225259780883789, 348.62628173828125, 817.434326171875, 1141.72216796875]",1
frame_0029.png,production,electric vehicle,ALL_GROUP,electric vehicle. small electric vehicle. mobility scooter. scooter.,0.28,0.28,0,0.0,,0
frame_0029.png,extras,bench,bench,bench.,0.2,0.2,2,0.2894,"[2253.621826171875, 1676.0003662109375, 2878.3876953125, 1856.630859375]",1
frame_0029.png,extras,bench,metal bench,metal bench.,0.2,0.2,3,0.3916,"[2254.828369140625, 1670.50048828125, 2876.79833984375, 1852.9876708984375]",1
frame_0029.png,extras,bench,waiting bench,waiting bench.,0.2,0.2,3,0.3895,"[753.7122192382812, 654.2752075195312, 1778.7088623046875, 1209.189697265625]",1
frame_0029.png,extras,bench,long bench,long bench.,0.2,0.2,3,0.4821,"[753.8038940429688, 653.3514404296875, 1776.6807861328125, 1208.8697509765625]",1
frame_0029.png,extras,bench,indoor bench,indoor bench.,0.2,0.2,3,0.4715,"[753.2239990234375, 653.3742065429688, 1778.5543212890625, 1208.6666259765625]",1
frame_0029.png,extras,cardboard box,cardboard box,cardboard box.,0.2,0.2,1,0.4635,"[1769.5294189453125, 986.5921020507812, 1980.4459228515625, 1213.4144287109375]",1
frame_0029.png,extras,cardboard box,brown cardboard box,brown cardboard box.,0.2,0.2,2,0.5491,"[1767.598388671875, 984.5714721679688, 1982.5994873046875, 1214.558349609375]",1
frame_0029.png,extras,cardboard box,shipping box,shipping box.,0.2,0.2,3,0.4545,"[1769.555908203125, 987.6905517578125, 1979.55029296875, 1212.838623046875]",1
frame_0029.png,extras,cardboard box,package box,package box.,0.2,0.2,7,0.5047,"[1769.26123046875, 984.1260986328125, 1980.56884765625, 1213.29638671875]",1
frame_0029.png,extras,cardboard box,stacked box,stacked box.,0.2,0.2,2,0.4015,"[1770.1019287109375, 987.6736450195312, 1979.9383544921875, 1212.954833984375]",1
frame_0029.png,extras,cardboard box,box,box.,0.2,0.2,1,0.5159,"[1768.923095703125, 990.4017333984375, 1978.0595703125, 1211.962646484375]",1
frame_0029.png,extras,chair,chair,chair.,0.2,0.2,3,0.4372,"[0.8651518821716309, 1738.67431640625, 444.2908020019531, 1857.5174560546875]",1
frame_0029.png,extras,chair,armless chair,armless chair.,0.2,0.2,3,0.413,"[2257.19384765625, 1671.1595458984375, 2877.60107421875, 1852.8709716796875]",1
frame_0029.png,extras,chair,office chair,office chair.,0.2,0.2,4,0.4412,"[0.4856112599372864, 801.38623046875, 50.527923583984375, 1139.9288330078125]",1
frame_0029.png,extras,chair,swivel chair,swivel chair.,0.2,0.2,5,0.3749,"[400.5442810058594, 663.9017944335938, 596.01171875, 1179.495849609375]",1
frame_0029.png,extras,chair,rolling chair,rolling chair.,0.2,0.2,4,0.3605,"[0.5035954713821411, 799.9736328125, 53.261985778808594, 1142.600830078125]",1
frame_0029.png,extras,chair,stool chair,stool chair.,0.2,0.2,3,0.4183,"[1.7459893226623535, 1736.9901123046875, 443.55126953125, 1856.48779296875]",1
frame_0029.png,extras,door,door,door.,0.2,0.2,11,0.325,"[1167.774658203125, 812.03369140625, 1376.36572265625, 1201.8406982421875]",1
frame_0029.png,extras,door,dark door surface,dark door surface.,0.2,0.2,4,0.3368,"[2040.8765869140625, 4.957090377807617, 2493.687744140625, 1316.6300048828125]",1
frame_0029.png,extras,door,wooden door,wooden door.,0.2,0.2,7,0.3623,"[755.183349609375, 653.766357421875, 1778.56787109375, 1210.04833984375]",1
frame_0029.png,extras,door,closed door,closed door.,0.2,0.2,13,0.3628,"[1166.5928955078125, 810.772216796875, 1376.63037109375, 1202.2308349609375]",1
frame_0029.png,extras,door,interior door,interior door.,0.2,0.2,14,0.4454,"[755.4605102539062, 654.478759765625, 1778.42529296875, 1209.578857421875]",1
frame_0029.png,extras,electric vehicle,electric vehicle,electric vehicle.,0.2,0.2,7,0.2869,"[754.6477661132812, 652.5470581054688, 1795.7701416015625, 1208.7501220703125]",1
frame_0029.png,extras,electric vehicle,small electric vehicle,small electric vehicle.,0.2,0.2,6,0.4217,"[1767.177490234375, 954.70751953125, 2000.3262939453125, 1217.031494140625]",1
frame_0029.png,extras,electric vehicle,electric cart,electric cart.,0.2,0.2,5,0.3297,"[1767.652099609375, 945.2745971679688, 1994.736083984375, 1214.3502197265625]",1
frame_0029.png,extras,electric vehicle,small electric cart,small electric cart.,0.2,0.2,3,0.4818,"[1765.2265625, 943.5587158203125, 1996.31640625, 1217.7001953125]",1
frame_0029.png,extras,electric vehicle,compact electric car,compact electric car.,0.2,0.2,5,0.4223,"[751.4017333984375, 650.5132446289062, 1793.306640625, 1211.360107421875]",1
frame_0029.png,extras,electric vehicle,indoor electric vehicle,indoor electric vehicle.,0.2,0.2,8,0.363,"[753.7000732421875, 652.9790649414062, 1788.70849609375, 1209.826416015625]",1
frame_0029.png,extras,electric vehicle,robot platform,robot platform.,0.2,0.2,5,0.5741,"[751.8800048828125, 650.0737915039062, 1786.8607177734375, 1210.6064453125]",1
frame_0029.png,extras,large power bank,large power bank,large power bank.,0.18,0.18,2,0.6652,"[747.733642578125, 645.6784057617188, 1783.90625, 1213.6712646484375]",1
frame_0029.png,extras,large power bank,portable power bank battery,portable power bank battery.,0.18,0.18,8,0.5497,"[1767.931640625, 985.2869873046875, 1980.87646484375, 1214.4010009765625]",1
frame_0029.png,extras,large power bank,power bank,power bank.,0.18,0.18,5,0.5054,"[754.0901489257812, 651.9724731445312, 1777.8687744140625, 1209.953857421875]",1
frame_0029.png,extras,large power bank,battery pack,battery pack.,0.18,0.18,10,0.464,"[1769.051025390625, 981.5227661132812, 1979.900634765625, 1213.0894775390625]",1
frame_0029.png,extras,large power bank,large battery,large battery.,0.18,0.18,7,0.4482,"[1769.27685546875, 984.789306640625, 1980.9954833984375, 1213.8612060546875]",1
frame_0029.png,extras,large power bank,portable battery,portable battery.,0.18,0.18,9,0.5,"[1769.17138671875, 984.619873046875, 1980.552001953125, 1213.7755126953125]",1
frame_0029.png,extras,large power bank,rectangular battery box,rectangular battery box.,0.18,0.18,7,0.5144,"[1768.6632080078125, 986.1386108398438, 1980.7906494140625, 1214.215576171875]",1
frame_0029.png,extras,meeting table set,meeting table set,meeting table set.,0.2,0.2,5,0.4815,"[750.5189208984375, 650.1836547851562, 1785.844482421875, 1211.5462646484375]",1
frame_0029.png,extras,meeting table set,large meeting table,large meeting table.,0.2,0.2,1,0.6161,"[746.3335571289062, 645.1256713867188, 1785.58349609375, 1213.5272216796875]",1
frame_0029.png,extras,meeting table set,conference table,conference table.,0.2,0.2,4,0.3702,"[753.9946899414062, 652.6148071289062, 1778.6531982421875, 1207.938232421875]",1
frame_0029.png,extras,meeting table set,long table with chairs,long table with chairs.,0.2,0.2,4,0.3479,"[4.353139400482178, 1726.4833984375, 441.4694519042969, 1852.9539794921875]",1
frame_0029.png,extras,meeting table set,office meeting table,office meeting table.,0.2,0.2,5,0.4473,"[752.1812744140625, 650.6986694335938, 1784.1092529296875, 1209.574462890625]",1
frame_0029.png,extras,meeting table set,long rectangular table,long rectangular table.,0.2,0.2,2,0.4134,"[5.159883499145508, 1116.892333984375, 2874.533935546875, 1850.9447021484375]",1
frame_0029.png,extras,plant pot,plant pot,plant pot.,0.2,0.2,1,0.2081,"[403.3600769042969, 667.908935546875, 590.4736938476562, 1173.5343017578125]",1
frame_0029.png,extras,plant pot,potted plant in plastic pot,potted plant in plastic pot.,0.2,0.2,4,0.52,"[401.719970703125, 659.0071411132812, 600.1818237304688, 1182.92138671875]",1
frame_0029.png,extras,plant pot,potted plant,potted plant.,0.2,0.2,1,0.2244,"[403.34423828125, 667.3588256835938, 591.0137939453125, 1174.22900390625]",1
frame_0029.png,extras,plant pot,indoor potted plant,indoor potted plant.,0.2,0.2,1,0.3032,"[403.23797607421875, 665.71923828125, 592.9768676757812, 1176.22216796875]",1
frame_0029.png,extras,plant pot,flower pot,flower pot.,0.2,0.2,2,0.214,"[403.2268981933594, 668.1112060546875, 590.0443725585938, 1172.97705078125]",1
frame_0029.png,extras,plant pot,plastic plant pot,plastic plant pot.,0.2,0.2,2,0.2367,"[404.4087219238281, 667.3253173828125, 591.5374755859375, 1174.74951171875]",1
frame_0029.png,extras,shoes,shoes,shoes.,0.18,0.18,10,0.4201,"[1150.393310546875, 1658.5498046875, 1695.440185546875, 1857.2296142578125]",1
frame_0029.png,extras,shoes,pair of indoor shoes,pair of indoor shoes.,0.18,0.18,9,0.3147,"[392.5751953125, 659.3115234375, 598.285888671875, 1186.7115478515625]",1
frame_0029.png,extras,shoes,indoor shoes,indoor shoes.,0.18,0.18,8,0.4419,"[1149.2139892578125, 1656.921875, 1696.425048828125, 1857.0054931640625]",1
frame_0029.png,extras,shoes,pair of shoes,pair of shoes.,0.18,0.18,14,0.3715,"[996.923095703125, 833.3070068359375, 1122.0159912109375, 932.4171752929688]",1
frame_0029.png,extras,shoes,sneakers,sneakers.,0.18,0.18,4,0.2997,"[1150.567626953125, 1659.163818359375, 1695.22802734375, 1857.3536376953125]",1
frame_0029.png,extras,shoes,slippers,slippers.,0.18,0.18,6,0.3404,"[1062.7440185546875, 846.4052734375, 1114.0745849609375, 915.1254272460938]",1
frame_0029.png,extras,shoes,shoe pair on floor,shoe pair on floor.,0.18,0.18,5,0.6269,"[9.616212844848633, 1119.07666015625, 2869.72021484375, 1848.119140625]",1
frame_0029.png,extras,trash bin,trash bin,trash bin.,0.2,0.2,0,0.0,,0
frame_0029.png,extras,trash bin,indoor trash bin,indoor trash bin.,0.2,0.2,7,0.4436,"[1769.113525390625, 984.2313232421875, 1980.4522705078125, 1213.61669921875]",1
frame_0029.png,extras,trash bin,garbage bin,garbage bin.,0.2,0.2,8,0.4462,"[755.1839599609375, 655.7696533203125, 971.9334106445312, 1207.2547607421875]",1
frame_0029.png,extras,trash bin,waste bin,waste bin.,0.2,0.2,8,0.4418,"[754.8494262695312, 655.7835083007812, 971.99658203125, 1207.4091796875]",1
frame_0029.png,extras,trash bin,recycling bin,recycling bin.,0.2,0.2,9,0.4494,"[1769.1512451171875, 983.5980834960938, 1980.592041015625, 1213.4102783203125]",1
frame_0029.png,extras,trash bin,small trash can,small trash can.,0.2,0.2,1,0.5342,"[1765.530517578125, 969.85693359375, 1987.033447265625, 1217.3172607421875]",1
frame_0029.png,extras,vacuum cleaner,vacuum cleaner,vacuum cleaner.,0.2,0.2,5,0.5583,"[400.3559875488281, 664.7463989257812, 593.4288940429688, 1177.6163330078125]",1
frame_0029.png,extras,vacuum cleaner,upright vacuum cleaner,upright vacuum cleaner.,0.2,0.2,4,0.5697,"[400.23712158203125, 663.4418334960938, 595.4834594726562, 1180.035400390625]",1
frame_0029.png,extras,vacuum cleaner,stick vacuum,stick vacuum.,0.2,0.2,1,0.2675,"[403.5271911621094, 667.04736328125, 592.9351806640625, 1175.8375244140625]",1
frame_0029.png,extras,vacuum cleaner,household vacuum,household vacuum.,0.2,0.2,6,0.5781,"[401.3855895996094, 665.739990234375, 592.7144775390625, 1176.8525390625]",1
frame_0029.png,extras,vacuum cleaner,robot vacuum,robot vacuum.,0.2,0.2,4,0.4592,"[400.4173583984375, 664.892822265625, 594.0321655273438, 1177.7952880859375]",1
frame_0029.png,extras,vacuum cleaner,cordless vacuum cleaner,cordless vacuum cleaner.,0.2,0.2,5,0.5717,"[399.1909484863281, 664.0825805664062, 595.3161010742188, 1179.4334716796875]",1
frame_0030.png,production,meeting table set,ALL_GROUP,meeting table. conference table. table with chairs. meeting table set.,0.32,0.32,0,0.0,,0
frame_0030.png,production,chair,ALL_GROUP,chair. chairs. armless chair.,0.36,0.36,2,0.3807,"[352.9991455078125, 656.9563598632812, 557.5066528320312, 1196.879638671875]",1
frame_0030.png,production,bench,ALL_GROUP,bench. metal bench. waiting bench.,0.34,0.34,1,0.3585,"[710.8532104492188, 632.7059326171875, 1823.7432861328125, 1236.386474609375]",1
frame_0030.png,production,cardboard box+plant pot+shoes,ALL_GROUP,cardboard box. brown cardboard box. cardboard package. plant pot. potted plant. flower pot. indoor plant pot. shoes. pair of shoes. footwear. black shoes.,0.3,0.3,1,0.3133,"[1812.0447998046875, 991.0377197265625, 2043.992919921875, 1237.9720458984375]",1
frame_0030.png,production,trash bin+vacuum cleaner,ALL_GROUP,trash bin. trash can. waste bin. recycling bin. row of trash bins. vacuum cleaner. upright vacuum cleaner. cordless vacuum. floor cleaner.,0.25,0.25,4,0.5476,"[709.1762084960938, 628.6206665039062, 1827.6964111328125, 1238.7559814453125]",1
frame_0030.png,production,large power bank,ALL_GROUP,large power bank. portable power station. battery pack. power bank.,0.28,0.28,4,0.4819,"[351.1825256347656, 653.9351196289062, 561.5253295898438, 1200.2476806640625]",1
frame_0030.png,production,door,ALL_GROUP,door. doors. dark door. elevator sliding door. sliding door.,0.26,0.26,6,0.3925,"[2.8726673126220703, 317.7222595214844, 791.2612915039062, 1156.454833984375]",1
frame_0030.png,production,electric vehicle,ALL_GROUP,electric vehicle. small electric vehicle. mobility scooter. scooter.,0.28,0.28,0,0.0,,0
frame_0030.png,extras,bench,bench,bench.,0.2,0.2,3,0.2569,"[715.6326293945312, 634.0774536132812, 1820.718505859375, 1230.6822509765625]",1
frame_0030.png,extras,bench,metal bench,metal bench.,0.2,0.2,2,0.5215,"[709.2561645507812, 629.107666015625, 1827.45068359375, 1236.151611328125]",1
frame_0030.png,extras,bench,waiting bench,waiting bench.,0.2,0.2,2,0.4869,"[712.5721435546875, 633.5903930664062, 1824.3089599609375, 1235.6976318359375]",1
frame_0030.png,extras,bench,long bench,long bench.,0.2,0.2,2,0.5702,"[712.6903686523438, 632.34375, 1822.3604736328125, 1235.5079345703125]",1
frame_0030.png,extras,bench,indoor bench,indoor bench.,0.2,0.2,2,0.5709,"[711.9158935546875, 631.322021484375, 1823.7637939453125, 1234.549560546875]",1
frame_0030.png,extras,cardboard box,cardboard box,cardboard box.,0.2,0.2,1,0.6187,"[1811.79345703125, 990.6366577148438, 2042.3741455078125, 1237.5806884765625]",1
frame_0030.png,extras,cardboard box,brown cardboard box,brown cardboard box.,0.2,0.2,1,0.6483,"[1809.8328857421875, 988.04052734375, 2044.583984375, 1238.8309326171875]",1
frame_0030.png,extras,cardboard box,shipping box,shipping box.,0.2,0.2,2,0.5391,"[1812.194091796875, 992.24072265625, 2041.512451171875, 1236.90771484375]",1
frame_0030.png,extras,cardboard box,package box,package box.,0.2,0.2,7,0.5922,"[1811.851806640625, 990.5230102539062, 2042.0806884765625, 1237.4622802734375]",1
frame_0030.png,extras,cardboard box,stacked box,stacked box.,0.2,0.2,2,0.4743,"[1812.7657470703125, 992.1578369140625, 2041.9337158203125, 1236.7830810546875]",1
frame_0030.png,extras,cardboard box,box,box.,0.2,0.2,1,0.6339,"[1812.4805908203125, 994.0231323242188, 2039.5416259765625, 1235.4891357421875]",1
frame_0030.png,extras,chair,chair,chair.,0.2,0.2,4,0.3815,"[2253.54296875, 1674.781494140625, 2878.520263671875, 1856.7139892578125]",1
frame_0030.png,extras,chair,armless chair,armless chair.,0.2,0.2,3,0.4164,"[351.2779235839844, 654.5526123046875, 559.0563354492188, 1198.513916015625]",1
frame_0030.png,extras,chair,office chair,office chair.,0.2,0.2,4,0.5218,"[352.08538818359375, 655.6287841796875, 556.049560546875, 1196.387451171875]",1
frame_0030.png,extras,chair,swivel chair,swivel chair.,0.2,0.2,2,0.5061,"[351.1154479980469, 654.3204345703125, 558.8203735351562, 1199.0498046875]",1
frame_0030.png,extras,chair,rolling chair,rolling chair.,0.2,0.2,3,0.5497,"[351.8567199707031, 654.8341674804688, 557.591064453125, 1198.057373046875]",1
frame_0030.png,extras,chair,stool chair,stool chair.,0.2,0.2,3,0.3858,"[352.38446044921875, 657.2630004882812, 555.1683959960938, 1195.1983642578125]",1
frame_0030.png,extras,door,door,door.,0.2,0.2,11,0.3146,"[1158.181396484375, 800.598876953125, 1385.63720703125, 1228.1376953125]",1
frame_0030.png,extras,door,dark door surface,dark door surface.,0.2,0.2,3,0.3595,"[708.9901733398438, 625.350830078125, 1846.1298828125, 1236.9327392578125]",1
frame_0030.png,extras,door,wooden door,wooden door.,0.2,0.2,7,0.3625,"[712.091796875, 631.939208984375, 1821.9671630859375, 1235.61669921875]",1
frame_0030.png,extras,door,closed door,closed door.,0.2,0.2,13,0.3607,"[4.056572914123535, 316.855712890625, 781.512939453125, 1154.15283203125]",1
frame_0030.png,extras,door,interior door,interior door.,0.2,0.2,14,0.4517,"[3.0243301391601562, 316.0575256347656, 783.4030151367188, 1153.9443359375]",1
frame_0030.png,extras,electric vehicle,electric vehicle,electric vehicle.,0.2,0.2,8,0.3124,"[713.0253295898438, 630.666259765625, 1838.2918701171875, 1234.5928955078125]",1
frame_0030.png,extras,electric vehicle,small electric vehicle,small electric vehicle.,0.2,0.2,6,0.3159,"[707.2749633789062, 624.7969360351562, 1844.147216796875, 1238.4420166015625]",1
frame_0030.png,extras,electric vehicle,electric cart,electric cart.,0.2,0.2,4,0.3768,"[350.4059753417969, 654.8555908203125, 557.4400024414062, 1198.2962646484375]",1
frame_0030.png,extras,electric vehicle,small electric cart,small electric cart.,0.2,0.2,2,0.5507,"[347.1458740234375, 649.85302734375, 563.3621826171875, 1203.8677978515625]",1
frame_0030.png,extras,electric vehicle,compact electric car,compact electric car.,0.2,0.2,4,0.4262,"[710.0676879882812, 630.2659301757812, 1835.003173828125, 1237.1456298828125]",1
frame_0030.png,extras,electric vehicle,indoor electric vehicle,indoor electric vehicle.,0.2,0.2,13,0.4018,"[712.6299438476562, 630.4711303710938, 1837.564697265625, 1235.8538818359375]",1
frame_0030.png,extras,electric vehicle,robot platform,robot platform.,0.2,0.2,5,0.5185,"[711.7125854492188, 628.347412109375, 1826.1483154296875, 1235.47607421875]",1
frame_0030.png,extras,large power bank,large power bank,large power bank.,0.18,0.18,3,0.5808,"[707.1657104492188, 623.9859008789062, 1825.8192138671875, 1238.7657470703125]",1
frame_0030.png,extras,large power bank,portable power bank battery,portable power bank battery.,0.18,0.18,9,0.6,"[1810.564208984375, 989.820556640625, 2042.1220703125, 1238.235595703125]",1
frame_0030.png,extras,large power bank,power bank,power bank.,0.18,0.18,5,0.5012,"[712.037109375, 628.631103515625, 1820.8060302734375, 1235.6236572265625]",1
frame_0030.png,extras,large power bank,battery pack,battery pack.,0.18,0.18,10,0.5519,"[1811.7208251953125, 990.1449584960938, 2041.649658203125, 1237.3466796875]",1
frame_0030.png,extras,large power bank,large battery,large battery.,0.18,0.18,8,0.4644,"[1811.92724609375, 990.17822265625, 2042.4573974609375, 1237.7637939453125]",1
frame_0030.png,extras,large power bank,portable battery,portable battery.,0.18,0.18,10,0.5239,"[1812.0972900390625, 990.3148803710938, 2041.8170166015625, 1237.51708984375]",1
frame_0030.png,extras,large power bank,rectangular battery box,rectangular battery box.,0.18,0.18,7,0.5865,"[1811.527099609375, 989.9856567382812, 2042.468994140625, 1238.04638671875]",1
frame_0030.png,extras,meeting table set,meeting table set,meeting table set.,0.2,0.2,6,0.4751,"[709.7855224609375, 628.364501953125, 1829.599609375, 1236.7867431640625]",1
frame_0030.png,extras,meeting table set,large meeting table,large meeting table.,0.2,0.2,2,0.5925,"[706.5213012695312, 624.1655883789062, 1828.8104248046875, 1238.7607421875]",1
frame_0030.png,extras,meeting table set,conference table,conference table.,0.2,0.2,4,0.3929,"[712.8831176757812, 629.8361206054688, 1822.6107177734375, 1233.7889404296875]",1
frame_0030.png,extras,meeting table set,long table with chairs,long table with chairs.,0.2,0.2,5,0.3462,"[4.109337329864502, 1726.0791015625, 440.83294677734375, 1852.972900390625]",1
frame_0030.png,extras,meeting table set,office meeting table,office meeting table.,0.2,0.2,5,0.4569,"[711.327392578125, 628.4176025390625, 1827.025634765625, 1235.431396484375]",1
frame_0030.png,extras,meeting table set,long rectangular table,long rectangular table.,0.2,0.2,2,0.4097,"[709.4586181640625, 628.4526977539062, 1824.0997314453125, 1236.3739013671875]",1
frame_0030.png,extras,plant pot,plant pot,plant pot.,0.2,0.2,1,0.2315,"[352.5979309082031, 658.1746215820312, 554.70703125, 1194.67822265625]",1
frame_0030.png,extras,plant pot,potted plant in plastic pot,potted plant in plastic pot.,0.2,0.2,1,0.5667,"[350.02783203125, 648.748046875, 563.5908203125, 1202.08837890625]",1
frame_0030.png,extras,plant pot,potted plant,potted plant.,0.2,0.2,1,0.2469,"[352.5408935546875, 657.8507690429688, 555.0083618164062, 1195.633056640625]",1
frame_0030.png,extras,plant pot,indoor potted plant,indoor potted plant.,0.2,0.2,1,0.3007,"[352.39862060546875, 655.7415161132812, 556.431640625, 1196.263916015625]",1
frame_0030.png,extras,plant pot,flower pot,flower pot.,0.2,0.2,1,0.2133,"[352.4888610839844, 658.2245483398438, 554.2962036132812, 1194.064208984375]",1
frame_0030.png,extras,plant pot,plastic plant pot,plastic plant pot.,0.2,0.2,2,0.227,"[352.6125183105469, 657.2814331054688, 555.6238403320312, 1194.9290771484375]",1
frame_0030.png,extras,shoes,shoes,shoes.,0.18,0.18,10,0.4246,"[1151.9434814453125, 1657.9556884765625, 1697.24658203125, 1857.1903076171875]",1
frame_0030.png,extras,shoes,pair of indoor shoes,pair of indoor shoes.,0.18,0.18,10,0.3236,"[342.79949951171875, 649.1060791015625, 562.8798217773438, 1205.8212890625]",1
frame_0030.png,extras,shoes,indoor shoes,indoor shoes.,0.18,0.18,8,0.437,"[1150.7911376953125, 1656.4423828125, 1698.447998046875, 1857.0074462890625]",1
frame_0030.png,extras,shoes,pair of shoes,pair of shoes.,0.18,0.18,13,0.3227,"[1146.5994873046875, 1647.856201171875, 1700.3084716796875, 1854.73779296875]",1
frame_0030.png,extras,shoes,sneakers,sneakers.,0.18,0.18,4,0.3024,"[1152.720947265625, 1658.59912109375, 1696.4974365234375, 1857.306640625]",1
frame_0030.png,extras,shoes,slippers,slippers.,0.18,0.18,4,0.3139,"[1041.278564453125, 838.5640258789062, 1098.1944580078125, 914.0023193359375]",1
frame_0030.png,extras,shoes,shoe pair on floor,shoe pair on floor.,0.18,0.18,5,0.6083,"[9.781694412231445, 1133.3211669921875, 2869.85009765625, 1847.8431396484375]",1
frame_0030.png,extras,trash bin,trash bin,trash bin.,0.2,0.2,0,0.0,,0
frame_0030.png,extras,trash bin,indoor trash bin,indoor trash bin.,0.2,0.2,7,0.4342,"[712.1429443359375, 634.9686889648438, 945.3641967773438, 1232.3924560546875]",1
frame_0030.png,extras,trash bin,garbage bin,garbage bin.,0.2,0.2,7,0.4395,"[713.2234497070312, 635.3674926757812, 945.8883666992188, 1232.2607421875]",1
frame_0030.png,extras,trash bin,waste bin,waste bin.,0.2,0.2,7,0.4293,"[713.0919799804688, 635.4730224609375, 945.7685546875, 1232.496826171875]",1
frame_0030.png,extras,trash bin,recycling bin,recycling bin.,0.2,0.2,8,0.4405,"[713.0447387695312, 629.3587036132812, 1822.4625244140625, 1235.80419921875]",1
frame_0030.png,extras,trash bin,small trash can,small trash can.,0.2,0.2,3,0.4612,"[1808.5098876953125, 979.4905395507812, 2048.14208984375, 1240.6669921875]",1
frame_0030.png,extras,vacuum cleaner,vacuum cleaner,vacuum cleaner.,0.2,0.2,2,0.5853,"[351.02001953125, 654.7435913085938, 556.5755004882812, 1197.4564208984375]",1
frame_0030.png,extras,vacuum cleaner,upright vacuum cleaner,upright vacuum cleaner.,0.2,0.2,2,0.6168,"[350.5686340332031, 653.1555786132812, 558.3246459960938, 1199.4658203125]",1
frame_0030.png,extras,vacuum cleaner,stick vacuum,stick vacuum.,0.2,0.2,1,0.3474,"[352.7647705078125, 656.8912963867188, 555.9381713867188, 1196.169677734375]",1
frame_0030.png,extras,vacuum cleaner,household vacuum,household vacuum.,0.2,0.2,5,0.6082,"[352.123779296875, 655.517578125, 555.9808349609375, 1196.6490478515625]",1
frame_0030.png,extras,vacuum cleaner,robot vacuum,robot vacuum.,0.2,0.2,5,0.5185,"[351.0751647949219, 654.590087890625, 557.084228515625, 1197.605224609375]",1
frame_0030.png,extras,vacuum cleaner,cordless vacuum cleaner,cordless vacuum cleaner.,0.2,0.2,3,0.6061,"[350.035400390625, 653.8516235351562, 558.5341186523438, 1199.1258544921875]",1
frame_0031.png,production,meeting table set,ALL_GROUP,meeting table. conference table. table with chairs. meeting table set.,0.32,0.32,1,0.3734,"[4.339535236358643, 798.7444458007812, 444.0057678222656, 1155.9755859375]",1
frame_0031.png,production,chair,ALL_GROUP,chair. chairs. armless chair.,0.36,0.36,1,0.4234,"[1.5893912315368652, 816.0968017578125, 433.388671875, 1146.6505126953125]",1
frame_0031.png,production,bench,ALL_GROUP,bench. metal bench. waiting bench.,0.34,0.34,1,0.3879,"[134.87692260742188, 815.438720703125, 434.1602783203125, 1145.0728759765625]",1
frame_0031.png,production,cardboard box+plant pot+shoes,ALL_GROUP,cardboard box. brown cardboard box. cardboard package. plant pot. potted plant. flower pot. indoor plant pot. shoes. pair of shoes. footwear. black shoes.,0.3,0.3,0,0.0,,0
frame_0031.png,production,trash bin+vacuum cleaner,ALL_GROUP,trash bin. trash can. waste bin. recycling bin. row of trash bins. vacuum cleaner. upright vacuum cleaner. cordless vacuum. floor cleaner.,0.25,0.25,4,0.4379,"[1041.291259765625, 584.955078125, 2283.639404296875, 1279.38330078125]",1
frame_0031.png,production,large power bank,ALL_GROUP,large power bank. portable power station. battery pack. power bank.,0.28,0.28,3,0.4783,"[2266.040283203125, 1002.9244384765625, 2560.32470703125, 1311.408447265625]",1
frame_0031.png,production,door,ALL_GROUP,door. doors. dark door. elevator sliding door. sliding door.,0.26,0.26,3,0.3341,"[403.4273986816406, 332.9035339355469, 1082.4202880859375, 1147.114990234375]",1
frame_0031.png,production,electric vehicle,ALL_GROUP,electric vehicle. small electric vehicle. mobility scooter. scooter.,0.28,0.28,0,0.0,,0
frame_0031.png,extras,bench,bench,bench.,0.2,0.2,5,0.3337,"[1.0678625106811523, 818.4107666015625, 430.0302734375, 1143.486328125]",1
frame_0031.png,extras,bench,metal bench,metal bench.,0.2,0.2,5,0.3665,"[3.6085152626037598, 812.911865234375, 434.9634094238281, 1147.2786865234375]",1
frame_0031.png,extras,bench,waiting bench,waiting bench.,0.2,0.2,3,0.3328,"[1044.5347900390625, 593.3650512695312, 2277.280517578125, 1275.8433837890625]",1
frame_0031.png,extras,bench,long bench,long bench.,0.2,0.2,2,0.4601,"[1045.1812744140625, 592.7661743164062, 2275.66748046875, 1275.15771484375]",1
frame_0031.png,extras,bench,indoor bench,indoor bench.,0.2,0.2,6,0.3614,"[1044.431396484375, 592.1454467773438, 2276.15673828125, 1274.7843017578125]",1
frame_0031.png,extras,cardboard box,cardboard box,cardboard box.,0.2,0.2,1,0.4103,"[2267.95703125, 1000.6807250976562, 2560.512939453125, 1312.699951171875]",1
frame_0031.png,extras,cardboard box,brown cardboard box,brown cardboard box.,0.2,0.2,2,0.4736,"[2265.818359375, 996.949462890625, 2563.59033203125, 1314.374267578125]",1
frame_0031.png,extras,cardboard box,shipping box,shipping box.,0.2,0.2,2,0.4744,"[2266.8193359375, 1001.1196899414062, 2559.94873046875, 1312.5050048828125]",1
frame_0031.png,extras,cardboard box,package box,package box.,0.2,0.2,1,0.4427,"[2266.663818359375, 998.3551635742188, 2560.663818359375, 1313.0623779296875]",1
frame_0031.png,extras,cardboard box,stacked box,stacked box.,0.2,0.2,2,0.3951,"[2267.24072265625, 1000.8405151367188, 2560.36279296875, 1312.1748046875]",1
frame_0031.png,extras,cardboard box,box,box.,0.2,0.2,1,0.4893,"[2266.22607421875, 1003.5375366210938, 2557.317138671875, 1310.625732421875]",1
frame_0031.png,extras,chair,chair,chair.,0.2,0.2,9,0.3494,"[144.34934997558594, 817.5307006835938, 432.0350036621094, 1143.6590576171875]",1
frame_0031.png,extras,chair,armless chair,armless chair.,0.2,0.2,5,0.3719,"[1.2582510709762573, 828.335693359375, 145.59852600097656, 1116.851318359375]",1
frame_0031.png,extras,chair,office chair,office chair.,0.2,0.2,10,0.4111,"[0.46086788177490234, 829.34130859375, 143.95091247558594, 1115.4053955078125]",1
frame_0031.png,extras,chair,swivel chair,swivel chair.,0.2,0.2,5,0.3859,"[142.4796142578125, 814.27392578125, 434.2452697753906, 1145.4013671875]",1
frame_0031.png,extras,chair,rolling chair,rolling chair.,0.2,0.2,7,0.3588,"[0.9942734241485596, 829.1541137695312, 145.3019256591797, 1118.4349365234375]",1
frame_0031.png,extras,chair,stool chair,stool chair.,0.2,0.2,10,0.3793,"[0.6013780832290649, 830.0068969726562, 143.36544799804688, 1114.72265625]",1
frame_0031.png,extras,door,door,door.,0.2,0.2,11,0.3294,"[1046.785888671875, 593.1356201171875, 2275.09765625, 1273.25732421875]",1
frame_0031.png,extras,door,dark door surface,dark door surface.,0.2,0.2,2,0.3171,"[1039.4886474609375, 584.5878295898438, 2360.767822265625, 1276.3804931640625]",1
frame_0031.png,extras,door,wooden door,wooden door.,0.2,0.2,11,0.3483,"[1044.173095703125, 593.0851440429688, 2279.204833984375, 1274.1627197265625]",1
frame_0031.png,extras,door,closed door,closed door.,0.2,0.2,10,0.3283,"[1045.3582763671875, 592.2901000976562, 2276.343994140625, 1275.24462890625]",1
frame_0031.png,extras,door,interior door,interior door.,0.2,0.2,11,0.3917,"[1046.435791015625, 593.4564208984375, 2276.2080078125, 1274.5400390625]",1
frame_0031.png,extras,electric vehicle,electric vehicle,electric vehicle.,0.2,0.2,5,0.3423,"[1045.1041259765625, 586.7658081054688, 2279.599365234375, 1274.5413818359375]",1
frame_0031.png,extras,electric vehicle,small electric vehicle,small electric vehicle.,0.2,0.2,3,0.4075,"[2261.761474609375, 952.6177368164062, 2568.127197265625, 1318.6607666015625]",1
frame_0031.png,extras,electric vehicle,electric cart,electric cart.,0.2,0.2,3,0.3363,"[2264.33642578125, 944.311767578125, 2563.760986328125, 1313.71533203125]",1
frame_0031.png,extras,electric vehicle,small electric cart,small electric cart.,0.2,0.2,3,0.5223,"[2261.7666015625, 941.0222778320312, 2568.22998046875, 1318.284423828125]",1
frame_0031.png,extras,electric vehicle,compact electric car,compact electric car.,0.2,0.2,3,0.454,"[1042.481689453125, 587.8191528320312, 2281.48681640625, 1278.129150390625]",1
frame_0031.png,extras,electric vehicle,indoor electric vehicle,indoor electric vehicle.,0.2,0.2,8,0.4086,"[1043.927978515625, 586.5576171875, 2283.11669921875, 1277.348388671875]",1
frame_0031.png,extras,electric vehicle,robot platform,robot platform.,0.2,0.2,3,0.4683,"[1044.187255859375, 586.6189575195312, 2283.411865234375, 1277.073974609375]",1
frame_0031.png,extras,large power bank,large power bank,large power bank.,0.18,0.18,2,0.5966,"[1038.356689453125, 581.7496948242188, 2282.6572265625, 1280.779052734375]",1
frame_0031.png,extras,large power bank,portable power bank battery,portable power bank battery.,0.18,0.18,8,0.5781,"[2264.317626953125, 997.9420776367188, 2560.2783203125, 1314.45947265625]",1
frame_0031.png,extras,large power bank,power bank,power bank.,0.18,0.18,4,0.5079,"[1044.9954833984375, 587.7040405273438, 2275.774658203125, 1276.03564453125]",1
frame_0031.png,extras,large power bank,battery pack,battery pack.,0.18,0.18,8,0.5133,"[2264.98486328125, 995.2032470703125, 2560.06396484375, 1313.02001953125]",1
frame_0031.png,extras,large power bank,large battery,large battery.,0.18,0.18,8,0.493,"[2264.9833984375, 997.3228759765625, 2560.742919921875, 1313.84765625]",1
frame_0031.png,extras,large power bank,portable battery,portable battery.,0.18,0.18,8,0.5437,"[2265.23193359375, 997.6634521484375, 2560.033203125, 1313.90966796875]",1
frame_0031.png,extras,large power bank,rectangular battery box,rectangular battery box.,0.18,0.18,6,0.5442,"[2265.630126953125, 999.2670288085938, 2560.661865234375, 1314.00390625]",1
frame_0031.png,extras,meeting table set,meeting table set,meeting table set.,0.2,0.2,4,0.3969,"[1042.576904296875, 588.9700317382812, 2282.4423828125, 1278.401611328125]",1
frame_0031.png,extras,meeting table set,large meeting table,large meeting table.,0.2,0.2,2,0.5421,"[1039.61376953125, 585.0274658203125, 2284.27197265625, 1279.11572265625]",1
frame_0031.png,extras,meeting table set,conference table,conference table.,0.2,0.2,5,0.3408,"[1.8360042572021484, 1736.2342529296875, 428.3646545410156, 1857.0760498046875]",1
frame_0031.png,extras,meeting table set,long table with chairs,long table with chairs.,0.2,0.2,3,0.4145,"[5.148746967315674, 805.9613647460938, 438.12103271484375, 1148.0526123046875]",1
frame_0031.png,extras,meeting table set,office meeting table,office meeting table.,0.2,0.2,6,0.3401,"[1043.602783203125, 588.30908203125, 2280.16015625, 1276.0955810546875]",1
frame_0031.png,extras,meeting table set,long rectangular table,long rectangular table.,0.2,0.2,2,0.3966,"[5.94085693359375, 1085.8741455078125, 2874.488525390625, 1849.5999755859375]",1
frame_0031.png,extras,plant pot,plant pot,plant pot.,0.2,0.2,1,0.2742,"[719.2100830078125, 673.6575317382812, 897.068603515625, 1175.910400390625]",1
frame_0031.png,extras,plant pot,potted plant in plastic pot,potted plant in plastic pot.,0.2,0.2,2,0.5454,"[714.3206787109375, 667.4417114257812, 907.2476196289062, 1187.16455078125]",1
frame_0031.png,extras,plant pot,potted plant,potted plant.,0.2,0.2,1,0.2716,"[718.6524658203125, 672.895263671875, 897.2969970703125, 1177.811279296875]",1
frame_0031.png,extras,plant pot,indoor potted plant,indoor potted plant.,0.2,0.2,1,0.384,"[718.457275390625, 672.0340576171875, 900.2719116210938, 1179.4835205078125]",1
frame_0031.png,extras,plant pot,flower pot,flower pot.,0.2,0.2,2,0.25,"[2265.6826171875, 946.622802734375, 2558.314208984375, 1310.94482421875]",1
frame_0031.png,extras,plant pot,plastic plant pot,plastic plant pot.,0.2,0.2,2,0.2216,"[719.428955078125, 675.8936767578125, 898.0319213867188, 1177.4957275390625]",1
frame_0031.png,extras,shoes,shoes,shoes.,0.18,0.18,4,0.5479,"[721.0350952148438, 1138.404296875, 844.5978393554688, 1179.2081298828125]",1
frame_0031.png,extras,shoes,pair of indoor shoes,pair of indoor shoes.,0.18,0.18,3,0.5632,"[710.520751953125, 1121.9022216796875, 852.2590942382812, 1188.9522705078125]",1
frame_0031.png,extras,shoes,indoor shoes,indoor shoes.,0.18,0.18,7,0.5147,"[719.9727783203125, 1137.1868896484375, 845.567138671875, 1181.540283203125]",1
frame_0031.png,extras,shoes,pair of shoes,pair of shoes.,0.18,0.18,3,0.6146,"[708.5516357421875, 1119.49658203125, 853.7376708984375, 1190.1861572265625]",1
frame_0031.png,extras,shoes,sneakers,sneakers.,0.18,0.18,5,0.3912,"[721.8704833984375, 1139.3988037109375, 843.8817749023438, 1178.21630859375]",1
frame_0031.png,extras,shoes,slippers,slippers.,0.18,0.18,2,0.4195,"[721.6317138671875, 1141.859130859375, 844.5261840820312, 1178.71337890625]",1
frame_0031.png,extras,shoes,shoe pair on floor,shoe pair on floor.,0.18,0.18,3,0.6009,"[9.506864547729492, 1084.21533203125, 2869.18212890625, 1847.828125]",1
frame_0031.png,extras,trash bin,trash bin,trash bin.,0.2,0.2,0,0.0,,0
frame_0031.png,extras,trash bin,indoor trash bin,indoor trash bin.,0.2,0.2,7,0.5334,"[2265.93994140625, 992.6505126953125, 2561.044677734375, 1313.5216064453125]",1
frame_0031.png,extras,trash bin,garbage bin,garbage bin.,0.2,0.2,8,0.4655,"[2266.352783203125, 995.1289672851562, 2560.6865234375, 1312.9925537109375]",1
frame_0031.png,extras,trash bin,waste bin,waste bin.,0.2,0.2,8,0.4868,"[2266.071533203125, 993.937744140625, 2561.194580078125, 1313.3021240234375]",1
frame_0031.png,extras,trash bin,recycling bin,recycling bin.,0.2,0.2,8,0.448,"[2265.35693359375, 993.5203247070312, 2561.2978515625, 1312.7745361328125]",1
frame_0031.png,extras,trash bin,small trash can,small trash can.,0.2,0.2,1,0.6825,"[2263.4169921875, 980.0857543945312, 2565.728515625, 1317.839111328125]",1
frame_0031.png,extras,vacuum cleaner,vacuum cleaner,vacuum cleaner.,0.2,0.2,4,0.5354,"[717.5272827148438, 668.8784790039062, 900.9790649414062, 1180.205078125]",1
frame_0031.png,extras,vacuum cleaner,upright vacuum cleaner,upright vacuum cleaner.,0.2,0.2,2,0.5818,"[717.6406860351562, 666.9976806640625, 902.7206420898438, 1182.96630859375]",1
frame_0031.png,extras,vacuum cleaner,stick vacuum,stick vacuum.,0.2,0.2,1,0.3017,"[720.6783447265625, 671.5234985351562, 899.2871704101562, 1177.9686279296875]",1
frame_0031.png,extras,vacuum cleaner,household vacuum,household vacuum.,0.2,0.2,6,0.5392,"[718.596923828125, 670.0202026367188, 900.048828125, 1179.0257568359375]",1
frame_0031.png,extras,vacuum cleaner,robot vacuum,robot vacuum.,0.2,0.2,5,0.4131,"[718.9163208007812, 668.92529296875, 901.6515502929688, 1180.001953125]",1
frame_0031.png,extras,vacuum cleaner,cordless vacuum cleaner,cordless vacuum cleaner.,0.2,0.2,4,0.5603,"[715.8939208984375, 668.1443481445312, 902.7207641601562, 1182.10400390625]",1
frame_0032.png,production,meeting table set,ALL_GROUP,meeting table. conference table. table with chairs. meeting table set.,0.32,0.32,1,0.3671,"[5.618562698364258, 833.3207397460938, 323.0888366699219, 1074.9974365234375]",1
frame_0032.png,production,chair,ALL_GROUP,chair. chairs. armless chair.,0.36,0.36,9,0.4266,"[171.97500610351562, 856.2000732421875, 317.3927917480469, 1059.482177734375]",1
frame_0032.png,production,bench,ALL_GROUP,bench. metal bench. waiting bench.,0.34,0.34,0,0.0,,0
frame_0032.png,production,cardboard box+plant pot+shoes,ALL_GROUP,cardboard box. brown cardboard box. cardboard package. plant pot. potted plant. flower pot. indoor plant pot. shoes. pair of shoes. footwear. black shoes.,0.3,0.3,1,0.4667,"[988.58642578125, 988.9124755859375, 1078.293212890625, 1025.8197021484375]",1
frame_0032.png,production,trash bin+vacuum cleaner,ALL_GROUP,trash bin. trash can. waste bin. recycling bin. row of trash bins. vacuum cleaner. upright vacuum cleaner. cordless vacuum. floor cleaner.,0.25,0.25,1,0.2503,"[2345.1484375, 460.3099365234375, 2877.627685546875, 1383.0662841796875]",1
frame_0032.png,production,large power bank,ALL_GROUP,large power bank. portable power station. battery pack. power bank.,0.28,0.28,2,0.3732,"[1950.8143310546875, 654.2920532226562, 2121.595458984375, 1174.7021484375]",1
frame_0032.png,production,door,ALL_GROUP,door. doors. dark door. elevator sliding door. sliding door.,0.26,0.26,4,0.3224,"[399.3977355957031, 636.4682006835938, 535.4767456054688, 1005.5936279296875]",1
frame_0032.png,production,electric vehicle,ALL_GROUP,electric vehicle. small electric vehicle. mobility scooter. scooter.,0.28,0.28,0,0.0,,0
frame_0032.png,extras,bench,bench,bench.,0.2,0.2,4,0.2745,"[1200.3431396484375, 840.8303833007812, 1669.127197265625, 1082.25634765625]",1
frame_0032.png,extras,bench,metal bench,metal bench.,0.2,0.2,9,0.3905,"[1197.0047607421875, 836.545654296875, 1674.537353515625, 1082.989990234375]",1
frame_0032.png,extras,bench,waiting bench,waiting bench.,0.2,0.2,3,0.3939,"[1196.972900390625, 837.5462646484375, 1673.402099609375, 1083.5186767578125]",1
frame_0032.png,extras,bench,long bench,long bench.,0.2,0.2,2,0.52,"[1198.0391845703125, 837.367431640625, 1672.202392578125, 1081.62646484375]",1
frame_0032.png,extras,bench,indoor bench,indoor bench.,0.2,0.2,9,0.4921,"[1198.8082275390625, 837.2523193359375, 1672.138671875, 1081.535400390625]",1
frame_0032.png,extras,cardboard box,cardboard box,cardboard box.,0.2,0.2,2,0.2908,"[1143.34814453125, 1025.115478515625, 1238.01025390625, 1135.488037109375]",1
frame_0032.png,extras,cardboard box,brown cardboard box,brown cardboard box.,0.2,0.2,4,0.4384,"[1141.1126708984375, 1023.4185180664062, 1239.7725830078125, 1137.275634765625]",1
frame_0032.png,extras,cardboard box,shipping box,shipping box.,0.2,0.2,4,0.4253,"[2349.0615234375, 461.3719482421875, 2877.79150390625, 1381.9119873046875]",1
frame_0032.png,extras,cardboard box,package box,package box.,0.2,0.2,1,0.2365,"[1143.38232421875, 1025.70263671875, 1237.346923828125, 1135.271728515625]",1
frame_0032.png,extras,cardboard box,stacked box,stacked box.,0.2,0.2,3,0.2442,"[2349.283447265625, 462.86114501953125, 2877.7822265625, 1380.06982421875]",1
frame_0032.png,extras,cardboard box,box,box.,0.2,0.2,2,0.343,"[1143.8856201171875, 1027.3472900390625, 1236.0224609375, 1134.0513916015625]",1
frame_0032.png,extras,chair,chair,chair.,0.2,0.2,15,0.4006,"[171.17855834960938, 858.9552612304688, 315.0863952636719, 1057.607177734375]",1
frame_0032.png,extras,chair,armless chair,armless chair.,0.2,0.2,9,0.3901,"[168.72877502441406, 854.830322265625, 318.38323974609375, 1059.1124267578125]",1
frame_0032.png,extras,chair,office chair,office chair.,0.2,0.2,16,0.5524,"[168.17222595214844, 856.7310791015625, 316.4978332519531, 1058.576416015625]",1
frame_0032.png,extras,chair,swivel chair,swivel chair.,0.2,0.2,6,0.3571,"[17.089153289794922, 842.511474609375, 181.2635955810547, 1071.3125]",1
frame_0032.png,extras,chair,rolling chair,rolling chair.,0.2,0.2,13,0.4708,"[168.52548217773438, 855.6729736328125, 317.5743408203125, 1058.14697265625]",1
frame_0032.png,extras,chair,stool chair,stool chair.,0.2,0.2,18,0.4993,"[167.9477996826172, 857.648193359375, 316.22247314453125, 1057.83251953125]",1
frame_0032.png,extras,door,door,door.,0.2,0.2,11,0.3314,"[400.5071105957031, 638.778564453125, 531.5364990234375, 1003.1801147460938]",1
frame_0032.png,extras,door,dark door surface,dark door surface.,0.2,0.2,2,0.4078,"[522.379150390625, 639.8094482421875, 697.9423217773438, 1003.4518432617188]",1
frame_0032.png,extras,door,wooden door,wooden door.,0.2,0.2,4,0.4155,"[398.4195251464844, 637.9041748046875, 531.9031372070312, 1004.4603271484375]",1
frame_0032.png,extras,door,closed door,closed door.,0.2,0.2,8,0.3531,"[399.4261474609375, 637.4951171875, 530.7508544921875, 1004.3262939453125]",1
frame_0032.png,extras,door,interior door,interior door.,0.2,0.2,8,0.3661,"[400.10302734375, 637.2340087890625, 531.8995361328125, 1003.4650268554688]",1
frame_0032.png,extras,electric vehicle,electric vehicle,electric vehicle.,0.2,0.2,4,0.3691,"[2346.6220703125, 462.31732177734375, 2878.294921875, 1380.871337890625]",1
frame_0032.png,extras,electric vehicle,small electric vehicle,small electric vehicle.,0.2,0.2,3,0.4291,"[2337.892578125, 460.8594055175781, 2875.389404296875, 1385.6602783203125]",1
frame_0032.png,extras,electric vehicle,electric cart,electric cart.,0.2,0.2,0,0.0,,0
frame_0032.png,extras,electric vehicle,small electric cart,small electric cart.,0.2,0.2,4,0.4882,"[1946.3751220703125, 650.2026977539062, 2125.220458984375, 1179.398681640625]",1
frame_0032.png,extras,electric vehicle,compact electric car,compact electric car.,0.2,0.2,2,0.4659,"[2343.713134765625, 462.2149658203125, 2876.447021484375, 1383.193603515625]",1
frame_0032.png,extras,electric vehicle,indoor electric vehicle,indoor electric vehicle.,0.2,0.2,6,0.4181,"[5.266141891479492, 3.5110278129577637, 2873.41064453125, 1852.45947265625]",1
frame_0032.png,extras,electric vehicle,robot platform,robot platform.,0.2,0.2,6,0.4128,"[1952.1002197265625, 654.5477294921875, 2116.23583984375, 1171.8555908203125]",1
frame_0032.png,extras,large power bank,large power bank,large power bank.,0.18,0.18,2,0.5419,"[2340.75244140625, 460.3631286621094, 2875.122314453125, 1384.624267578125]",1
frame_0032.png,extras,large power bank,portable power bank battery,portable power bank battery.,0.18,0.18,5,0.471,"[1140.4842529296875, 1023.8981323242188, 1238.139404296875, 1136.838134765625]",1
frame_0032.png,extras,large power bank,power bank,power bank.,0.18,0.18,5,0.4386,"[2346.14453125, 461.2861022949219, 2877.174072265625, 1382.108642578125]",1
frame_0032.png,extras,large power bank,battery pack,battery pack.,0.18,0.18,7,0.3671,"[2349.019287109375, 519.8967895507812, 2654.71923828125, 1326.000732421875]",1
frame_0032.png,extras,large power bank,large battery,large battery.,0.18,0.18,5,0.4477,"[1141.8125, 1023.8565673828125, 1238.103271484375, 1136.3349609375]",1
frame_0032.png,extras,large power bank,portable battery,portable battery.,0.18,0.18,6,0.5044,"[1141.9425048828125, 1024.23779296875, 1237.5062255859375, 1136.0540771484375]",1
frame_0032.png,extras,large power bank,rectangular battery box,rectangular battery box.,0.18,0.18,5,0.3963,"[1141.153564453125, 1025.1165771484375, 1238.7410888671875, 1136.5208740234375]",1
frame_0032.png,extras,meeting table set,meeting table set,meeting table set.,0.2,0.2,3,0.461,"[2.7506375312805176, 837.5841674804688, 317.0296630859375, 1072.994140625]",1
frame_0032.png,extras,meeting table set,large meeting table,large meeting table.,0.2,0.2,5,0.317,"[4.419904708862305, 834.7952880859375, 312.87042236328125, 1070.1221923828125]",1
frame_0032.png,extras,meeting table set,conference table,conference table.,0.2,0.2,12,0.3976,"[595.5274658203125, 891.6367797851562, 726.9159545898438, 1005.84716796875]",1
frame_0032.png,extras,meeting table set,long table with chairs,long table with chairs.,0.2,0.2,5,0.3429,"[584.6736450195312, 881.7991333007812, 777.6998291015625, 1010.9396362304688]",1
frame_0032.png,extras,meeting table set,office meeting table,office meeting table.,0.2,0.2,8,0.3784,"[593.7608642578125, 889.2705688476562, 728.82861328125, 1006.5635375976562]",1
frame_0032.png,extras,meeting table set,long rectangular table,long rectangular table.,0.2,0.2,5,0.3239,"[590.9315185546875, 885.973388671875, 773.3060913085938, 1008.1740112304688]",1
frame_0032.png,extras,plant pot,plant pot,plant pot.,0.2,0.2,1,0.3635,"[1107.3922119140625, 982.1642456054688, 1180.830078125, 1065.5087890625]",1
frame_0032.png,extras,plant pot,potted plant in plastic pot,potted plant in plastic pot.,0.2,0.2,4,0.4836,"[1098.13623046875, 970.666015625, 1188.2530517578125, 1069.8648681640625]",1
frame_0032.png,extras,plant pot,potted plant,potted plant.,0.2,0.2,1,0.2539,"[1107.52734375, 982.189208984375, 1181.365478515625, 1065.80859375]",1
frame_0032.png,extras,plant pot,indoor potted plant,indoor potted plant.,0.2,0.2,1,0.2883,"[1106.14501953125, 979.3657836914062, 1183.1136474609375, 1066.5582275390625]",1
frame_0032.png,extras,plant pot,flower pot,flower pot.,0.2,0.2,2,0.5972,"[1106.885009765625, 981.84375, 1180.638916015625, 1065.7216796875]",1
frame_0032.png,extras,plant pot,plastic plant pot,plastic plant pot.,0.2,0.2,1,0.5517,"[1105.361328125, 978.3672485351562, 1182.4342041015625, 1066.60302734375]",1
frame_0032.png,extras,shoes,shoes,shoes.,0.18,0.18,6,0.304,"[993.0596313476562, 996.6244506835938, 1031.224365234375, 1020.159423828125]",1
frame_0032.png,extras,shoes,pair of indoor shoes,pair of indoor shoes.,0.18,0.18,3,0.6321,"[985.14404296875, 984.187744140625, 1079.6593017578125, 1028.1431884765625]",1
frame_0032.png,extras,shoes,indoor shoes,indoor shoes.,0.18,0.18,11,0.3621,"[991.5676879882812, 993.079345703125, 1074.876708984375, 1022.7626342773438]",1
frame_0032.png,extras,shoes,pair of shoes,pair of shoes.,0.18,0.18,4,0.6478,"[983.9463500976562, 983.072998046875, 1079.8885498046875, 1029.162109375]",1
frame_0032.png,extras,shoes,sneakers,sneakers.,0.18,0.18,4,0.3136,"[993.8973999023438, 997.1401977539062, 1031.531982421875, 1019.162109375]",1
frame_0032.png,extras,shoes,slippers,slippers.,0.18,0.18,4,0.3076,"[993.8463134765625, 996.8365478515625, 1032.084716796875, 1019.5081176757812]",1
frame_0032.png,extras,shoes,shoe pair on floor,shoe pair on floor.,0.18,0.18,5,0.6378,"[9.711742401123047, 972.53466796875, 2869.01123046875, 1848.271240234375]",1
frame_0032.png,extras,trash bin,trash bin,trash bin.,0.2,0.2,0,0.0,,0
frame_0032.png,extras,trash bin,indoor trash bin,indoor trash bin.,0.2,0.2,5,0.378,"[1142.2235107421875, 1024.7037353515625, 1237.56982421875, 1135.9703369140625]",1
frame_0032.png,extras,trash bin,garbage bin,garbage bin.,0.2,0.2,5,0.3659,"[1107.448486328125, 980.5849609375, 1180.5970458984375, 1065.4139404296875]",1
frame_0032.png,extras,trash bin,waste bin,waste bin.,0.2,0.2,4,0.3624,"[1107.2740478515625, 980.273681640625, 1180.7960205078125, 1065.5782470703125]",1
frame_0032.png,extras,trash bin,recycling bin,recycling bin.,0.2,0.2,5,0.4373,"[1106.4141845703125, 980.184326171875, 1181.0145263671875, 1065.980712890625]",1
frame_0032.png,extras,trash bin,small trash can,small trash can.,0.2,0.2,2,0.5931,"[1101.6871337890625, 973.5593872070312, 1184.0947265625, 1067.60791015625]",1
frame_0032.png,extras,vacuum cleaner,vacuum cleaner,vacuum cleaner.,0.2,0.2,2,0.5688,"[1950.7830810546875, 653.4979858398438, 2115.50439453125, 1172.6292724609375]",1
frame_0032.png,extras,vacuum cleaner,upright vacuum cleaner,upright vacuum cleaner.,0.2,0.2,1,0.6699,"[1950.7274169921875, 652.1122436523438, 2117.338623046875, 1174.7064208984375]",1
frame_0032.png,extras,vacuum cleaner,stick vacuum,stick vacuum.,0.2,0.2,1,0.2168,"[1953.98681640625, 655.9119873046875, 2114.093994140625, 1170.24853515625]",1
frame_0032.png,extras,vacuum cleaner,household vacuum,household vacuum.,0.2,0.2,5,0.5815,"[1951.760498046875, 654.8951416015625, 2114.557373046875, 1171.350830078125]",1
frame_0032.png,extras,vacuum cleaner,robot vacuum,robot vacuum.,0.2,0.2,1,0.3464,"[1951.594970703125, 654.0433959960938, 2116.896728515625, 1172.76025390625]",1
frame_0032.png,extras,vacuum cleaner,cordless vacuum cleaner,cordless vacuum cleaner.,0.2,0.2,2,0.6766,"[1949.38916015625, 652.9174194335938, 2116.900146484375, 1174.3680419921875]",1
frame_0033.png,production,meeting table set,ALL_GROUP,meeting table. conference table. table with chairs. meeting table set.,0.32,0.32,2,0.3943,"[1000.5814819335938, 817.0978393554688, 1557.4822998046875, 1120.755126953125]",1
frame_0033.png,production,chair,ALL_GROUP,chair. chairs. armless chair.,0.36,0.36,6,0.4328,"[424.0306091308594, 885.3574829101562, 537.3225708007812, 1019.8480224609375]",1
frame_0033.png,production,bench,ALL_GROUP,bench. metal bench. waiting bench.,0.34,0.34,1,0.364,"[1298.6190185546875, 826.9235229492188, 1545.4595947265625, 1113.27099609375]",1
frame_0033.png,production,cardboard box+plant pot+shoes,ALL_GROUP,cardboard box. brown cardboard box. cardboard package. plant pot. potted plant. flower pot. indoor plant pot. shoes. pair of shoes. footwear. black shoes.,0.3,0.3,1,0.413,"[770.9625854492188, 1000.8234252929688, 871.8441772460938, 1041.6092529296875]",1
frame_0033.png,production,trash bin+vacuum cleaner,ALL_GROUP,trash bin. trash can. waste bin. recycling bin. row of trash bins. vacuum cleaner. upright vacuum cleaner. cordless vacuum. floor cleaner.,0.25,0.25,1,0.2662,"[1894.052978515625, 609.104736328125, 2087.590087890625, 1226.530029296875]",1
frame_0033.png,production,large power bank,ALL_GROUP,large power bank. portable power station. battery pack. power bank.,0.28,0.28,2,0.3746,"[1894.2935791015625, 611.1793823242188, 2088.5810546875, 1225.2086181640625]",1
frame_0033.png,production,door,ALL_GROUP,door. doors. dark door. elevator sliding door. sliding door.,0.26,0.26,6,0.3199,"[2429.645263671875, 418.3027648925781, 2877.775634765625, 1429.567138671875]",1
frame_0033.png,production,electric vehicle,ALL_GROUP,electric vehicle. small electric vehicle. mobility scooter. scooter.,0.28,0.28,0,0.0,,0
frame_0033.png,extras,bench,bench,bench.,0.2,0.2,5,0.3265,"[1011.4396362304688, 830.459716796875, 1540.9969482421875, 1113.2921142578125]",1
frame_0033.png,extras,bench,metal bench,metal bench.,0.2,0.2,7,0.4606,"[1008.5110473632812, 826.0562744140625, 1546.913330078125, 1114.48291015625]",1
frame_0033.png,extras,bench,waiting bench,waiting bench.,0.2,0.2,2,0.4511,"[1009.2898559570312, 827.0366821289062, 1545.5096435546875, 1115.0361328125]",1
frame_0033.png,extras,bench,long bench,long bench.,0.2,0.2,1,0.5878,"[1009.9689331054688, 826.4148559570312, 1544.615966796875, 1113.2542724609375]",1
frame_0033.png,extras,bench,indoor bench,indoor bench.,0.2,0.2,9,0.5099,"[1009.7922973632812, 827.0162353515625, 1544.2542724609375, 1113.5496826171875]",1
frame_0033.png,extras,cardboard box,cardboard box,cardboard box.,0.2,0.2,2,0.3169,"[884.166015625, 1053.7203369140625, 1015.1787109375, 1196.9375]",1
frame_0033.png,extras,cardboard box,brown cardboard box,brown cardboard box.,0.2,0.2,3,0.4906,"[880.9102172851562, 1052.6134033203125, 1018.0551147460938, 1198.651611328125]",1
frame_0033.png,extras,cardboard box,shipping box,shipping box.,0.2,0.2,3,0.3784,"[884.1953125, 1053.0164794921875, 1014.6553955078125, 1196.7213134765625]",1
frame_0033.png,extras,cardboard box,package box,package box.,0.2,0.2,1,0.2832,"[884.4967651367188, 1051.9586181640625, 1014.5067138671875, 1196.6934814453125]",1
frame_0033.png,extras,cardboard box,stacked box,stacked box.,0.2,0.2,3,0.2786,"[884.4346313476562, 1054.0401611328125, 1014.3837890625, 1196.6898193359375]",1
frame_0033.png,extras,cardboard box,box,box.,0.2,0.2,2,0.4371,"[884.9298706054688, 1058.0472412109375, 1013.1947021484375, 1196.2647705078125]",1
frame_0033.png,extras,chair,chair,chair.,0.2,0.2,14,0.3794,"[1010.5247192382812, 868.3348999023438, 1146.094482421875, 1043.7567138671875]",1
frame_0033.png,extras,chair,armless chair,armless chair.,0.2,0.2,8,0.3824,"[1305.565673828125, 826.376220703125, 1544.7711181640625, 1112.71923828125]",1
frame_0033.png,extras,chair,office chair,office chair.,0.2,0.2,15,0.5088,"[1009.7509155273438, 867.0714111328125, 1146.5914306640625, 1044.94384765625]",1
frame_0033.png,extras,chair,swivel chair,swivel chair.,0.2,0.2,5,0.3857,"[1302.29833984375, 826.042236328125, 1545.2757568359375, 1114.147705078125]",1
frame_0033.png,extras,chair,rolling chair,rolling chair.,0.2,0.2,11,0.4406,"[426.554443359375, 885.71484375, 537.6625366210938, 1019.854248046875]",1
frame_0033.png,extras,chair,stool chair,stool chair.,0.2,0.2,14,0.4663,"[425.0505676269531, 886.2885131835938, 534.5142211914062, 1019.9282836914062]",1
frame_0033.png,extras,door,door,door.,0.2,0.2,7,0.378,"[2432.625244140625, 419.3401184082031, 2878.046630859375, 1427.369873046875]",1
frame_0033.png,extras,door,dark door surface,dark door surface.,0.2,0.2,4,0.3902,"[282.7264709472656, 613.0443725585938, 466.25408935546875, 1012.6023559570312]",1
frame_0033.png,extras,door,wooden door,wooden door.,0.2,0.2,5,0.3209,"[2430.662353515625, 422.0522155761719, 2875.669189453125, 1427.54736328125]",1
frame_0033.png,extras,door,closed door,closed door.,0.2,0.2,4,0.3763,"[2431.380859375, 420.830322265625, 2875.991943359375, 1428.4749755859375]",1
frame_0033.png,extras,door,interior door,interior door.,0.2,0.2,8,0.3574,"[2432.31689453125, 418.70623779296875, 2876.6748046875, 1429.153564453125]",1
frame_0033.png,extras,electric vehicle,electric vehicle,electric vehicle.,0.2,0.2,4,0.3486,"[1895.307373046875, 612.5646362304688, 2081.2763671875, 1220.2197265625]",1
frame_0033.png,extras,electric vehicle,small electric vehicle,small electric vehicle.,0.2,0.2,3,0.3815,"[1889.68017578125, 605.87939453125, 2093.698486328125, 1230.2928466796875]",1
frame_0033.png,extras,electric vehicle,electric cart,electric cart.,0.2,0.2,1,0.2144,"[1893.91162109375, 612.2710571289062, 2085.296875, 1223.432861328125]",1
frame_0033.png,extras,electric vehicle,small electric cart,small electric cart.,0.2,0.2,1,0.617,"[1888.4134521484375, 606.3043823242188, 2093.92236328125, 1231.158203125]",1
frame_0033.png,extras,electric vehicle,compact electric car,compact electric car.,0.2,0.2,4,0.4148,"[2428.3330078125, 410.2985534667969, 2876.1376953125, 1432.5467529296875]",1
frame_0033.png,extras,electric vehicle,indoor electric vehicle,indoor electric vehicle.,0.2,0.2,7,0.4492,"[5.290088653564453, 3.8620805740356445, 2873.40966796875, 1852.8095703125]",1
frame_0033.png,extras,electric vehicle,robot platform,robot platform.,0.2,0.2,7,0.4497,"[1894.3970947265625, 611.0667114257812, 2083.794189453125, 1222.104248046875]",1
frame_0033.png,extras,large power bank,large power bank,large power bank.,0.18,0.18,4,0.4626,"[2423.812744140625, 409.1003723144531, 2874.919189453125, 1434.156005859375]",1
frame_0033.png,extras,large power bank,portable power bank battery,portable power bank battery.,0.18,0.18,3,0.569,"[881.892578125, 1051.486083984375, 1015.9070434570312, 1198.1002197265625]",1
frame_0033.png,extras,large power bank,power bank,power bank.,0.18,0.18,3,0.4327,"[1893.9989013671875, 611.9628295898438, 2081.998291015625, 1220.7137451171875]",1
frame_0033.png,extras,large power bank,battery pack,battery pack.,0.18,0.18,3,0.4328,"[883.5538330078125, 1051.7674560546875, 1014.905517578125, 1197.353271484375]",1
frame_0033.png,extras,large power bank,large battery,large battery.,0.18,0.18,3,0.5178,"[882.3864135742188, 1051.6593017578125, 1015.6797485351562, 1197.8536376953125]",1
frame_0033.png,extras,large power bank,portable battery,portable battery.,0.18,0.18,3,0.553,"[882.9611206054688, 1051.8704833984375, 1015.1058959960938, 1197.6162109375]",1
frame_0033.png,extras,large power bank,rectangular battery box,rectangular battery box.,0.18,0.18,2,0.5306,"[881.9879760742188, 1052.47265625, 1016.318359375, 1197.8604736328125]",1
frame_0033.png,extras,meeting table set,meeting table set,meeting table set.,0.2,0.2,2,0.5046,"[1003.7744750976562, 823.36328125, 1548.8973388671875, 1118.300048828125]",1
frame_0033.png,extras,meeting table set,large meeting table,large meeting table.,0.2,0.2,3,0.4173,"[322.51483154296875, 878.3397827148438, 605.357421875, 1026.3876953125]",1
frame_0033.png,extras,meeting table set,conference table,conference table.,0.2,0.2,8,0.3339,"[1.491694450378418, 1741.57470703125, 434.70166015625, 1857.370849609375]",1
frame_0033.png,extras,meeting table set,long table with chairs,long table with chairs.,0.2,0.2,3,0.4498,"[1004.3414306640625, 820.7233276367188, 1552.697021484375, 1116.54541015625]",1
frame_0033.png,extras,meeting table set,office meeting table,office meeting table.,0.2,0.2,6,0.4094,"[322.37451171875, 885.6494750976562, 601.3634643554688, 1023.4906005859375]",1
frame_0033.png,extras,meeting table set,long rectangular table,long rectangular table.,0.2,0.2,4,0.3825,"[6.5773773193359375, 986.1981811523438, 2873.047607421875, 1849.8206787109375]",1
frame_0033.png,extras,plant pot,plant pot,plant pot.,0.2,0.2,1,0.2913,"[880.6334838867188, 995.0330810546875, 970.9600219726562, 1085.3580322265625]",1
frame_0033.png,extras,plant pot,potted plant in plastic pot,potted plant in plastic pot.,0.2,0.2,4,0.4512,"[870.3218994140625, 983.3582763671875, 980.4812622070312, 1091.107177734375]",1
frame_0033.png,extras,plant pot,potted plant,potted plant.,0.2,0.2,0,0.0,,0
frame_0033.png,extras,plant pot,indoor potted plant,indoor potted plant.,0.2,0.2,1,0.2535,"[879.3905029296875, 992.3187866210938, 973.227294921875, 1086.5386962890625]",1
frame_0033.png,extras,plant pot,flower pot,flower pot.,0.2,0.2,1,0.5477,"[880.061279296875, 994.5865478515625, 970.2072143554688, 1085.4840087890625]",1
frame_0033.png,extras,plant pot,plastic plant pot,plastic plant pot.,0.2,0.2,1,0.4894,"[878.0383911132812, 991.1703491210938, 972.0571899414062, 1086.5609130859375]",1
frame_0033.png,extras,shoes,shoes,shoes.,0.18,0.18,4,0.3342,"[775.4767456054688, 1009.2439575195312, 823.848876953125, 1035.2191162109375]",1
frame_0033.png,extras,shoes,pair of indoor shoes,pair of indoor shoes.,0.18,0.18,3,0.6853,"[767.5963134765625, 995.3046875, 873.5652465820312, 1044.287841796875]",1
frame_0033.png,extras,shoes,indoor shoes,indoor shoes.,0.18,0.18,12,0.3972,"[774.031005859375, 1008.1675415039062, 826.4840698242188, 1037.993896484375]",1
frame_0033.png,extras,shoes,pair of shoes,pair of shoes.,0.18,0.18,5,0.6806,"[766.3897094726562, 994.2980346679688, 873.949462890625, 1045.13818359375]",1
frame_0033.png,extras,shoes,sneakers,sneakers.,0.18,0.18,3,0.3242,"[828.6508178710938, 1009.6778564453125, 868.5224609375, 1032.87890625]",1
frame_0033.png,extras,shoes,slippers,slippers.,0.18,0.18,2,0.3009,"[827.3484497070312, 1009.5314331054688, 868.6793212890625, 1033.4708251953125]",1
frame_0033.png,extras,shoes,shoe pair on floor,shoe pair on floor.,0.18,0.18,5,0.6392,"[9.367561340332031, 982.3489379882812, 2868.8046875, 1847.893310546875]",1
frame_0033.png,extras,trash bin,trash bin,trash bin.,0.2,0.2,0,0.0,,0
frame_0033.png,extras,trash bin,indoor trash bin,indoor trash bin.,0.2,0.2,3,0.4324,"[879.855712890625, 991.8814086914062, 971.5055541992188, 1085.68798828125]",1
frame_0033.png,extras,trash bin,garbage bin,garbage bin.,0.2,0.2,2,0.4016,"[880.9840087890625, 993.5169067382812, 970.7200317382812, 1085.78759765625]",1
frame_0033.png,extras,trash bin,waste bin,waste bin.,0.2,0.2,2,0.4149,"[880.8001708984375, 993.314453125, 970.99365234375, 1085.9134521484375]",1
frame_0033.png,extras,trash bin,recycling bin,recycling bin.,0.2,0.2,3,0.4369,"[879.9949340820312, 992.8765258789062, 971.9000244140625, 1085.835693359375]",1
frame_0033.png,extras,trash bin,small trash can,small trash can.,0.2,0.2,2,0.5727,"[874.2640380859375, 985.5940551757812, 975.3191528320312, 1088.1529541015625]",1
frame_0033.png,extras,vacuum cleaner,vacuum cleaner,vacuum cleaner.,0.2,0.2,2,0.657,"[1893.6453857421875, 610.3380737304688, 2081.7724609375, 1222.7119140625]",1
frame_0033.png,extras,vacuum cleaner,upright vacuum cleaner,upright vacuum cleaner.,0.2,0.2,1,0.7183,"[1893.497314453125, 608.7752075195312, 2085.262939453125, 1225.5413818359375]",1
frame_0033.png,extras,vacuum cleaner,stick vacuum,stick vacuum.,0.2,0.2,1,0.2268,"[1896.4832763671875, 613.157958984375, 2080.179931640625, 1219.987548828125]",1
frame_0033.png,extras,vacuum cleaner,household vacuum,household vacuum.,0.2,0.2,3,0.645,"[1894.638671875, 611.740234375, 2080.87890625, 1221.58251953125]",1
frame_0033.png,extras,vacuum cleaner,robot vacuum,robot vacuum.,0.2,0.2,2,0.4273,"[1894.87109375, 610.5537109375, 2083.327392578125, 1222.86669921875]",1
frame_0033.png,extras,vacuum cleaner,cordless vacuum cleaner,cordless vacuum cleaner.,0.2,0.2,2,0.7216,"[1891.9793701171875, 609.6497802734375, 2083.766845703125, 1224.5899658203125]",1
frame_0034.png,production,meeting table set,ALL_GROUP,meeting table. conference table. table with chairs. meeting table set.,0.32,0.32,2,0.3831,"[763.084228515625, 795.9392700195312, 1395.4072265625, 1167.0316162109375]",1
frame_0034.png,production,chair,ALL_GROUP,chair. chairs. armless chair.,0.36,0.36,6,0.4087,"[771.6201171875, 856.8230590820312, 930.03662109375, 1068.1063232421875]",1
frame_0034.png,production,bench,ALL_GROUP,bench. metal bench. waiting bench.,0.34,0.34,1,0.4013,"[1077.02490234375, 807.5220947265625, 1383.450439453125, 1158.4776611328125]",1
frame_0034.png,production,cardboard box+plant pot+shoes,ALL_GROUP,cardboard box. brown cardboard box. cardboard package. plant pot. potted plant. flower pot. indoor plant pot. shoes. pair of shoes. footwear. black shoes.,0.3,0.3,0,0.0,,0
frame_0034.png,production,trash bin+vacuum cleaner,ALL_GROUP,trash bin. trash can. waste bin. recycling bin. row of trash bins. vacuum cleaner. upright vacuum cleaner. cordless vacuum. floor cleaner.,0.25,0.25,0,0.0,,0
frame_0034.png,production,large power bank,ALL_GROUP,large power bank. portable power station. battery pack. power bank.,0.28,0.28,2,0.3543,"[2560.9169921875, 314.7169494628906, 2876.83642578125, 1531.068115234375]",1
frame_0034.png,production,door,ALL_GROUP,door. doors. dark door. elevator sliding door. sliding door.,0.26,0.26,4,0.3767,"[1352.8817138671875, 21.767662048339844, 2433.0341796875, 894.300537109375]",1
frame_0034.png,production,electric vehicle,ALL_GROUP,electric vehicle. small electric vehicle. mobility scooter. scooter.,0.28,0.28,0,0.0,,0
frame_0034.png,extras,bench,bench,bench.,0.2,0.2,3,0.315,"[775.0265502929688, 810.23779296875, 1377.4462890625, 1156.9461669921875]",1
frame_0034.png,extras,bench,metal bench,metal bench.,0.2,0.2,5,0.3938,"[770.3021850585938, 806.5103149414062, 1384.778564453125, 1158.976318359375]",1
frame_0034.png,extras,bench,waiting bench,waiting bench.,0.2,0.2,3,0.3778,"[771.479248046875, 807.5301513671875, 1383.7218017578125, 1160.0205078125]",1
frame_0034.png,extras,bench,long bench,long bench.,0.2,0.2,2,0.5289,"[772.6085205078125, 807.2950439453125, 1382.126220703125, 1158.452392578125]",1
frame_0034.png,extras,bench,indoor bench,indoor bench.,0.2,0.2,9,0.4789,"[772.0638427734375, 807.7296752929688, 1381.3321533203125, 1157.8243408203125]",1
frame_0034.png,extras,cardboard box,cardboard box,cardboard box.,0.2,0.2,3,0.3988,"[465.1361999511719, 1093.0919189453125, 677.6066284179688, 1303.8311767578125]",1
frame_0034.png,extras,cardboard box,brown cardboard box,brown cardboard box.,0.2,0.2,3,0.5556,"[461.93011474609375, 1090.7020263671875, 680.6529541015625, 1305.4202880859375]",1
frame_0034.png,extras,cardboard box,shipping box,shipping box.,0.2,0.2,3,0.4813,"[465.328857421875, 1092.8773193359375, 677.0128173828125, 1303.9989013671875]",1
frame_0034.png,extras,cardboard box,package box,package box.,0.2,0.2,2,0.3447,"[465.008056640625, 1091.5406494140625, 676.813232421875, 1303.9580078125]",1
frame_0034.png,extras,cardboard box,stacked box,stacked box.,0.2,0.2,3,0.3358,"[465.1618957519531, 1092.720458984375, 676.8658447265625, 1303.72509765625]",1
frame_0034.png,extras,cardboard box,box,box.,0.2,0.2,2,0.4435,"[465.6780090332031, 1093.212646484375, 675.8887939453125, 1302.7271728515625]",1
frame_0034.png,extras,chair,chair,chair.,0.2,0.2,12,0.388,"[1082.6953125, 808.7527465820312, 1380.714111328125, 1156.026123046875]",1
frame_0034.png,extras,chair,armless chair,armless chair.,0.2,0.2,9,0.4711,"[1084.310791015625, 806.6532592773438, 1381.7899169921875, 1157.849365234375]",1
frame_0034.png,extras,chair,office chair,office chair.,0.2,0.2,16,0.5421,"[772.5556030273438, 857.7589721679688, 928.8687133789062, 1067.4068603515625]",1
frame_0034.png,extras,chair,swivel chair,swivel chair.,0.2,0.2,5,0.4959,"[1082.2550048828125, 806.6712036132812, 1382.079833984375, 1158.5526123046875]",1
frame_0034.png,extras,chair,rolling chair,rolling chair.,0.2,0.2,10,0.4341,"[1086.985107421875, 807.1651611328125, 1380.99462890625, 1157.49609375]",1
frame_0034.png,extras,chair,stool chair,stool chair.,0.2,0.2,16,0.4942,"[234.4305419921875, 883.6272583007812, 329.0967712402344, 1029.2125244140625]",1
frame_0034.png,extras,door,door,door.,0.2,0.2,4,0.345,"[2566.9326171875, 319.7258605957031, 2878.452392578125, 1528.6917724609375]",1
frame_0034.png,extras,door,dark door surface,dark door surface.,0.2,0.2,8,0.2437,"[2.501272678375244, 578.9229736328125, 178.92979431152344, 1018.2836303710938]",1
frame_0034.png,extras,door,wooden door,wooden door.,0.2,0.2,4,0.3783,"[151.43055725097656, 582.6187744140625, 368.1148986816406, 1014.716552734375]",1
frame_0034.png,extras,door,closed door,closed door.,0.2,0.2,5,0.3602,"[1350.632568359375, 22.746292114257812, 2427.62841796875, 892.330322265625]",1
frame_0034.png,extras,door,interior door,interior door.,0.2,0.2,7,0.3361,"[1352.515380859375, 20.446876525878906, 2429.914794921875, 892.39599609375]",1
frame_0034.png,extras,electric vehicle,electric vehicle,electric vehicle.,0.2,0.2,4,0.3307,"[4.072580337524414, 1.1363071203231812, 2876.882568359375, 1855.7132568359375]",1
frame_0034.png,extras,electric vehicle,small electric vehicle,small electric vehicle.,0.2,0.2,4,0.4066,"[1836.021484375, 544.31103515625, 2077.5654296875, 1323.6517333984375]",1
frame_0034.png,extras,electric vehicle,electric cart,electric cart.,0.2,0.2,0,0.0,,0
frame_0034.png,extras,electric vehicle,small electric cart,small electric cart.,0.2,0.2,3,0.4005,"[460.5362243652344, 1083.453369140625, 683.53759765625, 1307.0654296875]",1
frame_0034.png,extras,electric vehicle,compact electric car,compact electric car.,0.2,0.2,5,0.3492,"[462.5099182128906, 1086.5196533203125, 680.9396362304688, 1306.2691650390625]",1
frame_0034.png,extras,electric vehicle,indoor electric vehicle,indoor electric vehicle.,0.2,0.2,6,0.5158,"[5.485353469848633, 3.7451183795928955, 2873.566162109375, 1852.2386474609375]",1
frame_0034.png,extras,electric vehicle,robot platform,robot platform.,0.2,0.2,6,0.3835,"[1842.4693603515625, 548.7085571289062, 2063.431640625, 1311.9852294921875]",1
frame_0034.png,extras,large power bank,large power bank,large power bank.,0.18,0.18,7,0.344,"[1839.1724853515625, 546.1674194335938, 2074.55517578125, 1317.6146240234375]",1
frame_0034.png,extras,large power bank,portable power bank battery,portable power bank battery.,0.18,0.18,3,0.6284,"[463.30816650390625, 1090.743408203125, 678.2119140625, 1305.01953125]",1
frame_0034.png,extras,large power bank,power bank,power bank.,0.18,0.18,5,0.4033,"[1842.1763916015625, 547.866943359375, 2060.68408203125, 1310.79296875]",1
frame_0034.png,extras,large power bank,battery pack,battery pack.,0.18,0.18,2,0.4841,"[465.01226806640625, 1091.708740234375, 677.4764404296875, 1304.7432861328125]",1
frame_0034.png,extras,large power bank,large battery,large battery.,0.18,0.18,4,0.6058,"[463.96185302734375, 1090.1943359375, 678.3043823242188, 1305.1416015625]",1
frame_0034.png,extras,large power bank,portable battery,portable battery.,0.18,0.18,2,0.6252,"[464.38714599609375, 1090.902587890625, 677.8486938476562, 1304.844482421875]",1
frame_0034.png,extras,large power bank,rectangular battery box,rectangular battery box.,0.18,0.18,2,0.6009,"[463.77667236328125, 1091.2972412109375, 678.6898803710938, 1304.7139892578125]",1
frame_0034.png,extras,meeting table set,meeting table set,meeting table set.,0.2,0.2,3,0.5022,"[766.267822265625, 803.1819458007812, 1386.2547607421875, 1162.8494873046875]",1
frame_0034.png,extras,meeting table set,large meeting table,large meeting table.,0.2,0.2,4,0.3392,"[3.065282106399536, 875.853271484375, 176.28009033203125, 1040.1826171875]",1
frame_0034.png,extras,meeting table set,conference table,conference table.,0.2,0.2,7,0.3795,"[3.075265407562256, 881.0492553710938, 169.40322875976562, 1039.3125]",1
frame_0034.png,extras,meeting table set,long table with chairs,long table with chairs.,0.2,0.2,3,0.4226,"[3.851142406463623, 872.4696655273438, 177.0926513671875, 1041.322265625]",1
frame_0034.png,extras,meeting table set,office meeting table,office meeting table.,0.2,0.2,4,0.3973,"[2.420039176940918, 879.6172485351562, 170.97242736816406, 1040.251220703125]",1
frame_0034.png,extras,meeting table set,long rectangular table,long rectangular table.,0.2,0.2,4,0.4211,"[5.5336761474609375, 991.441162109375, 2872.843505859375, 1850.1787109375]",1
frame_0034.png,extras,plant pot,plant pot,plant pot.,0.2,0.2,1,0.3133,"[568.3897705078125, 1009.1693115234375, 683.46533203125, 1122.3858642578125]",1
frame_0034.png,extras,plant pot,potted plant in plastic pot,potted plant in plastic pot.,0.2,0.2,3,0.4537,"[555.5128784179688, 995.8759765625, 691.7724609375, 1133.056396484375]",1
frame_0034.png,extras,plant pot,potted plant,potted plant.,0.2,0.2,1,0.2416,"[568.3826904296875, 1009.333984375, 683.7776489257812, 1122.5986328125]",1
frame_0034.png,extras,plant pot,indoor potted plant,indoor potted plant.,0.2,0.2,1,0.2997,"[566.4772338867188, 1005.314208984375, 685.2808837890625, 1124.712158203125]",1
frame_0034.png,extras,plant pot,flower pot,flower pot.,0.2,0.2,1,0.5562,"[568.3057861328125, 1008.965576171875, 683.3262939453125, 1122.4769287109375]",1
frame_0034.png,extras,plant pot,plastic plant pot,plastic plant pot.,0.2,0.2,1,0.4645,"[566.7092895507812, 1005.1932983398438, 685.1338500976562, 1124.2484130859375]",1
frame_0034.png,extras,shoes,shoes,shoes.,0.18,0.18,4,0.2878,"[502.24725341796875, 1021.1162109375, 574.069091796875, 1054.0523681640625]",1
frame_0034.png,extras,shoes,pair of indoor shoes,pair of indoor shoes.,0.18,0.18,5,0.4466,"[495.2529296875, 1010.93994140625, 580.7056884765625, 1061.06005859375]",1
frame_0034.png,extras,shoes,indoor shoes,indoor shoes.,0.18,0.18,12,0.3767,"[500.86181640625, 1019.1674194335938, 576.0287475585938, 1056.8634033203125]",1
frame_0034.png,extras,shoes,pair of shoes,pair of shoes.,0.18,0.18,5,0.4851,"[493.8275451660156, 1009.7947998046875, 580.9679565429688, 1062.1297607421875]",1
frame_0034.png,extras,shoes,sneakers,sneakers.,0.18,0.18,1,0.1981,"[503.27294921875, 1021.5878295898438, 573.5693969726562, 1052.7640380859375]",1
frame_0034.png,extras,shoes,slippers,slippers.,0.18,0.18,3,0.2167,"[503.3171691894531, 1021.6763916015625, 573.3580932617188, 1053.25244140625]",1
frame_0034.png,extras,shoes,shoe pair on floor,shoe pair on floor.,0.18,0.18,5,0.6382,"[9.112815856933594, 988.7207641601562, 2868.424560546875, 1847.8565673828125]",1
frame_0034.png,extras,trash bin,trash bin,trash bin.,0.2,0.2,0,0.0,,0
frame_0034.png,extras,trash bin,indoor trash bin,indoor trash bin.,0.2,0.2,3,0.4809,"[566.9407958984375, 1005.5988159179688, 684.7547607421875, 1124.5650634765625]",1
frame_0034.png,extras,trash bin,garbage bin,garbage bin.,0.2,0.2,2,0.4191,"[568.3801879882812, 1007.2186889648438, 684.1561889648438, 1124.1016845703125]",1
frame_0034.png,extras,trash bin,waste bin,waste bin.,0.2,0.2,2,0.4383,"[568.2650756835938, 1006.9857177734375, 684.2800903320312, 1124.410888671875]",1
frame_0034.png,extras,trash bin,recycling bin,recycling bin.,0.2,0.2,2,0.4753,"[567.1564331054688, 1006.8878173828125, 684.7316284179688, 1124.21923828125]",1
frame_0034.png,extras,trash bin,small trash can,small trash can.,0.2,0.2,1,0.6119,"[562.5994262695312, 999.0275268554688, 689.4120483398438, 1128.3187255859375]",1
frame_0034.png,extras,vacuum cleaner,vacuum cleaner,vacuum cleaner.,0.2,0.2,1,0.5539,"[1841.6622314453125, 546.2576904296875, 2060.70703125, 1312.2852783203125]",1
frame_0034.png,extras,vacuum cleaner,upright vacuum cleaner,upright vacuum cleaner.,0.2,0.2,1,0.6722,"[1841.4752197265625, 545.3878173828125, 2064.11328125, 1315.040283203125]",1
frame_0034.png,extras,vacuum cleaner,stick vacuum,stick vacuum.,0.2,0.2,0,0.0,,0
frame_0034.png,extras,vacuum cleaner,household vacuum,household vacuum.,0.2,0.2,5,0.5871,"[1842.68359375, 548.7810668945312, 2058.92333984375, 1310.08740234375]",1
frame_0034.png,extras,vacuum cleaner,robot vacuum,robot vacuum.,0.2,0.2,1,0.326,"[1842.560302734375, 547.16357421875, 2063.4091796875, 1313.130859375]",1
frame_0034.png,extras,vacuum cleaner,cordless vacuum cleaner,cordless vacuum cleaner.,0.2,0.2,3,0.6855,"[1840.3138427734375, 546.0736083984375, 2060.96875, 1314.788818359375]",1
frame_0035.png,production,meeting table set,ALL_GROUP,meeting table. conference table. table with chairs. meeting table set.,0.32,0.32,2,0.3902,"[857.2929077148438, 780.3787841796875, 1518.5848388671875, 1191.4659423828125]",1
frame_0035.png,production,chair,ALL_GROUP,chair. chairs. armless chair.,0.36,0.36,6,0.4259,"[230.06422424316406, 875.321533203125, 370.7772521972656, 1029.3167724609375]",1
frame_0035.png,production,bench,ALL_GROUP,bench. metal bench. waiting bench.,0.34,0.34,1,0.4232,"[1165.5804443359375, 791.7360229492188, 1505.7269287109375, 1182.8966064453125]",1
frame_0035.png,production,cardboard box+plant pot+shoes,ALL_GROUP,cardboard box. brown cardboard box. cardboard package. plant pot. potted plant. flower pot. indoor plant pot. shoes. pair of shoes. footwear. black shoes.,0.3,0.3,0,0.0,,0
frame_0035.png,production,trash bin+vacuum cleaner,ALL_GROUP,trash bin. trash can. waste bin. recycling bin. row of trash bins. vacuum cleaner. upright vacuum cleaner. cordless vacuum. floor cleaner.,0.25,0.25,0,0.0,,0
frame_0035.png,production,large power bank,ALL_GROUP,large power bank. portable power station. battery pack. power bank.,0.28,0.28,2,0.3508,"[2079.4658203125, 444.8631591796875, 2363.749267578125, 1427.209228515625]",1
frame_0035.png,production,door,ALL_GROUP,door. doors. dark door. elevator sliding door. sliding door.,0.26,0.26,3,0.3035,"[1.3457071781158447, 545.8838500976562, 111.8792953491211, 1029.1807861328125]",1
frame_0035.png,production,electric vehicle,ALL_GROUP,electric vehicle. small electric vehicle. mobility scooter. scooter.,0.28,0.28,0,0.0,,0
frame_0035.png,extras,bench,bench,bench.,0.2,0.2,2,0.306,"[869.6715698242188, 795.07568359375, 1500.5743408203125, 1181.45703125]",1
frame_0035.png,extras,bench,metal bench,metal bench.,0.2,0.2,6,0.4119,"[1169.70947265625, 790.5625, 1505.31103515625, 1181.2764892578125]",1
frame_0035.png,extras,bench,waiting bench,waiting bench.,0.2,0.2,2,0.4668,"[866.7428588867188, 791.823974609375, 1506.490234375, 1184.727783203125]",1
frame_0035.png,extras,bench,long bench,long bench.,0.2,0.2,3,0.4651,"[866.7486572265625, 791.8428955078125, 1505.779052734375, 1183.49462890625]",1
frame_0035.png,extras,bench,indoor bench,indoor bench.,0.2,0.2,10,0.4824,"[867.0217895507812, 792.117919921875, 1504.4412841796875, 1182.790771484375]",1
frame_0035.png,extras,cardboard box,cardboard box,cardboard box.,0.2,0.2,3,0.3029,"[462.1799621582031, 1105.2763671875, 714.7943115234375, 1345.920654296875]",1
frame_0035.png,extras,cardboard box,brown cardboard box,brown cardboard box.,0.2,0.2,2,0.5368,"[278.956298828125, 587.11865234375, 492.06292724609375, 1017.4473876953125]",1
frame_0035.png,extras,cardboard box,shipping box,shipping box.,0.2,0.2,2,0.5083,"[461.90576171875, 1105.9498291015625, 714.026123046875, 1345.8865966796875]",1
frame_0035.png,extras,cardboard box,package box,package box.,0.2,0.2,2,0.3624,"[461.5966796875, 1105.56298828125, 713.9071655273438, 1346.0357666015625]",1
frame_0035.png,extras,cardboard box,stacked box,stacked box.,0.2,0.2,3,0.2782,"[283.2987365722656, 590.7012329101562, 489.1941833496094, 1011.333740234375]",1
frame_0035.png,extras,cardboard box,box,box.,0.2,0.2,2,0.4112,"[462.80792236328125, 1106.96044921875, 712.7769775390625, 1345.1478271484375]",1
frame_0035.png,extras,chair,chair,chair.,0.2,0.2,13,0.3915,"[1167.6722412109375, 792.7503662109375, 1502.896240234375, 1180.8404541015625]",1
frame_0035.png,extras,chair,armless chair,armless chair.,0.2,0.2,8,0.5009,"[1172.05029296875, 790.8954467773438, 1505.4649658203125, 1182.576171875]",1
frame_0035.png,extras,chair,office chair,office chair.,0.2,0.2,15,0.5239,"[1170.0460205078125, 791.8091430664062, 1504.4742431640625, 1181.5819091796875]",1
frame_0035.png,extras,chair,swivel chair,swivel chair.,0.2,0.2,7,0.523,"[1169.83837890625, 790.6895141601562, 1505.6656494140625, 1183.033935546875]",1
frame_0035.png,extras,chair,rolling chair,rolling chair.,0.2,0.2,13,0.4505,"[1172.395751953125, 791.09375, 1504.3883056640625, 1181.897705078125]",1
frame_0035.png,extras,chair,stool chair,stool chair.,0.2,0.2,16,0.489,"[1170.3326416015625, 792.3681640625, 1503.927001953125, 1181.44970703125]",1
frame_0035.png,extras,door,door,door.,0.2,0.2,4,0.3033,"[285.62139892578125, 596.0679931640625, 487.3025817871094, 1011.6024780273438]",1
frame_0035.png,extras,door,dark door surface,dark door surface.,0.2,0.2,5,0.2975,"[31.422142028808594, 540.9783935546875, 314.9967041015625, 1028.765380859375]",1
frame_0035.png,extras,door,wooden door,wooden door.,0.2,0.2,3,0.3912,"[283.464599609375, 594.5010375976562, 487.97998046875, 1013.2726440429688]",1
frame_0035.png,extras,door,closed door,closed door.,0.2,0.2,4,0.3355,"[1.1287808418273926, 547.6394653320312, 101.50133514404297, 1026.657958984375]",1
frame_0035.png,extras,door,interior door,interior door.,0.2,0.2,6,0.355,"[110.3234634399414, 617.3421630859375, 299.66497802734375, 1017.8375854492188]",1
frame_0035.png,extras,electric vehicle,electric vehicle,electric vehicle.,0.2,0.2,4,0.335,"[461.1236267089844, 1104.159423828125, 714.957763671875, 1347.1927490234375]",1
frame_0035.png,extras,electric vehicle,small electric vehicle,small electric vehicle.,0.2,0.2,2,0.555,"[455.6390686035156, 1098.085205078125, 720.5440063476562, 1351.2576904296875]",1
frame_0035.png,extras,electric vehicle,electric cart,electric cart.,0.2,0.2,0,0.0,,0
frame_0035.png,extras,electric vehicle,small electric cart,small electric cart.,0.2,0.2,2,0.5951,"[454.9089050292969, 1097.1448974609375, 721.5342407226562, 1351.3973388671875]",1
frame_0035.png,extras,electric vehicle,compact electric car,compact electric car.,0.2,0.2,1,0.6053,"[458.5394592285156, 1101.8497314453125, 717.8356323242188, 1349.1397705078125]",1
frame_0035.png,extras,electric vehicle,indoor electric vehicle,indoor electric vehicle.,0.2,0.2,7,0.4474,"[5.211210250854492, 3.087136745452881, 2871.954833984375, 1852.9603271484375]",1
frame_0035.png,extras,electric vehicle,robot platform,robot platform.,0.2,0.2,4,0.4406,"[2080.3173828125, 446.3690185546875, 2358.136474609375, 1423.195068359375]",1
frame_0035.png,extras,large power bank,large power bank,large power bank.,0.18,0.18,6,0.3794,"[2076.5390625, 443.0610656738281, 2369.762939453125, 1427.2684326171875]",1
frame_0035.png,extras,large power bank,portable power bank battery,portable power bank battery.,0.18,0.18,4,0.6476,"[459.9482116699219, 1104.330322265625, 715.1655883789062, 1347.1654052734375]",1
frame_0035.png,extras,large power bank,power bank,power bank.,0.18,0.18,4,0.4682,"[2080.16650390625, 446.41497802734375, 2355.693603515625, 1424.71533203125]",1
frame_0035.png,extras,large power bank,battery pack,battery pack.,0.18,0.18,3,0.6002,"[461.02734375, 1105.1328125, 714.392578125, 1347.13330078125]",1
frame_0035.png,extras,large power bank,large battery,large battery.,0.18,0.18,2,0.7104,"[460.3423767089844, 1104.2125244140625, 715.3456420898438, 1347.69677734375]",1
frame_0035.png,extras,large power bank,portable battery,portable battery.,0.18,0.18,1,0.7255,"[460.565673828125, 1104.5460205078125, 714.9563598632812, 1347.38623046875]",1
frame_0035.png,extras,large power bank,rectangular battery box,rectangular battery box.,0.18,0.18,1,0.6896,"[460.31982421875, 1104.2174072265625, 715.383056640625, 1346.6258544921875]",1
frame_0035.png,extras,meeting table set,meeting table set,meeting table set.,0.2,0.2,3,0.5219,"[862.0941772460938, 788.6694946289062, 1507.6339111328125, 1185.768798828125]",1
frame_0035.png,extras,meeting table set,large meeting table,large meeting table.,0.2,0.2,4,0.3803,"[123.43682861328125, 867.211669921875, 450.2248840332031, 1033.791748046875]",1
frame_0035.png,extras,meeting table set,conference table,conference table.,0.2,0.2,7,0.3843,"[131.41769409179688, 879.2080078125, 285.4114685058594, 1027.3436279296875]",1
frame_0035.png,extras,meeting table set,long table with chairs,long table with chairs.,0.2,0.2,3,0.4184,"[861.2903442382812, 785.0357055664062, 1514.0909423828125, 1186.341552734375]",1
frame_0035.png,extras,meeting table set,office meeting table,office meeting table.,0.2,0.2,5,0.4451,"[127.89511108398438, 877.0484619140625, 286.0587463378906, 1028.5914306640625]",1
frame_0035.png,extras,meeting table set,long rectangular table,long rectangular table.,0.2,0.2,3,0.4401,"[5.772714614868164, 990.767578125, 2873.45556640625, 1850.4866943359375]",1
frame_0035.png,extras,plant pot,plant pot,plant pot.,0.2,0.2,1,0.377,"[638.1483154296875, 1007.3037109375, 762.9862670898438, 1140.447265625]",1
frame_0035.png,extras,plant pot,potted plant in plastic pot,potted plant in plastic pot.,0.2,0.2,4,0.4892,"[2079.325927734375, 439.8163757324219, 2390.9560546875, 1423.320556640625]",1
frame_0035.png,extras,plant pot,potted plant,potted plant.,0.2,0.2,1,0.2684,"[638.572998046875, 1007.3751831054688, 763.1950073242188, 1140.7440185546875]",1
frame_0035.png,extras,plant pot,indoor potted plant,indoor potted plant.,0.2,0.2,1,0.3344,"[636.5499267578125, 1003.4771118164062, 764.4882202148438, 1142.0611572265625]",1
frame_0035.png,extras,plant pot,flower pot,flower pot.,0.2,0.2,1,0.6035,"[637.921630859375, 1007.0247802734375, 762.256103515625, 1140.4967041015625]",1
frame_0035.png,extras,plant pot,plastic plant pot,plastic plant pot.,0.2,0.2,1,0.5376,"[636.6423950195312, 1003.2005004882812, 762.9983520507812, 1142.2806396484375]",1
frame_0035.png,extras,shoes,shoes,shoes.,0.18,0.18,6,0.3871,"[602.5130004882812, 1018.8048095703125, 648.3369750976562, 1051.30517578125]",1
frame_0035.png,extras,shoes,pair of indoor shoes,pair of indoor shoes.,0.18,0.18,5,0.4023,"[2077.02197265625, 1286.1971435546875, 2354.27978515625, 1424.095458984375]",1
frame_0035.png,extras,shoes,indoor shoes,indoor shoes.,0.18,0.18,10,0.3934,"[601.437744140625, 1017.8246459960938, 649.6461791992188, 1053.333251953125]",1
frame_0035.png,extras,shoes,pair of shoes,pair of shoes.,0.18,0.18,6,0.4353,"[2076.69189453125, 1284.5047607421875, 2354.84619140625, 1423.5125732421875]",1
frame_0035.png,extras,shoes,sneakers,sneakers.,0.18,0.18,2,0.3581,"[603.2645263671875, 1019.4356079101562, 647.9138793945312, 1050.0914306640625]",1
frame_0035.png,extras,shoes,slippers,slippers.,0.18,0.18,2,0.3339,"[603.1353759765625, 1019.427978515625, 648.1973266601562, 1050.7252197265625]",1
frame_0035.png,extras,shoes,shoe pair on floor,shoe pair on floor.,0.18,0.18,3,0.6384,"[9.702301025390625, 984.6551513671875, 2869.274169921875, 1848.3421630859375]",1
frame_0035.png,extras,trash bin,trash bin,trash bin.,0.2,0.2,0,0.0,,0
frame_0035.png,extras,trash bin,indoor trash bin,indoor trash bin.,0.2,0.2,3,0.4832,"[637.804443359375, 1003.6536865234375, 762.9351806640625, 1141.6956787109375]",1
frame_0035.png,extras,trash bin,garbage bin,garbage bin.,0.2,0.2,2,0.3347,"[639.7235717773438, 1005.4779663085938, 762.101318359375, 1141.2862548828125]",1
frame_0035.png,extras,trash bin,waste bin,waste bin.,0.2,0.2,2,0.3733,"[639.4784545898438, 1005.4423828125, 762.21728515625, 1141.4661865234375]",1
frame_0035.png,extras,trash bin,recycling bin,recycling bin.,0.2,0.2,4,0.4921,"[638.5224609375, 1005.453369140625, 762.5977783203125, 1141.6346435546875]",1
frame_0035.png,extras,trash bin,small trash can,small trash can.,0.2,0.2,1,0.7692,"[633.0194091796875, 997.4889526367188, 767.6510620117188, 1145.1761474609375]",1
frame_0035.png,extras,vacuum cleaner,vacuum cleaner,vacuum cleaner.,0.2,0.2,3,0.6682,"[2080.09326171875, 445.374755859375, 2354.197509765625, 1425.8028564453125]",1
frame_0035.png,extras,vacuum cleaner,upright vacuum cleaner,upright vacuum cleaner.,0.2,0.2,2,0.7108,"[2079.8681640625, 444.2480163574219, 2357.463134765625, 1425.4105224609375]",1
frame_0035.png,extras,vacuum cleaner,stick vacuum,stick vacuum.,0.2,0.2,1,0.2002,"[2082.92626953125, 448.4341125488281, 2352.477294921875, 1424.427734375]",1
frame_0035.png,extras,vacuum cleaner,household vacuum,household vacuum.,0.2,0.2,3,0.6094,"[2081.43310546875, 446.5585021972656, 2353.49560546875, 1423.8729248046875]",1
frame_0035.png,extras,vacuum cleaner,robot vacuum,robot vacuum.,0.2,0.2,3,0.4363,"[2080.883056640625, 445.403564453125, 2358.634033203125, 1425.381103515625]",1
frame_0035.png,extras,vacuum cleaner,cordless vacuum cleaner,cordless vacuum cleaner.,0.2,0.2,2,0.6998,"[2078.980712890625, 444.8598937988281, 2354.996826171875, 1426.8831787109375]",1
frame_0036.png,production,meeting table set,ALL_GROUP,meeting table. conference table. table with chairs. meeting table set.,0.32,0.32,2,0.401,"[164.342041015625, 833.9961547851562, 580.1900634765625, 1071.4332275390625]",1
frame_0036.png,production,chair,ALL_GROUP,chair. chairs. armless chair.,0.36,0.36,7,0.4747,"[254.18603515625, 850.5294189453125, 430.0789489746094, 1066.5672607421875]",1
frame_0036.png,production,bench,ALL_GROUP,bench. metal bench. waiting bench.,0.34,0.34,1,0.4016,"[1805.7623291015625, 773.0143432617188, 2176.682373046875, 1200.5684814453125]",1
frame_0036.png,production,cardboard box+plant pot+shoes,ALL_GROUP,cardboard box. brown cardboard box. cardboard package. plant pot. potted plant. flower pot. indoor plant pot. shoes. pair of shoes. footwear. black shoes.,0.3,0.3,0,0.0,,0
frame_0036.png,production,trash bin+vacuum cleaner,ALL_GROUP,trash bin. trash can. waste bin. recycling bin. row of trash bins. vacuum cleaner. upright vacuum cleaner. cordless vacuum. floor cleaner.,0.25,0.25,1,0.2994,"[100.1203842163086, 834.3463745117188, 220.6548614501953, 1012.946044921875]",1
frame_0036.png,production,large power bank,ALL_GROUP,large power bank. portable power station. battery pack. power bank.,0.28,0.28,1,0.3074,"[1213.185546875, 1080.513916015625, 1411.93359375, 1293.96337890625]",1
frame_0036.png,production,door,ALL_GROUP,door. doors. dark door. elevator sliding door. sliding door.,0.26,0.26,4,0.3003,"[746.4356689453125, 653.5468139648438, 856.8245849609375, 1000.7085571289062]",1
frame_0036.png,production,electric vehicle,ALL_GROUP,electric vehicle. small electric vehicle. mobility scooter. scooter.,0.28,0.28,1,0.38,"[98.52264404296875, 838.3001708984375, 229.22909545898438, 1013.77099609375]",1
frame_0036.png,extras,bench,bench,bench.,0.2,0.2,4,0.236,"[1.714167594909668, 1738.6409912109375, 443.5239562988281, 1856.99169921875]",1
frame_0036.png,extras,bench,metal bench,metal bench.,0.2,0.2,5,0.4407,"[1812.736572265625, 771.8194580078125, 2176.54736328125, 1198.9085693359375]",1
frame_0036.png,extras,bench,waiting bench,waiting bench.,0.2,0.2,2,0.4656,"[1807.404296875, 772.5309448242188, 2175.90087890625, 1200.0888671875]",1
frame_0036.png,extras,bench,long bench,long bench.,0.2,0.2,4,0.3753,"[1491.709716796875, 773.443359375, 2175.937255859375, 1199.296142578125]",1
frame_0036.png,extras,bench,indoor bench,indoor bench.,0.2,0.2,10,0.4263,"[1491.86181640625, 773.2628173828125, 2174.43115234375, 1198.7052001953125]",1
frame_0036.png,extras,cardboard box,cardboard box,cardboard box.,0.2,0.2,2,0.3199,"[1216.1116943359375, 1083.3587646484375, 1410.457763671875, 1291.662109375]",1
frame_0036.png,extras,cardboard box,brown cardboard box,brown cardboard box.,0.2,0.2,5,0.4592,"[1213.6331787109375, 1082.2373046875, 1413.3641357421875, 1292.7408447265625]",1
frame_0036.png,extras,cardboard box,shipping box,shipping box.,0.2,0.2,2,0.4577,"[1215.6605224609375, 1083.7147216796875, 1409.8072509765625, 1291.66259765625]",1
frame_0036.png,extras,cardboard box,package box,package box.,0.2,0.2,1,0.2292,"[1216.0697021484375, 1083.2073974609375, 1409.972412109375, 1291.8433837890625]",1
frame_0036.png,extras,cardboard box,stacked box,stacked box.,0.2,0.2,2,0.2593,"[1215.9644775390625, 1083.595458984375, 1410.05908203125, 1291.810546875]",1
frame_0036.png,extras,cardboard box,box,box.,0.2,0.2,2,0.3791,"[1216.42333984375, 1085.0714111328125, 1408.3363037109375, 1290.994384765625]",1
frame_0036.png,extras,chair,chair,chair.,0.2,0.2,15,0.3839,"[1820.23681640625, 774.1775512695312, 2172.472900390625, 1197.8555908203125]",1
frame_0036.png,extras,chair,armless chair,armless chair.,0.2,0.2,9,0.4964,"[1818.602783203125, 772.215576171875, 2176.320068359375, 1200.21875]",1
frame_0036.png,extras,chair,office chair,office chair.,0.2,0.2,23,0.5232,"[1813.5875244140625, 773.099853515625, 2174.957275390625, 1198.7347412109375]",1
frame_0036.png,extras,chair,swivel chair,swivel chair.,0.2,0.2,8,0.498,"[1814.973388671875, 772.12255859375, 2176.5791015625, 1200.79443359375]",1
frame_0036.png,extras,chair,rolling chair,rolling chair.,0.2,0.2,16,0.4932,"[1820.203369140625, 772.4835205078125, 2175.40478515625, 1199.074462890625]",1
frame_0036.png,extras,chair,stool chair,stool chair.,0.2,0.2,23,0.474,"[1056.802490234375, 892.7645874023438, 1128.856689453125, 1004.70458984375]",1
frame_0036.png,extras,door,door,door.,0.2,0.2,7,0.3136,"[748.0151977539062, 655.8955688476562, 851.4173583984375, 998.47021484375]",1
frame_0036.png,extras,door,dark door surface,dark door surface.,0.2,0.2,5,0.3005,"[743.8997192382812, 642.8283081054688, 1023.6119995117188, 1006.9042358398438]",1
frame_0036.png,extras,door,wooden door,wooden door.,0.2,0.2,6,0.3566,"[745.4776611328125, 653.890625, 855.2135620117188, 999.9998168945312]",1
frame_0036.png,extras,door,closed door,closed door.,0.2,0.2,6,0.3944,"[745.4422607421875, 653.7440185546875, 852.932861328125, 1000.0482788085938]",1
frame_0036.png,extras,door,interior door,interior door.,0.2,0.2,8,0.3702,"[746.7116088867188, 654.3117065429688, 853.0223999023438, 999.1651000976562]",1
frame_0036.png,extras,electric vehicle,electric vehicle,electric vehicle.,0.2,0.2,2,0.4874,"[101.09476470947266, 837.3246459960938, 225.7596893310547, 1011.4306030273438]",1
frame_0036.png,extras,electric vehicle,small electric vehicle,small electric vehicle.,0.2,0.2,1,0.7181,"[98.11940002441406, 836.5961303710938, 230.03273010253906, 1013.9703369140625]",1
frame_0036.png,extras,electric vehicle,electric cart,electric cart.,0.2,0.2,1,0.2776,"[100.80724334716797, 837.8817138671875, 223.2886505126953, 1011.8446044921875]",1
frame_0036.png,extras,electric vehicle,small electric cart,small electric cart.,0.2,0.2,2,0.6016,"[99.54698181152344, 836.8665771484375, 225.9166259765625, 1013.809814453125]",1
frame_0036.png,extras,electric vehicle,compact electric car,compact electric car.,0.2,0.2,5,0.3968,"[1212.7838134765625, 1078.03759765625, 1413.264892578125, 1294.35791015625]",1
frame_0036.png,extras,electric vehicle,indoor electric vehicle,indoor electric vehicle.,0.2,0.2,6,0.4987,"[101.0553970336914, 836.6558837890625, 226.4652099609375, 1011.3375244140625]",1
frame_0036.png,extras,electric vehicle,robot platform,robot platform.,0.2,0.2,5,0.3967,"[1214.707275390625, 1080.31884765625, 1411.2254638671875, 1292.8797607421875]",1
frame_0036.png,extras,large power bank,large power bank,large power bank.,0.18,0.18,6,0.3826,"[1210.06787109375, 1077.0936279296875, 1414.827880859375, 1295.6707763671875]",1
frame_0036.png,extras,large power bank,portable power bank battery,portable power bank battery.,0.18,0.18,1,0.7354,"[1213.3944091796875, 1083.17822265625, 1410.923095703125, 1292.8953857421875]",1
frame_0036.png,extras,large power bank,power bank,power bank.,0.18,0.18,5,0.4054,"[1214.2301025390625, 1081.4354248046875, 1410.7255859375, 1293.4896240234375]",1
frame_0036.png,extras,large power bank,battery pack,battery pack.,0.18,0.18,1,0.4557,"[1215.2342529296875, 1083.580810546875, 1409.9635009765625, 1292.65869140625]",1
frame_0036.png,extras,large power bank,large battery,large battery.,0.18,0.18,1,0.7532,"[1213.5550537109375, 1082.0009765625, 1411.3460693359375, 1293.38720703125]",1
frame_0036.png,extras,large power bank,portable battery,portable battery.,0.18,0.18,1,0.7449,"[1214.19970703125, 1082.9500732421875, 1410.5408935546875, 1292.7525634765625]",1
frame_0036.png,extras,large power bank,rectangular battery box,rectangular battery box.,0.18,0.18,1,0.7142,"[1213.696044921875, 1082.7451171875, 1411.296875, 1292.4393310546875]",1
frame_0036.png,extras,meeting table set,meeting table set,meeting table set.,0.2,0.2,4,0.5094,"[1487.35498046875, 770.5985107421875, 2177.66455078125, 1200.9034423828125]",1
frame_0036.png,extras,meeting table set,large meeting table,large meeting table.,0.2,0.2,2,0.4978,"[166.22164916992188, 845.9077758789062, 570.7339477539062, 1066.244140625]",1
frame_0036.png,extras,meeting table set,conference table,conference table.,0.2,0.2,7,0.4284,"[170.46034240722656, 860.8233032226562, 567.145263671875, 1062.1209716796875]",1
frame_0036.png,extras,meeting table set,long table with chairs,long table with chairs.,0.2,0.2,3,0.4517,"[168.8002471923828, 842.166259765625, 575.9249877929688, 1068.064697265625]",1
frame_0036.png,extras,meeting table set,office meeting table,office meeting table.,0.2,0.2,4,0.4734,"[169.19102478027344, 854.32080078125, 568.335693359375, 1062.9267578125]",1
frame_0036.png,extras,meeting table set,long rectangular table,long rectangular table.,0.2,0.2,3,0.4608,"[168.7659454345703, 856.87451171875, 570.6734008789062, 1063.269287109375]",1
frame_0036.png,extras,plant pot,plant pot,plant pot.,0.2,0.2,1,0.3138,"[1315.1461181640625, 997.0121459960938, 1419.904052734375, 1111.5716552734375]",1
frame_0036.png,extras,plant pot,potted plant in plastic pot,potted plant in plastic pot.,0.2,0.2,4,0.4855,"[1304.9178466796875, 986.8736572265625, 1426.1427001953125, 1119.6741943359375]",1
frame_0036.png,extras,plant pot,potted plant,potted plant.,0.2,0.2,1,0.2345,"[1315.1640625, 997.1282958984375, 1420.7193603515625, 1111.8809814453125]",1
frame_0036.png,extras,plant pot,indoor potted plant,indoor potted plant.,0.2,0.2,1,0.2969,"[1314.1282958984375, 994.0784301757812, 1422.0302734375, 1113.8543701171875]",1
frame_0036.png,extras,plant pot,flower pot,flower pot.,0.2,0.2,2,0.5757,"[1314.6905517578125, 996.8429565429688, 1419.402587890625, 1111.7330322265625]",1
frame_0036.png,extras,plant pot,plastic plant pot,plastic plant pot.,0.2,0.2,1,0.5069,"[1313.234130859375, 993.7473754882812, 1420.74951171875, 1113.6243896484375]",1
frame_0036.png,extras,shoes,shoes,shoes.,0.18,0.18,2,0.2584,"[1261.62109375, 1005.906005859375, 1317.8026123046875, 1033.3123779296875]",1
frame_0036.png,extras,shoes,pair of indoor shoes,pair of indoor shoes.,0.18,0.18,3,0.5056,"[1253.97119140625, 996.5798950195312, 1324.828125, 1040.6153564453125]",1
frame_0036.png,extras,shoes,indoor shoes,indoor shoes.,0.18,0.18,8,0.4064,"[1260.2877197265625, 1004.14306640625, 1320.263916015625, 1036.162353515625]",1
frame_0036.png,extras,shoes,pair of shoes,pair of shoes.,0.18,0.18,3,0.5316,"[1253.3548583984375, 995.7787475585938, 1324.7640380859375, 1041.256103515625]",1
frame_0036.png,extras,shoes,sneakers,sneakers.,0.18,0.18,3,0.2406,"[1262.893310546875, 1006.777099609375, 1316.945068359375, 1032.1748046875]",1
frame_0036.png,extras,shoes,slippers,slippers.,0.18,0.18,2,0.2387,"[1261.638427734375, 1007.1110229492188, 1308.92822265625, 1031.8743896484375]",1
frame_0036.png,extras,shoes,shoe pair on floor,shoe pair on floor.,0.18,0.18,3,0.6733,"[9.741525650024414, 969.5410766601562, 2869.748291015625, 1848.60791015625]",1
frame_0036.png,extras,trash bin,trash bin,trash bin.,0.2,0.2,0,0.0,,0
frame_0036.png,extras,trash bin,indoor trash bin,indoor trash bin.,0.2,0.2,3,0.3834,"[1314.1904296875, 994.170654296875, 1420.2203369140625, 1113.444580078125]",1
frame_0036.png,extras,trash bin,garbage bin,garbage bin.,0.2,0.2,1,0.2371,"[1315.939697265625, 995.4906005859375, 1419.448486328125, 1113.0718994140625]",1
frame_0036.png,extras,trash bin,waste bin,waste bin.,0.2,0.2,1,0.2597,"[1315.5892333984375, 995.3770141601562, 1419.766357421875, 1113.3043212890625]",1
frame_0036.png,extras,trash bin,recycling bin,recycling bin.,0.2,0.2,3,0.3915,"[1314.516357421875, 995.361572265625, 1420.3245849609375, 1113.2694091796875]",1
frame_0036.png,extras,trash bin,small trash can,small trash can.,0.2,0.2,1,0.6936,"[1309.8170166015625, 988.7662353515625, 1423.36572265625, 1116.7572021484375]",1
frame_0036.png,extras,vacuum cleaner,vacuum cleaner,vacuum cleaner.,0.2,0.2,1,0.5796,"[100.87337493896484, 835.1138916015625, 221.44772338867188, 1011.8099975585938]",1
frame_0036.png,extras,vacuum cleaner,upright vacuum cleaner,upright vacuum cleaner.,0.2,0.2,1,0.6432,"[100.17477416992188, 834.1170043945312, 220.4969940185547, 1013.1022338867188]",1
frame_0036.png,extras,vacuum cleaner,stick vacuum,stick vacuum.,0.2,0.2,2,0.3387,"[102.99869537353516, 836.7344970703125, 218.4170379638672, 1010.5511474609375]",1
frame_0036.png,extras,vacuum cleaner,household vacuum,household vacuum.,0.2,0.2,2,0.564,"[102.14492797851562, 836.0201416015625, 219.74703979492188, 1011.2207641601562]",1
frame_0036.png,extras,vacuum cleaner,robot vacuum,robot vacuum.,0.2,0.2,1,0.5301,"[101.32249450683594, 836.0701904296875, 220.51229858398438, 1011.6298828125]",1
frame_0036.png,extras,vacuum cleaner,cordless vacuum cleaner,cordless vacuum cleaner.,0.2,0.2,2,0.6421,"[99.68183898925781, 835.1837768554688, 222.7421417236328, 1013.0731201171875]",1
frame_0037.png,production,meeting table set,ALL_GROUP,meeting table. conference table. table with chairs. meeting table set.,0.32,0.32,1,0.3902,"[165.20875549316406, 835.187255859375, 579.1026000976562, 1071.728759765625]",1
frame_0037.png,production,chair,ALL_GROUP,chair. chairs. armless chair.,0.36,0.36,9,0.473,"[252.237548828125, 850.61865234375, 429.8174743652344, 1066.8917236328125]",1
frame_0037.png,production,bench,ALL_GROUP,bench. metal bench. waiting bench.,0.34,0.34,1,0.4037,"[1802.9072265625, 773.1494750976562, 2177.884033203125, 1201.176513671875]",1
frame_0037.png,production,cardboard box+plant pot+shoes,ALL_GROUP,cardboard box. brown cardboard box. cardboard package. plant pot. potted plant. flower pot. indoor plant pot. shoes. pair of shoes. footwear. black shoes.,0.3,0.3,0,0.0,,0
frame_0037.png,production,trash bin+vacuum cleaner,ALL_GROUP,trash bin. trash can. waste bin. recycling bin. row of trash bins. vacuum cleaner. upright vacuum cleaner. cordless vacuum. floor cleaner.,0.25,0.25,1,0.2983,"[99.61761474609375, 834.78955078125, 220.80104064941406, 1013.2908325195312]",1
frame_0037.png,production,large power bank,ALL_GROUP,large power bank. portable power station. battery pack. power bank.,0.28,0.28,1,0.325,"[1212.285400390625, 1081.0914306640625, 1412.1031494140625, 1295.1927490234375]",1
frame_0037.png,production,door,ALL_GROUP,door. doors. dark door. elevator sliding door. sliding door.,0.26,0.26,3,0.2974,"[745.9959716796875, 653.302978515625, 855.1487426757812, 1000.7992553710938]",1
frame_0037.png,production,electric vehicle,ALL_GROUP,electric vehicle. small electric vehicle. mobility scooter. scooter.,0.28,0.28,1,0.3339,"[98.08482360839844, 839.5366821289062, 228.2931671142578, 1014.2402954101562]",1
frame_0037.png,extras,bench,bench,bench.,0.2,0.2,4,0.2447,"[1.6991901397705078, 1738.52978515625, 447.0871276855469, 1857.051025390625]",1
frame_0037.png,extras,bench,metal bench,metal bench.,0.2,0.2,5,0.4378,"[1808.1771240234375, 771.6134643554688, 2177.79931640625, 1199.664306640625]",1
frame_0037.png,extras,bench,waiting bench,waiting bench.,0.2,0.2,2,0.466,"[1805.19287109375, 772.3997802734375, 2177.213623046875, 1200.9364013671875]",1
frame_0037.png,extras,bench,long bench,long bench.,0.2,0.2,4,0.387,"[1491.76513671875, 773.3539428710938, 2177.2255859375, 1200.0810546875]",1
frame_0037.png,extras,bench,indoor bench,indoor bench.,0.2,0.2,10,0.4324,"[1491.815673828125, 773.2886352539062, 2175.87255859375, 1199.42724609375]",1
frame_0037.png,extras,cardboard box,cardboard box,cardboard box.,0.2,0.2,2,0.3401,"[1215.210205078125, 1084.40087890625, 1410.4246826171875, 1292.5673828125]",1
frame_0037.png,extras,cardboard box,brown cardboard box,brown cardboard box.,0.2,0.2,4,0.4535,"[1213.046142578125, 1083.713623046875, 1413.41650390625, 1293.6444091796875]",1
frame_0037.png,extras,cardboard box,shipping box,shipping box.,0.2,0.2,1,0.4627,"[1214.8963623046875, 1084.5318603515625, 1409.7548828125, 1292.647705078125]",1
frame_0037.png,extras,cardboard box,package box,package box.,0.2,0.2,1,0.2343,"[1215.2337646484375, 1084.0086669921875, 1409.8184814453125, 1292.79541015625]",1
frame_0037.png,extras,cardboard box,stacked box,stacked box.,0.2,0.2,2,0.2665,"[1215.126953125, 1084.4981689453125, 1409.9383544921875, 1292.799560546875]",1
frame_0037.png,extras,cardboard box,box,box.,0.2,0.2,2,0.383,"[1215.6309814453125, 1085.8604736328125, 1408.09619140625, 1291.75830078125]",1
frame_0037.png,extras,chair,chair,chair.,0.2,0.2,12,0.3865,"[1803.2332763671875, 773.8907470703125, 2174.2841796875, 1198.288330078125]",1
frame_0037.png,extras,chair,armless chair,armless chair.,0.2,0.2,8,0.485,"[1812.59375, 772.1792602539062, 2177.864501953125, 1200.7579345703125]",1
frame_0037.png,extras,chair,office chair,office chair.,0.2,0.2,19,0.535,"[1805.5865478515625, 773.0162963867188, 2176.3310546875, 1199.21142578125]",1
frame_0037.png,extras,chair,swivel chair,swivel chair.,0.2,0.2,8,0.4956,"[1809.695068359375, 771.9904174804688, 2177.93701171875, 1201.3577880859375]",1
frame_0037.png,extras,chair,rolling chair,rolling chair.,0.2,0.2,16,0.482,"[1812.9896240234375, 772.3043212890625, 2177.024658203125, 1199.667724609375]",1
frame_0037.png,extras,chair,stool chair,stool chair.,0.2,0.2,25,0.4783,"[1806.85009765625, 773.7784423828125, 2175.6865234375, 1198.849609375]",1
frame_0037.png,extras,door,door,door.,0.2,0.2,7,0.314,"[747.2847900390625, 655.4976196289062, 850.8915405273438, 998.7111206054688]",1
frame_0037.png,extras,door,dark door surface,dark door surface.,0.2,0.2,4,0.3113,"[743.446044921875, 643.0353393554688, 1023.8497314453125, 1007.3342895507812]",1
frame_0037.png,extras,door,wooden door,wooden door.,0.2,0.2,6,0.3548,"[744.990234375, 653.3703002929688, 854.5465698242188, 1000.1281127929688]",1
frame_0037.png,extras,door,closed door,closed door.,0.2,0.2,7,0.3819,"[745.0237426757812, 653.31689453125, 852.078857421875, 1000.138427734375]",1
frame_0037.png,extras,door,interior door,interior door.,0.2,0.2,8,0.3626,"[746.237060546875, 653.850830078125, 851.8114013671875, 999.2319946289062]",1
frame_0037.png,extras,electric vehicle,electric vehicle,electric vehicle.,0.2,0.2,2,0.4387,"[100.72276306152344, 837.5984497070312, 224.5975341796875, 1011.5101318359375]",1
frame_0037.png,extras,electric vehicle,small electric vehicle,small electric vehicle.,0.2,0.2,1,0.686,"[97.86935424804688, 837.1078491210938, 229.49452209472656, 1014.339599609375]",1
frame_0037.png,extras,electric vehicle,electric cart,electric cart.,0.2,0.2,1,0.272,"[100.4052963256836, 838.33740234375, 223.47718811035156, 1012.2035522460938]",1
frame_0037.png,extras,electric vehicle,small electric cart,small electric cart.,0.2,0.2,3,0.5835,"[99.23735809326172, 837.6842651367188, 225.5950469970703, 1014.2422485351562]",1
frame_0037.png,extras,electric vehicle,compact electric car,compact electric car.,0.2,0.2,5,0.4341,"[1211.510009765625, 1078.25146484375, 1413.4652099609375, 1295.581298828125]",1
frame_0037.png,extras,electric vehicle,indoor electric vehicle,indoor electric vehicle.,0.2,0.2,7,0.4484,"[100.46061706542969, 837.2130126953125, 226.08067321777344, 1011.51220703125]",1
frame_0037.png,extras,electric vehicle,robot platform,robot platform.,0.2,0.2,5,0.3933,"[1213.8050537109375, 1080.7861328125, 1411.25927734375, 1293.8616943359375]",1
frame_0037.png,extras,large power bank,large power bank,large power bank.,0.18,0.18,6,0.3919,"[1209.10595703125, 1077.7291259765625, 1414.878173828125, 1296.9246826171875]",1
frame_0037.png,extras,large power bank,portable power bank battery,portable power bank battery.,0.18,0.18,1,0.7393,"[1212.7298583984375, 1083.8931884765625, 1410.8548583984375, 1293.853271484375]",1
frame_0037.png,extras,large power bank,power bank,power bank.,0.18,0.18,4,0.418,"[1213.2713623046875, 1082.048583984375, 1410.6507568359375, 1294.46484375]",1
frame_0037.png,extras,large power bank,battery pack,battery pack.,0.18,0.18,1,0.4731,"[1214.4390869140625, 1084.232421875, 1409.945556640625, 1293.687255859375]",1
frame_0037.png,extras,large power bank,large battery,large battery.,0.18,0.18,1,0.7522,"[1212.8831787109375, 1082.7308349609375, 1411.348388671875, 1294.4090576171875]",1
frame_0037.png,extras,large power bank,portable battery,portable battery.,0.18,0.18,1,0.7438,"[1213.495849609375, 1083.6839599609375, 1410.4969482421875, 1293.7607421875]",1
frame_0037.png,extras,large power bank,rectangular battery box,rectangular battery box.,0.18,0.18,1,0.7157,"[1212.9644775390625, 1083.395263671875, 1411.34521484375, 1293.5054931640625]",1
frame_0037.png,extras,meeting table set,meeting table set,meeting table set.,0.2,0.2,3,0.5068,"[1487.253173828125, 770.2849731445312, 2179.269287109375, 1201.6422119140625]",1
frame_0037.png,extras,meeting table set,large meeting table,large meeting table.,0.2,0.2,3,0.5317,"[165.12619018554688, 845.7835083007812, 571.2930297851562, 1066.851806640625]",1
frame_0037.png,extras,meeting table set,conference table,conference table.,0.2,0.2,8,0.4515,"[169.6753692626953, 861.1927490234375, 566.2374877929688, 1062.3577880859375]",1
frame_0037.png,extras,meeting table set,long table with chairs,long table with chairs.,0.2,0.2,3,0.4357,"[169.0207977294922, 842.2115478515625, 575.165771484375, 1068.3035888671875]",1
frame_0037.png,extras,meeting table set,office meeting table,office meeting table.,0.2,0.2,4,0.4968,"[168.50840759277344, 854.407470703125, 567.8949584960938, 1063.4022216796875]",1
frame_0037.png,extras,meeting table set,long rectangular table,long rectangular table.,0.2,0.2,3,0.4637,"[168.2672882080078, 856.79248046875, 570.3121948242188, 1063.7413330078125]",1
frame_0037.png,extras,plant pot,plant pot,plant pot.,0.2,0.2,1,0.3033,"[1315.3013916015625, 997.169677734375, 1419.5426025390625, 1111.7105712890625]",1
frame_0037.png,extras,plant pot,potted plant in plastic pot,potted plant in plastic pot.,0.2,0.2,3,0.5058,"[1304.1475830078125, 986.498046875, 1426.4652099609375, 1120.3218994140625]",1
frame_0037.png,extras,plant pot,potted plant,potted plant.,0.2,0.2,1,0.2256,"[1315.48388671875, 997.2794189453125, 1420.4110107421875, 1112.0482177734375]",1
frame_0037.png,extras,plant pot,indoor potted plant,indoor potted plant.,0.2,0.2,1,0.2876,"[1314.450927734375, 994.053955078125, 1421.808349609375, 1114.1885986328125]",1
frame_0037.png,extras,plant pot,flower pot,flower pot.,0.2,0.2,2,0.5685,"[1314.7667236328125, 996.9216918945312, 1419.0263671875, 1111.7889404296875]",1
frame_0037.png,extras,plant pot,plastic plant pot,plastic plant pot.,0.2,0.2,1,0.5029,"[1313.2977294921875, 993.7815551757812, 1420.708251953125, 1113.7957763671875]",1
frame_0037.png,extras,shoes,shoes,shoes.,0.18,0.18,2,0.2497,"[1261.2908935546875, 1006.1805419921875, 1317.89208984375, 1033.4844970703125]",1
frame_0037.png,extras,shoes,pair of indoor shoes,pair of indoor shoes.,0.18,0.18,2,0.5183,"[1253.8187255859375, 996.90771484375, 1324.80859375, 1040.9591064453125]",1
frame_0037.png,extras,shoes,indoor shoes,indoor shoes.,0.18,0.18,8,0.3963,"[1260.0240478515625, 1004.3837280273438, 1320.13671875, 1036.619873046875]",1
frame_0037.png,extras,shoes,pair of shoes,pair of shoes.,0.18,0.18,2,0.5472,"[1252.9609375, 995.8685913085938, 1324.9793701171875, 1041.6900634765625]",1
frame_0037.png,extras,shoes,sneakers,sneakers.,0.18,0.18,3,0.2257,"[1262.8681640625, 1007.0359497070312, 1316.89892578125, 1032.3775634765625]",1
frame_0037.png,extras,shoes,slippers,slippers.,0.18,0.18,1,0.2344,"[1262.0189208984375, 1007.2916259765625, 1316.7939453125, 1032.7384033203125]",1
frame_0037.png,extras,shoes,shoe pair on floor,shoe pair on floor.,0.18,0.18,3,0.6735,"[9.84323501586914, 969.03955078125, 2869.73583984375, 1848.5865478515625]",1
frame_0037.png,extras,trash bin,trash bin,trash bin.,0.2,0.2,0,0.0,,0
frame_0037.png,extras,trash bin,indoor trash bin,indoor trash bin.,0.2,0.2,3,0.3759,"[1314.4200439453125, 994.1837768554688, 1420.107666015625, 1113.353271484375]",1
frame_0037.png,extras,trash bin,garbage bin,garbage bin.,0.2,0.2,1,0.2373,"[1316.0333251953125, 995.531982421875, 1419.2000732421875, 1112.9449462890625]",1
frame_0037.png,extras,trash bin,waste bin,waste bin.,0.2,0.2,1,0.2567,"[1315.712646484375, 995.40966796875, 1419.515380859375, 1113.172607421875]",1
frame_0037.png,extras,trash bin,recycling bin,recycling bin.,0.2,0.2,2,0.3942,"[1314.734619140625, 995.384521484375, 1420.239990234375, 1113.18994140625]",1
frame_0037.png,extras,trash bin,small trash can,small trash can.,0.2,0.2,1,0.7063,"[1309.88330078125, 988.8656005859375, 1423.4068603515625, 1116.8408203125]",1
frame_0037.png,extras,vacuum cleaner,vacuum cleaner,vacuum cleaner.,0.2,0.2,1,0.587,"[100.51533508300781, 835.5650634765625, 221.2190704345703, 1012.0015869140625]",1
frame_0037.png,extras,vacuum cleaner,upright vacuum cleaner,upright vacuum cleaner.,0.2,0.2,1,0.6378,"[99.772705078125, 834.631591796875, 220.16671752929688, 1013.4238891601562]",1
frame_0037.png,extras,vacuum cleaner,stick vacuum,stick vacuum.,0.2,0.2,2,0.348,"[102.61962890625, 836.914794921875, 218.48574829101562, 1010.48828125]",1
frame_0037.png,extras,vacuum cleaner,household vacuum,household vacuum.,0.2,0.2,2,0.5618,"[101.65168762207031, 836.4533081054688, 219.55442810058594, 1011.34912109375]",1
frame_0037.png,extras,vacuum cleaner,robot vacuum,robot vacuum.,0.2,0.2,1,0.5393,"[100.7944564819336, 836.5404052734375, 221.00820922851562, 1011.8333129882812]",1
frame_0037.png,extras,vacuum cleaner,cordless vacuum cleaner,cordless vacuum cleaner.,0.2,0.2,2,0.6358,"[99.22209167480469, 835.673583984375, 222.65673828125, 1013.3472900390625]",1
frame_0038.png,production,meeting table set,ALL_GROUP,meeting table. conference table. table with chairs. meeting table set.,0.32,0.32,2,0.3916,"[147.39903259277344, 834.4207153320312, 562.3187255859375, 1072.8470458984375]",1
frame_0038.png,production,chair,ALL_GROUP,chair. chairs. armless chair.,0.36,0.36,11,0.4671,"[248.1195068359375, 849.5389404296875, 411.97930908203125, 1068.4498291015625]",1
frame_0038.png,production,bench,ALL_GROUP,bench. metal bench. waiting bench.,0.34,0.34,1,0.3725,"[1823.028076171875, 766.0581665039062, 2206.170654296875, 1211.5528564453125]",1
frame_0038.png,production,cardboard box+plant pot+shoes,ALL_GROUP,cardboard box. brown cardboard box. cardboard package. plant pot. potted plant. flower pot. indoor plant pot. shoes. pair of shoes. footwear. black shoes.,0.3,0.3,0,0.0,,0
frame_0038.png,production,trash bin+vacuum cleaner,ALL_GROUP,trash bin. trash can. waste bin. recycling bin. row of trash bins. vacuum cleaner. upright vacuum cleaner. cordless vacuum. floor cleaner.,0.25,0.25,1,0.2779,"[88.85614013671875, 833.501708984375, 191.29542541503906, 1012.40380859375]",1
frame_0038.png,production,large power bank,ALL_GROUP,large power bank. portable power station. battery pack. power bank.,0.28,0.28,1,0.3922,"[1198.6678466796875, 1086.8868408203125, 1411.83837890625, 1317.18359375]",1
frame_0038.png,production,door,ALL_GROUP,door. doors. dark door. elevator sliding door. sliding door.,0.26,0.26,3,0.2877,"[738.8712768554688, 648.6301879882812, 851.8107299804688, 1001.1961669921875]",1
frame_0038.png,production,electric vehicle,ALL_GROUP,electric vehicle. small electric vehicle. mobility scooter. scooter.,0.28,0.28,0,0.0,,0
frame_0038.png,extras,bench,bench,bench.,0.2,0.2,3,0.2487,"[1.6234874725341797, 1738.7437744140625, 445.96112060546875, 1857.17626953125]",1
frame_0038.png,extras,bench,metal bench,metal bench.,0.2,0.2,6,0.3704,"[1827.1800537109375, 765.4412231445312, 2205.7451171875, 1210.0709228515625]",1
frame_0038.png,extras,bench,waiting bench,waiting bench.,0.2,0.2,3,0.381,"[1824.235107421875, 765.6915283203125, 2205.162353515625, 1211.2452392578125]",1
frame_0038.png,extras,bench,long bench,long bench.,0.2,0.2,4,0.385,"[1492.96337890625, 766.7534790039062, 2205.706298828125, 1210.587646484375]",1
frame_0038.png,extras,bench,indoor bench,indoor bench.,0.2,0.2,8,0.4055,"[1492.8380126953125, 766.4073486328125, 2204.345703125, 1209.983642578125]",1
frame_0038.png,extras,cardboard box,cardboard box,cardboard box.,0.2,0.2,1,0.3145,"[1201.873291015625, 1090.8341064453125, 1409.67822265625, 1314.494384765625]",1
frame_0038.png,extras,cardboard box,brown cardboard box,brown cardboard box.,0.2,0.2,3,0.4511,"[1199.537841796875, 1089.642333984375, 1412.69580078125, 1315.385986328125]",1
frame_0038.png,extras,cardboard box,shipping box,shipping box.,0.2,0.2,1,0.48,"[1201.4432373046875, 1090.5345458984375, 1408.7431640625, 1314.2733154296875]",1
frame_0038.png,extras,cardboard box,package box,package box.,0.2,0.2,1,0.2618,"[1201.820556640625, 1090.401123046875, 1408.828125, 1314.602294921875]",1
frame_0038.png,extras,cardboard box,stacked box,stacked box.,0.2,0.2,1,0.2525,"[1201.94287109375, 1090.78759765625, 1409.0789794921875, 1314.345703125]",1
frame_0038.png,extras,cardboard box,box,box.,0.2,0.2,2,0.3632,"[1202.390869140625, 1092.7586669921875, 1407.5897216796875, 1313.3746337890625]",1
frame_0038.png,extras,chair,chair,chair.,0.2,0.2,14,0.3963,"[1839.3037109375, 766.29248046875, 2201.796630859375, 1209.1173095703125]",1
frame_0038.png,extras,chair,armless chair,armless chair.,0.2,0.2,10,0.4975,"[1835.1092529296875, 765.1678466796875, 2205.771728515625, 1211.773193359375]",1
frame_0038.png,extras,chair,office chair,office chair.,0.2,0.2,20,0.5392,"[408.89337158203125, 855.9978637695312, 551.5048217773438, 1056.19677734375]",1
frame_0038.png,extras,chair,swivel chair,swivel chair.,0.2,0.2,8,0.5182,"[1832.576171875, 765.02490234375, 2206.025146484375, 1212.48095703125]",1
frame_0038.png,extras,chair,rolling chair,rolling chair.,0.2,0.2,14,0.4971,"[1835.25439453125, 765.4320678710938, 2204.86279296875, 1210.815673828125]",1
frame_0038.png,extras,chair,stool chair,stool chair.,0.2,0.2,22,0.477,"[1053.072021484375, 891.3707275390625, 1124.762451171875, 1004.4961547851562]",1
frame_0038.png,extras,door,door,door.,0.2,0.2,7,0.2938,"[740.8470458984375, 652.1107788085938, 844.4445190429688, 998.9551391601562]",1
frame_0038.png,extras,door,dark door surface,dark door surface.,0.2,0.2,4,0.3219,"[736.8424072265625, 643.1253662109375, 1020.9893188476562, 1006.1589965820312]",1
frame_0038.png,extras,door,wooden door,wooden door.,0.2,0.2,5,0.3315,"[738.4585571289062, 650.48876953125, 847.4127197265625, 1000.2901611328125]",1
frame_0038.png,extras,door,closed door,closed door.,0.2,0.2,5,0.3597,"[738.6185913085938, 650.6522827148438, 844.6350708007812, 1000.0841674804688]",1
frame_0038.png,extras,door,interior door,interior door.,0.2,0.2,9,0.3509,"[739.7721557617188, 650.6134643554688, 846.4473266601562, 999.2693481445312]",1
frame_0038.png,extras,electric vehicle,electric vehicle,electric vehicle.,0.2,0.2,3,0.339,"[89.7867202758789, 838.1113891601562, 206.58309936523438, 1011.1928100585938]",1
frame_0038.png,extras,electric vehicle,small electric vehicle,small electric vehicle.,0.2,0.2,3,0.5072,"[86.44001770019531, 836.3585815429688, 211.0006103515625, 1014.441162109375]",1
frame_0038.png,extras,electric vehicle,electric cart,electric cart.,0.2,0.2,1,0.2087,"[89.10115814208984, 840.68408203125, 205.71376037597656, 1012.3446044921875]",1
frame_0038.png,extras,electric vehicle,small electric cart,small electric cart.,0.2,0.2,3,0.5318,"[87.69432830810547, 839.1854248046875, 208.79776000976562, 1014.4021606445312]",1
frame_0038.png,extras,electric vehicle,compact electric car,compact electric car.,0.2,0.2,2,0.4837,"[1197.715576171875, 1084.9111328125, 1412.664794921875, 1317.7421875]",1
frame_0038.png,extras,electric vehicle,indoor electric vehicle,indoor electric vehicle.,0.2,0.2,10,0.415,"[4.682149887084961, 4.218676567077637, 2874.936767578125, 1852.7796630859375]",1
frame_0038.png,extras,electric vehicle,robot platform,robot platform.,0.2,0.2,5,0.4098,"[1200.1573486328125, 1086.9244384765625, 1410.283203125, 1315.7989501953125]",1
frame_0038.png,extras,large power bank,large power bank,large power bank.,0.18,0.18,5,0.4631,"[1195.1888427734375, 1083.9989013671875, 1414.2603759765625, 1319.0181884765625]",1
frame_0038.png,extras,large power bank,portable power bank battery,portable power bank battery.,0.18,0.18,1,0.7525,"[1199.1614990234375, 1089.9107666015625, 1410.180419921875, 1315.4205322265625]",1
frame_0038.png,extras,large power bank,power bank,power bank.,0.18,0.18,3,0.4677,"[1199.5413818359375, 1088.52880859375, 1409.8189697265625, 1316.12255859375]",1
frame_0038.png,extras,large power bank,battery pack,battery pack.,0.18,0.18,1,0.5228,"[1200.8062744140625, 1090.30859375, 1409.256591796875, 1315.3607177734375]",1
frame_0038.png,extras,large power bank,large battery,large battery.,0.18,0.18,1,0.7754,"[1199.318603515625, 1088.8651123046875, 1410.4044189453125, 1315.906005859375]",1
frame_0038.png,extras,large power bank,portable battery,portable battery.,0.18,0.18,1,0.7753,"[1199.9517822265625, 1089.3779296875, 1409.8275146484375, 1315.498291015625]",1
frame_0038.png,extras,large power bank,rectangular battery box,rectangular battery box.,0.18,0.18,1,0.7156,"[1199.7408447265625, 1089.9256591796875, 1410.489013671875, 1315.0220947265625]",1
frame_0038.png,extras,meeting table set,meeting table set,meeting table set.,0.2,0.2,3,0.5207,"[145.92495727539062, 845.0440063476562, 553.586669921875, 1070.1380615234375]",1
frame_0038.png,extras,meeting table set,large meeting table,large meeting table.,0.2,0.2,1,0.6516,"[147.665771484375, 843.4697875976562, 555.7137451171875, 1069.5250244140625]",1
frame_0038.png,extras,meeting table set,conference table,conference table.,0.2,0.2,6,0.5379,"[153.26483154296875, 859.4756469726562, 552.0119018554688, 1064.97314453125]",1
frame_0038.png,extras,meeting table set,long table with chairs,long table with chairs.,0.2,0.2,2,0.5476,"[154.3625030517578, 840.1658325195312, 558.9511108398438, 1070.3031005859375]",1
frame_0038.png,extras,meeting table set,office meeting table,office meeting table.,0.2,0.2,4,0.5865,"[151.20028686523438, 853.6484985351562, 552.06884765625, 1066.1190185546875]",1
frame_0038.png,extras,meeting table set,long rectangular table,long rectangular table.,0.2,0.2,2,0.5744,"[151.649658203125, 855.4527587890625, 555.4519653320312, 1066.3394775390625]",1
frame_0038.png,extras,plant pot,plant pot,plant pot.,0.2,0.2,1,0.341,"[1310.9039306640625, 996.961669921875, 1420.2640380859375, 1118.3526611328125]",1
frame_0038.png,extras,plant pot,potted plant in plastic pot,potted plant in plastic pot.,0.2,0.2,3,0.5718,"[1298.6544189453125, 986.050048828125, 1426.8914794921875, 1125.8046875]",1
frame_0038.png,extras,plant pot,potted plant,potted plant.,0.2,0.2,1,0.2498,"[1310.40283203125, 997.1077880859375, 1421.08642578125, 1118.7562255859375]",1
frame_0038.png,extras,plant pot,indoor potted plant,indoor potted plant.,0.2,0.2,1,0.2979,"[1308.984130859375, 993.9795532226562, 1422.4583740234375, 1120.5789794921875]",1
frame_0038.png,extras,plant pot,flower pot,flower pot.,0.2,0.2,1,0.5864,"[1310.38037109375, 996.768798828125, 1419.6326904296875, 1118.59375]",1
frame_0038.png,extras,plant pot,plastic plant pot,plastic plant pot.,0.2,0.2,1,0.5199,"[1308.307861328125, 993.4685668945312, 1421.1383056640625, 1120.53076171875]",1
frame_0038.png,extras,shoes,shoes,shoes.,0.18,0.18,2,0.2592,"[1258.081298828125, 1005.788818359375, 1314.5643310546875, 1033.9393310546875]",1
frame_0038.png,extras,shoes,pair of indoor shoes,pair of indoor shoes.,0.18,0.18,3,0.4304,"[1251.159912109375, 997.0863037109375, 1321.819580078125, 1041.6878662109375]",1
frame_0038.png,extras,shoes,indoor shoes,indoor shoes.,0.18,0.18,9,0.3632,"[1146.0203857421875, 1657.66455078125, 1694.360107421875, 1857.0887451171875]",1
frame_0038.png,extras,shoes,pair of shoes,pair of shoes.,0.18,0.18,5,0.4433,"[1250.590576171875, 996.4434814453125, 1321.094970703125, 1042.0299072265625]",1
frame_0038.png,extras,shoes,sneakers,sneakers.,0.18,0.18,1,0.242,"[1259.2623291015625, 1006.3931884765625, 1314.1051025390625, 1032.654296875]",1
frame_0038.png,extras,shoes,slippers,slippers.,0.18,0.18,1,0.2426,"[1258.24853515625, 1006.3251953125, 1312.5946044921875, 1033.0606689453125]",1
frame_0038.png,extras,shoes,shoe pair on floor,shoe pair on floor.,0.18,0.18,6,0.6627,"[10.28921127319336, 968.9231567382812, 2869.8837890625, 1848.3966064453125]",1
frame_0038.png,extras,trash bin,trash bin,trash bin.,0.2,0.2,0,0.0,,0
frame_0038.png,extras,trash bin,indoor trash bin,indoor trash bin.,0.2,0.2,3,0.3825,"[1308.9697265625, 993.9418334960938, 1420.7999267578125, 1119.8133544921875]",1
frame_0038.png,extras,trash bin,garbage bin,garbage bin.,0.2,0.2,1,0.2396,"[1311.1435546875, 995.5387573242188, 1420.0093994140625, 1119.3834228515625]",1
frame_0038.png,extras,trash bin,waste bin,waste bin.,0.2,0.2,1,0.2593,"[1310.8369140625, 995.3285522460938, 1420.3067626953125, 1119.664794921875]",1
frame_0038.png,extras,trash bin,recycling bin,recycling bin.,0.2,0.2,2,0.3916,"[1309.4146728515625, 995.3311767578125, 1420.9593505859375, 1119.6634521484375]",1
frame_0038.png,extras,trash bin,small trash can,small trash can.,0.2,0.2,1,0.7322,"[1305.046142578125, 988.714111328125, 1424.0615234375, 1122.864990234375]",1
frame_0038.png,extras,vacuum cleaner,vacuum cleaner,vacuum cleaner.,0.2,0.2,1,0.522,"[89.33013153076172, 835.12451171875, 194.5725860595703, 1011.8780517578125]",1
frame_0038.png,extras,vacuum cleaner,upright vacuum cleaner,upright vacuum cleaner.,0.2,0.2,1,0.6173,"[88.51483917236328, 833.75830078125, 192.76483154296875, 1013.3477172851562]",1
frame_0038.png,extras,vacuum cleaner,stick vacuum,stick vacuum.,0.2,0.2,1,0.3116,"[91.35755920410156, 836.5647583007812, 189.19036865234375, 1010.5120239257812]",1
frame_0038.png,extras,vacuum cleaner,household vacuum,household vacuum.,0.2,0.2,3,0.5148,"[90.42818450927734, 836.4065551757812, 193.9537811279297, 1011.2176513671875]",1
frame_0038.png,extras,vacuum cleaner,robot vacuum,robot vacuum.,0.2,0.2,1,0.4692,"[89.42188262939453, 835.9885864257812, 193.59103393554688, 1012.1155395507812]",1
frame_0038.png,extras,vacuum cleaner,cordless vacuum cleaner,cordless vacuum cleaner.,0.2,0.2,3,0.5858,"[88.45912170410156, 834.7765502929688, 195.33279418945312, 1013.2026977539062]",1
frame_0039.png,production,meeting table set,ALL_GROUP,meeting table. conference table. table with chairs. meeting table set.,0.32,0.32,3,0.3478,"[1936.1759033203125, 687.7796020507812, 2873.689697265625, 1338.1173095703125]",1
frame_0039.png,production,chair,ALL_GROUP,chair. chairs. armless chair.,0.36,0.36,8,0.4567,"[700.5142211914062, 857.0881958007812, 851.5701904296875, 1049.325927734375]",1
frame_0039.png,production,bench,ALL_GROUP,bench. metal bench. waiting bench.,0.34,0.34,0,0.0,,0
frame_0039.png,production,cardboard box+plant pot+shoes,ALL_GROUP,cardboard box. brown cardboard box. cardboard package. plant pot. potted plant. flower pot. indoor plant pot. shoes. pair of shoes. footwear. black shoes.,0.3,0.3,1,0.4904,"[1664.69921875, 1001.3189086914062, 1774.537109375, 1051.388427734375]",1
frame_0039.png,production,trash bin+vacuum cleaner,ALL_GROUP,trash bin. trash can. waste bin. recycling bin. row of trash bins. vacuum cleaner. upright vacuum cleaner. cordless vacuum. floor cleaner.,0.25,0.25,0,0.0,,0
frame_0039.png,production,large power bank,ALL_GROUP,large power bank. portable power station. battery pack. power bank.,0.28,0.28,2,0.3019,"[1710.1080322265625, 1146.5406494140625, 1977.201416015625, 1472.3564453125]",1
frame_0039.png,production,door,ALL_GROUP,door. doors. dark door. elevator sliding door. sliding door.,0.26,0.26,3,0.333,"[1148.4278564453125, 648.442626953125, 1401.498291015625, 1001.140625]",1
frame_0039.png,production,electric vehicle,ALL_GROUP,electric vehicle. small electric vehicle. mobility scooter. scooter.,0.28,0.28,0,0.0,,0
frame_0039.png,extras,bench,bench,bench.,0.2,0.2,3,0.226,"[1.6989541053771973, 1737.1114501953125, 446.8609924316406, 1856.9434814453125]",1
frame_0039.png,extras,bench,metal bench,metal bench.,0.2,0.2,7,0.2928,"[1942.1571044921875, 693.0667114257812, 2877.35498046875, 1333.8905029296875]",1
frame_0039.png,extras,bench,waiting bench,waiting bench.,0.2,0.2,5,0.251,"[1710.7318115234375, 1144.640380859375, 1977.9608154296875, 1473.27880859375]",1
frame_0039.png,extras,bench,long bench,long bench.,0.2,0.2,4,0.4039,"[1943.416748046875, 693.2700805664062, 2877.966552734375, 1332.11181640625]",1
frame_0039.png,extras,bench,indoor bench,indoor bench.,0.2,0.2,7,0.3958,"[1943.8377685546875, 693.3302612304688, 2878.051025390625, 1332.820068359375]",1
frame_0039.png,extras,cardboard box,cardboard box,cardboard box.,0.2,0.2,1,0.2932,"[1713.0916748046875, 1147.6707763671875, 1974.4566650390625, 1470.369140625]",1
frame_0039.png,extras,cardboard box,brown cardboard box,brown cardboard box.,0.2,0.2,4,0.3877,"[1709.4080810546875, 1146.332763671875, 1979.2196044921875, 1471.61181640625]",1
frame_0039.png,extras,cardboard box,shipping box,shipping box.,0.2,0.2,1,0.4423,"[1713.5333251953125, 1148.505859375, 1973.52685546875, 1469.7960205078125]",1
frame_0039.png,extras,cardboard box,package box,package box.,0.2,0.2,1,0.351,"[1713.40869140625, 1148.4722900390625, 1973.94873046875, 1469.6983642578125]",1
frame_0039.png,extras,cardboard box,stacked box,stacked box.,0.2,0.2,1,0.2436,"[1713.4200439453125, 1148.2427978515625, 1973.5821533203125, 1470.2618408203125]",1
frame_0039.png,extras,cardboard box,box,box.,0.2,0.2,1,0.3466,"[1713.8797607421875, 1148.8148193359375, 1972.4432373046875, 1470.0155029296875]",1
frame_0039.png,extras,chair,chair,chair.,0.2,0.2,15,0.3801,"[2487.53857421875, 693.0667724609375, 2879.41259765625, 1330.6971435546875]",1
frame_0039.png,extras,chair,armless chair,armless chair.,0.2,0.2,10,0.4134,"[2488.91650390625, 693.7339477539062, 2877.7900390625, 1331.2359619140625]",1
frame_0039.png,extras,chair,office chair,office chair.,0.2,0.2,25,0.4993,"[2487.396240234375, 692.60986328125, 2879.387939453125, 1331.2901611328125]",1
frame_0039.png,extras,chair,swivel chair,swivel chair.,0.2,0.2,6,0.4464,"[2487.984375, 693.4885864257812, 2877.73828125, 1332.1649169921875]",1
frame_0039.png,extras,chair,rolling chair,rolling chair.,0.2,0.2,19,0.4624,"[2489.83349609375, 693.0901489257812, 2878.53515625, 1330.982177734375]",1
frame_0039.png,extras,chair,stool chair,stool chair.,0.2,0.2,24,0.486,"[2488.960693359375, 693.4178466796875, 2879.103759765625, 1330.6904296875]",1
frame_0039.png,extras,door,door,door.,0.2,0.2,7,0.3219,"[532.78076171875, 685.1026000976562, 719.5233764648438, 990.1767578125]",1
frame_0039.png,extras,door,dark door surface,dark door surface.,0.2,0.2,5,0.3392,"[1145.3238525390625, 647.2601928710938, 1409.5255126953125, 1000.8068237304688]",1
frame_0039.png,extras,door,wooden door,wooden door.,0.2,0.2,6,0.3049,"[530.401123046875, 683.2067260742188, 720.7836303710938, 991.5184326171875]",1
frame_0039.png,extras,door,closed door,closed door.,0.2,0.2,8,0.3061,"[1248.559814453125, 658.8688354492188, 1402.2918701171875, 996.6317749023438]",1
frame_0039.png,extras,door,interior door,interior door.,0.2,0.2,9,0.3456,"[531.67431640625, 684.3965454101562, 719.7626953125, 991.0276489257812]",1
frame_0039.png,extras,electric vehicle,electric vehicle,electric vehicle.,0.2,0.2,4,0.277,"[604.7992553710938, 852.31689453125, 966.9348754882812, 997.5379638671875]",1
frame_0039.png,extras,electric vehicle,small electric vehicle,small electric vehicle.,0.2,0.2,5,0.3887,"[1704.28173828125, 1140.2720947265625, 1985.0545654296875, 1475.1046142578125]",1
frame_0039.png,extras,electric vehicle,electric cart,electric cart.,0.2,0.2,0,0.0,,0
frame_0039.png,extras,electric vehicle,small electric cart,small electric cart.,0.2,0.2,2,0.4244,"[1704.1595458984375, 1139.4937744140625, 1985.4019775390625, 1475.4873046875]",1
frame_0039.png,extras,electric vehicle,compact electric car,compact electric car.,0.2,0.2,3,0.5883,"[1707.6990966796875, 1143.122802734375, 1979.5118408203125, 1473.583740234375]",1
frame_0039.png,extras,electric vehicle,indoor electric vehicle,indoor electric vehicle.,0.2,0.2,10,0.3997,"[1711.2149658203125, 1145.1339111328125, 1975.029052734375, 1471.3392333984375]",1
frame_0039.png,extras,electric vehicle,robot platform,robot platform.,0.2,0.2,4,0.3923,"[1711.443359375, 1145.95361328125, 1975.328369140625, 1472.294677734375]",1
frame_0039.png,extras,large power bank,large power bank,large power bank.,0.18,0.18,4,0.4617,"[1704.333740234375, 1142.0396728515625, 1982.4063720703125, 1475.542724609375]",1
frame_0039.png,extras,large power bank,portable power bank battery,portable power bank battery.,0.18,0.18,2,0.7127,"[1710.2818603515625, 1148.1356201171875, 1975.566650390625, 1471.2117919921875]",1
frame_0039.png,extras,large power bank,power bank,power bank.,0.18,0.18,3,0.4687,"[1711.31201171875, 1146.1805419921875, 1974.4921875, 1472.1280517578125]",1
frame_0039.png,extras,large power bank,battery pack,battery pack.,0.18,0.18,2,0.5908,"[1712.8104248046875, 1147.84619140625, 1974.404541015625, 1470.7630615234375]",1
frame_0039.png,extras,large power bank,large battery,large battery.,0.18,0.18,1,0.7585,"[1710.993896484375, 1147.8558349609375, 1975.51416015625, 1471.4652099609375]",1
frame_0039.png,extras,large power bank,portable battery,portable battery.,0.18,0.18,2,0.7653,"[1711.9024658203125, 1148.0999755859375, 1974.73193359375, 1471.1453857421875]",1
frame_0039.png,extras,large power bank,rectangular battery box,rectangular battery box.,0.18,0.18,1,0.6756,"[1710.7926025390625, 1148.111083984375, 1976.0557861328125, 1470.40234375]",1
frame_0039.png,extras,meeting table set,meeting table set,meeting table set.,0.2,0.2,3,0.4944,"[633.4974975585938, 847.8612670898438, 982.9276123046875, 1051.0455322265625]",1
frame_0039.png,extras,meeting table set,large meeting table,large meeting table.,0.2,0.2,3,0.5268,"[627.9874267578125, 848.4323120117188, 984.4229736328125, 1048.881591796875]",1
frame_0039.png,extras,meeting table set,conference table,conference table.,0.2,0.2,6,0.4832,"[2257.646484375, 1673.6298828125, 2878.96142578125, 1856.869873046875]",1
frame_0039.png,extras,meeting table set,long table with chairs,long table with chairs.,0.2,0.2,3,0.4428,"[636.1342163085938, 843.2845458984375, 986.7474365234375, 1050.4659423828125]",1
frame_0039.png,extras,meeting table set,office meeting table,office meeting table.,0.2,0.2,6,0.5679,"[627.0723876953125, 859.533447265625, 980.6747436523438, 1046.105712890625]",1
frame_0039.png,extras,meeting table set,long rectangular table,long rectangular table.,0.2,0.2,2,0.3876,"[630.0466918945312, 861.6991577148438, 983.6640014648438, 1043.1112060546875]",1
frame_0039.png,extras,plant pot,plant pot,plant pot.,0.2,0.2,1,0.3176,"[1766.59619140625, 1008.3319702148438, 1897.15087890625, 1155.9879150390625]",1
frame_0039.png,extras,plant pot,potted plant in plastic pot,potted plant in plastic pot.,0.2,0.2,4,0.4593,"[1758.9107666015625, 996.3644409179688, 1902.89111328125, 1160.99267578125]",1
frame_0039.png,extras,plant pot,potted plant,potted plant.,0.2,0.2,2,0.2548,"[189.27743530273438, 938.8220825195312, 214.355712890625, 998.3160400390625]",1
frame_0039.png,extras,plant pot,indoor potted plant,indoor potted plant.,0.2,0.2,1,0.2372,"[1766.5574951171875, 1004.2669067382812, 1899.280517578125, 1157.12109375]",1
frame_0039.png,extras,plant pot,flower pot,flower pot.,0.2,0.2,1,0.5726,"[1766.20849609375, 1007.7075805664062, 1896.8170166015625, 1155.9376220703125]",1
frame_0039.png,extras,plant pot,plastic plant pot,plastic plant pot.,0.2,0.2,1,0.4945,"[1765.111083984375, 1002.760009765625, 1898.028076171875, 1157.8638916015625]",1
frame_0039.png,extras,shoes,shoes,shoes.,0.18,0.18,9,0.3801,"[1719.28271484375, 1013.3283081054688, 1769.784912109375, 1044.4892578125]",1
frame_0039.png,extras,shoes,pair of indoor shoes,pair of indoor shoes.,0.18,0.18,4,0.7814,"[1661.12353515625, 996.9063720703125, 1776.0543212890625, 1053.55419921875]",1
frame_0039.png,extras,shoes,indoor shoes,indoor shoes.,0.18,0.18,12,0.465,"[1667.967529296875, 1009.5223388671875, 1720.6617431640625, 1043.515625]",1
frame_0039.png,extras,shoes,pair of shoes,pair of shoes.,0.18,0.18,5,0.7786,"[1659.82373046875, 995.0081176757812, 1776.672607421875, 1054.5672607421875]",1
frame_0039.png,extras,shoes,sneakers,sneakers.,0.18,0.18,9,0.3671,"[344.724853515625, 983.7279052734375, 363.1105041503906, 994.6919555664062]",1
frame_0039.png,extras,shoes,slippers,slippers.,0.18,0.18,3,0.284,"[1670.4404296875, 1011.6359252929688, 1719.5596923828125, 1040.551025390625]",1
frame_0039.png,extras,shoes,shoe pair on floor,shoe pair on floor.,0.18,0.18,2,0.7341,"[10.169219970703125, 964.1915283203125, 2869.433837890625, 1847.4188232421875]",1
frame_0039.png,extras,trash bin,trash bin,trash bin.,0.2,0.2,0,0.0,,0
frame_0039.png,extras,trash bin,indoor trash bin,indoor trash bin.,0.2,0.2,3,0.464,"[1765.8896484375, 1004.1400756835938, 1898.259521484375, 1156.3321533203125]",1
frame_0039.png,extras,trash bin,garbage bin,garbage bin.,0.2,0.2,3,0.3713,"[425.55084228515625, 867.4878540039062, 481.77447509765625, 983.6354370117188]",1
frame_0039.png,extras,trash bin,waste bin,waste bin.,0.2,0.2,3,0.4069,"[1767.4505615234375, 1005.8553466796875, 1897.4329833984375, 1156.2650146484375]",1
frame_0039.png,extras,trash bin,recycling bin,recycling bin.,0.2,0.2,3,0.4441,"[1766.1033935546875, 1005.5120239257812, 1898.1048583984375, 1156.697509765625]",1
frame_0039.png,extras,trash bin,small trash can,small trash can.,0.2,0.2,1,0.6913,"[1760.470458984375, 996.9138793945312, 1901.870361328125, 1159.8267822265625]",1
frame_0039.png,extras,vacuum cleaner,vacuum cleaner,vacuum cleaner.,0.2,0.2,2,0.2821,"[1710.6474609375, 1143.7130126953125, 1975.6024169921875, 1472.7310791015625]",1
frame_0039.png,extras,vacuum cleaner,upright vacuum cleaner,upright vacuum cleaner.,0.2,0.2,4,0.4313,"[1707.923583984375, 1141.9630126953125, 1979.0074462890625, 1474.0465087890625]",1
frame_0039.png,extras,vacuum cleaner,stick vacuum,stick vacuum.,0.2,0.2,0,0.0,,0
frame_0039.png,extras,vacuum cleaner,household vacuum,household vacuum.,0.2,0.2,5,0.3337,"[1712.0177001953125, 1145.3013916015625, 1974.5257568359375, 1471.6068115234375]",1
frame_0039.png,extras,vacuum cleaner,robot vacuum,robot vacuum.,0.2,0.2,0,0.0,,0
frame_0039.png,extras,vacuum cleaner,cordless vacuum cleaner,cordless vacuum cleaner.,0.2,0.2,3,0.542,"[1708.2659912109375, 1143.2728271484375, 1976.8223876953125, 1473.3909912109375]",1
frame_0040.png,production,meeting table set,ALL_GROUP,meeting table. conference table. table with chairs. meeting table set.,0.32,0.32,2,0.3531,"[1096.3809814453125, 849.2236938476562, 1416.8759765625, 1042.9525146484375]",1
frame_0040.png,production,chair,ALL_GROUP,chair. chairs. armless chair.,0.36,0.36,10,0.4641,"[515.9486694335938, 870.7395629882812, 652.0625, 1045.461669921875]",1
frame_0040.png,production,bench,ALL_GROUP,bench. metal bench. waiting bench.,0.34,0.34,1,0.409,"[2242.673583984375, 1170.7386474609375, 2552.411376953125, 1545.7999267578125]",1
frame_0040.png,production,cardboard box+plant pot+shoes,ALL_GROUP,cardboard box. brown cardboard box. cardboard package. plant pot. potted plant. flower pot. indoor plant pot. shoes. pair of shoes. footwear. black shoes.,0.3,0.3,1,0.536,"[2119.84814453125, 1008.4541625976562, 2250.884521484375, 1063.6778564453125]",1
frame_0040.png,production,trash bin+vacuum cleaner,ALL_GROUP,trash bin. trash can. waste bin. recycling bin. row of trash bins. vacuum cleaner. upright vacuum cleaner. cordless vacuum. floor cleaner.,0.25,0.25,0,0.0,,0
frame_0040.png,production,large power bank,ALL_GROUP,large power bank. portable power station. battery pack. power bank.,0.28,0.28,1,0.3047,"[2241.757568359375, 1171.90673828125, 2552.7333984375, 1546.7811279296875]",1
frame_0040.png,production,door,ALL_GROUP,door. doors. dark door. elevator sliding door. sliding door.,0.26,0.26,2,0.3847,"[2.410404682159424, 180.55767822265625, 239.9422149658203, 1099.07568359375]",1
frame_0040.png,production,electric vehicle,ALL_GROUP,electric vehicle. small electric vehicle. mobility scooter. scooter.,0.28,0.28,0,0.0,,0
frame_0040.png,extras,bench,bench,bench.,0.2,0.2,3,0.2609,"[2255.016357421875, 1676.642822265625, 2878.667236328125, 1856.4735107421875]",1
frame_0040.png,extras,bench,metal bench,metal bench.,0.2,0.2,5,0.4512,"[2242.46630859375, 1170.0361328125, 2552.59912109375, 1545.3734130859375]",1
frame_0040.png,extras,bench,waiting bench,waiting bench.,0.2,0.2,4,0.4158,"[2242.557861328125, 1169.9036865234375, 2552.333740234375, 1546.992431640625]",1
frame_0040.png,extras,bench,long bench,long bench.,0.2,0.2,4,0.3972,"[2255.94677734375, 1674.2310791015625, 2878.00732421875, 1853.84716796875]",1
frame_0040.png,extras,bench,indoor bench,indoor bench.,0.2,0.2,7,0.4577,"[2244.07568359375, 1172.123779296875, 2550.01123046875, 1544.3560791015625]",1
frame_0040.png,extras,cardboard box,cardboard box,cardboard box.,0.2,0.2,2,0.2601,"[2245.01171875, 1171.7427978515625, 2549.667724609375, 1544.0654296875]",1
frame_0040.png,extras,cardboard box,brown cardboard box,brown cardboard box.,0.2,0.2,3,0.4337,"[1791.1278076171875, 630.964599609375, 1968.67138671875, 1002.7572631835938]",1
frame_0040.png,extras,cardboard box,shipping box,shipping box.,0.2,0.2,2,0.3631,"[2244.78466796875, 1172.7908935546875, 2549.182861328125, 1544.100341796875]",1
frame_0040.png,extras,cardboard box,package box,package box.,0.2,0.2,1,0.2327,"[2245.125732421875, 1173.13232421875, 2549.280029296875, 1543.6845703125]",1
frame_0040.png,extras,cardboard box,stacked box,stacked box.,0.2,0.2,1,0.2142,"[2244.501953125, 1173.3250732421875, 2549.287841796875, 1543.9140625]",1
frame_0040.png,extras,cardboard box,box,box.,0.2,0.2,2,0.2552,"[2244.507568359375, 1173.28125, 2548.00146484375, 1543.47021484375]",1
frame_0040.png,extras,chair,chair,chair.,0.2,0.2,15,0.3628,"[1873.709716796875, 885.9044189453125, 1948.91455078125, 1006.6278686523438]",1
frame_0040.png,extras,chair,armless chair,armless chair.,0.2,0.2,7,0.3866,"[2456.11376953125, 808.4215087890625, 2697.920166015625, 1116.9010009765625]",1
frame_0040.png,extras,chair,office chair,office chair.,0.2,0.2,22,0.5025,"[2456.860107421875, 809.4447021484375, 2694.26416015625, 1110.8780517578125]",1
frame_0040.png,extras,chair,swivel chair,swivel chair.,0.2,0.2,7,0.3648,"[2455.2265625, 807.6544189453125, 2698.6611328125, 1116.9456787109375]",1
frame_0040.png,extras,chair,rolling chair,rolling chair.,0.2,0.2,15,0.4604,"[2456.66455078125, 808.9800415039062, 2698.145751953125, 1115.446044921875]",1
frame_0040.png,extras,chair,stool chair,stool chair.,0.2,0.2,24,0.4814,"[1293.6651611328125, 866.1044311523438, 1407.656982421875, 1032.9476318359375]",1
frame_0040.png,extras,door,door,door.,0.2,0.2,6,0.2909,"[1562.41259765625, 658.9495239257812, 1664.22119140625, 994.5411987304688]",1
frame_0040.png,extras,door,dark door surface,dark door surface.,0.2,0.2,3,0.4403,"[3.251599073410034, 179.3385467529297, 242.50010681152344, 1098.156982421875]",1
frame_0040.png,extras,door,wooden door,wooden door.,0.2,0.2,6,0.299,"[1560.4510498046875, 658.6835327148438, 1663.2431640625, 996.0757446289062]",1
frame_0040.png,extras,door,closed door,closed door.,0.2,0.2,8,0.3269,"[1559.864990234375, 657.4805908203125, 1662.069091796875, 995.7435302734375]",1
frame_0040.png,extras,door,interior door,interior door.,0.2,0.2,10,0.3183,"[1562.64404296875, 648.78173828125, 1814.610595703125, 999.2869873046875]",1
frame_0040.png,extras,electric vehicle,electric vehicle,electric vehicle.,0.2,0.2,0,0.0,,0
frame_0040.png,extras,electric vehicle,small electric vehicle,small electric vehicle.,0.2,0.2,4,0.3871,"[1064.8721923828125, 869.711669921875, 1180.607421875, 993.835205078125]",1
frame_0040.png,extras,electric vehicle,electric cart,electric cart.,0.2,0.2,0,0.0,,0
frame_0040.png,extras,electric vehicle,small electric cart,small electric cart.,0.2,0.2,2,0.4428,"[1065.483154296875, 862.5626220703125, 1153.6651611328125, 993.4674682617188]",1
frame_0040.png,extras,electric vehicle,compact electric car,compact electric car.,0.2,0.2,3,0.5932,"[2239.774169921875, 1169.08984375, 2553.85400390625, 1547.3095703125]",1
frame_0040.png,extras,electric vehicle,indoor electric vehicle,indoor electric vehicle.,0.2,0.2,9,0.3838,"[6.069431304931641, 5.365793228149414, 2873.56640625, 1851.4622802734375]",1
frame_0040.png,extras,electric vehicle,robot platform,robot platform.,0.2,0.2,6,0.4429,"[398.5431823730469, 874.2288818359375, 600.29248046875, 1056.6826171875]",1
frame_0040.png,extras,large power bank,large power bank,large power bank.,0.18,0.18,3,0.4842,"[2237.233642578125, 1168.536376953125, 2555.449462890625, 1549.15478515625]",1
frame_0040.png,extras,large power bank,portable power bank battery,portable power bank battery.,0.18,0.18,2,0.7027,"[2242.494384765625, 1172.19091796875, 2550.29248046875, 1545.0916748046875]",1
frame_0040.png,extras,large power bank,power bank,power bank.,0.18,0.18,3,0.4537,"[2242.5498046875, 1172.20166015625, 2549.9287109375, 1545.8634033203125]",1
frame_0040.png,extras,large power bank,battery pack,battery pack.,0.18,0.18,2,0.4346,"[2244.529052734375, 1173.11865234375, 2549.56103515625, 1544.4639892578125]",1
frame_0040.png,extras,large power bank,large battery,large battery.,0.18,0.18,1,0.7402,"[2243.185546875, 1171.8670654296875, 2550.33349609375, 1545.5682373046875]",1
frame_0040.png,extras,large power bank,portable battery,portable battery.,0.18,0.18,2,0.7195,"[2243.784423828125, 1172.506591796875, 2549.738525390625, 1545.0162353515625]",1
frame_0040.png,extras,large power bank,rectangular battery box,rectangular battery box.,0.18,0.18,1,0.6467,"[2243.452392578125, 1171.114990234375, 2550.595458984375, 1544.3607177734375]",1
frame_0040.png,extras,meeting table set,meeting table set,meeting table set.,0.2,0.2,5,0.5286,"[1093.24462890625, 856.7341918945312, 1411.9049072265625, 1040.72119140625]",1
frame_0040.png,extras,meeting table set,large meeting table,large meeting table.,0.2,0.2,2,0.5132,"[395.6863708496094, 867.0265502929688, 605.1925659179688, 1056.46875]",1
frame_0040.png,extras,meeting table set,conference table,conference table.,0.2,0.2,5,0.5938,"[399.41876220703125, 875.0609130859375, 599.4717407226562, 1053.0345458984375]",1
frame_0040.png,extras,meeting table set,long table with chairs,long table with chairs.,0.2,0.2,3,0.4524,"[394.26531982421875, 863.451904296875, 606.0284423828125, 1057.7532958984375]",1
frame_0040.png,extras,meeting table set,office meeting table,office meeting table.,0.2,0.2,4,0.5651,"[398.5653991699219, 873.4822998046875, 600.0673828125, 1054.4493408203125]",1
frame_0040.png,extras,meeting table set,long rectangular table,long rectangular table.,0.2,0.2,2,0.6331,"[397.3209533691406, 870.4397583007812, 603.8078002929688, 1054.239990234375]",1
frame_0040.png,extras,plant pot,plant pot,plant pot.,0.2,0.2,1,0.3738,"[2265.14404296875, 1016.5513305664062, 2420.262939453125, 1189.562744140625]",1
frame_0040.png,extras,plant pot,potted plant in plastic pot,potted plant in plastic pot.,0.2,0.2,2,0.5493,"[2256.891357421875, 1003.2537231445312, 2423.36279296875, 1195.066650390625]",1
frame_0040.png,extras,plant pot,potted plant,potted plant.,0.2,0.2,2,0.2843,"[2264.98974609375, 1016.6458129882812, 2420.545166015625, 1189.7545166015625]",1
frame_0040.png,extras,plant pot,indoor potted plant,indoor potted plant.,0.2,0.2,1,0.2693,"[2264.8369140625, 1012.900146484375, 2421.17236328125, 1190.73828125]",1
frame_0040.png,extras,plant pot,flower pot,flower pot.,0.2,0.2,1,0.6032,"[2265.001953125, 1016.1092529296875, 2419.5712890625, 1189.502685546875]",1
frame_0040.png,extras,plant pot,plastic plant pot,plastic plant pot.,0.2,0.2,1,0.5619,"[2263.418701171875, 1011.4619140625, 2420.174560546875, 1191.133544921875]",1
frame_0040.png,extras,shoes,shoes,shoes.,0.18,0.18,10,0.2917,"[2124.017822265625, 1018.454345703125, 2181.71337890625, 1052.5166015625]",1
frame_0040.png,extras,shoes,pair of indoor shoes,pair of indoor shoes.,0.18,0.18,2,0.7888,"[2117.325439453125, 1004.9418334960938, 2251.7685546875, 1065.7728271484375]",1
frame_0040.png,extras,shoes,indoor shoes,indoor shoes.,0.18,0.18,9,0.4562,"[2122.862548828125, 1017.35546875, 2184.267333984375, 1055.139404296875]",1
frame_0040.png,extras,shoes,pair of shoes,pair of shoes.,0.18,0.18,5,0.7778,"[2116.5732421875, 1003.482421875, 2252.292236328125, 1066.5692138671875]",1
frame_0040.png,extras,shoes,sneakers,sneakers.,0.18,0.18,9,0.3001,"[2124.372802734375, 1018.8244018554688, 2180.95703125, 1051.29638671875]",1
frame_0040.png,extras,shoes,slippers,slippers.,0.18,0.18,5,0.2609,"[2124.73291015625, 1018.5563354492188, 2181.626953125, 1051.7335205078125]",1
frame_0040.png,extras,shoes,shoe pair on floor,shoe pair on floor.,0.18,0.18,2,0.7793,"[10.161495208740234, 960.7828979492188, 2869.277587890625, 1847.611572265625]",1
frame_0040.png,extras,trash bin,trash bin,trash bin.,0.2,0.2,0,0.0,,0
frame_0040.png,extras,trash bin,indoor trash bin,indoor trash bin.,0.2,0.2,4,0.4334,"[2264.18115234375, 1013.1787719726562, 2419.7177734375, 1189.7684326171875]",1
frame_0040.png,extras,trash bin,garbage bin,garbage bin.,0.2,0.2,4,0.3024,"[2265.729736328125, 1015.245361328125, 2419.5322265625, 1189.2374267578125]",1
frame_0040.png,extras,trash bin,waste bin,waste bin.,0.2,0.2,4,0.3446,"[2265.544189453125, 1015.0947265625, 2419.554443359375, 1189.447509765625]",1
frame_0040.png,extras,trash bin,recycling bin,recycling bin.,0.2,0.2,3,0.4261,"[2264.386474609375, 1014.5070190429688, 2420.4599609375, 1190.026123046875]",1
frame_0040.png,extras,trash bin,small trash can,small trash can.,0.2,0.2,1,0.6795,"[2259.109130859375, 1005.5777587890625, 2422.879638671875, 1193.1864013671875]",1
frame_0040.png,extras,vacuum cleaner,vacuum cleaner,vacuum cleaner.,0.2,0.2,1,0.2331,"[1066.023681640625, 862.1341552734375, 1136.4296875, 989.8189086914062]",1
frame_0040.png,extras,vacuum cleaner,upright vacuum cleaner,upright vacuum cleaner.,0.2,0.2,3,0.4178,"[1065.0357666015625, 860.130859375, 1134.9329833984375, 991.8436279296875]",1
frame_0040.png,extras,vacuum cleaner,stick vacuum,stick vacuum.,0.2,0.2,0,0.0,,0
frame_0040.png,extras,vacuum cleaner,household vacuum,household vacuum.,0.2,0.2,3,0.2649,"[1067.2039794921875, 863.1487426757812, 1134.954345703125, 989.1981811523438]",1
frame_0040.png,extras,vacuum cleaner,robot vacuum,robot vacuum.,0.2,0.2,0,0.0,,0
frame_0040.png,extras,vacuum cleaner,cordless vacuum cleaner,cordless vacuum cleaner.,0.2,0.2,2,0.4667,"[2239.513671875, 1171.2100830078125, 2551.83984375, 1547.181396484375]",1
frame_0041.png,production,meeting table set,ALL_GROUP,meeting table. conference table. table with chairs. meeting table set.,0.32,0.32,2,0.3552,"[1084.6259765625, 846.3026123046875, 1415.653564453125, 1046.1151123046875]",1
frame_0041.png,production,chair,ALL_GROUP,chair. chairs. armless chair.,0.36,0.36,8,0.4583,"[2499.662353515625, 798.1950073242188, 2769.514404296875, 1120.2498779296875]",1
frame_0041.png,production,bench,ALL_GROUP,bench. metal bench. waiting bench.,0.34,0.34,2,0.4046,"[481.4280090332031, 866.5950317382812, 661.4998779296875, 1053.137451171875]",1
frame_0041.png,production,cardboard box+plant pot+shoes,ALL_GROUP,cardboard box. brown cardboard box. cardboard package. plant pot. potted plant. flower pot. indoor plant pot. shoes. pair of shoes. footwear. black shoes.,0.3,0.3,2,0.4904,"[2143.869140625, 1006.7387084960938, 2281.938232421875, 1065.0679931640625]",1
frame_0041.png,production,trash bin+vacuum cleaner,ALL_GROUP,trash bin. trash can. waste bin. recycling bin. row of trash bins. vacuum cleaner. upright vacuum cleaner. cordless vacuum. floor cleaner.,0.25,0.25,0,0.0,,0
frame_0041.png,production,large power bank,ALL_GROUP,large power bank. portable power station. battery pack. power bank.,0.28,0.28,1,0.3958,"[2395.4716796875, 1209.741455078125, 2740.84814453125, 1659.9810791015625]",1
frame_0041.png,production,door,ALL_GROUP,door. doors. dark door. elevator sliding door. sliding door.,0.26,0.26,3,0.3754,"[1558.5699462890625, 647.2694702148438, 1669.375244140625, 996.9893798828125]",1
frame_0041.png,production,electric vehicle,ALL_GROUP,electric vehicle. small electric vehicle. mobility scooter. scooter.,0.28,0.28,0,0.0,,0
frame_0041.png,extras,bench,bench,bench.,0.2,0.2,6,0.2721,"[479.5670471191406, 869.72119140625, 659.6105346679688, 1050.122802734375]",1
frame_0041.png,extras,bench,metal bench,metal bench.,0.2,0.2,5,0.4179,"[479.7451477050781, 866.287841796875, 659.4579467773438, 1052.4588623046875]",1
frame_0041.png,extras,bench,waiting bench,waiting bench.,0.2,0.2,3,0.4699,"[360.6391296386719, 872.0239868164062, 577.6970825195312, 1060.5704345703125]",1
frame_0041.png,extras,bench,long bench,long bench.,0.2,0.2,6,0.387,"[361.83612060546875, 873.254150390625, 575.3585205078125, 1059.0927734375]",1
frame_0041.png,extras,bench,indoor bench,indoor bench.,0.2,0.2,8,0.3474,"[2500.844482421875, 797.8445434570312, 2771.360595703125, 1124.8724365234375]",1
frame_0041.png,extras,cardboard box,cardboard box,cardboard box.,0.2,0.2,2,0.3405,"[2398.648681640625, 1213.886962890625, 2737.806640625, 1657.9306640625]",1
frame_0041.png,extras,cardboard box,brown cardboard box,brown cardboard box.,0.2,0.2,4,0.3905,"[2396.2529296875, 1212.03271484375, 2741.03076171875, 1659.001953125]",1
frame_0041.png,extras,cardboard box,shipping box,shipping box.,0.2,0.2,1,0.4398,"[2398.578125, 1215.150146484375, 2736.41064453125, 1658.3876953125]",1
frame_0041.png,extras,cardboard box,package box,package box.,0.2,0.2,1,0.3556,"[2399.04150390625, 1215.58642578125, 2737.12060546875, 1658.060546875]",1
frame_0041.png,extras,cardboard box,stacked box,stacked box.,0.2,0.2,1,0.313,"[2398.511474609375, 1216.0889892578125, 2736.815185546875, 1658.570556640625]",1
frame_0041.png,extras,cardboard box,box,box.,0.2,0.2,1,0.3443,"[2397.919677734375, 1217.750732421875, 2733.338134765625, 1658.0174560546875]",1
frame_0041.png,extras,chair,chair,chair.,0.2,0.2,11,0.4403,"[1285.708984375, 863.9597778320312, 1404.185546875, 1035.0726318359375]",1
frame_0041.png,extras,chair,armless chair,armless chair.,0.2,0.2,9,0.4434,"[2500.060791015625, 796.9617919921875, 2770.595703125, 1125.8734130859375]",1
frame_0041.png,extras,chair,office chair,office chair.,0.2,0.2,18,0.5506,"[2500.914794921875, 798.2941284179688, 2768.75439453125, 1120.2796630859375]",1
frame_0041.png,extras,chair,swivel chair,swivel chair.,0.2,0.2,5,0.4137,"[2499.09814453125, 796.3514404296875, 2771.906982421875, 1126.5145263671875]",1
frame_0041.png,extras,chair,rolling chair,rolling chair.,0.2,0.2,14,0.4855,"[1149.64794921875, 861.6788940429688, 1289.1494140625, 1041.434326171875]",1
frame_0041.png,extras,chair,stool chair,stool chair.,0.2,0.2,19,0.5078,"[1882.800537109375, 879.1975708007812, 1961.7249755859375, 1006.5671997070312]",1
frame_0041.png,extras,door,door,door.,0.2,0.2,6,0.3387,"[782.55615234375, 776.5847778320312, 896.37451171875, 977.5278930664062]",1
frame_0041.png,extras,door,dark door surface,dark door surface.,0.2,0.2,5,0.3909,"[3.029201030731201, 199.7091522216797, 199.50656127929688, 1101.130859375]",1
frame_0041.png,extras,door,wooden door,wooden door.,0.2,0.2,5,0.3602,"[779.4267578125, 772.1043701171875, 898.1434936523438, 980.3372192382812]",1
frame_0041.png,extras,door,closed door,closed door.,0.2,0.2,6,0.3897,"[999.2564086914062, 717.3705444335938, 1159.8143310546875, 988.1756591796875]",1
frame_0041.png,extras,door,interior door,interior door.,0.2,0.2,9,0.3544,"[1000.47021484375, 718.9031982421875, 1159.13525390625, 986.96337890625]",1
frame_0041.png,extras,electric vehicle,electric vehicle,electric vehicle.,0.2,0.2,3,0.3296,"[1061.08203125, 857.0282592773438, 1390.05224609375, 993.4175415039062]",1
frame_0041.png,extras,electric vehicle,small electric vehicle,small electric vehicle.,0.2,0.2,3,0.5202,"[1055.44921875, 863.9014892578125, 1169.702880859375, 993.3164672851562]",1
frame_0041.png,extras,electric vehicle,electric cart,electric cart.,0.2,0.2,1,0.2355,"[1059.1328125, 869.8640747070312, 1168.4935302734375, 991.5045166015625]",1
frame_0041.png,extras,electric vehicle,small electric cart,small electric cart.,0.2,0.2,2,0.5643,"[1056.83056640625, 860.7904663085938, 1161.0587158203125, 993.0618286132812]",1
frame_0041.png,extras,electric vehicle,compact electric car,compact electric car.,0.2,0.2,3,0.5715,"[2394.208740234375, 1207.3160400390625, 2742.1962890625, 1660.831298828125]",1
frame_0041.png,extras,electric vehicle,indoor electric vehicle,indoor electric vehicle.,0.2,0.2,11,0.3849,"[1060.3662109375, 867.6263427734375, 1177.399658203125, 990.58251953125]",1
frame_0041.png,extras,electric vehicle,robot platform,robot platform.,0.2,0.2,5,0.4299,"[360.8830261230469, 873.2269897460938, 572.1448974609375, 1060.0341796875]",1
frame_0041.png,extras,large power bank,large power bank,large power bank.,0.18,0.18,3,0.5136,"[2390.25048828125, 1206.9945068359375, 2745.596923828125, 1662.3524169921875]",1
frame_0041.png,extras,large power bank,portable power bank battery,portable power bank battery.,0.18,0.18,2,0.7493,"[2396.25732421875, 1213.342041015625, 2737.924560546875, 1658.68115234375]",1
frame_0041.png,extras,large power bank,power bank,power bank.,0.18,0.18,3,0.4737,"[2396.6162109375, 1210.83837890625, 2736.93310546875, 1660.0400390625]",1
frame_0041.png,extras,large power bank,battery pack,battery pack.,0.18,0.18,2,0.5534,"[2398.540283203125, 1213.583740234375, 2736.474365234375, 1659.3946533203125]",1
frame_0041.png,extras,large power bank,large battery,large battery.,0.18,0.18,1,0.7624,"[2396.773681640625, 1213.1461181640625, 2737.981201171875, 1659.4365234375]",1
frame_0041.png,extras,large power bank,portable battery,portable battery.,0.18,0.18,2,0.7442,"[2397.389892578125, 1213.839111328125, 2737.207763671875, 1659.45556640625]",1
frame_0041.png,extras,large power bank,rectangular battery box,rectangular battery box.,0.18,0.18,1,0.6894,"[2397.44873046875, 1215.5155029296875, 2738.6875, 1657.7882080078125]",1
frame_0041.png,extras,meeting table set,meeting table set,meeting table set.,0.2,0.2,5,0.5228,"[1080.4736328125, 853.5965576171875, 1410.6510009765625, 1044.05126953125]",1
frame_0041.png,extras,meeting table set,large meeting table,large meeting table.,0.2,0.2,2,0.5011,"[358.5533752441406, 866.7547607421875, 576.7966918945312, 1060.1683349609375]",1
frame_0041.png,extras,meeting table set,conference table,conference table.,0.2,0.2,6,0.5835,"[361.8450927734375, 873.9868774414062, 571.330322265625, 1057.429931640625]",1
frame_0041.png,extras,meeting table set,long table with chairs,long table with chairs.,0.2,0.2,3,0.4428,"[357.04986572265625, 863.2510375976562, 580.0660400390625, 1061.23583984375]",1
frame_0041.png,extras,meeting table set,office meeting table,office meeting table.,0.2,0.2,4,0.5509,"[360.87237548828125, 872.1422729492188, 572.4642333984375, 1058.258544921875]",1
frame_0041.png,extras,meeting table set,long rectangular table,long rectangular table.,0.2,0.2,2,0.574,"[360.0655822753906, 870.2151489257812, 573.8383178710938, 1058.18896484375]",1
frame_0041.png,extras,plant pot,plant pot,plant pot.,0.2,0.2,2,0.3553,"[2325.84814453125, 1019.1726684570312, 2495.622314453125, 1205.6558837890625]",1
frame_0041.png,extras,plant pot,potted plant in plastic pot,potted plant in plastic pot.,0.2,0.2,4,0.4536,"[2321.181640625, 1006.5609130859375, 2499.059814453125, 1210.6087646484375]",1
frame_0041.png,extras,plant pot,potted plant,potted plant.,0.2,0.2,2,0.2848,"[2325.558837890625, 1018.9127807617188, 2495.609375, 1206.0850830078125]",1
frame_0041.png,extras,plant pot,indoor potted plant,indoor potted plant.,0.2,0.2,1,0.2258,"[2326.777587890625, 1014.8785400390625, 2497.05615234375, 1207.2701416015625]",1
frame_0041.png,extras,plant pot,flower pot,flower pot.,0.2,0.2,1,0.584,"[2325.800048828125, 1018.8228759765625, 2495.3505859375, 1205.4388427734375]",1
frame_0041.png,extras,plant pot,plastic plant pot,plastic plant pot.,0.2,0.2,1,0.5509,"[2326.066650390625, 1013.6019287109375, 2496.703857421875, 1207.5283203125]",1
frame_0041.png,extras,shoes,shoes,shoes.,0.18,0.18,11,0.3367,"[2207.49951171875, 1018.5860595703125, 2245.132080078125, 1055.221923828125]",1
frame_0041.png,extras,shoes,pair of indoor shoes,pair of indoor shoes.,0.18,0.18,3,0.7973,"[2141.475341796875, 1003.2005004882812, 2282.897216796875, 1066.6343994140625]",1
frame_0041.png,extras,shoes,indoor shoes,indoor shoes.,0.18,0.18,11,0.4727,"[2146.790771484375, 1017.1155395507812, 2208.9658203125, 1056.3109130859375]",1
frame_0041.png,extras,shoes,pair of shoes,pair of shoes.,0.18,0.18,4,0.7958,"[2140.6357421875, 1001.5651245117188, 2283.66748046875, 1067.481689453125]",1
frame_0041.png,extras,shoes,sneakers,sneakers.,0.18,0.18,10,0.3109,"[2208.653076171875, 1018.8474731445312, 2245.0244140625, 1054.1461181640625]",1
frame_0041.png,extras,shoes,slippers,slippers.,0.18,0.18,6,0.3041,"[2206.959716796875, 1018.2254028320312, 2246.94580078125, 1054.3084716796875]",1
frame_0041.png,extras,shoes,shoe pair on floor,shoe pair on floor.,0.18,0.18,2,0.7485,"[2135.216552734375, 995.3634643554688, 2288.0361328125, 1073.49267578125]",1
frame_0041.png,extras,trash bin,trash bin,trash bin.,0.2,0.2,0,0.0,,0
frame_0041.png,extras,trash bin,indoor trash bin,indoor trash bin.,0.2,0.2,3,0.5149,"[2398.127685546875, 1215.283203125, 2737.65771484375, 1658.1077880859375]",1
frame_0041.png,extras,trash bin,garbage bin,garbage bin.,0.2,0.2,4,0.3585,"[2327.8994140625, 1017.269775390625, 2494.844970703125, 1205.9783935546875]",1
frame_0041.png,extras,trash bin,waste bin,waste bin.,0.2,0.2,4,0.4025,"[2327.65576171875, 1017.0379638671875, 2495.025146484375, 1206.2568359375]",1
frame_0041.png,extras,trash bin,recycling bin,recycling bin.,0.2,0.2,3,0.4531,"[2326.64794921875, 1016.8939208984375, 2495.4267578125, 1206.5946044921875]",1
frame_0041.png,extras,trash bin,small trash can,small trash can.,0.2,0.2,1,0.6875,"[2322.16064453125, 1006.7749633789062, 2499.327880859375, 1210.3182373046875]",1
frame_0041.png,extras,vacuum cleaner,vacuum cleaner,vacuum cleaner.,0.2,0.2,3,0.2787,"[1058.7381591796875, 859.79296875, 1162.621337890625, 990.9187622070312]",1
frame_0041.png,extras,vacuum cleaner,upright vacuum cleaner,upright vacuum cleaner.,0.2,0.2,2,0.4774,"[1057.6793212890625, 856.9986572265625, 1141.1402587890625, 992.1206665039062]",1
frame_0041.png,extras,vacuum cleaner,stick vacuum,stick vacuum.,0.2,0.2,0,0.0,,0
frame_0041.png,extras,vacuum cleaner,household vacuum,household vacuum.,0.2,0.2,6,0.3205,"[2397.0703125, 1208.8623046875, 2738.02685546875, 1659.8082275390625]",1
frame_0041.png,extras,vacuum cleaner,robot vacuum,robot vacuum.,0.2,0.2,0,0.0,,0
frame_0041.png,extras,vacuum cleaner,cordless vacuum cleaner,cordless vacuum cleaner.,0.2,0.2,2,0.4331,"[2393.78857421875, 1206.300048828125, 2739.481689453125, 1661.203125]",1
frame_0042.png,production,meeting table set,ALL_GROUP,meeting table. conference table. table with chairs. meeting table set.,0.32,0.32,3,0.3863,"[975.660888671875, 836.7984619140625, 1328.5316162109375, 1056.0318603515625]",1
frame_0042.png,production,chair,ALL_GROUP,chair. chairs. armless chair.,0.36,0.36,10,0.5297,"[2467.6591796875, 798.823486328125, 2742.18212890625, 1131.5045166015625]",1
frame_0042.png,production,bench,ALL_GROUP,bench. metal bench. waiting bench.,0.34,0.34,0,0.0,,0
frame_0042.png,production,cardboard box+plant pot+shoes,ALL_GROUP,cardboard box. brown cardboard box. cardboard package. plant pot. potted plant. flower pot. indoor plant pot. shoes. pair of shoes. footwear. black shoes.,0.3,0.3,3,0.4184,"[2090.856201171875, 1012.7919311523438, 2231.0673828125, 1072.5887451171875]",1
frame_0042.png,production,trash bin+vacuum cleaner,ALL_GROUP,trash bin. trash can. waste bin. recycling bin. row of trash bins. vacuum cleaner. upright vacuum cleaner. cordless vacuum. floor cleaner.,0.25,0.25,0,0.0,,0
frame_0042.png,production,large power bank,ALL_GROUP,large power bank. portable power station. battery pack. power bank.,0.28,0.28,0,0.0,,0
frame_0042.png,production,door,ALL_GROUP,door. doors. dark door. elevator sliding door. sliding door.,0.26,0.26,3,0.366,"[1479.084228515625, 629.695556640625, 1748.42431640625, 1002.0436401367188]",1
frame_0042.png,production,electric vehicle,ALL_GROUP,electric vehicle. small electric vehicle. mobility scooter. scooter.,0.28,0.28,0,0.0,,0
frame_0042.png,extras,bench,bench,bench.,0.2,0.2,4,0.2669,"[2250.561767578125, 1675.6668701171875, 2878.83984375, 1856.463623046875]",1
frame_0042.png,extras,bench,metal bench,metal bench.,0.2,0.2,7,0.4049,"[2612.0537109375, 1281.3983154296875, 2877.92724609375, 1689.0941162109375]",1
frame_0042.png,extras,bench,waiting bench,waiting bench.,0.2,0.2,5,0.3575,"[2610.68701171875, 1281.46533203125, 2879.350830078125, 1691.456298828125]",1
frame_0042.png,extras,bench,long bench,long bench.,0.2,0.2,4,0.3735,"[2252.2314453125, 1672.9842529296875, 2878.38623046875, 1853.9259033203125]",1
frame_0042.png,extras,bench,indoor bench,indoor bench.,0.2,0.2,7,0.4122,"[2612.990966796875, 1282.6090087890625, 2878.56103515625, 1688.912109375]",1
frame_0042.png,extras,cardboard box,cardboard box,cardboard box.,0.2,0.2,1,0.2035,"[2613.491455078125, 1282.7059326171875, 2877.973876953125, 1690.69140625]",1
frame_0042.png,extras,cardboard box,brown cardboard box,brown cardboard box.,0.2,0.2,3,0.4666,"[1721.6265869140625, 614.3384399414062, 1903.9306640625, 1002.9672241210938]",1
frame_0042.png,extras,cardboard box,shipping box,shipping box.,0.2,0.2,1,0.2116,"[2613.686767578125, 1283.5447998046875, 2878.405029296875, 1692.27587890625]",1
frame_0042.png,extras,cardboard box,package box,package box.,0.2,0.2,0,0.0,,0
frame_0042.png,extras,cardboard box,stacked box,stacked box.,0.2,0.2,0,0.0,,0
frame_0042.png,extras,cardboard box,box,box.,0.2,0.2,0,0.0,,0
frame_0042.png,extras,chair,chair,chair.,0.2,0.2,13,0.4088,"[2468.86767578125, 801.8627319335938, 2745.04736328125, 1130.4169921875]",1
frame_0042.png,extras,chair,armless chair,armless chair.,0.2,0.2,8,0.3954,"[2468.354248046875, 797.8147583007812, 2741.677001953125, 1133.5140380859375]",1
frame_0042.png,extras,chair,office chair,office chair.,0.2,0.2,19,0.5561,"[2468.3984375, 799.22265625, 2741.440673828125, 1131.0101318359375]",1
frame_0042.png,extras,chair,swivel chair,swivel chair.,0.2,0.2,7,0.3813,"[2467.36376953125, 797.2067260742188, 2744.412109375, 1134.0509033203125]",1
frame_0042.png,extras,chair,rolling chair,rolling chair.,0.2,0.2,15,0.4784,"[2468.8935546875, 798.6430053710938, 2746.521484375, 1132.506591796875]",1
frame_0042.png,extras,chair,stool chair,stool chair.,0.2,0.2,23,0.512,"[2468.833984375, 800.1796875, 2742.697509765625, 1129.8173828125]",1
frame_0042.png,extras,door,door,door.,0.2,0.2,6,0.3703,"[673.8573608398438, 785.8963623046875, 780.2993774414062, 976.5390625]",1
frame_0042.png,extras,door,dark door surface,dark door surface.,0.2,0.2,5,0.3079,"[1476.9111328125, 627.1641235351562, 1757.347412109375, 1003.332275390625]",1
frame_0042.png,extras,door,wooden door,wooden door.,0.2,0.2,5,0.3685,"[671.4864501953125, 781.9745483398438, 782.9349975585938, 979.3282470703125]",1
frame_0042.png,extras,door,closed door,closed door.,0.2,0.2,7,0.3509,"[1478.495361328125, 641.1036987304688, 1585.6478271484375, 995.8441772460938]",1
frame_0042.png,extras,door,interior door,interior door.,0.2,0.2,8,0.376,"[671.7706298828125, 784.570068359375, 783.4888916015625, 979.1497192382812]",1
frame_0042.png,extras,electric vehicle,electric vehicle,electric vehicle.,0.2,0.2,2,0.2094,"[2611.637939453125, 1282.7686767578125, 2878.244873046875, 1692.15576171875]",1
frame_0042.png,extras,electric vehicle,small electric vehicle,small electric vehicle.,0.2,0.2,3,0.4314,"[2606.2685546875, 1279.0546875, 2876.550048828125, 1694.6209716796875]",1
frame_0042.png,extras,electric vehicle,electric cart,electric cart.,0.2,0.2,0,0.0,,0
frame_0042.png,extras,electric vehicle,small electric cart,small electric cart.,0.2,0.2,1,0.5782,"[954.837646484375, 865.7137451171875, 1045.4210205078125, 994.2573852539062]",1
frame_0042.png,extras,electric vehicle,compact electric car,compact electric car.,0.2,0.2,2,0.4807,"[2608.469482421875, 1280.45751953125, 2877.373291015625, 1692.8529052734375]",1
frame_0042.png,extras,electric vehicle,indoor electric vehicle,indoor electric vehicle.,0.2,0.2,10,0.3794,"[5.633840560913086, 5.5103607177734375, 2873.8603515625, 1852.2615966796875]",1
frame_0042.png,extras,electric vehicle,robot platform,robot platform.,0.2,0.2,4,0.4281,"[172.31378173828125, 863.2124633789062, 407.8616943359375, 1069.296142578125]",1
frame_0042.png,extras,large power bank,large power bank,large power bank.,0.18,0.18,6,0.3196,"[1143.6199951171875, 1648.3687744140625, 1697.9281005859375, 1854.5079345703125]",1
frame_0042.png,extras,large power bank,portable power bank battery,portable power bank battery.,0.18,0.18,3,0.5023,"[2611.9482421875, 1284.2857666015625, 2876.801513671875, 1693.9588623046875]",1
frame_0042.png,extras,large power bank,power bank,power bank.,0.18,0.18,5,0.2755,"[1149.0853271484375, 1655.847412109375, 1695.4111328125, 1856.713134765625]",1
frame_0042.png,extras,large power bank,battery pack,battery pack.,0.18,0.18,1,0.1961,"[2614.067626953125, 1284.0264892578125, 2878.419921875, 1693.9237060546875]",1
frame_0042.png,extras,large power bank,large battery,large battery.,0.18,0.18,3,0.4234,"[2612.298828125, 1282.9400634765625, 2877.625244140625, 1694.5120849609375]",1
frame_0042.png,extras,large power bank,portable battery,portable battery.,0.18,0.18,2,0.4272,"[2613.183349609375, 1284.320556640625, 2877.8798828125, 1694.0234375]",1
frame_0042.png,extras,large power bank,rectangular battery box,rectangular battery box.,0.18,0.18,2,0.5148,"[2612.413330078125, 1283.502685546875, 2877.117431640625, 1693.6341552734375]",1
frame_0042.png,extras,meeting table set,meeting table set,meeting table set.,0.2,0.2,5,0.4976,"[975.389892578125, 846.4815063476562, 1320.41259765625, 1052.7432861328125]",1
frame_0042.png,extras,meeting table set,large meeting table,large meeting table.,0.2,0.2,2,0.536,"[169.46507263183594, 856.3253784179688, 410.89141845703125, 1068.7425537109375]",1
frame_0042.png,extras,meeting table set,conference table,conference table.,0.2,0.2,6,0.4974,"[172.59197998046875, 862.8560180664062, 405.3857727050781, 1064.8046875]",1
frame_0042.png,extras,meeting table set,long table with chairs,long table with chairs.,0.2,0.2,3,0.4095,"[168.19361877441406, 853.61474609375, 419.36358642578125, 1069.5582275390625]",1
frame_0042.png,extras,meeting table set,office meeting table,office meeting table.,0.2,0.2,6,0.5273,"[171.57205200195312, 861.2047119140625, 407.1800231933594, 1066.9879150390625]",1
frame_0042.png,extras,meeting table set,long rectangular table,long rectangular table.,0.2,0.2,2,0.6036,"[170.48141479492188, 859.5654907226562, 409.4726257324219, 1067.225830078125]",1
frame_0042.png,extras,plant pot,plant pot,plant pot.,0.2,0.2,1,0.3554,"[2334.382568359375, 1030.701904296875, 2524.790283203125, 1237.8966064453125]",1
frame_0042.png,extras,plant pot,potted plant in plastic pot,potted plant in plastic pot.,0.2,0.2,3,0.4805,"[2329.421630859375, 1018.9611206054688, 2527.7685546875, 1244.3162841796875]",1
frame_0042.png,extras,plant pot,potted plant,potted plant.,0.2,0.2,3,0.2888,"[2333.847900390625, 1030.652099609375, 2525.059326171875, 1238.300537109375]",1
frame_0042.png,extras,plant pot,indoor potted plant,indoor potted plant.,0.2,0.2,1,0.2568,"[2335.18896484375, 1026.428955078125, 2526.64111328125, 1240.299072265625]",1
frame_0042.png,extras,plant pot,flower pot,flower pot.,0.2,0.2,1,0.6057,"[2334.823486328125, 1030.33447265625, 2524.140380859375, 1238.0478515625]",1
frame_0042.png,extras,plant pot,plastic plant pot,plastic plant pot.,0.2,0.2,1,0.6012,"[2334.8076171875, 1025.010986328125, 2524.914306640625, 1241.07421875]",1
frame_0042.png,extras,shoes,shoes,shoes.,0.18,0.18,8,0.2948,"[2094.45947265625, 1023.8464965820312, 2130.044677734375, 1059.3133544921875]",1
frame_0042.png,extras,shoes,pair of indoor shoes,pair of indoor shoes.,0.18,0.18,6,0.682,"[2089.1396484375, 1009.6737670898438, 2232.25048828125, 1073.9954833984375]",1
frame_0042.png,extras,shoes,indoor shoes,indoor shoes.,0.18,0.18,12,0.3679,"[2093.960693359375, 1021.2460327148438, 2157.550537109375, 1061.7996826171875]",1
frame_0042.png,extras,shoes,pair of shoes,pair of shoes.,0.18,0.18,5,0.7186,"[2088.749755859375, 1008.1183471679688, 2232.699462890625, 1074.8306884765625]",1
frame_0042.png,extras,shoes,sneakers,sneakers.,0.18,0.18,7,0.3439,"[2186.809814453125, 1025.912109375, 2223.90966796875, 1063.952880859375]",1
frame_0042.png,extras,shoes,slippers,slippers.,0.18,0.18,4,0.3224,"[2094.41162109375, 1023.3743896484375, 2130.16943359375, 1058.4075927734375]",1
frame_0042.png,extras,shoes,shoe pair on floor,shoe pair on floor.,0.18,0.18,2,0.7123,"[2082.696533203125, 1000.4677734375, 2239.265380859375, 1081.0701904296875]",1
frame_0042.png,extras,trash bin,trash bin,trash bin.,0.2,0.2,0,0.0,,0
frame_0042.png,extras,trash bin,indoor trash bin,indoor trash bin.,0.2,0.2,3,0.4545,"[2335.229248046875, 1026.0921630859375, 2524.70361328125, 1240.0552978515625]",1
frame_0042.png,extras,trash bin,garbage bin,garbage bin.,0.2,0.2,3,0.3301,"[2336.662109375, 1028.1795654296875, 2523.891845703125, 1238.7894287109375]",1
frame_0042.png,extras,trash bin,waste bin,waste bin.,0.2,0.2,3,0.3712,"[2336.412353515625, 1028.09619140625, 2524.110107421875, 1239.0347900390625]",1
frame_0042.png,extras,trash bin,recycling bin,recycling bin.,0.2,0.2,3,0.4432,"[2335.156494140625, 1027.9422607421875, 2525.20947265625, 1239.370849609375]",1
frame_0042.png,extras,trash bin,small trash can,small trash can.,0.2,0.2,1,0.7671,"[2330.218505859375, 1018.1265258789062, 2528.306396484375, 1244.1595458984375]",1
frame_0042.png,extras,vacuum cleaner,vacuum cleaner,vacuum cleaner.,0.2,0.2,2,0.2713,"[955.894287109375, 855.9246826171875, 1052.673583984375, 992.65283203125]",1
frame_0042.png,extras,vacuum cleaner,upright vacuum cleaner,upright vacuum cleaner.,0.2,0.2,2,0.4036,"[954.2515258789062, 853.5157470703125, 1044.7073974609375, 994.4534912109375]",1
frame_0042.png,extras,vacuum cleaner,stick vacuum,stick vacuum.,0.2,0.2,0,0.0,,0
frame_0042.png,extras,vacuum cleaner,household vacuum,household vacuum.,0.2,0.2,3,0.3069,"[957.6239624023438, 858.0857543945312, 1053.5111083984375, 991.8223266601562]",1
frame_0042.png,extras,vacuum cleaner,robot vacuum,robot vacuum.,0.2,0.2,2,0.2837,"[956.1792602539062, 856.9786376953125, 1050.11767578125, 992.7119140625]",1
frame_0042.png,extras,vacuum cleaner,cordless vacuum cleaner,cordless vacuum cleaner.,0.2,0.2,2,0.4873,"[954.5173950195312, 855.5451049804688, 1027.3447265625, 993.4268798828125]",1
frame_0043.png,production,meeting table set,ALL_GROUP,meeting table. conference table. table with chairs. meeting table set.,0.32,0.32,3,0.3864,"[944.4733276367188, 829.8965454101562, 1326.2559814453125, 1071.6199951171875]",1
frame_0043.png,production,chair,ALL_GROUP,chair. chairs. armless chair.,0.36,0.36,7,0.4723,"[1009.7555541992188, 847.7208251953125, 1173.1646728515625, 1066.5059814453125]",1
frame_0043.png,production,bench,ALL_GROUP,bench. metal bench. waiting bench.,0.34,0.34,0,0.0,,0
frame_0043.png,production,cardboard box+plant pot+shoes,ALL_GROUP,cardboard box. brown cardboard box. cardboard package. plant pot. potted plant. flower pot. indoor plant pot. shoes. pair of shoes. footwear. black shoes.,0.3,0.3,4,0.3899,"[2180.06884765625, 1019.4378051757812, 2336.357177734375, 1087.1492919921875]",1
frame_0043.png,production,trash bin+vacuum cleaner,ALL_GROUP,trash bin. trash can. waste bin. recycling bin. row of trash bins. vacuum cleaner. upright vacuum cleaner. cordless vacuum. floor cleaner.,0.25,0.25,0,0.0,,0
frame_0043.png,production,large power bank,ALL_GROUP,large power bank. portable power station. battery pack. power bank.,0.28,0.28,0,0.0,,0
frame_0043.png,production,door,ALL_GROUP,door. doors. dark door. elevator sliding door. sliding door.,0.26,0.26,4,0.3019,"[1489.18994140625, 621.8054809570312, 1608.8505859375, 1002.0664672851562]",1
frame_0043.png,production,electric vehicle,ALL_GROUP,electric vehicle. small electric vehicle. mobility scooter. scooter.,0.28,0.28,0,0.0,,0
frame_0043.png,extras,bench,bench,bench.,0.2,0.2,3,0.2427,"[2266.398681640625, 1677.9248046875, 2878.5048828125, 1856.2576904296875]",1
frame_0043.png,extras,bench,metal bench,metal bench.,0.2,0.2,13,0.3637,"[207.45510864257812, 855.4036865234375, 398.8207092285156, 1079.4599609375]",1
frame_0043.png,extras,bench,waiting bench,waiting bench.,0.2,0.2,6,0.2703,"[66.19259643554688, 860.6593017578125, 317.4871520996094, 1085.1669921875]",1
frame_0043.png,extras,bench,long bench,long bench.,0.2,0.2,3,0.4057,"[2266.787353515625, 1674.9202880859375, 2878.110107421875, 1853.810546875]",1
frame_0043.png,extras,bench,indoor bench,indoor bench.,0.2,0.2,11,0.3025,"[2267.296630859375, 1675.59814453125, 2877.935302734375, 1854.167236328125]",1
frame_0043.png,extras,cardboard box,cardboard box,cardboard box.,0.2,0.2,1,0.2244,"[1753.9105224609375, 596.7177734375, 1938.573486328125, 999.966796875]",1
frame_0043.png,extras,cardboard box,brown cardboard box,brown cardboard box.,0.2,0.2,2,0.5358,"[1749.0875244140625, 593.6641845703125, 1942.3878173828125, 1007.3086547851562]",1
frame_0043.png,extras,cardboard box,shipping box,shipping box.,0.2,0.2,0,0.0,,0
frame_0043.png,extras,cardboard box,package box,package box.,0.2,0.2,0,0.0,,0
frame_0043.png,extras,cardboard box,stacked box,stacked box.,0.2,0.2,0,0.0,,0
frame_0043.png,extras,cardboard box,box,box.,0.2,0.2,0,0.0,,0
frame_0043.png,extras,chair,chair,chair.,0.2,0.2,12,0.4322,"[1167.1873779296875, 852.7652587890625, 1312.071044921875, 1058.037109375]",1
frame_0043.png,extras,chair,armless chair,armless chair.,0.2,0.2,8,0.378,"[2622.210693359375, 776.3966674804688, 2877.671142578125, 1075.4100341796875]",1
frame_0043.png,extras,chair,office chair,office chair.,0.2,0.2,16,0.5452,"[1012.2506713867188, 848.52783203125, 1171.03515625, 1064.800537109375]",1
frame_0043.png,extras,chair,swivel chair,swivel chair.,0.2,0.2,5,0.362,"[1009.8267211914062, 846.1986083984375, 1171.17138671875, 1066.4622802734375]",1
frame_0043.png,extras,chair,rolling chair,rolling chair.,0.2,0.2,11,0.516,"[1012.107666015625, 847.335693359375, 1171.2484130859375, 1064.8656005859375]",1
frame_0043.png,extras,chair,stool chair,stool chair.,0.2,0.2,16,0.5171,"[1013.3318481445312, 849.2230224609375, 1170.5150146484375, 1064.8873291015625]",1
frame_0043.png,extras,door,door,door.,0.2,0.2,7,0.3039,"[884.5131225585938, 700.1522216796875, 1058.1796875, 991.25634765625]",1
frame_0043.png,extras,door,dark door surface,dark door surface.,0.2,0.2,3,0.3366,"[1488.218017578125, 607.4547119140625, 1782.7391357421875, 1010.1178588867188]",1
frame_0043.png,extras,door,wooden door,wooden door.,0.2,0.2,5,0.3402,"[1490.079345703125, 626.0458374023438, 1604.6986083984375, 999.9371948242188]",1
frame_0043.png,extras,door,closed door,closed door.,0.2,0.2,6,0.3798,"[1489.84423828125, 624.3578491210938, 1604.270263671875, 1000.159912109375]",1
frame_0043.png,extras,door,interior door,interior door.,0.2,0.2,9,0.3408,"[1491.0814208984375, 624.3929443359375, 1603.469482421875, 998.9598999023438]",1
frame_0043.png,extras,electric vehicle,electric vehicle,electric vehicle.,0.2,0.2,0,0.0,,0
frame_0043.png,extras,electric vehicle,small electric vehicle,small electric vehicle.,0.2,0.2,2,0.492,"[1145.025146484375, 1645.7852783203125, 1695.703369140625, 1855.175537109375]",1
frame_0043.png,extras,electric vehicle,electric cart,electric cart.,0.2,0.2,0,0.0,,0
frame_0043.png,extras,electric vehicle,small electric cart,small electric cart.,0.2,0.2,4,0.3969,"[940.7195434570312, 865.5982666015625, 1034.9512939453125, 1000.2199096679688]",1
frame_0043.png,extras,electric vehicle,compact electric car,compact electric car.,0.2,0.2,3,0.4748,"[1146.7930908203125, 1649.7353515625, 1695.34033203125, 1855.3433837890625]",1
frame_0043.png,extras,electric vehicle,indoor electric vehicle,indoor electric vehicle.,0.2,0.2,6,0.4411,"[6.159210205078125, 5.357478141784668, 2874.412109375, 1852.0157470703125]",1
frame_0043.png,extras,electric vehicle,robot platform,robot platform.,0.2,0.2,6,0.3649,"[66.79882049560547, 861.56494140625, 313.6549377441406, 1086.086669921875]",1
frame_0043.png,extras,large power bank,large power bank,large power bank.,0.18,0.18,4,0.3266,"[1144.6761474609375, 1647.8427734375, 1696.532958984375, 1855.1605224609375]",1
frame_0043.png,extras,large power bank,portable power bank battery,portable power bank battery.,0.18,0.18,5,0.3636,"[789.5072631835938, 874.8572998046875, 845.166015625, 983.0567016601562]",1
frame_0043.png,extras,large power bank,power bank,power bank.,0.18,0.18,4,0.2695,"[1150.0062255859375, 1654.489501953125, 1694.2679443359375, 1857.128662109375]",1
frame_0043.png,extras,large power bank,battery pack,battery pack.,0.18,0.18,0,0.0,,0
frame_0043.png,extras,large power bank,large battery,large battery.,0.18,0.18,5,0.2453,"[790.3582763671875, 873.1009521484375, 845.8245849609375, 982.4375610351562]",1
frame_0043.png,extras,large power bank,portable battery,portable battery.,0.18,0.18,2,0.2813,"[791.2109985351562, 875.2139892578125, 844.953857421875, 982.3687133789062]",1
frame_0043.png,extras,large power bank,rectangular battery box,rectangular battery box.,0.18,0.18,4,0.2705,"[1755.2420654296875, 597.6331787109375, 1934.564697265625, 922.5011596679688]",1
frame_0043.png,extras,meeting table set,meeting table set,meeting table set.,0.2,0.2,5,0.5284,"[940.9443969726562, 838.5567626953125, 1319.7122802734375, 1067.685546875]",1
frame_0043.png,extras,meeting table set,large meeting table,large meeting table.,0.2,0.2,4,0.4851,"[940.9857177734375, 840.5818481445312, 1319.866943359375, 1063.8905029296875]",1
frame_0043.png,extras,meeting table set,conference table,conference table.,0.2,0.2,7,0.4958,"[67.33415222167969, 862.2319946289062, 311.27667236328125, 1081.2791748046875]",1
frame_0043.png,extras,meeting table set,long table with chairs,long table with chairs.,0.2,0.2,4,0.4072,"[952.9745483398438, 835.6577758789062, 1324.2978515625, 1067.0089111328125]",1
frame_0043.png,extras,meeting table set,office meeting table,office meeting table.,0.2,0.2,5,0.5334,"[66.08833312988281, 861.0208740234375, 310.86724853515625, 1082.9398193359375]",1
frame_0043.png,extras,meeting table set,long rectangular table,long rectangular table.,0.2,0.2,4,0.4656,"[65.33561706542969, 859.1067504882812, 316.0199279785156, 1083.978515625]",1
frame_0043.png,extras,plant pot,plant pot,plant pot.,0.2,0.2,1,0.3861,"[2592.76025390625, 1050.8487548828125, 2837.505859375, 1315.045166015625]",1
frame_0043.png,extras,plant pot,potted plant in plastic pot,potted plant in plastic pot.,0.2,0.2,3,0.3965,"[2587.857177734375, 1037.8392333984375, 2839.140869140625, 1319.63671875]",1
frame_0043.png,extras,plant pot,potted plant,potted plant.,0.2,0.2,1,0.2464,"[2592.68896484375, 1050.7794189453125, 2837.59033203125, 1315.7227783203125]",1
frame_0043.png,extras,plant pot,indoor potted plant,indoor potted plant.,0.2,0.2,2,0.2997,"[2593.12353515625, 1047.3046875, 2839.4130859375, 1317.152099609375]",1
frame_0043.png,extras,plant pot,flower pot,flower pot.,0.2,0.2,1,0.6639,"[2593.202392578125, 1050.0411376953125, 2837.323486328125, 1315.265869140625]",1
frame_0043.png,extras,plant pot,plastic plant pot,plastic plant pot.,0.2,0.2,1,0.6366,"[2592.663330078125, 1045.0743408203125, 2838.0029296875, 1317.4371337890625]",1
frame_0043.png,extras,shoes,shoes,shoes.,0.18,0.18,11,0.378,"[2255.127197265625, 1031.78125, 2294.152587890625, 1076.48193359375]",1
frame_0043.png,extras,shoes,pair of indoor shoes,pair of indoor shoes.,0.18,0.18,4,0.7301,"[2178.703125, 1015.4707641601562, 2338.60107421875, 1088.6910400390625]",1
frame_0043.png,extras,shoes,indoor shoes,indoor shoes.,0.18,0.18,12,0.4523,"[2255.342529296875, 1030.8157958984375, 2295.339599609375, 1077.818603515625]",1
frame_0043.png,extras,shoes,pair of shoes,pair of shoes.,0.18,0.18,5,0.7348,"[2178.2353515625, 1013.8379516601562, 2339.444091796875, 1089.6502685546875]",1
frame_0043.png,extras,shoes,sneakers,sneakers.,0.18,0.18,9,0.3491,"[2219.349609375, 1034.1300048828125, 2252.772705078125, 1072.841796875]",1
frame_0043.png,extras,shoes,slippers,slippers.,0.18,0.18,5,0.3315,"[2288.903564453125, 1034.9390869140625, 2330.66259765625, 1078.7813720703125]",1
frame_0043.png,extras,shoes,shoe pair on floor,shoe pair on floor.,0.18,0.18,2,0.6318,"[2173.041748046875, 1008.646728515625, 2343.509521484375, 1095.4071044921875]",1
frame_0043.png,extras,trash bin,trash bin,trash bin.,0.2,0.2,0,0.0,,0
frame_0043.png,extras,trash bin,indoor trash bin,indoor trash bin.,0.2,0.2,2,0.3711,"[2593.69140625, 1046.704345703125, 2837.837646484375, 1316.379638671875]",1
frame_0043.png,extras,trash bin,garbage bin,garbage bin.,0.2,0.2,2,0.2412,"[2595.491455078125, 1048.93603515625, 2837.34326171875, 1315.442626953125]",1
frame_0043.png,extras,trash bin,waste bin,waste bin.,0.2,0.2,2,0.2536,"[2595.17041015625, 1048.8045654296875, 2837.514404296875, 1315.7767333984375]",1
frame_0043.png,extras,trash bin,recycling bin,recycling bin.,0.2,0.2,1,0.3996,"[2593.65869140625, 1048.717041015625, 2837.895751953125, 1316.289306640625]",1
frame_0043.png,extras,trash bin,small trash can,small trash can.,0.2,0.2,1,0.7059,"[2588.534423828125, 1038.3834228515625, 2839.804443359375, 1319.5736083984375]",1
frame_0043.png,extras,vacuum cleaner,vacuum cleaner,vacuum cleaner.,0.2,0.2,1,0.2801,"[941.3602905273438, 862.48046875, 1035.14013671875, 997.3399658203125]",1
frame_0043.png,extras,vacuum cleaner,upright vacuum cleaner,upright vacuum cleaner.,0.2,0.2,3,0.4584,"[939.4503784179688, 860.4629516601562, 1032.4561767578125, 998.6053466796875]",1
frame_0043.png,extras,vacuum cleaner,stick vacuum,stick vacuum.,0.2,0.2,0,0.0,,0
frame_0043.png,extras,vacuum cleaner,household vacuum,household vacuum.,0.2,0.2,3,0.251,"[941.3263549804688, 846.2627563476562, 1317.9495849609375, 1064.3143310546875]",1
frame_0043.png,extras,vacuum cleaner,robot vacuum,robot vacuum.,0.2,0.2,1,0.2233,"[941.3821411132812, 865.1849365234375, 1033.7626953125, 997.2591552734375]",1
frame_0043.png,extras,vacuum cleaner,cordless vacuum cleaner,cordless vacuum cleaner.,0.2,0.2,3,0.3381,"[943.2660522460938, 882.7073974609375, 1014.4246826171875, 998.6214599609375]",1
frame_0044.png,production,meeting table set,ALL_GROUP,meeting table. conference table. table with chairs. meeting table set.,0.32,0.32,3,0.3967,"[886.483154296875, 821.9556884765625, 1313.1224365234375, 1088.5439453125]",1
frame_0044.png,production,chair,ALL_GROUP,chair. chairs. armless chair.,0.36,0.36,9,0.4523,"[81.05750274658203, 848.2239990234375, 297.5584716796875, 1098.0118408203125]",1
frame_0044.png,production,bench,ALL_GROUP,bench. metal bench. waiting bench.,0.34,0.34,1,0.3874,"[943.1542358398438, 838.34423828125, 1142.651123046875, 1084.088134765625]",1
frame_0044.png,production,cardboard box+plant pot+shoes,ALL_GROUP,cardboard box. brown cardboard box. cardboard package. plant pot. potted plant. flower pot. indoor plant pot. shoes. pair of shoes. footwear. black shoes.,0.3,0.3,3,0.3572,"[2280.91259765625, 1029.8287353515625, 2458.660400390625, 1103.454345703125]",1
frame_0044.png,production,trash bin+vacuum cleaner,ALL_GROUP,trash bin. trash can. waste bin. recycling bin. row of trash bins. vacuum cleaner. upright vacuum cleaner. cordless vacuum. floor cleaner.,0.25,0.25,0,0.0,,0
frame_0044.png,production,large power bank,ALL_GROUP,large power bank. portable power station. battery pack. power bank.,0.28,0.28,0,0.0,,0
frame_0044.png,production,door,ALL_GROUP,door. doors. dark door. elevator sliding door. sliding door.,0.26,0.26,4,0.3113,"[1492.6318359375, 600.5587768554688, 1626.0111083984375, 1006.2555541992188]",1
frame_0044.png,production,electric vehicle,ALL_GROUP,electric vehicle. small electric vehicle. mobility scooter. scooter.,0.28,0.28,0,0.0,,0
frame_0044.png,extras,bench,bench,bench.,0.2,0.2,3,0.328,"[2796.8466796875, 935.4193725585938, 2879.199462890625, 1137.1190185546875]",1
frame_0044.png,extras,bench,metal bench,metal bench.,0.2,0.2,8,0.3899,"[945.61962890625, 838.367919921875, 1140.713623046875, 1082.875]",1
frame_0044.png,extras,bench,waiting bench,waiting bench.,0.2,0.2,4,0.3681,"[938.4734497070312, 840.4047241210938, 1142.9754638671875, 1084.364990234375]",1
frame_0044.png,extras,bench,long bench,long bench.,0.2,0.2,4,0.3767,"[2258.3916015625, 1673.892578125, 2878.31982421875, 1853.7117919921875]",1
frame_0044.png,extras,bench,indoor bench,indoor bench.,0.2,0.2,6,0.2569,"[2.3447012901306152, 1738.23095703125, 439.10662841796875, 1855.635009765625]",1
frame_0044.png,extras,cardboard box,cardboard box,cardboard box.,0.2,0.2,1,0.2329,"[1773.1954345703125, 574.7052001953125, 1971.9686279296875, 1007.6693115234375]",1
frame_0044.png,extras,cardboard box,brown cardboard box,brown cardboard box.,0.2,0.2,1,0.5701,"[1768.0479736328125, 572.897216796875, 1975.9755859375, 1012.1109008789062]",1
frame_0044.png,extras,cardboard box,shipping box,shipping box.,0.2,0.2,0,0.0,,0
frame_0044.png,extras,cardboard box,package box,package box.,0.2,0.2,0,0.0,,0
frame_0044.png,extras,cardboard box,stacked box,stacked box.,0.2,0.2,0,0.0,,0
frame_0044.png,extras,cardboard box,box,box.,0.2,0.2,0,0.0,,0
frame_0044.png,extras,chair,chair,chair.,0.2,0.2,10,0.3952,"[79.16069030761719, 849.9691772460938, 297.13055419921875, 1097.447265625]",1
frame_0044.png,extras,chair,armless chair,armless chair.,0.2,0.2,8,0.4738,"[951.3414916992188, 836.9873046875, 1139.6051025390625, 1084.4517822265625]",1
frame_0044.png,extras,chair,office chair,office chair.,0.2,0.2,14,0.5629,"[81.75162506103516, 848.2887573242188, 296.1994323730469, 1097.67041015625]",1
frame_0044.png,extras,chair,swivel chair,swivel chair.,0.2,0.2,6,0.4529,"[950.7259521484375, 836.4700317382812, 1139.6290283203125, 1085.34033203125]",1
frame_0044.png,extras,chair,rolling chair,rolling chair.,0.2,0.2,11,0.5222,"[952.8779907226562, 837.3486328125, 1139.5123291015625, 1083.9659423828125]",1
frame_0044.png,extras,chair,stool chair,stool chair.,0.2,0.2,16,0.6129,"[2797.37646484375, 933.2137451171875, 2878.848388671875, 1137.6392822265625]",1
frame_0044.png,extras,door,door,door.,0.2,0.2,6,0.3194,"[859.0786743164062, 686.822509765625, 1040.1290283203125, 995.0820922851562]",1
frame_0044.png,extras,door,dark door surface,dark door surface.,0.2,0.2,3,0.3162,"[1491.827880859375, 585.2252807617188, 1803.8013916015625, 1015.1220092773438]",1
frame_0044.png,extras,door,wooden door,wooden door.,0.2,0.2,5,0.326,"[855.9264526367188, 684.7232055664062, 1041.5830078125, 996.33740234375]",1
frame_0044.png,extras,door,closed door,closed door.,0.2,0.2,5,0.3508,"[1493.0262451171875, 603.1467895507812, 1620.3189697265625, 1003.9768676757812]",1
frame_0044.png,extras,door,interior door,interior door.,0.2,0.2,10,0.3436,"[857.1175537109375, 686.5648803710938, 1040.6865234375, 995.7584838867188]",1
frame_0044.png,extras,electric vehicle,electric vehicle,electric vehicle.,0.2,0.2,1,0.2053,"[1146.393310546875, 1655.21142578125, 1695.4642333984375, 1856.4342041015625]",1
frame_0044.png,extras,electric vehicle,small electric vehicle,small electric vehicle.,0.2,0.2,6,0.4212,"[1143.1549072265625, 1649.7303466796875, 1697.281982421875, 1854.626220703125]",1
frame_0044.png,extras,electric vehicle,electric cart,electric cart.,0.2,0.2,0,0.0,,0
frame_0044.png,extras,electric vehicle,small electric cart,small electric cart.,0.2,0.2,5,0.3122,"[760.4990234375, 854.6981201171875, 822.9161376953125, 988.47412109375]",1
frame_0044.png,extras,electric vehicle,compact electric car,compact electric car.,0.2,0.2,3,0.4989,"[1144.605224609375, 1651.8583984375, 1695.916259765625, 1854.953125]",1
frame_0044.png,extras,electric vehicle,indoor electric vehicle,indoor electric vehicle.,0.2,0.2,5,0.4332,"[5.453681945800781, 5.222223281860352, 2874.818115234375, 1852.344970703125]",1
frame_0044.png,extras,electric vehicle,robot platform,robot platform.,0.2,0.2,4,0.3404,"[889.1488647460938, 838.8931274414062, 1303.90380859375, 1082.3270263671875]",1
frame_0044.png,extras,large power bank,large power bank,large power bank.,0.18,0.18,6,0.3316,"[1141.90234375, 1648.8519287109375, 1697.2840576171875, 1854.8939208984375]",1
frame_0044.png,extras,large power bank,portable power bank battery,portable power bank battery.,0.18,0.18,5,0.3603,"[763.9644775390625, 867.4719848632812, 817.3899536132812, 987.0538330078125]",1
frame_0044.png,extras,large power bank,power bank,power bank.,0.18,0.18,3,0.2751,"[1146.9713134765625, 1655.8062744140625, 1695.1485595703125, 1856.8466796875]",1
frame_0044.png,extras,large power bank,battery pack,battery pack.,0.18,0.18,0,0.0,,0
frame_0044.png,extras,large power bank,large battery,large battery.,0.18,0.18,5,0.2015,"[765.628173828125, 868.0916137695312, 817.065673828125, 986.020263671875]",1
frame_0044.png,extras,large power bank,portable battery,portable battery.,0.18,0.18,2,0.2363,"[766.109375, 870.4808349609375, 816.4315795898438, 985.5826416015625]",1
frame_0044.png,extras,large power bank,rectangular battery box,rectangular battery box.,0.18,0.18,6,0.2547,"[1776.00244140625, 577.5277099609375, 1964.1776123046875, 892.07421875]",1
frame_0044.png,extras,meeting table set,meeting table set,meeting table set.,0.2,0.2,3,0.5427,"[1676.35009765625, 856.93310546875, 1974.294189453125, 1029.462890625]",1
frame_0044.png,extras,meeting table set,large meeting table,large meeting table.,0.2,0.2,2,0.5356,"[1676.5167236328125, 861.0925903320312, 1968.769287109375, 1023.6808471679688]",1
frame_0044.png,extras,meeting table set,conference table,conference table.,0.2,0.2,5,0.5635,"[1681.58642578125, 869.3934936523438, 1960.9478759765625, 1018.4275512695312]",1
frame_0044.png,extras,meeting table set,long table with chairs,long table with chairs.,0.2,0.2,3,0.4054,"[892.8041381835938, 829.9614868164062, 1311.9044189453125, 1082.7332763671875]",1
frame_0044.png,extras,meeting table set,office meeting table,office meeting table.,0.2,0.2,5,0.5707,"[1681.0716552734375, 867.4598388671875, 1965.067138671875, 1022.410888671875]",1
frame_0044.png,extras,meeting table set,long rectangular table,long rectangular table.,0.2,0.2,4,0.4684,"[1679.3133544921875, 867.3431396484375, 1962.7354736328125, 1017.4241943359375]",1
frame_0044.png,extras,plant pot,plant pot,plant pot.,0.2,0.2,0,0.0,,0
frame_0044.png,extras,plant pot,potted plant in plastic pot,potted plant in plastic pot.,0.2,0.2,2,0.3823,"[758.44384765625, 849.0025024414062, 824.6318359375, 987.5880737304688]",1
frame_0044.png,extras,plant pot,potted plant,potted plant.,0.2,0.2,0,0.0,,0
frame_0044.png,extras,plant pot,indoor potted plant,indoor potted plant.,0.2,0.2,0,0.0,,0
frame_0044.png,extras,plant pot,flower pot,flower pot.,0.2,0.2,0,0.0,,0
frame_0044.png,extras,plant pot,plastic plant pot,plastic plant pot.,0.2,0.2,0,0.0,,0
frame_0044.png,extras,shoes,shoes,shoes.,0.18,0.18,12,0.4064,"[2368.090576171875, 1041.430908203125, 2409.8828125, 1091.7562255859375]",1
frame_0044.png,extras,shoes,pair of indoor shoes,pair of indoor shoes.,0.18,0.18,5,0.6757,"[2278.222412109375, 1024.5711669921875, 2462.537109375, 1105.3480224609375]",1
frame_0044.png,extras,shoes,indoor shoes,indoor shoes.,0.18,0.18,12,0.4692,"[2367.3955078125, 1040.4940185546875, 2410.857421875, 1094.1580810546875]",1
frame_0044.png,extras,shoes,pair of shoes,pair of shoes.,0.18,0.18,7,0.661,"[2277.3759765625, 1022.298583984375, 2463.24267578125, 1106.8814697265625]",1
frame_0044.png,extras,shoes,sneakers,sneakers.,0.18,0.18,8,0.3887,"[683.8727416992188, 991.2128295898438, 699.4722900390625, 1000.8387451171875]",1
frame_0044.png,extras,shoes,slippers,slippers.,0.18,0.18,6,0.3396,"[2367.893310546875, 1041.41845703125, 2409.9560546875, 1091.0948486328125]",1
frame_0044.png,extras,shoes,shoe pair on floor,shoe pair on floor.,0.18,0.18,5,0.5477,"[2274.7119140625, 1018.9982299804688, 2466.158447265625, 1110.4677734375]",1
frame_0044.png,extras,trash bin,trash bin,trash bin.,0.2,0.2,0,0.0,,0
frame_0044.png,extras,trash bin,indoor trash bin,indoor trash bin.,0.2,0.2,1,0.3039,"[764.7606811523438, 871.48583984375, 816.6774291992188, 987.8032836914062]",1
frame_0044.png,extras,trash bin,garbage bin,garbage bin.,0.2,0.2,1,0.2106,"[766.370361328125, 871.6827392578125, 815.510986328125, 986.7454223632812]",1
frame_0044.png,extras,trash bin,waste bin,waste bin.,0.2,0.2,1,0.2125,"[766.3786010742188, 872.3822631835938, 815.5238647460938, 987.0436401367188]",1
frame_0044.png,extras,trash bin,recycling bin,recycling bin.,0.2,0.2,0,0.0,,0
frame_0044.png,extras,trash bin,small trash can,small trash can.,0.2,0.2,1,0.5415,"[759.7536010742188, 866.1180419921875, 820.7227172851562, 990.5133666992188]",1
frame_0044.png,extras,vacuum cleaner,vacuum cleaner,vacuum cleaner.,0.2,0.2,0,0.0,,0
frame_0044.png,extras,vacuum cleaner,upright vacuum cleaner,upright vacuum cleaner.,0.2,0.2,3,0.3194,"[764.9942626953125, 854.65283203125, 819.0411376953125, 988.9833374023438]",1
frame_0044.png,extras,vacuum cleaner,stick vacuum,stick vacuum.,0.2,0.2,0,0.0,,0
frame_0044.png,extras,vacuum cleaner,household vacuum,household vacuum.,0.2,0.2,0,0.0,,0
frame_0044.png,extras,vacuum cleaner,robot vacuum,robot vacuum.,0.2,0.2,0,0.0,,0
frame_0044.png,extras,vacuum cleaner,cordless vacuum cleaner,cordless vacuum cleaner.,0.2,0.2,4,0.3118,"[1144.11669921875, 1652.6014404296875, 1697.0504150390625, 1855.7918701171875]",1
frame_0045.png,production,meeting table set,ALL_GROUP,meeting table. conference table. table with chairs. meeting table set.,0.32,0.32,3,0.3886,"[850.7675170898438, 810.7164306640625, 1299.4249267578125, 1102.7724609375]",1
frame_0045.png,production,chair,ALL_GROUP,chair. chairs. armless chair.,0.36,0.36,7,0.4664,"[1096.7384033203125, 828.0372314453125, 1285.6090087890625, 1091.8853759765625]",1
frame_0045.png,production,bench,ALL_GROUP,bench. metal bench. waiting bench.,0.34,0.34,1,0.4057,"[893.1061401367188, 826.919921875, 1111.38720703125, 1099.4522705078125]",1
frame_0045.png,production,cardboard box+plant pot+shoes,ALL_GROUP,cardboard box. brown cardboard box. cardboard package. plant pot. potted plant. flower pot. indoor plant pot. shoes. pair of shoes. footwear. black shoes.,0.3,0.3,3,0.361,"[2355.135498046875, 1044.2161865234375, 2548.012451171875, 1125.96044921875]",1
frame_0045.png,production,trash bin+vacuum cleaner,ALL_GROUP,trash bin. trash can. waste bin. recycling bin. row of trash bins. vacuum cleaner. upright vacuum cleaner. cordless vacuum. floor cleaner.,0.25,0.25,0,0.0,,0
frame_0045.png,production,large power bank,ALL_GROUP,large power bank. portable power station. battery pack. power bank.,0.28,0.28,0,0.0,,0
frame_0045.png,production,door,ALL_GROUP,door. doors. dark door. elevator sliding door. sliding door.,0.26,0.26,3,0.3089,"[1493.14208984375, 592.2428588867188, 1630.3516845703125, 1012.3203125]",1
frame_0045.png,production,electric vehicle,ALL_GROUP,electric vehicle. small electric vehicle. mobility scooter. scooter.,0.28,0.28,0,0.0,,0
frame_0045.png,extras,bench,bench,bench.,0.2,0.2,0,0.0,,0
frame_0045.png,extras,bench,metal bench,metal bench.,0.2,0.2,8,0.4658,"[894.4903564453125, 825.4923095703125, 1109.64208984375, 1097.9119873046875]",1
frame_0045.png,extras,bench,waiting bench,waiting bench.,0.2,0.2,2,0.4701,"[893.0694580078125, 827.1251220703125, 1112.421630859375, 1099.3179931640625]",1
frame_0045.png,extras,bench,long bench,long bench.,0.2,0.2,5,0.2905,"[2.7452516555786133, 1733.40673828125, 445.68756103515625, 1854.9931640625]",1
frame_0045.png,extras,bench,indoor bench,indoor bench.,0.2,0.2,4,0.2829,"[895.2254028320312, 827.3482666015625, 1106.6998291015625, 1096.403564453125]",1
frame_0045.png,extras,cardboard box,cardboard box,cardboard box.,0.2,0.2,1,0.2439,"[1779.30078125, 565.1792602539062, 1990.6014404296875, 1009.4752197265625]",1
frame_0045.png,extras,cardboard box,brown cardboard box,brown cardboard box.,0.2,0.2,1,0.5499,"[1775.2783203125, 563.096923828125, 1994.9256591796875, 1015.587158203125]",1
frame_0045.png,extras,cardboard box,shipping box,shipping box.,0.2,0.2,0,0.0,,0
frame_0045.png,extras,cardboard box,package box,package box.,0.2,0.2,0,0.0,,0
frame_0045.png,extras,cardboard box,stacked box,stacked box.,0.2,0.2,0,0.0,,0
frame_0045.png,extras,cardboard box,box,box.,0.2,0.2,0,0.0,,0
frame_0045.png,extras,chair,chair,chair.,0.2,0.2,10,0.4542,"[1098.00341796875, 829.46337890625, 1281.875732421875, 1089.9090576171875]",1
frame_0045.png,extras,chair,armless chair,armless chair.,0.2,0.2,7,0.5122,"[898.64208984375, 825.4880981445312, 1111.702392578125, 1099.6319580078125]",1
frame_0045.png,extras,chair,office chair,office chair.,0.2,0.2,14,0.6215,"[1099.2340087890625, 828.5402221679688, 1283.9722900390625, 1090.49560546875]",1
frame_0045.png,extras,chair,swivel chair,swivel chair.,0.2,0.2,3,0.5025,"[897.1563720703125, 824.9630737304688, 1111.817138671875, 1100.4151611328125]",1
frame_0045.png,extras,chair,rolling chair,rolling chair.,0.2,0.2,8,0.5863,"[901.3156127929688, 825.7062377929688, 1110.834716796875, 1098.87548828125]",1
frame_0045.png,extras,chair,stool chair,stool chair.,0.2,0.2,12,0.5601,"[1099.9501953125, 828.7396240234375, 1283.26025390625, 1089.794921875]",1
frame_0045.png,extras,door,door,door.,0.2,0.2,7,0.283,"[834.2293090820312, 678.0454711914062, 1025.600830078125, 994.9213256835938]",1
frame_0045.png,extras,door,dark door surface,dark door surface.,0.2,0.2,4,0.3321,"[1489.7744140625, 575.05712890625, 1814.9542236328125, 1021.3072509765625]",1
frame_0045.png,extras,door,wooden door,wooden door.,0.2,0.2,4,0.3278,"[1493.1473388671875, 598.1285400390625, 1622.0482177734375, 1009.2493896484375]",1
frame_0045.png,extras,door,closed door,closed door.,0.2,0.2,5,0.3763,"[1493.1607666015625, 596.1812744140625, 1623.904296875, 1009.6460571289062]",1
frame_0045.png,extras,door,interior door,interior door.,0.2,0.2,9,0.3398,"[1494.5618896484375, 595.68115234375, 1624.894775390625, 1009.0267333984375]",1
frame_0045.png,extras,electric vehicle,electric vehicle,electric vehicle.,0.2,0.2,1,0.2033,"[1146.98291015625, 1655.329345703125, 1695.920654296875, 1856.505615234375]",1
frame_0045.png,extras,electric vehicle,small electric vehicle,small electric vehicle.,0.2,0.2,1,0.65,"[1142.4991455078125, 1646.55517578125, 1698.11572265625, 1854.9556884765625]",1
frame_0045.png,extras,electric vehicle,electric cart,electric cart.,0.2,0.2,0,0.0,,0
frame_0045.png,extras,electric vehicle,small electric cart,small electric cart.,0.2,0.2,6,0.3762,"[736.3472900390625, 851.9339599609375, 802.7158813476562, 989.053955078125]",1
frame_0045.png,extras,electric vehicle,compact electric car,compact electric car.,0.2,0.2,2,0.557,"[1144.639404296875, 1650.947021484375, 1696.8948974609375, 1855.3052978515625]",1
frame_0045.png,extras,electric vehicle,indoor electric vehicle,indoor electric vehicle.,0.2,0.2,4,0.4508,"[5.79554557800293, 5.103930950164795, 2874.375, 1852.208251953125]",1
frame_0045.png,extras,electric vehicle,robot platform,robot platform.,0.2,0.2,5,0.3174,"[848.5137939453125, 825.1036376953125, 1287.7779541015625, 1098.16943359375]",1
frame_0045.png,extras,large power bank,large power bank,large power bank.,0.18,0.18,6,0.2984,"[8.877382278442383, 6.957643032073975, 2872.65673828125, 1846.7752685546875]",1
frame_0045.png,extras,large power bank,portable power bank battery,portable power bank battery.,0.18,0.18,5,0.4147,"[740.4014282226562, 859.1474609375, 797.1820678710938, 987.8270263671875]",1
frame_0045.png,extras,large power bank,power bank,power bank.,0.18,0.18,3,0.26,"[1147.3101806640625, 1656.0751953125, 1695.61181640625, 1856.7601318359375]",1
frame_0045.png,extras,large power bank,battery pack,battery pack.,0.18,0.18,0,0.0,,0
frame_0045.png,extras,large power bank,large battery,large battery.,0.18,0.18,3,0.2814,"[740.944091796875, 860.1815185546875, 797.3798217773438, 986.7855224609375]",1
frame_0045.png,extras,large power bank,portable battery,portable battery.,0.18,0.18,4,0.3286,"[741.6657104492188, 862.9585571289062, 796.775390625, 986.6546020507812]",1
frame_0045.png,extras,large power bank,rectangular battery box,rectangular battery box.,0.18,0.18,6,0.2718,"[741.1309204101562, 867.3734130859375, 797.016845703125, 986.5455932617188]",1
frame_0045.png,extras,meeting table set,meeting table set,meeting table set.,0.2,0.2,3,0.5483,"[849.8807373046875, 817.5498046875, 1291.8114013671875, 1100.548583984375]",1
frame_0045.png,extras,meeting table set,large meeting table,large meeting table.,0.2,0.2,2,0.4889,"[1691.7108154296875, 861.3682250976562, 1963.795166015625, 1035.096435546875]",1
frame_0045.png,extras,meeting table set,conference table,conference table.,0.2,0.2,3,0.6061,"[1696.3934326171875, 869.8973999023438, 1944.208984375, 1030.384765625]",1
frame_0045.png,extras,meeting table set,long table with chairs,long table with chairs.,0.2,0.2,4,0.4691,"[863.570556640625, 814.5216064453125, 1298.924560546875, 1098.8011474609375]",1
frame_0045.png,extras,meeting table set,office meeting table,office meeting table.,0.2,0.2,3,0.5896,"[1694.51171875, 867.1079711914062, 1954.689208984375, 1035.76953125]",1
frame_0045.png,extras,meeting table set,long rectangular table,long rectangular table.,0.2,0.2,2,0.4541,"[1694.210205078125, 867.6494750976562, 1949.7958984375, 1028.491455078125]",1
frame_0045.png,extras,plant pot,plant pot,plant pot.,0.2,0.2,1,0.2289,"[743.2023315429688, 856.7395629882812, 795.1257934570312, 985.6825561523438]",1
frame_0045.png,extras,plant pot,potted plant in plastic pot,potted plant in plastic pot.,0.2,0.2,3,0.3907,"[735.3089599609375, 847.1952514648438, 802.9655151367188, 989.3257446289062]",1
frame_0045.png,extras,plant pot,potted plant,potted plant.,0.2,0.2,1,0.2529,"[742.9417114257812, 856.0560913085938, 795.245361328125, 985.5807495117188]",1
frame_0045.png,extras,plant pot,indoor potted plant,indoor potted plant.,0.2,0.2,0,0.0,,0
frame_0045.png,extras,plant pot,flower pot,flower pot.,0.2,0.2,1,0.2084,"[743.651611328125, 872.771240234375, 794.5579223632812, 985.9931640625]",1
frame_0045.png,extras,plant pot,plastic plant pot,plastic plant pot.,0.2,0.2,0,0.0,,0
frame_0045.png,extras,shoes,shoes,shoes.,0.18,0.18,13,0.4387,"[2402.168701171875, 1059.8331298828125, 2442.3251953125, 1110.0966796875]",1
frame_0045.png,extras,shoes,pair of indoor shoes,pair of indoor shoes.,0.18,0.18,5,0.6641,"[2351.91455078125, 1039.810302734375, 2550.770263671875, 1128.3253173828125]",1
frame_0045.png,extras,shoes,indoor shoes,indoor shoes.,0.18,0.18,13,0.4311,"[2400.999755859375, 1058.6829833984375, 2443.670654296875, 1111.585693359375]",1
frame_0045.png,extras,shoes,pair of shoes,pair of shoes.,0.18,0.18,6,0.6573,"[2350.5888671875, 1036.8914794921875, 2551.96337890625, 1129.672119140625]",1
frame_0045.png,extras,shoes,sneakers,sneakers.,0.18,0.18,8,0.3706,"[652.7286987304688, 989.3824462890625, 669.3290405273438, 1000.7207641601562]",1
frame_0045.png,extras,shoes,slippers,slippers.,0.18,0.18,5,0.335,"[2496.511474609375, 1100.6885986328125, 2543.071044921875, 1118.796142578125]",1
frame_0045.png,extras,shoes,shoe pair on floor,shoe pair on floor.,0.18,0.18,4,0.5418,"[2346.634033203125, 1032.9945068359375, 2556.1484375, 1134.7012939453125]",1
frame_0045.png,extras,trash bin,trash bin,trash bin.,0.2,0.2,0,0.0,,0
frame_0045.png,extras,trash bin,indoor trash bin,indoor trash bin.,0.2,0.2,1,0.4414,"[741.0595703125, 869.0509033203125, 796.4361572265625, 988.5169067382812]",1
frame_0045.png,extras,trash bin,garbage bin,garbage bin.,0.2,0.2,1,0.3218,"[742.4284057617188, 870.4047241210938, 796.064208984375, 987.4251098632812]",1
frame_0045.png,extras,trash bin,waste bin,waste bin.,0.2,0.2,1,0.3177,"[742.43359375, 870.9711303710938, 796.1065673828125, 987.6273193359375]",1
frame_0045.png,extras,trash bin,recycling bin,recycling bin.,0.2,0.2,0,0.0,,0
frame_0045.png,extras,trash bin,small trash can,small trash can.,0.2,0.2,1,0.6855,"[736.6455688476562, 860.6461181640625, 799.648193359375, 991.5921630859375]",1
frame_0045.png,extras,vacuum cleaner,vacuum cleaner,vacuum cleaner.,0.2,0.2,0,0.0,,0
frame_0045.png,extras,vacuum cleaner,upright vacuum cleaner,upright vacuum cleaner.,0.2,0.2,2,0.2774,"[740.0960693359375, 851.8483276367188, 799.6261596679688, 989.3411865234375]",1
frame_0045.png,extras,vacuum cleaner,stick vacuum,stick vacuum.,0.2,0.2,0,0.0,,0
frame_0045.png,extras,vacuum cleaner,household vacuum,household vacuum.,0.2,0.2,0,0.0,,0
frame_0045.png,extras,vacuum cleaner,robot vacuum,robot vacuum.,0.2,0.2,0,0.0,,0
frame_0045.png,extras,vacuum cleaner,cordless vacuum cleaner,cordless vacuum cleaner.,0.2,0.2,5,0.3155,"[1144.841064453125, 1652.4417724609375, 1697.6136474609375, 1855.81494140625]",1
frame_0046.png,production,meeting table set,ALL_GROUP,meeting table. conference table. table with chairs. meeting table set.,0.32,0.32,2,0.3392,"[4.616897106170654, 763.0869750976562, 466.68572998046875, 1160.2965087890625]",1
frame_0046.png,production,chair,ALL_GROUP,chair. chairs. armless chair.,0.36,0.36,6,0.4614,"[162.83522033691406, 793.0479125976562, 442.5053405761719, 1154.0968017578125]",1
frame_0046.png,production,bench,ALL_GROUP,bench. metal bench. waiting bench.,0.34,0.34,0,0.0,,0
frame_0046.png,production,cardboard box+plant pot+shoes,ALL_GROUP,cardboard box. brown cardboard box. cardboard package. plant pot. potted plant. flower pot. indoor plant pot. shoes. pair of shoes. footwear. black shoes.,0.3,0.3,2,0.5649,"[1581.687744140625, 1027.5703125, 1739.9022216796875, 1092.275390625]",1
frame_0046.png,production,trash bin+vacuum cleaner,ALL_GROUP,trash bin. trash can. waste bin. recycling bin. row of trash bins. vacuum cleaner. upright vacuum cleaner. cordless vacuum. floor cleaner.,0.25,0.25,0,0.0,,0
frame_0046.png,production,large power bank,ALL_GROUP,large power bank. portable power station. battery pack. power bank.,0.28,0.28,0,0.0,,0
frame_0046.png,production,door,ALL_GROUP,door. doors. dark door. elevator sliding door. sliding door.,0.26,0.26,6,0.323,"[762.3827514648438, 553.1243896484375, 1112.9183349609375, 1030.2939453125]",1
frame_0046.png,production,electric vehicle,ALL_GROUP,electric vehicle. small electric vehicle. mobility scooter. scooter.,0.28,0.28,0,0.0,,0
frame_0046.png,extras,bench,bench,bench.,0.2,0.2,8,0.2932,"[2260.227294921875, 1673.907470703125, 2878.2119140625, 1856.2088623046875]",1
frame_0046.png,extras,bench,metal bench,metal bench.,0.2,0.2,7,0.3242,"[2012.2457275390625, 745.782958984375, 2875.41064453125, 1181.2874755859375]",1
frame_0046.png,extras,bench,waiting bench,waiting bench.,0.2,0.2,4,0.3026,"[2013.962158203125, 747.0565795898438, 2875.48095703125, 1180.0208740234375]",1
frame_0046.png,extras,bench,long bench,long bench.,0.2,0.2,1,0.4735,"[2015.6422119140625, 743.3848266601562, 2876.456298828125, 1178.916259765625]",1
frame_0046.png,extras,bench,indoor bench,indoor bench.,0.2,0.2,10,0.4112,"[2014.47802734375, 742.5493774414062, 2876.599853515625, 1187.54345703125]",1
frame_0046.png,extras,cardboard box,cardboard box,cardboard box.,0.2,0.2,0,0.0,,0
frame_0046.png,extras,cardboard box,brown cardboard box,brown cardboard box.,0.2,0.2,3,0.4114,"[2279.47607421875, 1046.007080078125, 2557.921630859375, 1341.2513427734375]",1
frame_0046.png,extras,cardboard box,shipping box,shipping box.,0.2,0.2,0,0.0,,0
frame_0046.png,extras,cardboard box,package box,package box.,0.2,0.2,0,0.0,,0
frame_0046.png,extras,cardboard box,stacked box,stacked box.,0.2,0.2,1,0.2068,"[2282.157470703125, 1052.846923828125, 2556.77783203125, 1337.8521728515625]",1
frame_0046.png,extras,cardboard box,box,box.,0.2,0.2,1,0.2157,"[2278.959716796875, 1055.4207763671875, 2556.8828125, 1336.236572265625]",1
frame_0046.png,extras,chair,chair,chair.,0.2,0.2,13,0.4232,"[169.79627990722656, 795.8101196289062, 439.93829345703125, 1151.4166259765625]",1
frame_0046.png,extras,chair,armless chair,armless chair.,0.2,0.2,7,0.4115,"[165.92840576171875, 793.2273559570312, 442.8033142089844, 1149.576904296875]",1
frame_0046.png,extras,chair,office chair,office chair.,0.2,0.2,16,0.6177,"[166.30418395996094, 794.1898193359375, 441.37506103515625, 1151.1160888671875]",1
frame_0046.png,extras,chair,swivel chair,swivel chair.,0.2,0.2,6,0.4231,"[165.42886352539062, 793.0477905273438, 442.9129943847656, 1150.3970947265625]",1
frame_0046.png,extras,chair,rolling chair,rolling chair.,0.2,0.2,11,0.4778,"[167.1513671875, 793.9503784179688, 441.2376708984375, 1148.3692626953125]",1
frame_0046.png,extras,chair,stool chair,stool chair.,0.2,0.2,18,0.5743,"[168.04959106445312, 795.5468139648438, 440.6719970703125, 1146.80322265625]",1
frame_0046.png,extras,door,door,door.,0.2,0.2,4,0.3291,"[763.9105224609375, 572.3241577148438, 913.0453491210938, 1019.1841430664062]",1
frame_0046.png,extras,door,dark door surface,dark door surface.,0.2,0.2,6,0.3638,"[759.5934448242188, 551.740966796875, 1122.95166015625, 1031.3436279296875]",1
frame_0046.png,extras,door,wooden door,wooden door.,0.2,0.2,5,0.3578,"[759.9973754882812, 568.7164916992188, 916.3104858398438, 1021.645263671875]",1
frame_0046.png,extras,door,closed door,closed door.,0.2,0.2,5,0.3916,"[934.806396484375, 629.5191650390625, 1107.6619873046875, 1019.6000366210938]",1
frame_0046.png,extras,door,interior door,interior door.,0.2,0.2,6,0.3879,"[938.4332885742188, 630.3458251953125, 1107.4879150390625, 1018.461669921875]",1
frame_0046.png,extras,electric vehicle,electric vehicle,electric vehicle.,0.2,0.2,2,0.2613,"[1146.8614501953125, 1654.887451171875, 1696.419677734375, 1857.495849609375]",1
frame_0046.png,extras,electric vehicle,small electric vehicle,small electric vehicle.,0.2,0.2,1,0.5337,"[1142.18505859375, 1645.289794921875, 1698.3609619140625, 1854.9603271484375]",1
frame_0046.png,extras,electric vehicle,electric cart,electric cart.,0.2,0.2,0,0.0,,0
frame_0046.png,extras,electric vehicle,small electric cart,small electric cart.,0.2,0.2,4,0.4874,"[980.5204467773438, 858.5821533203125, 1284.1334228515625, 1044.2186279296875]",1
frame_0046.png,extras,electric vehicle,compact electric car,compact electric car.,0.2,0.2,3,0.4339,"[1146.4697265625, 1651.3709716796875, 1696.8421630859375, 1854.8038330078125]",1
frame_0046.png,extras,electric vehicle,indoor electric vehicle,indoor electric vehicle.,0.2,0.2,5,0.5303,"[6.133460998535156, 4.581536769866943, 2872.231201171875, 1851.802490234375]",1
frame_0046.png,extras,electric vehicle,robot platform,robot platform.,0.2,0.2,4,0.3787,"[2278.72021484375, 1049.7655029296875, 2559.045166015625, 1339.25]",1
frame_0046.png,extras,large power bank,large power bank,large power bank.,0.18,0.18,5,0.3342,"[1144.1427001953125, 1649.1981201171875, 1697.5037841796875, 1854.8724365234375]",1
frame_0046.png,extras,large power bank,portable power bank battery,portable power bank battery.,0.18,0.18,5,0.3291,"[2278.501708984375, 1050.2467041015625, 2558.13720703125, 1338.8701171875]",1
frame_0046.png,extras,large power bank,power bank,power bank.,0.18,0.18,5,0.3145,"[1148.913330078125, 1655.1864013671875, 1696.2158203125, 1857.063232421875]",1
frame_0046.png,extras,large power bank,battery pack,battery pack.,0.18,0.18,3,0.1881,"[1590.4532470703125, 1037.995849609375, 1650.9735107421875, 1081.5567626953125]",1
frame_0046.png,extras,large power bank,large battery,large battery.,0.18,0.18,6,0.3838,"[2279.6953125, 1049.947998046875, 2557.771240234375, 1338.621337890625]",1
frame_0046.png,extras,large power bank,portable battery,portable battery.,0.18,0.18,6,0.3559,"[2280.217529296875, 1051.6671142578125, 2557.482666015625, 1337.957275390625]",1
frame_0046.png,extras,large power bank,rectangular battery box,rectangular battery box.,0.18,0.18,2,0.2914,"[1114.20751953125, 844.150146484375, 1145.9564208984375, 880.8256225585938]",1
frame_0046.png,extras,meeting table set,meeting table set,meeting table set.,0.2,0.2,5,0.4464,"[2.56805419921875, 772.9019165039062, 479.85430908203125, 1159.5465087890625]",1
frame_0046.png,extras,meeting table set,large meeting table,large meeting table.,0.2,0.2,6,0.3295,"[4.395925998687744, 774.0924072265625, 490.3214416503906, 1151.3319091796875]",1
frame_0046.png,extras,meeting table set,conference table,conference table.,0.2,0.2,8,0.3597,"[1.9439363479614258, 1736.959716796875, 438.75592041015625, 1857.429931640625]",1
frame_0046.png,extras,meeting table set,long table with chairs,long table with chairs.,0.2,0.2,6,0.3253,"[961.3375854492188, 855.150634765625, 1261.461669921875, 1036.1817626953125]",1
frame_0046.png,extras,meeting table set,office meeting table,office meeting table.,0.2,0.2,7,0.3909,"[2.765228748321533, 779.4933471679688, 485.82623291015625, 1150.406982421875]",1
frame_0046.png,extras,meeting table set,long rectangular table,long rectangular table.,0.2,0.2,6,0.3722,"[2016.9000244140625, 918.4784545898438, 2787.968994140625, 1161.029541015625]",1
frame_0046.png,extras,plant pot,plant pot,plant pot.,0.2,0.2,1,0.4717,"[2280.382080078125, 1055.407470703125, 2557.25390625, 1337.0052490234375]",1
frame_0046.png,extras,plant pot,potted plant in plastic pot,potted plant in plastic pot.,0.2,0.2,2,0.6537,"[2270.201416015625, 1034.3135986328125, 2563.5810546875, 1346.853759765625]",1
frame_0046.png,extras,plant pot,potted plant,potted plant.,0.2,0.2,1,0.3775,"[2280.0380859375, 1055.2640380859375, 2557.992431640625, 1337.764892578125]",1
frame_0046.png,extras,plant pot,indoor potted plant,indoor potted plant.,0.2,0.2,1,0.3895,"[2279.500732421875, 1051.065673828125, 2559.65576171875, 1339.5068359375]",1
frame_0046.png,extras,plant pot,flower pot,flower pot.,0.2,0.2,1,0.633,"[2280.7841796875, 1054.6092529296875, 2556.6142578125, 1337.29833984375]",1
frame_0046.png,extras,plant pot,plastic plant pot,plastic plant pot.,0.2,0.2,1,0.6818,"[2280.214599609375, 1049.16064453125, 2558.111328125, 1340.289794921875]",1
frame_0046.png,extras,shoes,shoes,shoes.,0.18,0.18,5,0.398,"[1588.02685546875, 1039.1988525390625, 1649.7178955078125, 1080.4964599609375]",1
frame_0046.png,extras,shoes,pair of indoor shoes,pair of indoor shoes.,0.18,0.18,4,0.7818,"[1577.9351806640625, 1019.8724365234375, 1740.7152099609375, 1094.0379638671875]",1
frame_0046.png,extras,shoes,indoor shoes,indoor shoes.,0.18,0.18,10,0.4248,"[1587.447998046875, 1037.867431640625, 1651.2213134765625, 1082.81298828125]",1
frame_0046.png,extras,shoes,pair of shoes,pair of shoes.,0.18,0.18,4,0.7802,"[1576.72607421875, 1019.011474609375, 1741.6514892578125, 1094.74951171875]",1
frame_0046.png,extras,shoes,sneakers,sneakers.,0.18,0.18,3,0.3388,"[1587.827880859375, 1040.1156005859375, 1648.7120361328125, 1079.815185546875]",1
frame_0046.png,extras,shoes,slippers,slippers.,0.18,0.18,3,0.3278,"[1587.491943359375, 1039.6524658203125, 1649.2169189453125, 1079.8380126953125]",1
frame_0046.png,extras,shoes,shoe pair on floor,shoe pair on floor.,0.18,0.18,2,0.7578,"[1570.2210693359375, 1012.7279663085938, 1747.669189453125, 1101.5565185546875]",1
frame_0046.png,extras,trash bin,trash bin,trash bin.,0.2,0.2,0,0.0,,0
frame_0046.png,extras,trash bin,indoor trash bin,indoor trash bin.,0.2,0.2,2,0.4959,"[2279.107666015625, 1050.7728271484375, 2558.035888671875, 1338.7557373046875]",1
frame_0046.png,extras,trash bin,garbage bin,garbage bin.,0.2,0.2,2,0.3601,"[2281.14697265625, 1053.10205078125, 2557.519775390625, 1338.002685546875]",1
frame_0046.png,extras,trash bin,waste bin,waste bin.,0.2,0.2,2,0.406,"[2281.10498046875, 1052.8797607421875, 2557.852294921875, 1338.348388671875]",1
frame_0046.png,extras,trash bin,recycling bin,recycling bin.,0.2,0.2,1,0.4938,"[2279.9833984375, 1052.9241943359375, 2558.02197265625, 1338.641845703125]",1
frame_0046.png,extras,trash bin,small trash can,small trash can.,0.2,0.2,1,0.8233,"[2273.81689453125, 1039.024658203125, 2561.99853515625, 1343.79443359375]",1
frame_0046.png,extras,vacuum cleaner,vacuum cleaner,vacuum cleaner.,0.2,0.2,1,0.2138,"[1146.5709228515625, 1653.471923828125, 1697.7535400390625, 1855.8841552734375]",1
frame_0046.png,extras,vacuum cleaner,upright vacuum cleaner,upright vacuum cleaner.,0.2,0.2,4,0.3654,"[973.7163696289062, 861.6057739257812, 1281.587646484375, 1039.292724609375]",1
frame_0046.png,extras,vacuum cleaner,stick vacuum,stick vacuum.,0.2,0.2,0,0.0,,0
frame_0046.png,extras,vacuum cleaner,household vacuum,household vacuum.,0.2,0.2,2,0.2295,"[1147.8974609375, 1654.1287841796875, 1696.797119140625, 1856.4716796875]",1
frame_0046.png,extras,vacuum cleaner,robot vacuum,robot vacuum.,0.2,0.2,1,0.251,"[1146.43798828125, 1653.0435791015625, 1697.548583984375, 1856.08349609375]",1
frame_0046.png,extras,vacuum cleaner,cordless vacuum cleaner,cordless vacuum cleaner.,0.2,0.2,5,0.3762,"[974.2001953125, 864.245849609375, 1279.566162109375, 1039.6988525390625]",1
frame_0047.png,production,meeting table set,ALL_GROUP,meeting table. conference table. table with chairs. meeting table set.,0.32,0.32,1,0.4049,"[1272.208740234375, 761.7643432617188, 2451.3310546875, 1203.5235595703125]",1
frame_0047.png,production,chair,ALL_GROUP,chair. chairs. armless chair.,0.36,0.36,6,0.4622,"[2128.770751953125, 773.3926391601562, 2437.770751953125, 1197.5010986328125]",1
frame_0047.png,production,bench,ALL_GROUP,bench. metal bench. waiting bench.,0.34,0.34,0,0.0,,0
frame_0047.png,production,cardboard box+plant pot+shoes,ALL_GROUP,cardboard box. brown cardboard box. cardboard package. plant pot. potted plant. flower pot. indoor plant pot. shoes. pair of shoes. footwear. black shoes.,0.3,0.3,2,0.5659,"[850.6310424804688, 1035.79541015625, 1020.5325317382812, 1107.49267578125]",1
frame_0047.png,production,trash bin+vacuum cleaner,ALL_GROUP,trash bin. trash can. waste bin. recycling bin. row of trash bins. vacuum cleaner. upright vacuum cleaner. cordless vacuum. floor cleaner.,0.25,0.25,0,0.0,,0
frame_0047.png,production,large power bank,ALL_GROUP,large power bank. portable power station. battery pack. power bank.,0.28,0.28,1,0.3219,"[2433.8251953125, 1219.63330078125, 2876.728759765625, 1647.5076904296875]",1
frame_0047.png,production,door,ALL_GROUP,door. doors. dark door. elevator sliding door. sliding door.,0.26,0.26,2,0.3737,"[3.5233819484710693, 400.00506591796875, 316.6634826660156, 1067.66650390625]",1
frame_0047.png,production,electric vehicle,ALL_GROUP,electric vehicle. small electric vehicle. mobility scooter. scooter.,0.28,0.28,1,0.3178,"[2429.74609375, 1216.4365234375, 2875.79248046875, 1646.53857421875]",1
frame_0047.png,extras,bench,bench,bench.,0.2,0.2,4,0.2554,"[65.21623992919922, 853.9317016601562, 510.42608642578125, 1062.619140625]",1
frame_0047.png,extras,bench,metal bench,metal bench.,0.2,0.2,6,0.3424,"[228.03997802734375, 850.71630859375, 509.004150390625, 1060.7794189453125]",1
frame_0047.png,extras,bench,waiting bench,waiting bench.,0.2,0.2,4,0.2956,"[67.09957885742188, 847.1513061523438, 513.9020385742188, 1068.93994140625]",1
frame_0047.png,extras,bench,long bench,long bench.,0.2,0.2,2,0.4067,"[1282.695068359375, 782.1920776367188, 2437.539794921875, 1188.72607421875]",1
frame_0047.png,extras,bench,indoor bench,indoor bench.,0.2,0.2,8,0.3799,"[1282.1578369140625, 777.93017578125, 2437.68994140625, 1192.6998291015625]",1
frame_0047.png,extras,cardboard box,cardboard box,cardboard box.,0.2,0.2,2,0.3799,"[2436.05908203125, 1222.675048828125, 2877.5322265625, 1645.773681640625]",1
frame_0047.png,extras,cardboard box,brown cardboard box,brown cardboard box.,0.2,0.2,3,0.4513,"[2431.497802734375, 1217.2386474609375, 2875.33349609375, 1647.607666015625]",1
frame_0047.png,extras,cardboard box,shipping box,shipping box.,0.2,0.2,1,0.5712,"[2435.8359375, 1222.552978515625, 2877.821533203125, 1646.808837890625]",1
frame_0047.png,extras,cardboard box,package box,package box.,0.2,0.2,1,0.5637,"[2436.40966796875, 1222.0517578125, 2877.682373046875, 1647.208251953125]",1
frame_0047.png,extras,cardboard box,stacked box,stacked box.,0.2,0.2,2,0.3825,"[2435.905517578125, 1222.7657470703125, 2877.806884765625, 1646.2235107421875]",1
frame_0047.png,extras,cardboard box,box,box.,0.2,0.2,2,0.5135,"[2436.34814453125, 1223.9837646484375, 2878.01025390625, 1646.0181884765625]",1
frame_0047.png,extras,chair,chair,chair.,0.2,0.2,13,0.5067,"[2130.72607421875, 775.9378662109375, 2432.941650390625, 1194.4117431640625]",1
frame_0047.png,extras,chair,armless chair,armless chair.,0.2,0.2,6,0.518,"[2129.9404296875, 773.5636596679688, 2436.937255859375, 1197.66943359375]",1
frame_0047.png,extras,chair,office chair,office chair.,0.2,0.2,11,0.6879,"[2129.458984375, 774.4976196289062, 2436.1728515625, 1196.2020263671875]",1
frame_0047.png,extras,chair,swivel chair,swivel chair.,0.2,0.2,7,0.5303,"[2129.3818359375, 773.0512084960938, 2437.2001953125, 1198.542236328125]",1
frame_0047.png,extras,chair,rolling chair,rolling chair.,0.2,0.2,8,0.5649,"[2131.27685546875, 774.1267700195312, 2436.113525390625, 1196.185302734375]",1
frame_0047.png,extras,chair,stool chair,stool chair.,0.2,0.2,15,0.6257,"[2131.306640625, 775.4719848632812, 2434.60546875, 1194.542724609375]",1
frame_0047.png,extras,door,door,door.,0.2,0.2,4,0.2762,"[3.6245334148406982, 408.9770812988281, 311.977783203125, 1062.718994140625]",1
frame_0047.png,extras,door,dark door surface,dark door surface.,0.2,0.2,5,0.3463,"[5.632199287414551, 399.7640686035156, 322.02130126953125, 1065.1904296875]",1
frame_0047.png,extras,door,wooden door,wooden door.,0.2,0.2,6,0.3178,"[5.2013397216796875, 405.5857238769531, 315.2436218261719, 1062.208740234375]",1
frame_0047.png,extras,door,closed door,closed door.,0.2,0.2,3,0.3929,"[46.506649017333984, 513.2523803710938, 303.4580078125, 1055.1312255859375]",1
frame_0047.png,extras,door,interior door,interior door.,0.2,0.2,5,0.4086,"[47.550533294677734, 512.3469848632812, 303.3161315917969, 1054.1578369140625]",1
frame_0047.png,extras,electric vehicle,electric vehicle,electric vehicle.,0.2,0.2,2,0.3954,"[2433.720947265625, 1221.4189453125, 2877.862060546875, 1646.0892333984375]",1
frame_0047.png,extras,electric vehicle,small electric vehicle,small electric vehicle.,0.2,0.2,1,0.7535,"[2426.590087890625, 1210.899658203125, 2874.80419921875, 1648.6378173828125]",1
frame_0047.png,extras,electric vehicle,electric cart,electric cart.,0.2,0.2,1,0.261,"[2432.493896484375, 1219.591796875, 2877.682861328125, 1647.2459716796875]",1
frame_0047.png,extras,electric vehicle,small electric cart,small electric cart.,0.2,0.2,1,0.761,"[2426.31298828125, 1210.4324951171875, 2874.697265625, 1649.645263671875]",1
frame_0047.png,extras,electric vehicle,compact electric car,compact electric car.,0.2,0.2,1,0.7447,"[2431.68115234375, 1217.86328125, 2875.9169921875, 1646.56591796875]",1
frame_0047.png,extras,electric vehicle,indoor electric vehicle,indoor electric vehicle.,0.2,0.2,6,0.4756,"[2433.496337890625, 1219.869140625, 2876.396240234375, 1646.296630859375]",1
frame_0047.png,extras,electric vehicle,robot platform,robot platform.,0.2,0.2,4,0.4225,"[2433.16455078125, 1220.3309326171875, 2877.289306640625, 1646.187255859375]",1
frame_0047.png,extras,large power bank,large power bank,large power bank.,0.18,0.18,5,0.4723,"[2429.154296875, 1216.311279296875, 2875.6142578125, 1649.0802001953125]",1
frame_0047.png,extras,large power bank,portable power bank battery,portable power bank battery.,0.18,0.18,1,0.7764,"[2433.343017578125, 1220.7264404296875, 2876.1591796875, 1648.008544921875]",1
frame_0047.png,extras,large power bank,power bank,power bank.,0.18,0.18,4,0.4258,"[2433.28125, 1222.01220703125, 2877.318115234375, 1647.8349609375]",1
frame_0047.png,extras,large power bank,battery pack,battery pack.,0.18,0.18,3,0.6539,"[2435.79541015625, 1222.1807861328125, 2877.705810546875, 1647.6932373046875]",1
frame_0047.png,extras,large power bank,large battery,large battery.,0.18,0.18,1,0.7992,"[2434.0322265625, 1219.9600830078125, 2876.59814453125, 1648.4498291015625]",1
frame_0047.png,extras,large power bank,portable battery,portable battery.,0.18,0.18,1,0.7968,"[2434.871826171875, 1220.8876953125, 2876.94384765625, 1648.1817626953125]",1
frame_0047.png,extras,large power bank,rectangular battery box,rectangular battery box.,0.18,0.18,1,0.83,"[2434.570068359375, 1220.03076171875, 2876.170166015625, 1647.21240234375]",1
frame_0047.png,extras,meeting table set,meeting table set,meeting table set.,0.2,0.2,3,0.5459,"[1277.29345703125, 772.375732421875, 2441.20458984375, 1201.9462890625]",1
frame_0047.png,extras,meeting table set,large meeting table,large meeting table.,0.2,0.2,4,0.3451,"[1275.7255859375, 775.8553466796875, 2445.503173828125, 1194.2216796875]",1
frame_0047.png,extras,meeting table set,conference table,conference table.,0.2,0.2,7,0.3119,"[1.618208885192871, 1738.5740966796875, 450.1771240234375, 1857.1597900390625]",1
frame_0047.png,extras,meeting table set,long table with chairs,long table with chairs.,0.2,0.2,4,0.4334,"[70.2892837524414, 835.892578125, 514.4332275390625, 1073.23779296875]",1
frame_0047.png,extras,meeting table set,office meeting table,office meeting table.,0.2,0.2,6,0.3518,"[73.32332611083984, 849.4498901367188, 405.4779052734375, 1071.876220703125]",1
frame_0047.png,extras,meeting table set,long rectangular table,long rectangular table.,0.2,0.2,5,0.3347,"[5.331630706787109, 1006.58642578125, 2874.92919921875, 1848.9130859375]",1
frame_0047.png,extras,plant pot,plant pot,plant pot.,0.2,0.2,1,0.4529,"[1449.53857421875, 1042.823974609375, 1669.103759765625, 1279.864990234375]",1
frame_0047.png,extras,plant pot,potted plant in plastic pot,potted plant in plastic pot.,0.2,0.2,2,0.6677,"[1440.2435302734375, 1023.970947265625, 1676.004638671875, 1289.2742919921875]",1
frame_0047.png,extras,plant pot,potted plant,potted plant.,0.2,0.2,1,0.3698,"[1449.2266845703125, 1043.066162109375, 1669.8770751953125, 1280.5267333984375]",1
frame_0047.png,extras,plant pot,indoor potted plant,indoor potted plant.,0.2,0.2,1,0.3895,"[1448.8924560546875, 1038.6082763671875, 1670.8704833984375, 1282.4088134765625]",1
frame_0047.png,extras,plant pot,flower pot,flower pot.,0.2,0.2,1,0.6521,"[1449.651611328125, 1041.62158203125, 1668.39013671875, 1280.1234130859375]",1
frame_0047.png,extras,plant pot,plastic plant pot,plastic plant pot.,0.2,0.2,1,0.6561,"[1448.566650390625, 1036.4693603515625, 1669.362548828125, 1282.517578125]",1
frame_0047.png,extras,shoes,shoes,shoes.,0.18,0.18,4,0.4388,"[856.2471313476562, 1051.7613525390625, 931.2554321289062, 1097.9869384765625]",1
frame_0047.png,extras,shoes,pair of indoor shoes,pair of indoor shoes.,0.18,0.18,4,0.7754,"[848.2927856445312, 1031.11865234375, 1021.6441650390625, 1108.2415771484375]",1
frame_0047.png,extras,shoes,indoor shoes,indoor shoes.,0.18,0.18,12,0.4367,"[1148.64892578125, 1655.9937744140625, 1694.6993408203125, 1857.0379638671875]",1
frame_0047.png,extras,shoes,pair of shoes,pair of shoes.,0.18,0.18,4,0.7642,"[847.3365478515625, 1029.6370849609375, 1022.383544921875, 1108.9296875]",1
frame_0047.png,extras,shoes,sneakers,sneakers.,0.18,0.18,3,0.3757,"[857.2072143554688, 1052.49267578125, 929.4404296875, 1096.8857421875]",1
frame_0047.png,extras,shoes,slippers,slippers.,0.18,0.18,2,0.3475,"[856.84716796875, 1052.061279296875, 935.516845703125, 1097.2406005859375]",1
frame_0047.png,extras,shoes,shoe pair on floor,shoe pair on floor.,0.18,0.18,2,0.7974,"[839.12841796875, 1023.5669555664062, 1029.3101806640625, 1117.0950927734375]",1
frame_0047.png,extras,trash bin,trash bin,trash bin.,0.2,0.2,0,0.0,,0
frame_0047.png,extras,trash bin,indoor trash bin,indoor trash bin.,0.2,0.2,4,0.5061,"[1449.0308837890625, 1039.0655517578125, 1669.72802734375, 1281.6790771484375]",1
frame_0047.png,extras,trash bin,garbage bin,garbage bin.,0.2,0.2,4,0.397,"[1450.8277587890625, 1040.70751953125, 1668.5447998046875, 1280.8323974609375]",1
frame_0047.png,extras,trash bin,waste bin,waste bin.,0.2,0.2,3,0.4192,"[1450.507080078125, 1040.37255859375, 1668.9169921875, 1281.3924560546875]",1
frame_0047.png,extras,trash bin,recycling bin,recycling bin.,0.2,0.2,3,0.5325,"[1449.55126953125, 1040.3828125, 1670.2171630859375, 1281.4901123046875]",1
frame_0047.png,extras,trash bin,small trash can,small trash can.,0.2,0.2,1,0.8088,"[1444.286376953125, 1029.9227294921875, 1673.1278076171875, 1286.0672607421875]",1
frame_0047.png,extras,vacuum cleaner,vacuum cleaner,vacuum cleaner.,0.2,0.2,2,0.2381,"[2432.77294921875, 1220.2855224609375, 2877.445556640625, 1647.420166015625]",1
frame_0047.png,extras,vacuum cleaner,upright vacuum cleaner,upright vacuum cleaner.,0.2,0.2,4,0.4896,"[2430.9248046875, 1216.8074951171875, 2876.392822265625, 1648.9835205078125]",1
frame_0047.png,extras,vacuum cleaner,stick vacuum,stick vacuum.,0.2,0.2,0,0.0,,0
frame_0047.png,extras,vacuum cleaner,household vacuum,household vacuum.,0.2,0.2,5,0.3737,"[2434.010986328125, 1221.2427978515625, 2877.793701171875, 1646.6116943359375]",1
frame_0047.png,extras,vacuum cleaner,robot vacuum,robot vacuum.,0.2,0.2,1,0.2063,"[1146.09423828125, 1653.68994140625, 1697.891357421875, 1856.2607421875]",1
frame_0047.png,extras,vacuum cleaner,cordless vacuum cleaner,cordless vacuum cleaner.,0.2,0.2,4,0.5121,"[2431.69970703125, 1219.2501220703125, 2876.326171875, 1648.283447265625]",1
frame_0048.png,production,meeting table set,ALL_GROUP,meeting table. conference table. table with chairs. meeting table set.,0.32,0.32,4,0.3765,"[1162.08642578125, 763.3741455078125, 2360.091552734375, 1203.000244140625]",1
frame_0048.png,production,chair,ALL_GROUP,chair. chairs. armless chair.,0.36,0.36,8,0.494,"[2045.3128662109375, 776.034912109375, 2346.230224609375, 1197.9501953125]",1
frame_0048.png,production,bench,ALL_GROUP,bench. metal bench. waiting bench.,0.34,0.34,1,0.3691,"[1175.6558837890625, 827.6070556640625, 1399.199462890625, 1118.1290283203125]",1
frame_0048.png,production,cardboard box+plant pot+shoes,ALL_GROUP,cardboard box. brown cardboard box. cardboard package. plant pot. potted plant. flower pot. indoor plant pot. shoes. pair of shoes. footwear. black shoes.,0.3,0.3,4,0.3955,"[720.4575805664062, 1044.05908203125, 900.034912109375, 1119.049072265625]",1
frame_0048.png,production,trash bin+vacuum cleaner,ALL_GROUP,trash bin. trash can. waste bin. recycling bin. row of trash bins. vacuum cleaner. upright vacuum cleaner. cordless vacuum. floor cleaner.,0.25,0.25,0,0.0,,0
frame_0048.png,production,large power bank,ALL_GROUP,large power bank. portable power station. battery pack. power bank.,0.28,0.28,2,0.4803,"[2396.535400390625, 1231.85009765625, 2876.4453125, 1681.206298828125]",1
frame_0048.png,production,door,ALL_GROUP,door. doors. dark door. elevator sliding door. sliding door.,0.26,0.26,2,0.3515,"[0.997459888458252, 513.5444946289062, 139.72984313964844, 1070.096923828125]",1
frame_0048.png,production,electric vehicle,ALL_GROUP,electric vehicle. small electric vehicle. mobility scooter. scooter.,0.28,0.28,1,0.3415,"[2396.246826171875, 1231.6484375, 2876.430908203125, 1678.978271484375]",1
frame_0048.png,extras,bench,bench,bench.,0.2,0.2,0,0.0,,0
frame_0048.png,extras,bench,metal bench,metal bench.,0.2,0.2,7,0.403,"[1175.5040283203125, 826.8694458007812, 1399.4658203125, 1117.270263671875]",1
frame_0048.png,extras,bench,waiting bench,waiting bench.,0.2,0.2,5,0.3431,"[1176.2215576171875, 827.4837646484375, 1402.6612548828125, 1119.27197265625]",1
frame_0048.png,extras,bench,long bench,long bench.,0.2,0.2,7,0.2705,"[2274.814208984375, 1673.581298828125, 2877.82958984375, 1853.2117919921875]",1
frame_0048.png,extras,bench,indoor bench,indoor bench.,0.2,0.2,14,0.3832,"[2047.4150390625, 778.0910034179688, 2343.509033203125, 1195.454345703125]",1
frame_0048.png,extras,cardboard box,cardboard box,cardboard box.,0.2,0.2,2,0.4109,"[2400.026123046875, 1235.8668212890625, 2877.376708984375, 1681.302734375]",1
frame_0048.png,extras,cardboard box,brown cardboard box,brown cardboard box.,0.2,0.2,3,0.4179,"[1341.78125, 1044.0914306640625, 1569.685546875, 1308.000244140625]",1
frame_0048.png,extras,cardboard box,shipping box,shipping box.,0.2,0.2,1,0.6152,"[2399.579345703125, 1236.0250244140625, 2877.914794921875, 1682.0802001953125]",1
frame_0048.png,extras,cardboard box,package box,package box.,0.2,0.2,1,0.5783,"[2399.964111328125, 1235.53564453125, 2877.947021484375, 1682.3797607421875]",1
frame_0048.png,extras,cardboard box,stacked box,stacked box.,0.2,0.2,2,0.3859,"[2399.81689453125, 1235.9044189453125, 2877.81396484375, 1682.1029052734375]",1
frame_0048.png,extras,cardboard box,box,box.,0.2,0.2,1,0.4732,"[2399.590087890625, 1236.5943603515625, 2877.983154296875, 1682.176025390625]",1
frame_0048.png,extras,chair,chair,chair.,0.2,0.2,11,0.5738,"[1762.11328125, 792.2123413085938, 2019.0018310546875, 1172.302001953125]",1
frame_0048.png,extras,chair,armless chair,armless chair.,0.2,0.2,9,0.5465,"[2046.0928955078125, 776.200439453125, 2345.483642578125, 1197.502197265625]",1
frame_0048.png,extras,chair,office chair,office chair.,0.2,0.2,10,0.7544,"[2046.576171875, 777.4515991210938, 2343.83056640625, 1195.4700927734375]",1
frame_0048.png,extras,chair,swivel chair,swivel chair.,0.2,0.2,10,0.5339,"[2045.698974609375, 775.6513061523438, 2345.784912109375, 1198.426025390625]",1
frame_0048.png,extras,chair,rolling chair,rolling chair.,0.2,0.2,9,0.6254,"[2047.40380859375, 777.0960083007812, 2344.718017578125, 1195.6798095703125]",1
frame_0048.png,extras,chair,stool chair,stool chair.,0.2,0.2,15,0.6772,"[2047.9669189453125, 778.4513549804688, 2342.728271484375, 1194.5538330078125]",1
frame_0048.png,extras,door,door,door.,0.2,0.2,2,0.243,"[1.0262292623519897, 516.380859375, 140.2144317626953, 1067.689453125]",1
frame_0048.png,extras,door,dark door surface,dark door surface.,0.2,0.2,7,0.3091,"[411.7676696777344, 232.2205352783203, 2872.773681640625, 1157.4874267578125]",1
frame_0048.png,extras,door,wooden door,wooden door.,0.2,0.2,6,0.2576,"[449.59869384765625, 678.1889038085938, 694.35986328125, 924.5203857421875]",1
frame_0048.png,extras,door,closed door,closed door.,0.2,0.2,10,0.2991,"[431.63067626953125, 225.48406982421875, 2875.26953125, 1152.7557373046875]",1
frame_0048.png,extras,door,interior door,interior door.,0.2,0.2,6,0.3324,"[429.5726318359375, 224.9237823486328, 2875.495849609375, 1155.1922607421875]",1
frame_0048.png,extras,electric vehicle,electric vehicle,electric vehicle.,0.2,0.2,2,0.4232,"[2398.80419921875, 1234.98388671875, 2877.67724609375, 1681.07568359375]",1
frame_0048.png,extras,electric vehicle,small electric vehicle,small electric vehicle.,0.2,0.2,1,0.8219,"[2393.761474609375, 1227.4984130859375, 2875.0556640625, 1680.9891357421875]",1
frame_0048.png,extras,electric vehicle,electric cart,electric cart.,0.2,0.2,1,0.2583,"[2398.180908203125, 1233.546875, 2877.65625, 1682.4898681640625]",1
frame_0048.png,extras,electric vehicle,small electric cart,small electric cart.,0.2,0.2,1,0.8408,"[2393.708984375, 1227.4033203125, 2875.0869140625, 1681.809814453125]",1
frame_0048.png,extras,electric vehicle,compact electric car,compact electric car.,0.2,0.2,1,0.7612,"[2396.5654296875, 1232.22802734375, 2876.160888671875, 1681.0423583984375]",1
frame_0048.png,extras,electric vehicle,indoor electric vehicle,indoor electric vehicle.,0.2,0.2,6,0.5222,"[2397.98388671875, 1233.78271484375, 2876.73388671875, 1680.9556884765625]",1
frame_0048.png,extras,electric vehicle,robot platform,robot platform.,0.2,0.2,6,0.4595,"[2398.6396484375, 1234.409423828125, 2877.236572265625, 1681.94140625]",1
frame_0048.png,extras,large power bank,large power bank,large power bank.,0.18,0.18,2,0.6075,"[2393.739013671875, 1229.7757568359375, 2875.871337890625, 1683.274658203125]",1
frame_0048.png,extras,large power bank,portable power bank battery,portable power bank battery.,0.18,0.18,1,0.8353,"[2397.307373046875, 1234.460205078125, 2876.524169921875, 1681.728271484375]",1
frame_0048.png,extras,large power bank,power bank,power bank.,0.18,0.18,3,0.5499,"[2397.780517578125, 1234.889892578125, 2877.105712890625, 1683.448974609375]",1
frame_0048.png,extras,large power bank,battery pack,battery pack.,0.18,0.18,1,0.7349,"[2398.85693359375, 1234.9261474609375, 2877.669921875, 1683.2203369140625]",1
frame_0048.png,extras,large power bank,large battery,large battery.,0.18,0.18,1,0.8693,"[2397.7197265625, 1233.9345703125, 2876.727783203125, 1682.2366943359375]",1
frame_0048.png,extras,large power bank,portable battery,portable battery.,0.18,0.18,1,0.8609,"[2398.2822265625, 1234.4599609375, 2877.066650390625, 1682.4207763671875]",1
frame_0048.png,extras,large power bank,rectangular battery box,rectangular battery box.,0.18,0.18,1,0.8304,"[2397.9775390625, 1234.049560546875, 2876.54296875, 1681.032958984375]",1
frame_0048.png,extras,meeting table set,meeting table set,meeting table set.,0.2,0.2,4,0.4541,"[1171.001953125, 774.056884765625, 2349.1201171875, 1198.984619140625]",1
frame_0048.png,extras,meeting table set,large meeting table,large meeting table.,0.2,0.2,2,0.463,"[2.8070390224456787, 842.2061767578125, 287.311279296875, 1087.7664794921875]",1
frame_0048.png,extras,meeting table set,conference table,conference table.,0.2,0.2,4,0.4547,"[1.4876818656921387, 851.0751342773438, 271.5557556152344, 1082.127685546875]",1
frame_0048.png,extras,meeting table set,long table with chairs,long table with chairs.,0.2,0.2,5,0.3848,"[7.899963855743408, 829.1412963867188, 372.8710021972656, 1091.9739990234375]",1
frame_0048.png,extras,meeting table set,office meeting table,office meeting table.,0.2,0.2,3,0.4771,"[1.8006312847137451, 847.9407348632812, 270.9009094238281, 1086.830810546875]",1
frame_0048.png,extras,meeting table set,long rectangular table,long rectangular table.,0.2,0.2,2,0.4788,"[2.357586622238159, 847.4496459960938, 286.5138244628906, 1084.5013427734375]",1
frame_0048.png,extras,plant pot,plant pot,plant pot.,0.2,0.2,1,0.3704,"[1341.2591552734375, 1050.6136474609375, 1566.0528564453125, 1304.5123291015625]",1
frame_0048.png,extras,plant pot,potted plant in plastic pot,potted plant in plastic pot.,0.2,0.2,3,0.5346,"[1334.3521728515625, 1036.6005859375, 1572.3538818359375, 1310.77392578125]",1
frame_0048.png,extras,plant pot,potted plant,potted plant.,0.2,0.2,1,0.2921,"[1340.836669921875, 1050.7294921875, 1566.6982421875, 1305.166748046875]",1
frame_0048.png,extras,plant pot,indoor potted plant,indoor potted plant.,0.2,0.2,1,0.3411,"[1340.4061279296875, 1047.189208984375, 1568.5213623046875, 1306.0849609375]",1
frame_0048.png,extras,plant pot,flower pot,flower pot.,0.2,0.2,1,0.6407,"[1341.24658203125, 1049.893310546875, 1565.80517578125, 1304.5184326171875]",1
frame_0048.png,extras,plant pot,plastic plant pot,plastic plant pot.,0.2,0.2,1,0.6477,"[1339.75732421875, 1044.082275390625, 1568.265380859375, 1307.30126953125]",1
frame_0048.png,extras,shoes,shoes,shoes.,0.18,0.18,7,0.4826,"[811.0850830078125, 1053.2432861328125, 852.0343627929688, 1106.2315673828125]",1
frame_0048.png,extras,shoes,pair of indoor shoes,pair of indoor shoes.,0.18,0.18,2,0.7545,"[718.235595703125, 1040.9171142578125, 900.2302856445312, 1119.588134765625]",1
frame_0048.png,extras,shoes,indoor shoes,indoor shoes.,0.18,0.18,9,0.4861,"[809.8594970703125, 1052.86669921875, 852.7976684570312, 1108.2374267578125]",1
frame_0048.png,extras,shoes,pair of shoes,pair of shoes.,0.18,0.18,5,0.7139,"[717.3802490234375, 1038.6781005859375, 901.3497924804688, 1120.8187255859375]",1
frame_0048.png,extras,shoes,sneakers,sneakers.,0.18,0.18,4,0.4197,"[811.0667114257812, 1053.36328125, 852.0195922851562, 1105.1802978515625]",1
frame_0048.png,extras,shoes,slippers,slippers.,0.18,0.18,5,0.3992,"[810.8431396484375, 1053.2159423828125, 852.4310302734375, 1105.0560302734375]",1
frame_0048.png,extras,shoes,shoe pair on floor,shoe pair on floor.,0.18,0.18,2,0.6138,"[712.4801635742188, 1035.3514404296875, 904.26904296875, 1124.63671875]",1
frame_0048.png,extras,trash bin,trash bin,trash bin.,0.2,0.2,0,0.0,,0
frame_0048.png,extras,trash bin,indoor trash bin,indoor trash bin.,0.2,0.2,3,0.4998,"[1341.1951904296875, 1046.947509765625, 1567.62744140625, 1306.0635986328125]",1
frame_0048.png,extras,trash bin,garbage bin,garbage bin.,0.2,0.2,1,0.2947,"[1342.688720703125, 1048.3697509765625, 1567.1075439453125, 1305.585205078125]",1
frame_0048.png,extras,trash bin,waste bin,waste bin.,0.2,0.2,2,0.316,"[1342.4124755859375, 1048.1566162109375, 1567.33740234375, 1305.966796875]",1
frame_0048.png,extras,trash bin,recycling bin,recycling bin.,0.2,0.2,3,0.5373,"[1341.042236328125, 1048.576904296875, 1568.1068115234375, 1306.0521240234375]",1
frame_0048.png,extras,trash bin,small trash can,small trash can.,0.2,0.2,1,0.8339,"[1336.9322509765625, 1039.6961669921875, 1571.2730712890625, 1309.333984375]",1
frame_0048.png,extras,vacuum cleaner,vacuum cleaner,vacuum cleaner.,0.2,0.2,1,0.2458,"[2398.371337890625, 1234.3634033203125, 2877.38671875, 1683.15185546875]",1
frame_0048.png,extras,vacuum cleaner,upright vacuum cleaner,upright vacuum cleaner.,0.2,0.2,2,0.5514,"[2396.6064453125, 1231.8670654296875, 2876.7568359375, 1683.960205078125]",1
frame_0048.png,extras,vacuum cleaner,stick vacuum,stick vacuum.,0.2,0.2,0,0.0,,0
frame_0048.png,extras,vacuum cleaner,household vacuum,household vacuum.,0.2,0.2,2,0.3776,"[2399.285400390625, 1235.1588134765625, 2877.7158203125, 1682.3731689453125]",1
frame_0048.png,extras,vacuum cleaner,robot vacuum,robot vacuum.,0.2,0.2,0,0.0,,0
frame_0048.png,extras,vacuum cleaner,cordless vacuum cleaner,cordless vacuum cleaner.,0.2,0.2,2,0.5956,"[2396.8603515625, 1233.606201171875, 2876.55810546875, 1683.2490234375]",1
frame_0049.png,production,meeting table set,ALL_GROUP,meeting table. conference table. table with chairs. meeting table set.,0.32,0.32,2,0.3483,"[1149.43701171875, 750.7470703125, 2437.39404296875, 1225.578125]",1
frame_0049.png,production,chair,ALL_GROUP,chair. chairs. armless chair.,0.36,0.36,8,0.4888,"[1164.097412109375, 820.972412109375, 1409.1719970703125, 1129.296875]",1
frame_0049.png,production,bench,ALL_GROUP,bench. metal bench. waiting bench.,0.34,0.34,0,0.0,,0
frame_0049.png,production,cardboard box+plant pot+shoes,ALL_GROUP,cardboard box. brown cardboard box. cardboard package. plant pot. potted plant. flower pot. indoor plant pot. shoes. pair of shoes. footwear. black shoes.,0.3,0.3,9,0.4276,"[684.4415283203125, 1048.6094970703125, 875.0883178710938, 1128.815673828125]",1
frame_0049.png,production,trash bin+vacuum cleaner,ALL_GROUP,trash bin. trash can. waste bin. recycling bin. row of trash bins. vacuum cleaner. upright vacuum cleaner. cordless vacuum. floor cleaner.,0.25,0.25,0,0.0,,0
frame_0049.png,production,large power bank,ALL_GROUP,large power bank. portable power station. battery pack. power bank.,0.28,0.28,0,0.0,,0
frame_0049.png,production,door,ALL_GROUP,door. doors. dark door. elevator sliding door. sliding door.,0.26,0.26,2,0.3168,"[0.9299808740615845, 525.6826171875, 104.9491958618164, 868.7587280273438]",1
frame_0049.png,production,electric vehicle,ALL_GROUP,electric vehicle. small electric vehicle. mobility scooter. scooter.,0.28,0.28,0,0.0,,0
frame_0049.png,extras,bench,bench,bench.,0.2,0.2,1,0.2124,"[2271.59619140625, 1675.6778564453125, 2878.533447265625, 1856.1234130859375]",1
frame_0049.png,extras,bench,metal bench,metal bench.,0.2,0.2,7,0.3637,"[2091.864013671875, 764.309814453125, 2423.636962890625, 1217.7823486328125]",1
frame_0049.png,extras,bench,waiting bench,waiting bench.,0.2,0.2,7,0.3178,"[1163.5289306640625, 821.6876831054688, 1408.8253173828125, 1128.0634765625]",1
frame_0049.png,extras,bench,long bench,long bench.,0.2,0.2,7,0.3507,"[2273.93359375, 1673.214111328125, 2878.069091796875, 1853.49560546875]",1
frame_0049.png,extras,bench,indoor bench,indoor bench.,0.2,0.2,11,0.3725,"[2093.25634765625, 765.7584838867188, 2419.912841796875, 1216.5469970703125]",1
frame_0049.png,extras,cardboard box,cardboard box,cardboard box.,0.2,0.2,2,0.2516,"[1335.215576171875, 1062.6466064453125, 1591.2420654296875, 1358.2388916015625]",1
frame_0049.png,extras,cardboard box,brown cardboard box,brown cardboard box.,0.2,0.2,3,0.435,"[1332.6585693359375, 1059.3056640625, 1593.3660888671875, 1360.2330322265625]",1
frame_0049.png,extras,cardboard box,shipping box,shipping box.,0.2,0.2,2,0.4185,"[2583.453857421875, 1287.8282470703125, 2877.971435546875, 1691.2021484375]",1
frame_0049.png,extras,cardboard box,package box,package box.,0.2,0.2,1,0.2353,"[2584.128173828125, 1288.139404296875, 2878.34814453125, 1691.6439208984375]",1
frame_0049.png,extras,cardboard box,stacked box,stacked box.,0.2,0.2,2,0.2187,"[1333.5804443359375, 1063.1011962890625, 1591.8731689453125, 1357.9638671875]",1
frame_0049.png,extras,cardboard box,box,box.,0.2,0.2,2,0.2779,"[1330.8709716796875, 1065.528076171875, 1591.4638671875, 1357.150634765625]",1
frame_0049.png,extras,chair,chair,chair.,0.2,0.2,10,0.572,"[2093.78857421875, 766.70263671875, 2418.335693359375, 1215.4271240234375]",1
frame_0049.png,extras,chair,armless chair,armless chair.,0.2,0.2,8,0.5293,"[2091.8994140625, 764.0126953125, 2422.53466796875, 1219.0718994140625]",1
frame_0049.png,extras,chair,office chair,office chair.,0.2,0.2,13,0.7461,"[1791.1185302734375, 780.0007934570312, 2069.227783203125, 1192.579345703125]",1
frame_0049.png,extras,chair,swivel chair,swivel chair.,0.2,0.2,8,0.5259,"[2091.42822265625, 763.431396484375, 2423.272216796875, 1219.822509765625]",1
frame_0049.png,extras,chair,rolling chair,rolling chair.,0.2,0.2,9,0.6301,"[2093.0283203125, 764.9752807617188, 2421.866455078125, 1217.30322265625]",1
frame_0049.png,extras,chair,stool chair,stool chair.,0.2,0.2,15,0.6791,"[2093.832763671875, 766.1109619140625, 2419.556396484375, 1215.82568359375]",1
frame_0049.png,extras,door,door,door.,0.2,0.2,2,0.2146,"[77.11062622070312, 602.8475341796875, 253.69522094726562, 1048.86572265625]",1
frame_0049.png,extras,door,dark door surface,dark door surface.,0.2,0.2,6,0.3133,"[386.7710266113281, 203.37673950195312, 2871.8115234375, 1166.7884521484375]",1
frame_0049.png,extras,door,wooden door,wooden door.,0.2,0.2,7,0.2794,"[426.8406982421875, 665.7470092773438, 675.3026123046875, 927.1204223632812]",1
frame_0049.png,extras,door,closed door,closed door.,0.2,0.2,10,0.2858,"[404.78045654296875, 212.3982391357422, 2873.3251953125, 1152.399658203125]",1
frame_0049.png,extras,door,interior door,interior door.,0.2,0.2,7,0.3052,"[395.91363525390625, 193.7139434814453, 2873.96484375, 1163.5928955078125]",1
frame_0049.png,extras,electric vehicle,electric vehicle,electric vehicle.,0.2,0.2,2,0.3638,"[2582.010009765625, 1286.01611328125, 2878.21435546875, 1690.1859130859375]",1
frame_0049.png,extras,electric vehicle,small electric vehicle,small electric vehicle.,0.2,0.2,2,0.6578,"[2577.768798828125, 1281.0693359375, 2875.7958984375, 1692.6478271484375]",1
frame_0049.png,extras,electric vehicle,electric cart,electric cart.,0.2,0.2,0,0.0,,0
frame_0049.png,extras,electric vehicle,small electric cart,small electric cart.,0.2,0.2,1,0.6864,"[2577.451171875, 1280.4417724609375, 2875.702392578125, 1694.7822265625]",1
frame_0049.png,extras,electric vehicle,compact electric car,compact electric car.,0.2,0.2,2,0.6161,"[2580.2548828125, 1283.9874267578125, 2876.630859375, 1690.80859375]",1
frame_0049.png,extras,electric vehicle,indoor electric vehicle,indoor electric vehicle.,0.2,0.2,6,0.426,"[2581.307373046875, 1285.5875244140625, 2877.203369140625, 1689.490966796875]",1
frame_0049.png,extras,electric vehicle,robot platform,robot platform.,0.2,0.2,7,0.4695,"[1329.625732421875, 1061.6832275390625, 1593.5382080078125, 1359.37744140625]",1
frame_0049.png,extras,large power bank,large power bank,large power bank.,0.18,0.18,9,0.2962,"[1140.217041015625, 1652.0101318359375, 1695.84130859375, 1855.7044677734375]",1
frame_0049.png,extras,large power bank,portable power bank battery,portable power bank battery.,0.18,0.18,3,0.6187,"[2581.073974609375, 1285.947998046875, 2876.665283203125, 1693.1165771484375]",1
frame_0049.png,extras,large power bank,power bank,power bank.,0.18,0.18,7,0.3205,"[1330.1099853515625, 1062.9207763671875, 1592.9139404296875, 1358.7940673828125]",1
frame_0049.png,extras,large power bank,battery pack,battery pack.,0.18,0.18,1,0.4774,"[2583.02685546875, 1287.4149169921875, 2878.1083984375, 1693.629638671875]",1
frame_0049.png,extras,large power bank,large battery,large battery.,0.18,0.18,3,0.6358,"[2581.56005859375, 1285.60888671875, 2877.055419921875, 1693.4456787109375]",1
frame_0049.png,extras,large power bank,portable battery,portable battery.,0.18,0.18,1,0.6573,"[2582.2353515625, 1286.18798828125, 2877.40234375, 1693.512451171875]",1
frame_0049.png,extras,large power bank,rectangular battery box,rectangular battery box.,0.18,0.18,1,0.6397,"[2582.087646484375, 1286.039306640625, 2876.8134765625, 1693.044921875]",1
frame_0049.png,extras,meeting table set,meeting table set,meeting table set.,0.2,0.2,4,0.4625,"[1158.4808349609375, 761.9505004882812, 2428.052001953125, 1220.441650390625]",1
frame_0049.png,extras,meeting table set,large meeting table,large meeting table.,0.2,0.2,2,0.4806,"[2.6410961151123047, 838.7510375976562, 333.7156677246094, 1091.66943359375]",1
frame_0049.png,extras,meeting table set,conference table,conference table.,0.2,0.2,4,0.5273,"[1.588747501373291, 851.490966796875, 327.8266906738281, 1075.7117919921875]",1
frame_0049.png,extras,meeting table set,long table with chairs,long table with chairs.,0.2,0.2,3,0.4716,"[1150.399658203125, 755.6373901367188, 2437.056396484375, 1222.1744384765625]",1
frame_0049.png,extras,meeting table set,office meeting table,office meeting table.,0.2,0.2,3,0.5576,"[1.2717211246490479, 849.5910034179688, 226.12091064453125, 1091.1353759765625]",1
frame_0049.png,extras,meeting table set,long rectangular table,long rectangular table.,0.2,0.2,3,0.384,"[2.1002554893493652, 848.1556396484375, 331.8011779785156, 1081.849853515625]",1
frame_0049.png,extras,plant pot,plant pot,plant pot.,0.2,0.2,1,0.3705,"[1331.965087890625, 1065.5228271484375, 1592.0997314453125, 1357.489990234375]",1
frame_0049.png,extras,plant pot,potted plant in plastic pot,potted plant in plastic pot.,0.2,0.2,3,0.5205,"[1324.381591796875, 1051.205810546875, 1597.39599609375, 1363.0537109375]",1
frame_0049.png,extras,plant pot,potted plant,potted plant.,0.2,0.2,1,0.2901,"[1331.4185791015625, 1065.7198486328125, 1593.26611328125, 1358.116455078125]",1
frame_0049.png,extras,plant pot,indoor potted plant,indoor potted plant.,0.2,0.2,1,0.3597,"[1330.538818359375, 1062.149169921875, 1595.0313720703125, 1359.22314453125]",1
frame_0049.png,extras,plant pot,flower pot,flower pot.,0.2,0.2,1,0.6473,"[1331.8253173828125, 1064.246337890625, 1591.7122802734375, 1357.7684326171875]",1
frame_0049.png,extras,plant pot,plastic plant pot,plastic plant pot.,0.2,0.2,1,0.6543,"[1330.2880859375, 1058.53564453125, 1593.3914794921875, 1360.3653564453125]",1
frame_0049.png,extras,shoes,shoes,shoes.,0.18,0.18,7,0.4672,"[778.117919921875, 1061.972900390625, 824.1832885742188, 1116.74853515625]",1
frame_0049.png,extras,shoes,pair of indoor shoes,pair of indoor shoes.,0.18,0.18,2,0.8036,"[683.800048828125, 1048.551513671875, 876.1385498046875, 1129.157470703125]",1
frame_0049.png,extras,shoes,indoor shoes,indoor shoes.,0.18,0.18,7,0.4859,"[778.1859130859375, 1061.0550537109375, 826.0098876953125, 1117.6851806640625]",1
frame_0049.png,extras,shoes,pair of shoes,pair of shoes.,0.18,0.18,4,0.7309,"[682.5389404296875, 1046.075927734375, 877.4201049804688, 1130.3956298828125]",1
frame_0049.png,extras,shoes,sneakers,sneakers.,0.18,0.18,6,0.3942,"[690.9660034179688, 1069.2056884765625, 733.0794677734375, 1118.1929931640625]",1
frame_0049.png,extras,shoes,slippers,slippers.,0.18,0.18,6,0.3637,"[777.53173828125, 1061.9189453125, 824.2428588867188, 1116.4974365234375]",1
frame_0049.png,extras,shoes,shoe pair on floor,shoe pair on floor.,0.18,0.18,5,0.5272,"[9.105949401855469, 1018.6069946289062, 2869.883544921875, 1848.9124755859375]",1
frame_0049.png,extras,trash bin,trash bin,trash bin.,0.2,0.2,0,0.0,,0
frame_0049.png,extras,trash bin,indoor trash bin,indoor trash bin.,0.2,0.2,3,0.5114,"[1331.08544921875, 1061.8905029296875, 1592.71630859375, 1358.89111328125]",1
frame_0049.png,extras,trash bin,garbage bin,garbage bin.,0.2,0.2,2,0.303,"[1332.7880859375, 1063.416015625, 1592.017333984375, 1358.388671875]",1
frame_0049.png,extras,trash bin,waste bin,waste bin.,0.2,0.2,2,0.3287,"[1332.334716796875, 1063.2530517578125, 1592.31201171875, 1358.795166015625]",1
frame_0049.png,extras,trash bin,recycling bin,recycling bin.,0.2,0.2,2,0.5369,"[1330.9949951171875, 1063.3541259765625, 1592.9571533203125, 1358.8934326171875]",1
frame_0049.png,extras,trash bin,small trash can,small trash can.,0.2,0.2,1,0.8252,"[1326.5576171875, 1053.7626953125, 1596.217041015625, 1362.048095703125]",1
frame_0049.png,extras,vacuum cleaner,vacuum cleaner,vacuum cleaner.,0.2,0.2,0,0.0,,0
frame_0049.png,extras,vacuum cleaner,upright vacuum cleaner,upright vacuum cleaner.,0.2,0.2,3,0.4656,"[2579.872802734375, 1283.5958251953125, 2876.984375, 1693.5301513671875]",1
frame_0049.png,extras,vacuum cleaner,stick vacuum,stick vacuum.,0.2,0.2,0,0.0,,0
frame_0049.png,extras,vacuum cleaner,household vacuum,household vacuum.,0.2,0.2,2,0.312,"[2582.15966796875, 1285.7974853515625, 2878.223388671875, 1690.9818115234375]",1
frame_0049.png,extras,vacuum cleaner,robot vacuum,robot vacuum.,0.2,0.2,0,0.0,,0
frame_0049.png,extras,vacuum cleaner,cordless vacuum cleaner,cordless vacuum cleaner.,0.2,0.2,3,0.4933,"[2579.76806640625, 1284.79638671875, 2877.080078125, 1691.891357421875]",1
frame_0050.png,production,meeting table set,ALL_GROUP,meeting table. conference table. table with chairs. meeting table set.,0.32,0.32,1,0.3791,"[1126.7381591796875, 731.3233032226562, 2560.5615234375, 1260.5823974609375]",1
frame_0050.png,production,chair,ALL_GROUP,chair. chairs. armless chair.,0.36,0.36,9,0.4913,"[2157.2470703125, 746.9918212890625, 2543.091064453125, 1251.55419921875]",1
frame_0050.png,production,bench,ALL_GROUP,bench. metal bench. waiting bench.,0.34,0.34,2,0.3856,"[2158.89892578125, 748.6031494140625, 2543.79736328125, 1251.0958251953125]",1
frame_0050.png,production,cardboard box+plant pot+shoes,ALL_GROUP,cardboard box. brown cardboard box. cardboard package. plant pot. potted plant. flower pot. indoor plant pot. shoes. pair of shoes. footwear. black shoes.,0.3,0.3,7,0.432,"[630.2596435546875, 1056.5694580078125, 832.7955322265625, 1142.55078125]",1
frame_0050.png,production,trash bin+vacuum cleaner,ALL_GROUP,trash bin. trash can. waste bin. recycling bin. row of trash bins. vacuum cleaner. upright vacuum cleaner. cordless vacuum. floor cleaner.,0.25,0.25,0,0.0,,0
frame_0050.png,production,large power bank,ALL_GROUP,large power bank. portable power station. battery pack. power bank.,0.28,0.28,0,0.0,,0
frame_0050.png,production,door,ALL_GROUP,door. doors. dark door. elevator sliding door. sliding door.,0.26,0.26,2,0.3254,"[391.1262512207031, 431.80780029296875, 1501.6531982421875, 927.6795043945312]",1
frame_0050.png,production,electric vehicle,ALL_GROUP,electric vehicle. small electric vehicle. mobility scooter. scooter.,0.28,0.28,0,0.0,,0
frame_0050.png,extras,bench,bench,bench.,0.2,0.2,1,0.2083,"[2160.108642578125, 751.6027221679688, 2538.14111328125, 1246.285888671875]",1
frame_0050.png,extras,bench,metal bench,metal bench.,0.2,0.2,5,0.4726,"[2159.361328125, 747.1656494140625, 2544.195068359375, 1250.484375]",1
frame_0050.png,extras,bench,waiting bench,waiting bench.,0.2,0.2,5,0.4118,"[2158.126708984375, 748.4935302734375, 2543.22216796875, 1251.32763671875]",1
frame_0050.png,extras,bench,long bench,long bench.,0.2,0.2,7,0.3312,"[2160.009521484375, 748.7442016601562, 2542.778076171875, 1249.33154296875]",1
frame_0050.png,extras,bench,indoor bench,indoor bench.,0.2,0.2,10,0.4545,"[2160.0400390625, 749.1482543945312, 2540.891357421875, 1248.5775146484375]",1
frame_0050.png,extras,cardboard box,cardboard box,cardboard box.,0.2,0.2,1,0.2572,"[1317.281494140625, 1087.2066650390625, 1633.2384033203125, 1450.5181884765625]",1
frame_0050.png,extras,cardboard box,brown cardboard box,brown cardboard box.,0.2,0.2,3,0.4484,"[1314.620849609375, 1083.2186279296875, 1636.003173828125, 1452.6785888671875]",1
frame_0050.png,extras,cardboard box,shipping box,shipping box.,0.2,0.2,1,0.3099,"[1316.26611328125, 1087.9166259765625, 1633.67529296875, 1449.9801025390625]",1
frame_0050.png,extras,cardboard box,package box,package box.,0.2,0.2,0,0.0,,0
frame_0050.png,extras,cardboard box,stacked box,stacked box.,0.2,0.2,1,0.2288,"[1316.1749267578125, 1087.38232421875, 1634.1043701171875, 1450.61279296875]",1
frame_0050.png,extras,cardboard box,box,box.,0.2,0.2,1,0.2707,"[1314.2408447265625, 1089.9620361328125, 1634.029052734375, 1449.080322265625]",1
frame_0050.png,extras,chair,chair,chair.,0.2,0.2,9,0.5977,"[2159.42041015625, 750.130615234375, 2537.832763671875, 1247.3428955078125]",1
frame_0050.png,extras,chair,armless chair,armless chair.,0.2,0.2,8,0.5381,"[2158.81689453125, 747.4320068359375, 2542.750732421875, 1251.092041015625]",1
frame_0050.png,extras,chair,office chair,office chair.,0.2,0.2,8,0.764,"[2158.625244140625, 748.6513671875, 2540.572509765625, 1249.231201171875]",1
frame_0050.png,extras,chair,swivel chair,swivel chair.,0.2,0.2,8,0.5469,"[2158.38330078125, 746.7340698242188, 2543.3212890625, 1252.163330078125]",1
frame_0050.png,extras,chair,rolling chair,rolling chair.,0.2,0.2,8,0.6373,"[2159.371826171875, 748.2404174804688, 2541.84228515625, 1249.39404296875]",1
frame_0050.png,extras,chair,stool chair,stool chair.,0.2,0.2,10,0.6971,"[2159.827392578125, 749.6829833984375, 2539.574951171875, 1247.9306640625]",1
frame_0050.png,extras,door,door,door.,0.2,0.2,1,0.2516,"[29.70261001586914, 435.1976318359375, 342.267822265625, 1057.902099609375]",1
frame_0050.png,extras,door,dark door surface,dark door surface.,0.2,0.2,3,0.3771,"[353.8653259277344, 164.8232879638672, 2871.794189453125, 1179.284912109375]",1
frame_0050.png,extras,door,wooden door,wooden door.,0.2,0.2,3,0.3632,"[27.29604721069336, 432.6817932128906, 342.5238342285156, 1063.9716796875]",1
frame_0050.png,extras,door,closed door,closed door.,0.2,0.2,8,0.2838,"[375.7096862792969, 183.82992553710938, 2872.83203125, 1164.0784912109375]",1
frame_0050.png,extras,door,interior door,interior door.,0.2,0.2,8,0.3201,"[370.2262878417969, 158.7238006591797, 2873.53173828125, 1174.9708251953125]",1
frame_0050.png,extras,electric vehicle,electric vehicle,electric vehicle.,0.2,0.2,1,0.2084,"[3.99627685546875, 0.36452293395996094, 2877.34814453125, 1855.411865234375]",1
frame_0050.png,extras,electric vehicle,small electric vehicle,small electric vehicle.,0.2,0.2,2,0.5095,"[1143.6412353515625, 1647.760009765625, 1698.280517578125, 1855.05224609375]",1
frame_0050.png,extras,electric vehicle,electric cart,electric cart.,0.2,0.2,0,0.0,,0
frame_0050.png,extras,electric vehicle,small electric cart,small electric cart.,0.2,0.2,6,0.4072,"[1308.97314453125, 1077.52197265625, 1641.2264404296875, 1455.8009033203125]",1
frame_0050.png,extras,electric vehicle,compact electric car,compact electric car.,0.2,0.2,3,0.4344,"[1146.7567138671875, 1653.184814453125, 1697.506103515625, 1855.3643798828125]",1
frame_0050.png,extras,electric vehicle,indoor electric vehicle,indoor electric vehicle.,0.2,0.2,4,0.5426,"[5.040750503540039, 4.178820610046387, 2873.847412109375, 1852.3714599609375]",1
frame_0050.png,extras,electric vehicle,robot platform,robot platform.,0.2,0.2,9,0.4747,"[1313.21337890625, 1085.7813720703125, 1635.2998046875, 1451.583251953125]",1
frame_0050.png,extras,large power bank,large power bank,large power bank.,0.18,0.18,8,0.32,"[1308.7607421875, 1081.5823974609375, 1638.9671630859375, 1454.070556640625]",1
frame_0050.png,extras,large power bank,portable power bank battery,portable power bank battery.,0.18,0.18,4,0.3591,"[55.35292053222656, 596.02490234375, 200.85311889648438, 738.1283569335938]",1
frame_0050.png,extras,large power bank,power bank,power bank.,0.18,0.18,8,0.356,"[1312.826171875, 1087.365966796875, 1634.751220703125, 1451.074951171875]",1
frame_0050.png,extras,large power bank,battery pack,battery pack.,0.18,0.18,3,0.2137,"[35.202030181884766, 807.6556396484375, 64.97271728515625, 855.4612426757812]",1
frame_0050.png,extras,large power bank,large battery,large battery.,0.18,0.18,5,0.4471,"[1314.477294921875, 1085.90625, 1635.278076171875, 1450.9061279296875]",1
frame_0050.png,extras,large power bank,portable battery,portable battery.,0.18,0.18,10,0.3766,"[1315.5831298828125, 1087.271240234375, 1634.4876708984375, 1450.5750732421875]",1
frame_0050.png,extras,large power bank,rectangular battery box,rectangular battery box.,0.18,0.18,4,0.3797,"[55.82954788208008, 595.5523071289062, 201.84825134277344, 737.8714599609375]",1
frame_0050.png,extras,meeting table set,meeting table set,meeting table set.,0.2,0.2,8,0.4621,"[1140.2119140625, 744.7523803710938, 2547.621337890625, 1251.524658203125]",1
frame_0050.png,extras,meeting table set,large meeting table,large meeting table.,0.2,0.2,3,0.4151,"[1133.3919677734375, 745.1732177734375, 2558.709228515625, 1250.751708984375]",1
frame_0050.png,extras,meeting table set,conference table,conference table.,0.2,0.2,6,0.4161,"[2.1030771732330322, 850.4063110351562, 280.35986328125, 1073.730224609375]",1
frame_0050.png,extras,meeting table set,long table with chairs,long table with chairs.,0.2,0.2,7,0.3747,"[1132.170166015625, 739.301025390625, 2557.36669921875, 1255.0660400390625]",1
frame_0050.png,extras,meeting table set,office meeting table,office meeting table.,0.2,0.2,4,0.4559,"[2.369978427886963, 843.0706787109375, 283.53118896484375, 1084.199951171875]",1
frame_0050.png,extras,meeting table set,long rectangular table,long rectangular table.,0.2,0.2,4,0.3106,"[6.495580673217773, 1012.0890502929688, 2873.57958984375, 1849.908447265625]",1
frame_0050.png,extras,plant pot,plant pot,plant pot.,0.2,0.2,1,0.424,"[1313.95458984375, 1089.449462890625, 1635.2081298828125, 1449.672119140625]",1
frame_0050.png,extras,plant pot,potted plant in plastic pot,potted plant in plastic pot.,0.2,0.2,2,0.6725,"[1306.1025390625, 1074.427490234375, 1640.7733154296875, 1455.4774169921875]",1
frame_0050.png,extras,plant pot,potted plant,potted plant.,0.2,0.2,1,0.3285,"[1313.643798828125, 1089.312255859375, 1635.50927734375, 1450.2447509765625]",1
frame_0050.png,extras,plant pot,indoor potted plant,indoor potted plant.,0.2,0.2,1,0.4035,"[1312.5565185546875, 1085.5474853515625, 1637.3447265625, 1451.6531982421875]",1
frame_0050.png,extras,plant pot,flower pot,flower pot.,0.2,0.2,1,0.6503,"[1314.0731201171875, 1088.325927734375, 1635.0936279296875, 1450.2242431640625]",1
frame_0050.png,extras,plant pot,plastic plant pot,plastic plant pot.,0.2,0.2,1,0.6981,"[1312.885009765625, 1083.2320556640625, 1636.65478515625, 1452.5208740234375]",1
frame_0050.png,extras,shoes,shoes,shoes.,0.18,0.18,5,0.5806,"[731.3905029296875, 1069.334228515625, 778.3707885742188, 1129.7783203125]",1
frame_0050.png,extras,shoes,pair of indoor shoes,pair of indoor shoes.,0.18,0.18,2,0.8584,"[627.9844970703125, 1054.59130859375, 833.9314575195312, 1142.5660400390625]",1
frame_0050.png,extras,shoes,indoor shoes,indoor shoes.,0.18,0.18,6,0.553,"[732.0197143554688, 1068.5609130859375, 778.9927978515625, 1131.0587158203125]",1
frame_0050.png,extras,shoes,pair of shoes,pair of shoes.,0.18,0.18,4,0.8238,"[626.8936767578125, 1052.9312744140625, 834.8641967773438, 1143.7978515625]",1
frame_0050.png,extras,shoes,sneakers,sneakers.,0.18,0.18,4,0.4657,"[732.0990600585938, 1069.5179443359375, 779.1054077148438, 1128.97314453125]",1
frame_0050.png,extras,shoes,slippers,slippers.,0.18,0.18,4,0.4387,"[731.6552734375, 1068.955810546875, 779.111572265625, 1129.12744140625]",1
frame_0050.png,extras,shoes,shoe pair on floor,shoe pair on floor.,0.18,0.18,2,0.5932,"[621.587158203125, 1048.9287109375, 839.5936279296875, 1148.45947265625]",1
frame_0050.png,extras,trash bin,trash bin,trash bin.,0.2,0.2,0,0.0,,0
frame_0050.png,extras,trash bin,indoor trash bin,indoor trash bin.,0.2,0.2,1,0.5451,"[1313.802490234375, 1085.6953125, 1635.4862060546875, 1450.8388671875]",1
frame_0050.png,extras,trash bin,garbage bin,garbage bin.,0.2,0.2,1,0.2919,"[1315.883056640625, 1087.6177978515625, 1634.4571533203125, 1450.363525390625]",1
frame_0050.png,extras,trash bin,waste bin,waste bin.,0.2,0.2,1,0.3037,"[1315.57275390625, 1087.42431640625, 1634.798095703125, 1450.740234375]",1
frame_0050.png,extras,trash bin,recycling bin,recycling bin.,0.2,0.2,1,0.5372,"[1313.797607421875, 1087.647705078125, 1635.472900390625, 1450.85986328125]",1
frame_0050.png,extras,trash bin,small trash can,small trash can.,0.2,0.2,1,0.8649,"[1308.652587890625, 1077.2020263671875, 1639.5927734375, 1454.0006103515625]",1
frame_0050.png,extras,vacuum cleaner,vacuum cleaner,vacuum cleaner.,0.2,0.2,0,0.0,,0
frame_0050.png,extras,vacuum cleaner,upright vacuum cleaner,upright vacuum cleaner.,0.2,0.2,3,0.2937,"[1146.819580078125, 1654.5662841796875, 1698.4588623046875, 1855.613525390625]",1
frame_0050.png,extras,vacuum cleaner,stick vacuum,stick vacuum.,0.2,0.2,0,0.0,,0
frame_0050.png,extras,vacuum cleaner,household vacuum,household vacuum.,0.2,0.2,0,0.0,,0
frame_0050.png,extras,vacuum cleaner,robot vacuum,robot vacuum.,0.2,0.2,0,0.0,,0
frame_0050.png,extras,vacuum cleaner,cordless vacuum cleaner,cordless vacuum cleaner.,0.2,0.2,4,0.3597,"[1147.6578369140625, 1654.796142578125, 1697.752685546875, 1856.2755126953125]",1
frame_0051.png,production,meeting table set,ALL_GROUP,meeting table. conference table. table with chairs. meeting table set.,0.32,0.32,1,0.4028,"[1135.57470703125, 722.2614135742188, 2615.889404296875, 1271.71142578125]",1
frame_0051.png,production,chair,ALL_GROUP,chair. chairs. armless chair.,0.36,0.36,8,0.4881,"[2193.490966796875, 739.3486328125, 2597.68408203125, 1262.230224609375]",1
frame_0051.png,production,bench,ALL_GROUP,bench. metal bench. waiting bench.,0.34,0.34,1,0.3595,"[2195.7041015625, 741.38232421875, 2598.801513671875, 1261.6602783203125]",1
frame_0051.png,production,cardboard box+plant pot+shoes,ALL_GROUP,cardboard box. brown cardboard box. cardboard package. plant pot. potted plant. flower pot. indoor plant pot. shoes. pair of shoes. footwear. black shoes.,0.3,0.3,5,0.4193,"[638.48828125, 1059.606201171875, 842.9824829101562, 1143.3551025390625]",1
frame_0051.png,production,trash bin+vacuum cleaner,ALL_GROUP,trash bin. trash can. waste bin. recycling bin. row of trash bins. vacuum cleaner. upright vacuum cleaner. cordless vacuum. floor cleaner.,0.25,0.25,0,0.0,,0
frame_0051.png,production,large power bank,ALL_GROUP,large power bank. portable power station. battery pack. power bank.,0.28,0.28,0,0.0,,0
frame_0051.png,production,door,ALL_GROUP,door. doors. dark door. elevator sliding door. sliding door.,0.26,0.26,1,0.3186,"[0.5765140056610107, 526.0823974609375, 73.10690307617188, 862.916015625]",1
frame_0051.png,production,electric vehicle,ALL_GROUP,electric vehicle. small electric vehicle. mobility scooter. scooter.,0.28,0.28,0,0.0,,0
frame_0051.png,extras,bench,bench,bench.,0.2,0.2,2,0.2052,"[1.7630696296691895, 1740.3067626953125, 449.6350402832031, 1856.6314697265625]",1
frame_0051.png,extras,bench,metal bench,metal bench.,0.2,0.2,6,0.4192,"[2196.890625, 739.7371826171875, 2599.4970703125, 1261.05029296875]",1
frame_0051.png,extras,bench,waiting bench,waiting bench.,0.2,0.2,5,0.3972,"[2195.564208984375, 741.4630126953125, 2598.173583984375, 1262.115966796875]",1
frame_0051.png,extras,bench,long bench,long bench.,0.2,0.2,6,0.3234,"[2269.5341796875, 1669.0926513671875, 2877.98583984375, 1852.8365478515625]",1
frame_0051.png,extras,bench,indoor bench,indoor bench.,0.2,0.2,10,0.3933,"[2197.940185546875, 741.5552978515625, 2595.570556640625, 1258.93798828125]",1
frame_0051.png,extras,cardboard box,cardboard box,cardboard box.,0.2,0.2,1,0.2227,"[1335.12255859375, 1091.671142578125, 1670.6727294921875, 1475.2071533203125]",1
frame_0051.png,extras,cardboard box,brown cardboard box,brown cardboard box.,0.2,0.2,3,0.4571,"[37.96223831176758, 424.03314208984375, 350.4512023925781, 1064.0704345703125]",1
frame_0051.png,extras,cardboard box,shipping box,shipping box.,0.2,0.2,1,0.2636,"[1333.9530029296875, 1092.23876953125, 1671.53173828125, 1474.703125]",1
frame_0051.png,extras,cardboard box,package box,package box.,0.2,0.2,0,0.0,,0
frame_0051.png,extras,cardboard box,stacked box,stacked box.,0.2,0.2,1,0.2176,"[1334.080322265625, 1091.8885498046875, 1671.6767578125, 1475.0606689453125]",1
frame_0051.png,extras,cardboard box,box,box.,0.2,0.2,1,0.2659,"[1331.3685302734375, 1093.91845703125, 1671.18017578125, 1473.9256591796875]",1
frame_0051.png,extras,chair,chair,chair.,0.2,0.2,9,0.5689,"[2195.49853515625, 742.3953247070312, 2592.320556640625, 1257.73779296875]",1
frame_0051.png,extras,chair,armless chair,armless chair.,0.2,0.2,8,0.5129,"[2195.96484375, 740.0726928710938, 2597.8203125, 1262.251953125]",1
frame_0051.png,extras,chair,office chair,office chair.,0.2,0.2,8,0.7502,"[2194.75927734375, 740.943115234375, 2595.1611328125, 1259.3994140625]",1
frame_0051.png,extras,chair,swivel chair,swivel chair.,0.2,0.2,8,0.5423,"[2195.63916015625, 739.5050659179688, 2597.89013671875, 1263.21142578125]",1
frame_0051.png,extras,chair,rolling chair,rolling chair.,0.2,0.2,8,0.6343,"[2196.44921875, 740.6224975585938, 2596.46826171875, 1259.996826171875]",1
frame_0051.png,extras,chair,stool chair,stool chair.,0.2,0.2,10,0.6817,"[2196.019287109375, 741.9647216796875, 2594.051025390625, 1258.308837890625]",1
frame_0051.png,extras,door,door,door.,0.2,0.2,1,0.2407,"[40.98063659667969, 433.7606201171875, 346.6217346191406, 1048.2847900390625]",1
frame_0051.png,extras,door,dark door surface,dark door surface.,0.2,0.2,3,0.3838,"[372.0417785644531, 152.3475341796875, 2872.09912109375, 1191.3487548828125]",1
frame_0051.png,extras,door,wooden door,wooden door.,0.2,0.2,4,0.3569,"[37.07875061035156, 430.994384765625, 347.7478942871094, 1057.4013671875]",1
frame_0051.png,extras,door,closed door,closed door.,0.2,0.2,7,0.3085,"[383.88006591796875, 159.9814453125, 2873.811279296875, 1177.9449462890625]",1
frame_0051.png,extras,door,interior door,interior door.,0.2,0.2,6,0.3381,"[385.7076721191406, 146.30502319335938, 2873.990478515625, 1184.0880126953125]",1
frame_0051.png,extras,electric vehicle,electric vehicle,electric vehicle.,0.2,0.2,1,0.2039,"[644.0907592773438, 1075.2486572265625, 738.6281127929688, 1135.772705078125]",1
frame_0051.png,extras,electric vehicle,small electric vehicle,small electric vehicle.,0.2,0.2,4,0.388,"[738.2050170898438, 1061.9014892578125, 840.4451904296875, 1135.5152587890625]",1
frame_0051.png,extras,electric vehicle,electric cart,electric cart.,0.2,0.2,0,0.0,,0
frame_0051.png,extras,electric vehicle,small electric cart,small electric cart.,0.2,0.2,6,0.3965,"[738.3678588867188, 1061.1370849609375, 841.3660278320312, 1136.4864501953125]",1
frame_0051.png,extras,electric vehicle,compact electric car,compact electric car.,0.2,0.2,5,0.4332,"[1147.1583251953125, 1651.1341552734375, 1699.540283203125, 1855.1588134765625]",1
frame_0051.png,extras,electric vehicle,indoor electric vehicle,indoor electric vehicle.,0.2,0.2,4,0.5338,"[5.354461669921875, 4.283699035644531, 2873.56298828125, 1852.2977294921875]",1
frame_0051.png,extras,electric vehicle,robot platform,robot platform.,0.2,0.2,7,0.449,"[1331.0205078125, 1090.018798828125, 1673.316162109375, 1476.1737060546875]",1
frame_0051.png,extras,large power bank,large power bank,large power bank.,0.18,0.18,8,0.3144,"[1326.06787109375, 1085.7906494140625, 1677.4898681640625, 1478.9866943359375]",1
frame_0051.png,extras,large power bank,portable power bank battery,portable power bank battery.,0.18,0.18,4,0.3486,"[1330.5728759765625, 1090.044189453125, 1673.67041015625, 1475.967529296875]",1
frame_0051.png,extras,large power bank,power bank,power bank.,0.18,0.18,7,0.3556,"[1329.9268798828125, 1091.640625, 1673.2919921875, 1476.0546875]",1
frame_0051.png,extras,large power bank,battery pack,battery pack.,0.18,0.18,1,0.2203,"[1333.482177734375, 1092.3372802734375, 1671.1336669921875, 1474.9473876953125]",1
frame_0051.png,extras,large power bank,large battery,large battery.,0.18,0.18,7,0.44,"[1331.5196533203125, 1090.12158203125, 1673.00146484375, 1475.8238525390625]",1
frame_0051.png,extras,large power bank,portable battery,portable battery.,0.18,0.18,9,0.3735,"[1332.6082763671875, 1091.3468017578125, 1672.5074462890625, 1475.3553466796875]",1
frame_0051.png,extras,large power bank,rectangular battery box,rectangular battery box.,0.18,0.18,3,0.359,"[62.92582702636719, 594.8456420898438, 209.27513122558594, 737.352294921875]",1
frame_0051.png,extras,meeting table set,meeting table set,meeting table set.,0.2,0.2,6,0.4846,"[2.737795114517212, 830.7798461914062, 302.12646484375, 1101.5084228515625]",1
frame_0051.png,extras,meeting table set,large meeting table,large meeting table.,0.2,0.2,3,0.4183,"[3.623685836791992, 833.0347290039062, 302.1589660644531, 1093.33154296875]",1
frame_0051.png,extras,meeting table set,conference table,conference table.,0.2,0.2,7,0.4051,"[1.5869450569152832, 1738.537353515625, 446.49237060546875, 1856.888427734375]",1
frame_0051.png,extras,meeting table set,long table with chairs,long table with chairs.,0.2,0.2,9,0.4067,"[1870.8778076171875, 751.8549194335938, 2195.41552734375, 1234.8114013671875]",1
frame_0051.png,extras,meeting table set,office meeting table,office meeting table.,0.2,0.2,5,0.4702,"[2.4671709537506104, 844.2952880859375, 297.23382568359375, 1086.176513671875]",1
frame_0051.png,extras,meeting table set,long rectangular table,long rectangular table.,0.2,0.2,7,0.2468,"[2.842390537261963, 1733.53515625, 448.70361328125, 1854.024658203125]",1
frame_0051.png,extras,plant pot,plant pot,plant pot.,0.2,0.2,1,0.5098,"[1331.6334228515625, 1093.5025634765625, 1672.9810791015625, 1473.8243408203125]",1
frame_0051.png,extras,plant pot,potted plant in plastic pot,potted plant in plastic pot.,0.2,0.2,2,0.7054,"[1324.084228515625, 1077.8653564453125, 1678.9285888671875, 1480.958740234375]",1
frame_0051.png,extras,plant pot,potted plant,potted plant.,0.2,0.2,1,0.4032,"[1331.21044921875, 1093.5264892578125, 1673.8311767578125, 1474.25]",1
frame_0051.png,extras,plant pot,indoor potted plant,indoor potted plant.,0.2,0.2,1,0.4528,"[1330.399658203125, 1088.620849609375, 1675.603515625, 1476.3934326171875]",1
frame_0051.png,extras,plant pot,flower pot,flower pot.,0.2,0.2,1,0.6398,"[1331.61181640625, 1092.3851318359375, 1672.7310791015625, 1474.5]",1
frame_0051.png,extras,plant pot,plastic plant pot,plastic plant pot.,0.2,0.2,1,0.7381,"[1330.676025390625, 1087.2152099609375, 1674.5123291015625, 1477.292236328125]",1
frame_0051.png,extras,shoes,shoes,shoes.,0.18,0.18,7,0.4356,"[739.9750366210938, 1071.068603515625, 790.1343383789062, 1129.93994140625]",1
frame_0051.png,extras,shoes,pair of indoor shoes,pair of indoor shoes.,0.18,0.18,6,0.7052,"[636.6005249023438, 1056.552978515625, 844.4194946289062, 1144.43310546875]",1
frame_0051.png,extras,shoes,indoor shoes,indoor shoes.,0.18,0.18,8,0.5346,"[643.0660400390625, 1076.3743896484375, 737.9917602539062, 1136.6181640625]",1
frame_0051.png,extras,shoes,pair of shoes,pair of shoes.,0.18,0.18,6,0.6654,"[635.3220825195312, 1054.52490234375, 845.6314697265625, 1146.06591796875]",1
frame_0051.png,extras,shoes,sneakers,sneakers.,0.18,0.18,6,0.3674,"[643.8366088867188, 1080.0098876953125, 692.5537719726562, 1134.1839599609375]",1
frame_0051.png,extras,shoes,slippers,slippers.,0.18,0.18,5,0.3507,"[739.5623779296875, 1070.9615478515625, 789.8560791015625, 1129.5960693359375]",1
frame_0051.png,extras,shoes,shoe pair on floor,shoe pair on floor.,0.18,0.18,2,0.5869,"[631.3121337890625, 1050.6990966796875, 849.7020263671875, 1149.7119140625]",1
frame_0051.png,extras,trash bin,trash bin,trash bin.,0.2,0.2,0,0.0,,0
frame_0051.png,extras,trash bin,indoor trash bin,indoor trash bin.,0.2,0.2,1,0.5422,"[1331.63720703125, 1089.570556640625, 1673.16162109375, 1475.6220703125]",1
frame_0051.png,extras,trash bin,garbage bin,garbage bin.,0.2,0.2,1,0.3134,"[1333.4976806640625, 1092.0423583984375, 1672.06787109375, 1474.7030029296875]",1
frame_0051.png,extras,trash bin,waste bin,waste bin.,0.2,0.2,1,0.3285,"[1333.290771484375, 1091.8218994140625, 1672.438720703125, 1474.9869384765625]",1
frame_0051.png,extras,trash bin,recycling bin,recycling bin.,0.2,0.2,1,0.5541,"[1331.265625, 1091.7095947265625, 1673.16455078125, 1475.542724609375]",1
frame_0051.png,extras,trash bin,small trash can,small trash can.,0.2,0.2,1,0.8814,"[1326.4139404296875, 1080.206298828125, 1677.989990234375, 1479.4710693359375]",1
frame_0051.png,extras,vacuum cleaner,vacuum cleaner,vacuum cleaner.,0.2,0.2,0,0.0,,0
frame_0051.png,extras,vacuum cleaner,upright vacuum cleaner,upright vacuum cleaner.,0.2,0.2,5,0.2803,"[1147.0098876953125, 1652.0572509765625, 1700.9578857421875, 1855.433837890625]",1
frame_0051.png,extras,vacuum cleaner,stick vacuum,stick vacuum.,0.2,0.2,0,0.0,,0
frame_0051.png,extras,vacuum cleaner,household vacuum,household vacuum.,0.2,0.2,0,0.0,,0
frame_0051.png,extras,vacuum cleaner,robot vacuum,robot vacuum.,0.2,0.2,0,0.0,,0
frame_0051.png,extras,vacuum cleaner,cordless vacuum cleaner,cordless vacuum cleaner.,0.2,0.2,5,0.3319,"[1148.0140380859375, 1652.55517578125, 1700.237060546875, 1856.0230712890625]",1
frame_0052.png,production,meeting table set,ALL_GROUP,meeting table. conference table. table with chairs. meeting table set.,0.32,0.32,1,0.4108,"[1511.2020263671875, 687.2977294921875, 2870.2802734375, 1271.6837158203125]",1
frame_0052.png,production,chair,ALL_GROUP,chair. chairs. armless chair.,0.36,0.36,5,0.4298,"[1525.82568359375, 798.974853515625, 1810.008056640625, 1147.2099609375]",1
frame_0052.png,production,bench,ALL_GROUP,bench. metal bench. waiting bench.,0.34,0.34,0,0.0,,0
frame_0052.png,production,cardboard box+plant pot+shoes,ALL_GROUP,cardboard box. brown cardboard box. cardboard package. plant pot. potted plant. flower pot. indoor plant pot. shoes. pair of shoes. footwear. black shoes.,0.3,0.3,2,0.5995,"[1041.4110107421875, 1047.319091796875, 1232.35595703125, 1126.1318359375]",1
frame_0052.png,production,trash bin+vacuum cleaner,ALL_GROUP,trash bin. trash can. waste bin. recycling bin. row of trash bins. vacuum cleaner. upright vacuum cleaner. cordless vacuum. floor cleaner.,0.25,0.25,0,0.0,,0
frame_0052.png,production,large power bank,ALL_GROUP,large power bank. portable power station. battery pack. power bank.,0.28,0.28,0,0.0,,0
frame_0052.png,production,door,ALL_GROUP,door. doors. dark door. elevator sliding door. sliding door.,0.26,0.26,3,0.3359,"[101.98417663574219, 442.82012939453125, 546.4318237304688, 1058.3480224609375]",1
frame_0052.png,production,electric vehicle,ALL_GROUP,electric vehicle. small electric vehicle. mobility scooter. scooter.,0.28,0.28,0,0.0,,0
frame_0052.png,extras,bench,bench,bench.,0.2,0.2,7,0.3659,"[314.903076171875, 856.609130859375, 735.8855590820312, 1058.4329833984375]",1
frame_0052.png,extras,bench,metal bench,metal bench.,0.2,0.2,5,0.3647,"[1520.982666015625, 701.8776245117188, 2874.853515625, 1265.3699951171875]",1
frame_0052.png,extras,bench,waiting bench,waiting bench.,0.2,0.2,4,0.3263,"[1524.2705078125, 704.2492065429688, 2877.380615234375, 1271.138916015625]",1
frame_0052.png,extras,bench,long bench,long bench.,0.2,0.2,1,0.5274,"[1524.790771484375, 701.8414306640625, 2876.18017578125, 1254.2333984375]",1
frame_0052.png,extras,bench,indoor bench,indoor bench.,0.2,0.2,6,0.4752,"[1524.049560546875, 699.433349609375, 2876.527587890625, 1270.6729736328125]",1
frame_0052.png,extras,cardboard box,cardboard box,cardboard box.,0.2,0.2,1,0.2579,"[1788.6409912109375, 1102.5072021484375, 2187.720458984375, 1528.7657470703125]",1
frame_0052.png,extras,cardboard box,brown cardboard box,brown cardboard box.,0.2,0.2,3,0.4101,"[1783.657958984375, 1095.2445068359375, 2190.916015625, 1532.1787109375]",1
frame_0052.png,extras,cardboard box,shipping box,shipping box.,0.2,0.2,1,0.2389,"[1787.9656982421875, 1103.7034912109375, 2188.655517578125, 1528.6097412109375]",1
frame_0052.png,extras,cardboard box,package box,package box.,0.2,0.2,0,0.0,,0
frame_0052.png,extras,cardboard box,stacked box,stacked box.,0.2,0.2,1,0.2736,"[1787.99560546875, 1103.4923095703125, 2188.394775390625, 1528.7315673828125]",1
frame_0052.png,extras,cardboard box,box,box.,0.2,0.2,1,0.3307,"[1784.7801513671875, 1105.9844970703125, 2187.92041015625, 1527.05419921875]",1
frame_0052.png,extras,chair,chair,chair.,0.2,0.2,10,0.3886,"[2330.572265625, 721.1798095703125, 2712.16845703125, 1274.9713134765625]",1
frame_0052.png,extras,chair,armless chair,armless chair.,0.2,0.2,7,0.4282,"[2331.45947265625, 719.6731567382812, 2712.783203125, 1239.31103515625]",1
frame_0052.png,extras,chair,office chair,office chair.,0.2,0.2,12,0.5197,"[1525.3951416015625, 800.3263549804688, 1809.1905517578125, 1144.5350341796875]",1
frame_0052.png,extras,chair,swivel chair,swivel chair.,0.2,0.2,7,0.4217,"[2330.977294921875, 719.0297241210938, 2712.80517578125, 1242.1505126953125]",1
frame_0052.png,extras,chair,rolling chair,rolling chair.,0.2,0.2,8,0.3994,"[1527.0552978515625, 799.9195556640625, 1812.1773681640625, 1143.369873046875]",1
frame_0052.png,extras,chair,stool chair,stool chair.,0.2,0.2,13,0.4873,"[1526.7354736328125, 801.0536499023438, 1810.05029296875, 1146.0296630859375]",1
frame_0052.png,extras,door,door,door.,0.2,0.2,4,0.2722,"[100.91674041748047, 461.0003967285156, 274.9283752441406, 1045.093017578125]",1
frame_0052.png,extras,door,dark door surface,dark door surface.,0.2,0.2,3,0.4157,"[93.80929565429688, 439.1726989746094, 557.3451538085938, 1057.827392578125]",1
frame_0052.png,extras,door,wooden door,wooden door.,0.2,0.2,5,0.3415,"[97.9401626586914, 456.51495361328125, 277.8532409667969, 1047.0340576171875]",1
frame_0052.png,extras,door,closed door,closed door.,0.2,0.2,5,0.3429,"[100.78456115722656, 457.61004638671875, 275.94842529296875, 1047.300537109375]",1
frame_0052.png,extras,door,interior door,interior door.,0.2,0.2,5,0.3988,"[100.46820831298828, 445.8198547363281, 548.0247802734375, 1055.2442626953125]",1
frame_0052.png,extras,electric vehicle,electric vehicle,electric vehicle.,0.2,0.2,3,0.3767,"[3.9789390563964844, -0.36995530128479004, 2877.396484375, 1857.4693603515625]",1
frame_0052.png,extras,electric vehicle,small electric vehicle,small electric vehicle.,0.2,0.2,3,0.4844,"[1139.757080078125, 1643.53466796875, 1698.8729248046875, 1854.749755859375]",1
frame_0052.png,extras,electric vehicle,electric cart,electric cart.,0.2,0.2,0,0.0,,0
frame_0052.png,extras,electric vehicle,small electric cart,small electric cart.,0.2,0.2,4,0.4622,"[1040.1077880859375, 1043.13427734375, 1234.341796875, 1127.857666015625]",1
frame_0052.png,extras,electric vehicle,compact electric car,compact electric car.,0.2,0.2,3,0.3454,"[1144.1619873046875, 1650.478271484375, 1697.664794921875, 1855.02001953125]",1
frame_0052.png,extras,electric vehicle,indoor electric vehicle,indoor electric vehicle.,0.2,0.2,3,0.6305,"[6.813411712646484, 4.184419631958008, 2871.480712890625, 1852.108154296875]",1
frame_0052.png,extras,electric vehicle,robot platform,robot platform.,0.2,0.2,4,0.4255,"[1784.6494140625, 1100.0714111328125, 2190.199462890625, 1530.0872802734375]",1
frame_0052.png,extras,large power bank,large power bank,large power bank.,0.18,0.18,8,0.3057,"[13.094329833984375, 7.435968399047852, 2869.557861328125, 1842.7430419921875]",1
frame_0052.png,extras,large power bank,portable power bank battery,portable power bank battery.,0.18,0.18,7,0.4258,"[1783.544189453125, 1101.1763916015625, 2190.128662109375, 1529.8594970703125]",1
frame_0052.png,extras,large power bank,power bank,power bank.,0.18,0.18,6,0.3655,"[1784.2032470703125, 1103.134033203125, 2190.56884765625, 1529.564453125]",1
frame_0052.png,extras,large power bank,battery pack,battery pack.,0.18,0.18,2,0.2536,"[1787.3133544921875, 1103.97119140625, 2188.7578125, 1528.5648193359375]",1
frame_0052.png,extras,large power bank,large battery,large battery.,0.18,0.18,7,0.4479,"[1785.05322265625, 1100.6490478515625, 2189.843505859375, 1529.645751953125]",1
frame_0052.png,extras,large power bank,portable battery,portable battery.,0.18,0.18,7,0.4152,"[1785.9627685546875, 1102.2431640625, 2189.52734375, 1529.1995849609375]",1
frame_0052.png,extras,large power bank,rectangular battery box,rectangular battery box.,0.18,0.18,5,0.3027,"[1785.9361572265625, 1101.11181640625, 2189.30224609375, 1529.0814208984375]",1
frame_0052.png,extras,meeting table set,meeting table set,meeting table set.,0.2,0.2,3,0.4906,"[1518.8223876953125, 694.9208984375, 2874.0087890625, 1276.92333984375]",1
frame_0052.png,extras,meeting table set,large meeting table,large meeting table.,0.2,0.2,3,0.3284,"[1516.5142822265625, 700.9724731445312, 2872.160888671875, 1259.0194091796875]",1
frame_0052.png,extras,meeting table set,conference table,conference table.,0.2,0.2,6,0.3077,"[1.7086100578308105, 1739.1435546875, 441.167236328125, 1857.2001953125]",1
frame_0052.png,extras,meeting table set,long table with chairs,long table with chairs.,0.2,0.2,3,0.3936,"[1515.4981689453125, 694.030517578125, 2869.72119140625, 1267.16552734375]",1
frame_0052.png,extras,meeting table set,office meeting table,office meeting table.,0.2,0.2,5,0.3549,"[1522.1063232421875, 700.1082153320312, 2874.58740234375, 1266.965576171875]",1
frame_0052.png,extras,meeting table set,long rectangular table,long rectangular table.,0.2,0.2,5,0.3306,"[7.360668182373047, 1007.9741821289062, 2872.99365234375, 1847.9005126953125]",1
frame_0052.png,extras,plant pot,plant pot,plant pot.,0.2,0.2,1,0.6131,"[1785.2353515625, 1105.778564453125, 2188.038818359375, 1527.138671875]",1
frame_0052.png,extras,plant pot,potted plant in plastic pot,potted plant in plastic pot.,0.2,0.2,2,0.7625,"[1776.1888427734375, 1084.8760986328125, 2195.2451171875, 1536.896484375]",1
frame_0052.png,extras,plant pot,potted plant,potted plant.,0.2,0.2,1,0.5174,"[1785.1090087890625, 1106.091796875, 2188.34619140625, 1527.4931640625]",1
frame_0052.png,extras,plant pot,indoor potted plant,indoor potted plant.,0.2,0.2,1,0.5137,"[1783.75244140625, 1099.6607666015625, 2191.47314453125, 1530.3251953125]",1
frame_0052.png,extras,plant pot,flower pot,flower pot.,0.2,0.2,1,0.6657,"[1784.94873046875, 1104.3671875, 2187.94091796875, 1527.6163330078125]",1
frame_0052.png,extras,plant pot,plastic plant pot,plastic plant pot.,0.2,0.2,1,0.7546,"[1783.3131103515625, 1098.503173828125, 2189.5634765625, 1530.477294921875]",1
frame_0052.png,extras,shoes,shoes,shoes.,0.18,0.18,6,0.3249,"[1148.703857421875, 1656.3699951171875, 1694.712646484375, 1857.0303955078125]",1
frame_0052.png,extras,shoes,pair of indoor shoes,pair of indoor shoes.,0.18,0.18,3,0.7619,"[1037.5225830078125, 1039.6905517578125, 1233.23193359375, 1127.5858154296875]",1
frame_0052.png,extras,shoes,indoor shoes,indoor shoes.,0.18,0.18,9,0.4055,"[1147.0540771484375, 1654.403564453125, 1695.6251220703125, 1857.1141357421875]",1
frame_0052.png,extras,shoes,pair of shoes,pair of shoes.,0.18,0.18,4,0.7368,"[1035.931396484375, 1038.680908203125, 1233.9215087890625, 1128.7608642578125]",1
frame_0052.png,extras,shoes,sneakers,sneakers.,0.18,0.18,3,0.304,"[1049.014892578125, 1064.4765625, 1130.41259765625, 1113.3878173828125]",1
frame_0052.png,extras,shoes,slippers,slippers.,0.18,0.18,3,0.2494,"[1048.2567138671875, 1064.5472412109375, 1133.6856689453125, 1113.8797607421875]",1
frame_0052.png,extras,shoes,shoe pair on floor,shoe pair on floor.,0.18,0.18,2,0.7466,"[1029.3609619140625, 1032.292724609375, 1241.32373046875, 1137.9031982421875]",1
frame_0052.png,extras,trash bin,trash bin,trash bin.,0.2,0.2,0,0.0,,0
frame_0052.png,extras,trash bin,indoor trash bin,indoor trash bin.,0.2,0.2,6,0.513,"[1784.733154296875, 1100.8343505859375, 2189.173583984375, 1528.8585205078125]",1
frame_0052.png,extras,trash bin,garbage bin,garbage bin.,0.2,0.2,7,0.3982,"[1786.6575927734375, 1102.93115234375, 2189.234130859375, 1527.9083251953125]",1
frame_0052.png,extras,trash bin,waste bin,waste bin.,0.2,0.2,7,0.4298,"[1786.6524658203125, 1102.7471923828125, 2189.213134765625, 1528.1995849609375]",1
frame_0052.png,extras,trash bin,recycling bin,recycling bin.,0.2,0.2,3,0.5433,"[1785.3306884765625, 1102.7967529296875, 2189.242431640625, 1528.8507080078125]",1
frame_0052.png,extras,trash bin,small trash can,small trash can.,0.2,0.2,1,0.8375,"[1778.1854248046875, 1087.1390380859375, 2194.037841796875, 1534.0289306640625]",1
frame_0052.png,extras,vacuum cleaner,vacuum cleaner,vacuum cleaner.,0.2,0.2,3,0.2408,"[1144.6070556640625, 1652.3441162109375, 1698.56591796875, 1856.2569580078125]",1
frame_0052.png,extras,vacuum cleaner,upright vacuum cleaner,upright vacuum cleaner.,0.2,0.2,4,0.3887,"[1143.3485107421875, 1649.8984375, 1699.57177734375, 1855.4434814453125]",1
frame_0052.png,extras,vacuum cleaner,stick vacuum,stick vacuum.,0.2,0.2,0,0.0,,0
frame_0052.png,extras,vacuum cleaner,household vacuum,household vacuum.,0.2,0.2,4,0.2802,"[1145.7703857421875, 1652.832763671875, 1697.523681640625, 1856.90283203125]",1
frame_0052.png,extras,vacuum cleaner,robot vacuum,robot vacuum.,0.2,0.2,2,0.2849,"[1145.0380859375, 1652.1273193359375, 1698.39794921875, 1856.368408203125]",1
frame_0052.png,extras,vacuum cleaner,cordless vacuum cleaner,cordless vacuum cleaner.,0.2,0.2,4,0.3821,"[1144.4373779296875, 1651.136474609375, 1698.560791015625, 1856.17333984375]",1
frame_0053.png,production,meeting table set,ALL_GROUP,meeting table. conference table. table with chairs. meeting table set.,0.32,0.32,3,0.4031,"[1810.2484130859375, 692.89306640625, 2859.373291015625, 1233.9381103515625]",1
frame_0053.png,production,chair,ALL_GROUP,chair. chairs. armless chair.,0.36,0.36,7,0.4858,"[1827.0360107421875, 775.3683471679688, 2156.015380859375, 1196.58837890625]",1
frame_0053.png,production,bench,ALL_GROUP,bench. metal bench. waiting bench.,0.34,0.34,2,0.3475,"[1826.0849609375, 777.457275390625, 2153.030517578125, 1196.4844970703125]",1
frame_0053.png,production,cardboard box+plant pot+shoes,ALL_GROUP,cardboard box. brown cardboard box. cardboard package. plant pot. potted plant. flower pot. indoor plant pot. shoes. pair of shoes. footwear. black shoes.,0.3,0.3,7,0.4151,"[1283.279541015625, 1050.615234375, 1480.822509765625, 1134.8369140625]",1
frame_0053.png,production,trash bin+vacuum cleaner,ALL_GROUP,trash bin. trash can. waste bin. recycling bin. row of trash bins. vacuum cleaner. upright vacuum cleaner. cordless vacuum. floor cleaner.,0.25,0.25,0,0.0,,0
frame_0053.png,production,large power bank,ALL_GROUP,large power bank. portable power station. battery pack. power bank.,0.28,0.28,0,0.0,,0
frame_0053.png,production,door,ALL_GROUP,door. doors. dark door. elevator sliding door. sliding door.,0.26,0.26,4,0.3562,"[410.6584777832031, 485.59326171875, 580.525390625, 1035.704345703125]",1
frame_0053.png,production,electric vehicle,ALL_GROUP,electric vehicle. small electric vehicle. mobility scooter. scooter.,0.28,0.28,0,0.0,,0
frame_0053.png,extras,bench,bench,bench.,0.2,0.2,1,0.2059,"[2253.4951171875, 1676.8927001953125, 2878.522705078125, 1855.39794921875]",1
frame_0053.png,extras,bench,metal bench,metal bench.,0.2,0.2,6,0.3745,"[1825.5587158203125, 775.755126953125, 2153.47314453125, 1194.4913330078125]",1
frame_0053.png,extras,bench,waiting bench,waiting bench.,0.2,0.2,5,0.3463,"[1826.68701171875, 776.9544677734375, 2155.041259765625, 1198.5662841796875]",1
frame_0053.png,extras,bench,long bench,long bench.,0.2,0.2,4,0.4021,"[2254.5185546875, 1673.7344970703125, 2878.19140625, 1853.067626953125]",1
frame_0053.png,extras,bench,indoor bench,indoor bench.,0.2,0.2,9,0.3436,"[2439.5810546875, 709.5059814453125, 2831.873779296875, 1217.5179443359375]",1
frame_0053.png,extras,cardboard box,cardboard box,cardboard box.,0.2,0.2,2,0.2967,"[2348.864501953125, 1173.9462890625, 2877.744140625, 1759.488525390625]",1
frame_0053.png,extras,cardboard box,brown cardboard box,brown cardboard box.,0.2,0.2,2,0.5372,"[790.7500610351562, 521.4453735351562, 1022.0883178710938, 1035.892578125]",1
frame_0053.png,extras,cardboard box,shipping box,shipping box.,0.2,0.2,1,0.2399,"[2349.872314453125, 1175.618408203125, 2877.96337890625, 1759.5428466796875]",1
frame_0053.png,extras,cardboard box,package box,package box.,0.2,0.2,0,0.0,,0
frame_0053.png,extras,cardboard box,stacked box,stacked box.,0.2,0.2,2,0.2391,"[2348.919921875, 1174.8543701171875, 2878.12841796875, 1759.945068359375]",1
frame_0053.png,extras,cardboard box,box,box.,0.2,0.2,1,0.2066,"[2347.970458984375, 1176.43408203125, 2878.549560546875, 1760.150146484375]",1
frame_0053.png,extras,chair,chair,chair.,0.2,0.2,7,0.5167,"[2439.78857421875, 710.0997924804688, 2830.00146484375, 1217.0316162109375]",1
frame_0053.png,extras,chair,armless chair,armless chair.,0.2,0.2,4,0.4327,"[1827.0255126953125, 775.3623657226562, 2155.58154296875, 1197.447998046875]",1
frame_0053.png,extras,chair,office chair,office chair.,0.2,0.2,9,0.7057,"[2437.979248046875, 708.2315673828125, 2830.8701171875, 1218.593017578125]",1
frame_0053.png,extras,chair,swivel chair,swivel chair.,0.2,0.2,5,0.4323,"[1826.2294921875, 774.9898071289062, 2155.044189453125, 1196.9600830078125]",1
frame_0053.png,extras,chair,rolling chair,rolling chair.,0.2,0.2,10,0.5927,"[1827.9979248046875, 775.849609375, 2155.136474609375, 1195.665771484375]",1
frame_0053.png,extras,chair,stool chair,stool chair.,0.2,0.2,11,0.6485,"[2439.3095703125, 709.34033203125, 2830.4619140625, 1218.202392578125]",1
frame_0053.png,extras,door,door,door.,0.2,0.2,6,0.3339,"[411.70843505859375, 488.4463195800781, 577.481201171875, 1032.4063720703125]",1
frame_0053.png,extras,door,dark door surface,dark door surface.,0.2,0.2,5,0.3832,"[408.24749755859375, 471.4585266113281, 822.2149658203125, 1040.7763671875]",1
frame_0053.png,extras,door,wooden door,wooden door.,0.2,0.2,3,0.4292,"[409.0720520019531, 488.8085632324219, 574.6052856445312, 1034.455078125]",1
frame_0053.png,extras,door,closed door,closed door.,0.2,0.2,2,0.489,"[409.34014892578125, 488.05413818359375, 573.395751953125, 1033.61767578125]",1
frame_0053.png,extras,door,interior door,interior door.,0.2,0.2,6,0.4325,"[412.4620666503906, 475.32952880859375, 816.4134521484375, 1037.4249267578125]",1
frame_0053.png,extras,electric vehicle,electric vehicle,electric vehicle.,0.2,0.2,1,0.2336,"[1145.3673095703125, 1656.4527587890625, 1693.4012451171875, 1857.155029296875]",1
frame_0053.png,extras,electric vehicle,small electric vehicle,small electric vehicle.,0.2,0.2,1,0.6495,"[1139.9351806640625, 1647.12841796875, 1694.9404296875, 1855.500244140625]",1
frame_0053.png,extras,electric vehicle,electric cart,electric cart.,0.2,0.2,0,0.0,,0
frame_0053.png,extras,electric vehicle,small electric cart,small electric cart.,0.2,0.2,5,0.4347,"[583.6949462890625, 850.5389404296875, 801.5255737304688, 1068.984619140625]",1
frame_0053.png,extras,electric vehicle,compact electric car,compact electric car.,0.2,0.2,2,0.5121,"[1142.529052734375, 1651.948486328125, 1693.3443603515625, 1855.3587646484375]",1
frame_0053.png,extras,electric vehicle,indoor electric vehicle,indoor electric vehicle.,0.2,0.2,4,0.5129,"[6.357307434082031, 4.409031391143799, 2872.689697265625, 1851.8641357421875]",1
frame_0053.png,extras,electric vehicle,robot platform,robot platform.,0.2,0.2,7,0.348,"[2346.42578125, 1172.3106689453125, 2878.086181640625, 1759.9703369140625]",1
frame_0053.png,extras,large power bank,large power bank,large power bank.,0.18,0.18,10,0.3123,"[1141.3232421875, 1650.8631591796875, 1694.9229736328125, 1854.857421875]",1
frame_0053.png,extras,large power bank,portable power bank battery,portable power bank battery.,0.18,0.18,5,0.3764,"[793.8765258789062, 522.3831787109375, 1019.2945556640625, 1032.0377197265625]",1
frame_0053.png,extras,large power bank,power bank,power bank.,0.18,0.18,6,0.2987,"[1145.659912109375, 1656.4263916015625, 1693.31591796875, 1856.94384765625]",1
frame_0053.png,extras,large power bank,battery pack,battery pack.,0.18,0.18,1,0.1892,"[812.5098876953125, 660.3973999023438, 914.5009155273438, 772.7642211914062]",1
frame_0053.png,extras,large power bank,large battery,large battery.,0.18,0.18,6,0.3239,"[2347.45654296875, 1173.079833984375, 2877.5849609375, 1759.7568359375]",1
frame_0053.png,extras,large power bank,portable battery,portable battery.,0.18,0.18,7,0.2733,"[1147.60302734375, 1657.280517578125, 1691.50439453125, 1856.085205078125]",1
frame_0053.png,extras,large power bank,rectangular battery box,rectangular battery box.,0.18,0.18,2,0.3342,"[810.4737548828125, 658.084716796875, 916.61181640625, 775.073974609375]",1
frame_0053.png,extras,meeting table set,meeting table set,meeting table set.,0.2,0.2,3,0.5197,"[586.8215942382812, 840.2362060546875, 992.944091796875, 1067.7388916015625]",1
frame_0053.png,extras,meeting table set,large meeting table,large meeting table.,0.2,0.2,1,0.686,"[591.3941650390625, 843.50927734375, 946.0455932617188, 1065.5086669921875]",1
frame_0053.png,extras,meeting table set,conference table,conference table.,0.2,0.2,2,0.5624,"[598.8695068359375, 854.9727172851562, 906.9471435546875, 1059.82861328125]",1
frame_0053.png,extras,meeting table set,long table with chairs,long table with chairs.,0.2,0.2,4,0.4193,"[592.539794921875, 846.5110473632812, 801.9094848632812, 1062.53369140625]",1
frame_0053.png,extras,meeting table set,office meeting table,office meeting table.,0.2,0.2,3,0.4818,"[592.050537109375, 848.599609375, 988.1307983398438, 1062.107666015625]",1
frame_0053.png,extras,meeting table set,long rectangular table,long rectangular table.,0.2,0.2,1,0.5802,"[596.4632568359375, 850.21826171875, 919.9312744140625, 1060.314453125]",1
frame_0053.png,extras,plant pot,plant pot,plant pot.,0.2,0.2,1,0.5137,"[2348.14697265625, 1176.26806640625, 2878.883056640625, 1760.058349609375]",1
frame_0053.png,extras,plant pot,potted plant in plastic pot,potted plant in plastic pot.,0.2,0.2,2,0.6885,"[2338.958251953125, 1161.2373046875, 2874.417236328125, 1760.3961181640625]",1
frame_0053.png,extras,plant pot,potted plant,potted plant.,0.2,0.2,1,0.4218,"[2347.453369140625, 1176.5103759765625, 2878.50634765625, 1760.994140625]",1
frame_0053.png,extras,plant pot,indoor potted plant,indoor potted plant.,0.2,0.2,1,0.4575,"[2345.669677734375, 1171.7098388671875, 2878.244140625, 1760.34033203125]",1
frame_0053.png,extras,plant pot,flower pot,flower pot.,0.2,0.2,1,0.6812,"[2348.197509765625, 1175.392578125, 2878.7109375, 1760.06689453125]",1
frame_0053.png,extras,plant pot,plastic plant pot,plastic plant pot.,0.2,0.2,1,0.7398,"[2345.969970703125, 1170.727294921875, 2876.98681640625, 1759.7266845703125]",1
frame_0053.png,extras,shoes,shoes,shoes.,0.18,0.18,6,0.5417,"[1382.4039306640625, 1063.7337646484375, 1428.269775390625, 1121.4166259765625]",1
frame_0053.png,extras,shoes,pair of indoor shoes,pair of indoor shoes.,0.18,0.18,2,0.8301,"[1282.2213134765625, 1048.46630859375, 1482.56396484375, 1135.8876953125]",1
frame_0053.png,extras,shoes,indoor shoes,indoor shoes.,0.18,0.18,6,0.5519,"[1381.6258544921875, 1062.3953857421875, 1428.1456298828125, 1123.267578125]",1
frame_0053.png,extras,shoes,pair of shoes,pair of shoes.,0.18,0.18,4,0.7706,"[1281.10888671875, 1045.8681640625, 1483.6719970703125, 1137.0809326171875]",1
frame_0053.png,extras,shoes,sneakers,sneakers.,0.18,0.18,4,0.4357,"[1384.01513671875, 1064.7564697265625, 1428.40966796875, 1120.5191650390625]",1
frame_0053.png,extras,shoes,slippers,slippers.,0.18,0.18,4,0.4137,"[1382.9210205078125, 1064.79052734375, 1428.9912109375, 1120.377197265625]",1
frame_0053.png,extras,shoes,shoe pair on floor,shoe pair on floor.,0.18,0.18,5,0.5132,"[1276.8768310546875, 1042.310791015625, 1486.633056640625, 1139.9237060546875]",1
frame_0053.png,extras,trash bin,trash bin,trash bin.,0.2,0.2,0,0.0,,0
frame_0053.png,extras,trash bin,indoor trash bin,indoor trash bin.,0.2,0.2,1,0.5722,"[2345.539794921875, 1171.9248046875, 2877.3017578125, 1759.39990234375]",1
frame_0053.png,extras,trash bin,garbage bin,garbage bin.,0.2,0.2,1,0.3654,"[2348.387939453125, 1174.418212890625, 2878.638671875, 1759.609130859375]",1
frame_0053.png,extras,trash bin,waste bin,waste bin.,0.2,0.2,1,0.3863,"[2348.154541015625, 1174.2183837890625, 2878.68115234375, 1759.901611328125]",1
frame_0053.png,extras,trash bin,recycling bin,recycling bin.,0.2,0.2,1,0.5698,"[2346.614013671875, 1173.671875, 2878.525390625, 1760.938720703125]",1
frame_0053.png,extras,trash bin,small trash can,small trash can.,0.2,0.2,1,0.8888,"[2337.251953125, 1161.60546875, 2874.590087890625, 1760.453369140625]",1
frame_0053.png,extras,vacuum cleaner,vacuum cleaner,vacuum cleaner.,0.2,0.2,0,0.0,,0
frame_0053.png,extras,vacuum cleaner,upright vacuum cleaner,upright vacuum cleaner.,0.2,0.2,2,0.3772,"[1143.1385498046875, 1653.0579833984375, 1694.90234375, 1855.54052734375]",1
frame_0053.png,extras,vacuum cleaner,stick vacuum,stick vacuum.,0.2,0.2,0,0.0,,0
frame_0053.png,extras,vacuum cleaner,household vacuum,household vacuum.,0.2,0.2,1,0.2031,"[1145.1580810546875, 1655.81640625, 1693.6317138671875, 1856.3443603515625]",1
frame_0053.png,extras,vacuum cleaner,robot vacuum,robot vacuum.,0.2,0.2,0,0.0,,0
frame_0053.png,extras,vacuum cleaner,cordless vacuum cleaner,cordless vacuum cleaner.,0.2,0.2,4,0.4338,"[1143.6239013671875, 1653.728515625, 1694.19482421875, 1856.213623046875]",1
frame_0054.png,production,meeting table set,ALL_GROUP,meeting table. conference table. table with chairs. meeting table set.,0.32,0.32,4,0.3825,"[630.0103759765625, 831.4166259765625, 1055.061767578125, 1076.6689453125]",1
frame_0054.png,production,chair,ALL_GROUP,chair. chairs. armless chair.,0.36,0.36,7,0.4918,"[1978.342041015625, 750.1279907226562, 2354.7646484375, 1245.135986328125]",1
frame_0054.png,production,bench,ALL_GROUP,bench. metal bench. waiting bench.,0.34,0.34,2,0.4022,"[1978.2037353515625, 751.626708984375, 2351.601318359375, 1246.109619140625]",1
frame_0054.png,production,cardboard box+plant pot+shoes,ALL_GROUP,cardboard box. brown cardboard box. cardboard package. plant pot. potted plant. flower pot. indoor plant pot. shoes. pair of shoes. footwear. black shoes.,0.3,0.3,6,0.4105,"[1355.0233154296875, 1068.580078125, 1574.0906982421875, 1161.23046875]",1
frame_0054.png,production,trash bin+vacuum cleaner,ALL_GROUP,trash bin. trash can. waste bin. recycling bin. row of trash bins. vacuum cleaner. upright vacuum cleaner. cordless vacuum. floor cleaner.,0.25,0.25,0,0.0,,0
frame_0054.png,production,large power bank,ALL_GROUP,large power bank. portable power station. battery pack. power bank.,0.28,0.28,0,0.0,,0
frame_0054.png,production,door,ALL_GROUP,door. doors. dark door. elevator sliding door. sliding door.,0.26,0.26,4,0.3459,"[469.2806091308594, 483.78424072265625, 639.6298217773438, 1041.0338134765625]",1
frame_0054.png,production,electric vehicle,ALL_GROUP,electric vehicle. small electric vehicle. mobility scooter. scooter.,0.28,0.28,0,0.0,,0
frame_0054.png,extras,bench,bench,bench.,0.2,0.2,1,0.207,"[1981.890869140625, 754.5386352539062, 2348.39794921875, 1241.358154296875]",1
frame_0054.png,extras,bench,metal bench,metal bench.,0.2,0.2,5,0.4663,"[1978.4290771484375, 750.5299072265625, 2351.24609375, 1242.3653564453125]",1
frame_0054.png,extras,bench,waiting bench,waiting bench.,0.2,0.2,3,0.4821,"[1978.843017578125, 751.8622436523438, 2352.583740234375, 1246.8824462890625]",1
frame_0054.png,extras,bench,long bench,long bench.,0.2,0.2,5,0.365,"[1979.0474853515625, 752.0232543945312, 2350.854248046875, 1241.8753662109375]",1
frame_0054.png,extras,bench,indoor bench,indoor bench.,0.2,0.2,10,0.4562,"[1980.252197265625, 752.0882568359375, 2349.2197265625, 1241.595703125]",1
frame_0054.png,extras,cardboard box,cardboard box,cardboard box.,0.2,0.2,1,0.2649,"[858.6754150390625, 517.8538208007812, 1083.9158935546875, 1030.852294921875]",1
frame_0054.png,extras,cardboard box,brown cardboard box,brown cardboard box.,0.2,0.2,1,0.5821,"[854.1981811523438, 514.5849609375, 1087.15087890625, 1037.875732421875]",1
frame_0054.png,extras,cardboard box,shipping box,shipping box.,0.2,0.2,1,0.2161,"[859.7125244140625, 519.3216552734375, 1082.668212890625, 1025.2205810546875]",1
frame_0054.png,extras,cardboard box,package box,package box.,0.2,0.2,0,0.0,,0
frame_0054.png,extras,cardboard box,stacked box,stacked box.,0.2,0.2,1,0.2451,"[858.548583984375, 518.0228881835938, 1083.454345703125, 1027.9183349609375]",1
frame_0054.png,extras,cardboard box,box,box.,0.2,0.2,0,0.0,,0
frame_0054.png,extras,chair,chair,chair.,0.2,0.2,9,0.5853,"[1981.2872314453125, 752.6015014648438, 2350.3427734375, 1243.105224609375]",1
frame_0054.png,extras,chair,armless chair,armless chair.,0.2,0.2,5,0.5123,"[1979.5562744140625, 750.6434326171875, 2352.685546875, 1245.14111328125]",1
frame_0054.png,extras,chair,office chair,office chair.,0.2,0.2,7,0.7535,"[1980.0269775390625, 751.1676025390625, 2352.948974609375, 1243.1524658203125]",1
frame_0054.png,extras,chair,swivel chair,swivel chair.,0.2,0.2,5,0.5113,"[1978.50927734375, 749.9713745117188, 2352.552978515625, 1245.9669189453125]",1
frame_0054.png,extras,chair,rolling chair,rolling chair.,0.2,0.2,7,0.6789,"[1979.7711181640625, 750.5916137695312, 2353.4375, 1243.826416015625]",1
frame_0054.png,extras,chair,stool chair,stool chair.,0.2,0.2,11,0.6997,"[1981.0906982421875, 752.2584838867188, 2351.354736328125, 1241.66162109375]",1
frame_0054.png,extras,door,door,door.,0.2,0.2,6,0.3277,"[470.1741027832031, 484.52703857421875, 638.7803344726562, 1037.546875]",1
frame_0054.png,extras,door,dark door surface,dark door surface.,0.2,0.2,6,0.3335,"[1.7183518409729004, 558.3505249023438, 161.28814697265625, 1047.9686279296875]",1
frame_0054.png,extras,door,wooden door,wooden door.,0.2,0.2,5,0.395,"[467.76470947265625, 485.25286865234375, 634.100830078125, 1039.4322509765625]",1
frame_0054.png,extras,door,closed door,closed door.,0.2,0.2,4,0.4601,"[468.0716552734375, 486.8417663574219, 630.0743408203125, 1038.5157470703125]",1
frame_0054.png,extras,door,interior door,interior door.,0.2,0.2,6,0.4273,"[468.84527587890625, 485.1783752441406, 634.3700561523438, 1037.953125]",1
frame_0054.png,extras,electric vehicle,electric vehicle,electric vehicle.,0.2,0.2,1,0.2168,"[1149.97314453125, 1656.780517578125, 1693.8885498046875, 1856.499267578125]",1
frame_0054.png,extras,electric vehicle,small electric vehicle,small electric vehicle.,0.2,0.2,1,0.6739,"[1143.21484375, 1646.150634765625, 1695.9378662109375, 1855.2757568359375]",1
frame_0054.png,extras,electric vehicle,electric cart,electric cart.,0.2,0.2,0,0.0,,0
frame_0054.png,extras,electric vehicle,small electric cart,small electric cart.,0.2,0.2,6,0.414,"[1971.67626953125, 746.0360107421875, 2359.499267578125, 1248.0889892578125]",1
frame_0054.png,extras,electric vehicle,compact electric car,compact electric car.,0.2,0.2,2,0.4893,"[1146.9852294921875, 1652.574462890625, 1694.8642578125, 1855.4364013671875]",1
frame_0054.png,extras,electric vehicle,indoor electric vehicle,indoor electric vehicle.,0.2,0.2,4,0.5391,"[6.106252670288086, 4.170228958129883, 2872.563720703125, 1852.330810546875]",1
frame_0054.png,extras,electric vehicle,robot platform,robot platform.,0.2,0.2,7,0.3267,"[1978.8062744140625, 750.9490356445312, 2354.6044921875, 1243.9249267578125]",1
frame_0054.png,extras,large power bank,large power bank,large power bank.,0.18,0.18,8,0.3166,"[1145.9931640625, 1650.985595703125, 1696.1102294921875, 1854.9918212890625]",1
frame_0054.png,extras,large power bank,portable power bank battery,portable power bank battery.,0.18,0.18,6,0.381,"[855.9122924804688, 517.1608276367188, 1084.5772705078125, 1034.018798828125]",1
frame_0054.png,extras,large power bank,power bank,power bank.,0.18,0.18,8,0.3265,"[1150.5992431640625, 1656.5728759765625, 1694.08935546875, 1856.6357421875]",1
frame_0054.png,extras,large power bank,battery pack,battery pack.,0.18,0.18,1,0.1955,"[2358.52978515625, 65.87873077392578, 2428.84375, 170.989990234375]",1
frame_0054.png,extras,large power bank,large battery,large battery.,0.18,0.18,5,0.3545,"[1151.990966796875, 1656.35400390625, 1692.7938232421875, 1855.457763671875]",1
frame_0054.png,extras,large power bank,portable battery,portable battery.,0.18,0.18,8,0.2735,"[1152.53125, 1657.2906494140625, 1692.697509765625, 1855.9185791015625]",1
frame_0054.png,extras,large power bank,rectangular battery box,rectangular battery box.,0.18,0.18,2,0.3381,"[856.7998657226562, 517.98291015625, 1084.5618896484375, 1029.820068359375]",1
frame_0054.png,extras,meeting table set,meeting table set,meeting table set.,0.2,0.2,3,0.5708,"[628.1012573242188, 840.7588500976562, 1053.183349609375, 1076.5615234375]",1
frame_0054.png,extras,meeting table set,large meeting table,large meeting table.,0.2,0.2,1,0.6881,"[633.4306640625, 840.9039306640625, 1049.199951171875, 1074.8140869140625]",1
frame_0054.png,extras,meeting table set,conference table,conference table.,0.2,0.2,3,0.5785,"[642.7506713867188, 853.0821533203125, 1041.707275390625, 1071.55517578125]",1
frame_0054.png,extras,meeting table set,long table with chairs,long table with chairs.,0.2,0.2,2,0.615,"[630.1728515625, 836.17041015625, 1053.946044921875, 1076.74462890625]",1
frame_0054.png,extras,meeting table set,office meeting table,office meeting table.,0.2,0.2,2,0.6343,"[637.9225463867188, 849.5112915039062, 1044.3426513671875, 1072.7738037109375]",1
frame_0054.png,extras,meeting table set,long rectangular table,long rectangular table.,0.2,0.2,1,0.6167,"[640.5491943359375, 848.6614379882812, 1045.2880859375, 1072.110107421875]",1
frame_0054.png,extras,plant pot,plant pot,plant pot.,0.2,0.2,0,0.0,,0
frame_0054.png,extras,plant pot,potted plant in plastic pot,potted plant in plastic pot.,0.2,0.2,0,0.0,,0
frame_0054.png,extras,plant pot,potted plant,potted plant.,0.2,0.2,0,0.0,,0
frame_0054.png,extras,plant pot,indoor potted plant,indoor potted plant.,0.2,0.2,0,0.0,,0
frame_0054.png,extras,plant pot,flower pot,flower pot.,0.2,0.2,0,0.0,,0
frame_0054.png,extras,plant pot,plastic plant pot,plastic plant pot.,0.2,0.2,0,0.0,,0
frame_0054.png,extras,shoes,shoes,shoes.,0.18,0.18,6,0.5552,"[1459.9984130859375, 1080.4942626953125, 1515.79833984375, 1148.68310546875]",1
frame_0054.png,extras,shoes,pair of indoor shoes,pair of indoor shoes.,0.18,0.18,2,0.8246,"[1352.2740478515625, 1065.6275634765625, 1576.01123046875, 1162.8270263671875]",1
frame_0054.png,extras,shoes,indoor shoes,indoor shoes.,0.18,0.18,6,0.5683,"[1460.552734375, 1079.490478515625, 1516.294921875, 1149.8980712890625]",1
frame_0054.png,extras,shoes,pair of shoes,pair of shoes.,0.18,0.18,6,0.7696,"[1351.343994140625, 1062.814697265625, 1577.260498046875, 1164.04638671875]",1
frame_0054.png,extras,shoes,sneakers,sneakers.,0.18,0.18,4,0.4408,"[1459.8109130859375, 1081.0262451171875, 1515.226318359375, 1148.2940673828125]",1
frame_0054.png,extras,shoes,slippers,slippers.,0.18,0.18,4,0.4153,"[1459.1429443359375, 1080.998779296875, 1516.343017578125, 1148.212158203125]",1
frame_0054.png,extras,shoes,shoe pair on floor,shoe pair on floor.,0.18,0.18,4,0.5413,"[1346.0482177734375, 1060.6365966796875, 1580.7738037109375, 1167.00146484375]",1
frame_0054.png,extras,trash bin,trash bin,trash bin.,0.2,0.2,0,0.0,,0
frame_0054.png,extras,trash bin,indoor trash bin,indoor trash bin.,0.2,0.2,1,0.2153,"[1.4159756898880005, 949.6727294921875, 94.77433013916016, 1056.1768798828125]",1
frame_0054.png,extras,trash bin,garbage bin,garbage bin.,0.2,0.2,0,0.0,,0
frame_0054.png,extras,trash bin,waste bin,waste bin.,0.2,0.2,0,0.0,,0
frame_0054.png,extras,trash bin,recycling bin,recycling bin.,0.2,0.2,0,0.0,,0
frame_0054.png,extras,trash bin,small trash can,small trash can.,0.2,0.2,3,0.4391,"[1.8686789274215698, 945.6231689453125, 98.31851959228516, 1058.8560791015625]",1
frame_0054.png,extras,vacuum cleaner,vacuum cleaner,vacuum cleaner.,0.2,0.2,0,0.0,,0
frame_0054.png,extras,vacuum cleaner,upright vacuum cleaner,upright vacuum cleaner.,0.2,0.2,1,0.3478,"[1147.209716796875, 1653.3880615234375, 1696.4979248046875, 1855.657470703125]",1
frame_0054.png,extras,vacuum cleaner,stick vacuum,stick vacuum.,0.2,0.2,0,0.0,,0
frame_0054.png,extras,vacuum cleaner,household vacuum,household vacuum.,0.2,0.2,0,0.0,,0
frame_0054.png,extras,vacuum cleaner,robot vacuum,robot vacuum.,0.2,0.2,0,0.0,,0
frame_0054.png,extras,vacuum cleaner,cordless vacuum cleaner,cordless vacuum cleaner.,0.2,0.2,4,0.4396,"[1147.8896484375, 1654.168212890625, 1695.77783203125, 1856.2154541015625]",1
frame_0055.png,production,meeting table set,ALL_GROUP,meeting table. conference table. table with chairs. meeting table set.,0.32,0.32,3,0.4041,"[441.89276123046875, 810.1010131835938, 951.61572265625, 1115.580078125]",1
frame_0055.png,production,chair,ALL_GROUP,chair. chairs. armless chair.,0.36,0.36,5,0.4861,"[2136.25341796875, 693.6642456054688, 2603.8662109375, 1349.73486328125]",1
frame_0055.png,production,bench,ALL_GROUP,bench. metal bench. waiting bench.,0.34,0.34,1,0.4731,"[2137.826904296875, 696.3180541992188, 2601.625244140625, 1349.25341796875]",1
frame_0055.png,production,cardboard box+plant pot+shoes,ALL_GROUP,cardboard box. brown cardboard box. cardboard package. plant pot. potted plant. flower pot. indoor plant pot. shoes. pair of shoes. footwear. black shoes.,0.3,0.3,6,0.467,"[1345.67529296875, 1131.88427734375, 1418.814453125, 1230.945556640625]",1
frame_0055.png,production,trash bin+vacuum cleaner,ALL_GROUP,trash bin. trash can. waste bin. recycling bin. row of trash bins. vacuum cleaner. upright vacuum cleaner. cordless vacuum. floor cleaner.,0.25,0.25,0,0.0,,0
frame_0055.png,production,large power bank,ALL_GROUP,large power bank. portable power station. battery pack. power bank.,0.28,0.28,0,0.0,,0
frame_0055.png,production,door,ALL_GROUP,door. doors. dark door. elevator sliding door. sliding door.,0.26,0.26,4,0.3746,"[305.6531677246094, 422.6981201171875, 496.382080078125, 1060.4892578125]",1
frame_0055.png,production,electric vehicle,ALL_GROUP,electric vehicle. small electric vehicle. mobility scooter. scooter.,0.28,0.28,0,0.0,,0
frame_0055.png,extras,bench,bench,bench.,0.2,0.2,2,0.2266,"[2139.93359375, 697.7490844726562, 2596.577880859375, 1346.419677734375]",1
frame_0055.png,extras,bench,metal bench,metal bench.,0.2,0.2,3,0.5918,"[2137.11572265625, 694.03662109375, 2601.724609375, 1348.181396484375]",1
frame_0055.png,extras,bench,waiting bench,waiting bench.,0.2,0.2,3,0.5386,"[2138.038818359375, 695.5036010742188, 2601.5107421875, 1350.623291015625]",1
frame_0055.png,extras,bench,long bench,long bench.,0.2,0.2,3,0.4762,"[2138.64990234375, 695.353271484375, 2600.834716796875, 1348.9443359375]",1
frame_0055.png,extras,bench,indoor bench,indoor bench.,0.2,0.2,7,0.5611,"[2139.1826171875, 695.3050537109375, 2599.484619140625, 1347.53466796875]",1
frame_0055.png,extras,cardboard box,cardboard box,cardboard box.,0.2,0.2,1,0.286,"[741.8133544921875, 468.7400207519531, 998.5478515625, 1046.85205078125]",1
frame_0055.png,extras,cardboard box,brown cardboard box,brown cardboard box.,0.2,0.2,1,0.6147,"[739.0192260742188, 466.2901306152344, 1002.0331420898438, 1052.930908203125]",1
frame_0055.png,extras,cardboard box,shipping box,shipping box.,0.2,0.2,1,0.2245,"[743.18603515625, 471.0588684082031, 997.6489868164062, 1041.0504150390625]",1
frame_0055.png,extras,cardboard box,package box,package box.,0.2,0.2,0,0.0,,0
frame_0055.png,extras,cardboard box,stacked box,stacked box.,0.2,0.2,1,0.2354,"[740.6807250976562, 469.22882080078125, 998.12060546875, 1043.0513916015625]",1
frame_0055.png,extras,cardboard box,box,box.,0.2,0.2,0,0.0,,0
frame_0055.png,extras,chair,chair,chair.,0.2,0.2,7,0.6528,"[2139.141845703125, 696.4862670898438, 2597.58447265625, 1346.6455078125]",1
frame_0055.png,extras,chair,armless chair,armless chair.,0.2,0.2,4,0.6767,"[2137.778564453125, 695.0724487304688, 2600.841064453125, 1349.59912109375]",1
frame_0055.png,extras,chair,office chair,office chair.,0.2,0.2,7,0.7981,"[2137.986572265625, 694.8922119140625, 2600.5966796875, 1347.5408935546875]",1
frame_0055.png,extras,chair,swivel chair,swivel chair.,0.2,0.2,4,0.6803,"[2137.031982421875, 694.508544921875, 2601.21923828125, 1349.8502197265625]",1
frame_0055.png,extras,chair,rolling chair,rolling chair.,0.2,0.2,6,0.7339,"[2138.143310546875, 694.80322265625, 2600.56298828125, 1348.2939453125]",1
frame_0055.png,extras,chair,stool chair,stool chair.,0.2,0.2,11,0.7378,"[2139.25927734375, 696.1764526367188, 2599.142822265625, 1346.6517333984375]",1
frame_0055.png,extras,door,door,door.,0.2,0.2,4,0.3311,"[307.2579345703125, 424.6268615722656, 496.69561767578125, 1058.46630859375]",1
frame_0055.png,extras,door,dark door surface,dark door surface.,0.2,0.2,2,0.4853,"[300.57659912109375, 401.2616882324219, 770.7042236328125, 1066.4771728515625]",1
frame_0055.png,extras,door,wooden door,wooden door.,0.2,0.2,5,0.3771,"[304.16156005859375, 423.47662353515625, 496.505126953125, 1061.3529052734375]",1
frame_0055.png,extras,door,closed door,closed door.,0.2,0.2,6,0.4075,"[306.6171875, 405.3504943847656, 766.0241088867188, 1067.22607421875]",1
frame_0055.png,extras,door,interior door,interior door.,0.2,0.2,8,0.3862,"[307.0064697265625, 406.05755615234375, 767.362548828125, 1065.6224365234375]",1
frame_0055.png,extras,electric vehicle,electric vehicle,electric vehicle.,0.2,0.2,2,0.223,"[1147.4261474609375, 1655.933837890625, 1695.0760498046875, 1857.1734619140625]",1
frame_0055.png,extras,electric vehicle,small electric vehicle,small electric vehicle.,0.2,0.2,1,0.6194,"[1139.8131103515625, 1644.718017578125, 1697.2164306640625, 1855.5672607421875]",1
frame_0055.png,extras,electric vehicle,electric cart,electric cart.,0.2,0.2,0,0.0,,0
frame_0055.png,extras,electric vehicle,small electric cart,small electric cart.,0.2,0.2,5,0.4681,"[448.4369812011719, 837.6211547851562, 671.7758178710938, 1111.3475341796875]",1
frame_0055.png,extras,electric vehicle,compact electric car,compact electric car.,0.2,0.2,3,0.4464,"[1144.0692138671875, 1651.7113037109375, 1695.744384765625, 1855.606689453125]",1
frame_0055.png,extras,electric vehicle,indoor electric vehicle,indoor electric vehicle.,0.2,0.2,4,0.5592,"[6.0376739501953125, 3.947279930114746, 2872.42431640625, 1852.552978515625]",1
frame_0055.png,extras,electric vehicle,robot platform,robot platform.,0.2,0.2,4,0.4198,"[450.1378479003906, 842.65771484375, 671.004150390625, 1107.031982421875]",1
frame_0055.png,extras,large power bank,large power bank,large power bank.,0.18,0.18,8,0.2952,"[1142.614990234375, 1650.485595703125, 1696.283935546875, 1855.11328125]",1
frame_0055.png,extras,large power bank,portable power bank battery,portable power bank battery.,0.18,0.18,3,0.4078,"[739.6282958984375, 468.6246643066406, 999.1746215820312, 1050.6141357421875]",1
frame_0055.png,extras,large power bank,power bank,power bank.,0.18,0.18,7,0.2996,"[1147.4591064453125, 1655.6407470703125, 1694.9725341796875, 1856.958740234375]",1
frame_0055.png,extras,large power bank,battery pack,battery pack.,0.18,0.18,1,0.2365,"[2140.278564453125, 694.4248657226562, 2599.41943359375, 1345.9423828125]",1
frame_0055.png,extras,large power bank,large battery,large battery.,0.18,0.18,6,0.3621,"[1148.77099609375, 1655.6453857421875, 1693.1578369140625, 1855.698486328125]",1
frame_0055.png,extras,large power bank,portable battery,portable battery.,0.18,0.18,8,0.3723,"[2139.302734375, 694.51904296875, 2599.88525390625, 1347.1029052734375]",1
frame_0055.png,extras,large power bank,rectangular battery box,rectangular battery box.,0.18,0.18,2,0.3723,"[740.20068359375, 468.2339782714844, 999.0565795898438, 1048.126220703125]",1
frame_0055.png,extras,meeting table set,meeting table set,meeting table set.,0.2,0.2,4,0.5823,"[446.59381103515625, 826.6463012695312, 943.8779296875, 1110.9588623046875]",1
frame_0055.png,extras,meeting table set,large meeting table,large meeting table.,0.2,0.2,1,0.7959,"[446.2438659667969, 830.0132446289062, 942.73388671875, 1109.73828125]",1
frame_0055.png,extras,meeting table set,conference table,conference table.,0.2,0.2,2,0.6603,"[451.35028076171875, 841.3770141601562, 939.1275634765625, 1106.5362548828125]",1
frame_0055.png,extras,meeting table set,long table with chairs,long table with chairs.,0.2,0.2,4,0.663,"[446.95458984375, 825.0855712890625, 947.2811889648438, 1111.88134765625]",1
frame_0055.png,extras,meeting table set,office meeting table,office meeting table.,0.2,0.2,2,0.6944,"[449.81341552734375, 837.4913330078125, 940.4093627929688, 1107.3721923828125]",1
frame_0055.png,extras,meeting table set,long rectangular table,long rectangular table.,0.2,0.2,1,0.7194,"[448.9012756347656, 837.90380859375, 941.8777465820312, 1107.843017578125]",1
frame_0055.png,extras,plant pot,plant pot,plant pot.,0.2,0.2,0,0.0,,0
frame_0055.png,extras,plant pot,potted plant in plastic pot,potted plant in plastic pot.,0.2,0.2,0,0.0,,0
frame_0055.png,extras,plant pot,potted plant,potted plant.,0.2,0.2,0,0.0,,0
frame_0055.png,extras,plant pot,indoor potted plant,indoor potted plant.,0.2,0.2,0,0.0,,0
frame_0055.png,extras,plant pot,flower pot,flower pot.,0.2,0.2,0,0.0,,0
frame_0055.png,extras,plant pot,plastic plant pot,plastic plant pot.,0.2,0.2,0,0.0,,0
frame_0055.png,extras,shoes,shoes,shoes.,0.18,0.18,5,0.6315,"[1283.9561767578125, 1133.155517578125, 1360.3924560546875, 1217.5360107421875]",1
frame_0055.png,extras,shoes,pair of indoor shoes,pair of indoor shoes.,0.18,0.18,2,0.8238,"[1273.8212890625, 1116.3583984375, 1575.3494873046875, 1246.4732666015625]",1
frame_0055.png,extras,shoes,indoor shoes,indoor shoes.,0.18,0.18,6,0.6307,"[1282.826904296875, 1132.5372314453125, 1358.7379150390625, 1221.1573486328125]",1
frame_0055.png,extras,shoes,pair of shoes,pair of shoes.,0.18,0.18,8,0.7549,"[1272.3914794921875, 1114.451171875, 1577.1295166015625, 1247.0494384765625]",1
frame_0055.png,extras,shoes,sneakers,sneakers.,0.18,0.18,4,0.4871,"[1489.939697265625, 1135.3868408203125, 1564.87158203125, 1232.94775390625]",1
frame_0055.png,extras,shoes,slippers,slippers.,0.18,0.18,4,0.3965,"[1284.2408447265625, 1133.5399169921875, 1361.2705078125, 1216.52294921875]",1
frame_0055.png,extras,shoes,shoe pair on floor,shoe pair on floor.,0.18,0.18,5,0.5198,"[1266.1357421875, 1109.45703125, 1580.7708740234375, 1250.8662109375]",1
frame_0055.png,extras,trash bin,trash bin,trash bin.,0.2,0.2,0,0.0,,0
frame_0055.png,extras,trash bin,indoor trash bin,indoor trash bin.,0.2,0.2,2,0.2691,"[2137.97509765625, 693.0923461914062, 2600.193603515625, 1346.55224609375]",1
frame_0055.png,extras,trash bin,garbage bin,garbage bin.,0.2,0.2,0,0.0,,0
frame_0055.png,extras,trash bin,waste bin,waste bin.,0.2,0.2,0,0.0,,0
frame_0055.png,extras,trash bin,recycling bin,recycling bin.,0.2,0.2,1,0.209,"[2139.91845703125, 694.65673828125, 2600.22021484375, 1347.86572265625]",1
frame_0055.png,extras,trash bin,small trash can,small trash can.,0.2,0.2,6,0.378,"[2130.410400390625, 686.9086303710938, 2606.85986328125, 1350.42138671875]",1
frame_0055.png,extras,vacuum cleaner,vacuum cleaner,vacuum cleaner.,0.2,0.2,0,0.0,,0
frame_0055.png,extras,vacuum cleaner,upright vacuum cleaner,upright vacuum cleaner.,0.2,0.2,5,0.3426,"[1145.02978515625, 1652.3995361328125, 1696.804443359375, 1855.780517578125]",1
frame_0055.png,extras,vacuum cleaner,stick vacuum,stick vacuum.,0.2,0.2,0,0.0,,0
frame_0055.png,extras,vacuum cleaner,household vacuum,household vacuum.,0.2,0.2,1,0.227,"[2138.45556640625, 693.4148559570312, 2601.465576171875, 1348.5643310546875]",1
frame_0055.png,extras,vacuum cleaner,robot vacuum,robot vacuum.,0.2,0.2,0,0.0,,0
frame_0055.png,extras,vacuum cleaner,cordless vacuum cleaner,cordless vacuum cleaner.,0.2,0.2,6,0.407,"[1145.2215576171875, 1652.862060546875, 1695.912109375, 1856.4066162109375]",1
frame_0056.png,production,meeting table set,ALL_GROUP,meeting table. conference table. table with chairs. meeting table set.,0.32,0.32,3,0.395,"[6.636514663696289, 775.0983276367188, 624.9706420898438, 1169.2381591796875]",1
frame_0056.png,production,chair,ALL_GROUP,chair. chairs. armless chair.,0.36,0.36,4,0.6023,"[118.5554428100586, 791.1248168945312, 425.5732727050781, 1162.7239990234375]",1
frame_0056.png,production,bench,ALL_GROUP,bench. metal bench. waiting bench.,0.34,0.34,1,0.4482,"[2212.00048828125, 627.4473876953125, 2863.739990234375, 1510.881591796875]",1
frame_0056.png,production,cardboard box+plant pot+shoes,ALL_GROUP,cardboard box. brown cardboard box. cardboard package. plant pot. potted plant. flower pot. indoor plant pot. shoes. pair of shoes. footwear. black shoes.,0.3,0.3,7,0.4552,"[918.8751831054688, 1212.5369873046875, 1385.5062255859375, 1426.5166015625]",1
frame_0056.png,production,trash bin+vacuum cleaner,ALL_GROUP,trash bin. trash can. waste bin. recycling bin. row of trash bins. vacuum cleaner. upright vacuum cleaner. cordless vacuum. floor cleaner.,0.25,0.25,0,0.0,,0
frame_0056.png,production,large power bank,ALL_GROUP,large power bank. portable power station. battery pack. power bank.,0.28,0.28,0,0.0,,0
frame_0056.png,production,door,ALL_GROUP,door. doors. dark door. elevator sliding door. sliding door.,0.26,0.26,4,0.324,"[10.277323722839355, 275.7041931152344, 443.0875244140625, 1109.3677978515625]",1
frame_0056.png,production,electric vehicle,ALL_GROUP,electric vehicle. small electric vehicle. mobility scooter. scooter.,0.28,0.28,0,0.0,,0
frame_0056.png,extras,bench,bench,bench.,0.2,0.2,1,0.2316,"[2213.97021484375, 628.3071899414062, 2859.71142578125, 1509.957763671875]",1
frame_0056.png,extras,bench,metal bench,metal bench.,0.2,0.2,1,0.6697,"[2210.891845703125, 624.7398681640625, 2862.107666015625, 1506.661376953125]",1
frame_0056.png,extras,bench,waiting bench,waiting bench.,0.2,0.2,1,0.6595,"[2211.994140625, 625.8455200195312, 2868.09912109375, 1512.0706787109375]",1
frame_0056.png,extras,bench,long bench,long bench.,0.2,0.2,2,0.5423,"[2213.083251953125, 626.4025268554688, 2862.600341796875, 1506.7313232421875]",1
frame_0056.png,extras,bench,indoor bench,indoor bench.,0.2,0.2,4,0.6084,"[2212.7509765625, 625.24462890625, 2862.40869140625, 1508.11181640625]",1
frame_0056.png,extras,cardboard box,cardboard box,cardboard box.,0.2,0.2,1,0.3533,"[393.93341064453125, 369.72454833984375, 728.9500122070312, 1079.1204833984375]",1
frame_0056.png,extras,cardboard box,brown cardboard box,brown cardboard box.,0.2,0.2,1,0.6712,"[390.6980285644531, 367.1131896972656, 731.531005859375, 1086.2010498046875]",1
frame_0056.png,extras,cardboard box,shipping box,shipping box.,0.2,0.2,1,0.2438,"[394.15240478515625, 371.96514892578125, 728.3954467773438, 1069.6920166015625]",1
frame_0056.png,extras,cardboard box,package box,package box.,0.2,0.2,0,0.0,,0
frame_0056.png,extras,cardboard box,stacked box,stacked box.,0.2,0.2,1,0.2754,"[392.68084716796875, 371.1035461425781, 729.0601806640625, 1075.7501220703125]",1
frame_0056.png,extras,cardboard box,box,box.,0.2,0.2,0,0.0,,0
frame_0056.png,extras,chair,chair,chair.,0.2,0.2,8,0.7043,"[2212.6767578125, 628.2129516601562, 2862.886962890625, 1510.2969970703125]",1
frame_0056.png,extras,chair,armless chair,armless chair.,0.2,0.2,2,0.7269,"[2211.078857421875, 625.9362182617188, 2861.744873046875, 1509.457275390625]",1
frame_0056.png,extras,chair,office chair,office chair.,0.2,0.2,8,0.795,"[119.81102752685547, 792.4664916992188, 423.34661865234375, 1163.3551025390625]",1
frame_0056.png,extras,chair,swivel chair,swivel chair.,0.2,0.2,2,0.7076,"[2210.98974609375, 625.5987548828125, 2861.71337890625, 1510.351318359375]",1
frame_0056.png,extras,chair,rolling chair,rolling chair.,0.2,0.2,4,0.7445,"[2211.590087890625, 625.1098022460938, 2861.923095703125, 1508.779296875]",1
frame_0056.png,extras,chair,stool chair,stool chair.,0.2,0.2,9,0.7269,"[2213.075927734375, 626.9785766601562, 2859.93408203125, 1508.3404541015625]",1
frame_0056.png,extras,door,door,door.,0.2,0.2,8,0.2846,"[19.901647567749023, 283.1554260253906, 440.9090270996094, 1105.278076171875]",1
frame_0056.png,extras,door,dark door surface,dark door surface.,0.2,0.2,1,0.4635,"[6.955718994140625, 265.0052490234375, 445.1040344238281, 1096.843017578125]",1
frame_0056.png,extras,door,wooden door,wooden door.,0.2,0.2,7,0.3102,"[1056.43505859375, 333.4743347167969, 1562.7984619140625, 902.4443969726562]",1
frame_0056.png,extras,door,closed door,closed door.,0.2,0.2,10,0.412,"[1054.3753662109375, 331.0846252441406, 1562.2198486328125, 901.8368530273438]",1
frame_0056.png,extras,door,interior door,interior door.,0.2,0.2,9,0.3303,"[773.9341430664062, 1.535530686378479, 2875.499267578125, 1283.749755859375]",1
frame_0056.png,extras,electric vehicle,electric vehicle,electric vehicle.,0.2,0.2,1,0.2059,"[1150.78173828125, 1656.1453857421875, 1694.16943359375, 1856.9658203125]",1
frame_0056.png,extras,electric vehicle,small electric vehicle,small electric vehicle.,0.2,0.2,2,0.5078,"[1143.681396484375, 1645.5086669921875, 1695.8651123046875, 1854.9412841796875]",1
frame_0056.png,extras,electric vehicle,electric cart,electric cart.,0.2,0.2,0,0.0,,0
frame_0056.png,extras,electric vehicle,small electric cart,small electric cart.,0.2,0.2,4,0.4017,"[2200.596923828125, 612.712158203125, 2866.564453125, 1513.16650390625]",1
frame_0056.png,extras,electric vehicle,compact electric car,compact electric car.,0.2,0.2,3,0.3641,"[1147.19677734375, 1652.2100830078125, 1695.4302978515625, 1854.9447021484375]",1
frame_0056.png,extras,electric vehicle,indoor electric vehicle,indoor electric vehicle.,0.2,0.2,3,0.5422,"[5.887384414672852, 3.8329787254333496, 2872.99658203125, 1851.2506103515625]",1
frame_0056.png,extras,electric vehicle,robot platform,robot platform.,0.2,0.2,4,0.3807,"[2210.97607421875, 622.9651489257812, 2869.859130859375, 1508.910888671875]",1
frame_0056.png,extras,large power bank,large power bank,large power bank.,0.18,0.18,7,0.3058,"[782.874755859375, 4.2872467041015625, 2871.00830078125, 957.2623901367188]",1
frame_0056.png,extras,large power bank,portable power bank battery,portable power bank battery.,0.18,0.18,4,0.4408,"[391.1576232910156, 370.61761474609375, 730.0643310546875, 1080.4451904296875]",1
frame_0056.png,extras,large power bank,power bank,power bank.,0.18,0.18,7,0.2882,"[1151.08056640625, 1656.09033203125, 1694.545654296875, 1856.952392578125]",1
frame_0056.png,extras,large power bank,battery pack,battery pack.,0.18,0.18,1,0.2159,"[409.8208923339844, 551.3809814453125, 550.8579711914062, 710.3823852539062]",1
frame_0056.png,extras,large power bank,large battery,large battery.,0.18,0.18,6,0.4001,"[392.530517578125, 370.403076171875, 729.3119506835938, 1073.700927734375]",1
frame_0056.png,extras,large power bank,portable battery,portable battery.,0.18,0.18,6,0.2795,"[2211.671875, 626.2257080078125, 2858.60302734375, 1504.893310546875]",1
frame_0056.png,extras,large power bank,rectangular battery box,rectangular battery box.,0.18,0.18,2,0.4035,"[393.47503662109375, 369.9533996582031, 729.359130859375, 1077.2841796875]",1
frame_0056.png,extras,meeting table set,meeting table set,meeting table set.,0.2,0.2,3,0.564,"[3.7819361686706543, 789.1080932617188, 618.3604125976562, 1167.734375]",1
frame_0056.png,extras,meeting table set,large meeting table,large meeting table.,0.2,0.2,1,0.7461,"[3.7078213691711426, 798.546875, 618.1334838867188, 1161.4271240234375]",1
frame_0056.png,extras,meeting table set,conference table,conference table.,0.2,0.2,1,0.6777,"[2.4674177169799805, 808.6782836914062, 614.4096069335938, 1153.0679931640625]",1
frame_0056.png,extras,meeting table set,long table with chairs,long table with chairs.,0.2,0.2,4,0.6449,"[6.514098644256592, 790.9349975585938, 620.8694458007812, 1159.2408447265625]",1
frame_0056.png,extras,meeting table set,office meeting table,office meeting table.,0.2,0.2,1,0.7088,"[3.0649709701538086, 804.3921508789062, 615.8324584960938, 1160.2015380859375]",1
frame_0056.png,extras,meeting table set,long rectangular table,long rectangular table.,0.2,0.2,1,0.6996,"[3.46768856048584, 807.27783203125, 615.6995239257812, 1149.419189453125]",1
frame_0056.png,extras,plant pot,plant pot,plant pot.,0.2,0.2,0,0.0,,0
frame_0056.png,extras,plant pot,potted plant in plastic pot,potted plant in plastic pot.,0.2,0.2,0,0.0,,0
frame_0056.png,extras,plant pot,potted plant,potted plant.,0.2,0.2,0,0.0,,0
frame_0056.png,extras,plant pot,indoor potted plant,indoor potted plant.,0.2,0.2,0,0.0,,0
frame_0056.png,extras,plant pot,flower pot,flower pot.,0.2,0.2,0,0.0,,0
frame_0056.png,extras,plant pot,plastic plant pot,plastic plant pot.,0.2,0.2,0,0.0,,0
frame_0056.png,extras,shoes,shoes,shoes.,0.18,0.18,5,0.6847,"[1250.6632080078125, 1240.0416259765625, 1371.4056396484375, 1411.2110595703125]",1
frame_0056.png,extras,shoes,pair of indoor shoes,pair of indoor shoes.,0.18,0.18,2,0.824,"[917.8508911132812, 1213.8184814453125, 1384.080322265625, 1426.751708984375]",1
frame_0056.png,extras,shoes,indoor shoes,indoor shoes.,0.18,0.18,5,0.644,"[928.67236328125, 1230.901611328125, 1070.7003173828125, 1392.895263671875]",1
frame_0056.png,extras,shoes,pair of shoes,pair of shoes.,0.18,0.18,7,0.7604,"[916.8961791992188, 1212.63134765625, 1385.6112060546875, 1427.2362060546875]",1
frame_0056.png,extras,shoes,sneakers,sneakers.,0.18,0.18,5,0.5247,"[1136.6939697265625, 1235.6456298828125, 1267.8004150390625, 1400.6651611328125]",1
frame_0056.png,extras,shoes,slippers,slippers.,0.18,0.18,4,0.3528,"[930.1948852539062, 1232.9302978515625, 1072.403076171875, 1389.96826171875]",1
frame_0056.png,extras,shoes,shoe pair on floor,shoe pair on floor.,0.18,0.18,4,0.546,"[912.88037109375, 1208.410888671875, 1392.089599609375, 1431.0067138671875]",1
frame_0056.png,extras,trash bin,trash bin,trash bin.,0.2,0.2,0,0.0,,0
frame_0056.png,extras,trash bin,indoor trash bin,indoor trash bin.,0.2,0.2,1,0.2921,"[2211.063232421875, 622.8384399414062, 2858.09130859375, 1502.1983642578125]",1
frame_0056.png,extras,trash bin,garbage bin,garbage bin.,0.2,0.2,0,0.0,,0
frame_0056.png,extras,trash bin,waste bin,waste bin.,0.2,0.2,0,0.0,,0
frame_0056.png,extras,trash bin,recycling bin,recycling bin.,0.2,0.2,1,0.2149,"[2211.93994140625, 626.0343017578125, 2860.938720703125, 1504.0887451171875]",1
frame_0056.png,extras,trash bin,small trash can,small trash can.,0.2,0.2,5,0.3696,"[2201.145263671875, 614.190185546875, 2858.0966796875, 1502.4686279296875]",1
frame_0056.png,extras,vacuum cleaner,vacuum cleaner,vacuum cleaner.,0.2,0.2,1,0.2154,"[2209.438720703125, 620.0077514648438, 2872.71826171875, 1510.4613037109375]",1
frame_0056.png,extras,vacuum cleaner,upright vacuum cleaner,upright vacuum cleaner.,0.2,0.2,4,0.3415,"[2207.909423828125, 617.27734375, 2871.991943359375, 1513.311767578125]",1
frame_0056.png,extras,vacuum cleaner,stick vacuum,stick vacuum.,0.2,0.2,0,0.0,,0
frame_0056.png,extras,vacuum cleaner,household vacuum,household vacuum.,0.2,0.2,3,0.264,"[2210.7080078125, 621.5620727539062, 2871.452392578125, 1509.2724609375]",1
frame_0056.png,extras,vacuum cleaner,robot vacuum,robot vacuum.,0.2,0.2,0,0.0,,0
frame_0056.png,extras,vacuum cleaner,cordless vacuum cleaner,cordless vacuum cleaner.,0.2,0.2,5,0.3759,"[2208.21533203125, 617.2420043945312, 2874.612548828125, 1515.4835205078125]",1
frame_0057.png,production,meeting table set,ALL_GROUP,meeting table. conference table. table with chairs. meeting table set.,0.32,0.32,3,0.418,"[4.68066930770874, 760.8576049804688, 558.9788818359375, 1187.2254638671875]",1
frame_0057.png,production,chair,ALL_GROUP,chair. chairs. armless chair.,0.36,0.36,3,0.5274,"[4.13608455657959, 778.66357421875, 327.93707275390625, 1188.240966796875]",1
frame_0057.png,production,bench,ALL_GROUP,bench. metal bench. waiting bench.,0.34,0.34,1,0.4572,"[2425.462890625, 574.9137573242188, 2878.81640625, 1555.1741943359375]",1
frame_0057.png,production,cardboard box+plant pot+shoes,ALL_GROUP,cardboard box. brown cardboard box. cardboard package. plant pot. potted plant. flower pot. indoor plant pot. shoes. pair of shoes. footwear. black shoes.,0.3,0.3,11,0.4814,"[867.1956176757812, 1320.20166015625, 1076.1373291015625, 1582.022705078125]",1
frame_0057.png,production,trash bin+vacuum cleaner,ALL_GROUP,trash bin. trash can. waste bin. recycling bin. row of trash bins. vacuum cleaner. upright vacuum cleaner. cordless vacuum. floor cleaner.,0.25,0.25,0,0.0,,0
frame_0057.png,production,large power bank,ALL_GROUP,large power bank. portable power station. battery pack. power bank.,0.28,0.28,0,0.0,,0
frame_0057.png,production,door,ALL_GROUP,door. doors. dark door. elevator sliding door. sliding door.,0.26,0.26,3,0.3088,"[1020.547119140625, 250.5361785888672, 1584.156982421875, 901.578369140625]",1
frame_0057.png,production,electric vehicle,ALL_GROUP,electric vehicle. small electric vehicle. mobility scooter. scooter.,0.28,0.28,0,0.0,,0
frame_0057.png,extras,bench,bench,bench.,0.2,0.2,2,0.2428,"[2429.651123046875, 575.9932250976562, 2878.826904296875, 1549.86767578125]",1
frame_0057.png,extras,bench,metal bench,metal bench.,0.2,0.2,1,0.6778,"[2424.626220703125, 572.7265625, 2878.06689453125, 1554.968994140625]",1
frame_0057.png,extras,bench,waiting bench,waiting bench.,0.2,0.2,1,0.6198,"[2426.615966796875, 574.5396728515625, 2879.326171875, 1555.347900390625]",1
frame_0057.png,extras,bench,long bench,long bench.,0.2,0.2,2,0.4892,"[2426.957275390625, 574.1510620117188, 2878.394775390625, 1553.1859130859375]",1
frame_0057.png,extras,bench,indoor bench,indoor bench.,0.2,0.2,5,0.6173,"[2427.25341796875, 573.8795776367188, 2878.279541015625, 1552.8795166015625]",1
frame_0057.png,extras,cardboard box,cardboard box,cardboard box.,0.2,0.2,1,0.2576,"[332.65985107421875, 339.8384094238281, 690.72021484375, 1081.1597900390625]",1
frame_0057.png,extras,cardboard box,brown cardboard box,brown cardboard box.,0.2,0.2,1,0.6139,"[330.2454528808594, 336.3739318847656, 694.06591796875, 1085.2239990234375]",1
frame_0057.png,extras,cardboard box,shipping box,shipping box.,0.2,0.2,0,0.0,,0
frame_0057.png,extras,cardboard box,package box,package box.,0.2,0.2,0,0.0,,0
frame_0057.png,extras,cardboard box,stacked box,stacked box.,0.2,0.2,1,0.2108,"[331.7455749511719, 340.96820068359375, 690.8974609375, 1080.18017578125]",1
frame_0057.png,extras,cardboard box,box,box.,0.2,0.2,0,0.0,,0
frame_0057.png,extras,chair,chair,chair.,0.2,0.2,6,0.7709,"[2427.5283203125, 574.1456298828125, 2879.080078125, 1552.746826171875]",1
frame_0057.png,extras,chair,armless chair,armless chair.,0.2,0.2,3,0.6443,"[2426.419677734375, 573.3634033203125, 2878.4912109375, 1555.052734375]",1
frame_0057.png,extras,chair,office chair,office chair.,0.2,0.2,6,0.7929,"[2425.80712890625, 572.6953735351562, 2879.08837890625, 1555.347900390625]",1
frame_0057.png,extras,chair,swivel chair,swivel chair.,0.2,0.2,3,0.6243,"[2425.33349609375, 572.8341064453125, 2878.32080078125, 1555.66796875]",1
frame_0057.png,extras,chair,rolling chair,rolling chair.,0.2,0.2,4,0.7058,"[2426.51318359375, 572.8041381835938, 2878.89990234375, 1554.749755859375]",1
frame_0057.png,extras,chair,stool chair,stool chair.,0.2,0.2,7,0.7272,"[2426.937255859375, 574.3167724609375, 2878.982421875, 1553.471435546875]",1
frame_0057.png,extras,door,door,door.,0.2,0.2,5,0.2878,"[758.4847412109375, 519.59521484375, 1028.060546875, 919.3164672851562]",1
frame_0057.png,extras,door,dark door surface,dark door surface.,0.2,0.2,6,0.3126,"[5.189859867095947, 232.45327758789062, 390.94720458984375, 1036.810302734375]",1
frame_0057.png,extras,door,wooden door,wooden door.,0.2,0.2,5,0.3303,"[732.8248901367188, 1.804710030555725, 2875.52587890625, 1354.7364501953125]",1
frame_0057.png,extras,door,closed door,closed door.,0.2,0.2,7,0.3365,"[1020.4673461914062, 251.1044464111328, 1584.811767578125, 901.024658203125]",1
frame_0057.png,extras,door,interior door,interior door.,0.2,0.2,10,0.4246,"[729.2462768554688, 1.104932427406311, 2876.365234375, 1349.109130859375]",1
frame_0057.png,extras,electric vehicle,electric vehicle,electric vehicle.,0.2,0.2,2,0.2307,"[1145.078369140625, 1657.2161865234375, 1694.3287353515625, 1857.25146484375]",1
frame_0057.png,extras,electric vehicle,small electric vehicle,small electric vehicle.,0.2,0.2,2,0.5105,"[1138.720458984375, 1647.822509765625, 1696.1939697265625, 1854.6484375]",1
frame_0057.png,extras,electric vehicle,electric cart,electric cart.,0.2,0.2,0,0.0,,0
frame_0057.png,extras,electric vehicle,small electric cart,small electric cart.,0.2,0.2,3,0.5021,"[315.1977844238281, 805.4340209960938, 555.1754150390625, 1124.26318359375]",1
frame_0057.png,extras,electric vehicle,compact electric car,compact electric car.,0.2,0.2,3,0.3683,"[1142.0478515625, 1653.864501953125, 1695.6146240234375, 1855.03369140625]",1
frame_0057.png,extras,electric vehicle,indoor electric vehicle,indoor electric vehicle.,0.2,0.2,3,0.5199,"[6.228132247924805, 4.077157974243164, 2872.6748046875, 1850.7957763671875]",1
frame_0057.png,extras,electric vehicle,robot platform,robot platform.,0.2,0.2,4,0.3225,"[2425.190673828125, 573.498779296875, 2878.3203125, 1554.0279541015625]",1
frame_0057.png,extras,large power bank,large power bank,large power bank.,0.18,0.18,7,0.3304,"[700.4066772460938, 3.733865737915039, 2872.53125, 1362.47412109375]",1
frame_0057.png,extras,large power bank,portable power bank battery,portable power bank battery.,0.18,0.18,4,0.3255,"[351.0130615234375, 527.6296997070312, 495.7997131347656, 696.4092407226562]",1
frame_0057.png,extras,large power bank,power bank,power bank.,0.18,0.18,6,0.2876,"[1145.1383056640625, 1657.2481689453125, 1694.7060546875, 1857.0726318359375]",1
frame_0057.png,extras,large power bank,battery pack,battery pack.,0.18,0.18,1,0.1975,"[621.3074340820312, 961.8456420898438, 643.97607421875, 1005.279296875]",1
frame_0057.png,extras,large power bank,large battery,large battery.,0.18,0.18,7,0.3261,"[1146.3016357421875, 1656.4130859375, 1693.543701171875, 1855.5018310546875]",1
frame_0057.png,extras,large power bank,portable battery,portable battery.,0.18,0.18,8,0.2512,"[2427.08447265625, 575.0326538085938, 2878.28369140625, 1551.7611083984375]",1
frame_0057.png,extras,large power bank,rectangular battery box,rectangular battery box.,0.18,0.18,4,0.315,"[351.3680725097656, 527.2442016601562, 496.4300231933594, 696.7252807617188]",1
frame_0057.png,extras,meeting table set,meeting table set,meeting table set.,0.2,0.2,5,0.5519,"[3.0182790756225586, 776.3008422851562, 551.9766845703125, 1188.8226318359375]",1
frame_0057.png,extras,meeting table set,large meeting table,large meeting table.,0.2,0.2,1,0.6335,"[3.2735824584960938, 785.6181030273438, 553.8132934570312, 1164.86474609375]",1
frame_0057.png,extras,meeting table set,conference table,conference table.,0.2,0.2,2,0.6018,"[1.589648723602295, 800.2295532226562, 549.3441162109375, 1142.4722900390625]",1
frame_0057.png,extras,meeting table set,long table with chairs,long table with chairs.,0.2,0.2,5,0.6147,"[4.516003131866455, 782.8088989257812, 556.322021484375, 1167.5408935546875]",1
frame_0057.png,extras,meeting table set,office meeting table,office meeting table.,0.2,0.2,2,0.6595,"[1.7707085609436035, 791.5900268554688, 550.8626708984375, 1165.64794921875]",1
frame_0057.png,extras,meeting table set,long rectangular table,long rectangular table.,0.2,0.2,4,0.5156,"[2.4447154998779297, 795.9237060546875, 552.1165771484375, 1141.921630859375]",1
frame_0057.png,extras,plant pot,plant pot,plant pot.,0.2,0.2,0,0.0,,0
frame_0057.png,extras,plant pot,potted plant in plastic pot,potted plant in plastic pot.,0.2,0.2,0,0.0,,0
frame_0057.png,extras,plant pot,potted plant,potted plant.,0.2,0.2,0,0.0,,0
frame_0057.png,extras,plant pot,indoor potted plant,indoor potted plant.,0.2,0.2,0,0.0,,0
frame_0057.png,extras,plant pot,flower pot,flower pot.,0.2,0.2,0,0.0,,0
frame_0057.png,extras,plant pot,plastic plant pot,plastic plant pot.,0.2,0.2,0,0.0,,0
frame_0057.png,extras,shoes,shoes,shoes.,0.18,0.18,6,0.6975,"[867.8970336914062, 1323.779052734375, 1076.2635498046875, 1578.336669921875]",1
frame_0057.png,extras,shoes,pair of indoor shoes,pair of indoor shoes.,0.18,0.18,2,0.839,"[753.2727661132812, 1300.1212158203125, 1372.8760986328125, 1610.5845947265625]",1
frame_0057.png,extras,shoes,indoor shoes,indoor shoes.,0.18,0.18,5,0.658,"[868.049072265625, 1322.7291259765625, 1076.2158203125, 1580.0010986328125]",1
frame_0057.png,extras,shoes,pair of shoes,pair of shoes.,0.18,0.18,7,0.7677,"[754.5905151367188, 1300.295654296875, 1373.376953125, 1610.10205078125]",1
frame_0057.png,extras,shoes,sneakers,sneakers.,0.18,0.18,5,0.5338,"[1039.848876953125, 1326.8106689453125, 1224.662353515625, 1574.1807861328125]",1
frame_0057.png,extras,shoes,slippers,slippers.,0.18,0.18,5,0.3051,"[1.1243820190429688, 1739.9134521484375, 449.88592529296875, 1856.7908935546875]",1
frame_0057.png,extras,shoes,shoe pair on floor,shoe pair on floor.,0.18,0.18,3,0.5474,"[749.1091918945312, 1293.6998291015625, 1379.4842529296875, 1612.847412109375]",1
frame_0057.png,extras,trash bin,trash bin,trash bin.,0.2,0.2,0,0.0,,0
frame_0057.png,extras,trash bin,indoor trash bin,indoor trash bin.,0.2,0.2,1,0.2371,"[2425.264892578125, 573.3743896484375, 2878.072998046875, 1552.8543701171875]",1
frame_0057.png,extras,trash bin,garbage bin,garbage bin.,0.2,0.2,0,0.0,,0
frame_0057.png,extras,trash bin,waste bin,waste bin.,0.2,0.2,0,0.0,,0
frame_0057.png,extras,trash bin,recycling bin,recycling bin.,0.2,0.2,0,0.0,,0
frame_0057.png,extras,trash bin,small trash can,small trash can.,0.2,0.2,5,0.3836,"[2416.502197265625, 568.6689453125, 2875.5693359375, 1556.64990234375]",1
frame_0057.png,extras,vacuum cleaner,vacuum cleaner,vacuum cleaner.,0.2,0.2,0,0.0,,0
frame_0057.png,extras,vacuum cleaner,upright vacuum cleaner,upright vacuum cleaner.,0.2,0.2,3,0.3434,"[2421.8671875, 571.6549682617188, 2877.831787109375, 1557.8201904296875]",1
frame_0057.png,extras,vacuum cleaner,stick vacuum,stick vacuum.,0.2,0.2,0,0.0,,0
frame_0057.png,extras,vacuum cleaner,household vacuum,household vacuum.,0.2,0.2,1,0.2279,"[2425.8173828125, 574.2045288085938, 2878.644775390625, 1553.894775390625]",1
frame_0057.png,extras,vacuum cleaner,robot vacuum,robot vacuum.,0.2,0.2,0,0.0,,0
frame_0057.png,extras,vacuum cleaner,cordless vacuum cleaner,cordless vacuum cleaner.,0.2,0.2,5,0.416,"[2421.819091796875, 572.267578125, 2877.41943359375, 1557.3594970703125]",1
frame_0058.png,production,meeting table set,ALL_GROUP,meeting table. conference table. table with chairs. meeting table set.,0.32,0.32,4,0.4107,"[588.8705444335938, 794.5888061523438, 1155.4163818359375, 1143.89892578125]",1
frame_0058.png,production,chair,ALL_GROUP,chair. chairs. armless chair.,0.36,0.36,4,0.4385,"[957.398681640625, 828.0623168945312, 1139.874755859375, 1104.7901611328125]",1
frame_0058.png,production,bench,ALL_GROUP,bench. metal bench. waiting bench.,0.34,0.34,1,0.3463,"[1.1315059661865234, 958.5338134765625, 187.34730529785156, 1069.0380859375]",1
frame_0058.png,production,cardboard box+plant pot+shoes,ALL_GROUP,cardboard box. brown cardboard box. cardboard package. plant pot. potted plant. flower pot. indoor plant pot. shoes. pair of shoes. footwear. black shoes.,0.3,0.3,13,0.4881,"[1851.6199951171875, 1371.772705078125, 2044.3658447265625, 1684.86474609375]",1
frame_0058.png,production,trash bin+vacuum cleaner,ALL_GROUP,trash bin. trash can. waste bin. recycling bin. row of trash bins. vacuum cleaner. upright vacuum cleaner. cordless vacuum. floor cleaner.,0.25,0.25,0,0.0,,0
frame_0058.png,production,large power bank,ALL_GROUP,large power bank. portable power station. battery pack. power bank.,0.28,0.28,0,0.0,,0
frame_0058.png,production,door,ALL_GROUP,door. doors. dark door. elevator sliding door. sliding door.,0.26,0.26,5,0.3634,"[214.09951782226562, 436.804931640625, 591.5774536132812, 1061.9923095703125]",1
frame_0058.png,production,electric vehicle,ALL_GROUP,electric vehicle. small electric vehicle. mobility scooter. scooter.,0.28,0.28,0,0.0,,0
frame_0058.png,extras,bench,bench,bench.,0.2,0.2,3,0.3532,"[0.8096623420715332, 962.8089599609375, 183.42674255371094, 1066.3544921875]",1
frame_0058.png,extras,bench,metal bench,metal bench.,0.2,0.2,2,0.388,"[2.061309814453125, 956.3333740234375, 187.9537353515625, 1069.415771484375]",1
frame_0058.png,extras,bench,waiting bench,waiting bench.,0.2,0.2,3,0.4185,"[0.8382439613342285, 958.4752197265625, 187.71263122558594, 1069.470947265625]",1
frame_0058.png,extras,bench,long bench,long bench.,0.2,0.2,4,0.316,"[1.254361867904663, 958.3505249023438, 186.6516571044922, 1068.82421875]",1
frame_0058.png,extras,bench,indoor bench,indoor bench.,0.2,0.2,3,0.2936,"[1.9233691692352295, 958.4998779296875, 186.45640563964844, 1067.533935546875]",1
frame_0058.png,extras,cardboard box,cardboard box,cardboard box.,0.2,0.2,1,0.3081,"[962.648193359375, 421.7833251953125, 1231.562255859375, 1059.739501953125]",1
frame_0058.png,extras,cardboard box,brown cardboard box,brown cardboard box.,0.2,0.2,1,0.6415,"[958.4928588867188, 418.798828125, 1236.7987060546875, 1067.080078125]",1
frame_0058.png,extras,cardboard box,shipping box,shipping box.,0.2,0.2,1,0.2251,"[964.2112426757812, 418.6998291015625, 1229.9901123046875, 1055.8531494140625]",1
frame_0058.png,extras,cardboard box,package box,package box.,0.2,0.2,0,0.0,,0
frame_0058.png,extras,cardboard box,stacked box,stacked box.,0.2,0.2,1,0.2812,"[962.7669677734375, 421.9131774902344, 1230.6318359375, 1058.0582275390625]",1
frame_0058.png,extras,cardboard box,box,box.,0.2,0.2,0,0.0,,0
frame_0058.png,extras,chair,chair,chair.,0.2,0.2,4,0.4972,"[962.1004028320312, 831.0155029296875, 1138.063720703125, 1103.4580078125]",1
frame_0058.png,extras,chair,armless chair,armless chair.,0.2,0.2,2,0.5624,"[713.0314331054688, 811.6632080078125, 973.8921508789062, 1128.0673828125]",1
frame_0058.png,extras,chair,office chair,office chair.,0.2,0.2,4,0.5884,"[960.5086669921875, 828.990478515625, 1140.1883544921875, 1103.1893310546875]",1
frame_0058.png,extras,chair,swivel chair,swivel chair.,0.2,0.2,2,0.5445,"[712.7409057617188, 811.0624389648438, 974.2258911132812, 1129.83154296875]",1
frame_0058.png,extras,chair,rolling chair,rolling chair.,0.2,0.2,3,0.558,"[714.1768188476562, 812.2659301757812, 973.7960815429688, 1127.90283203125]",1
frame_0058.png,extras,chair,stool chair,stool chair.,0.2,0.2,5,0.536,"[966.092041015625, 829.9825439453125, 1139.3798828125, 1102.1060791015625]",1
frame_0058.png,extras,door,door,door.,0.2,0.2,5,0.3362,"[568.6210327148438, 445.1194152832031, 683.8275146484375, 1049.5390625]",1
frame_0058.png,extras,door,dark door surface,dark door surface.,0.2,0.2,1,0.469,"[569.0502319335938, 401.4862365722656, 986.5149536132812, 1056.6781005859375]",1
frame_0058.png,extras,door,wooden door,wooden door.,0.2,0.2,3,0.4474,"[211.7895050048828, 433.7896423339844, 592.668212890625, 1061.3291015625]",1
frame_0058.png,extras,door,closed door,closed door.,0.2,0.2,4,0.481,"[212.83480834960938, 434.28076171875, 592.3287963867188, 1061.6102294921875]",1
frame_0058.png,extras,door,interior door,interior door.,0.2,0.2,8,0.4351,"[214.73751831054688, 434.9361877441406, 591.2606201171875, 1060.6278076171875]",1
frame_0058.png,extras,electric vehicle,electric vehicle,electric vehicle.,0.2,0.2,3,0.3066,"[3.9852046966552734, -1.2578701972961426, 2877.2744140625, 1857.3885498046875]",1
frame_0058.png,extras,electric vehicle,small electric vehicle,small electric vehicle.,0.2,0.2,1,0.6302,"[1140.093994140625, 1645.96630859375, 1696.607177734375, 1855.1680908203125]",1
frame_0058.png,extras,electric vehicle,electric cart,electric cart.,0.2,0.2,0,0.0,,0
frame_0058.png,extras,electric vehicle,small electric cart,small electric cart.,0.2,0.2,3,0.5138,"[592.750732421875, 828.41162109375, 796.2970581054688, 1142.7596435546875]",1
frame_0058.png,extras,electric vehicle,compact electric car,compact electric car.,0.2,0.2,3,0.3481,"[8.281116485595703, 2.315241813659668, 2872.87939453125, 1851.434814453125]",1
frame_0058.png,extras,electric vehicle,indoor electric vehicle,indoor electric vehicle.,0.2,0.2,6,0.5806,"[5.316267013549805, 3.2191765308380127, 2873.218994140625, 1852.5567626953125]",1
frame_0058.png,extras,electric vehicle,robot platform,robot platform.,0.2,0.2,2,0.4182,"[592.0524291992188, 817.0737915039062, 1145.9417724609375, 1139.52685546875]",1
frame_0058.png,extras,large power bank,large power bank,large power bank.,0.18,0.18,8,0.3146,"[1260.437255859375, 2.087193012237549, 2873.9306640625, 1393.28271484375]",1
frame_0058.png,extras,large power bank,portable power bank battery,portable power bank battery.,0.18,0.18,4,0.3462,"[960.1095581054688, 422.77001953125, 1231.7745361328125, 1062.2711181640625]",1
frame_0058.png,extras,large power bank,power bank,power bank.,0.18,0.18,6,0.2758,"[1146.936279296875, 1654.888916015625, 1695.29345703125, 1857.22998046875]",1
frame_0058.png,extras,large power bank,battery pack,battery pack.,0.18,0.18,0,0.0,,0
frame_0058.png,extras,large power bank,large battery,large battery.,0.18,0.18,3,0.3546,"[962.0044555664062, 423.78436279296875, 1231.9378662109375, 1059.6302490234375]",1
frame_0058.png,extras,large power bank,portable battery,portable battery.,0.18,0.18,3,0.3036,"[594.4102172851562, 832.320068359375, 782.7694702148438, 1133.4461669921875]",1
frame_0058.png,extras,large power bank,rectangular battery box,rectangular battery box.,0.18,0.18,2,0.366,"[961.292724609375, 421.7995910644531, 1231.929931640625, 1059.564453125]",1
frame_0058.png,extras,meeting table set,meeting table set,meeting table set.,0.2,0.2,2,0.6434,"[588.8656616210938, 808.1917724609375, 1149.4227294921875, 1142.0738525390625]",1
frame_0058.png,extras,meeting table set,large meeting table,large meeting table.,0.2,0.2,1,0.8403,"[588.6074829101562, 814.1530151367188, 1149.5875244140625, 1138.93603515625]",1
frame_0058.png,extras,meeting table set,conference table,conference table.,0.2,0.2,1,0.7879,"[592.7864990234375, 824.0529174804688, 1144.2220458984375, 1134.779296875]",1
frame_0058.png,extras,meeting table set,long table with chairs,long table with chairs.,0.2,0.2,3,0.7553,"[590.1143798828125, 806.5031127929688, 1151.8466796875, 1140.018798828125]",1
frame_0058.png,extras,meeting table set,office meeting table,office meeting table.,0.2,0.2,1,0.7908,"[591.0481567382812, 820.120361328125, 1145.9053955078125, 1136.923583984375]",1
frame_0058.png,extras,meeting table set,long rectangular table,long rectangular table.,0.2,0.2,1,0.7915,"[591.0374145507812, 823.0210571289062, 1147.274169921875, 1135.0693359375]",1
frame_0058.png,extras,plant pot,plant pot,plant pot.,0.2,0.2,0,0.0,,0
frame_0058.png,extras,plant pot,potted plant in plastic pot,potted plant in plastic pot.,0.2,0.2,0,0.0,,0
frame_0058.png,extras,plant pot,potted plant,potted plant.,0.2,0.2,0,0.0,,0
frame_0058.png,extras,plant pot,indoor potted plant,indoor potted plant.,0.2,0.2,0,0.0,,0
frame_0058.png,extras,plant pot,flower pot,flower pot.,0.2,0.2,0,0.0,,0
frame_0058.png,extras,plant pot,plastic plant pot,plastic plant pot.,0.2,0.2,0,0.0,,0
frame_0058.png,extras,shoes,shoes,shoes.,0.18,0.18,5,0.7196,"[1513.8243408203125, 1343.1695556640625, 1705.6710205078125, 1603.4739990234375]",1
frame_0058.png,extras,shoes,pair of indoor shoes,pair of indoor shoes.,0.18,0.18,4,0.6693,"[1391.1768798828125, 1307.6724853515625, 2055.384521484375, 1693.041748046875]",1
frame_0058.png,extras,shoes,indoor shoes,indoor shoes.,0.18,0.18,5,0.6899,"[1687.0689697265625, 1353.6402587890625, 1883.815185546875, 1631.2965087890625]",1
frame_0058.png,extras,shoes,pair of shoes,pair of shoes.,0.18,0.18,10,0.6295,"[1390.927978515625, 1306.6396484375, 2056.009033203125, 1692.302734375]",1
frame_0058.png,extras,shoes,sneakers,sneakers.,0.18,0.18,5,0.5458,"[1855.998291015625, 1377.610107421875, 2038.272216796875, 1678.85107421875]",1
frame_0058.png,extras,shoes,slippers,slippers.,0.18,0.18,4,0.3174,"[1514.726806640625, 1342.9083251953125, 1705.039794921875, 1601.6307373046875]",1
frame_0058.png,extras,shoes,shoe pair on floor,shoe pair on floor.,0.18,0.18,5,0.4577,"[1386.6300048828125, 1299.639404296875, 2061.22509765625, 1695.1156005859375]",1
frame_0058.png,extras,trash bin,trash bin,trash bin.,0.2,0.2,0,0.0,,0
frame_0058.png,extras,trash bin,indoor trash bin,indoor trash bin.,0.2,0.2,2,0.251,"[134.38906860351562, 961.0928955078125, 187.4807891845703, 1063.6912841796875]",1
frame_0058.png,extras,trash bin,garbage bin,garbage bin.,0.2,0.2,0,0.0,,0
frame_0058.png,extras,trash bin,waste bin,waste bin.,0.2,0.2,0,0.0,,0
frame_0058.png,extras,trash bin,recycling bin,recycling bin.,0.2,0.2,0,0.0,,0
frame_0058.png,extras,trash bin,small trash can,small trash can.,0.2,0.2,3,0.4595,"[129.69586181640625, 957.019287109375, 191.22850036621094, 1066.38525390625]",1
frame_0058.png,extras,vacuum cleaner,vacuum cleaner,vacuum cleaner.,0.2,0.2,0,0.0,,0
frame_0058.png,extras,vacuum cleaner,upright vacuum cleaner,upright vacuum cleaner.,0.2,0.2,2,0.2527,"[1142.958984375, 1651.4306640625, 1697.68701171875, 1855.2144775390625]",1
frame_0058.png,extras,vacuum cleaner,stick vacuum,stick vacuum.,0.2,0.2,0,0.0,,0
frame_0058.png,extras,vacuum cleaner,household vacuum,household vacuum.,0.2,0.2,1,0.2025,"[592.933837890625, 816.9009399414062, 1144.19873046875, 1138.416748046875]",1
frame_0058.png,extras,vacuum cleaner,robot vacuum,robot vacuum.,0.2,0.2,0,0.0,,0
frame_0058.png,extras,vacuum cleaner,cordless vacuum cleaner,cordless vacuum cleaner.,0.2,0.2,3,0.3706,"[1143.380859375, 1651.9639892578125, 1696.2962646484375, 1856.2928466796875]",1
frame_0059.png,production,meeting table set,ALL_GROUP,meeting table. conference table. table with chairs. meeting table set.,0.32,0.32,3,0.4243,"[626.0728759765625, 794.5239868164062, 1184.123779296875, 1142.1976318359375]",1
frame_0059.png,production,chair,ALL_GROUP,chair. chairs. armless chair.,0.36,0.36,4,0.4748,"[741.2294311523438, 812.7454833984375, 999.6577758789062, 1131.9803466796875]",1
frame_0059.png,production,bench,ALL_GROUP,bench. metal bench. waiting bench.,0.34,0.34,1,0.3897,"[2.2417795658111572, 958.3143920898438, 223.1299591064453, 1066.619873046875]",1
frame_0059.png,production,cardboard box+plant pot+shoes,ALL_GROUP,cardboard box. brown cardboard box. cardboard package. plant pot. potted plant. flower pot. indoor plant pot. shoes. pair of shoes. footwear. black shoes.,0.3,0.3,13,0.4822,"[1536.683837890625, 1332.6995849609375, 1734.12255859375, 1605.7000732421875]",1
frame_0059.png,production,trash bin+vacuum cleaner,ALL_GROUP,trash bin. trash can. waste bin. recycling bin. row of trash bins. vacuum cleaner. upright vacuum cleaner. cordless vacuum. floor cleaner.,0.25,0.25,0,0.0,,0
frame_0059.png,production,large power bank,ALL_GROUP,large power bank. portable power station. battery pack. power bank.,0.28,0.28,0,0.0,,0
frame_0059.png,production,door,ALL_GROUP,door. doors. dark door. elevator sliding door. sliding door.,0.26,0.26,4,0.3937,"[253.11285400390625, 444.8167724609375, 628.68115234375, 1059.2127685546875]",1
frame_0059.png,production,electric vehicle,ALL_GROUP,electric vehicle. small electric vehicle. mobility scooter. scooter.,0.28,0.28,0,0.0,,0
frame_0059.png,extras,bench,bench,bench.,0.2,0.2,2,0.385,"[1.3142502307891846, 962.9613647460938, 219.40670776367188, 1063.23291015625]",1
frame_0059.png,extras,bench,metal bench,metal bench.,0.2,0.2,3,0.3742,"[2.5032520294189453, 956.8941040039062, 223.2078094482422, 1066.898681640625]",1
frame_0059.png,extras,bench,waiting bench,waiting bench.,0.2,0.2,4,0.3727,"[1.6118896007537842, 958.6517333984375, 223.3849639892578, 1066.9307861328125]",1
frame_0059.png,extras,bench,long bench,long bench.,0.2,0.2,2,0.4519,"[1.72684907913208, 957.8173828125, 222.07421875, 1066.502197265625]",1
frame_0059.png,extras,bench,indoor bench,indoor bench.,0.2,0.2,2,0.3671,"[2.2055375576019287, 959.1636352539062, 221.90211486816406, 1065.1490478515625]",1
frame_0059.png,extras,cardboard box,cardboard box,cardboard box.,0.2,0.2,1,0.2725,"[996.4274291992188, 428.9955749511719, 1260.1710205078125, 1055.897216796875]",1
frame_0059.png,extras,cardboard box,brown cardboard box,brown cardboard box.,0.2,0.2,1,0.6026,"[992.8790893554688, 425.8944396972656, 1264.5533447265625, 1060.0963134765625]",1
frame_0059.png,extras,cardboard box,shipping box,shipping box.,0.2,0.2,1,0.217,"[998.3424682617188, 430.25360107421875, 1258.573974609375, 1054.2608642578125]",1
frame_0059.png,extras,cardboard box,package box,package box.,0.2,0.2,0,0.0,,0
frame_0059.png,extras,cardboard box,stacked box,stacked box.,0.2,0.2,1,0.2364,"[996.8565673828125, 429.94146728515625, 1259.2703857421875, 1056.008544921875]",1
frame_0059.png,extras,cardboard box,box,box.,0.2,0.2,0,0.0,,0
frame_0059.png,extras,chair,chair,chair.,0.2,0.2,3,0.5542,"[741.9901733398438, 814.793212890625, 996.9970703125, 1133.1710205078125]",1
frame_0059.png,extras,chair,armless chair,armless chair.,0.2,0.2,2,0.5912,"[742.7738647460938, 812.15283203125, 999.665283203125, 1132.111572265625]",1
frame_0059.png,extras,chair,office chair,office chair.,0.2,0.2,3,0.6393,"[740.3970336914062, 813.4214477539062, 999.3656005859375, 1132.456787109375]",1
frame_0059.png,extras,chair,swivel chair,swivel chair.,0.2,0.2,2,0.5772,"[742.5403442382812, 811.4635620117188, 1000.1740112304688, 1133.071044921875]",1
frame_0059.png,extras,chair,rolling chair,rolling chair.,0.2,0.2,2,0.6344,"[744.1566772460938, 812.4205322265625, 999.5874633789062, 1131.840576171875]",1
frame_0059.png,extras,chair,stool chair,stool chair.,0.2,0.2,4,0.5987,"[742.8568725585938, 814.0570678710938, 998.492919921875, 1131.4776611328125]",1
frame_0059.png,extras,door,door,door.,0.2,0.2,4,0.3303,"[602.0161743164062, 448.4643859863281, 722.9387817382812, 1050.219482421875]",1
frame_0059.png,extras,door,dark door surface,dark door surface.,0.2,0.2,3,0.4637,"[599.4149780273438, 405.2799377441406, 1018.5836791992188, 1056.02001953125]",1
frame_0059.png,extras,door,wooden door,wooden door.,0.2,0.2,3,0.4491,"[251.35609436035156, 443.55718994140625, 629.4049072265625, 1058.38037109375]",1
frame_0059.png,extras,door,closed door,closed door.,0.2,0.2,6,0.4574,"[252.31640625, 443.68817138671875, 629.5740966796875, 1058.538818359375]",1
frame_0059.png,extras,door,interior door,interior door.,0.2,0.2,8,0.3972,"[253.49024963378906, 443.7645263671875, 627.58642578125, 1057.7572021484375]",1
frame_0059.png,extras,electric vehicle,electric vehicle,electric vehicle.,0.2,0.2,3,0.2675,"[1147.34033203125, 1655.8612060546875, 1696.7745361328125, 1857.3778076171875]",1
frame_0059.png,extras,electric vehicle,small electric vehicle,small electric vehicle.,0.2,0.2,1,0.6099,"[1142.0806884765625, 1647.251708984375, 1697.942138671875, 1855.3355712890625]",1
frame_0059.png,extras,electric vehicle,electric cart,electric cart.,0.2,0.2,0,0.0,,0
frame_0059.png,extras,electric vehicle,small electric cart,small electric cart.,0.2,0.2,3,0.5949,"[633.5167236328125, 832.8563232421875, 824.4656372070312, 1139.349853515625]",1
frame_0059.png,extras,electric vehicle,compact electric car,compact electric car.,0.2,0.2,3,0.3749,"[1145.09912109375, 1653.1549072265625, 1697.8529052734375, 1855.04638671875]",1
frame_0059.png,extras,electric vehicle,indoor electric vehicle,indoor electric vehicle.,0.2,0.2,6,0.5375,"[6.243753433227539, 3.4988880157470703, 2872.8447265625, 1852.1890869140625]",1
frame_0059.png,extras,electric vehicle,robot platform,robot platform.,0.2,0.2,3,0.4421,"[629.9873657226562, 818.6083374023438, 1173.3760986328125, 1137.103515625]",1
frame_0059.png,extras,large power bank,large power bank,large power bank.,0.18,0.18,8,0.3211,"[1301.5576171875, 1.6804862022399902, 2873.534423828125, 1389.467041015625]",1
frame_0059.png,extras,large power bank,portable power bank battery,portable power bank battery.,0.18,0.18,5,0.4092,"[175.43759155273438, 961.4608154296875, 223.2500457763672, 1061.8060302734375]",1
frame_0059.png,extras,large power bank,power bank,power bank.,0.18,0.18,7,0.276,"[1148.4876708984375, 1655.995849609375, 1696.2171630859375, 1857.19482421875]",1
frame_0059.png,extras,large power bank,battery pack,battery pack.,0.18,0.18,0,0.0,,0
frame_0059.png,extras,large power bank,large battery,large battery.,0.18,0.18,5,0.2877,"[996.6113891601562, 430.5509033203125, 1259.8101806640625, 1056.2838134765625]",1
frame_0059.png,extras,large power bank,portable battery,portable battery.,0.18,0.18,3,0.3514,"[176.2418975830078, 961.7478637695312, 222.861572265625, 1061.3502197265625]",1
frame_0059.png,extras,large power bank,rectangular battery box,rectangular battery box.,0.18,0.18,3,0.291,"[1003.3075561523438, 594.1795043945312, 1108.3671875, 742.6314086914062]",1
frame_0059.png,extras,meeting table set,meeting table set,meeting table set.,0.2,0.2,2,0.6304,"[627.0283203125, 811.24169921875, 1175.7772216796875, 1138.4302978515625]",1
frame_0059.png,extras,meeting table set,large meeting table,large meeting table.,0.2,0.2,1,0.8211,"[626.1865234375, 816.30322265625, 1176.863037109375, 1137.0062255859375]",1
frame_0059.png,extras,meeting table set,conference table,conference table.,0.2,0.2,1,0.7615,"[630.545654296875, 826.0076293945312, 1171.58251953125, 1133.7705078125]",1
frame_0059.png,extras,meeting table set,long table with chairs,long table with chairs.,0.2,0.2,2,0.7528,"[628.5076904296875, 808.4544677734375, 1177.7374267578125, 1137.57568359375]",1
frame_0059.png,extras,meeting table set,office meeting table,office meeting table.,0.2,0.2,1,0.7726,"[628.994384765625, 821.9110107421875, 1172.7879638671875, 1135.365234375]",1
frame_0059.png,extras,meeting table set,long rectangular table,long rectangular table.,0.2,0.2,1,0.7508,"[628.85107421875, 825.071044921875, 1173.85205078125, 1134.20556640625]",1
frame_0059.png,extras,plant pot,plant pot,plant pot.,0.2,0.2,0,0.0,,0
frame_0059.png,extras,plant pot,potted plant in plastic pot,potted plant in plastic pot.,0.2,0.2,0,0.0,,0
frame_0059.png,extras,plant pot,potted plant,potted plant.,0.2,0.2,0,0.0,,0
frame_0059.png,extras,plant pot,indoor potted plant,indoor potted plant.,0.2,0.2,0,0.0,,0
frame_0059.png,extras,plant pot,flower pot,flower pot.,0.2,0.2,0,0.0,,0
frame_0059.png,extras,plant pot,plastic plant pot,plastic plant pot.,0.2,0.2,0,0.0,,0
frame_0059.png,extras,shoes,shoes,shoes.,0.18,0.18,5,0.7321,"[1429.761474609375, 1319.4146728515625, 1630.0, 1551.93798828125]",1
frame_0059.png,extras,shoes,pair of indoor shoes,pair of indoor shoes.,0.18,0.18,4,0.6658,"[1418.155517578125, 1307.2271728515625, 2078.3427734375, 1693.3428955078125]",1
frame_0059.png,extras,shoes,indoor shoes,indoor shoes.,0.18,0.18,5,0.6974,"[1429.42138671875, 1318.30078125, 1631.177734375, 1553.7093505859375]",1
frame_0059.png,extras,shoes,pair of shoes,pair of shoes.,0.18,0.18,10,0.6227,"[1418.6505126953125, 1307.22314453125, 2078.283935546875, 1692.41455078125]",1
frame_0059.png,extras,shoes,sneakers,sneakers.,0.18,0.18,5,0.5744,"[1879.0123291015625, 1377.626708984375, 2061.088134765625, 1680.1796875]",1
frame_0059.png,extras,shoes,slippers,slippers.,0.18,0.18,4,0.2957,"[1430.353759765625, 1320.0419921875, 1631.0560302734375, 1551.0404052734375]",1
frame_0059.png,extras,shoes,shoe pair on floor,shoe pair on floor.,0.18,0.18,5,0.4512,"[1413.416015625, 1299.774169921875, 2084.731201171875, 1695.7265625]",1
frame_0059.png,extras,trash bin,trash bin,trash bin.,0.2,0.2,0,0.0,,0
frame_0059.png,extras,trash bin,indoor trash bin,indoor trash bin.,0.2,0.2,1,0.3308,"[175.30111694335938, 960.9317016601562, 223.9901580810547, 1061.7557373046875]",1
frame_0059.png,extras,trash bin,garbage bin,garbage bin.,0.2,0.2,1,0.2246,"[177.05836486816406, 962.7837524414062, 222.5714569091797, 1060.855712890625]",1
frame_0059.png,extras,trash bin,waste bin,waste bin.,0.2,0.2,1,0.2326,"[176.8140869140625, 962.7321166992188, 222.74586486816406, 1061.1395263671875]",1
frame_0059.png,extras,trash bin,recycling bin,recycling bin.,0.2,0.2,0,0.0,,0
frame_0059.png,extras,trash bin,small trash can,small trash can.,0.2,0.2,1,0.5144,"[171.6843719482422, 957.1575317382812, 227.54808044433594, 1064.011962890625]",1
frame_0059.png,extras,vacuum cleaner,vacuum cleaner,vacuum cleaner.,0.2,0.2,0,0.0,,0
frame_0059.png,extras,vacuum cleaner,upright vacuum cleaner,upright vacuum cleaner.,0.2,0.2,3,0.3386,"[638.0248413085938, 838.0084838867188, 818.9172973632812, 1136.5208740234375]",1
frame_0059.png,extras,vacuum cleaner,stick vacuum,stick vacuum.,0.2,0.2,0,0.0,,0
frame_0059.png,extras,vacuum cleaner,household vacuum,household vacuum.,0.2,0.2,2,0.2333,"[631.9561767578125, 833.4542236328125, 819.1477661132812, 1135.215576171875]",1
frame_0059.png,extras,vacuum cleaner,robot vacuum,robot vacuum.,0.2,0.2,0,0.0,,0
frame_0059.png,extras,vacuum cleaner,cordless vacuum cleaner,cordless vacuum cleaner.,0.2,0.2,4,0.3469,"[636.7416381835938, 840.0736083984375, 818.2138061523438, 1135.9952392578125]",1
frame_0060.png,production,meeting table set,ALL_GROUP,meeting table. conference table. table with chairs. meeting table set.,0.32,0.32,3,0.4603,"[598.4156494140625, 787.1732177734375, 1177.8802490234375, 1150.33251953125]",1
frame_0060.png,production,chair,ALL_GROUP,chair. chairs. armless chair.,0.36,0.36,4,0.4432,"[721.2546997070312, 810.3133544921875, 985.3062744140625, 1134.9002685546875]",1
frame_0060.png,production,bench,ALL_GROUP,bench. metal bench. waiting bench.,0.34,0.34,1,0.3499,"[708.1689453125, 810.796630859375, 989.904541015625, 1137.828857421875]",1
frame_0060.png,production,cardboard box+plant pot+shoes,ALL_GROUP,cardboard box. brown cardboard box. cardboard package. plant pot. potted plant. flower pot. indoor plant pot. shoes. pair of shoes. footwear. black shoes.,0.3,0.3,13,0.4889,"[1553.000244140625, 1374.891357421875, 1772.3707275390625, 1706.7958984375]",1
frame_0060.png,production,trash bin+vacuum cleaner,ALL_GROUP,trash bin. trash can. waste bin. recycling bin. row of trash bins. vacuum cleaner. upright vacuum cleaner. cordless vacuum. floor cleaner.,0.25,0.25,0,0.0,,0
frame_0060.png,production,large power bank,ALL_GROUP,large power bank. portable power station. battery pack. power bank.,0.28,0.28,0,0.0,,0
frame_0060.png,production,door,ALL_GROUP,door. doors. dark door. elevator sliding door. sliding door.,0.26,0.26,6,0.3528,"[232.1978302001953, 438.1654357910156, 616.532470703125, 1061.2109375]",1
frame_0060.png,production,electric vehicle,ALL_GROUP,electric vehicle. small electric vehicle. mobility scooter. scooter.,0.28,0.28,0,0.0,,0
frame_0060.png,extras,bench,bench,bench.,0.2,0.2,3,0.274,"[1.1470842361450195, 964.1387939453125, 200.4335174560547, 1066.8712158203125]",1
frame_0060.png,extras,bench,metal bench,metal bench.,0.2,0.2,4,0.3962,"[604.549072265625, 817.4921264648438, 1167.108154296875, 1140.567626953125]",1
frame_0060.png,extras,bench,waiting bench,waiting bench.,0.2,0.2,4,0.3999,"[606.1655883789062, 818.083251953125, 1165.71337890625, 1141.710205078125]",1
frame_0060.png,extras,bench,long bench,long bench.,0.2,0.2,4,0.3025,"[1.9947481155395508, 1738.0799560546875, 439.2041320800781, 1854.589111328125]",1
frame_0060.png,extras,bench,indoor bench,indoor bench.,0.2,0.2,3,0.2703,"[2.0140814781188965, 1738.6282958984375, 439.0699768066406, 1855.0184326171875]",1
frame_0060.png,extras,cardboard box,cardboard box,cardboard box.,0.2,0.2,1,0.287,"[984.9061889648438, 421.1723327636719, 1255.1611328125, 1060.8505859375]",1
frame_0060.png,extras,cardboard box,brown cardboard box,brown cardboard box.,0.2,0.2,1,0.6158,"[980.6243896484375, 417.2864685058594, 1259.3023681640625, 1065.119140625]",1
frame_0060.png,extras,cardboard box,shipping box,shipping box.,0.2,0.2,1,0.2246,"[986.7739868164062, 422.3052673339844, 1253.445068359375, 1057.9554443359375]",1
frame_0060.png,extras,cardboard box,package box,package box.,0.2,0.2,0,0.0,,0
frame_0060.png,extras,cardboard box,stacked box,stacked box.,0.2,0.2,1,0.2568,"[985.35107421875, 421.6661071777344, 1253.8131103515625, 1060.579345703125]",1
frame_0060.png,extras,cardboard box,box,box.,0.2,0.2,0,0.0,,0
frame_0060.png,extras,chair,chair,chair.,0.2,0.2,5,0.441,"[984.1818237304688, 830.4072875976562, 1155.6593017578125, 1099.3460693359375]",1
frame_0060.png,extras,chair,armless chair,armless chair.,0.2,0.2,2,0.5681,"[725.3878784179688, 808.6787719726562, 986.9851684570312, 1136.392578125]",1
frame_0060.png,extras,chair,office chair,office chair.,0.2,0.2,5,0.5673,"[977.1278076171875, 828.2025146484375, 1158.902099609375, 1100.0765380859375]",1
frame_0060.png,extras,chair,swivel chair,swivel chair.,0.2,0.2,2,0.5633,"[727.0570068359375, 807.9996337890625, 987.078125, 1137.3543701171875]",1
frame_0060.png,extras,chair,rolling chair,rolling chair.,0.2,0.2,3,0.5517,"[983.4004516601562, 827.6158447265625, 1158.68505859375, 1099.4298095703125]",1
frame_0060.png,extras,chair,stool chair,stool chair.,0.2,0.2,7,0.5126,"[981.8988037109375, 829.158203125, 1157.1522216796875, 1099.399169921875]",1
frame_0060.png,extras,door,door,door.,0.2,0.2,4,0.3303,"[233.1777801513672, 438.0854797363281, 616.054931640625, 1059.340576171875]",1
frame_0060.png,extras,door,dark door surface,dark door surface.,0.2,0.2,3,0.4529,"[589.4833374023438, 394.7625732421875, 1007.5918579101562, 1061.4588623046875]",1
frame_0060.png,extras,door,wooden door,wooden door.,0.2,0.2,4,0.4511,"[229.8107452392578, 436.201904296875, 617.560302734375, 1060.567626953125]",1
frame_0060.png,extras,door,closed door,closed door.,0.2,0.2,6,0.4625,"[230.6378173828125, 436.2608337402344, 617.54833984375, 1060.9512939453125]",1
frame_0060.png,extras,door,interior door,interior door.,0.2,0.2,8,0.4029,"[232.26390075683594, 436.7411193847656, 615.9410400390625, 1059.8468017578125]",1
frame_0060.png,extras,electric vehicle,electric vehicle,electric vehicle.,0.2,0.2,4,0.3087,"[4.655628204345703, -1.7031580209732056, 2876.647216796875, 1857.541259765625]",1
frame_0060.png,extras,electric vehicle,small electric vehicle,small electric vehicle.,0.2,0.2,2,0.5249,"[1145.7713623046875, 1649.99853515625, 1695.780029296875, 1854.8748779296875]",1
frame_0060.png,extras,electric vehicle,electric cart,electric cart.,0.2,0.2,0,0.0,,0
frame_0060.png,extras,electric vehicle,small electric cart,small electric cart.,0.2,0.2,3,0.5204,"[619.7372436523438, 839.8228759765625, 803.5446166992188, 1146.326904296875]",1
frame_0060.png,extras,electric vehicle,compact electric car,compact electric car.,0.2,0.2,4,0.3379,"[8.358621597290039, 1.7991113662719727, 2872.9111328125, 1852.1641845703125]",1
frame_0060.png,extras,electric vehicle,indoor electric vehicle,indoor electric vehicle.,0.2,0.2,4,0.5617,"[5.740442276000977, 3.127713203430176, 2873.3212890625, 1851.77978515625]",1
frame_0060.png,extras,electric vehicle,robot platform,robot platform.,0.2,0.2,2,0.4449,"[603.6277465820312, 814.1948852539062, 1166.609375, 1144.10791015625]",1
frame_0060.png,extras,large power bank,large power bank,large power bank.,0.18,0.18,8,0.3339,"[1297.7178955078125, 1.8743330240249634, 2873.721435546875, 1403.707275390625]",1
frame_0060.png,extras,large power bank,portable power bank battery,portable power bank battery.,0.18,0.18,4,0.4488,"[152.5835723876953, 962.0267944335938, 202.95053100585938, 1064.0943603515625]",1
frame_0060.png,extras,large power bank,power bank,power bank.,0.18,0.18,6,0.2971,"[983.2208251953125, 421.9118957519531, 1253.938720703125, 1059.333984375]",1
frame_0060.png,extras,large power bank,battery pack,battery pack.,0.18,0.18,2,0.1982,"[154.16455078125, 963.8493041992188, 201.2424774169922, 1063.0048828125]",1
frame_0060.png,extras,large power bank,large battery,large battery.,0.18,0.18,3,0.3618,"[984.56298828125, 421.9942626953125, 1255.026123046875, 1060.3590087890625]",1
frame_0060.png,extras,large power bank,portable battery,portable battery.,0.18,0.18,3,0.4026,"[153.5041046142578, 962.55908203125, 202.5589599609375, 1063.791748046875]",1
frame_0060.png,extras,large power bank,rectangular battery box,rectangular battery box.,0.18,0.18,4,0.3036,"[990.0305786132812, 587.85595703125, 1100.28955078125, 736.689453125]",1
frame_0060.png,extras,meeting table set,meeting table set,meeting table set.,0.2,0.2,2,0.641,"[600.2278442382812, 806.9302978515625, 1169.1767578125, 1145.9696044921875]",1
frame_0060.png,extras,meeting table set,large meeting table,large meeting table.,0.2,0.2,1,0.8242,"[599.7819213867188, 812.869873046875, 1169.785888671875, 1142.324462890625]",1
frame_0060.png,extras,meeting table set,conference table,conference table.,0.2,0.2,1,0.7723,"[603.4993286132812, 824.0678100585938, 1164.550048828125, 1137.779296875]",1
frame_0060.png,extras,meeting table set,long table with chairs,long table with chairs.,0.2,0.2,3,0.7496,"[601.6207885742188, 806.5579833984375, 1170.5814208984375, 1143.072265625]",1
frame_0060.png,extras,meeting table set,office meeting table,office meeting table.,0.2,0.2,1,0.7871,"[601.9561767578125, 819.2625122070312, 1166.0673828125, 1140.877685546875]",1
frame_0060.png,extras,meeting table set,long rectangular table,long rectangular table.,0.2,0.2,1,0.7615,"[601.9103393554688, 822.76904296875, 1167.542724609375, 1137.4149169921875]",1
frame_0060.png,extras,plant pot,plant pot,plant pot.,0.2,0.2,0,0.0,,0
frame_0060.png,extras,plant pot,potted plant in plastic pot,potted plant in plastic pot.,0.2,0.2,0,0.0,,0
frame_0060.png,extras,plant pot,potted plant,potted plant.,0.2,0.2,0,0.0,,0
frame_0060.png,extras,plant pot,indoor potted plant,indoor potted plant.,0.2,0.2,0,0.0,,0
frame_0060.png,extras,plant pot,flower pot,flower pot.,0.2,0.2,0,0.0,,0
frame_0060.png,extras,plant pot,plastic plant pot,plastic plant pot.,0.2,0.2,0,0.0,,0
frame_0060.png,extras,shoes,shoes,shoes.,0.18,0.18,5,0.7236,"[1427.897216796875, 1362.485595703125, 1653.2445068359375, 1638.5958251953125]",1
frame_0060.png,extras,shoes,pair of indoor shoes,pair of indoor shoes.,0.18,0.18,4,0.6849,"[1415.7120361328125, 1350.1373291015625, 2163.03369140625, 1806.55419921875]",1
frame_0060.png,extras,shoes,indoor shoes,indoor shoes.,0.18,0.18,5,0.7023,"[1552.765869140625, 1378.89404296875, 1769.4622802734375, 1704.083984375]",1
frame_0060.png,extras,shoes,pair of shoes,pair of shoes.,0.18,0.18,10,0.6263,"[1415.9952392578125, 1349.989013671875, 2162.586669921875, 1805.4307861328125]",1
frame_0060.png,extras,shoes,sneakers,sneakers.,0.18,0.18,6,0.5692,"[1942.5191650390625, 1428.887939453125, 2148.000244140625, 1796.8973388671875]",1
frame_0060.png,extras,shoes,slippers,slippers.,0.18,0.18,4,0.2781,"[1429.380126953125, 1363.0543212890625, 1653.959228515625, 1636.79736328125]",1
frame_0060.png,extras,shoes,shoe pair on floor,shoe pair on floor.,0.18,0.18,4,0.4659,"[1410.548828125, 1342.6241455078125, 2170.828857421875, 1807.537841796875]",1
frame_0060.png,extras,trash bin,trash bin,trash bin.,0.2,0.2,0,0.0,,0
frame_0060.png,extras,trash bin,indoor trash bin,indoor trash bin.,0.2,0.2,1,0.3637,"[153.04598999023438, 961.7888793945312, 203.68869018554688, 1063.9803466796875]",1
frame_0060.png,extras,trash bin,garbage bin,garbage bin.,0.2,0.2,1,0.2527,"[154.61402893066406, 963.74609375, 202.73965454101562, 1063.348388671875]",1
frame_0060.png,extras,trash bin,waste bin,waste bin.,0.2,0.2,1,0.2692,"[154.62680053710938, 963.5867919921875, 202.98858642578125, 1063.5257568359375]",1
frame_0060.png,extras,trash bin,recycling bin,recycling bin.,0.2,0.2,0,0.0,,0
frame_0060.png,extras,trash bin,small trash can,small trash can.,0.2,0.2,1,0.5982,"[148.61102294921875, 957.8914184570312, 206.84693908691406, 1066.4190673828125]",1
frame_0060.png,extras,vacuum cleaner,vacuum cleaner,vacuum cleaner.,0.2,0.2,0,0.0,,0
frame_0060.png,extras,vacuum cleaner,upright vacuum cleaner,upright vacuum cleaner.,0.2,0.2,4,0.2633,"[649.7953491210938, 869.1199340820312, 793.3839721679688, 1142.0291748046875]",1
frame_0060.png,extras,vacuum cleaner,stick vacuum,stick vacuum.,0.2,0.2,0,0.0,,0
frame_0060.png,extras,vacuum cleaner,household vacuum,household vacuum.,0.2,0.2,1,0.226,"[605.92919921875, 810.9083251953125, 1165.2513427734375, 1143.531005859375]",1
frame_0060.png,extras,vacuum cleaner,robot vacuum,robot vacuum.,0.2,0.2,0,0.0,,0
frame_0060.png,extras,vacuum cleaner,cordless vacuum cleaner,cordless vacuum cleaner.,0.2,0.2,4,0.3659,"[609.0787963867188, 808.7772827148438, 1167.1888427734375, 1145.79443359375]",1
frame_0061.png,production,meeting table set,ALL_GROUP,meeting table. conference table. table with chairs. meeting table set.,0.32,0.32,4,0.4334,"[1091.0318603515625, 789.447998046875, 1634.147705078125, 1133.0089111328125]",1
frame_0061.png,production,chair,ALL_GROUP,chair. chairs. armless chair.,0.36,0.36,6,0.4622,"[1416.1456298828125, 819.4354858398438, 1619.23095703125, 1108.6318359375]",1
frame_0061.png,production,bench,ALL_GROUP,bench. metal bench. waiting bench.,0.34,0.34,1,0.4385,"[400.04779052734375, 946.591552734375, 752.662841796875, 1039.8779296875]",1
frame_0061.png,production,cardboard box+plant pot+shoes,ALL_GROUP,cardboard box. brown cardboard box. cardboard package. plant pot. potted plant. flower pot. indoor plant pot. shoes. pair of shoes. footwear. black shoes.,0.3,0.3,8,0.5398,"[2123.0615234375, 1492.275634765625, 2403.7255859375, 1853.8572998046875]",1
frame_0061.png,production,trash bin+vacuum cleaner,ALL_GROUP,trash bin. trash can. waste bin. recycling bin. row of trash bins. vacuum cleaner. upright vacuum cleaner. cordless vacuum. floor cleaner.,0.25,0.25,0,0.0,,0
frame_0061.png,production,large power bank,ALL_GROUP,large power bank. portable power station. battery pack. power bank.,0.28,0.28,0,0.0,,0
frame_0061.png,production,door,ALL_GROUP,door. doors. dark door. elevator sliding door. sliding door.,0.26,0.26,4,0.3579,"[778.9517211914062, 513.9742431640625, 1081.85400390625, 1034.4876708984375]",1
frame_0061.png,production,electric vehicle,ALL_GROUP,electric vehicle. small electric vehicle. mobility scooter. scooter.,0.28,0.28,0,0.0,,0
frame_0061.png,extras,bench,bench,bench.,0.2,0.2,2,0.4205,"[401.443603515625, 950.9443359375, 745.1434326171875, 1036.67578125]",1
frame_0061.png,extras,bench,metal bench,metal bench.,0.2,0.2,2,0.5347,"[399.3410949707031, 943.9873657226562, 753.4694213867188, 1040.2081298828125]",1
frame_0061.png,extras,bench,waiting bench,waiting bench.,0.2,0.2,1,0.5668,"[399.3632507324219, 945.8759155273438, 753.1070556640625, 1040.4361572265625]",1
frame_0061.png,extras,bench,long bench,long bench.,0.2,0.2,1,0.6228,"[400.1654052734375, 946.3038940429688, 748.8325805664062, 1039.7183837890625]",1
frame_0061.png,extras,bench,indoor bench,indoor bench.,0.2,0.2,2,0.4549,"[399.5998840332031, 946.6290283203125, 752.81298828125, 1038.298828125]",1
frame_0061.png,extras,cardboard box,cardboard box,cardboard box.,0.2,0.2,1,0.2392,"[1429.4654541015625, 411.7899475097656, 1703.99267578125, 1059.1875]",1
frame_0061.png,extras,cardboard box,brown cardboard box,brown cardboard box.,0.2,0.2,1,0.5834,"[1424.5909423828125, 408.11669921875, 1708.318115234375, 1063.940185546875]",1
frame_0061.png,extras,cardboard box,shipping box,shipping box.,0.2,0.2,0,0.0,,0
frame_0061.png,extras,cardboard box,package box,package box.,0.2,0.2,0,0.0,,0
frame_0061.png,extras,cardboard box,stacked box,stacked box.,0.2,0.2,1,0.2142,"[1429.5584716796875, 412.54718017578125, 1703.463623046875, 1058.1353759765625]",1
frame_0061.png,extras,cardboard box,box,box.,0.2,0.2,0,0.0,,0
frame_0061.png,extras,chair,chair,chair.,0.2,0.2,6,0.4512,"[1413.1865234375, 822.741455078125, 1616.781005859375, 1107.46337890625]",1
frame_0061.png,extras,chair,armless chair,armless chair.,0.2,0.2,3,0.5073,"[1200.6292724609375, 803.3192138671875, 1448.463623046875, 1127.645751953125]",1
frame_0061.png,extras,chair,office chair,office chair.,0.2,0.2,10,0.583,"[1419.3857421875, 820.2150268554688, 1619.240966796875, 1107.383056640625]",1
frame_0061.png,extras,chair,swivel chair,swivel chair.,0.2,0.2,3,0.5415,"[1200.2767333984375, 803.064453125, 1448.963623046875, 1128.6055908203125]",1
frame_0061.png,extras,chair,rolling chair,rolling chair.,0.2,0.2,5,0.5413,"[1200.525390625, 804.2369384765625, 1447.954833984375, 1127.3658447265625]",1
frame_0061.png,extras,chair,stool chair,stool chair.,0.2,0.2,8,0.5466,"[1420.4501953125, 820.8329467773438, 1618.3671875, 1107.046630859375]",1
frame_0061.png,extras,door,door,door.,0.2,0.2,7,0.2889,"[1071.7130126953125, 463.96893310546875, 1174.947998046875, 1036.4818115234375]",1
frame_0061.png,extras,door,dark door surface,dark door surface.,0.2,0.2,2,0.4831,"[1065.9949951171875, 431.4854431152344, 1449.0657958984375, 1049.06591796875]",1
frame_0061.png,extras,door,wooden door,wooden door.,0.2,0.2,5,0.4078,"[777.5512084960938, 512.3574829101562, 1082.248291015625, 1033.8690185546875]",1
frame_0061.png,extras,door,closed door,closed door.,0.2,0.2,5,0.3938,"[778.3549194335938, 512.7061767578125, 1082.162109375, 1033.7210693359375]",1
frame_0061.png,extras,door,interior door,interior door.,0.2,0.2,7,0.3475,"[1068.940673828125, 480.8991394042969, 1161.2557373046875, 1035.0557861328125]",1
frame_0061.png,extras,electric vehicle,electric vehicle,electric vehicle.,0.2,0.2,0,0.0,,0
frame_0061.png,extras,electric vehicle,small electric vehicle,small electric vehicle.,0.2,0.2,3,0.4838,"[1138.577392578125, 1644.8873291015625, 1700.26220703125, 1855.224609375]",1
frame_0061.png,extras,electric vehicle,electric cart,electric cart.,0.2,0.2,0,0.0,,0
frame_0061.png,extras,electric vehicle,small electric cart,small electric cart.,0.2,0.2,2,0.3676,"[443.5802001953125, 831.07958984375, 534.7506103515625, 1006.6103515625]",1
frame_0061.png,extras,electric vehicle,compact electric car,compact electric car.,0.2,0.2,2,0.4529,"[1141.9254150390625, 1650.7860107421875, 1699.2000732421875, 1855.081787109375]",1
frame_0061.png,extras,electric vehicle,indoor electric vehicle,indoor electric vehicle.,0.2,0.2,5,0.4568,"[6.274566650390625, 5.000272274017334, 2872.505859375, 1851.6624755859375]",1
frame_0061.png,extras,electric vehicle,robot platform,robot platform.,0.2,0.2,5,0.3489,"[1094.228271484375, 816.983642578125, 1626.77978515625, 1128.85205078125]",1
frame_0061.png,extras,large power bank,large power bank,large power bank.,0.18,0.18,7,0.293,"[1769.1864013671875, 3.9753289222717285, 2871.926025390625, 936.3988647460938]",1
frame_0061.png,extras,large power bank,portable power bank battery,portable power bank battery.,0.18,0.18,3,0.3887,"[393.4981384277344, 954.8995361328125, 447.44512939453125, 1040.9354248046875]",1
frame_0061.png,extras,large power bank,power bank,power bank.,0.18,0.18,3,0.2656,"[1145.3165283203125, 1655.4144287109375, 1697.5140380859375, 1857.1346435546875]",1
frame_0061.png,extras,large power bank,battery pack,battery pack.,0.18,0.18,0,0.0,,0
frame_0061.png,extras,large power bank,large battery,large battery.,0.18,0.18,5,0.2342,"[1428.1044921875, 412.3183898925781, 1704.58203125, 1056.906494140625]",1
frame_0061.png,extras,large power bank,portable battery,portable battery.,0.18,0.18,3,0.3077,"[394.8758544921875, 955.7107543945312, 447.26885986328125, 1040.587158203125]",1
frame_0061.png,extras,large power bank,rectangular battery box,rectangular battery box.,0.18,0.18,5,0.2714,"[393.5535888671875, 954.5733642578125, 449.2528991699219, 1040.727783203125]",1
frame_0061.png,extras,meeting table set,meeting table set,meeting table set.,0.2,0.2,3,0.5756,"[1091.5516357421875, 805.432373046875, 1629.1968994140625, 1131.1602783203125]",1
frame_0061.png,extras,meeting table set,large meeting table,large meeting table.,0.2,0.2,3,0.6296,"[1091.684326171875, 813.6377563476562, 1629.0244140625, 1126.11865234375]",1
frame_0061.png,extras,meeting table set,conference table,conference table.,0.2,0.2,6,0.6219,"[1095.1666259765625, 826.2789306640625, 1624.650634765625, 1121.8778076171875]",1
frame_0061.png,extras,meeting table set,long table with chairs,long table with chairs.,0.2,0.2,4,0.5586,"[1093.27880859375, 803.5323486328125, 1630.6488037109375, 1126.95263671875]",1
frame_0061.png,extras,meeting table set,office meeting table,office meeting table.,0.2,0.2,4,0.6509,"[1094.1259765625, 821.0770874023438, 1626.2528076171875, 1124.270263671875]",1
frame_0061.png,extras,meeting table set,long rectangular table,long rectangular table.,0.2,0.2,3,0.5583,"[1093.7991943359375, 822.5718383789062, 1627.1883544921875, 1120.5498046875]",1
frame_0061.png,extras,plant pot,plant pot,plant pot.,0.2,0.2,0,0.0,,0
frame_0061.png,extras,plant pot,potted plant in plastic pot,potted plant in plastic pot.,0.2,0.2,2,0.358,"[450.7514953613281, 824.6895751953125, 519.1376342773438, 956.7334594726562]",1
frame_0061.png,extras,plant pot,potted plant,potted plant.,0.2,0.2,0,0.0,,0
frame_0061.png,extras,plant pot,indoor potted plant,indoor potted plant.,0.2,0.2,0,0.0,,0
frame_0061.png,extras,plant pot,flower pot,flower pot.,0.2,0.2,0,0.0,,0
frame_0061.png,extras,plant pot,plastic plant pot,plastic plant pot.,0.2,0.2,0,0.0,,0
frame_0061.png,extras,shoes,shoes,shoes.,0.18,0.18,8,0.6039,"[2125.779052734375, 1496.9912109375, 2396.829833984375, 1855.40087890625]",1
frame_0061.png,extras,shoes,pair of indoor shoes,pair of indoor shoes.,0.18,0.18,2,0.7505,"[2113.90771484375, 1482.4932861328125, 2574.58447265625, 1849.20849609375]",1
frame_0061.png,extras,shoes,indoor shoes,indoor shoes.,0.18,0.18,6,0.557,"[2125.34716796875, 1495.9261474609375, 2399.25927734375, 1855.677001953125]",1
frame_0061.png,extras,shoes,pair of shoes,pair of shoes.,0.18,0.18,3,0.7668,"[2112.624267578125, 1479.7701416015625, 2576.8154296875, 1849.4493408203125]",1
frame_0061.png,extras,shoes,sneakers,sneakers.,0.18,0.18,8,0.494,"[2127.018798828125, 1497.3614501953125, 2395.817138671875, 1855.3243408203125]",1
frame_0061.png,extras,shoes,slippers,slippers.,0.18,0.18,3,0.3515,"[2643.805908203125, 1587.0810546875, 2841.4228515625, 1682.3798828125]",1
frame_0061.png,extras,shoes,shoe pair on floor,shoe pair on floor.,0.18,0.18,3,0.4636,"[2107.0751953125, 1475.5123291015625, 2861.86181640625, 1846.4293212890625]",1
frame_0061.png,extras,trash bin,trash bin,trash bin.,0.2,0.2,0,0.0,,0
frame_0061.png,extras,trash bin,indoor trash bin,indoor trash bin.,0.2,0.2,1,0.2112,"[393.444091796875, 955.35986328125, 448.40997314453125, 1041.045166015625]",1
frame_0061.png,extras,trash bin,garbage bin,garbage bin.,0.2,0.2,0,0.0,,0
frame_0061.png,extras,trash bin,waste bin,waste bin.,0.2,0.2,0,0.0,,0
frame_0061.png,extras,trash bin,recycling bin,recycling bin.,0.2,0.2,0,0.0,,0
frame_0061.png,extras,trash bin,small trash can,small trash can.,0.2,0.2,2,0.4173,"[710.4944458007812, 945.2540893554688, 760.0626831054688, 1034.9732666015625]",1
frame_0061.png,extras,vacuum cleaner,vacuum cleaner,vacuum cleaner.,0.2,0.2,2,0.2744,"[450.2832946777344, 830.848876953125, 516.4027709960938, 957.2454223632812]",1
frame_0061.png,extras,vacuum cleaner,upright vacuum cleaner,upright vacuum cleaner.,0.2,0.2,2,0.4521,"[449.74200439453125, 828.179443359375, 517.8616943359375, 960.8239135742188]",1
frame_0061.png,extras,vacuum cleaner,stick vacuum,stick vacuum.,0.2,0.2,0,0.0,,0
frame_0061.png,extras,vacuum cleaner,household vacuum,household vacuum.,0.2,0.2,2,0.2675,"[451.58392333984375, 832.3248901367188, 515.9053344726562, 956.26513671875]",1
frame_0061.png,extras,vacuum cleaner,robot vacuum,robot vacuum.,0.2,0.2,2,0.2105,"[450.43133544921875, 831.9134521484375, 516.4043579101562, 957.2839965820312]",1
frame_0061.png,extras,vacuum cleaner,cordless vacuum cleaner,cordless vacuum cleaner.,0.2,0.2,2,0.4119,"[450.3525390625, 830.4658813476562, 516.3387451171875, 960.5267944335938]",1
frame_0062.png,production,meeting table set,ALL_GROUP,meeting table. conference table. table with chairs. meeting table set.,0.32,0.32,5,0.432,"[66.86500549316406, 771.6810302734375, 702.2907104492188, 1173.24169921875]",1
frame_0062.png,production,chair,ALL_GROUP,chair. chairs. armless chair.,0.36,0.36,5,0.446,"[1885.1815185546875, 768.995361328125, 2145.552978515625, 1176.455322265625]",1
frame_0062.png,production,bench,ALL_GROUP,bench. metal bench. waiting bench.,0.34,0.34,1,0.3743,"[769.1194458007812, 944.6154174804688, 1106.0643310546875, 1035.0526123046875]",1
frame_0062.png,production,cardboard box+plant pot+shoes,ALL_GROUP,cardboard box. brown cardboard box. cardboard package. plant pot. potted plant. flower pot. indoor plant pot. shoes. pair of shoes. footwear. black shoes.,0.3,0.3,0,0.0,,0
frame_0062.png,production,trash bin+vacuum cleaner,ALL_GROUP,trash bin. trash can. waste bin. recycling bin. row of trash bins. vacuum cleaner. upright vacuum cleaner. cordless vacuum. floor cleaner.,0.25,0.25,0,0.0,,0
frame_0062.png,production,large power bank,ALL_GROUP,large power bank. portable power station. battery pack. power bank.,0.28,0.28,0,0.0,,0
frame_0062.png,production,door,ALL_GROUP,door. doors. dark door. elevator sliding door. sliding door.,0.26,0.26,3,0.3908,"[1122.8843994140625, 500.7372741699219, 1435.5096435546875, 1036.172607421875]",1
frame_0062.png,production,electric vehicle,ALL_GROUP,electric vehicle. small electric vehicle. mobility scooter. scooter.,0.28,0.28,0,0.0,,0
frame_0062.png,extras,bench,bench,bench.,0.2,0.2,4,0.3724,"[771.6367797851562, 949.5753784179688, 1102.1949462890625, 1031.59130859375]",1
frame_0062.png,extras,bench,metal bench,metal bench.,0.2,0.2,4,0.3701,"[768.8139038085938, 942.0208129882812, 1105.4056396484375, 1035.844970703125]",1
frame_0062.png,extras,bench,waiting bench,waiting bench.,0.2,0.2,3,0.374,"[767.866943359375, 943.7547607421875, 1106.993896484375, 1035.3385009765625]",1
frame_0062.png,extras,bench,long bench,long bench.,0.2,0.2,4,0.4339,"[768.8845825195312, 944.3082885742188, 1103.6170654296875, 1034.278076171875]",1
frame_0062.png,extras,bench,indoor bench,indoor bench.,0.2,0.2,3,0.2731,"[769.6528930664062, 944.668701171875, 1105.62548828125, 1033.58349609375]",1
frame_0062.png,extras,cardboard box,cardboard box,cardboard box.,0.2,0.2,0,0.0,,0
frame_0062.png,extras,cardboard box,brown cardboard box,brown cardboard box.,0.2,0.2,2,0.4615,"[1814.3668212890625, 272.6203918457031, 2201.08251953125, 1089.219482421875]",1
frame_0062.png,extras,cardboard box,shipping box,shipping box.,0.2,0.2,0,0.0,,0
frame_0062.png,extras,cardboard box,package box,package box.,0.2,0.2,0,0.0,,0
frame_0062.png,extras,cardboard box,stacked box,stacked box.,0.2,0.2,0,0.0,,0
frame_0062.png,extras,cardboard box,box,box.,0.2,0.2,0,0.0,,0
frame_0062.png,extras,chair,chair,chair.,0.2,0.2,12,0.3952,"[1884.1485595703125, 771.5364379882812, 2142.2431640625, 1175.2666015625]",1
frame_0062.png,extras,chair,armless chair,armless chair.,0.2,0.2,6,0.4771,"[1579.8251953125, 747.8345336914062, 1920.2740478515625, 1201.738525390625]",1
frame_0062.png,extras,chair,office chair,office chair.,0.2,0.2,14,0.5537,"[1885.964599609375, 769.8660278320312, 2144.122314453125, 1175.789794921875]",1
frame_0062.png,extras,chair,swivel chair,swivel chair.,0.2,0.2,5,0.4801,"[1578.521240234375, 747.4959716796875, 1920.66748046875, 1201.7274169921875]",1
frame_0062.png,extras,chair,rolling chair,rolling chair.,0.2,0.2,12,0.5101,"[1891.0418701171875, 769.0037231445312, 2145.13916015625, 1175.58642578125]",1
frame_0062.png,extras,chair,stool chair,stool chair.,0.2,0.2,18,0.5285,"[1887.5518798828125, 770.5192260742188, 2143.263916015625, 1175.1995849609375]",1
frame_0062.png,extras,door,door,door.,0.2,0.2,6,0.2947,"[955.2046508789062, 614.4577026367188, 1130.1387939453125, 1011.4744262695312]",1
frame_0062.png,extras,door,dark door surface,dark door surface.,0.2,0.2,3,0.44,"[1415.1826171875, 363.9444580078125, 1874.5322265625, 1061.6396484375]",1
frame_0062.png,extras,door,wooden door,wooden door.,0.2,0.2,5,0.3865,"[1122.2752685546875, 499.87933349609375, 1435.1627197265625, 1034.37109375]",1
frame_0062.png,extras,door,closed door,closed door.,0.2,0.2,5,0.4162,"[1123.20703125, 499.7505187988281, 1435.145751953125, 1034.8831787109375]",1
frame_0062.png,extras,door,interior door,interior door.,0.2,0.2,8,0.3656,"[1124.16748046875, 500.98919677734375, 1433.1715087890625, 1033.4853515625]",1
frame_0062.png,extras,electric vehicle,electric vehicle,electric vehicle.,0.2,0.2,0,0.0,,0
frame_0062.png,extras,electric vehicle,small electric vehicle,small electric vehicle.,0.2,0.2,2,0.584,"[1144.8792724609375, 1645.5274658203125, 1697.8377685546875, 1855.75634765625]",1
frame_0062.png,extras,electric vehicle,electric cart,electric cart.,0.2,0.2,0,0.0,,0
frame_0062.png,extras,electric vehicle,small electric cart,small electric cart.,0.2,0.2,4,0.4247,"[834.213623046875, 853.2115478515625, 915.0786743164062, 994.6881713867188]",1
frame_0062.png,extras,electric vehicle,compact electric car,compact electric car.,0.2,0.2,2,0.5303,"[1147.7425537109375, 1650.9178466796875, 1696.493896484375, 1855.621826171875]",1
frame_0062.png,extras,electric vehicle,indoor electric vehicle,indoor electric vehicle.,0.2,0.2,4,0.4526,"[6.70166015625, 5.352489471435547, 2873.280517578125, 1851.5421142578125]",1
frame_0062.png,extras,electric vehicle,robot platform,robot platform.,0.2,0.2,4,0.4148,"[384.7207946777344, 828.359375, 695.6581420898438, 1164.6474609375]",1
frame_0062.png,extras,large power bank,large power bank,large power bank.,0.18,0.18,8,0.2655,"[1808.730224609375, 274.5816955566406, 2202.1640625, 1089.4266357421875]",1
frame_0062.png,extras,large power bank,portable power bank battery,portable power bank battery.,0.18,0.18,4,0.443,"[1064.6043701171875, 945.93798828125, 1107.5263671875, 1031.6009521484375]",1
frame_0062.png,extras,large power bank,power bank,power bank.,0.18,0.18,5,0.264,"[1151.319580078125, 1655.2442626953125, 1695.6265869140625, 1857.238525390625]",1
frame_0062.png,extras,large power bank,battery pack,battery pack.,0.18,0.18,0,0.0,,0
frame_0062.png,extras,large power bank,large battery,large battery.,0.18,0.18,4,0.2622,"[1065.207275390625, 946.3687133789062, 1107.88330078125, 1031.2242431640625]",1
frame_0062.png,extras,large power bank,portable battery,portable battery.,0.18,0.18,4,0.3742,"[1065.7100830078125, 946.9965209960938, 1107.14501953125, 1031.07958984375]",1
frame_0062.png,extras,large power bank,rectangular battery box,rectangular battery box.,0.18,0.18,5,0.2747,"[1064.7442626953125, 945.9015502929688, 1107.457275390625, 1031.0511474609375]",1
frame_0062.png,extras,meeting table set,meeting table set,meeting table set.,0.2,0.2,3,0.5731,"[1442.6624755859375, 752.5023803710938, 2147.552734375, 1201.753662109375]",1
frame_0062.png,extras,meeting table set,large meeting table,large meeting table.,0.2,0.2,2,0.5835,"[1441.343017578125, 767.855224609375, 2146.935546875, 1193.4393310546875]",1
frame_0062.png,extras,meeting table set,conference table,conference table.,0.2,0.2,4,0.6171,"[1446.8408203125, 781.749267578125, 2137.2080078125, 1177.8759765625]",1
frame_0062.png,extras,meeting table set,long table with chairs,long table with chairs.,0.2,0.2,3,0.5175,"[1442.356689453125, 757.6436157226562, 2150.705810546875, 1195.1290283203125]",1
frame_0062.png,extras,meeting table set,office meeting table,office meeting table.,0.2,0.2,4,0.6655,"[1444.964111328125, 776.9464721679688, 2141.16845703125, 1187.881103515625]",1
frame_0062.png,extras,meeting table set,long rectangular table,long rectangular table.,0.2,0.2,3,0.5246,"[1443.5333251953125, 780.2682495117188, 2142.330078125, 1175.5350341796875]",1
frame_0062.png,extras,plant pot,plant pot,plant pot.,0.2,0.2,0,0.0,,0
frame_0062.png,extras,plant pot,potted plant in plastic pot,potted plant in plastic pot.,0.2,0.2,2,0.346,"[840.9515991210938, 832.52099609375, 899.9552001953125, 947.3085327148438]",1
frame_0062.png,extras,plant pot,potted plant,potted plant.,0.2,0.2,0,0.0,,0
frame_0062.png,extras,plant pot,indoor potted plant,indoor potted plant.,0.2,0.2,0,0.0,,0
frame_0062.png,extras,plant pot,flower pot,flower pot.,0.2,0.2,0,0.0,,0
frame_0062.png,extras,plant pot,plastic plant pot,plastic plant pot.,0.2,0.2,0,0.0,,0
frame_0062.png,extras,shoes,shoes,shoes.,0.18,0.18,1,0.2122,"[1152.773193359375, 1657.4798583984375, 1693.3948974609375, 1856.854248046875]",1
frame_0062.png,extras,shoes,pair of indoor shoes,pair of indoor shoes.,0.18,0.18,8,0.2923,"[1145.3447265625, 1645.2281494140625, 1698.83837890625, 1854.8951416015625]",1
frame_0062.png,extras,shoes,indoor shoes,indoor shoes.,0.18,0.18,9,0.362,"[1152.3172607421875, 1655.928466796875, 1694.3504638671875, 1856.8653564453125]",1
frame_0062.png,extras,shoes,pair of shoes,pair of shoes.,0.18,0.18,7,0.296,"[1145.28369140625, 1645.3182373046875, 1698.065185546875, 1855.472412109375]",1
frame_0062.png,extras,shoes,sneakers,sneakers.,0.18,0.18,1,0.2536,"[749.0054321289062, 997.2363891601562, 763.9130249023438, 1005.1357421875]",1
frame_0062.png,extras,shoes,slippers,slippers.,0.18,0.18,0,0.0,,0
frame_0062.png,extras,shoes,shoe pair on floor,shoe pair on floor.,0.18,0.18,5,0.6334,"[9.962711334228516, 972.9347534179688, 2870.166259765625, 1847.3709716796875]",1
frame_0062.png,extras,trash bin,trash bin,trash bin.,0.2,0.2,0,0.0,,0
frame_0062.png,extras,trash bin,indoor trash bin,indoor trash bin.,0.2,0.2,2,0.3642,"[765.7269897460938, 945.568359375, 823.6300659179688, 1032.5980224609375]",1
frame_0062.png,extras,trash bin,garbage bin,garbage bin.,0.2,0.2,2,0.2637,"[767.1235961914062, 948.4542846679688, 822.6531372070312, 1031.7198486328125]",1
frame_0062.png,extras,trash bin,waste bin,waste bin.,0.2,0.2,2,0.297,"[1066.2921142578125, 947.021728515625, 1106.6234130859375, 1030.4981689453125]",1
frame_0062.png,extras,trash bin,recycling bin,recycling bin.,0.2,0.2,0,0.0,,0
frame_0062.png,extras,trash bin,small trash can,small trash can.,0.2,0.2,2,0.4264,"[1059.88427734375, 941.5709228515625, 1111.5889892578125, 1033.844970703125]",1
frame_0062.png,extras,vacuum cleaner,vacuum cleaner,vacuum cleaner.,0.2,0.2,1,0.2007,"[838.321533203125, 838.4813232421875, 909.4708862304688, 999.7386474609375]",1
frame_0062.png,extras,vacuum cleaner,upright vacuum cleaner,upright vacuum cleaner.,0.2,0.2,2,0.4526,"[840.1373901367188, 836.1323852539062, 906.0385131835938, 975.334228515625]",1
frame_0062.png,extras,vacuum cleaner,stick vacuum,stick vacuum.,0.2,0.2,0,0.0,,0
frame_0062.png,extras,vacuum cleaner,household vacuum,household vacuum.,0.2,0.2,1,0.2146,"[840.019775390625, 839.964111328125, 909.1818237304688, 998.0396118164062]",1
frame_0062.png,extras,vacuum cleaner,robot vacuum,robot vacuum.,0.2,0.2,0,0.0,,0
frame_0062.png,extras,vacuum cleaner,cordless vacuum cleaner,cordless vacuum cleaner.,0.2,0.2,4,0.3879,"[838.1777954101562, 838.7982177734375, 909.02294921875, 999.1701049804688]",1
frame_0063.png,production,meeting table set,ALL_GROUP,meeting table. conference table. table with chairs. meeting table set.,0.32,0.32,4,0.4307,"[1587.218017578125, 692.2938842773438, 2425.52392578125, 1264.7669677734375]",1
frame_0063.png,production,chair,ALL_GROUP,chair. chairs. armless chair.,0.36,0.36,5,0.4211,"[1755.6912841796875, 704.7139892578125, 2172.791748046875, 1260.692626953125]",1
frame_0063.png,production,bench,ALL_GROUP,bench. metal bench. waiting bench.,0.34,0.34,1,0.3852,"[870.3895263671875, 938.51806640625, 1214.801513671875, 1032.1343994140625]",1
frame_0063.png,production,cardboard box+plant pot+shoes,ALL_GROUP,cardboard box. brown cardboard box. cardboard package. plant pot. potted plant. flower pot. indoor plant pot. shoes. pair of shoes. footwear. black shoes.,0.3,0.3,0,0.0,,0
frame_0063.png,production,trash bin+vacuum cleaner,ALL_GROUP,trash bin. trash can. waste bin. recycling bin. row of trash bins. vacuum cleaner. upright vacuum cleaner. cordless vacuum. floor cleaner.,0.25,0.25,0,0.0,,0
frame_0063.png,production,large power bank,ALL_GROUP,large power bank. portable power station. battery pack. power bank.,0.28,0.28,0,0.0,,0
frame_0063.png,production,door,ALL_GROUP,door. doors. dark door. elevator sliding door. sliding door.,0.26,0.26,3,0.3809,"[1544.5299072265625, 310.8758850097656, 2029.9539794921875, 1075.9556884765625]",1
frame_0063.png,production,electric vehicle,ALL_GROUP,electric vehicle. small electric vehicle. mobility scooter. scooter.,0.28,0.28,0,0.0,,0
frame_0063.png,extras,bench,bench,bench.,0.2,0.2,4,0.3848,"[872.648193359375, 942.6911010742188, 1212.9007568359375, 1029.7733154296875]",1
frame_0063.png,extras,bench,metal bench,metal bench.,0.2,0.2,2,0.4367,"[869.06298828125, 936.8591918945312, 1215.5872802734375, 1033.334228515625]",1
frame_0063.png,extras,bench,waiting bench,waiting bench.,0.2,0.2,2,0.4231,"[869.3851318359375, 938.1367797851562, 1216.043212890625, 1033.0430908203125]",1
frame_0063.png,extras,bench,long bench,long bench.,0.2,0.2,3,0.4706,"[869.2261962890625, 938.0730590820312, 1214.70654296875, 1032.44482421875]",1
frame_0063.png,extras,bench,indoor bench,indoor bench.,0.2,0.2,4,0.3857,"[869.5949096679688, 939.259765625, 1214.6334228515625, 1031.4573974609375]",1
frame_0063.png,extras,cardboard box,cardboard box,cardboard box.,0.2,0.2,0,0.0,,0
frame_0063.png,extras,cardboard box,brown cardboard box,brown cardboard box.,0.2,0.2,2,0.4104,"[1979.591064453125, 191.22093200683594, 2424.827880859375, 1116.4361572265625]",1
frame_0063.png,extras,cardboard box,shipping box,shipping box.,0.2,0.2,0,0.0,,0
frame_0063.png,extras,cardboard box,package box,package box.,0.2,0.2,0,0.0,,0
frame_0063.png,extras,cardboard box,stacked box,stacked box.,0.2,0.2,0,0.0,,0
frame_0063.png,extras,cardboard box,box,box.,0.2,0.2,0,0.0,,0
frame_0063.png,extras,chair,chair,chair.,0.2,0.2,13,0.4539,"[1755.9853515625, 705.947021484375, 2169.16259765625, 1261.3602294921875]",1
frame_0063.png,extras,chair,armless chair,armless chair.,0.2,0.2,4,0.5315,"[1758.331787109375, 703.850341796875, 2173.0185546875, 1261.9072265625]",1
frame_0063.png,extras,chair,office chair,office chair.,0.2,0.2,19,0.5546,"[1755.1986083984375, 704.5139770507812, 2172.750732421875, 1259.9005126953125]",1
frame_0063.png,extras,chair,swivel chair,swivel chair.,0.2,0.2,4,0.5464,"[1756.654296875, 703.368896484375, 2173.35986328125, 1262.2664794921875]",1
frame_0063.png,extras,chair,rolling chair,rolling chair.,0.2,0.2,11,0.5354,"[2127.405517578125, 736.3552856445312, 2414.769287109375, 1229.8331298828125]",1
frame_0063.png,extras,chair,stool chair,stool chair.,0.2,0.2,18,0.4918,"[1757.24462890625, 705.7072143554688, 2170.807373046875, 1259.3590087890625]",1
frame_0063.png,extras,door,door,door.,0.2,0.2,5,0.3047,"[1549.610595703125, 373.0742492675781, 1651.1229248046875, 1054.8118896484375]",1
frame_0063.png,extras,door,dark door surface,dark door surface.,0.2,0.2,2,0.4473,"[1539.6658935546875, 304.03021240234375, 2034.02392578125, 1065.709228515625]",1
frame_0063.png,extras,door,wooden door,wooden door.,0.2,0.2,4,0.3459,"[1545.988525390625, 366.72711181640625, 1659.18896484375, 1057.157470703125]",1
frame_0063.png,extras,door,closed door,closed door.,0.2,0.2,5,0.4253,"[1545.7891845703125, 366.6064453125, 1655.66455078125, 1057.1539306640625]",1
frame_0063.png,extras,door,interior door,interior door.,0.2,0.2,7,0.425,"[1546.6866455078125, 363.16748046875, 1655.289306640625, 1057.2591552734375]",1
frame_0063.png,extras,electric vehicle,electric vehicle,electric vehicle.,0.2,0.2,0,0.0,,0
frame_0063.png,extras,electric vehicle,small electric vehicle,small electric vehicle.,0.2,0.2,2,0.3956,"[944.6997680664062, 830.2426147460938, 1024.82373046875, 991.9973754882812]",1
frame_0063.png,extras,electric vehicle,electric cart,electric cart.,0.2,0.2,0,0.0,,0
frame_0063.png,extras,electric vehicle,small electric cart,small electric cart.,0.2,0.2,1,0.5192,"[944.301025390625, 832.6048583984375, 1023.8380737304688, 994.4743041992188]",1
frame_0063.png,extras,electric vehicle,compact electric car,compact electric car.,0.2,0.2,3,0.455,"[1145.9068603515625, 1651.5341796875, 1698.1182861328125, 1855.36083984375]",1
frame_0063.png,extras,electric vehicle,indoor electric vehicle,indoor electric vehicle.,0.2,0.2,6,0.4212,"[6.44073486328125, 5.480870723724365, 2873.579833984375, 1852.1805419921875]",1
frame_0063.png,extras,electric vehicle,robot platform,robot platform.,0.2,0.2,5,0.4505,"[1593.908203125, 734.7510375976562, 2411.322265625, 1260.8594970703125]",1
frame_0063.png,extras,large power bank,large power bank,large power bank.,0.18,0.18,7,0.3093,"[1974.834716796875, 190.95791625976562, 2426.14404296875, 1115.621337890625]",1
frame_0063.png,extras,large power bank,portable power bank battery,portable power bank battery.,0.18,0.18,4,0.3989,"[867.856689453125, 938.6951293945312, 924.8753662109375, 1026.26220703125]",1
frame_0063.png,extras,large power bank,power bank,power bank.,0.18,0.18,6,0.2597,"[1149.2562255859375, 1656.03759765625, 1697.118408203125, 1857.0816650390625]",1
frame_0063.png,extras,large power bank,battery pack,battery pack.,0.18,0.18,0,0.0,,0
frame_0063.png,extras,large power bank,large battery,large battery.,0.18,0.18,4,0.2448,"[868.0762939453125, 940.0396728515625, 926.1932983398438, 1026.2393798828125]",1
frame_0063.png,extras,large power bank,portable battery,portable battery.,0.18,0.18,5,0.3241,"[869.022705078125, 940.0703735351562, 925.338623046875, 1025.81884765625]",1
frame_0063.png,extras,large power bank,rectangular battery box,rectangular battery box.,0.18,0.18,3,0.2907,"[867.8735961914062, 939.927734375, 925.6300659179688, 1026.0601806640625]",1
frame_0063.png,extras,meeting table set,meeting table set,meeting table set.,0.2,0.2,2,0.5783,"[1590.80224609375, 710.5112915039062, 2416.603759765625, 1263.24267578125]",1
frame_0063.png,extras,meeting table set,large meeting table,large meeting table.,0.2,0.2,3,0.5736,"[1588.6546630859375, 730.9318237304688, 2413.8271484375, 1256.452880859375]",1
frame_0063.png,extras,meeting table set,conference table,conference table.,0.2,0.2,8,0.644,"[1593.7315673828125, 742.0740356445312, 2402.235595703125, 1242.7841796875]",1
frame_0063.png,extras,meeting table set,long table with chairs,long table with chairs.,0.2,0.2,3,0.523,"[1588.949951171875, 720.9025268554688, 2420.107177734375, 1257.1170654296875]",1
frame_0063.png,extras,meeting table set,office meeting table,office meeting table.,0.2,0.2,4,0.6608,"[1592.536865234375, 738.4205322265625, 2408.82373046875, 1248.791015625]",1
frame_0063.png,extras,meeting table set,long rectangular table,long rectangular table.,0.2,0.2,3,0.5619,"[1590.8951416015625, 740.09521484375, 2405.905517578125, 1242.9000244140625]",1
frame_0063.png,extras,plant pot,plant pot,plant pot.,0.2,0.2,0,0.0,,0
frame_0063.png,extras,plant pot,potted plant in plastic pot,potted plant in plastic pot.,0.2,0.2,2,0.4497,"[948.7955932617188, 826.0289916992188, 1013.1312255859375, 948.9759521484375]",1
frame_0063.png,extras,plant pot,potted plant,potted plant.,0.2,0.2,1,0.2005,"[955.6793212890625, 833.2721557617188, 1005.6016845703125, 943.9614868164062]",1
frame_0063.png,extras,plant pot,indoor potted plant,indoor potted plant.,0.2,0.2,1,0.2315,"[954.2188720703125, 831.0490112304688, 1008.8405151367188, 945.1674194335938]",1
frame_0063.png,extras,plant pot,flower pot,flower pot.,0.2,0.2,0,0.0,,0
frame_0063.png,extras,plant pot,plastic plant pot,plastic plant pot.,0.2,0.2,0,0.0,,0
frame_0063.png,extras,shoes,shoes,shoes.,0.18,0.18,1,0.2157,"[300.0978698730469, 1061.7574462890625, 335.60302734375, 1081.41748046875]",1
frame_0063.png,extras,shoes,pair of indoor shoes,pair of indoor shoes.,0.18,0.18,7,0.2962,"[212.50885009765625, 1051.98193359375, 405.6682434082031, 1117.870361328125]",1
frame_0063.png,extras,shoes,indoor shoes,indoor shoes.,0.18,0.18,7,0.3388,"[1150.690185546875, 1657.1536865234375, 1695.8538818359375, 1856.961669921875]",1
frame_0063.png,extras,shoes,pair of shoes,pair of shoes.,0.18,0.18,6,0.327,"[211.89846801757812, 1050.330078125, 405.9627685546875, 1118.4803466796875]",1
frame_0063.png,extras,shoes,sneakers,sneakers.,0.18,0.18,2,0.2655,"[300.14697265625, 1062.4737548828125, 334.7107238769531, 1078.9854736328125]",1
frame_0063.png,extras,shoes,slippers,slippers.,0.18,0.18,0,0.0,,0
frame_0063.png,extras,shoes,shoe pair on floor,shoe pair on floor.,0.18,0.18,5,0.6162,"[9.766674041748047, 953.7432250976562, 2870.219482421875, 1847.7960205078125]",1
frame_0063.png,extras,trash bin,trash bin,trash bin.,0.2,0.2,0,0.0,,0
frame_0063.png,extras,trash bin,indoor trash bin,indoor trash bin.,0.2,0.2,2,0.2863,"[867.367431640625, 938.0811157226562, 925.152587890625, 1026.1025390625]",1
frame_0063.png,extras,trash bin,garbage bin,garbage bin.,0.2,0.2,0,0.0,,0
frame_0063.png,extras,trash bin,waste bin,waste bin.,0.2,0.2,0,0.0,,0
frame_0063.png,extras,trash bin,recycling bin,recycling bin.,0.2,0.2,0,0.0,,0
frame_0063.png,extras,trash bin,small trash can,small trash can.,0.2,0.2,2,0.3994,"[1167.9547119140625, 938.5863647460938, 1220.5718994140625, 1031.6004638671875]",1
frame_0063.png,extras,vacuum cleaner,vacuum cleaner,vacuum cleaner.,0.2,0.2,2,0.267,"[951.5301513671875, 832.362060546875, 1013.18408203125, 948.5858154296875]",1
frame_0063.png,extras,vacuum cleaner,upright vacuum cleaner,upright vacuum cleaner.,0.2,0.2,2,0.3795,"[951.4840087890625, 830.3176879882812, 1011.4978637695312, 950.5579833984375]",1
frame_0063.png,extras,vacuum cleaner,stick vacuum,stick vacuum.,0.2,0.2,0,0.0,,0
frame_0063.png,extras,vacuum cleaner,household vacuum,household vacuum.,0.2,0.2,3,0.3055,"[950.4180908203125, 834.0296020507812, 1019.078125, 992.88916015625]",1
frame_0063.png,extras,vacuum cleaner,robot vacuum,robot vacuum.,0.2,0.2,1,0.2072,"[949.1092529296875, 833.6555786132812, 1019.5995483398438, 993.0023803710938]",1
frame_0063.png,extras,vacuum cleaner,cordless vacuum cleaner,cordless vacuum cleaner.,0.2,0.2,2,0.3769,"[951.5824584960938, 832.0955200195312, 1011.1192626953125, 949.3780517578125]",1
frame_0064.png,production,meeting table set,ALL_GROUP,meeting table. conference table. table with chairs. meeting table set.,0.32,0.32,4,0.42,"[1853.8203125, 443.7366638183594, 2871.92578125, 1628.45703125]",1
frame_0064.png,production,chair,ALL_GROUP,chair. chairs. armless chair.,0.36,0.36,5,0.4354,"[2208.0888671875, 448.42041015625, 2878.2607421875, 1630.1197509765625]",1
frame_0064.png,production,bench,ALL_GROUP,bench. metal bench. waiting bench.,0.34,0.34,1,0.3548,"[914.7294921875, 943.9546508789062, 1305.081787109375, 1051.983154296875]",1
frame_0064.png,production,cardboard box+plant pot+shoes,ALL_GROUP,cardboard box. brown cardboard box. cardboard package. plant pot. potted plant. flower pot. indoor plant pot. shoes. pair of shoes. footwear. black shoes.,0.3,0.3,0,0.0,,0
frame_0064.png,production,trash bin+vacuum cleaner,ALL_GROUP,trash bin. trash can. waste bin. recycling bin. row of trash bins. vacuum cleaner. upright vacuum cleaner. cordless vacuum. floor cleaner.,0.25,0.25,0,0.0,,0
frame_0064.png,production,large power bank,ALL_GROUP,large power bank. portable power station. battery pack. power bank.,0.28,0.28,0,0.0,,0
frame_0064.png,production,door,ALL_GROUP,door. doors. dark door. elevator sliding door. sliding door.,0.26,0.26,3,0.3395,"[1690.8741455078125, 176.31080627441406, 1899.764404296875, 1115.143310546875]",1
frame_0064.png,production,electric vehicle,ALL_GROUP,electric vehicle. small electric vehicle. mobility scooter. scooter.,0.28,0.28,0,0.0,,0
frame_0064.png,extras,bench,bench,bench.,0.2,0.2,4,0.4897,"[916.0685424804688, 947.4741821289062, 1302.6868896484375, 1049.864990234375]",1
frame_0064.png,extras,bench,metal bench,metal bench.,0.2,0.2,4,0.3971,"[1863.768798828125, 498.7420959472656, 2875.08349609375, 1624.6168212890625]",1
frame_0064.png,extras,bench,waiting bench,waiting bench.,0.2,0.2,4,0.3768,"[913.9522705078125, 943.1878051757812, 1307.2760009765625, 1052.66015625]",1
frame_0064.png,extras,bench,long bench,long bench.,0.2,0.2,3,0.3994,"[914.0233764648438, 943.0479736328125, 1299.639404296875, 1051.39794921875]",1
frame_0064.png,extras,bench,indoor bench,indoor bench.,0.2,0.2,6,0.4307,"[915.3580932617188, 943.7009887695312, 1305.9622802734375, 1051.1697998046875]",1
frame_0064.png,extras,cardboard box,cardboard box,cardboard box.,0.2,0.2,0,0.0,,0
frame_0064.png,extras,cardboard box,brown cardboard box,brown cardboard box.,0.2,0.2,3,0.2289,"[1867.95556640625, 468.9418029785156, 2874.72216796875, 1626.4561767578125]",1
frame_0064.png,extras,cardboard box,shipping box,shipping box.,0.2,0.2,0,0.0,,0
frame_0064.png,extras,cardboard box,package box,package box.,0.2,0.2,0,0.0,,0
frame_0064.png,extras,cardboard box,stacked box,stacked box.,0.2,0.2,0,0.0,,0
frame_0064.png,extras,cardboard box,box,box.,0.2,0.2,0,0.0,,0
frame_0064.png,extras,chair,chair,chair.,0.2,0.2,10,0.3865,"[2207.92431640625, 450.58941650390625, 2878.5263671875, 1629.9991455078125]",1
frame_0064.png,extras,chair,armless chair,armless chair.,0.2,0.2,3,0.4788,"[2207.8544921875, 449.2711486816406, 2877.612060546875, 1628.753662109375]",1
frame_0064.png,extras,chair,office chair,office chair.,0.2,0.2,17,0.5356,"[2208.602294921875, 448.5136413574219, 2878.690673828125, 1629.00830078125]",1
frame_0064.png,extras,chair,swivel chair,swivel chair.,0.2,0.2,2,0.4918,"[2208.470947265625, 449.74481201171875, 2877.7451171875, 1629.0086669921875]",1
frame_0064.png,extras,chair,rolling chair,rolling chair.,0.2,0.2,12,0.5127,"[2208.23779296875, 448.7758483886719, 2878.727294921875, 1631.3001708984375]",1
frame_0064.png,extras,chair,stool chair,stool chair.,0.2,0.2,17,0.5005,"[2208.198974609375, 450.1615295410156, 2878.6025390625, 1628.3795166015625]",1
frame_0064.png,extras,door,door,door.,0.2,0.2,5,0.3035,"[1694.0557861328125, 198.62567138671875, 1895.2796630859375, 1113.7662353515625]",1
frame_0064.png,extras,door,dark door surface,dark door surface.,0.2,0.2,3,0.3753,"[1682.6533203125, 131.66595458984375, 2337.5458984375, 1122.130126953125]",1
frame_0064.png,extras,door,wooden door,wooden door.,0.2,0.2,4,0.3713,"[1689.804931640625, 197.96536254882812, 1891.959228515625, 1114.2694091796875]",1
frame_0064.png,extras,door,closed door,closed door.,0.2,0.2,4,0.387,"[1691.9256591796875, 195.39569091796875, 1896.046142578125, 1113.371826171875]",1
frame_0064.png,extras,door,interior door,interior door.,0.2,0.2,5,0.3782,"[1691.1898193359375, 179.6834716796875, 1897.7987060546875, 1114.22998046875]",1
frame_0064.png,extras,electric vehicle,electric vehicle,electric vehicle.,0.2,0.2,0,0.0,,0
frame_0064.png,extras,electric vehicle,small electric vehicle,small electric vehicle.,0.2,0.2,3,0.4128,"[1026.153564453125, 823.6498413085938, 1096.9461669921875, 957.2515258789062]",1
frame_0064.png,extras,electric vehicle,electric cart,electric cart.,0.2,0.2,0,0.0,,0
frame_0064.png,extras,electric vehicle,small electric cart,small electric cart.,0.2,0.2,2,0.4383,"[1023.095458984375, 824.1046142578125, 1098.5950927734375, 993.27001953125]",1
frame_0064.png,extras,electric vehicle,compact electric car,compact electric car.,0.2,0.2,5,0.3707,"[1143.9263916015625, 1649.6343994140625, 1697.2330322265625, 1854.9385986328125]",1
frame_0064.png,extras,electric vehicle,indoor electric vehicle,indoor electric vehicle.,0.2,0.2,7,0.4333,"[6.510772705078125, 5.822666168212891, 2872.35205078125, 1850.8970947265625]",1
frame_0064.png,extras,electric vehicle,robot platform,robot platform.,0.2,0.2,6,0.4383,"[1864.2493896484375, 506.6182556152344, 2875.429931640625, 1630.4129638671875]",1
frame_0064.png,extras,large power bank,large power bank,large power bank.,0.18,0.18,5,0.3154,"[1858.380615234375, 465.39862060546875, 2874.2939453125, 1632.59619140625]",1
frame_0064.png,extras,large power bank,portable power bank battery,portable power bank battery.,0.18,0.18,2,0.5072,"[1255.491455078125, 945.0424194335938, 1310.9913330078125, 1049.5791015625]",1
frame_0064.png,extras,large power bank,power bank,power bank.,0.18,0.18,5,0.3079,"[1866.4755859375, 467.54473876953125, 2877.043701171875, 1630.9315185546875]",1
frame_0064.png,extras,large power bank,battery pack,battery pack.,0.18,0.18,1,0.1963,"[1258.4896240234375, 947.0301513671875, 1310.5078125, 1048.4776611328125]",1
frame_0064.png,extras,large power bank,large battery,large battery.,0.18,0.18,4,0.3469,"[1256.628173828125, 945.6025390625, 1311.47509765625, 1049.2286376953125]",1
frame_0064.png,extras,large power bank,portable battery,portable battery.,0.18,0.18,2,0.4387,"[1256.78271484375, 946.2346801757812, 1311.1363525390625, 1049.0909423828125]",1
frame_0064.png,extras,large power bank,rectangular battery box,rectangular battery box.,0.18,0.18,3,0.346,"[1256.604248046875, 944.8020629882812, 1311.435302734375, 1048.988525390625]",1
frame_0064.png,extras,meeting table set,meeting table set,meeting table set.,0.2,0.2,4,0.5312,"[1861.8843994140625, 461.5982360839844, 2875.54443359375, 1632.466064453125]",1
frame_0064.png,extras,meeting table set,large meeting table,large meeting table.,0.2,0.2,4,0.4883,"[1860.2498779296875, 501.6268615722656, 2873.6298828125, 1611.582275390625]",1
frame_0064.png,extras,meeting table set,conference table,conference table.,0.2,0.2,4,0.522,"[915.5198974609375, 943.7664184570312, 1301.1673583984375, 1051.5789794921875]",1
frame_0064.png,extras,meeting table set,long table with chairs,long table with chairs.,0.2,0.2,5,0.4535,"[12.65730094909668, 735.0274658203125, 725.8309936523438, 1268.899658203125]",1
frame_0064.png,extras,meeting table set,office meeting table,office meeting table.,0.2,0.2,4,0.5779,"[914.4197387695312, 942.9976806640625, 1303.0361328125, 1051.8343505859375]",1
frame_0064.png,extras,meeting table set,long rectangular table,long rectangular table.,0.2,0.2,5,0.4484,"[199.16552734375, 770.8152465820312, 723.365966796875, 1215.6981201171875]",1
frame_0064.png,extras,plant pot,plant pot,plant pot.,0.2,0.2,0,0.0,,0
frame_0064.png,extras,plant pot,potted plant in plastic pot,potted plant in plastic pot.,0.2,0.2,1,0.4551,"[1027.9603271484375, 819.2291259765625, 1093.6654052734375, 946.10107421875]",1
frame_0064.png,extras,plant pot,potted plant,potted plant.,0.2,0.2,0,0.0,,0
frame_0064.png,extras,plant pot,indoor potted plant,indoor potted plant.,0.2,0.2,1,0.2418,"[1034.244140625, 823.9100341796875, 1089.679931640625, 940.6068725585938]",1
frame_0064.png,extras,plant pot,flower pot,flower pot.,0.2,0.2,0,0.0,,0
frame_0064.png,extras,plant pot,plastic plant pot,plastic plant pot.,0.2,0.2,0,0.0,,0
frame_0064.png,extras,shoes,shoes,shoes.,0.18,0.18,2,0.2186,"[1148.3624267578125, 1656.5245361328125, 1693.80517578125, 1856.7088623046875]",1
frame_0064.png,extras,shoes,pair of indoor shoes,pair of indoor shoes.,0.18,0.18,6,0.2871,"[1140.947998046875, 1643.9412841796875, 1699.0369873046875, 1854.6517333984375]",1
frame_0064.png,extras,shoes,indoor shoes,indoor shoes.,0.18,0.18,9,0.3475,"[1148.256103515625, 1655.07373046875, 1695.072021484375, 1857.0042724609375]",1
frame_0064.png,extras,shoes,pair of shoes,pair of shoes.,0.18,0.18,5,0.3082,"[1140.9512939453125, 1643.8681640625, 1698.216796875, 1855.3515625]",1
frame_0064.png,extras,shoes,sneakers,sneakers.,0.18,0.18,2,0.2111,"[194.31883239746094, 1096.2144775390625, 237.73410034179688, 1117.306884765625]",1
frame_0064.png,extras,shoes,slippers,slippers.,0.18,0.18,0,0.0,,0
frame_0064.png,extras,shoes,shoe pair on floor,shoe pair on floor.,0.18,0.18,5,0.634,"[9.026985168457031, 965.7496337890625, 2869.529052734375, 1847.3536376953125]",1
frame_0064.png,extras,trash bin,trash bin,trash bin.,0.2,0.2,0,0.0,,0
frame_0064.png,extras,trash bin,indoor trash bin,indoor trash bin.,0.2,0.2,2,0.4115,"[1256.3743896484375, 943.8678588867188, 1311.8916015625, 1049.40234375]",1
frame_0064.png,extras,trash bin,garbage bin,garbage bin.,0.2,0.2,1,0.3228,"[1257.316650390625, 945.8502197265625, 1311.311767578125, 1048.5418701171875]",1
frame_0064.png,extras,trash bin,waste bin,waste bin.,0.2,0.2,2,0.3498,"[1257.17724609375, 945.82568359375, 1311.314453125, 1048.7486572265625]",1
frame_0064.png,extras,trash bin,recycling bin,recycling bin.,0.2,0.2,1,0.2251,"[1257.3350830078125, 946.6337890625, 1312.02734375, 1048.6942138671875]",1
frame_0064.png,extras,trash bin,small trash can,small trash can.,0.2,0.2,1,0.6588,"[1252.513427734375, 939.789794921875, 1314.664306640625, 1051.86328125]",1
frame_0064.png,extras,vacuum cleaner,vacuum cleaner,vacuum cleaner.,0.2,0.2,2,0.312,"[1029.851318359375, 823.8347778320312, 1090.62158203125, 953.0418701171875]",1
frame_0064.png,extras,vacuum cleaner,upright vacuum cleaner,upright vacuum cleaner.,0.2,0.2,1,0.5262,"[1027.512451171875, 821.9434814453125, 1092.9732666015625, 989.857177734375]",1
frame_0064.png,extras,vacuum cleaner,stick vacuum,stick vacuum.,0.2,0.2,0,0.0,,0
frame_0064.png,extras,vacuum cleaner,household vacuum,household vacuum.,0.2,0.2,3,0.3242,"[1031.0638427734375, 824.9285278320312, 1089.465087890625, 950.53271484375]",1
frame_0064.png,extras,vacuum cleaner,robot vacuum,robot vacuum.,0.2,0.2,2,0.2585,"[1030.4716796875, 824.7252197265625, 1090.697509765625, 951.9058837890625]",1
frame_0064.png,extras,vacuum cleaner,cordless vacuum cleaner,cordless vacuum cleaner.,0.2,0.2,2,0.4825,"[1026.6112060546875, 823.074462890625, 1092.538330078125, 998.9708862304688]",1
frame_0065.png,production,meeting table set,ALL_GROUP,meeting table. conference table. table with chairs. meeting table set.,0.32,0.32,2,0.3977,"[840.4105224609375, 793.078857421875, 1511.759033203125, 1160.8680419921875]",1
frame_0065.png,production,chair,ALL_GROUP,chair. chairs. armless chair.,0.36,0.36,1,0.3919,"[2257.728759765625, 1671.5804443359375, 2878.279541015625, 1856.154296875]",1
frame_0065.png,production,bench,ALL_GROUP,bench. metal bench. waiting bench.,0.34,0.34,1,0.3742,"[868.604736328125, 941.5267333984375, 1483.8594970703125, 1131.389892578125]",1
frame_0065.png,production,cardboard box+plant pot+shoes,ALL_GROUP,cardboard box. brown cardboard box. cardboard package. plant pot. potted plant. flower pot. indoor plant pot. shoes. pair of shoes. footwear. black shoes.,0.3,0.3,0,0.0,,0
frame_0065.png,production,trash bin+vacuum cleaner,ALL_GROUP,trash bin. trash can. waste bin. recycling bin. row of trash bins. vacuum cleaner. upright vacuum cleaner. cordless vacuum. floor cleaner.,0.25,0.25,0,0.0,,0
frame_0065.png,production,large power bank,ALL_GROUP,large power bank. portable power station. battery pack. power bank.,0.28,0.28,0,0.0,,0
frame_0065.png,production,door,ALL_GROUP,door. doors. dark door. elevator sliding door. sliding door.,0.26,0.26,6,0.3135,"[339.4570007324219, 758.47802734375, 487.0999755859375, 991.2849731445312]",1
frame_0065.png,production,electric vehicle,ALL_GROUP,electric vehicle. small electric vehicle. mobility scooter. scooter.,0.28,0.28,0,0.0,,0
frame_0065.png,extras,bench,bench,bench.,0.2,0.2,3,0.6938,"[870.3314208984375, 946.6782836914062, 1488.35791015625, 1129.35107421875]",1
frame_0065.png,extras,bench,metal bench,metal bench.,0.2,0.2,1,0.8634,"[865.416748046875, 936.5423583984375, 1488.924560546875, 1134.42236328125]",1
frame_0065.png,extras,bench,waiting bench,waiting bench.,0.2,0.2,1,0.7722,"[867.9993896484375, 941.3058471679688, 1487.4561767578125, 1133.276611328125]",1
frame_0065.png,extras,bench,long bench,long bench.,0.2,0.2,1,0.8712,"[866.9896850585938, 940.0509033203125, 1486.9703369140625, 1132.4781494140625]",1
frame_0065.png,extras,bench,indoor bench,indoor bench.,0.2,0.2,1,0.7727,"[868.133544921875, 941.8248291015625, 1487.870361328125, 1132.0308837890625]",1
frame_0065.png,extras,cardboard box,cardboard box,cardboard box.,0.2,0.2,0,0.0,,0
frame_0065.png,extras,cardboard box,brown cardboard box,brown cardboard box.,0.2,0.2,3,0.3793,"[867.669921875, 937.2117309570312, 1489.9569091796875, 1131.821533203125]",1
frame_0065.png,extras,cardboard box,shipping box,shipping box.,0.2,0.2,0,0.0,,0
frame_0065.png,extras,cardboard box,package box,package box.,0.2,0.2,0,0.0,,0
frame_0065.png,extras,cardboard box,stacked box,stacked box.,0.2,0.2,0,0.0,,0
frame_0065.png,extras,cardboard box,box,box.,0.2,0.2,0,0.0,,0
frame_0065.png,extras,chair,chair,chair.,0.2,0.2,2,0.3188,"[2253.1005859375, 1674.2935791015625, 2878.9248046875, 1856.8961181640625]",1
frame_0065.png,extras,chair,armless chair,armless chair.,0.2,0.2,2,0.4857,"[2258.952392578125, 1669.46240234375, 2877.7490234375, 1853.1806640625]",1
frame_0065.png,extras,chair,office chair,office chair.,0.2,0.2,7,0.3485,"[1110.0684814453125, 787.7257690429688, 1185.40185546875, 1020.8550415039062]",1
frame_0065.png,extras,chair,swivel chair,swivel chair.,0.2,0.2,2,0.4442,"[2257.936767578125, 1669.73095703125, 2877.674560546875, 1852.9149169921875]",1
frame_0065.png,extras,chair,rolling chair,rolling chair.,0.2,0.2,4,0.3593,"[2257.104736328125, 1670.467529296875, 2877.7724609375, 1853.8165283203125]",1
frame_0065.png,extras,chair,stool chair,stool chair.,0.2,0.2,5,0.3614,"[1.3619399070739746, 1736.9747314453125, 436.57958984375, 1856.266357421875]",1
frame_0065.png,extras,door,door,door.,0.2,0.2,1,0.5397,"[421.73699951171875, 771.71875, 482.22418212890625, 985.8126831054688]",1
frame_0065.png,extras,door,dark door surface,dark door surface.,0.2,0.2,4,0.3402,"[1227.898681640625, 378.2026062011719, 1533.5084228515625, 1066.35498046875]",1
frame_0065.png,extras,door,wooden door,wooden door.,0.2,0.2,2,0.5458,"[419.62890625, 769.9041748046875, 482.0254821777344, 987.0443725585938]",1
frame_0065.png,extras,door,closed door,closed door.,0.2,0.2,3,0.5014,"[420.5530700683594, 769.5465698242188, 482.9609069824219, 987.1422119140625]",1
frame_0065.png,extras,door,interior door,interior door.,0.2,0.2,3,0.4774,"[340.7942199707031, 763.9275512695312, 483.8659973144531, 987.5178833007812]",1
frame_0065.png,extras,electric vehicle,electric vehicle,electric vehicle.,0.2,0.2,2,0.2572,"[2325.345703125, 1120.1123046875, 2513.24609375, 1164.1839599609375]",1
frame_0065.png,extras,electric vehicle,small electric vehicle,small electric vehicle.,0.2,0.2,5,0.4152,"[1147.793212890625, 1644.4013671875, 1700.6158447265625, 1854.340087890625]",1
frame_0065.png,extras,electric vehicle,electric cart,electric cart.,0.2,0.2,0,0.0,,0
frame_0065.png,extras,electric vehicle,small electric cart,small electric cart.,0.2,0.2,2,0.4871,"[1105.581787109375, 790.0359497070312, 1189.5155029296875, 1021.9570922851562]",1
frame_0065.png,extras,electric vehicle,compact electric car,compact electric car.,0.2,0.2,4,0.4017,"[1150.8167724609375, 1649.1553955078125, 1699.717529296875, 1854.3760986328125]",1
frame_0065.png,extras,electric vehicle,indoor electric vehicle,indoor electric vehicle.,0.2,0.2,8,0.4779,"[6.3947296142578125, 4.007590293884277, 2872.378662109375, 1851.93701171875]",1
frame_0065.png,extras,electric vehicle,robot platform,robot platform.,0.2,0.2,2,0.5319,"[866.554443359375, 939.6602172851562, 1489.2010498046875, 1132.501708984375]",1
frame_0065.png,extras,large power bank,large power bank,large power bank.,0.18,0.18,5,0.3295,"[9.334945678710938, 6.377155780792236, 2870.47509765625, 1847.2584228515625]",1
frame_0065.png,extras,large power bank,portable power bank battery,portable power bank battery.,0.18,0.18,2,0.4285,"[1389.0050048828125, 944.8836669921875, 1485.718017578125, 1128.851806640625]",1
frame_0065.png,extras,large power bank,power bank,power bank.,0.18,0.18,4,0.3146,"[1153.1435546875, 1652.9720458984375, 1698.792724609375, 1856.673583984375]",1
frame_0065.png,extras,large power bank,battery pack,battery pack.,0.18,0.18,0,0.0,,0
frame_0065.png,extras,large power bank,large battery,large battery.,0.18,0.18,5,0.3118,"[867.86328125, 940.68798828125, 1489.3843994140625, 1131.1461181640625]",1
frame_0065.png,extras,large power bank,portable battery,portable battery.,0.18,0.18,4,0.3639,"[1390.086181640625, 945.5608520507812, 1485.8038330078125, 1128.3577880859375]",1
frame_0065.png,extras,large power bank,rectangular battery box,rectangular battery box.,0.18,0.18,3,0.2715,"[1390.520263671875, 944.249755859375, 1486.492431640625, 1127.943359375]",1
frame_0065.png,extras,meeting table set,meeting table set,meeting table set.,0.2,0.2,3,0.561,"[864.6639404296875, 936.8836059570312, 1490.1905517578125, 1133.6920166015625]",1
frame_0065.png,extras,meeting table set,large meeting table,large meeting table.,0.2,0.2,1,0.8987,"[863.0977783203125, 932.947998046875, 1488.19189453125, 1135.6688232421875]",1
frame_0065.png,extras,meeting table set,conference table,conference table.,0.2,0.2,1,0.7901,"[867.7115478515625, 940.1288452148438, 1484.8892822265625, 1131.9102783203125]",1
frame_0065.png,extras,meeting table set,long table with chairs,long table with chairs.,0.2,0.2,1,0.7807,"[860.2193603515625, 926.6669921875, 1490.2078857421875, 1136.5648193359375]",1
frame_0065.png,extras,meeting table set,office meeting table,office meeting table.,0.2,0.2,1,0.7802,"[866.3720703125, 939.1064453125, 1485.6634521484375, 1132.3634033203125]",1
frame_0065.png,extras,meeting table set,long rectangular table,long rectangular table.,0.2,0.2,1,0.8941,"[864.6835327148438, 936.7025146484375, 1485.6766357421875, 1134.189697265625]",1
frame_0065.png,extras,plant pot,plant pot,plant pot.,0.2,0.2,0,0.0,,0
frame_0065.png,extras,plant pot,potted plant in plastic pot,potted plant in plastic pot.,0.2,0.2,2,0.3951,"[1118.4808349609375, 781.2631225585938, 1186.83203125, 955.6475219726562]",1
frame_0065.png,extras,plant pot,potted plant,potted plant.,0.2,0.2,1,0.221,"[1124.418212890625, 787.4998168945312, 1178.559326171875, 948.5256958007812]",1
frame_0065.png,extras,plant pot,indoor potted plant,indoor potted plant.,0.2,0.2,1,0.2307,"[1123.5516357421875, 786.015625, 1181.59814453125, 951.0195922851562]",1
frame_0065.png,extras,plant pot,flower pot,flower pot.,0.2,0.2,0,0.0,,0
frame_0065.png,extras,plant pot,plastic plant pot,plastic plant pot.,0.2,0.2,0,0.0,,0
frame_0065.png,extras,shoes,shoes,shoes.,0.18,0.18,4,0.2785,"[682.3890991210938, 988.7478637695312, 720.7266235351562, 1000.5411987304688]",1
frame_0065.png,extras,shoes,pair of indoor shoes,pair of indoor shoes.,0.18,0.18,8,0.2706,"[675.2672119140625, 978.380126953125, 728.3517456054688, 1007.6732177734375]",1
frame_0065.png,extras,shoes,indoor shoes,indoor shoes.,0.18,0.18,6,0.3865,"[1154.213134765625, 1653.48974609375, 1697.6982421875, 1856.1553955078125]",1
frame_0065.png,extras,shoes,pair of shoes,pair of shoes.,0.18,0.18,9,0.3076,"[673.4118041992188, 976.6098022460938, 730.3552856445312, 1008.4987182617188]",1
frame_0065.png,extras,shoes,sneakers,sneakers.,0.18,0.18,3,0.3108,"[707.0471801757812, 988.4169311523438, 720.6416625976562, 997.6535034179688]",1
frame_0065.png,extras,shoes,slippers,slippers.,0.18,0.18,0,0.0,,0
frame_0065.png,extras,shoes,shoe pair on floor,shoe pair on floor.,0.18,0.18,4,0.6462,"[10.358047485351562, 974.6438598632812, 2868.609619140625, 1848.8348388671875]",1
frame_0065.png,extras,trash bin,trash bin,trash bin.,0.2,0.2,0,0.0,,0
frame_0065.png,extras,trash bin,indoor trash bin,indoor trash bin.,0.2,0.2,2,0.3384,"[1391.41796875, 943.754638671875, 1486.9049072265625, 1128.10498046875]",1
frame_0065.png,extras,trash bin,garbage bin,garbage bin.,0.2,0.2,1,0.2256,"[1392.9249267578125, 945.6994018554688, 1486.401123046875, 1127.5145263671875]",1
frame_0065.png,extras,trash bin,waste bin,waste bin.,0.2,0.2,1,0.2425,"[1392.5213623046875, 945.7228393554688, 1486.409912109375, 1127.7818603515625]",1
frame_0065.png,extras,trash bin,recycling bin,recycling bin.,0.2,0.2,0,0.0,,0
frame_0065.png,extras,trash bin,small trash can,small trash can.,0.2,0.2,2,0.5373,"[1386.9281005859375, 937.089111328125, 1490.86376953125, 1129.743896484375]",1
frame_0065.png,extras,vacuum cleaner,vacuum cleaner,vacuum cleaner.,0.2,0.2,3,0.4534,"[1105.5355224609375, 785.0670776367188, 1183.468017578125, 1022.9166259765625]",1
frame_0065.png,extras,vacuum cleaner,upright vacuum cleaner,upright vacuum cleaner.,0.2,0.2,2,0.4708,"[1106.317138671875, 783.7498168945312, 1185.453857421875, 1024.05224609375]",1
frame_0065.png,extras,vacuum cleaner,stick vacuum,stick vacuum.,0.2,0.2,2,0.2289,"[1112.6424560546875, 786.9999389648438, 1182.3134765625, 1021.234375]",1
frame_0065.png,extras,vacuum cleaner,household vacuum,household vacuum.,0.2,0.2,2,0.4482,"[1103.8970947265625, 786.2581176757812, 1183.6405029296875, 1022.9102172851562]",1
frame_0065.png,extras,vacuum cleaner,robot vacuum,robot vacuum.,0.2,0.2,2,0.4202,"[1102.9066162109375, 786.4775390625, 1184.3133544921875, 1023.8079833984375]",1
frame_0065.png,extras,vacuum cleaner,cordless vacuum cleaner,cordless vacuum cleaner.,0.2,0.2,2,0.4934,"[1102.49951171875, 785.46142578125, 1184.2611083984375, 1025.4892578125]",1
frame_0066.png,production,meeting table set,ALL_GROUP,meeting table. conference table. table with chairs. meeting table set.,0.32,0.32,2,0.3982,"[3.553304672241211, 835.3931274414062, 261.3789978027344, 1075.26318359375]",1
frame_0066.png,production,chair,ALL_GROUP,chair. chairs. armless chair.,0.36,0.36,2,0.4802,"[15.356054306030273, 843.7649536132812, 201.9086456298828, 1080.9310302734375]",1
frame_0066.png,production,bench,ALL_GROUP,bench. metal bench. waiting bench.,0.34,0.34,1,0.3971,"[1056.9710693359375, 940.8056640625, 1797.7769775390625, 1193.2266845703125]",1
frame_0066.png,production,cardboard box+plant pot+shoes,ALL_GROUP,cardboard box. brown cardboard box. cardboard package. plant pot. potted plant. flower pot. indoor plant pot. shoes. pair of shoes. footwear. black shoes.,0.3,0.3,0,0.0,,0
frame_0066.png,production,trash bin+vacuum cleaner,ALL_GROUP,trash bin. trash can. waste bin. recycling bin. row of trash bins. vacuum cleaner. upright vacuum cleaner. cordless vacuum. floor cleaner.,0.25,0.25,0,0.0,,0
frame_0066.png,production,large power bank,ALL_GROUP,large power bank. portable power station. battery pack. power bank.,0.28,0.28,0,0.0,,0
frame_0066.png,production,door,ALL_GROUP,door. doors. dark door. elevator sliding door. sliding door.,0.26,0.26,6,0.3391,"[1475.74560546875, 352.0864562988281, 1877.1697998046875, 1083.8594970703125]",1
frame_0066.png,production,electric vehicle,ALL_GROUP,electric vehicle. small electric vehicle. mobility scooter. scooter.,0.28,0.28,0,0.0,,0
frame_0066.png,extras,bench,bench,bench.,0.2,0.2,5,0.7063,"[1059.961669921875, 947.4917602539062, 1794.7294921875, 1190.8482666015625]",1
frame_0066.png,extras,bench,metal bench,metal bench.,0.2,0.2,1,0.8706,"[1053.7354736328125, 937.6587524414062, 1800.0799560546875, 1195.136962890625]",1
frame_0066.png,extras,bench,waiting bench,waiting bench.,0.2,0.2,1,0.7871,"[1056.847900390625, 942.3964233398438, 1798.4635009765625, 1194.2037353515625]",1
frame_0066.png,extras,bench,long bench,long bench.,0.2,0.2,1,0.8809,"[1055.788330078125, 940.2681884765625, 1798.3331298828125, 1194.15966796875]",1
frame_0066.png,extras,bench,indoor bench,indoor bench.,0.2,0.2,1,0.7893,"[1057.2646484375, 942.3461303710938, 1797.0408935546875, 1193.80419921875]",1
frame_0066.png,extras,cardboard box,cardboard box,cardboard box.,0.2,0.2,0,0.0,,0
frame_0066.png,extras,cardboard box,brown cardboard box,brown cardboard box.,0.2,0.2,2,0.3695,"[2280.572265625, 1669.1666259765625, 2876.109375, 1854.0296630859375]",1
frame_0066.png,extras,cardboard box,shipping box,shipping box.,0.2,0.2,1,0.2211,"[1059.1209716796875, 943.0299072265625, 1795.29248046875, 1192.4117431640625]",1
frame_0066.png,extras,cardboard box,package box,package box.,0.2,0.2,0,0.0,,0
frame_0066.png,extras,cardboard box,stacked box,stacked box.,0.2,0.2,0,0.0,,0
frame_0066.png,extras,cardboard box,box,box.,0.2,0.2,0,0.0,,0
frame_0066.png,extras,chair,chair,chair.,0.2,0.2,5,0.5723,"[22.09078598022461, 846.8946533203125, 196.59222412109375, 1079.4088134765625]",1
frame_0066.png,extras,chair,armless chair,armless chair.,0.2,0.2,1,0.7708,"[13.568168640136719, 842.033935546875, 204.02456665039062, 1081.0545654296875]",1
frame_0066.png,extras,chair,office chair,office chair.,0.2,0.2,6,0.672,"[15.292142868041992, 843.99462890625, 200.966552734375, 1080.24853515625]",1
frame_0066.png,extras,chair,swivel chair,swivel chair.,0.2,0.2,1,0.6968,"[12.604365348815918, 842.2421264648438, 203.81703186035156, 1080.9771728515625]",1
frame_0066.png,extras,chair,rolling chair,rolling chair.,0.2,0.2,1,0.7026,"[14.858450889587402, 842.8555297851562, 202.39463806152344, 1079.95947265625]",1
frame_0066.png,extras,chair,stool chair,stool chair.,0.2,0.2,6,0.617,"[17.564865112304688, 845.0789184570312, 199.16204833984375, 1079.51611328125]",1
frame_0066.png,extras,door,door,door.,0.2,0.2,5,0.4317,"[695.9135131835938, 782.4961547851562, 752.976318359375, 982.7469482421875]",1
frame_0066.png,extras,door,dark door surface,dark door surface.,0.2,0.2,2,0.4147,"[1468.2705078125, 345.0946044921875, 1878.3245849609375, 1084.150634765625]",1
frame_0066.png,extras,door,wooden door,wooden door.,0.2,0.2,5,0.3732,"[1474.7669677734375, 348.6844787597656, 1875.3253173828125, 1084.1942138671875]",1
frame_0066.png,extras,door,closed door,closed door.,0.2,0.2,4,0.3754,"[1474.826171875, 348.89617919921875, 1876.2257080078125, 1083.8306884765625]",1
frame_0066.png,extras,door,interior door,interior door.,0.2,0.2,6,0.4435,"[1475.8707275390625, 346.9372863769531, 1875.271484375, 1084.394287109375]",1
frame_0066.png,extras,electric vehicle,electric vehicle,electric vehicle.,0.2,0.2,2,0.2502,"[1149.79150390625, 1652.7960205078125, 1697.3087158203125, 1856.8348388671875]",1
frame_0066.png,extras,electric vehicle,small electric vehicle,small electric vehicle.,0.2,0.2,2,0.4584,"[1323.6365966796875, 769.9287719726562, 1427.659423828125, 1035.76220703125]",1
frame_0066.png,extras,electric vehicle,electric cart,electric cart.,0.2,0.2,1,0.2317,"[1329.0545654296875, 771.9573974609375, 1423.4659423828125, 1034.2000732421875]",1
frame_0066.png,extras,electric vehicle,small electric cart,small electric cart.,0.2,0.2,1,0.6768,"[1331.0614013671875, 769.7791748046875, 1426.073486328125, 1036.219970703125]",1
frame_0066.png,extras,electric vehicle,compact electric car,compact electric car.,0.2,0.2,3,0.4275,"[1149.1824951171875, 1650.3958740234375, 1697.1654052734375, 1854.9832763671875]",1
frame_0066.png,extras,electric vehicle,indoor electric vehicle,indoor electric vehicle.,0.2,0.2,5,0.4556,"[5.769624710083008, 4.32144832611084, 2872.60595703125, 1852.0235595703125]",1
frame_0066.png,extras,electric vehicle,robot platform,robot platform.,0.2,0.2,1,0.5831,"[1054.832763671875, 938.666748046875, 1797.3096923828125, 1194.5179443359375]",1
frame_0066.png,extras,large power bank,large power bank,large power bank.,0.18,0.18,4,0.3431,"[7.90740966796875, 5.3877997398376465, 2871.484130859375, 1847.27587890625]",1
frame_0066.png,extras,large power bank,portable power bank battery,portable power bank battery.,0.18,0.18,5,0.4456,"[1683.302490234375, 944.83544921875, 1796.0623779296875, 1191.6717529296875]",1
frame_0066.png,extras,large power bank,power bank,power bank.,0.18,0.18,4,0.3346,"[1057.3948974609375, 941.3505249023438, 1796.310791015625, 1194.23388671875]",1
frame_0066.png,extras,large power bank,battery pack,battery pack.,0.18,0.18,1,0.19,"[1059.5172119140625, 942.3873291015625, 1795.7960205078125, 1192.1380615234375]",1
frame_0066.png,extras,large power bank,large battery,large battery.,0.18,0.18,4,0.3678,"[1056.4385986328125, 940.3854370117188, 1797.56689453125, 1193.13427734375]",1
frame_0066.png,extras,large power bank,portable battery,portable battery.,0.18,0.18,4,0.3353,"[1684.1292724609375, 945.7254028320312, 1795.8712158203125, 1190.6295166015625]",1
frame_0066.png,extras,large power bank,rectangular battery box,rectangular battery box.,0.18,0.18,3,0.2571,"[1684.5401611328125, 944.4227294921875, 1796.4146728515625, 1190.4005126953125]",1
frame_0066.png,extras,meeting table set,meeting table set,meeting table set.,0.2,0.2,3,0.5769,"[1052.3892822265625, 937.3006591796875, 1798.0439453125, 1194.33740234375]",1
frame_0066.png,extras,meeting table set,large meeting table,large meeting table.,0.2,0.2,1,0.8876,"[1050.672607421875, 933.1182861328125, 1799.6573486328125, 1196.0501708984375]",1
frame_0066.png,extras,meeting table set,conference table,conference table.,0.2,0.2,3,0.7605,"[1056.7674560546875, 939.8961181640625, 1795.9144287109375, 1193.8302001953125]",1
frame_0066.png,extras,meeting table set,long table with chairs,long table with chairs.,0.2,0.2,3,0.6549,"[12.664403915405273, 838.5245361328125, 208.07339477539062, 1079.6072998046875]",1
frame_0066.png,extras,meeting table set,office meeting table,office meeting table.,0.2,0.2,2,0.7223,"[3.8286709785461426, 853.8878784179688, 259.63238525390625, 1068.479248046875]",1
frame_0066.png,extras,meeting table set,long rectangular table,long rectangular table.,0.2,0.2,1,0.8932,"[1052.8514404296875, 936.2496337890625, 1798.8468017578125, 1195.335205078125]",1
frame_0066.png,extras,plant pot,plant pot,plant pot.,0.2,0.2,0,0.0,,0
frame_0066.png,extras,plant pot,potted plant in plastic pot,potted plant in plastic pot.,0.2,0.2,2,0.3822,"[1335.7408447265625, 760.840087890625, 1426.175048828125, 1032.375]",1
frame_0066.png,extras,plant pot,potted plant,potted plant.,0.2,0.2,1,0.2051,"[1327.424072265625, 770.5669555664062, 1419.6602783203125, 1032.293212890625]",1
frame_0066.png,extras,plant pot,indoor potted plant,indoor potted plant.,0.2,0.2,1,0.234,"[1333.692138671875, 768.1416015625, 1421.7041015625, 1031.449951171875]",1
frame_0066.png,extras,plant pot,flower pot,flower pot.,0.2,0.2,0,0.0,,0
frame_0066.png,extras,plant pot,plastic plant pot,plastic plant pot.,0.2,0.2,0,0.0,,0
frame_0066.png,extras,shoes,shoes,shoes.,0.18,0.18,3,0.3349,"[923.5515747070312, 986.7732543945312, 963.3807983398438, 999.5643310546875]",1
frame_0066.png,extras,shoes,pair of indoor shoes,pair of indoor shoes.,0.18,0.18,6,0.3191,"[916.5462646484375, 974.99609375, 970.1981811523438, 1005.8377075195312]",1
frame_0066.png,extras,shoes,indoor shoes,indoor shoes.,0.18,0.18,10,0.4004,"[1152.476318359375, 1653.712158203125, 1695.408935546875, 1856.5703125]",1
frame_0066.png,extras,shoes,pair of shoes,pair of shoes.,0.18,0.18,7,0.3758,"[914.8041381835938, 973.9277954101562, 971.2659912109375, 1007.2290649414062]",1
frame_0066.png,extras,shoes,sneakers,sneakers.,0.18,0.18,3,0.3088,"[924.2658081054688, 988.3523559570312, 961.5377807617188, 998.2100219726562]",1
frame_0066.png,extras,shoes,slippers,slippers.,0.18,0.18,0,0.0,,0
frame_0066.png,extras,shoes,shoe pair on floor,shoe pair on floor.,0.18,0.18,5,0.6241,"[10.117034912109375, 974.1285400390625, 2869.61865234375, 1847.84765625]",1
frame_0066.png,extras,trash bin,trash bin,trash bin.,0.2,0.2,0,0.0,,0
frame_0066.png,extras,trash bin,indoor trash bin,indoor trash bin.,0.2,0.2,5,0.3479,"[176.54547119140625, 869.6814575195312, 259.1408996582031, 1063.080810546875]",1
frame_0066.png,extras,trash bin,garbage bin,garbage bin.,0.2,0.2,2,0.2394,"[177.1453399658203, 870.4119873046875, 258.8271789550781, 1062.4986572265625]",1
frame_0066.png,extras,trash bin,waste bin,waste bin.,0.2,0.2,2,0.2602,"[177.13949584960938, 870.5455932617188, 258.8351135253906, 1062.677490234375]",1
frame_0066.png,extras,trash bin,recycling bin,recycling bin.,0.2,0.2,1,0.2136,"[1058.3797607421875, 941.6544189453125, 1796.794677734375, 1192.6375732421875]",1
frame_0066.png,extras,trash bin,small trash can,small trash can.,0.2,0.2,2,0.4858,"[1679.02197265625, 935.9405517578125, 1802.8382568359375, 1193.6942138671875]",1
frame_0066.png,extras,vacuum cleaner,vacuum cleaner,vacuum cleaner.,0.2,0.2,1,0.5291,"[1327.1962890625, 768.666748046875, 1422.27685546875, 1035.484375]",1
frame_0066.png,extras,vacuum cleaner,upright vacuum cleaner,upright vacuum cleaner.,0.2,0.2,1,0.6286,"[1329.244384765625, 767.5901489257812, 1424.3580322265625, 1037.35498046875]",1
frame_0066.png,extras,vacuum cleaner,stick vacuum,stick vacuum.,0.2,0.2,1,0.2873,"[1327.103515625, 769.542724609375, 1421.2747802734375, 1033.968017578125]",1
frame_0066.png,extras,vacuum cleaner,household vacuum,household vacuum.,0.2,0.2,3,0.5048,"[1327.8016357421875, 769.89208984375, 1422.3712158203125, 1034.69970703125]",1
frame_0066.png,extras,vacuum cleaner,robot vacuum,robot vacuum.,0.2,0.2,1,0.4925,"[1326.761474609375, 769.7020874023438, 1423.6380615234375, 1035.7158203125]",1
frame_0066.png,extras,vacuum cleaner,cordless vacuum cleaner,cordless vacuum cleaner.,0.2,0.2,1,0.6171,"[1327.007080078125, 769.2015991210938, 1423.603515625, 1037.616455078125]",1
frame_0067.png,production,meeting table set,ALL_GROUP,meeting table. conference table. table with chairs. meeting table set.,0.32,0.32,4,0.398,"[759.1688232421875, 839.6203002929688, 1149.5628662109375, 1067.155517578125]",1
frame_0067.png,production,chair,ALL_GROUP,chair. chairs. armless chair.,0.36,0.36,4,0.4658,"[799.5101928710938, 852.5564575195312, 943.8284912109375, 1065.1414794921875]",1
frame_0067.png,production,bench,ALL_GROUP,bench. metal bench. waiting bench.,0.34,0.34,1,0.4343,"[2226.961181640625, 958.2545166015625, 2878.591064453125, 1293.822509765625]",1
frame_0067.png,production,cardboard box+plant pot+shoes,ALL_GROUP,cardboard box. brown cardboard box. cardboard package. plant pot. potted plant. flower pot. indoor plant pot. shoes. pair of shoes. footwear. black shoes.,0.3,0.3,0,0.0,,0
frame_0067.png,production,trash bin+vacuum cleaner,ALL_GROUP,trash bin. trash can. waste bin. recycling bin. row of trash bins. vacuum cleaner. upright vacuum cleaner. cordless vacuum. floor cleaner.,0.25,0.25,0,0.0,,0
frame_0067.png,production,large power bank,ALL_GROUP,large power bank. portable power station. battery pack. power bank.,0.28,0.28,0,0.0,,0
frame_0067.png,production,door,ALL_GROUP,door. doors. dark door. elevator sliding door. sliding door.,0.26,0.26,3,0.5283,"[504.34197998046875, 536.1837158203125, 732.7377319335938, 1032.99169921875]",1
frame_0067.png,production,electric vehicle,ALL_GROUP,electric vehicle. small electric vehicle. mobility scooter. scooter.,0.28,0.28,0,0.0,,0
frame_0067.png,extras,bench,bench,bench.,0.2,0.2,4,0.3682,"[2227.2568359375, 961.08203125, 2878.921142578125, 1289.8743896484375]",1
frame_0067.png,extras,bench,metal bench,metal bench.,0.2,0.2,1,0.5927,"[2225.38330078125, 955.9457397460938, 2878.051025390625, 1294.5589599609375]",1
frame_0067.png,extras,bench,waiting bench,waiting bench.,0.2,0.2,1,0.6516,"[2226.25341796875, 958.2147216796875, 2879.0693359375, 1294.357421875]",1
frame_0067.png,extras,bench,long bench,long bench.,0.2,0.2,1,0.7785,"[2226.720947265625, 958.3134765625, 2878.160400390625, 1294.1177978515625]",1
frame_0067.png,extras,bench,indoor bench,indoor bench.,0.2,0.2,2,0.5158,"[2226.73193359375, 957.792236328125, 2878.484619140625, 1292.861572265625]",1
frame_0067.png,extras,cardboard box,cardboard box,cardboard box.,0.2,0.2,0,0.0,,0
frame_0067.png,extras,cardboard box,brown cardboard box,brown cardboard box.,0.2,0.2,3,0.2633,"[2292.090087890625, 890.1991577148438, 2346.681640625, 973.5950927734375]",1
frame_0067.png,extras,cardboard box,shipping box,shipping box.,0.2,0.2,0,0.0,,0
frame_0067.png,extras,cardboard box,package box,package box.,0.2,0.2,0,0.0,,0
frame_0067.png,extras,cardboard box,stacked box,stacked box.,0.2,0.2,0,0.0,,0
frame_0067.png,extras,cardboard box,box,box.,0.2,0.2,0,0.0,,0
frame_0067.png,extras,chair,chair,chair.,0.2,0.2,12,0.4709,"[23.393604278564453, 591.4479370117188, 694.37841796875, 1474.2174072265625]",1
frame_0067.png,extras,chair,armless chair,armless chair.,0.2,0.2,4,0.371,"[194.8622283935547, 590.4797973632812, 695.5994262695312, 1470.7364501953125]",1
frame_0067.png,extras,chair,office chair,office chair.,0.2,0.2,13,0.6378,"[800.0104370117188, 854.133544921875, 942.3890991210938, 1064.061767578125]",1
frame_0067.png,extras,chair,swivel chair,swivel chair.,0.2,0.2,5,0.3451,"[193.05633544921875, 590.07080078125, 696.9844360351562, 1472.8575439453125]",1
frame_0067.png,extras,chair,rolling chair,rolling chair.,0.2,0.2,8,0.4468,"[198.05877685546875, 588.8158569335938, 696.53515625, 1470.1427001953125]",1
frame_0067.png,extras,chair,stool chair,stool chair.,0.2,0.2,13,0.5567,"[801.658203125, 854.8688354492188, 941.5667114257812, 1063.8087158203125]",1
frame_0067.png,extras,door,door,door.,0.2,0.2,2,0.459,"[1562.573486328125, 787.7025756835938, 1610.358154296875, 982.5621337890625]",1
frame_0067.png,extras,door,dark door surface,dark door surface.,0.2,0.2,2,0.4162,"[493.02313232421875, 527.9039306640625, 736.0311279296875, 1034.585205078125]",1
frame_0067.png,extras,door,wooden door,wooden door.,0.2,0.2,2,0.4703,"[1560.3095703125, 786.0230712890625, 1611.0474853515625, 983.6499633789062]",1
frame_0067.png,extras,door,closed door,closed door.,0.2,0.2,3,0.4563,"[1560.0670166015625, 784.797119140625, 1611.5015869140625, 983.9616088867188]",1
frame_0067.png,extras,door,interior door,interior door.,0.2,0.2,4,0.4327,"[1561.1466064453125, 786.1404418945312, 1610.9036865234375, 983.357177734375]",1
frame_0067.png,extras,electric vehicle,electric vehicle,electric vehicle.,0.2,0.2,1,0.2446,"[2477.57666015625, 659.5145874023438, 2736.341796875, 963.1937866210938]",1
frame_0067.png,extras,electric vehicle,small electric vehicle,small electric vehicle.,0.2,0.2,5,0.3995,"[2466.28564453125, 654.2711791992188, 2740.442138671875, 968.6538696289062]",1
frame_0067.png,extras,electric vehicle,electric cart,electric cart.,0.2,0.2,0,0.0,,0
frame_0067.png,extras,electric vehicle,small electric cart,small electric cart.,0.2,0.2,2,0.3969,"[2473.303466796875, 654.556640625, 2605.063232421875, 961.248291015625]",1
frame_0067.png,extras,electric vehicle,compact electric car,compact electric car.,0.2,0.2,6,0.3594,"[1147.231201171875, 1653.54931640625, 1696.9056396484375, 1854.610595703125]",1
frame_0067.png,extras,electric vehicle,indoor electric vehicle,indoor electric vehicle.,0.2,0.2,6,0.421,"[5.310859680175781, 5.154374122619629, 2873.835205078125, 1851.3006591796875]",1
frame_0067.png,extras,electric vehicle,robot platform,robot platform.,0.2,0.2,6,0.3734,"[2224.65771484375, 953.0077514648438, 2878.197265625, 1294.4520263671875]",1
frame_0067.png,extras,large power bank,large power bank,large power bank.,0.18,0.18,4,0.3274,"[778.4463500976562, 489.2003173828125, 1469.028564453125, 1045.3741455078125]",1
frame_0067.png,extras,large power bank,portable power bank battery,portable power bank battery.,0.18,0.18,4,0.338,"[876.3202514648438, 758.2587280273438, 922.3689575195312, 797.68408203125]",1
frame_0067.png,extras,large power bank,power bank,power bank.,0.18,0.18,5,0.2731,"[792.8516845703125, 493.2704162597656, 1462.501708984375, 1041.3843994140625]",1
frame_0067.png,extras,large power bank,battery pack,battery pack.,0.18,0.18,0,0.0,,0
frame_0067.png,extras,large power bank,large battery,large battery.,0.18,0.18,4,0.2703,"[1150.452880859375, 1656.773193359375, 1694.9300537109375, 1854.830322265625]",1
frame_0067.png,extras,large power bank,portable battery,portable battery.,0.18,0.18,3,0.2742,"[1896.402099609375, 979.9508666992188, 1924.2071533203125, 1011.6434936523438]",1
frame_0067.png,extras,large power bank,rectangular battery box,rectangular battery box.,0.18,0.18,2,0.2493,"[876.798583984375, 758.2044067382812, 922.5851440429688, 797.0469970703125]",1
frame_0067.png,extras,meeting table set,meeting table set,meeting table set.,0.2,0.2,5,0.4243,"[761.3450927734375, 852.828369140625, 1147.2568359375, 1065.4981689453125]",1
frame_0067.png,extras,meeting table set,large meeting table,large meeting table.,0.2,0.2,2,0.6998,"[2223.486083984375, 948.9557495117188, 2876.20947265625, 1296.1702880859375]",1
frame_0067.png,extras,meeting table set,conference table,conference table.,0.2,0.2,5,0.6512,"[2228.41455078125, 954.9135131835938, 2878.0927734375, 1293.0162353515625]",1
frame_0067.png,extras,meeting table set,long table with chairs,long table with chairs.,0.2,0.2,4,0.3647,"[2222.21923828125, 943.287109375, 2873.82373046875, 1298.4400634765625]",1
frame_0067.png,extras,meeting table set,office meeting table,office meeting table.,0.2,0.2,5,0.5991,"[2226.631103515625, 954.2034301757812, 2877.536376953125, 1293.6270751953125]",1
frame_0067.png,extras,meeting table set,long rectangular table,long rectangular table.,0.2,0.2,1,0.7721,"[2224.961669921875, 953.0567626953125, 2876.6171875, 1295.0841064453125]",1
frame_0067.png,extras,plant pot,plant pot,plant pot.,0.2,0.2,0,0.0,,0
frame_0067.png,extras,plant pot,potted plant in plastic pot,potted plant in plastic pot.,0.2,0.2,0,0.0,,0
frame_0067.png,extras,plant pot,potted plant,potted plant.,0.2,0.2,0,0.0,,0
frame_0067.png,extras,plant pot,indoor potted plant,indoor potted plant.,0.2,0.2,0,0.0,,0
frame_0067.png,extras,plant pot,flower pot,flower pot.,0.2,0.2,0,0.0,,0
frame_0067.png,extras,plant pot,plastic plant pot,plastic plant pot.,0.2,0.2,0,0.0,,0
frame_0067.png,extras,shoes,shoes,shoes.,0.18,0.18,4,0.2975,"[1809.8231201171875, 996.9600219726562, 1828.0570068359375, 1008.68505859375]",1
frame_0067.png,extras,shoes,pair of indoor shoes,pair of indoor shoes.,0.18,0.18,5,0.42,"[1801.044677734375, 979.803955078125, 1859.9129638671875, 1017.668212890625]",1
frame_0067.png,extras,shoes,indoor shoes,indoor shoes.,0.18,0.18,13,0.3631,"[1150.9573974609375, 1658.074462890625, 1694.91162109375, 1856.2906494140625]",1
frame_0067.png,extras,shoes,pair of shoes,pair of shoes.,0.18,0.18,5,0.4819,"[1799.133056640625, 978.5071411132812, 1860.7962646484375, 1018.4113159179688]",1
frame_0067.png,extras,shoes,sneakers,sneakers.,0.18,0.18,4,0.3489,"[1810.0377197265625, 997.5687866210938, 1827.3353271484375, 1008.1202392578125]",1
frame_0067.png,extras,shoes,slippers,slippers.,0.18,0.18,0,0.0,,0
frame_0067.png,extras,shoes,shoe pair on floor,shoe pair on floor.,0.18,0.18,6,0.6305,"[10.796127319335938, 968.6494140625, 2870.008544921875, 1847.995849609375]",1
frame_0067.png,extras,trash bin,trash bin,trash bin.,0.2,0.2,0,0.0,,0
frame_0067.png,extras,trash bin,indoor trash bin,indoor trash bin.,0.2,0.2,0,0.0,,0
frame_0067.png,extras,trash bin,garbage bin,garbage bin.,0.2,0.2,0,0.0,,0
frame_0067.png,extras,trash bin,waste bin,waste bin.,0.2,0.2,0,0.0,,0
frame_0067.png,extras,trash bin,recycling bin,recycling bin.,0.2,0.2,0,0.0,,0
frame_0067.png,extras,trash bin,small trash can,small trash can.,0.2,0.2,4,0.4115,"[1892.3402099609375, 975.48876953125, 1927.052978515625, 1014.4674072265625]",1
frame_0067.png,extras,vacuum cleaner,vacuum cleaner,vacuum cleaner.,0.2,0.2,3,0.429,"[2479.277587890625, 657.23828125, 2599.213623046875, 959.2255859375]",1
frame_0067.png,extras,vacuum cleaner,upright vacuum cleaner,upright vacuum cleaner.,0.2,0.2,2,0.4887,"[2477.601318359375, 655.204345703125, 2600.932861328125, 960.542236328125]",1
frame_0067.png,extras,vacuum cleaner,stick vacuum,stick vacuum.,0.2,0.2,1,0.2768,"[2481.42626953125, 659.3867797851562, 2597.68701171875, 958.4669189453125]",1
frame_0067.png,extras,vacuum cleaner,household vacuum,household vacuum.,0.2,0.2,3,0.4447,"[2480.215087890625, 658.1383666992188, 2598.320068359375, 958.28125]",1
frame_0067.png,extras,vacuum cleaner,robot vacuum,robot vacuum.,0.2,0.2,2,0.3609,"[2479.008056640625, 657.832275390625, 2599.408935546875, 959.4244995117188]",1
frame_0067.png,extras,vacuum cleaner,cordless vacuum cleaner,cordless vacuum cleaner.,0.2,0.2,2,0.4431,"[2477.62255859375, 656.042236328125, 2600.4326171875, 960.736572265625]",1
frame_0068.png,production,meeting table set,ALL_GROUP,meeting table. conference table. table with chairs. meeting table set.,0.32,0.32,0,0.0,,0
frame_0068.png,production,chair,ALL_GROUP,chair. chairs. armless chair.,0.36,0.36,1,0.3745,"[1875.4549560546875, 790.322998046875, 2298.092041015625, 1154.4886474609375]",1
frame_0068.png,production,bench,ALL_GROUP,bench. metal bench. waiting bench.,0.34,0.34,1,0.4046,"[2186.89990234375, 971.3683471679688, 2878.6025390625, 1510.255859375]",1
frame_0068.png,production,cardboard box+plant pot+shoes,ALL_GROUP,cardboard box. brown cardboard box. cardboard package. plant pot. potted plant. flower pot. indoor plant pot. shoes. pair of shoes. footwear. black shoes.,0.3,0.3,2,0.4259,"[1514.3619384765625, 1019.6159057617188, 1593.783935546875, 1060.453369140625]",1
frame_0068.png,production,trash bin+vacuum cleaner,ALL_GROUP,trash bin. trash can. waste bin. recycling bin. row of trash bins. vacuum cleaner. upright vacuum cleaner. cordless vacuum. floor cleaner.,0.25,0.25,0,0.0,,0
frame_0068.png,production,large power bank,ALL_GROUP,large power bank. portable power station. battery pack. power bank.,0.28,0.28,0,0.0,,0
frame_0068.png,production,door,ALL_GROUP,door. doors. dark door. elevator sliding door. sliding door.,0.26,0.26,3,0.3509,"[1664.9561767578125, 170.11549377441406, 2262.7080078125, 1098.1551513671875]",1
frame_0068.png,production,electric vehicle,ALL_GROUP,electric vehicle. small electric vehicle. mobility scooter. scooter.,0.28,0.28,2,0.3948,"[1862.8189697265625, 579.1285400390625, 2305.8125, 1160.2310791015625]",1
frame_0068.png,extras,bench,bench,bench.,0.2,0.2,5,0.3258,"[2188.203857421875, 973.3893432617188, 2878.86328125, 1506.5009765625]",1
frame_0068.png,extras,bench,metal bench,metal bench.,0.2,0.2,2,0.4737,"[2186.3818359375, 967.5687255859375, 2876.283935546875, 1512.03759765625]",1
frame_0068.png,extras,bench,waiting bench,waiting bench.,0.2,0.2,2,0.4824,"[2187.02294921875, 971.3748168945312, 2878.430908203125, 1511.4962158203125]",1
frame_0068.png,extras,bench,long bench,long bench.,0.2,0.2,3,0.4495,"[2187.181640625, 971.160400390625, 2877.360107421875, 1510.615478515625]",1
frame_0068.png,extras,bench,indoor bench,indoor bench.,0.2,0.2,4,0.4441,"[2187.717529296875, 971.0892944335938, 2877.333984375, 1509.100830078125]",1
frame_0068.png,extras,cardboard box,cardboard box,cardboard box.,0.2,0.2,1,0.2093,"[2187.615966796875, 974.3824462890625, 2534.0224609375, 1507.96240234375]",1
frame_0068.png,extras,cardboard box,brown cardboard box,brown cardboard box.,0.2,0.2,2,0.4327,"[2183.805419921875, 969.3599243164062, 2536.98583984375, 1509.4813232421875]",1
frame_0068.png,extras,cardboard box,shipping box,shipping box.,0.2,0.2,0,0.0,,0
frame_0068.png,extras,cardboard box,package box,package box.,0.2,0.2,0,0.0,,0
frame_0068.png,extras,cardboard box,stacked box,stacked box.,0.2,0.2,0,0.0,,0
frame_0068.png,extras,cardboard box,box,box.,0.2,0.2,0,0.0,,0
frame_0068.png,extras,chair,chair,chair.,0.2,0.2,7,0.292,"[2061.81591796875, 791.4634399414062, 2293.85302734375, 977.2435302734375]",1
frame_0068.png,extras,chair,armless chair,armless chair.,0.2,0.2,5,0.3797,"[1875.03759765625, 788.3131103515625, 2297.75390625, 1155.590576171875]",1
frame_0068.png,extras,chair,office chair,office chair.,0.2,0.2,8,0.3756,"[1875.0992431640625, 788.21240234375, 2298.09912109375, 1154.1951904296875]",1
frame_0068.png,extras,chair,swivel chair,swivel chair.,0.2,0.2,2,0.4588,"[1873.507080078125, 788.4993286132812, 2298.249267578125, 1156.4595947265625]",1
frame_0068.png,extras,chair,rolling chair,rolling chair.,0.2,0.2,4,0.4285,"[1875.58349609375, 788.4111328125, 2297.404052734375, 1154.87744140625]",1
frame_0068.png,extras,chair,stool chair,stool chair.,0.2,0.2,9,0.3444,"[2258.026123046875, 1676.5206298828125, 2877.78271484375, 1854.3543701171875]",1
frame_0068.png,extras,door,door,door.,0.2,0.2,6,0.3586,"[1670.479736328125, 170.57261657714844, 2257.6708984375, 1092.510498046875]",1
frame_0068.png,extras,door,dark door surface,dark door surface.,0.2,0.2,2,0.3021,"[2171.9111328125, 74.4941635131836, 2447.177734375, 989.741943359375]",1
frame_0068.png,extras,door,wooden door,wooden door.,0.2,0.2,4,0.3765,"[690.3202514648438, 734.6807861328125, 757.4201049804688, 997.880859375]",1
frame_0068.png,extras,door,closed door,closed door.,0.2,0.2,5,0.3418,"[1664.680419921875, 168.93508911132812, 2264.06689453125, 1096.59619140625]",1
frame_0068.png,extras,door,interior door,interior door.,0.2,0.2,7,0.3484,"[1666.01171875, 169.20785522460938, 2263.76171875, 1094.8448486328125]",1
frame_0068.png,extras,electric vehicle,electric vehicle,electric vehicle.,0.2,0.2,2,0.4876,"[1869.359375, 581.2423706054688, 2298.773193359375, 1156.59423828125]",1
frame_0068.png,extras,electric vehicle,small electric vehicle,small electric vehicle.,0.2,0.2,2,0.504,"[1862.462646484375, 579.4599609375, 2305.107666015625, 1160.5230712890625]",1
frame_0068.png,extras,electric vehicle,electric cart,electric cart.,0.2,0.2,2,0.4863,"[1868.134765625, 580.224609375, 2299.005859375, 1157.799560546875]",1
frame_0068.png,extras,electric vehicle,small electric cart,small electric cart.,0.2,0.2,2,0.4685,"[1863.935791015625, 579.5503540039062, 2303.986572265625, 1160.0601806640625]",1
frame_0068.png,extras,electric vehicle,compact electric car,compact electric car.,0.2,0.2,2,0.4747,"[1870.0826416015625, 786.39306640625, 2299.682373046875, 1156.7042236328125]",1
frame_0068.png,extras,electric vehicle,indoor electric vehicle,indoor electric vehicle.,0.2,0.2,4,0.669,"[1868.537841796875, 578.862548828125, 2299.21142578125, 1157.525634765625]",1
frame_0068.png,extras,electric vehicle,robot platform,robot platform.,0.2,0.2,4,0.3389,"[2185.9580078125, 968.2323608398438, 2877.099609375, 1513.4781494140625]",1
frame_0068.png,extras,large power bank,large power bank,large power bank.,0.18,0.18,5,0.3258,"[9.997129440307617, 8.191123008728027, 2868.859619140625, 1843.79150390625]",1
frame_0068.png,extras,large power bank,portable power bank battery,portable power bank battery.,0.18,0.18,2,0.4617,"[2185.033447265625, 972.0335693359375, 2537.029052734375, 1509.4185791015625]",1
frame_0068.png,extras,large power bank,power bank,power bank.,0.18,0.18,8,0.3577,"[1870.1571044921875, 580.631591796875, 2296.59521484375, 1156.7769775390625]",1
frame_0068.png,extras,large power bank,battery pack,battery pack.,0.18,0.18,0,0.0,,0
frame_0068.png,extras,large power bank,large battery,large battery.,0.18,0.18,3,0.4258,"[2185.796875, 972.8221435546875, 2536.51806640625, 1508.969970703125]",1
frame_0068.png,extras,large power bank,portable battery,portable battery.,0.18,0.18,2,0.3613,"[2186.0830078125, 974.0789794921875, 2536.085205078125, 1508.9739990234375]",1
frame_0068.png,extras,large power bank,rectangular battery box,rectangular battery box.,0.18,0.18,2,0.3945,"[2186.212890625, 971.6557006835938, 2536.42431640625, 1508.6419677734375]",1
frame_0068.png,extras,meeting table set,meeting table set,meeting table set.,0.2,0.2,2,0.371,"[2184.43798828125, 961.561279296875, 2876.343017578125, 1679.123779296875]",1
frame_0068.png,extras,meeting table set,large meeting table,large meeting table.,0.2,0.2,2,0.4992,"[2186.833740234375, 963.2813720703125, 2874.90771484375, 1509.5302734375]",1
frame_0068.png,extras,meeting table set,conference table,conference table.,0.2,0.2,3,0.4226,"[2190.0859375, 968.267578125, 2877.17333984375, 1509.327880859375]",1
frame_0068.png,extras,meeting table set,long table with chairs,long table with chairs.,0.2,0.2,2,0.4822,"[2185.3408203125, 953.0816040039062, 2872.440185546875, 1528.4559326171875]",1
frame_0068.png,extras,meeting table set,office meeting table,office meeting table.,0.2,0.2,2,0.3948,"[2188.47509765625, 965.6517333984375, 2876.46728515625, 1509.8106689453125]",1
frame_0068.png,extras,meeting table set,long rectangular table,long rectangular table.,0.2,0.2,2,0.5669,"[2187.421875, 961.4478759765625, 2876.229248046875, 1685.2152099609375]",1
frame_0068.png,extras,plant pot,plant pot,plant pot.,0.2,0.2,0,0.0,,0
frame_0068.png,extras,plant pot,potted plant in plastic pot,potted plant in plastic pot.,0.2,0.2,2,0.3506,"[2182.92236328125, 966.707275390625, 2537.15283203125, 1509.2923583984375]",1
frame_0068.png,extras,plant pot,potted plant,potted plant.,0.2,0.2,0,0.0,,0
frame_0068.png,extras,plant pot,indoor potted plant,indoor potted plant.,0.2,0.2,0,0.0,,0
frame_0068.png,extras,plant pot,flower pot,flower pot.,0.2,0.2,0,0.0,,0
frame_0068.png,extras,plant pot,plastic plant pot,plastic plant pot.,0.2,0.2,1,0.2328,"[2186.941162109375, 973.12744140625, 2535.548828125, 1508.0435791015625]",1
frame_0068.png,extras,shoes,shoes,shoes.,0.18,0.18,6,0.4278,"[1520.5155029296875, 1031.772216796875, 1549.5369873046875, 1052.2530517578125]",1
frame_0068.png,extras,shoes,pair of indoor shoes,pair of indoor shoes.,0.18,0.18,5,0.62,"[1508.4752197265625, 1011.5423583984375, 1597.3192138671875, 1063.215087890625]",1
frame_0068.png,extras,shoes,indoor shoes,indoor shoes.,0.18,0.18,9,0.4574,"[1519.1175537109375, 1028.4454345703125, 1550.55419921875, 1054.70556640625]",1
frame_0068.png,extras,shoes,pair of shoes,pair of shoes.,0.18,0.18,8,0.643,"[1506.0927734375, 1010.0241088867188, 1599.0325927734375, 1064.9654541015625]",1
frame_0068.png,extras,shoes,sneakers,sneakers.,0.18,0.18,4,0.4217,"[1521.3348388671875, 1032.3848876953125, 1548.6341552734375, 1051.28515625]",1
frame_0068.png,extras,shoes,slippers,slippers.,0.18,0.18,3,0.3072,"[1522.0843505859375, 1035.799560546875, 1550.236083984375, 1051.7664794921875]",1
frame_0068.png,extras,shoes,shoe pair on floor,shoe pair on floor.,0.18,0.18,6,0.5853,"[11.144857406616211, 953.3521728515625, 2793.6494140625, 1847.115478515625]",1
frame_0068.png,extras,trash bin,trash bin,trash bin.,0.2,0.2,0,0.0,,0
frame_0068.png,extras,trash bin,indoor trash bin,indoor trash bin.,0.2,0.2,2,0.3019,"[2186.37060546875, 971.8600463867188, 2537.105712890625, 1507.996337890625]",1
frame_0068.png,extras,trash bin,garbage bin,garbage bin.,0.2,0.2,0,0.0,,0
frame_0068.png,extras,trash bin,waste bin,waste bin.,0.2,0.2,0,0.0,,0
frame_0068.png,extras,trash bin,recycling bin,recycling bin.,0.2,0.2,1,0.2289,"[2186.608642578125, 974.3869018554688, 2535.531982421875, 1507.9246826171875]",1
frame_0068.png,extras,trash bin,small trash can,small trash can.,0.2,0.2,5,0.3547,"[1102.1259765625, 991.900146484375, 1144.9696044921875, 1041.5821533203125]",1
frame_0068.png,extras,vacuum cleaner,vacuum cleaner,vacuum cleaner.,0.2,0.2,1,0.5687,"[1868.49609375, 578.4736328125, 2298.044189453125, 1157.7508544921875]",1
frame_0068.png,extras,vacuum cleaner,upright vacuum cleaner,upright vacuum cleaner.,0.2,0.2,1,0.7455,"[1867.4361572265625, 578.29443359375, 2298.69140625, 1159.23486328125]",1
frame_0068.png,extras,vacuum cleaner,stick vacuum,stick vacuum.,0.2,0.2,1,0.2342,"[1872.192138671875, 581.025634765625, 2294.842041015625, 1156.2010498046875]",1
frame_0068.png,extras,vacuum cleaner,household vacuum,household vacuum.,0.2,0.2,2,0.5993,"[1870.8807373046875, 579.9032592773438, 2296.44091796875, 1156.5814208984375]",1
frame_0068.png,extras,vacuum cleaner,robot vacuum,robot vacuum.,0.2,0.2,1,0.4722,"[1869.3013916015625, 579.3618774414062, 2297.5595703125, 1157.76513671875]",1
frame_0068.png,extras,vacuum cleaner,cordless vacuum cleaner,cordless vacuum cleaner.,0.2,0.2,1,0.7688,"[1866.6971435546875, 578.5137939453125, 2299.288330078125, 1159.2086181640625]",1
frame_0069.png,production,meeting table set,ALL_GROUP,meeting table. conference table. table with chairs. meeting table set.,0.32,0.32,0,0.0,,0
frame_0069.png,production,chair,ALL_GROUP,chair. chairs. armless chair.,0.36,0.36,1,0.3738,"[1566.01708984375, 724.76513671875, 2360.28857421875, 1297.6854248046875]",1
frame_0069.png,production,bench,ALL_GROUP,bench. metal bench. waiting bench.,0.34,0.34,1,0.3673,"[1567.108154296875, 723.9989624023438, 2359.866943359375, 1296.8006591796875]",1
frame_0069.png,production,cardboard box+plant pot+shoes,ALL_GROUP,cardboard box. brown cardboard box. cardboard package. plant pot. potted plant. flower pot. indoor plant pot. shoes. pair of shoes. footwear. black shoes.,0.3,0.3,6,0.463,"[322.4712829589844, 1047.197265625, 434.2253112792969, 1101.9031982421875]",1
frame_0069.png,production,trash bin+vacuum cleaner,ALL_GROUP,trash bin. trash can. waste bin. recycling bin. row of trash bins. vacuum cleaner. upright vacuum cleaner. cordless vacuum. floor cleaner.,0.25,0.25,0,0.0,,0
frame_0069.png,production,large power bank,ALL_GROUP,large power bank. portable power station. battery pack. power bank.,0.28,0.28,0,0.0,,0
frame_0069.png,production,door,ALL_GROUP,door. doors. dark door. elevator sliding door. sliding door.,0.26,0.26,2,0.329,"[45.669029235839844, 657.5647583007812, 113.02188110351562, 1030.251220703125]",1
frame_0069.png,production,electric vehicle,ALL_GROUP,electric vehicle. small electric vehicle. mobility scooter. scooter.,0.28,0.28,2,0.4514,"[1550.91162109375, 366.1413269042969, 2367.930419921875, 1307.9193115234375]",1
frame_0069.png,extras,bench,bench,bench.,0.2,0.2,3,0.2714,"[1566.5120849609375, 371.1126708984375, 2357.81494140625, 1296.9713134765625]",1
frame_0069.png,extras,bench,metal bench,metal bench.,0.2,0.2,3,0.4433,"[1566.8701171875, 720.7196044921875, 2356.725341796875, 1295.42724609375]",1
frame_0069.png,extras,bench,waiting bench,waiting bench.,0.2,0.2,3,0.4053,"[1566.666748046875, 723.3124389648438, 2358.919921875, 1296.9521484375]",1
frame_0069.png,extras,bench,long bench,long bench.,0.2,0.2,3,0.3909,"[1568.0628662109375, 722.9686889648438, 2356.66650390625, 1294.93115234375]",1
frame_0069.png,extras,bench,indoor bench,indoor bench.,0.2,0.2,3,0.4193,"[1567.205322265625, 722.7565307617188, 2357.80224609375, 1295.7491455078125]",1
frame_0069.png,extras,cardboard box,cardboard box,cardboard box.,0.2,0.2,0,0.0,,0
frame_0069.png,extras,cardboard box,brown cardboard box,brown cardboard box.,0.2,0.2,6,0.2821,"[491.7462463378906, 1022.63037109375, 555.613037109375, 1088.0203857421875]",1
frame_0069.png,extras,cardboard box,shipping box,shipping box.,0.2,0.2,0,0.0,,0
frame_0069.png,extras,cardboard box,package box,package box.,0.2,0.2,0,0.0,,0
frame_0069.png,extras,cardboard box,stacked box,stacked box.,0.2,0.2,0,0.0,,0
frame_0069.png,extras,cardboard box,box,box.,0.2,0.2,1,0.2561,"[495.9889831542969, 1029.0037841796875, 549.9989013671875, 1085.2308349609375]",1
frame_0069.png,extras,chair,chair,chair.,0.2,0.2,4,0.3257,"[1777.536376953125, 726.2984008789062, 2154.34521484375, 1102.234375]",1
frame_0069.png,extras,chair,armless chair,armless chair.,0.2,0.2,3,0.4088,"[1565.5654296875, 722.4677124023438, 2358.262451171875, 1296.6778564453125]",1
frame_0069.png,extras,chair,office chair,office chair.,0.2,0.2,5,0.3711,"[1561.3878173828125, 369.34869384765625, 2359.79638671875, 1299.879638671875]",1
frame_0069.png,extras,chair,swivel chair,swivel chair.,0.2,0.2,2,0.441,"[1564.6199951171875, 722.572509765625, 2359.935791015625, 1298.42919921875]",1
frame_0069.png,extras,chair,rolling chair,rolling chair.,0.2,0.2,3,0.4088,"[1562.4302978515625, 368.6513671875, 2359.103271484375, 1299.1090087890625]",1
frame_0069.png,extras,chair,stool chair,stool chair.,0.2,0.2,7,0.3532,"[1775.5621337890625, 726.2943725585938, 2160.998291015625, 1116.4996337890625]",1
frame_0069.png,extras,door,door,door.,0.2,0.2,4,0.3899,"[45.64583206176758, 659.5682373046875, 112.2715835571289, 1028.779052734375]",1
frame_0069.png,extras,door,dark door surface,dark door surface.,0.2,0.2,2,0.3896,"[1950.2406005859375, 12.850930213928223, 2481.384521484375, 1274.5921630859375]",1
frame_0069.png,extras,door,wooden door,wooden door.,0.2,0.2,4,0.3795,"[42.97807693481445, 656.2122192382812, 115.8530044555664, 1030.6146240234375]",1
frame_0069.png,extras,door,closed door,closed door.,0.2,0.2,1,0.4442,"[43.67325973510742, 654.8675537109375, 115.88827514648438, 1031.758056640625]",1
frame_0069.png,extras,door,interior door,interior door.,0.2,0.2,4,0.3636,"[44.65319061279297, 656.947021484375, 113.71350860595703, 1030.46044921875]",1
frame_0069.png,extras,electric vehicle,electric vehicle,electric vehicle.,0.2,0.2,2,0.5578,"[1562.224609375, 368.70257568359375, 2361.708740234375, 1301.5052490234375]",1
frame_0069.png,extras,electric vehicle,small electric vehicle,small electric vehicle.,0.2,0.2,2,0.5166,"[1552.5478515625, 364.7671203613281, 2367.3916015625, 1307.387939453125]",1
frame_0069.png,extras,electric vehicle,electric cart,electric cart.,0.2,0.2,2,0.5948,"[1560.63623046875, 368.0406188964844, 2361.1484375, 1301.197021484375]",1
frame_0069.png,extras,electric vehicle,small electric cart,small electric cart.,0.2,0.2,2,0.5967,"[1553.9656982421875, 365.2856750488281, 2365.3310546875, 1305.4998779296875]",1
frame_0069.png,extras,electric vehicle,compact electric car,compact electric car.,0.2,0.2,2,0.4381,"[1558.845947265625, 367.10858154296875, 2364.158935546875, 1303.1107177734375]",1
frame_0069.png,extras,electric vehicle,indoor electric vehicle,indoor electric vehicle.,0.2,0.2,2,0.6824,"[1560.810791015625, 366.6808166503906, 2362.9189453125, 1301.404052734375]",1
frame_0069.png,extras,electric vehicle,robot platform,robot platform.,0.2,0.2,2,0.5355,"[1560.8104248046875, 367.9535827636719, 2359.86767578125, 1300.262451171875]",1
frame_0069.png,extras,large power bank,large power bank,large power bank.,0.18,0.18,3,0.5016,"[1550.1270751953125, 365.017822265625, 2365.559814453125, 1307.122802734375]",1
frame_0069.png,extras,large power bank,portable power bank battery,portable power bank battery.,0.18,0.18,2,0.5146,"[492.5902099609375, 1024.6348876953125, 553.7554931640625, 1087.923828125]",1
frame_0069.png,extras,large power bank,power bank,power bank.,0.18,0.18,4,0.464,"[1561.9967041015625, 367.66119384765625, 2360.483642578125, 1300.254150390625]",1
frame_0069.png,extras,large power bank,battery pack,battery pack.,0.18,0.18,1,0.2613,"[494.64959716796875, 1027.721923828125, 551.852294921875, 1086.8057861328125]",1
frame_0069.png,extras,large power bank,large battery,large battery.,0.18,0.18,3,0.3471,"[492.7652282714844, 1025.2054443359375, 552.9934692382812, 1087.8453369140625]",1
frame_0069.png,extras,large power bank,portable battery,portable battery.,0.18,0.18,2,0.4123,"[493.3056640625, 1026.046630859375, 552.5704345703125, 1087.734375]",1
frame_0069.png,extras,large power bank,rectangular battery box,rectangular battery box.,0.18,0.18,1,0.4604,"[492.3268127441406, 1023.6795043945312, 555.2105102539062, 1087.765869140625]",1
frame_0069.png,extras,meeting table set,meeting table set,meeting table set.,0.2,0.2,2,0.4789,"[1557.1480712890625, 366.0043029785156, 2363.07080078125, 1303.240478515625]",1
frame_0069.png,extras,meeting table set,large meeting table,large meeting table.,0.2,0.2,4,0.4049,"[1553.6861572265625, 365.9519348144531, 2363.0283203125, 1304.09716796875]",1
frame_0069.png,extras,meeting table set,conference table,conference table.,0.2,0.2,5,0.3779,"[1164.1002197265625, 760.8311157226562, 1290.2490234375, 1044.5487060546875]",1
frame_0069.png,extras,meeting table set,long table with chairs,long table with chairs.,0.2,0.2,5,0.4191,"[1157.0411376953125, 750.864013671875, 1296.5030517578125, 1048.059326171875]",1
frame_0069.png,extras,meeting table set,office meeting table,office meeting table.,0.2,0.2,4,0.4654,"[1160.964111328125, 756.7316284179688, 1292.8084716796875, 1046.5682373046875]",1
frame_0069.png,extras,meeting table set,long rectangular table,long rectangular table.,0.2,0.2,6,0.4072,"[5.547065734863281, 998.996826171875, 2616.7822265625, 1849.4793701171875]",1
frame_0069.png,extras,plant pot,plant pot,plant pot.,0.2,0.2,0,0.0,,0
frame_0069.png,extras,plant pot,potted plant in plastic pot,potted plant in plastic pot.,0.2,0.2,2,0.2881,"[1210.2008056640625, 711.245361328125, 1256.12255859375, 770.4292602539062]",1
frame_0069.png,extras,plant pot,potted plant,potted plant.,0.2,0.2,0,0.0,,0
frame_0069.png,extras,plant pot,indoor potted plant,indoor potted plant.,0.2,0.2,0,0.0,,0
frame_0069.png,extras,plant pot,flower pot,flower pot.,0.2,0.2,0,0.0,,0
frame_0069.png,extras,plant pot,plastic plant pot,plastic plant pot.,0.2,0.2,0,0.0,,0
frame_0069.png,extras,shoes,shoes,shoes.,0.18,0.18,5,0.4177,"[1063.39697265625, 1077.2022705078125, 1102.8341064453125, 1099.2041015625]",1
frame_0069.png,extras,shoes,pair of indoor shoes,pair of indoor shoes.,0.18,0.18,4,0.5636,"[1051.9171142578125, 1049.016357421875, 1167.379150390625, 1108.89794921875]",1
frame_0069.png,extras,shoes,indoor shoes,indoor shoes.,0.18,0.18,7,0.5384,"[327.7270202636719, 1061.059814453125, 385.5162048339844, 1094.102783203125]",1
frame_0069.png,extras,shoes,pair of shoes,pair of shoes.,0.18,0.18,6,0.6212,"[317.2976989746094, 1040.6900634765625, 438.51336669921875, 1105.6773681640625]",1
frame_0069.png,extras,shoes,sneakers,sneakers.,0.18,0.18,4,0.513,"[1063.9873046875, 1076.3807373046875, 1102.5234375, 1097.6546630859375]",1
frame_0069.png,extras,shoes,slippers,slippers.,0.18,0.18,2,0.3403,"[1064.4832763671875, 1079.6617431640625, 1103.667236328125, 1098.29541015625]",1
frame_0069.png,extras,shoes,shoe pair on floor,shoe pair on floor.,0.18,0.18,5,0.565,"[10.126047134399414, 995.533203125, 2606.634765625, 1847.9066162109375]",1
frame_0069.png,extras,trash bin,trash bin,trash bin.,0.2,0.2,0,0.0,,0
frame_0069.png,extras,trash bin,indoor trash bin,indoor trash bin.,0.2,0.2,2,0.4124,"[1162.094970703125, 855.6016845703125, 1288.067138671875, 1046.69384765625]",1
frame_0069.png,extras,trash bin,garbage bin,garbage bin.,0.2,0.2,1,0.3008,"[1163.5804443359375, 859.2601928710938, 1287.415771484375, 1045.4429931640625]",1
frame_0069.png,extras,trash bin,waste bin,waste bin.,0.2,0.2,1,0.3157,"[1163.5496826171875, 860.9593505859375, 1287.6201171875, 1045.584716796875]",1
frame_0069.png,extras,trash bin,recycling bin,recycling bin.,0.2,0.2,2,0.2662,"[1163.018310546875, 864.5568237304688, 1288.5955810546875, 1045.484375]",1
frame_0069.png,extras,trash bin,small trash can,small trash can.,0.2,0.2,1,0.7064,"[1158.9271240234375, 850.5016479492188, 1289.2769775390625, 1049.112548828125]",1
frame_0069.png,extras,vacuum cleaner,vacuum cleaner,vacuum cleaner.,0.2,0.2,1,0.6637,"[1561.8489990234375, 366.8532409667969, 2361.58154296875, 1300.2239990234375]",1
frame_0069.png,extras,vacuum cleaner,upright vacuum cleaner,upright vacuum cleaner.,0.2,0.2,1,0.7777,"[1560.22802734375, 366.2601318359375, 2362.487548828125, 1301.4896240234375]",1
frame_0069.png,extras,vacuum cleaner,stick vacuum,stick vacuum.,0.2,0.2,1,0.2455,"[1565.4593505859375, 369.5692138671875, 2359.8779296875, 1298.5501708984375]",1
frame_0069.png,extras,vacuum cleaner,household vacuum,household vacuum.,0.2,0.2,1,0.6476,"[1564.29248046875, 368.6510314941406, 2360.158447265625, 1298.987060546875]",1
frame_0069.png,extras,vacuum cleaner,robot vacuum,robot vacuum.,0.2,0.2,1,0.602,"[1562.3729248046875, 368.0041809082031, 2361.099609375, 1300.20458984375]",1
frame_0069.png,extras,vacuum cleaner,cordless vacuum cleaner,cordless vacuum cleaner.,0.2,0.2,1,0.8119,"[1559.74853515625, 366.4732666015625, 2363.18701171875, 1301.50634765625]",1
frame_0070.png,production,meeting table set,ALL_GROUP,meeting table. conference table. table with chairs. meeting table set.,0.32,0.32,0,0.0,,0
frame_0070.png,production,chair,ALL_GROUP,chair. chairs. armless chair.,0.36,0.36,0,0.0,,0
frame_0070.png,production,bench,ALL_GROUP,bench. metal bench. waiting bench.,0.34,0.34,0,0.0,,0
frame_0070.png,production,cardboard box+plant pot+shoes,ALL_GROUP,cardboard box. brown cardboard box. cardboard package. plant pot. potted plant. flower pot. indoor plant pot. shoes. pair of shoes. footwear. black shoes.,0.3,0.3,7,0.4722,"[865.9514770507812, 1081.720458984375, 1001.0368041992188, 1149.6248779296875]",1
frame_0070.png,production,trash bin+vacuum cleaner,ALL_GROUP,trash bin. trash can. waste bin. recycling bin. row of trash bins. vacuum cleaner. upright vacuum cleaner. cordless vacuum. floor cleaner.,0.25,0.25,0,0.0,,0
frame_0070.png,production,large power bank,ALL_GROUP,large power bank. portable power station. battery pack. power bank.,0.28,0.28,1,0.2814,"[1005.3933715820312, 712.796875, 1135.2857666015625, 1067.1036376953125]",1
frame_0070.png,production,door,ALL_GROUP,door. doors. dark door. elevator sliding door. sliding door.,0.26,0.26,2,0.4271,"[1126.3323974609375, 3.3539323806762695, 2116.001220703125, 1254.7537841796875]",1
frame_0070.png,production,electric vehicle,ALL_GROUP,electric vehicle. small electric vehicle. mobility scooter. scooter.,0.28,0.28,1,0.4708,"[1506.1846923828125, 69.28829193115234, 2638.87451171875, 1546.74365234375]",1
frame_0070.png,extras,bench,bench,bench.,0.2,0.2,1,0.2599,"[1522.0977783203125, 68.89366912841797, 2634.636474609375, 1542.17041015625]",1
frame_0070.png,extras,bench,metal bench,metal bench.,0.2,0.2,4,0.4088,"[1523.50634765625, 647.8795166015625, 2633.727294921875, 1538.0269775390625]",1
frame_0070.png,extras,bench,waiting bench,waiting bench.,0.2,0.2,3,0.3776,"[1522.388916015625, 651.1319580078125, 2634.904541015625, 1541.2052001953125]",1
frame_0070.png,extras,bench,long bench,long bench.,0.2,0.2,3,0.3636,"[1524.6099853515625, 650.8818969726562, 2633.458740234375, 1538.8306884765625]",1
frame_0070.png,extras,bench,indoor bench,indoor bench.,0.2,0.2,3,0.3978,"[1519.71435546875, 69.5805892944336, 2634.640625, 1540.966552734375]",1
frame_0070.png,extras,cardboard box,cardboard box,cardboard box.,0.2,0.2,0,0.0,,0
frame_0070.png,extras,cardboard box,brown cardboard box,brown cardboard box.,0.2,0.2,4,0.3355,"[202.97593688964844, 1042.4788818359375, 276.1645812988281, 1118.3226318359375]",1
frame_0070.png,extras,cardboard box,shipping box,shipping box.,0.2,0.2,0,0.0,,0
frame_0070.png,extras,cardboard box,package box,package box.,0.2,0.2,0,0.0,,0
frame_0070.png,extras,cardboard box,stacked box,stacked box.,0.2,0.2,0,0.0,,0
frame_0070.png,extras,cardboard box,box,box.,0.2,0.2,1,0.2957,"[206.90426635742188, 1047.9742431640625, 271.82012939453125, 1114.496826171875]",1
frame_0070.png,extras,chair,chair,chair.,0.2,0.2,6,0.2791,"[1922.4163818359375, 651.814453125, 2352.525390625, 894.4122314453125]",1
frame_0070.png,extras,chair,armless chair,armless chair.,0.2,0.2,4,0.376,"[1872.2347412109375, 650.4893798828125, 2363.93896484375, 1213.304443359375]",1
frame_0070.png,extras,chair,office chair,office chair.,0.2,0.2,7,0.3552,"[1920.1162109375, 650.276123046875, 2357.103759765625, 897.1563720703125]",1
frame_0070.png,extras,chair,swivel chair,swivel chair.,0.2,0.2,3,0.4331,"[1517.3238525390625, 68.77532196044922, 2636.461669921875, 1543.3427734375]",1
frame_0070.png,extras,chair,rolling chair,rolling chair.,0.2,0.2,4,0.4523,"[1518.5037841796875, 68.36168670654297, 2634.6337890625, 1541.6954345703125]",1
frame_0070.png,extras,chair,stool chair,stool chair.,0.2,0.2,5,0.3135,"[1921.0565185546875, 651.00390625, 2355.6787109375, 898.2846069335938]",1
frame_0070.png,extras,door,door,door.,0.2,0.2,1,0.2519,"[1127.5130615234375, 2.2805964946746826, 2076.65625, 1250.559814453125]",1
frame_0070.png,extras,door,dark door surface,dark door surface.,0.2,0.2,4,0.3021,"[1995.729736328125, 7.781533718109131, 2873.89501953125, 1435.963623046875]",1
frame_0070.png,extras,door,wooden door,wooden door.,0.2,0.2,4,0.3029,"[1124.5933837890625, 4.7631330490112305, 2076.036865234375, 1251.807861328125]",1
frame_0070.png,extras,door,closed door,closed door.,0.2,0.2,1,0.4304,"[1124.294677734375, 4.236414909362793, 2100.751953125, 1253.7896728515625]",1
frame_0070.png,extras,door,interior door,interior door.,0.2,0.2,3,0.3569,"[1127.85693359375, 3.7873024940490723, 2876.27294921875, 1458.208984375]",1
frame_0070.png,extras,electric vehicle,electric vehicle,electric vehicle.,0.2,0.2,2,0.6128,"[1515.8758544921875, 68.56185150146484, 2635.149169921875, 1544.297607421875]",1
frame_0070.png,extras,electric vehicle,small electric vehicle,small electric vehicle.,0.2,0.2,2,0.5798,"[1507.488525390625, 65.97089385986328, 2641.354736328125, 1547.65478515625]",1
frame_0070.png,extras,electric vehicle,electric cart,electric cart.,0.2,0.2,1,0.6414,"[1514.753662109375, 67.98297119140625, 2635.5966796875, 1544.1671142578125]",1
frame_0070.png,extras,electric vehicle,small electric cart,small electric cart.,0.2,0.2,2,0.6636,"[1507.6859130859375, 66.00747680664062, 2640.257568359375, 1546.4190673828125]",1
frame_0070.png,extras,electric vehicle,compact electric car,compact electric car.,0.2,0.2,2,0.511,"[1513.817138671875, 65.86241149902344, 2638.29638671875, 1544.7552490234375]",1
frame_0070.png,extras,electric vehicle,indoor electric vehicle,indoor electric vehicle.,0.2,0.2,2,0.7261,"[1514.0355224609375, 65.2889633178711, 2635.15283203125, 1544.6978759765625]",1
frame_0070.png,extras,electric vehicle,robot platform,robot platform.,0.2,0.2,2,0.5784,"[1515.0045166015625, 68.2662353515625, 2634.88525390625, 1542.71435546875]",1
frame_0070.png,extras,large power bank,large power bank,large power bank.,0.18,0.18,3,0.5425,"[1502.14892578125, 65.32881927490234, 2638.287109375, 1546.1661376953125]",1
frame_0070.png,extras,large power bank,portable power bank battery,portable power bank battery.,0.18,0.18,2,0.5072,"[203.64028930664062, 1043.881103515625, 274.6523132324219, 1118.7779541015625]",1
frame_0070.png,extras,large power bank,power bank,power bank.,0.18,0.18,5,0.4799,"[1515.995849609375, 66.93413543701172, 2635.647216796875, 1544.0648193359375]",1
frame_0070.png,extras,large power bank,battery pack,battery pack.,0.18,0.18,2,0.2639,"[205.69476318359375, 1046.2742919921875, 273.4366760253906, 1117.1668701171875]",1
frame_0070.png,extras,large power bank,large battery,large battery.,0.18,0.18,4,0.3863,"[203.9918670654297, 1044.526123046875, 274.6695861816406, 1118.37646484375]",1
frame_0070.png,extras,large power bank,portable battery,portable battery.,0.18,0.18,3,0.4504,"[204.4069061279297, 1045.0111083984375, 273.9832763671875, 1118.412841796875]",1
frame_0070.png,extras,large power bank,rectangular battery box,rectangular battery box.,0.18,0.18,2,0.4982,"[203.69444274902344, 1043.40576171875, 274.95648193359375, 1117.805908203125]",1
frame_0070.png,extras,meeting table set,meeting table set,meeting table set.,0.2,0.2,2,0.4953,"[1511.08056640625, 67.29544830322266, 2637.3544921875, 1545.3516845703125]",1
frame_0070.png,extras,meeting table set,large meeting table,large meeting table.,0.2,0.2,4,0.4213,"[1003.4759521484375, 810.370361328125, 1135.522216796875, 1066.81689453125]",1
frame_0070.png,extras,meeting table set,conference table,conference table.,0.2,0.2,4,0.3697,"[1009.7669067382812, 819.9075927734375, 1133.03173828125, 1064.4827880859375]",1
frame_0070.png,extras,meeting table set,long table with chairs,long table with chairs.,0.2,0.2,5,0.3121,"[1006.5023193359375, 811.5980834960938, 1136.9937744140625, 1067.7008056640625]",1
frame_0070.png,extras,meeting table set,office meeting table,office meeting table.,0.2,0.2,3,0.3911,"[1008.651611328125, 813.8008422851562, 1134.266845703125, 1065.6171875]",1
frame_0070.png,extras,meeting table set,long rectangular table,long rectangular table.,0.2,0.2,5,0.3216,"[5.218849182128906, 1019.1675415039062, 2875.0361328125, 1849.625244140625]",1
frame_0070.png,extras,plant pot,plant pot,plant pot.,0.2,0.2,0,0.0,,0
frame_0070.png,extras,plant pot,potted plant in plastic pot,potted plant in plastic pot.,0.2,0.2,2,0.4188,"[1012.3800659179688, 679.961669921875, 1140.23388671875, 1067.1900634765625]",1
frame_0070.png,extras,plant pot,potted plant,potted plant.,0.2,0.2,0,0.0,,0
frame_0070.png,extras,plant pot,indoor potted plant,indoor potted plant.,0.2,0.2,0,0.0,,0
frame_0070.png,extras,plant pot,flower pot,flower pot.,0.2,0.2,0,0.0,,0
frame_0070.png,extras,plant pot,plastic plant pot,plastic plant pot.,0.2,0.2,0,0.0,,0
frame_0070.png,extras,shoes,shoes,shoes.,0.18,0.18,7,0.4267,"[13.586799621582031, 1089.5946044921875, 81.84001922607422, 1121.86181640625]",1
frame_0070.png,extras,shoes,pair of indoor shoes,pair of indoor shoes.,0.18,0.18,3,0.6567,"[860.6919555664062, 1074.0413818359375, 1004.7625122070312, 1151.67626953125]",1
frame_0070.png,extras,shoes,indoor shoes,indoor shoes.,0.18,0.18,8,0.5408,"[873.462890625, 1093.9327392578125, 929.0869750976562, 1142.4547119140625]",1
frame_0070.png,extras,shoes,pair of shoes,pair of shoes.,0.18,0.18,3,0.6871,"[858.0736694335938, 1072.5167236328125, 1006.8969116210938, 1154.65234375]",1
frame_0070.png,extras,shoes,sneakers,sneakers.,0.18,0.18,6,0.445,"[14.364688873291016, 1090.0074462890625, 82.31147766113281, 1120.8897705078125]",1
frame_0070.png,extras,shoes,slippers,slippers.,0.18,0.18,4,0.306,"[875.2976684570312, 1114.501708984375, 927.9273071289062, 1139.6134033203125]",1
frame_0070.png,extras,shoes,shoe pair on floor,shoe pair on floor.,0.18,0.18,5,0.5475,"[9.451160430908203, 1028.2711181640625, 2868.662353515625, 1848.1292724609375]",1
frame_0070.png,extras,trash bin,trash bin,trash bin.,0.2,0.2,0,0.0,,0
frame_0070.png,extras,trash bin,indoor trash bin,indoor trash bin.,0.2,0.2,3,0.378,"[1016.07421875, 820.8385620117188, 1133.7216796875, 1065.596435546875]",1
frame_0070.png,extras,trash bin,garbage bin,garbage bin.,0.2,0.2,3,0.2799,"[1017.1683349609375, 816.1749267578125, 1133.0186767578125, 1064.3492431640625]",1
frame_0070.png,extras,trash bin,waste bin,waste bin.,0.2,0.2,3,0.3053,"[1017.50390625, 819.1170654296875, 1133.3280029296875, 1064.7601318359375]",1
frame_0070.png,extras,trash bin,recycling bin,recycling bin.,0.2,0.2,3,0.242,"[1009.4690551757812, 733.4283447265625, 1134.006591796875, 1064.07958984375]",1
frame_0070.png,extras,trash bin,small trash can,small trash can.,0.2,0.2,1,0.6865,"[1015.3063354492188, 826.725341796875, 1134.9840087890625, 1068.669189453125]",1
frame_0070.png,extras,vacuum cleaner,vacuum cleaner,vacuum cleaner.,0.2,0.2,1,0.6578,"[1515.4869384765625, 66.3016586303711, 2635.13720703125, 1544.7484130859375]",1
frame_0070.png,extras,vacuum cleaner,upright vacuum cleaner,upright vacuum cleaner.,0.2,0.2,1,0.7298,"[1513.9949951171875, 65.84666442871094, 2636.184814453125, 1544.7291259765625]",1
frame_0070.png,extras,vacuum cleaner,stick vacuum,stick vacuum.,0.2,0.2,1,0.2199,"[1520.1119384765625, 68.23690795898438, 2633.01318359375, 1541.8668212890625]",1
frame_0070.png,extras,vacuum cleaner,household vacuum,household vacuum.,0.2,0.2,3,0.6095,"[1516.878662109375, 68.13845825195312, 2634.411865234375, 1543.078369140625]",1
frame_0070.png,extras,vacuum cleaner,robot vacuum,robot vacuum.,0.2,0.2,1,0.532,"[1516.01611328125, 67.29383850097656, 2635.124755859375, 1543.9036865234375]",1
frame_0070.png,extras,vacuum cleaner,cordless vacuum cleaner,cordless vacuum cleaner.,0.2,0.2,1,0.8191,"[1513.1519775390625, 65.17560577392578, 2637.1748046875, 1545.5531005859375]",1
frame_0071.png,production,meeting table set,ALL_GROUP,meeting table. conference table. table with chairs. meeting table set.,0.32,0.32,0,0.0,,0
frame_0071.png,production,chair,ALL_GROUP,chair. chairs. armless chair.,0.36,0.36,0,0.0,,0
frame_0071.png,production,bench,ALL_GROUP,bench. metal bench. waiting bench.,0.34,0.34,1,0.3849,"[1311.5301513671875, 668.8468017578125, 2366.81494140625, 1539.7962646484375]",1
frame_0071.png,production,cardboard box+plant pot+shoes,ALL_GROUP,cardboard box. brown cardboard box. cardboard package. plant pot. potted plant. flower pot. indoor plant pot. shoes. pair of shoes. footwear. black shoes.,0.3,0.3,1,0.4533,"[653.8147583007812, 1106.9163818359375, 801.249755859375, 1165.875]",1
frame_0071.png,production,trash bin+vacuum cleaner,ALL_GROUP,trash bin. trash can. waste bin. recycling bin. row of trash bins. vacuum cleaner. upright vacuum cleaner. cordless vacuum. floor cleaner.,0.25,0.25,1,0.2614,"[1300.42041015625, 89.02364349365234, 2370.5537109375, 1541.9061279296875]",1
frame_0071.png,production,large power bank,ALL_GROUP,large power bank. portable power station. battery pack. power bank.,0.28,0.28,0,0.0,,0
frame_0071.png,production,door,ALL_GROUP,door. doors. dark door. elevator sliding door. sliding door.,0.26,0.26,4,0.3596,"[919.9501342773438, 2.718733549118042, 1937.3370361328125, 1258.579833984375]",1
frame_0071.png,production,electric vehicle,ALL_GROUP,electric vehicle. small electric vehicle. mobility scooter. scooter.,0.28,0.28,3,0.3675,"[1299.116455078125, 663.92333984375, 2365.171630859375, 1542.5340576171875]",1
frame_0071.png,extras,bench,bench,bench.,0.2,0.2,2,0.2369,"[1310.26708984375, 91.99669647216797, 2368.986572265625, 1539.372314453125]",1
frame_0071.png,extras,bench,metal bench,metal bench.,0.2,0.2,3,0.4965,"[1309.89306640625, 665.71435546875, 2363.97998046875, 1537.72900390625]",1
frame_0071.png,extras,bench,waiting bench,waiting bench.,0.2,0.2,2,0.4357,"[1312.422607421875, 668.8861083984375, 2367.46826171875, 1540.62109375]",1
frame_0071.png,extras,bench,long bench,long bench.,0.2,0.2,3,0.4153,"[1313.09619140625, 668.6502685546875, 2364.3349609375, 1538.0450439453125]",1
frame_0071.png,extras,bench,indoor bench,indoor bench.,0.2,0.2,3,0.4144,"[1312.647216796875, 668.8469848632812, 2365.228759765625, 1538.0740966796875]",1
frame_0071.png,extras,cardboard box,cardboard box,cardboard box.,0.2,0.2,0,0.0,,0
frame_0071.png,extras,cardboard box,brown cardboard box,brown cardboard box.,0.2,0.2,4,0.3405,"[1294.67626953125, 88.06637573242188, 2364.6298828125, 1541.689453125]",1
frame_0071.png,extras,cardboard box,shipping box,shipping box.,0.2,0.2,1,0.2165,"[1307.55517578125, 92.27729797363281, 2363.5947265625, 1540.9351806640625]",1
frame_0071.png,extras,cardboard box,package box,package box.,0.2,0.2,0,0.0,,0
frame_0071.png,extras,cardboard box,stacked box,stacked box.,0.2,0.2,0,0.0,,0
frame_0071.png,extras,cardboard box,box,box.,0.2,0.2,0,0.0,,0
frame_0071.png,extras,chair,chair,chair.,0.2,0.2,5,0.2834,"[1648.79443359375, 670.3661499023438, 2145.15576171875, 1176.9698486328125]",1
frame_0071.png,extras,chair,armless chair,armless chair.,0.2,0.2,4,0.4271,"[1311.8233642578125, 667.4070434570312, 2365.404296875, 1539.24951171875]",1
frame_0071.png,extras,chair,office chair,office chair.,0.2,0.2,5,0.3228,"[1304.1131591796875, 92.91520690917969, 2369.48876953125, 1541.072509765625]",1
frame_0071.png,extras,chair,swivel chair,swivel chair.,0.2,0.2,3,0.4816,"[1310.25341796875, 667.7391357421875, 2367.908447265625, 1539.7449951171875]",1
frame_0071.png,extras,chair,rolling chair,rolling chair.,0.2,0.2,4,0.3823,"[1307.800537109375, 92.6274642944336, 2369.501708984375, 1540.6077880859375]",1
frame_0071.png,extras,chair,stool chair,stool chair.,0.2,0.2,7,0.3394,"[1.767125129699707, 1736.8895263671875, 457.82025146484375, 1855.1905517578125]",1
frame_0071.png,extras,door,door,door.,0.2,0.2,2,0.2932,"[919.2267456054688, 1.8625813722610474, 1937.3670654296875, 1255.9229736328125]",1
frame_0071.png,extras,door,dark door surface,dark door surface.,0.2,0.2,3,0.3774,"[1873.6727294921875, 9.349990844726562, 2652.123779296875, 1389.8731689453125]",1
frame_0071.png,extras,door,wooden door,wooden door.,0.2,0.2,4,0.2984,"[917.7418823242188, 4.173887252807617, 2871.04052734375, 1522.3736572265625]",1
frame_0071.png,extras,door,closed door,closed door.,0.2,0.2,3,0.4508,"[918.1600341796875, 3.2366931438446045, 1936.914306640625, 1258.227294921875]",1
frame_0071.png,extras,door,interior door,interior door.,0.2,0.2,5,0.3261,"[921.21923828125, 2.7943432331085205, 2873.110595703125, 1525.9678955078125]",1
frame_0071.png,extras,electric vehicle,electric vehicle,electric vehicle.,0.2,0.2,3,0.5055,"[1301.2554931640625, 91.23467254638672, 2367.22900390625, 1543.39208984375]",1
frame_0071.png,extras,electric vehicle,small electric vehicle,small electric vehicle.,0.2,0.2,3,0.4095,"[1289.059814453125, 87.84226989746094, 2379.11572265625, 1545.8829345703125]",1
frame_0071.png,extras,electric vehicle,electric cart,electric cart.,0.2,0.2,3,0.5215,"[1303.804931640625, 277.79669189453125, 2366.78564453125, 1540.72509765625]",1
frame_0071.png,extras,electric vehicle,small electric cart,small electric cart.,0.2,0.2,3,0.4341,"[1289.346923828125, 89.7088394165039, 2378.255126953125, 1545.1295166015625]",1
frame_0071.png,extras,electric vehicle,compact electric car,compact electric car.,0.2,0.2,2,0.4222,"[1301.2034912109375, 87.88922119140625, 2371.93408203125, 1542.89404296875]",1
frame_0071.png,extras,electric vehicle,indoor electric vehicle,indoor electric vehicle.,0.2,0.2,4,0.5867,"[1301.5772705078125, 86.66033935546875, 2369.487548828125, 1543.0438232421875]",1
frame_0071.png,extras,electric vehicle,robot platform,robot platform.,0.2,0.2,3,0.5168,"[1301.1268310546875, 91.15151977539062, 2365.922119140625, 1541.3662109375]",1
frame_0071.png,extras,large power bank,large power bank,large power bank.,0.18,0.18,2,0.5672,"[1280.430419921875, 86.65463256835938, 2372.384033203125, 1545.5384521484375]",1
frame_0071.png,extras,large power bank,portable power bank battery,portable power bank battery.,0.18,0.18,6,0.284,"[1428.671142578125, 778.243408203125, 1545.6165771484375, 886.2119750976562]",1
frame_0071.png,extras,large power bank,power bank,power bank.,0.18,0.18,4,0.5366,"[1301.215087890625, 87.63090515136719, 2367.45361328125, 1542.9344482421875]",1
frame_0071.png,extras,large power bank,battery pack,battery pack.,0.18,0.18,1,0.2493,"[1309.49462890625, 92.65673065185547, 2364.845703125, 1541.230224609375]",1
frame_0071.png,extras,large power bank,large battery,large battery.,0.18,0.18,4,0.4328,"[1303.9228515625, 90.4123306274414, 2364.66455078125, 1542.1566162109375]",1
frame_0071.png,extras,large power bank,portable battery,portable battery.,0.18,0.18,4,0.3629,"[1307.0325927734375, 91.31255340576172, 2365.42626953125, 1541.5335693359375]",1
frame_0071.png,extras,large power bank,rectangular battery box,rectangular battery box.,0.18,0.18,5,0.2745,"[1305.5712890625, 90.78971099853516, 2364.501220703125, 1540.4608154296875]",1
frame_0071.png,extras,meeting table set,meeting table set,meeting table set.,0.2,0.2,2,0.4922,"[1294.2215576171875, 89.98046112060547, 2371.94677734375, 1543.607666015625]",1
frame_0071.png,extras,meeting table set,large meeting table,large meeting table.,0.2,0.2,4,0.4081,"[1291.466064453125, 87.94371032714844, 2372.04931640625, 1542.661865234375]",1
frame_0071.png,extras,meeting table set,conference table,conference table.,0.2,0.2,5,0.417,"[2.060515880584717, 1736.11962890625, 456.5428771972656, 1855.3953857421875]",1
frame_0071.png,extras,meeting table set,long table with chairs,long table with chairs.,0.2,0.2,5,0.4047,"[3.933684825897217, 1727.10986328125, 456.1879577636719, 1852.589111328125]",1
frame_0071.png,extras,meeting table set,office meeting table,office meeting table.,0.2,0.2,7,0.3401,"[3.023536205291748, 1733.8802490234375, 456.72003173828125, 1854.8814697265625]",1
frame_0071.png,extras,meeting table set,long rectangular table,long rectangular table.,0.2,0.2,5,0.3068,"[2.1510887145996094, 1732.377197265625, 458.3489685058594, 1854.61181640625]",1
frame_0071.png,extras,plant pot,plant pot,plant pot.,0.2,0.2,0,0.0,,0
frame_0071.png,extras,plant pot,potted plant in plastic pot,potted plant in plastic pot.,0.2,0.2,3,0.2879,"[820.3277587890625, 673.404541015625, 961.6928100585938, 1081.4796142578125]",1
frame_0071.png,extras,plant pot,potted plant,potted plant.,0.2,0.2,0,0.0,,0
frame_0071.png,extras,plant pot,indoor potted plant,indoor potted plant.,0.2,0.2,0,0.0,,0
frame_0071.png,extras,plant pot,flower pot,flower pot.,0.2,0.2,0,0.0,,0
frame_0071.png,extras,plant pot,plastic plant pot,plastic plant pot.,0.2,0.2,0,0.0,,0
frame_0071.png,extras,shoes,shoes,shoes.,0.18,0.18,3,0.3882,"[660.7887573242188, 1129.173583984375, 721.194580078125, 1155.302734375]",1
frame_0071.png,extras,shoes,pair of indoor shoes,pair of indoor shoes.,0.18,0.18,3,0.7047,"[645.0401611328125, 1097.195068359375, 804.9553833007812, 1168.909423828125]",1
frame_0071.png,extras,shoes,indoor shoes,indoor shoes.,0.18,0.18,6,0.4146,"[1303.9654541015625, 93.33089447021484, 2366.344970703125, 1541.2430419921875]",1
frame_0071.png,extras,shoes,pair of shoes,pair of shoes.,0.18,0.18,5,0.748,"[642.6503295898438, 1095.5821533203125, 807.1279907226562, 1171.072998046875]",1
frame_0071.png,extras,shoes,sneakers,sneakers.,0.18,0.18,2,0.4701,"[731.7110595703125, 1124.6925048828125, 791.3086547851562, 1150.2193603515625]",1
frame_0071.png,extras,shoes,slippers,slippers.,0.18,0.18,2,0.3377,"[660.3974609375, 1129.6083984375, 722.52880859375, 1155.1962890625]",1
frame_0071.png,extras,shoes,shoe pair on floor,shoe pair on floor.,0.18,0.18,7,0.591,"[9.809246063232422, 1028.209716796875, 2868.06884765625, 1847.783935546875]",1
frame_0071.png,extras,trash bin,trash bin,trash bin.,0.2,0.2,1,0.2027,"[1311.1510009765625, 90.58616638183594, 2369.01171875, 1541.301513671875]",1
frame_0071.png,extras,trash bin,indoor trash bin,indoor trash bin.,0.2,0.2,3,0.2926,"[809.7291259765625, 806.5323486328125, 935.839111328125, 1076.8692626953125]",1
frame_0071.png,extras,trash bin,garbage bin,garbage bin.,0.2,0.2,0,0.0,,0
frame_0071.png,extras,trash bin,waste bin,waste bin.,0.2,0.2,1,0.2028,"[821.4583740234375, 808.9474487304688, 932.7905883789062, 1075.5345458984375]",1
frame_0071.png,extras,trash bin,recycling bin,recycling bin.,0.2,0.2,0,0.0,,0
frame_0071.png,extras,trash bin,small trash can,small trash can.,0.2,0.2,2,0.4596,"[819.9629516601562, 797.0723876953125, 937.9789428710938, 1079.6427001953125]",1
frame_0071.png,extras,vacuum cleaner,vacuum cleaner,vacuum cleaner.,0.2,0.2,1,0.722,"[1300.513427734375, 88.53062438964844, 2368.5498046875, 1542.84619140625]",1
frame_0071.png,extras,vacuum cleaner,upright vacuum cleaner,upright vacuum cleaner.,0.2,0.2,1,0.7426,"[1301.916015625, 88.94237518310547, 2368.65380859375, 1542.4154052734375]",1
frame_0071.png,extras,vacuum cleaner,stick vacuum,stick vacuum.,0.2,0.2,1,0.2912,"[1308.6268310546875, 91.22502136230469, 2366.5166015625, 1541.7218017578125]",1
frame_0071.png,extras,vacuum cleaner,household vacuum,household vacuum.,0.2,0.2,1,0.6376,"[1303.9732666015625, 90.9692611694336, 2365.423583984375, 1541.621337890625]",1
frame_0071.png,extras,vacuum cleaner,robot vacuum,robot vacuum.,0.2,0.2,1,0.6541,"[1301.56494140625, 90.21831512451172, 2367.025146484375, 1542.5966796875]",1
frame_0071.png,extras,vacuum cleaner,cordless vacuum cleaner,cordless vacuum cleaner.,0.2,0.2,1,0.8044,"[1298.6422119140625, 87.62702178955078, 2371.99365234375, 1543.669921875]",1
frame_0072.png,production,meeting table set,ALL_GROUP,meeting table. conference table. table with chairs. meeting table set.,0.32,0.32,0,0.0,,0
frame_0072.png,production,chair,ALL_GROUP,chair. chairs. armless chair.,0.36,0.36,0,0.0,,0
frame_0072.png,production,bench,ALL_GROUP,bench. metal bench. waiting bench.,0.34,0.34,1,0.3974,"[1275.6822509765625, 755.3019409179688, 1969.7802734375, 1271.6304931640625]",1
frame_0072.png,production,cardboard box+plant pot+shoes,ALL_GROUP,cardboard box. brown cardboard box. cardboard package. plant pot. potted plant. flower pot. indoor plant pot. shoes. pair of shoes. footwear. black shoes.,0.3,0.3,3,0.4627,"[717.8583374023438, 1058.9188232421875, 837.079345703125, 1121.97021484375]",1
frame_0072.png,production,trash bin+vacuum cleaner,ALL_GROUP,trash bin. trash can. waste bin. recycling bin. row of trash bins. vacuum cleaner. upright vacuum cleaner. cordless vacuum. floor cleaner.,0.25,0.25,0,0.0,,0
frame_0072.png,production,large power bank,ALL_GROUP,large power bank. portable power station. battery pack. power bank.,0.28,0.28,0,0.0,,0
frame_0072.png,production,door,ALL_GROUP,door. doors. dark door. elevator sliding door. sliding door.,0.26,0.26,4,0.3243,"[1679.9075927734375, 7.531146049499512, 2070.702880859375, 1208.8548583984375]",1
frame_0072.png,production,electric vehicle,ALL_GROUP,electric vehicle. small electric vehicle. mobility scooter. scooter.,0.28,0.28,2,0.4666,"[1262.010009765625, 410.54730224609375, 1976.466064453125, 1278.674560546875]",1
frame_0072.png,extras,bench,bench,bench.,0.2,0.2,4,0.2713,"[2264.45458984375, 1675.8482666015625, 2878.28369140625, 1855.4581298828125]",1
frame_0072.png,extras,bench,metal bench,metal bench.,0.2,0.2,3,0.4773,"[1276.4012451171875, 751.716552734375, 1967.346435546875, 1270.174560546875]",1
frame_0072.png,extras,bench,waiting bench,waiting bench.,0.2,0.2,2,0.4234,"[1275.3087158203125, 754.5760498046875, 1969.3411865234375, 1272.2581787109375]",1
frame_0072.png,extras,bench,long bench,long bench.,0.2,0.2,4,0.387,"[2112.02978515625, 966.5087280273438, 2877.66455078125, 1823.5172119140625]",1
frame_0072.png,extras,bench,indoor bench,indoor bench.,0.2,0.2,4,0.4135,"[1275.94970703125, 754.0482788085938, 1968.252197265625, 1270.8983154296875]",1
frame_0072.png,extras,cardboard box,cardboard box,cardboard box.,0.2,0.2,0,0.0,,0
frame_0072.png,extras,cardboard box,brown cardboard box,brown cardboard box.,0.2,0.2,5,0.3597,"[2110.4189453125, 969.1919555664062, 2876.227294921875, 1821.8668212890625]",1
frame_0072.png,extras,cardboard box,shipping box,shipping box.,0.2,0.2,0,0.0,,0
frame_0072.png,extras,cardboard box,package box,package box.,0.2,0.2,0,0.0,,0
frame_0072.png,extras,cardboard box,stacked box,stacked box.,0.2,0.2,1,0.2069,"[827.313232421875, 751.6932373046875, 971.783447265625, 1050.8895263671875]",1
frame_0072.png,extras,cardboard box,box,box.,0.2,0.2,1,0.2539,"[34.80010223388672, 1048.25146484375, 101.93690490722656, 1117.9857177734375]",1
frame_0072.png,extras,chair,chair,chair.,0.2,0.2,5,0.3409,"[1494.73291015625, 756.629638671875, 1803.8726806640625, 1080.1304931640625]",1
frame_0072.png,extras,chair,armless chair,armless chair.,0.2,0.2,4,0.3857,"[1270.195556640625, 412.84478759765625, 1970.455322265625, 1272.7958984375]",1
frame_0072.png,extras,chair,office chair,office chair.,0.2,0.2,6,0.3409,"[1269.8428955078125, 413.4407958984375, 1970.9638671875, 1272.7861328125]",1
frame_0072.png,extras,chair,swivel chair,swivel chair.,0.2,0.2,2,0.4039,"[1274.49658203125, 753.036865234375, 1969.5372314453125, 1272.5341796875]",1
frame_0072.png,extras,chair,rolling chair,rolling chair.,0.2,0.2,3,0.4333,"[1271.471923828125, 412.3680419921875, 1969.6458740234375, 1271.8897705078125]",1
frame_0072.png,extras,chair,stool chair,stool chair.,0.2,0.2,7,0.3515,"[2268.006591796875, 1674.224853515625, 2877.535400390625, 1854.4420166015625]",1
frame_0072.png,extras,door,door,door.,0.2,0.2,3,0.2921,"[985.8980712890625, 3.1951189041137695, 1703.183349609375, 1160.5999755859375]",1
frame_0072.png,extras,door,dark door surface,dark door surface.,0.2,0.2,1,0.397,"[1666.6318359375, 11.790786743164062, 2072.39404296875, 1204.45166015625]",1
frame_0072.png,extras,door,wooden door,wooden door.,0.2,0.2,4,0.3292,"[982.5996704101562, 5.8841962814331055, 1699.669921875, 1162.0838623046875]",1
frame_0072.png,extras,door,closed door,closed door.,0.2,0.2,4,0.3779,"[982.62548828125, 4.90104866027832, 1702.2254638671875, 1162.5296630859375]",1
frame_0072.png,extras,door,interior door,interior door.,0.2,0.2,5,0.3179,"[1680.6397705078125, 8.014571189880371, 2071.1865234375, 1201.8848876953125]",1
frame_0072.png,extras,electric vehicle,electric vehicle,electric vehicle.,0.2,0.2,2,0.5843,"[1270.826171875, 413.7729187011719, 1970.4571533203125, 1274.3275146484375]",1
frame_0072.png,extras,electric vehicle,small electric vehicle,small electric vehicle.,0.2,0.2,2,0.5401,"[1264.4588623046875, 410.3628845214844, 1976.1357421875, 1277.6348876953125]",1
frame_0072.png,extras,electric vehicle,electric cart,electric cart.,0.2,0.2,2,0.6123,"[1269.5269775390625, 412.65325927734375, 1971.2041015625, 1274.68359375]",1
frame_0072.png,extras,electric vehicle,small electric cart,small electric cart.,0.2,0.2,2,0.5769,"[1264.3963623046875, 410.1640625, 1975.29736328125, 1276.965087890625]",1
frame_0072.png,extras,electric vehicle,compact electric car,compact electric car.,0.2,0.2,2,0.4364,"[1267.9444580078125, 412.1256103515625, 1972.79638671875, 1275.057373046875]",1
frame_0072.png,extras,electric vehicle,indoor electric vehicle,indoor electric vehicle.,0.2,0.2,3,0.7084,"[1269.593505859375, 411.57757568359375, 1971.44677734375, 1274.392578125]",1
frame_0072.png,extras,electric vehicle,robot platform,robot platform.,0.2,0.2,2,0.5284,"[1269.529052734375, 413.03619384765625, 1969.7958984375, 1273.67578125]",1
frame_0072.png,extras,large power bank,large power bank,large power bank.,0.18,0.18,4,0.4869,"[1261.1925048828125, 410.667236328125, 1973.677001953125, 1278.16650390625]",1
frame_0072.png,extras,large power bank,portable power bank battery,portable power bank battery.,0.18,0.18,3,0.5205,"[31.934072494506836, 1044.6116943359375, 105.57585906982422, 1120.5958251953125]",1
frame_0072.png,extras,large power bank,power bank,power bank.,0.18,0.18,5,0.4409,"[1270.65087890625, 412.70111083984375, 1969.9080810546875, 1273.959716796875]",1
frame_0072.png,extras,large power bank,battery pack,battery pack.,0.18,0.18,2,0.3078,"[33.79887008666992, 1047.1129150390625, 103.88006591796875, 1119.6732177734375]",1
frame_0072.png,extras,large power bank,large battery,large battery.,0.18,0.18,6,0.3583,"[32.8650016784668, 1045.424072265625, 105.170166015625, 1120.198974609375]",1
frame_0072.png,extras,large power bank,portable battery,portable battery.,0.18,0.18,2,0.4458,"[32.84629821777344, 1045.7091064453125, 104.71504211425781, 1120.12060546875]",1
frame_0072.png,extras,large power bank,rectangular battery box,rectangular battery box.,0.18,0.18,3,0.4703,"[32.27145004272461, 1044.172607421875, 105.77066040039062, 1120.1221923828125]",1
frame_0072.png,extras,meeting table set,meeting table set,meeting table set.,0.2,0.2,2,0.4794,"[1266.9244384765625, 411.1815185546875, 1972.1617431640625, 1275.1104736328125]",1
frame_0072.png,extras,meeting table set,large meeting table,large meeting table.,0.2,0.2,1,0.7364,"[2109.7138671875, 951.0885620117188, 2876.0517578125, 1816.3189697265625]",1
frame_0072.png,extras,meeting table set,conference table,conference table.,0.2,0.2,3,0.5839,"[2113.9970703125, 958.0804443359375, 2878.091552734375, 1819.0029296875]",1
frame_0072.png,extras,meeting table set,long table with chairs,long table with chairs.,0.2,0.2,1,0.5917,"[2108.99072265625, 945.3314819335938, 2873.964111328125, 1818.3780517578125]",1
frame_0072.png,extras,meeting table set,office meeting table,office meeting table.,0.2,0.2,3,0.4518,"[2112.245849609375, 954.0068359375, 2877.143310546875, 1819.056640625]",1
frame_0072.png,extras,meeting table set,long rectangular table,long rectangular table.,0.2,0.2,1,0.744,"[2111.2177734375, 955.2965087890625, 2876.751953125, 1815.1690673828125]",1
frame_0072.png,extras,plant pot,plant pot,plant pot.,0.2,0.2,0,0.0,,0
frame_0072.png,extras,plant pot,potted plant in plastic pot,potted plant in plastic pot.,0.2,0.2,5,0.2933,"[1263.3306884765625, 407.7819519042969, 1973.4302978515625, 1275.0887451171875]",1
frame_0072.png,extras,plant pot,potted plant,potted plant.,0.2,0.2,0,0.0,,0
frame_0072.png,extras,plant pot,indoor potted plant,indoor potted plant.,0.2,0.2,0,0.0,,0
frame_0072.png,extras,plant pot,flower pot,flower pot.,0.2,0.2,0,0.0,,0
frame_0072.png,extras,plant pot,plastic plant pot,plastic plant pot.,0.2,0.2,1,0.2571,"[2110.676513671875, 969.8844604492188, 2877.341064453125, 1819.609375]",1
frame_0072.png,extras,shoes,shoes,shoes.,0.18,0.18,3,0.4829,"[786.3674926757812, 1073.101806640625, 827.8564453125, 1107.0479736328125]",1
frame_0072.png,extras,shoes,pair of indoor shoes,pair of indoor shoes.,0.18,0.18,4,0.6465,"[713.9677124023438, 1053.3857421875, 839.8602294921875, 1122.3238525390625]",1
frame_0072.png,extras,shoes,indoor shoes,indoor shoes.,0.18,0.18,9,0.5581,"[785.1356201171875, 1072.677490234375, 829.265625, 1109.75634765625]",1
frame_0072.png,extras,shoes,pair of shoes,pair of shoes.,0.18,0.18,4,0.6765,"[711.6731567382812, 1051.9364013671875, 841.6069946289062, 1123.9490966796875]",1
frame_0072.png,extras,shoes,sneakers,sneakers.,0.18,0.18,4,0.536,"[787.041259765625, 1074.06787109375, 826.6848754882812, 1105.736328125]",1
frame_0072.png,extras,shoes,slippers,slippers.,0.18,0.18,4,0.3638,"[788.54541015625, 1084.1875, 828.02099609375, 1106.8895263671875]",1
frame_0072.png,extras,shoes,shoe pair on floor,shoe pair on floor.,0.18,0.18,5,0.5796,"[102.26190185546875, 1037.674072265625, 325.19708251953125, 1142.4283447265625]",1
frame_0072.png,extras,trash bin,trash bin,trash bin.,0.2,0.2,1,0.2137,"[1273.712158203125, 414.8682861328125, 1969.596435546875, 1272.7659912109375]",1
frame_0072.png,extras,trash bin,indoor trash bin,indoor trash bin.,0.2,0.2,4,0.3134,"[2110.903564453125, 967.072265625, 2877.696044921875, 1821.1326904296875]",1
frame_0072.png,extras,trash bin,garbage bin,garbage bin.,0.2,0.2,1,0.2114,"[828.7234497070312, 872.8565673828125, 958.9794311523438, 1050.511474609375]",1
frame_0072.png,extras,trash bin,waste bin,waste bin.,0.2,0.2,1,0.217,"[828.4069213867188, 872.7528686523438, 959.1444091796875, 1050.866455078125]",1
frame_0072.png,extras,trash bin,recycling bin,recycling bin.,0.2,0.2,4,0.3336,"[2111.2763671875, 965.7568359375, 2878.489990234375, 1821.4332275390625]",1
frame_0072.png,extras,trash bin,small trash can,small trash can.,0.2,0.2,3,0.413,"[822.773681640625, 860.6083374023438, 962.837646484375, 1053.88671875]",1
frame_0072.png,extras,vacuum cleaner,vacuum cleaner,vacuum cleaner.,0.2,0.2,1,0.6723,"[1270.255126953125, 411.8071594238281, 1971.412841796875, 1274.2001953125]",1
frame_0072.png,extras,vacuum cleaner,upright vacuum cleaner,upright vacuum cleaner.,0.2,0.2,1,0.7632,"[1268.8204345703125, 410.83135986328125, 1972.154052734375, 1275.1978759765625]",1
frame_0072.png,extras,vacuum cleaner,stick vacuum,stick vacuum.,0.2,0.2,1,0.2172,"[1273.6280517578125, 413.9164733886719, 1969.8316650390625, 1273.2049560546875]",1
frame_0072.png,extras,vacuum cleaner,household vacuum,household vacuum.,0.2,0.2,1,0.6611,"[1272.4603271484375, 413.2943115234375, 1970.0225830078125, 1272.843505859375]",1
frame_0072.png,extras,vacuum cleaner,robot vacuum,robot vacuum.,0.2,0.2,1,0.595,"[1271.043212890625, 411.9501037597656, 1971.154296875, 1274.148193359375]",1
frame_0072.png,extras,vacuum cleaner,cordless vacuum cleaner,cordless vacuum cleaner.,0.2,0.2,1,0.8269,"[1268.437255859375, 410.96319580078125, 1972.617919921875, 1275.1796875]",1
frame_0073.png,production,meeting table set,ALL_GROUP,meeting table. conference table. table with chairs. meeting table set.,0.32,0.32,0,0.0,,0
frame_0073.png,production,chair,ALL_GROUP,chair. chairs. armless chair.,0.36,0.36,0,0.0,,0
frame_0073.png,production,bench,ALL_GROUP,bench. metal bench. waiting bench.,0.34,0.34,1,0.3786,"[1469.156494140625, 697.056884765625, 2407.182861328125, 1419.402099609375]",1
frame_0073.png,production,cardboard box+plant pot+shoes,ALL_GROUP,cardboard box. brown cardboard box. cardboard package. plant pot. potted plant. flower pot. indoor plant pot. shoes. pair of shoes. footwear. black shoes.,0.3,0.3,6,0.4941,"[851.2551879882812, 1074.779541015625, 980.477783203125, 1137.7882080078125]",1
frame_0073.png,production,trash bin+vacuum cleaner,ALL_GROUP,trash bin. trash can. waste bin. recycling bin. row of trash bins. vacuum cleaner. upright vacuum cleaner. cordless vacuum. floor cleaner.,0.25,0.25,0,0.0,,0
frame_0073.png,production,large power bank,ALL_GROUP,large power bank. portable power station. battery pack. power bank.,0.28,0.28,1,0.2974,"[977.0503540039062, 709.677490234375, 1123.8665771484375, 1064.66943359375]",1
frame_0073.png,production,door,ALL_GROUP,door. doors. dark door. elevator sliding door. sliding door.,0.26,0.26,4,0.429,"[1114.088134765625, 2.8295981884002686, 1998.3516845703125, 1215.6016845703125]",1
frame_0073.png,production,electric vehicle,ALL_GROUP,electric vehicle. small electric vehicle. mobility scooter. scooter.,0.28,0.28,1,0.4917,"[1453.341552734375, 222.24806213378906, 2414.12158203125, 1427.1239013671875]",1
frame_0073.png,extras,bench,bench,bench.,0.2,0.2,1,0.2634,"[1467.3780517578125, 226.17689514160156, 2404.407470703125, 1419.0247802734375]",1
frame_0073.png,extras,bench,metal bench,metal bench.,0.2,0.2,3,0.4567,"[1469.09716796875, 693.8068237304688, 2406.405029296875, 1417.37109375]",1
frame_0073.png,extras,bench,waiting bench,waiting bench.,0.2,0.2,2,0.396,"[1465.0682373046875, 224.00399780273438, 2408.787353515625, 1420.8369140625]",1
frame_0073.png,extras,bench,long bench,long bench.,0.2,0.2,3,0.4009,"[1469.3963623046875, 696.2732543945312, 2406.44287109375, 1417.5870361328125]",1
frame_0073.png,extras,bench,indoor bench,indoor bench.,0.2,0.2,2,0.3757,"[1464.8359375, 224.95372009277344, 2407.192626953125, 1419.2449951171875]",1
frame_0073.png,extras,cardboard box,cardboard box,cardboard box.,0.2,0.2,0,0.0,,0
frame_0073.png,extras,cardboard box,brown cardboard box,brown cardboard box.,0.2,0.2,3,0.3204,"[188.982177734375, 1041.460693359375, 260.17620849609375, 1117.609619140625]",1
frame_0073.png,extras,cardboard box,shipping box,shipping box.,0.2,0.2,0,0.0,,0
frame_0073.png,extras,cardboard box,package box,package box.,0.2,0.2,0,0.0,,0
frame_0073.png,extras,cardboard box,stacked box,stacked box.,0.2,0.2,1,0.2056,"[981.8193359375, 738.1492919921875, 1122.5157470703125, 1060.4736328125]",1
frame_0073.png,extras,cardboard box,box,box.,0.2,0.2,1,0.2738,"[193.06582641601562, 1046.861083984375, 255.5640106201172, 1114.26806640625]",1
frame_0073.png,extras,chair,chair,chair.,0.2,0.2,3,0.3307,"[1754.1953125, 698.2689208984375, 2167.668701171875, 1147.244384765625]",1
frame_0073.png,extras,chair,armless chair,armless chair.,0.2,0.2,3,0.4349,"[1464.4166259765625, 224.64794921875, 2408.26513671875, 1420.7427978515625]",1
frame_0073.png,extras,chair,office chair,office chair.,0.2,0.2,4,0.4285,"[1462.3665771484375, 224.16502380371094, 2407.810546875, 1420.8204345703125]",1
frame_0073.png,extras,chair,swivel chair,swivel chair.,0.2,0.2,2,0.3961,"[1466.8729248046875, 695.8944702148438, 2407.286376953125, 1420.0753173828125]",1
frame_0073.png,extras,chair,rolling chair,rolling chair.,0.2,0.2,3,0.5001,"[1746.42138671875, 696.4933471679688, 2174.640380859375, 1162.4912109375]",1
frame_0073.png,extras,chair,stool chair,stool chair.,0.2,0.2,5,0.3668,"[1751.376220703125, 698.3629760742188, 2171.65380859375, 1151.1641845703125]",1
frame_0073.png,extras,door,door,door.,0.2,0.2,3,0.3046,"[1113.6796875, 1.5606969594955444, 1992.9964599609375, 1211.2640380859375]",1
frame_0073.png,extras,door,dark door surface,dark door surface.,0.2,0.2,3,0.3163,"[1901.4068603515625, 10.245832443237305, 2622.72412109375, 1342.54443359375]",1
frame_0073.png,extras,door,wooden door,wooden door.,0.2,0.2,4,0.3485,"[1110.32177734375, 3.427435874938965, 1994.70263671875, 1213.4310302734375]",1
frame_0073.png,extras,door,closed door,closed door.,0.2,0.2,1,0.4371,"[1111.760986328125, 3.276050090789795, 1997.699462890625, 1214.6014404296875]",1
frame_0073.png,extras,door,interior door,interior door.,0.2,0.2,4,0.3414,"[1114.8572998046875, 2.12361216545105, 2868.03564453125, 1472.5911865234375]",1
frame_0073.png,extras,electric vehicle,electric vehicle,electric vehicle.,0.2,0.2,2,0.6125,"[1462.1295166015625, 223.9739532470703, 2407.52783203125, 1422.092529296875]",1
frame_0073.png,extras,electric vehicle,small electric vehicle,small electric vehicle.,0.2,0.2,2,0.5531,"[1454.701904296875, 219.83815002441406, 2415.1181640625, 1425.7684326171875]",1
frame_0073.png,extras,electric vehicle,electric cart,electric cart.,0.2,0.2,2,0.6274,"[1461.7230224609375, 223.2134246826172, 2408.370361328125, 1422.1439208984375]",1
frame_0073.png,extras,electric vehicle,small electric cart,small electric cart.,0.2,0.2,2,0.5685,"[1456.2928466796875, 220.55039978027344, 2414.251708984375, 1424.3846435546875]",1
frame_0073.png,extras,electric vehicle,compact electric car,compact electric car.,0.2,0.2,2,0.4682,"[1460.4366455078125, 221.71624755859375, 2411.15673828125, 1422.7083740234375]",1
frame_0073.png,extras,electric vehicle,indoor electric vehicle,indoor electric vehicle.,0.2,0.2,2,0.7154,"[1461.5665283203125, 220.6546173095703, 2408.83203125, 1422.7164306640625]",1
frame_0073.png,extras,electric vehicle,robot platform,robot platform.,0.2,0.2,2,0.5524,"[1462.2325439453125, 223.0648651123047, 2407.96923828125, 1420.9234619140625]",1
frame_0073.png,extras,large power bank,large power bank,large power bank.,0.18,0.18,3,0.4975,"[1450.180908203125, 219.18382263183594, 2415.567138671875, 1425.7144775390625]",1
frame_0073.png,extras,large power bank,portable power bank battery,portable power bank battery.,0.18,0.18,3,0.4804,"[188.9862518310547, 1042.4232177734375, 258.4502258300781, 1117.4803466796875]",1
frame_0073.png,extras,large power bank,power bank,power bank.,0.18,0.18,5,0.474,"[1462.0833740234375, 222.0382537841797, 2408.036865234375, 1421.5439453125]",1
frame_0073.png,extras,large power bank,battery pack,battery pack.,0.18,0.18,2,0.2348,"[191.685546875, 1045.3306884765625, 257.5006103515625, 1116.3031005859375]",1
frame_0073.png,extras,large power bank,large battery,large battery.,0.18,0.18,4,0.3361,"[189.79421997070312, 1043.174072265625, 258.43206787109375, 1117.395263671875]",1
frame_0073.png,extras,large power bank,portable battery,portable battery.,0.18,0.18,3,0.4081,"[190.08326721191406, 1043.589599609375, 257.99871826171875, 1117.265625]",1
frame_0073.png,extras,large power bank,rectangular battery box,rectangular battery box.,0.18,0.18,3,0.4619,"[189.1244659423828, 1042.012939453125, 258.8565368652344, 1117.16455078125]",1
frame_0073.png,extras,meeting table set,meeting table set,meeting table set.,0.2,0.2,1,0.5088,"[1457.8023681640625, 221.9842071533203, 2411.398193359375, 1423.322998046875]",1
frame_0073.png,extras,meeting table set,large meeting table,large meeting table.,0.2,0.2,4,0.4514,"[1456.34228515625, 220.86038208007812, 2413.065185546875, 1423.1436767578125]",1
frame_0073.png,extras,meeting table set,conference table,conference table.,0.2,0.2,5,0.3032,"[1464.9908447265625, 225.72705078125, 2406.661865234375, 1417.770263671875]",1
frame_0073.png,extras,meeting table set,long table with chairs,long table with chairs.,0.2,0.2,5,0.3222,"[1465.4827880859375, 687.987060546875, 2410.0068359375, 1416.7200927734375]",1
frame_0073.png,extras,meeting table set,office meeting table,office meeting table.,0.2,0.2,2,0.3762,"[977.1339721679688, 734.5044555664062, 1123.111572265625, 1061.168212890625]",1
frame_0073.png,extras,meeting table set,long rectangular table,long rectangular table.,0.2,0.2,4,0.3823,"[5.626287460327148, 1013.4357299804688, 2874.642822265625, 1849.5750732421875]",1
frame_0073.png,extras,plant pot,plant pot,plant pot.,0.2,0.2,0,0.0,,0
frame_0073.png,extras,plant pot,potted plant in plastic pot,potted plant in plastic pot.,0.2,0.2,4,0.3796,"[974.2350463867188, 689.9679565429688, 1126.935791015625, 1063.93017578125]",1
frame_0073.png,extras,plant pot,potted plant,potted plant.,0.2,0.2,0,0.0,,0
frame_0073.png,extras,plant pot,indoor potted plant,indoor potted plant.,0.2,0.2,0,0.0,,0
frame_0073.png,extras,plant pot,flower pot,flower pot.,0.2,0.2,0,0.0,,0
frame_0073.png,extras,plant pot,plastic plant pot,plastic plant pot.,0.2,0.2,0,0.0,,0
frame_0073.png,extras,shoes,shoes,shoes.,0.18,0.18,5,0.4497,"[859.3882446289062, 1086.3941650390625, 908.7850341796875, 1127.5810546875]",1
frame_0073.png,extras,shoes,pair of indoor shoes,pair of indoor shoes.,0.18,0.18,4,0.6212,"[846.5693359375, 1069.05224609375, 982.8595581054688, 1140.123291015625]",1
frame_0073.png,extras,shoes,indoor shoes,indoor shoes.,0.18,0.18,8,0.5471,"[923.813232421875, 1087.662353515625, 972.4033203125, 1126.961181640625]",1
frame_0073.png,extras,shoes,pair of shoes,pair of shoes.,0.18,0.18,4,0.6535,"[843.91455078125, 1067.492431640625, 984.858642578125, 1142.00927734375]",1
frame_0073.png,extras,shoes,sneakers,sneakers.,0.18,0.18,4,0.5545,"[859.8348999023438, 1087.939208984375, 907.7366943359375, 1126.5679931640625]",1
frame_0073.png,extras,shoes,slippers,slippers.,0.18,0.18,5,0.3264,"[924.434814453125, 1102.5927734375, 971.2808227539062, 1124.0599365234375]",1
frame_0073.png,extras,shoes,shoe pair on floor,shoe pair on floor.,0.18,0.18,7,0.5562,"[10.066652297973633, 1016.7733154296875, 2868.336669921875, 1847.8253173828125]",1
frame_0073.png,extras,trash bin,trash bin,trash bin.,0.2,0.2,0,0.0,,0
frame_0073.png,extras,trash bin,indoor trash bin,indoor trash bin.,0.2,0.2,1,0.4278,"[976.1546630859375, 737.448486328125, 1123.1822509765625, 1062.55859375]",1
frame_0073.png,extras,trash bin,garbage bin,garbage bin.,0.2,0.2,1,0.317,"[977.56982421875, 738.6460571289062, 1122.2235107421875, 1061.0823974609375]",1
frame_0073.png,extras,trash bin,waste bin,waste bin.,0.2,0.2,1,0.312,"[977.3900146484375, 739.4182739257812, 1122.583740234375, 1061.18505859375]",1
frame_0073.png,extras,trash bin,recycling bin,recycling bin.,0.2,0.2,1,0.3104,"[977.2584228515625, 735.3607177734375, 1123.1517333984375, 1061.3275146484375]",1
frame_0073.png,extras,trash bin,small trash can,small trash can.,0.2,0.2,1,0.5618,"[972.8494262695312, 737.5612182617188, 1125.8719482421875, 1066.162353515625]",1
frame_0073.png,extras,vacuum cleaner,vacuum cleaner,vacuum cleaner.,0.2,0.2,1,0.6469,"[1462.4990234375, 222.37716674804688, 2408.0146484375, 1421.8118896484375]",1
frame_0073.png,extras,vacuum cleaner,upright vacuum cleaner,upright vacuum cleaner.,0.2,0.2,1,0.7546,"[1461.570068359375, 221.6964569091797, 2409.23046875, 1422.4921875]",1
frame_0073.png,extras,vacuum cleaner,stick vacuum,stick vacuum.,0.2,0.2,1,0.2138,"[1465.4266357421875, 224.54225158691406, 2406.0322265625, 1420.1053466796875]",1
frame_0073.png,extras,vacuum cleaner,household vacuum,household vacuum.,0.2,0.2,2,0.6134,"[1464.42138671875, 224.1558837890625, 2406.61962890625, 1420.447021484375]",1
frame_0073.png,extras,vacuum cleaner,robot vacuum,robot vacuum.,0.2,0.2,1,0.5638,"[1462.781005859375, 222.95005798339844, 2407.748046875, 1421.651611328125]",1
frame_0073.png,extras,vacuum cleaner,cordless vacuum cleaner,cordless vacuum cleaner.,0.2,0.2,1,0.8178,"[1460.6064453125, 221.50616455078125, 2410.112060546875, 1422.874267578125]",1
frame_0074.png,production,meeting table set,ALL_GROUP,meeting table. conference table. table with chairs. meeting table set.,0.32,0.32,0,0.0,,0
frame_0074.png,production,chair,ALL_GROUP,chair. chairs. armless chair.,0.36,0.36,0,0.0,,0
frame_0074.png,production,bench,ALL_GROUP,bench. metal bench. waiting bench.,0.34,0.34,1,0.3789,"[1534.5931396484375, 684.5550537109375, 2514.009521484375, 1440.328369140625]",1
frame_0074.png,production,cardboard box+plant pot+shoes,ALL_GROUP,cardboard box. brown cardboard box. cardboard package. plant pot. potted plant. flower pot. indoor plant pot. shoes. pair of shoes. footwear. black shoes.,0.3,0.3,6,0.4506,"[906.805419921875, 1075.49169921875, 1034.9549560546875, 1136.3028564453125]",1
frame_0074.png,production,trash bin+vacuum cleaner,ALL_GROUP,trash bin. trash can. waste bin. recycling bin. row of trash bins. vacuum cleaner. upright vacuum cleaner. cordless vacuum. floor cleaner.,0.25,0.25,0,0.0,,0
frame_0074.png,production,large power bank,ALL_GROUP,large power bank. portable power station. battery pack. power bank.,0.28,0.28,1,0.298,"[1028.3759765625, 724.9932250976562, 1179.56982421875, 1061.687255859375]",1
frame_0074.png,production,door,ALL_GROUP,door. doors. dark door. elevator sliding door. sliding door.,0.26,0.26,4,0.3901,"[1169.1297607421875, 3.2497196197509766, 2078.762939453125, 1220.6795654296875]",1
frame_0074.png,production,electric vehicle,ALL_GROUP,electric vehicle. small electric vehicle. mobility scooter. scooter.,0.28,0.28,1,0.4865,"[1517.0670166015625, 191.27935791015625, 2519.586669921875, 1447.2396240234375]",1
frame_0074.png,extras,bench,bench,bench.,0.2,0.2,1,0.2402,"[1530.493408203125, 194.54605102539062, 2512.92138671875, 1440.434326171875]",1
frame_0074.png,extras,bench,metal bench,metal bench.,0.2,0.2,3,0.4466,"[1537.2225341796875, 681.85009765625, 2512.3583984375, 1438.3685302734375]",1
frame_0074.png,extras,bench,waiting bench,waiting bench.,0.2,0.2,2,0.397,"[1533.783203125, 684.9375, 2513.822021484375, 1440.78759765625]",1
frame_0074.png,extras,bench,long bench,long bench.,0.2,0.2,3,0.3884,"[1529.7366943359375, 193.19410705566406, 2513.385498046875, 1439.622314453125]",1
frame_0074.png,extras,bench,indoor bench,indoor bench.,0.2,0.2,2,0.3701,"[1529.3104248046875, 193.708740234375, 2513.28076171875, 1439.9454345703125]",1
frame_0074.png,extras,cardboard box,cardboard box,cardboard box.,0.2,0.2,0,0.0,,0
frame_0074.png,extras,cardboard box,brown cardboard box,brown cardboard box.,0.2,0.2,3,0.3044,"[1524.6451416015625, 192.9314727783203, 2512.633056640625, 1442.400146484375]",1
frame_0074.png,extras,cardboard box,shipping box,shipping box.,0.2,0.2,0,0.0,,0
frame_0074.png,extras,cardboard box,package box,package box.,0.2,0.2,0,0.0,,0
frame_0074.png,extras,cardboard box,stacked box,stacked box.,0.2,0.2,0,0.0,,0
frame_0074.png,extras,cardboard box,box,box.,0.2,0.2,1,0.2585,"[258.27044677734375, 1043.2906494140625, 320.6806335449219, 1108.8316650390625]",1
frame_0074.png,extras,chair,chair,chair.,0.2,0.2,4,0.3233,"[1842.717041015625, 686.1187744140625, 2263.93212890625, 1147.9964599609375]",1
frame_0074.png,extras,chair,armless chair,armless chair.,0.2,0.2,3,0.3804,"[1528.046875, 193.1234893798828, 2515.133056640625, 1440.8021240234375]",1
frame_0074.png,extras,chair,office chair,office chair.,0.2,0.2,7,0.3717,"[1839.29931640625, 685.0169677734375, 2270.887939453125, 1155.793701171875]",1
frame_0074.png,extras,chair,swivel chair,swivel chair.,0.2,0.2,2,0.4021,"[1527.1544189453125, 192.6476593017578, 2515.525634765625, 1441.7857666015625]",1
frame_0074.png,extras,chair,rolling chair,rolling chair.,0.2,0.2,3,0.4685,"[1528.54248046875, 192.33135986328125, 2513.34423828125, 1440.52587890625]",1
frame_0074.png,extras,chair,stool chair,stool chair.,0.2,0.2,8,0.3214,"[1.6619181632995605, 1739.3189697265625, 454.8929443359375, 1855.19580078125]",1
frame_0074.png,extras,door,door,door.,0.2,0.2,1,0.2622,"[1171.46533203125, 1.169012188911438, 2073.415283203125, 1217.9859619140625]",1
frame_0074.png,extras,door,dark door surface,dark door surface.,0.2,0.2,3,0.3352,"[1957.158935546875, 9.920001983642578, 2733.621826171875, 1370.1385498046875]",1
frame_0074.png,extras,door,wooden door,wooden door.,0.2,0.2,3,0.3106,"[1166.69873046875, 3.566182851791382, 2079.283203125, 1219.48583984375]",1
frame_0074.png,extras,door,closed door,closed door.,0.2,0.2,3,0.3929,"[1167.6163330078125, 3.6044864654541016, 2077.763671875, 1219.8857421875]",1
frame_0074.png,extras,door,interior door,interior door.,0.2,0.2,5,0.3239,"[1169.559814453125, 2.4137449264526367, 2872.816650390625, 1466.5675048828125]",1
frame_0074.png,extras,electric vehicle,electric vehicle,electric vehicle.,0.2,0.2,2,0.5856,"[1526.1109619140625, 192.50885009765625, 2514.658447265625, 1443.1378173828125]",1
frame_0074.png,extras,electric vehicle,small electric vehicle,small electric vehicle.,0.2,0.2,2,0.5589,"[1518.9853515625, 188.67648315429688, 2521.24365234375, 1446.62060546875]",1
frame_0074.png,extras,electric vehicle,electric cart,electric cart.,0.2,0.2,1,0.6497,"[1525.0277099609375, 191.37420654296875, 2514.541259765625, 1442.9886474609375]",1
frame_0074.png,extras,electric vehicle,small electric cart,small electric cart.,0.2,0.2,2,0.6075,"[1520.3856201171875, 189.23191833496094, 2519.1845703125, 1444.9052734375]",1
frame_0074.png,extras,electric vehicle,compact electric car,compact electric car.,0.2,0.2,2,0.4816,"[1524.3311767578125, 190.04815673828125, 2517.447998046875, 1443.784912109375]",1
frame_0074.png,extras,electric vehicle,indoor electric vehicle,indoor electric vehicle.,0.2,0.2,2,0.7264,"[1524.972412109375, 189.2644500732422, 2514.69091796875, 1443.560546875]",1
frame_0074.png,extras,electric vehicle,robot platform,robot platform.,0.2,0.2,2,0.5634,"[1525.8619384765625, 191.77415466308594, 2513.93701171875, 1441.7392578125]",1
frame_0074.png,extras,large power bank,large power bank,large power bank.,0.18,0.18,3,0.5088,"[1515.7109375, 186.96884155273438, 2519.4580078125, 1446.2724609375]",1
frame_0074.png,extras,large power bank,portable power bank battery,portable power bank battery.,0.18,0.18,2,0.5021,"[254.99356079101562, 1038.8365478515625, 323.3144836425781, 1112.4237060546875]",1
frame_0074.png,extras,large power bank,power bank,power bank.,0.18,0.18,5,0.4773,"[1526.513671875, 190.3855743408203, 2514.273193359375, 1442.44677734375]",1
frame_0074.png,extras,large power bank,battery pack,battery pack.,0.18,0.18,1,0.2498,"[257.35296630859375, 1041.454833984375, 322.4635925292969, 1111.241455078125]",1
frame_0074.png,extras,large power bank,large battery,large battery.,0.18,0.18,4,0.3647,"[255.4064483642578, 1039.2845458984375, 323.4935302734375, 1112.2774658203125]",1
frame_0074.png,extras,large power bank,portable battery,portable battery.,0.18,0.18,2,0.4341,"[255.76974487304688, 1039.8939208984375, 323.15704345703125, 1112.17626953125]",1
frame_0074.png,extras,large power bank,rectangular battery box,rectangular battery box.,0.18,0.18,3,0.457,"[255.0676727294922, 1038.3631591796875, 323.58837890625, 1112.0120849609375]",1
frame_0074.png,extras,meeting table set,meeting table set,meeting table set.,0.2,0.2,1,0.4949,"[1522.7874755859375, 190.68385314941406, 2517.22021484375, 1443.5546875]",1
frame_0074.png,extras,meeting table set,large meeting table,large meeting table.,0.2,0.2,5,0.4016,"[1521.9866943359375, 189.43878173828125, 2517.26416015625, 1442.951171875]",1
frame_0074.png,extras,meeting table set,conference table,conference table.,0.2,0.2,5,0.3821,"[1.8004274368286133, 1738.374755859375, 452.8364562988281, 1855.675537109375]",1
frame_0074.png,extras,meeting table set,long table with chairs,long table with chairs.,0.2,0.2,5,0.3219,"[3.692178726196289, 1730.4647216796875, 454.709228515625, 1852.776123046875]",1
frame_0074.png,extras,meeting table set,office meeting table,office meeting table.,0.2,0.2,5,0.3348,"[1029.3553466796875, 734.2744750976562, 1178.5394287109375, 1056.56005859375]",1
frame_0074.png,extras,meeting table set,long rectangular table,long rectangular table.,0.2,0.2,4,0.3262,"[2.2239160537719727, 1734.6121826171875, 456.61480712890625, 1854.5870361328125]",1
frame_0074.png,extras,plant pot,plant pot,plant pot.,0.2,0.2,0,0.0,,0
frame_0074.png,extras,plant pot,potted plant in plastic pot,potted plant in plastic pot.,0.2,0.2,3,0.275,"[1520.081787109375, 186.52537536621094, 2518.380859375, 1444.683349609375]",1
frame_0074.png,extras,plant pot,potted plant,potted plant.,0.2,0.2,0,0.0,,0
frame_0074.png,extras,plant pot,indoor potted plant,indoor potted plant.,0.2,0.2,0,0.0,,0
frame_0074.png,extras,plant pot,flower pot,flower pot.,0.2,0.2,0,0.0,,0
frame_0074.png,extras,plant pot,plastic plant pot,plastic plant pot.,0.2,0.2,0,0.0,,0
frame_0074.png,extras,shoes,shoes,shoes.,0.18,0.18,6,0.4105,"[914.5243530273438, 1084.6859130859375, 961.7705688476562, 1125.8348388671875]",1
frame_0074.png,extras,shoes,pair of indoor shoes,pair of indoor shoes.,0.18,0.18,4,0.6085,"[900.281005859375, 1067.79931640625, 1038.1865234375, 1139.6141357421875]",1
frame_0074.png,extras,shoes,indoor shoes,indoor shoes.,0.18,0.18,7,0.5149,"[912.6892700195312, 1089.7095947265625, 963.567138671875, 1129.99755859375]",1
frame_0074.png,extras,shoes,pair of shoes,pair of shoes.,0.18,0.18,5,0.6446,"[897.0682983398438, 1065.8057861328125, 1040.384033203125, 1141.8828125]",1
frame_0074.png,extras,shoes,sneakers,sneakers.,0.18,0.18,5,0.4741,"[978.62548828125, 1099.3431396484375, 1023.9887084960938, 1122.3704833984375]",1
frame_0074.png,extras,shoes,slippers,slippers.,0.18,0.18,3,0.3832,"[977.713134765625, 1102.0789794921875, 1025.101318359375, 1123.314697265625]",1
frame_0074.png,extras,shoes,shoe pair on floor,shoe pair on floor.,0.18,0.18,6,0.5573,"[9.821605682373047, 1018.1168823242188, 2868.962158203125, 1847.8070068359375]",1
frame_0074.png,extras,trash bin,trash bin,trash bin.,0.2,0.2,0,0.0,,0
frame_0074.png,extras,trash bin,indoor trash bin,indoor trash bin.,0.2,0.2,2,0.3037,"[1030.3359375, 738.0603637695312, 1179.2647705078125, 1059.354736328125]",1
frame_0074.png,extras,trash bin,garbage bin,garbage bin.,0.2,0.2,0,0.0,,0
frame_0074.png,extras,trash bin,waste bin,waste bin.,0.2,0.2,0,0.0,,0
frame_0074.png,extras,trash bin,recycling bin,recycling bin.,0.2,0.2,1,0.2164,"[1031.374267578125, 737.6622924804688, 1178.5556640625, 1058.0184326171875]",1
frame_0074.png,extras,trash bin,small trash can,small trash can.,0.2,0.2,3,0.4027,"[251.29470825195312, 1034.58740234375, 326.0887756347656, 1115.5535888671875]",1
frame_0074.png,extras,vacuum cleaner,vacuum cleaner,vacuum cleaner.,0.2,0.2,1,0.6316,"[1525.9417724609375, 190.82704162597656, 2514.579345703125, 1442.27734375]",1
frame_0074.png,extras,vacuum cleaner,upright vacuum cleaner,upright vacuum cleaner.,0.2,0.2,1,0.7354,"[1524.43798828125, 190.0014190673828, 2515.92041015625, 1442.7281494140625]",1
frame_0074.png,extras,vacuum cleaner,stick vacuum,stick vacuum.,0.2,0.2,1,0.2032,"[1529.1993408203125, 192.41168212890625, 2512.7509765625, 1440.7943115234375]",1
frame_0074.png,extras,vacuum cleaner,household vacuum,household vacuum.,0.2,0.2,3,0.5904,"[1527.5218505859375, 192.15557861328125, 2513.619384765625, 1441.544677734375]",1
frame_0074.png,extras,vacuum cleaner,robot vacuum,robot vacuum.,0.2,0.2,1,0.5017,"[1526.294921875, 190.90187072753906, 2514.3388671875, 1442.238525390625]",1
frame_0074.png,extras,vacuum cleaner,cordless vacuum cleaner,cordless vacuum cleaner.,0.2,0.2,1,0.8065,"[1524.04443359375, 189.57005310058594, 2516.447265625, 1443.1629638671875]",1
frame_0075.png,production,meeting table set,ALL_GROUP,meeting table. conference table. table with chairs. meeting table set.,0.32,0.32,0,0.0,,0
frame_0075.png,production,chair,ALL_GROUP,chair. chairs. armless chair.,0.36,0.36,1,0.4003,"[2282.1513671875, 1671.0738525390625, 2878.46337890625, 1854.9366455078125]",1
frame_0075.png,production,bench,ALL_GROUP,bench. metal bench. waiting bench.,0.34,0.34,0,0.0,,0
frame_0075.png,production,cardboard box+plant pot+shoes,ALL_GROUP,cardboard box. brown cardboard box. cardboard package. plant pot. potted plant. flower pot. indoor plant pot. shoes. pair of shoes. footwear. black shoes.,0.3,0.3,6,0.4968,"[1075.2178955078125, 1041.2454833984375, 1173.401611328125, 1088.3988037109375]",1
frame_0075.png,production,trash bin+vacuum cleaner,ALL_GROUP,trash bin. trash can. waste bin. recycling bin. row of trash bins. vacuum cleaner. upright vacuum cleaner. cordless vacuum. floor cleaner.,0.25,0.25,0,0.0,,0
frame_0075.png,production,large power bank,ALL_GROUP,large power bank. portable power station. battery pack. power bank.,0.28,0.28,1,0.3017,"[2019.8558349609375, 673.33642578125, 2202.14794921875, 1096.04150390625]",1
frame_0075.png,production,door,ALL_GROUP,door. doors. dark door. elevator sliding door. sliding door.,0.26,0.26,3,0.3287,"[720.1865844726562, 868.3099975585938, 831.7093505859375, 959.8387451171875]",1
frame_0075.png,production,electric vehicle,ALL_GROUP,electric vehicle. small electric vehicle. mobility scooter. scooter.,0.28,0.28,0,0.0,,0
frame_0075.png,extras,bench,bench,bench.,0.2,0.2,1,0.2275,"[2280.590087890625, 1675.437255859375, 2878.104248046875, 1856.242919921875]",1
frame_0075.png,extras,bench,metal bench,metal bench.,0.2,0.2,2,0.5121,"[2281.906982421875, 1663.337158203125, 2876.917724609375, 1853.0379638671875]",1
frame_0075.png,extras,bench,waiting bench,waiting bench.,0.2,0.2,2,0.3984,"[2282.34033203125, 1675.0770263671875, 2879.429443359375, 1853.761962890625]",1
frame_0075.png,extras,bench,long bench,long bench.,0.2,0.2,2,0.5236,"[2281.68603515625, 1661.259033203125, 2877.6630859375, 1853.443603515625]",1
frame_0075.png,extras,bench,indoor bench,indoor bench.,0.2,0.2,2,0.3845,"[2283.275390625, 1668.83544921875, 2877.6923828125, 1853.8446044921875]",1
frame_0075.png,extras,cardboard box,cardboard box,cardboard box.,0.2,0.2,0,0.0,,0
frame_0075.png,extras,cardboard box,brown cardboard box,brown cardboard box.,0.2,0.2,6,0.2859,"[2020.111572265625, 852.4981079101562, 2196.876220703125, 1094.4583740234375]",1
frame_0075.png,extras,cardboard box,shipping box,shipping box.,0.2,0.2,0,0.0,,0
frame_0075.png,extras,cardboard box,package box,package box.,0.2,0.2,0,0.0,,0
frame_0075.png,extras,cardboard box,stacked box,stacked box.,0.2,0.2,1,0.2427,"[2021.95751953125, 678.4810791015625, 2198.519775390625, 1093.3460693359375]",1
frame_0075.png,extras,cardboard box,box,box.,0.2,0.2,1,0.2277,"[1229.0482177734375, 1029.931884765625, 1277.405517578125, 1084.51806640625]",1
frame_0075.png,extras,chair,chair,chair.,0.2,0.2,3,0.3138,"[2279.587646484375, 1674.114990234375, 2878.37841796875, 1856.40869140625]",1
frame_0075.png,extras,chair,armless chair,armless chair.,0.2,0.2,1,0.5986,"[2284.3427734375, 1665.7518310546875, 2877.5185546875, 1852.704833984375]",1
frame_0075.png,extras,chair,office chair,office chair.,0.2,0.2,4,0.3073,"[2284.50146484375, 1674.3878173828125, 2878.101318359375, 1855.6507568359375]",1
frame_0075.png,extras,chair,swivel chair,swivel chair.,0.2,0.2,2,0.4013,"[2287.425048828125, 1671.0303955078125, 2877.77294921875, 1852.3936767578125]",1
frame_0075.png,extras,chair,rolling chair,rolling chair.,0.2,0.2,3,0.4161,"[2283.787353515625, 1669.916748046875, 2877.9296875, 1853.766357421875]",1
frame_0075.png,extras,chair,stool chair,stool chair.,0.2,0.2,3,0.4161,"[2282.9580078125, 1669.6982421875, 2877.580322265625, 1854.5006103515625]",1
frame_0075.png,extras,door,door,door.,0.2,0.2,4,0.2866,"[724.0812377929688, 874.0205078125, 829.0645141601562, 958.2315673828125]",1
frame_0075.png,extras,door,dark door surface,dark door surface.,0.2,0.2,3,0.4028,"[712.2289428710938, 860.9896240234375, 838.3880615234375, 964.5211181640625]",1
frame_0075.png,extras,door,wooden door,wooden door.,0.2,0.2,4,0.3735,"[720.7882690429688, 869.9612426757812, 831.8272705078125, 960.3331298828125]",1
frame_0075.png,extras,door,closed door,closed door.,0.2,0.2,5,0.3626,"[720.6893310546875, 868.9695434570312, 831.5120239257812, 960.32666015625]",1
frame_0075.png,extras,door,interior door,interior door.,0.2,0.2,6,0.3488,"[721.2985229492188, 869.3491821289062, 831.31201171875, 959.463623046875]",1
frame_0075.png,extras,electric vehicle,electric vehicle,electric vehicle.,0.2,0.2,2,0.2488,"[6.452751159667969, 1.6503310203552246, 2874.787353515625, 1854.400634765625]",1
frame_0075.png,extras,electric vehicle,small electric vehicle,small electric vehicle.,0.2,0.2,4,0.3869,"[1142.8271484375, 1649.4095458984375, 1699.923828125, 1854.3677978515625]",1
frame_0075.png,extras,electric vehicle,electric cart,electric cart.,0.2,0.2,0,0.0,,0
frame_0075.png,extras,electric vehicle,small electric cart,small electric cart.,0.2,0.2,6,0.3199,"[1323.1727294921875, 922.1224975585938, 1378.7340087890625, 1010.4940185546875]",1
frame_0075.png,extras,electric vehicle,compact electric car,compact electric car.,0.2,0.2,3,0.3795,"[9.45897102355957, 5.128376483917236, 2871.69091796875, 1849.612060546875]",1
frame_0075.png,extras,electric vehicle,indoor electric vehicle,indoor electric vehicle.,0.2,0.2,2,0.5682,"[7.539024353027344, 4.563022136688232, 2871.011474609375, 1850.7164306640625]",1
frame_0075.png,extras,electric vehicle,robot platform,robot platform.,0.2,0.2,3,0.238,"[1147.52099609375, 1655.581787109375, 1698.572021484375, 1854.4461669921875]",1
frame_0075.png,extras,large power bank,large power bank,large power bank.,0.18,0.18,5,0.2947,"[10.4315185546875, 9.34782886505127, 2868.237060546875, 1844.3052978515625]",1
frame_0075.png,extras,large power bank,portable power bank battery,portable power bank battery.,0.18,0.18,5,0.4128,"[1225.8565673828125, 1025.892578125, 1280.5347900390625, 1087.5694580078125]",1
frame_0075.png,extras,large power bank,power bank,power bank.,0.18,0.18,6,0.2774,"[1859.09765625, 633.1478271484375, 1965.6365966796875, 683.9185180664062]",1
frame_0075.png,extras,large power bank,battery pack,battery pack.,0.18,0.18,2,0.2398,"[1228.26220703125, 1028.5272216796875, 1279.1796875, 1086.3603515625]",1
frame_0075.png,extras,large power bank,large battery,large battery.,0.18,0.18,6,0.3057,"[1226.579345703125, 1026.412353515625, 1280.59912109375, 1087.4532470703125]",1
frame_0075.png,extras,large power bank,portable battery,portable battery.,0.18,0.18,4,0.3864,"[1226.931640625, 1027.2174072265625, 1280.211181640625, 1087.4072265625]",1
frame_0075.png,extras,large power bank,rectangular battery box,rectangular battery box.,0.18,0.18,5,0.3474,"[1226.4757080078125, 1025.59228515625, 1281.0264892578125, 1087.2762451171875]",1
frame_0075.png,extras,meeting table set,meeting table set,meeting table set.,0.2,0.2,4,0.2689,"[2288.352294921875, 1668.4456787109375, 2876.892333984375, 1853.719482421875]",1
frame_0075.png,extras,meeting table set,large meeting table,large meeting table.,0.2,0.2,1,0.5306,"[2283.54638671875, 1658.519287109375, 2875.672119140625, 1853.051025390625]",1
frame_0075.png,extras,meeting table set,conference table,conference table.,0.2,0.2,2,0.5653,"[2287.06396484375, 1667.28173828125, 2877.859619140625, 1855.373779296875]",1
frame_0075.png,extras,meeting table set,long table with chairs,long table with chairs.,0.2,0.2,1,0.5596,"[2283.81396484375, 1654.2188720703125, 2873.400634765625, 1851.45654296875]",1
frame_0075.png,extras,meeting table set,office meeting table,office meeting table.,0.2,0.2,3,0.4338,"[2288.33154296875, 1665.0738525390625, 2876.72119140625, 1854.259033203125]",1
frame_0075.png,extras,meeting table set,long rectangular table,long rectangular table.,0.2,0.2,2,0.4164,"[2283.154052734375, 1665.4193115234375, 2876.8349609375, 1853.588134765625]",1
frame_0075.png,extras,plant pot,plant pot,plant pot.,0.2,0.2,0,0.0,,0
frame_0075.png,extras,plant pot,potted plant in plastic pot,potted plant in plastic pot.,0.2,0.2,2,0.2716,"[2029.7772216796875, 739.5498657226562, 2143.372314453125, 873.8782958984375]",1
frame_0075.png,extras,plant pot,potted plant,potted plant.,0.2,0.2,0,0.0,,0
frame_0075.png,extras,plant pot,indoor potted plant,indoor potted plant.,0.2,0.2,0,0.0,,0
frame_0075.png,extras,plant pot,flower pot,flower pot.,0.2,0.2,0,0.0,,0
frame_0075.png,extras,plant pot,plastic plant pot,plastic plant pot.,0.2,0.2,0,0.0,,0
frame_0075.png,extras,shoes,shoes,shoes.,0.18,0.18,7,0.4243,"[1968.0963134765625, 1153.373291015625, 2030.1923828125, 1184.4967041015625]",1
frame_0075.png,extras,shoes,pair of indoor shoes,pair of indoor shoes.,0.18,0.18,4,0.6854,"[1871.5091552734375, 1121.9578857421875, 2043.4569091796875, 1198.8194580078125]",1
frame_0075.png,extras,shoes,indoor shoes,indoor shoes.,0.18,0.18,7,0.5206,"[1966.948974609375, 1149.4149169921875, 2031.4224853515625, 1187.709228515625]",1
frame_0075.png,extras,shoes,pair of shoes,pair of shoes.,0.18,0.18,6,0.7023,"[1868.3447265625, 1121.1368408203125, 2045.716552734375, 1200.908447265625]",1
frame_0075.png,extras,shoes,sneakers,sneakers.,0.18,0.18,4,0.4963,"[1968.309814453125, 1153.1375732421875, 2029.7464599609375, 1183.966796875]",1
frame_0075.png,extras,shoes,slippers,slippers.,0.18,0.18,2,0.3591,"[1885.527587890625, 1152.8406982421875, 1959.633056640625, 1184.986083984375]",1
frame_0075.png,extras,shoes,shoe pair on floor,shoe pair on floor.,0.18,0.18,6,0.5756,"[10.169219970703125, 942.3002319335938, 2868.7578125, 1848.0853271484375]",1
frame_0075.png,extras,trash bin,trash bin,trash bin.,0.2,0.2,0,0.0,,0
frame_0075.png,extras,trash bin,indoor trash bin,indoor trash bin.,0.2,0.2,3,0.3569,"[655.0302734375, 886.7833862304688, 706.0714721679688, 975.8023681640625]",1
frame_0075.png,extras,trash bin,garbage bin,garbage bin.,0.2,0.2,4,0.3312,"[656.3757934570312, 887.9169921875, 705.067138671875, 974.8987426757812]",1
frame_0075.png,extras,trash bin,waste bin,waste bin.,0.2,0.2,4,0.3362,"[656.4942626953125, 888.0885009765625, 705.0401000976562, 975.0421142578125]",1
frame_0075.png,extras,trash bin,recycling bin,recycling bin.,0.2,0.2,4,0.2623,"[655.4083251953125, 887.6632690429688, 706.5780029296875, 975.0826416015625]",1
frame_0075.png,extras,trash bin,small trash can,small trash can.,0.2,0.2,4,0.4023,"[2017.5609130859375, 842.012939453125, 2198.294677734375, 1095.776611328125]",1
frame_0075.png,extras,vacuum cleaner,vacuum cleaner,vacuum cleaner.,0.2,0.2,1,0.2318,"[1271.801513671875, 925.2849731445312, 1447.1326904296875, 1113.465576171875]",1
frame_0075.png,extras,vacuum cleaner,upright vacuum cleaner,upright vacuum cleaner.,0.2,0.2,4,0.3242,"[1271.696533203125, 922.7094116210938, 1447.51171875, 1115.767333984375]",1
frame_0075.png,extras,vacuum cleaner,stick vacuum,stick vacuum.,0.2,0.2,0,0.0,,0
frame_0075.png,extras,vacuum cleaner,household vacuum,household vacuum.,0.2,0.2,4,0.296,"[1274.103759765625, 926.2744750976562, 1447.40185546875, 1113.195556640625]",1
frame_0075.png,extras,vacuum cleaner,robot vacuum,robot vacuum.,0.2,0.2,1,0.2071,"[1270.7564697265625, 925.540283203125, 1447.746337890625, 1113.9613037109375]",1
frame_0075.png,extras,vacuum cleaner,cordless vacuum cleaner,cordless vacuum cleaner.,0.2,0.2,2,0.4129,"[1266.55859375, 924.8436279296875, 1449.305908203125, 1115.4578857421875]",1
frame_0076.png,production,meeting table set,ALL_GROUP,meeting table. conference table. table with chairs. meeting table set.,0.32,0.32,2,0.4373,"[200.89669799804688, 796.7750854492188, 647.2153930664062, 1118.857666015625]",1
frame_0076.png,production,chair,ALL_GROUP,chair. chairs. armless chair.,0.36,0.36,1,0.3603,"[212.58065795898438, 833.3047485351562, 364.4693603515625, 1087.8643798828125]",1
frame_0076.png,production,bench,ALL_GROUP,bench. metal bench. waiting bench.,0.34,0.34,1,0.4145,"[216.76071166992188, 824.029296875, 488.3880310058594, 1103.204833984375]",1
frame_0076.png,production,cardboard box+plant pot+shoes,ALL_GROUP,cardboard box. brown cardboard box. cardboard package. plant pot. potted plant. flower pot. indoor plant pot. shoes. pair of shoes. footwear. black shoes.,0.3,0.3,4,0.3942,"[1966.8226318359375, 1067.0643310546875, 2092.552490234375, 1122.3536376953125]",1
frame_0076.png,production,trash bin+vacuum cleaner,ALL_GROUP,trash bin. trash can. waste bin. recycling bin. row of trash bins. vacuum cleaner. upright vacuum cleaner. cordless vacuum. floor cleaner.,0.25,0.25,0,0.0,,0
frame_0076.png,production,large power bank,ALL_GROUP,large power bank. portable power station. battery pack. power bank.,0.28,0.28,0,0.0,,0
frame_0076.png,production,door,ALL_GROUP,door. doors. dark door. elevator sliding door. sliding door.,0.26,0.26,2,0.3758,"[175.12863159179688, 627.9644775390625, 248.72509765625, 1013.06298828125]",1
frame_0076.png,production,electric vehicle,ALL_GROUP,electric vehicle. small electric vehicle. mobility scooter. scooter.,0.28,0.28,0,0.0,,0
frame_0076.png,extras,bench,bench,bench.,0.2,0.2,3,0.3247,"[216.94564819335938, 826.0916137695312, 487.78692626953125, 1100.490966796875]",1
frame_0076.png,extras,bench,metal bench,metal bench.,0.2,0.2,1,0.6206,"[215.28919982910156, 820.9139404296875, 490.033447265625, 1102.2825927734375]",1
frame_0076.png,extras,bench,waiting bench,waiting bench.,0.2,0.2,3,0.4842,"[215.74803161621094, 825.3811645507812, 489.5914611816406, 1103.0677490234375]",1
frame_0076.png,extras,bench,long bench,long bench.,0.2,0.2,5,0.3839,"[215.5705108642578, 825.5974731445312, 489.3892517089844, 1100.838623046875]",1
frame_0076.png,extras,bench,indoor bench,indoor bench.,0.2,0.2,4,0.4288,"[215.83070373535156, 824.83203125, 488.39044189453125, 1100.273681640625]",1
frame_0076.png,extras,cardboard box,cardboard box,cardboard box.,0.2,0.2,0,0.0,,0
frame_0076.png,extras,cardboard box,brown cardboard box,brown cardboard box.,0.2,0.2,2,0.4976,"[396.64154052734375, 210.3812255859375, 1266.484375, 1114.756591796875]",1
frame_0076.png,extras,cardboard box,shipping box,shipping box.,0.2,0.2,0,0.0,,0
frame_0076.png,extras,cardboard box,package box,package box.,0.2,0.2,0,0.0,,0
frame_0076.png,extras,cardboard box,stacked box,stacked box.,0.2,0.2,0,0.0,,0
frame_0076.png,extras,cardboard box,box,box.,0.2,0.2,0,0.0,,0
frame_0076.png,extras,chair,chair,chair.,0.2,0.2,5,0.4045,"[213.8699951171875, 835.064697265625, 364.1393127441406, 1087.9453125]",1
frame_0076.png,extras,chair,armless chair,armless chair.,0.2,0.2,2,0.5964,"[269.1896057128906, 820.8132934570312, 487.96453857421875, 1100.5516357421875]",1
frame_0076.png,extras,chair,office chair,office chair.,0.2,0.2,6,0.5303,"[271.4945068359375, 821.4719848632812, 488.326416015625, 1102.69140625]",1
frame_0076.png,extras,chair,swivel chair,swivel chair.,0.2,0.2,3,0.4054,"[232.06546020507812, 820.8067626953125, 486.55206298828125, 1102.81494140625]",1
frame_0076.png,extras,chair,rolling chair,rolling chair.,0.2,0.2,3,0.4408,"[217.31153869628906, 820.9901733398438, 485.4661560058594, 1103.3922119140625]",1
frame_0076.png,extras,chair,stool chair,stool chair.,0.2,0.2,6,0.5177,"[272.812744140625, 822.3218994140625, 487.5494689941406, 1100.4432373046875]",1
frame_0076.png,extras,door,door,door.,0.2,0.2,6,0.2867,"[178.1863555908203, 632.1739501953125, 244.7445831298828, 1010.8461303710938]",1
frame_0076.png,extras,door,dark door surface,dark door surface.,0.2,0.2,4,0.3101,"[1539.3092041015625, 863.0903930664062, 1650.770263671875, 957.10205078125]",1
frame_0076.png,extras,door,wooden door,wooden door.,0.2,0.2,7,0.3171,"[175.3237762451172, 629.0103149414062, 246.75344848632812, 1012.2886352539062]",1
frame_0076.png,extras,door,closed door,closed door.,0.2,0.2,7,0.301,"[1547.14892578125, 871.810546875, 1642.9720458984375, 953.5987548828125]",1
frame_0076.png,extras,door,interior door,interior door.,0.2,0.2,9,0.3051,"[1547.2877197265625, 871.6039428710938, 1643.1004638671875, 953.0177001953125]",1
frame_0076.png,extras,electric vehicle,electric vehicle,electric vehicle.,0.2,0.2,1,0.2369,"[1144.79638671875, 1655.5567626953125, 1695.726318359375, 1857.1708984375]",1
frame_0076.png,extras,electric vehicle,small electric vehicle,small electric vehicle.,0.2,0.2,5,0.4119,"[1141.4892578125, 1647.1790771484375, 1697.41259765625, 1854.83935546875]",1
frame_0076.png,extras,electric vehicle,electric cart,electric cart.,0.2,0.2,0,0.0,,0
frame_0076.png,extras,electric vehicle,small electric cart,small electric cart.,0.2,0.2,5,0.3456,"[2170.0244140625, 1043.984619140625, 2268.5009765625, 1140.3011474609375]",1
frame_0076.png,extras,electric vehicle,compact electric car,compact electric car.,0.2,0.2,4,0.4006,"[1144.2425537109375, 1652.79736328125, 1695.8961181640625, 1854.94677734375]",1
frame_0076.png,extras,electric vehicle,indoor electric vehicle,indoor electric vehicle.,0.2,0.2,2,0.4867,"[6.442537307739258, 5.029263496398926, 2873.336181640625, 1851.3743896484375]",1
frame_0076.png,extras,electric vehicle,robot platform,robot platform.,0.2,0.2,3,0.3721,"[356.8838806152344, 838.3519287109375, 642.547607421875, 1103.97412109375]",1
frame_0076.png,extras,large power bank,large power bank,large power bank.,0.18,0.18,8,0.325,"[385.4165344238281, 209.0097198486328, 1281.76806640625, 1114.3355712890625]",1
frame_0076.png,extras,large power bank,portable power bank battery,portable power bank battery.,0.18,0.18,3,0.4387,"[2174.5185546875, 1052.3909912109375, 2257.739013671875, 1136.613525390625]",1
frame_0076.png,extras,large power bank,power bank,power bank.,0.18,0.18,5,0.2939,"[392.18402099609375, 211.18893432617188, 1270.32275390625, 1111.802001953125]",1
frame_0076.png,extras,large power bank,battery pack,battery pack.,0.18,0.18,3,0.2284,"[2176.77099609375, 1054.0745849609375, 2256.78515625, 1135.42041015625]",1
frame_0076.png,extras,large power bank,large battery,large battery.,0.18,0.18,3,0.3542,"[2175.104248046875, 1052.17578125, 2258.495849609375, 1136.6932373046875]",1
frame_0076.png,extras,large power bank,portable battery,portable battery.,0.18,0.18,3,0.4081,"[2175.449462890625, 1052.966552734375, 2258.60595703125, 1136.5198974609375]",1
frame_0076.png,extras,large power bank,rectangular battery box,rectangular battery box.,0.18,0.18,4,0.3194,"[2175.3046875, 1051.886962890625, 2259.554931640625, 1136.447265625]",1
frame_0076.png,extras,meeting table set,meeting table set,meeting table set.,0.2,0.2,3,0.4532,"[208.94178771972656, 814.968017578125, 641.0592651367188, 1111.7169189453125]",1
frame_0076.png,extras,meeting table set,large meeting table,large meeting table.,0.2,0.2,2,0.4049,"[351.999755859375, 833.0653076171875, 643.4906616210938, 1097.05810546875]",1
frame_0076.png,extras,meeting table set,conference table,conference table.,0.2,0.2,4,0.4011,"[357.2369079589844, 839.7017211914062, 641.7099609375, 1085.210693359375]",1
frame_0076.png,extras,meeting table set,long table with chairs,long table with chairs.,0.2,0.2,3,0.4397,"[211.1370391845703, 813.02392578125, 643.2789306640625, 1110.9854736328125]",1
frame_0076.png,extras,meeting table set,office meeting table,office meeting table.,0.2,0.2,3,0.4027,"[355.8799133300781, 837.2941284179688, 641.6856079101562, 1096.1683349609375]",1
frame_0076.png,extras,meeting table set,long rectangular table,long rectangular table.,0.2,0.2,2,0.424,"[353.6251525878906, 834.4440307617188, 643.44189453125, 1084.633056640625]",1
frame_0076.png,extras,plant pot,plant pot,plant pot.,0.2,0.2,0,0.0,,0
frame_0076.png,extras,plant pot,potted plant in plastic pot,potted plant in plastic pot.,0.2,0.2,2,0.2596,"[398.1424255371094, 880.198974609375, 517.3784790039062, 1068.7628173828125]",1
frame_0076.png,extras,plant pot,potted plant,potted plant.,0.2,0.2,0,0.0,,0
frame_0076.png,extras,plant pot,indoor potted plant,indoor potted plant.,0.2,0.2,0,0.0,,0
frame_0076.png,extras,plant pot,flower pot,flower pot.,0.2,0.2,0,0.0,,0
frame_0076.png,extras,plant pot,plastic plant pot,plastic plant pot.,0.2,0.2,0,0.0,,0
frame_0076.png,extras,shoes,shoes,shoes.,0.18,0.18,3,0.4803,"[1971.469970703125, 1077.1162109375, 2037.7679443359375, 1106.045654296875]",1
frame_0076.png,extras,shoes,pair of indoor shoes,pair of indoor shoes.,0.18,0.18,3,0.6474,"[1960.448486328125, 1055.57421875, 2098.33056640625, 1127.026123046875]",1
frame_0076.png,extras,shoes,indoor shoes,indoor shoes.,0.18,0.18,7,0.52,"[1970.744140625, 1075.43994140625, 2037.5040283203125, 1108.6270751953125]",1
frame_0076.png,extras,shoes,pair of shoes,pair of shoes.,0.18,0.18,7,0.6536,"[1958.31884765625, 1053.72802734375, 2100.243896484375, 1128.63037109375]",1
frame_0076.png,extras,shoes,sneakers,sneakers.,0.18,0.18,2,0.4583,"[2038.9105224609375, 1081.5552978515625, 2084.9951171875, 1114.58251953125]",1
frame_0076.png,extras,shoes,slippers,slippers.,0.18,0.18,0,0.0,,0
frame_0076.png,extras,shoes,shoe pair on floor,shoe pair on floor.,0.18,0.18,3,0.6015,"[10.00554084777832, 940.321044921875, 2870.0947265625, 1846.6904296875]",1
frame_0076.png,extras,trash bin,trash bin,trash bin.,0.2,0.2,0,0.0,,0
frame_0076.png,extras,trash bin,indoor trash bin,indoor trash bin.,0.2,0.2,2,0.3797,"[1496.349365234375, 887.1033935546875, 1537.2271728515625, 967.075439453125]",1
frame_0076.png,extras,trash bin,garbage bin,garbage bin.,0.2,0.2,1,0.3099,"[1497.156005859375, 888.1603393554688, 1536.4180908203125, 966.1874389648438]",1
frame_0076.png,extras,trash bin,waste bin,waste bin.,0.2,0.2,1,0.3136,"[1497.0633544921875, 888.2133178710938, 1536.479248046875, 966.3681640625]",1
frame_0076.png,extras,trash bin,recycling bin,recycling bin.,0.2,0.2,1,0.2574,"[1497.134521484375, 888.0881958007812, 1537.2666015625, 966.3432006835938]",1
frame_0076.png,extras,trash bin,small trash can,small trash can.,0.2,0.2,3,0.487,"[1492.327392578125, 883.3865966796875, 1540.67138671875, 970.2815551757812]",1
frame_0076.png,extras,vacuum cleaner,vacuum cleaner,vacuum cleaner.,0.2,0.2,1,0.2444,"[2176.40771484375, 914.9443969726562, 2542.50439453125, 1205.018798828125]",1
frame_0076.png,extras,vacuum cleaner,upright vacuum cleaner,upright vacuum cleaner.,0.2,0.2,4,0.2753,"[2259.089599609375, 913.5274658203125, 2542.134765625, 1204.283935546875]",1
frame_0076.png,extras,vacuum cleaner,stick vacuum,stick vacuum.,0.2,0.2,0,0.0,,0
frame_0076.png,extras,vacuum cleaner,household vacuum,household vacuum.,0.2,0.2,6,0.2776,"[2265.80029296875, 1066.6744384765625, 2542.409423828125, 1203.824951171875]",1
frame_0076.png,extras,vacuum cleaner,robot vacuum,robot vacuum.,0.2,0.2,1,0.2232,"[2176.2890625, 914.5518798828125, 2542.62158203125, 1205.2705078125]",1
frame_0076.png,extras,vacuum cleaner,cordless vacuum cleaner,cordless vacuum cleaner.,0.2,0.2,3,0.413,"[2174.607666015625, 914.6362915039062, 2544.0947265625, 1205.587158203125]",1
frame_0077.png,production,meeting table set,ALL_GROUP,meeting table. conference table. table with chairs. meeting table set.,0.32,0.32,5,0.3986,"[5.89266300201416, 802.2577514648438, 252.03909301757812, 1132.097412109375]",1
frame_0077.png,production,chair,ALL_GROUP,chair. chairs. armless chair.,0.36,0.36,3,0.431,"[925.9129638671875, 834.1303100585938, 1058.087646484375, 1065.5653076171875]",1
frame_0077.png,production,bench,ALL_GROUP,bench. metal bench. waiting bench.,0.34,0.34,1,0.3815,"[1026.61376953125, 831.7120971679688, 1313.783935546875, 1097.5479736328125]",1
frame_0077.png,production,cardboard box+plant pot+shoes,ALL_GROUP,cardboard box. brown cardboard box. cardboard package. plant pot. potted plant. flower pot. indoor plant pot. shoes. pair of shoes. footwear. black shoes.,0.3,0.3,0,0.0,,0
frame_0077.png,production,trash bin+vacuum cleaner,ALL_GROUP,trash bin. trash can. waste bin. recycling bin. row of trash bins. vacuum cleaner. upright vacuum cleaner. cordless vacuum. floor cleaner.,0.25,0.25,0,0.0,,0
frame_0077.png,production,large power bank,ALL_GROUP,large power bank. portable power station. battery pack. power bank.,0.28,0.28,0,0.0,,0
frame_0077.png,production,door,ALL_GROUP,door. doors. dark door. elevator sliding door. sliding door.,0.26,0.26,3,0.3273,"[2651.40185546875, 576.3101196289062, 2758.180908203125, 1037.8209228515625]",1
frame_0077.png,production,electric vehicle,ALL_GROUP,electric vehicle. small electric vehicle. mobility scooter. scooter.,0.28,0.28,0,0.0,,0
frame_0077.png,extras,bench,bench,bench.,0.2,0.2,2,0.2559,"[1.559736728668213, 1740.0360107421875, 438.1414489746094, 1857.0152587890625]",1
frame_0077.png,extras,bench,metal bench,metal bench.,0.2,0.2,5,0.4486,"[959.0543212890625, 823.0292358398438, 1168.964599609375, 1095.34716796875]",1
frame_0077.png,extras,bench,waiting bench,waiting bench.,0.2,0.2,3,0.4758,"[1025.4013671875, 832.2850341796875, 1313.9459228515625, 1095.7138671875]",1
frame_0077.png,extras,bench,long bench,long bench.,0.2,0.2,5,0.4091,"[1026.87109375, 832.2093505859375, 1313.030029296875, 1089.90966796875]",1
frame_0077.png,extras,bench,indoor bench,indoor bench.,0.2,0.2,5,0.2848,"[2.2458672523498535, 1737.3406982421875, 439.8641662597656, 1855.4951171875]",1
frame_0077.png,extras,cardboard box,cardboard box,cardboard box.,0.2,0.2,2,0.2509,"[214.0654754638672, 959.94384765625, 263.54150390625, 1014.3826293945312]",1
frame_0077.png,extras,cardboard box,brown cardboard box,brown cardboard box.,0.2,0.2,2,0.4486,"[211.5544891357422, 957.9589233398438, 264.8830261230469, 1016.4039306640625]",1
frame_0077.png,extras,cardboard box,shipping box,shipping box.,0.2,0.2,1,0.2717,"[648.5263671875, 882.061279296875, 852.7896728515625, 988.966796875]",1
frame_0077.png,extras,cardboard box,package box,package box.,0.2,0.2,0,0.0,,0
frame_0077.png,extras,cardboard box,stacked box,stacked box.,0.2,0.2,2,0.2395,"[648.4761352539062, 882.5814208984375, 852.3955688476562, 988.8837280273438]",1
frame_0077.png,extras,cardboard box,box,box.,0.2,0.2,2,0.2645,"[215.8266143798828, 963.9749145507812, 260.5704040527344, 1011.9125366210938]",1
frame_0077.png,extras,chair,chair,chair.,0.2,0.2,11,0.3832,"[965.1702270507812, 822.9661254882812, 1164.580810546875, 1097.1949462890625]",1
frame_0077.png,extras,chair,armless chair,armless chair.,0.2,0.2,2,0.5799,"[962.0772094726562, 821.5618286132812, 1167.6214599609375, 1095.90185546875]",1
frame_0077.png,extras,chair,office chair,office chair.,0.2,0.2,13,0.5942,"[964.9403686523438, 821.0802612304688, 1165.327392578125, 1096.0924072265625]",1
frame_0077.png,extras,chair,swivel chair,swivel chair.,0.2,0.2,2,0.5729,"[961.672119140625, 821.2367553710938, 1167.9931640625, 1096.2994384765625]",1
frame_0077.png,extras,chair,rolling chair,rolling chair.,0.2,0.2,8,0.5451,"[963.2223510742188, 821.2014770507812, 1166.566650390625, 1096.302001953125]",1
frame_0077.png,extras,chair,stool chair,stool chair.,0.2,0.2,16,0.5114,"[965.445068359375, 822.3705444335938, 1164.9818115234375, 1095.6546630859375]",1
frame_0077.png,extras,door,door,door.,0.2,0.2,7,0.4245,"[2652.8828125, 576.8828125, 2756.551513671875, 1035.203369140625]",1
frame_0077.png,extras,door,dark door surface,dark door surface.,0.2,0.2,2,0.4034,"[2268.282958984375, 849.650146484375, 2406.115478515625, 960.6806640625]",1
frame_0077.png,extras,door,wooden door,wooden door.,0.2,0.2,3,0.4718,"[2651.77783203125, 577.321533203125, 2758.039306640625, 1036.7501220703125]",1
frame_0077.png,extras,door,closed door,closed door.,0.2,0.2,4,0.4042,"[2652.451416015625, 577.2630004882812, 2758.2197265625, 1037.4942626953125]",1
frame_0077.png,extras,door,interior door,interior door.,0.2,0.2,4,0.4254,"[2651.75830078125, 576.56640625, 2757.6455078125, 1036.4547119140625]",1
frame_0077.png,extras,electric vehicle,electric vehicle,electric vehicle.,0.2,0.2,1,0.2261,"[1148.16259765625, 1654.61865234375, 1697.350830078125, 1856.9561767578125]",1
frame_0077.png,extras,electric vehicle,small electric vehicle,small electric vehicle.,0.2,0.2,2,0.5392,"[1144.9869384765625, 1647.1190185546875, 1698.421630859375, 1854.7786865234375]",1
frame_0077.png,extras,electric vehicle,electric cart,electric cart.,0.2,0.2,0,0.0,,0
frame_0077.png,extras,electric vehicle,small electric cart,small electric cart.,0.2,0.2,4,0.397,"[835.4468383789062, 873.8486328125, 889.2137451171875, 989.0223388671875]",1
frame_0077.png,extras,electric vehicle,compact electric car,compact electric car.,0.2,0.2,3,0.4268,"[1146.856201171875, 1651.41796875, 1698.248046875, 1855.1248779296875]",1
frame_0077.png,extras,electric vehicle,indoor electric vehicle,indoor electric vehicle.,0.2,0.2,4,0.4576,"[3.988037109375, 4.749718189239502, 2876.289306640625, 1852.35498046875]",1
frame_0077.png,extras,electric vehicle,robot platform,robot platform.,0.2,0.2,3,0.5202,"[1020.3983764648438, 832.06982421875, 1311.8980712890625, 1100.5970458984375]",1
frame_0077.png,extras,large power bank,large power bank,large power bank.,0.18,0.18,6,0.3189,"[1074.1099853515625, 25.80501937866211, 2071.501953125, 1174.953857421875]",1
frame_0077.png,extras,large power bank,portable power bank battery,portable power bank battery.,0.18,0.18,2,0.4425,"[400.8284606933594, 966.8319091796875, 456.52801513671875, 1009.6134643554688]",1
frame_0077.png,extras,large power bank,power bank,power bank.,0.18,0.18,4,0.2872,"[1097.451416015625, 21.828914642333984, 2041.9326171875, 1174.432373046875]",1
frame_0077.png,extras,large power bank,battery pack,battery pack.,0.18,0.18,3,0.3275,"[402.9034423828125, 968.7078247070312, 455.68994140625, 1008.0261840820312]",1
frame_0077.png,extras,large power bank,large battery,large battery.,0.18,0.18,3,0.3485,"[401.534423828125, 967.2716674804688, 456.7303161621094, 1009.2385864257812]",1
frame_0077.png,extras,large power bank,portable battery,portable battery.,0.18,0.18,2,0.4501,"[401.9317626953125, 967.8568115234375, 456.2235412597656, 1009.18896484375]",1
frame_0077.png,extras,large power bank,rectangular battery box,rectangular battery box.,0.18,0.18,8,0.3166,"[401.7771301269531, 966.8972778320312, 456.4308776855469, 1008.9152221679688]",1
frame_0077.png,extras,meeting table set,meeting table set,meeting table set.,0.2,0.2,3,0.486,"[5.358560085296631, 809.6358032226562, 250.9526824951172, 1135.05078125]",1
frame_0077.png,extras,meeting table set,large meeting table,large meeting table.,0.2,0.2,2,0.517,"[13.665060997009277, 814.9821166992188, 250.44554138183594, 1129.37255859375]",1
frame_0077.png,extras,meeting table set,conference table,conference table.,0.2,0.2,2,0.6664,"[1021.8436279296875, 830.7679443359375, 1311.703125, 1091.546142578125]",1
frame_0077.png,extras,meeting table set,long table with chairs,long table with chairs.,0.2,0.2,4,0.4454,"[14.329047203063965, 809.5284423828125, 250.2808074951172, 1129.3231201171875]",1
frame_0077.png,extras,meeting table set,office meeting table,office meeting table.,0.2,0.2,2,0.6219,"[18.05531120300293, 820.5886840820312, 248.29586791992188, 1123.4422607421875]",1
frame_0077.png,extras,meeting table set,long rectangular table,long rectangular table.,0.2,0.2,2,0.5679,"[1020.2536010742188, 827.1399536132812, 1312.9803466796875, 1092.6943359375]",1
frame_0077.png,extras,plant pot,plant pot,plant pot.,0.2,0.2,4,0.3409,"[215.17124938964844, 957.2228393554688, 261.3113708496094, 1012.305908203125]",1
frame_0077.png,extras,plant pot,potted plant in plastic pot,potted plant in plastic pot.,0.2,0.2,6,0.3591,"[207.11709594726562, 941.2588500976562, 268.29095458984375, 1019.362548828125]",1
frame_0077.png,extras,plant pot,potted plant,potted plant.,0.2,0.2,5,0.3325,"[214.93572998046875, 953.0260009765625, 261.1078796386719, 1012.183837890625]",1
frame_0077.png,extras,plant pot,indoor potted plant,indoor potted plant.,0.2,0.2,3,0.239,"[552.5200805664062, 935.9898071289062, 582.1015625, 991.303466796875]",1
frame_0077.png,extras,plant pot,flower pot,flower pot.,0.2,0.2,3,0.3863,"[215.188720703125, 961.5030517578125, 261.1029052734375, 1012.701904296875]",1
frame_0077.png,extras,plant pot,plastic plant pot,plastic plant pot.,0.2,0.2,2,0.2612,"[213.47659301757812, 958.8032836914062, 262.9915771484375, 1015.1930541992188]",1
frame_0077.png,extras,shoes,shoes,shoes.,0.18,0.18,2,0.2776,"[1150.503173828125, 1657.5546875, 1694.6351318359375, 1856.7762451171875]",1
frame_0077.png,extras,shoes,pair of indoor shoes,pair of indoor shoes.,0.18,0.18,8,0.3224,"[1143.150390625, 1645.4375, 1701.0859375, 1854.1512451171875]",1
frame_0077.png,extras,shoes,indoor shoes,indoor shoes.,0.18,0.18,9,0.3713,"[1150.2589111328125, 1655.90478515625, 1695.7147216796875, 1856.542236328125]",1
frame_0077.png,extras,shoes,pair of shoes,pair of shoes.,0.18,0.18,8,0.3408,"[1142.460693359375, 1644.9447021484375, 1700.375, 1854.6495361328125]",1
frame_0077.png,extras,shoes,sneakers,sneakers.,0.18,0.18,2,0.197,"[1040.510009765625, 1026.26318359375, 1069.28125, 1047.6998291015625]",1
frame_0077.png,extras,shoes,slippers,slippers.,0.18,0.18,0,0.0,,0
frame_0077.png,extras,shoes,shoe pair on floor,shoe pair on floor.,0.18,0.18,7,0.6411,"[9.726076126098633, 948.7465209960938, 2869.949462890625, 1847.3028564453125]",1
frame_0077.png,extras,trash bin,trash bin,trash bin.,0.2,0.2,0,0.0,,0
frame_0077.png,extras,trash bin,indoor trash bin,indoor trash bin.,0.2,0.2,1,0.2893,"[213.88380432128906, 958.6571655273438, 263.2611389160156, 1014.9202880859375]",1
frame_0077.png,extras,trash bin,garbage bin,garbage bin.,0.2,0.2,1,0.2172,"[214.8731231689453, 959.9651489257812, 262.03350830078125, 1013.6976928710938]",1
frame_0077.png,extras,trash bin,waste bin,waste bin.,0.2,0.2,1,0.2556,"[214.7515869140625, 960.2337646484375, 262.0350341796875, 1014.2095947265625]",1
frame_0077.png,extras,trash bin,recycling bin,recycling bin.,0.2,0.2,2,0.2425,"[214.5382843017578, 959.4811401367188, 262.7309875488281, 1013.979736328125]",1
frame_0077.png,extras,trash bin,small trash can,small trash can.,0.2,0.2,1,0.6016,"[209.4183807373047, 953.2442016601562, 266.312744140625, 1018.447021484375]",1
frame_0077.png,extras,vacuum cleaner,vacuum cleaner,vacuum cleaner.,0.2,0.2,0,0.0,,0
frame_0077.png,extras,vacuum cleaner,upright vacuum cleaner,upright vacuum cleaner.,0.2,0.2,2,0.4725,"[837.4006958007812, 874.3557739257812, 886.7469482421875, 988.8009643554688]",1
frame_0077.png,extras,vacuum cleaner,stick vacuum,stick vacuum.,0.2,0.2,0,0.0,,0
frame_0077.png,extras,vacuum cleaner,household vacuum,household vacuum.,0.2,0.2,3,0.2623,"[4.424765110015869, 815.9166870117188, 247.62258911132812, 1133.770263671875]",1
frame_0077.png,extras,vacuum cleaner,robot vacuum,robot vacuum.,0.2,0.2,0,0.0,,0
frame_0077.png,extras,vacuum cleaner,cordless vacuum cleaner,cordless vacuum cleaner.,0.2,0.2,4,0.4467,"[838.5244750976562, 875.9334106445312, 885.5265502929688, 988.1878662109375]",1
frame_0078.png,production,meeting table set,ALL_GROUP,meeting table. conference table. table with chairs. meeting table set.,0.32,0.32,2,0.3861,"[207.5139923095703, 807.5064086914062, 749.3765869140625, 1113.690185546875]",1
frame_0078.png,production,chair,ALL_GROUP,chair. chairs. armless chair.,0.36,0.36,3,0.4348,"[1355.1961669921875, 835.478759765625, 1478.61279296875, 1069.001220703125]",1
frame_0078.png,production,bench,ALL_GROUP,bench. metal bench. waiting bench.,0.34,0.34,1,0.443,"[1359.2957763671875, 830.4098510742188, 1605.9117431640625, 1109.106689453125]",1
frame_0078.png,production,cardboard box+plant pot+shoes,ALL_GROUP,cardboard box. brown cardboard box. cardboard package. plant pot. potted plant. flower pot. indoor plant pot. shoes. pair of shoes. footwear. black shoes.,0.3,0.3,0,0.0,,0
frame_0078.png,production,trash bin+vacuum cleaner,ALL_GROUP,trash bin. trash can. waste bin. recycling bin. row of trash bins. vacuum cleaner. upright vacuum cleaner. cordless vacuum. floor cleaner.,0.25,0.25,0,0.0,,0
frame_0078.png,production,large power bank,ALL_GROUP,large power bank. portable power station. battery pack. power bank.,0.28,0.28,0,0.0,,0
frame_0078.png,production,door,ALL_GROUP,door. doors. dark door. elevator sliding door. sliding door.,0.26,0.26,3,0.2972,"[1313.092041015625, 708.3026733398438, 1376.44384765625, 990.7073974609375]",1
frame_0078.png,production,electric vehicle,ALL_GROUP,electric vehicle. small electric vehicle. mobility scooter. scooter.,0.28,0.28,0,0.0,,0
frame_0078.png,extras,bench,bench,bench.,0.2,0.2,3,0.2904,"[2256.095458984375, 1676.41455078125, 2878.4013671875, 1856.232177734375]",1
frame_0078.png,extras,bench,metal bench,metal bench.,0.2,0.2,1,0.5329,"[1361.9632568359375, 820.0551147460938, 1606.4910888671875, 1106.8548583984375]",1
frame_0078.png,extras,bench,waiting bench,waiting bench.,0.2,0.2,2,0.456,"[1360.8673095703125, 825.1477661132812, 1606.4539794921875, 1108.8614501953125]",1
frame_0078.png,extras,bench,long bench,long bench.,0.2,0.2,4,0.3472,"[2257.75, 1673.1009521484375, 2877.96435546875, 1853.50341796875]",1
frame_0078.png,extras,bench,indoor bench,indoor bench.,0.2,0.2,6,0.3321,"[2258.241943359375, 1673.802490234375, 2877.763427734375, 1854.402099609375]",1
frame_0078.png,extras,cardboard box,cardboard box,cardboard box.,0.2,0.2,0,0.0,,0
frame_0078.png,extras,cardboard box,brown cardboard box,brown cardboard box.,0.2,0.2,3,0.4066,"[1507.784912109375, 3.35847806930542, 2659.488525390625, 1254.0238037109375]",1
frame_0078.png,extras,cardboard box,shipping box,shipping box.,0.2,0.2,0,0.0,,0
frame_0078.png,extras,cardboard box,package box,package box.,0.2,0.2,0,0.0,,0
frame_0078.png,extras,cardboard box,stacked box,stacked box.,0.2,0.2,0,0.0,,0
frame_0078.png,extras,cardboard box,box,box.,0.2,0.2,0,0.0,,0
frame_0078.png,extras,chair,chair,chair.,0.2,0.2,15,0.4262,"[1.3540863990783691, 876.365234375, 110.89864349365234, 1043.2752685546875]",1
frame_0078.png,extras,chair,armless chair,armless chair.,0.2,0.2,7,0.3628,"[383.55133056640625, 816.6776123046875, 597.163330078125, 1106.9688720703125]",1
frame_0078.png,extras,chair,office chair,office chair.,0.2,0.2,16,0.5183,"[1.0284876823425293, 873.4681396484375, 112.44683837890625, 1045.0792236328125]",1
frame_0078.png,extras,chair,swivel chair,swivel chair.,0.2,0.2,5,0.3679,"[381.7940368652344, 816.4749145507812, 596.9039306640625, 1107.83935546875]",1
frame_0078.png,extras,chair,rolling chair,rolling chair.,0.2,0.2,9,0.398,"[226.8614044189453, 823.3364868164062, 412.4784851074219, 1104.0042724609375]",1
frame_0078.png,extras,chair,stool chair,stool chair.,0.2,0.2,17,0.4802,"[1.0951673984527588, 873.6964111328125, 111.69712829589844, 1043.5303955078125]",1
frame_0078.png,extras,door,door,door.,0.2,0.2,2,0.26,"[1315.7259521484375, 709.661376953125, 1382.174072265625, 987.9212036132812]",1
frame_0078.png,extras,door,dark door surface,dark door surface.,0.2,0.2,4,0.3267,"[1304.687255859375, 473.8371276855469, 1550.48095703125, 1008.7259521484375]",1
frame_0078.png,extras,door,wooden door,wooden door.,0.2,0.2,5,0.3247,"[1313.0518798828125, 708.7079467773438, 1379.23779296875, 988.8561401367188]",1
frame_0078.png,extras,door,closed door,closed door.,0.2,0.2,5,0.3415,"[1100.76318359375, 889.1952514648438, 1283.97314453125, 989.8526000976562]",1
frame_0078.png,extras,door,interior door,interior door.,0.2,0.2,7,0.2824,"[1317.245849609375, 701.9129638671875, 1417.3306884765625, 989.088623046875]",1
frame_0078.png,extras,electric vehicle,electric vehicle,electric vehicle.,0.2,0.2,2,0.2339,"[1145.689697265625, 1655.115966796875, 1697.740234375, 1857.118408203125]",1
frame_0078.png,extras,electric vehicle,small electric vehicle,small electric vehicle.,0.2,0.2,1,0.5626,"[1141.416015625, 1644.287353515625, 1699.615234375, 1854.746337890625]",1
frame_0078.png,extras,electric vehicle,electric cart,electric cart.,0.2,0.2,0,0.0,,0
frame_0078.png,extras,electric vehicle,small electric cart,small electric cart.,0.2,0.2,8,0.3712,"[1357.8370361328125, 820.8745727539062, 1606.723388671875, 1108.899658203125]",1
frame_0078.png,extras,electric vehicle,compact electric car,compact electric car.,0.2,0.2,4,0.3978,"[1144.642578125, 1651.56005859375, 1698.652099609375, 1854.603271484375]",1
frame_0078.png,extras,electric vehicle,indoor electric vehicle,indoor electric vehicle.,0.2,0.2,4,0.5099,"[6.341257095336914, 4.564795970916748, 2872.71630859375, 1851.5556640625]",1
frame_0078.png,extras,electric vehicle,robot platform,robot platform.,0.2,0.2,6,0.3759,"[1469.2725830078125, 829.5548706054688, 1768.256591796875, 1108.02685546875]",1
frame_0078.png,extras,large power bank,large power bank,large power bank.,0.18,0.18,7,0.2901,"[1478.8521728515625, 4.547612190246582, 2803.209716796875, 1255.3309326171875]",1
frame_0078.png,extras,large power bank,portable power bank battery,portable power bank battery.,0.18,0.18,4,0.3228,"[890.9141235351562, 966.4594116210938, 936.949951171875, 1003.5238647460938]",1
frame_0078.png,extras,large power bank,power bank,power bank.,0.18,0.18,7,0.2815,"[1146.9647216796875, 1655.6875, 1697.544189453125, 1856.8973388671875]",1
frame_0078.png,extras,large power bank,battery pack,battery pack.,0.18,0.18,1,0.1959,"[893.2427978515625, 968.3009643554688, 935.9574584960938, 1001.5650024414062]",1
frame_0078.png,extras,large power bank,large battery,large battery.,0.18,0.18,4,0.2683,"[891.3296508789062, 966.6876831054688, 937.42138671875, 1003.2271118164062]",1
frame_0078.png,extras,large power bank,portable battery,portable battery.,0.18,0.18,2,0.3322,"[891.619140625, 967.39599609375, 936.6217041015625, 1003.0458374023438]",1
frame_0078.png,extras,large power bank,rectangular battery box,rectangular battery box.,0.18,0.18,5,0.2567,"[891.74267578125, 966.444091796875, 937.0880126953125, 1002.8509521484375]",1
frame_0078.png,extras,meeting table set,meeting table set,meeting table set.,0.2,0.2,3,0.5696,"[207.6544952392578, 817.06982421875, 747.1638793945312, 1113.958740234375]",1
frame_0078.png,extras,meeting table set,large meeting table,large meeting table.,0.2,0.2,2,0.5755,"[209.807373046875, 829.5536499023438, 746.5391235351562, 1109.9161376953125]",1
frame_0078.png,extras,meeting table set,conference table,conference table.,0.2,0.2,7,0.5319,"[1469.689208984375, 830.0756225585938, 1767.646240234375, 1090.1270751953125]",1
frame_0078.png,extras,meeting table set,long table with chairs,long table with chairs.,0.2,0.2,5,0.5196,"[211.15785217285156, 821.6336059570312, 745.5332641601562, 1108.4825439453125]",1
frame_0078.png,extras,meeting table set,office meeting table,office meeting table.,0.2,0.2,5,0.5396,"[1467.7633056640625, 829.0336303710938, 1767.6656494140625, 1104.3619384765625]",1
frame_0078.png,extras,meeting table set,long rectangular table,long rectangular table.,0.2,0.2,2,0.4304,"[1465.8968505859375, 825.3818359375, 1769.2647705078125, 1090.9432373046875]",1
frame_0078.png,extras,plant pot,plant pot,plant pot.,0.2,0.2,1,0.2149,"[738.877197265625, 957.0205688476562, 773.9813842773438, 1003.9168090820312]",1
frame_0078.png,extras,plant pot,potted plant in plastic pot,potted plant in plastic pot.,0.2,0.2,4,0.3272,"[729.956298828125, 942.87060546875, 782.8528442382812, 1010.4461669921875]",1
frame_0078.png,extras,plant pot,potted plant,potted plant.,0.2,0.2,1,0.2427,"[738.2064819335938, 952.6056518554688, 774.0823364257812, 1003.8250732421875]",1
frame_0078.png,extras,plant pot,indoor potted plant,indoor potted plant.,0.2,0.2,0,0.0,,0
frame_0078.png,extras,plant pot,flower pot,flower pot.,0.2,0.2,1,0.2738,"[739.29345703125, 960.667724609375, 773.9889526367188, 1003.9995727539062]",1
frame_0078.png,extras,plant pot,plastic plant pot,plastic plant pot.,0.2,0.2,1,0.2062,"[736.9441528320312, 958.1370849609375, 776.5260009765625, 1006.07763671875]",1
frame_0078.png,extras,shoes,shoes,shoes.,0.18,0.18,3,0.3335,"[1148.1058349609375, 1657.876708984375, 1695.148193359375, 1856.84765625]",1
frame_0078.png,extras,shoes,pair of indoor shoes,pair of indoor shoes.,0.18,0.18,8,0.3297,"[1140.7845458984375, 1643.8809814453125, 1701.131591796875, 1854.3282470703125]",1
frame_0078.png,extras,shoes,indoor shoes,indoor shoes.,0.18,0.18,10,0.384,"[1147.44287109375, 1656.3385009765625, 1696.0833740234375, 1856.888671875]",1
frame_0078.png,extras,shoes,pair of shoes,pair of shoes.,0.18,0.18,12,0.3424,"[1140.655029296875, 1643.730224609375, 1700.2412109375, 1855.018310546875]",1
frame_0078.png,extras,shoes,sneakers,sneakers.,0.18,0.18,0,0.0,,0
frame_0078.png,extras,shoes,slippers,slippers.,0.18,0.18,0,0.0,,0
frame_0078.png,extras,shoes,shoe pair on floor,shoe pair on floor.,0.18,0.18,3,0.6491,"[10.029230117797852, 969.00927734375, 2869.459228515625, 1846.750732421875]",1
frame_0078.png,extras,trash bin,trash bin,trash bin.,0.2,0.2,0,0.0,,0
frame_0078.png,extras,trash bin,indoor trash bin,indoor trash bin.,0.2,0.2,3,0.2244,"[737.2759399414062, 958.1700439453125, 775.8204345703125, 1005.1708984375]",1
frame_0078.png,extras,trash bin,garbage bin,garbage bin.,0.2,0.2,0,0.0,,0
frame_0078.png,extras,trash bin,waste bin,waste bin.,0.2,0.2,0,0.0,,0
frame_0078.png,extras,trash bin,recycling bin,recycling bin.,0.2,0.2,1,0.2008,"[892.8607177734375, 967.3107299804688, 936.7017822265625, 1002.42578125]",1
frame_0078.png,extras,trash bin,small trash can,small trash can.,0.2,0.2,3,0.4239,"[733.7584838867188, 953.9341430664062, 779.501953125, 1008.2462768554688]",1
frame_0078.png,extras,vacuum cleaner,vacuum cleaner,vacuum cleaner.,0.2,0.2,1,0.2038,"[1144.3721923828125, 1654.1021728515625, 1699.108642578125, 1855.9454345703125]",1
frame_0078.png,extras,vacuum cleaner,upright vacuum cleaner,upright vacuum cleaner.,0.2,0.2,1,0.2825,"[1143.73095703125, 1651.65966796875, 1699.796630859375, 1855.026123046875]",1
frame_0078.png,extras,vacuum cleaner,stick vacuum,stick vacuum.,0.2,0.2,0,0.0,,0
frame_0078.png,extras,vacuum cleaner,household vacuum,household vacuum.,0.2,0.2,2,0.2279,"[1146.45263671875, 1654.7281494140625, 1697.7440185546875, 1856.58251953125]",1
frame_0078.png,extras,vacuum cleaner,robot vacuum,robot vacuum.,0.2,0.2,0,0.0,,0
frame_0078.png,extras,vacuum cleaner,cordless vacuum cleaner,cordless vacuum cleaner.,0.2,0.2,4,0.3986,"[1144.48046875, 1652.459716796875, 1698.66748046875, 1855.909912109375]",1
frame_0079.png,production,meeting table set,ALL_GROUP,meeting table. conference table. table with chairs. meeting table set.,0.32,0.32,3,0.3347,"[165.0200958251953, 809.0508422851562, 1056.5255126953125, 1110.6903076171875]",1
frame_0079.png,production,chair,ALL_GROUP,chair. chairs. armless chair.,0.36,0.36,5,0.4637,"[1713.552734375, 802.6270751953125, 1962.859619140625, 1129.4813232421875]",1
frame_0079.png,production,bench,ALL_GROUP,bench. metal bench. waiting bench.,0.34,0.34,2,0.4704,"[1717.1165771484375, 804.6380615234375, 1962.34130859375, 1130.432861328125]",1
frame_0079.png,production,cardboard box+plant pot+shoes,ALL_GROUP,cardboard box. brown cardboard box. cardboard package. plant pot. potted plant. flower pot. indoor plant pot. shoes. pair of shoes. footwear. black shoes.,0.3,0.3,0,0.0,,0
frame_0079.png,production,trash bin+vacuum cleaner,ALL_GROUP,trash bin. trash can. waste bin. recycling bin. row of trash bins. vacuum cleaner. upright vacuum cleaner. cordless vacuum. floor cleaner.,0.25,0.25,0,0.0,,0
frame_0079.png,production,large power bank,ALL_GROUP,large power bank. portable power station. battery pack. power bank.,0.28,0.28,0,0.0,,0
frame_0079.png,production,door,ALL_GROUP,door. doors. dark door. elevator sliding door. sliding door.,0.26,0.26,3,0.3368,"[78.41187286376953, 514.5118408203125, 238.76678466796875, 1046.4947509765625]",1
frame_0079.png,production,electric vehicle,ALL_GROUP,electric vehicle. small electric vehicle. mobility scooter. scooter.,0.28,0.28,0,0.0,,0
frame_0079.png,extras,bench,bench,bench.,0.2,0.2,2,0.2107,"[2.3320841789245605, 1739.364013671875, 433.9034118652344, 1856.8665771484375]",1
frame_0079.png,extras,bench,metal bench,metal bench.,0.2,0.2,3,0.4848,"[1717.325439453125, 803.503173828125, 1962.1591796875, 1129.5009765625]",1
frame_0079.png,extras,bench,waiting bench,waiting bench.,0.2,0.2,3,0.4372,"[1805.655517578125, 811.1766357421875, 2159.82763671875, 1137.0062255859375]",1
frame_0079.png,extras,bench,long bench,long bench.,0.2,0.2,5,0.4116,"[1807.5260009765625, 811.1975708007812, 2158.97509765625, 1134.9176025390625]",1
frame_0079.png,extras,bench,indoor bench,indoor bench.,0.2,0.2,6,0.3012,"[1671.0390625, 808.5191650390625, 1960.0601806640625, 1129.055419921875]",1
frame_0079.png,extras,cardboard box,cardboard box,cardboard box.,0.2,0.2,0,0.0,,0
frame_0079.png,extras,cardboard box,brown cardboard box,brown cardboard box.,0.2,0.2,3,0.3343,"[1041.17041015625, 955.2747802734375, 1081.3284912109375, 1001.1300048828125]",1
frame_0079.png,extras,cardboard box,shipping box,shipping box.,0.2,0.2,1,0.2498,"[1388.900146484375, 887.3966674804688, 1573.570068359375, 985.9031372070312]",1
frame_0079.png,extras,cardboard box,package box,package box.,0.2,0.2,0,0.0,,0
frame_0079.png,extras,cardboard box,stacked box,stacked box.,0.2,0.2,1,0.2053,"[1388.9012451171875, 887.43994140625, 1573.322509765625, 986.1407470703125]",1
frame_0079.png,extras,cardboard box,box,box.,0.2,0.2,1,0.2058,"[1044.232421875, 960.8262329101562, 1075.906005859375, 996.9681396484375]",1
frame_0079.png,extras,chair,chair,chair.,0.2,0.2,17,0.3745,"[1714.4490966796875, 804.3023681640625, 1960.12646484375, 1130.0426025390625]",1
frame_0079.png,extras,chair,armless chair,armless chair.,0.2,0.2,8,0.3856,"[1716.6453857421875, 802.2848510742188, 1962.9066162109375, 1128.5858154296875]",1
frame_0079.png,extras,chair,office chair,office chair.,0.2,0.2,26,0.574,"[1716.0936279296875, 802.9147338867188, 1961.427978515625, 1128.6492919921875]",1
frame_0079.png,extras,chair,swivel chair,swivel chair.,0.2,0.2,5,0.4056,"[1715.8397216796875, 801.9702758789062, 1963.09912109375, 1129.3773193359375]",1
frame_0079.png,extras,chair,rolling chair,rolling chair.,0.2,0.2,17,0.4797,"[1718.9404296875, 802.4979248046875, 1961.718017578125, 1127.68603515625]",1
frame_0079.png,extras,chair,stool chair,stool chair.,0.2,0.2,27,0.5359,"[1718.224853515625, 803.6513671875, 1961.0047607421875, 1128.6395263671875]",1
frame_0079.png,extras,door,door,door.,0.2,0.2,6,0.3056,"[1361.4432373046875, 758.16943359375, 1597.6795654296875, 986.81103515625]",1
frame_0079.png,extras,door,dark door surface,dark door surface.,0.2,0.2,4,0.3107,"[9.658592224121094, 374.8709716796875, 245.33383178710938, 1062.240234375]",1
frame_0079.png,extras,door,wooden door,wooden door.,0.2,0.2,5,0.3285,"[76.13516998291016, 513.2997436523438, 239.59617614746094, 1045.2236328125]",1
frame_0079.png,extras,door,closed door,closed door.,0.2,0.2,4,0.356,"[75.7709732055664, 513.4024047851562, 240.0840301513672, 1046.1170654296875]",1
frame_0079.png,extras,door,interior door,interior door.,0.2,0.2,8,0.3601,"[76.54735565185547, 513.5584106445312, 238.6451873779297, 1045.783203125]",1
frame_0079.png,extras,electric vehicle,electric vehicle,electric vehicle.,0.2,0.2,0,0.0,,0
frame_0079.png,extras,electric vehicle,small electric vehicle,small electric vehicle.,0.2,0.2,1,0.5745,"[1145.50048828125, 1645.923828125, 1696.870361328125, 1854.8944091796875]",1
frame_0079.png,extras,electric vehicle,electric cart,electric cart.,0.2,0.2,0,0.0,,0
frame_0079.png,extras,electric vehicle,small electric cart,small electric cart.,0.2,0.2,6,0.3694,"[1788.9481201171875, 803.99072265625, 2158.958740234375, 1141.6158447265625]",1
frame_0079.png,extras,electric vehicle,compact electric car,compact electric car.,0.2,0.2,3,0.4469,"[1148.2479248046875, 1651.872314453125, 1696.22216796875, 1854.74462890625]",1
frame_0079.png,extras,electric vehicle,indoor electric vehicle,indoor electric vehicle.,0.2,0.2,3,0.4859,"[6.281089782714844, 4.810084342956543, 2872.758056640625, 1851.9366455078125]",1
frame_0079.png,extras,electric vehicle,robot platform,robot platform.,0.2,0.2,7,0.5276,"[1799.5977783203125, 810.4089965820312, 2157.9736328125, 1137.705322265625]",1
frame_0079.png,extras,large power bank,large power bank,large power bank.,0.18,0.18,7,0.3166,"[1146.2799072265625, 1649.6021728515625, 1697.25244140625, 1854.7640380859375]",1
frame_0079.png,extras,large power bank,portable power bank battery,portable power bank battery.,0.18,0.18,5,0.2923,"[1185.666015625, 965.4951782226562, 1231.409912109375, 999.782958984375]",1
frame_0079.png,extras,large power bank,power bank,power bank.,0.18,0.18,6,0.2795,"[1151.212890625, 1656.493896484375, 1695.3565673828125, 1857.0908203125]",1
frame_0079.png,extras,large power bank,battery pack,battery pack.,0.18,0.18,0,0.0,,0
frame_0079.png,extras,large power bank,large battery,large battery.,0.18,0.18,4,0.2832,"[1387.4493408203125, 886.2073364257812, 1574.423583984375, 986.7258911132812]",1
frame_0079.png,extras,large power bank,portable battery,portable battery.,0.18,0.18,5,0.2959,"[1186.5233154296875, 966.4758911132812, 1230.8309326171875, 999.0439453125]",1
frame_0079.png,extras,large power bank,rectangular battery box,rectangular battery box.,0.18,0.18,3,0.2733,"[1387.4189453125, 886.1981811523438, 1572.836669921875, 986.4833984375]",1
frame_0079.png,extras,meeting table set,meeting table set,meeting table set.,0.2,0.2,5,0.5184,"[179.08963012695312, 863.2066650390625, 487.2457580566406, 1043.8707275390625]",1
frame_0079.png,extras,meeting table set,large meeting table,large meeting table.,0.2,0.2,4,0.5059,"[555.8544921875, 835.6223754882812, 1048.900634765625, 1102.9429931640625]",1
frame_0079.png,extras,meeting table set,conference table,conference table.,0.2,0.2,5,0.5831,"[230.0404052734375, 879.2810668945312, 482.6597900390625, 1035.178466796875]",1
frame_0079.png,extras,meeting table set,long table with chairs,long table with chairs.,0.2,0.2,4,0.4367,"[556.455810546875, 828.5424194335938, 1048.8638916015625, 1101.860107421875]",1
frame_0079.png,extras,meeting table set,office meeting table,office meeting table.,0.2,0.2,5,0.5621,"[227.5438690185547, 877.4920654296875, 483.5716552734375, 1037.2301025390625]",1
frame_0079.png,extras,meeting table set,long rectangular table,long rectangular table.,0.2,0.2,3,0.4402,"[1800.357177734375, 805.8712158203125, 2159.4580078125, 1134.67724609375]",1
frame_0079.png,extras,plant pot,plant pot,plant pot.,0.2,0.2,4,0.2533,"[1561.5712890625, 884.0238647460938, 1595.4737548828125, 982.94287109375]",1
frame_0079.png,extras,plant pot,potted plant in plastic pot,potted plant in plastic pot.,0.2,0.2,7,0.4255,"[1299.1815185546875, 871.4972534179688, 1343.3817138671875, 990.6751098632812]",1
frame_0079.png,extras,plant pot,potted plant,potted plant.,0.2,0.2,4,0.3154,"[1043.609130859375, 944.8870239257812, 1077.2203369140625, 998.10693359375]",1
frame_0079.png,extras,plant pot,indoor potted plant,indoor potted plant.,0.2,0.2,2,0.2455,"[1559.1932373046875, 882.0895385742188, 1597.208740234375, 983.2386474609375]",1
frame_0079.png,extras,plant pot,flower pot,flower pot.,0.2,0.2,2,0.3054,"[1043.751220703125, 958.9866943359375, 1076.911376953125, 998.2855224609375]",1
frame_0079.png,extras,plant pot,plastic plant pot,plastic plant pot.,0.2,0.2,1,0.2336,"[1042.3717041015625, 956.0099487304688, 1079.66650390625, 1001.0599975585938]",1
frame_0079.png,extras,shoes,shoes,shoes.,0.18,0.18,1,0.2373,"[1152.7962646484375, 1659.289306640625, 1692.94970703125, 1856.695556640625]",1
frame_0079.png,extras,shoes,pair of indoor shoes,pair of indoor shoes.,0.18,0.18,7,0.2576,"[1146.7900390625, 1647.1239013671875, 1697.8857421875, 1854.21240234375]",1
frame_0079.png,extras,shoes,indoor shoes,indoor shoes.,0.18,0.18,13,0.3192,"[1671.5194091796875, 804.3683471679688, 1958.696533203125, 1122.693359375]",1
frame_0079.png,extras,shoes,pair of shoes,pair of shoes.,0.18,0.18,7,0.2593,"[1146.631103515625, 1646.9202880859375, 1696.30078125, 1854.7413330078125]",1
frame_0079.png,extras,shoes,sneakers,sneakers.,0.18,0.18,2,0.2266,"[1307.778076171875, 974.4374389648438, 1333.2838134765625, 984.0702514648438]",1
frame_0079.png,extras,shoes,slippers,slippers.,0.18,0.18,0,0.0,,0
frame_0079.png,extras,shoes,shoe pair on floor,shoe pair on floor.,0.18,0.18,5,0.6327,"[10.127420425415039, 967.3157348632812, 2870.149658203125, 1848.1053466796875]",1
frame_0079.png,extras,trash bin,trash bin,trash bin.,0.2,0.2,0,0.0,,0
frame_0079.png,extras,trash bin,indoor trash bin,indoor trash bin.,0.2,0.2,0,0.0,,0
frame_0079.png,extras,trash bin,garbage bin,garbage bin.,0.2,0.2,0,0.0,,0
frame_0079.png,extras,trash bin,waste bin,waste bin.,0.2,0.2,0,0.0,,0
frame_0079.png,extras,trash bin,recycling bin,recycling bin.,0.2,0.2,0,0.0,,0
frame_0079.png,extras,trash bin,small trash can,small trash can.,0.2,0.2,1,0.4995,"[1039.7236328125, 951.315185546875, 1082.1329345703125, 1003.2537231445312]",1
frame_0079.png,extras,vacuum cleaner,vacuum cleaner,vacuum cleaner.,0.2,0.2,0,0.0,,0
frame_0079.png,extras,vacuum cleaner,upright vacuum cleaner,upright vacuum cleaner.,0.2,0.2,3,0.3411,"[1555.4306640625, 878.4769897460938, 1600.0484619140625, 986.3607177734375]",1
frame_0079.png,extras,vacuum cleaner,stick vacuum,stick vacuum.,0.2,0.2,0,0.0,,0
frame_0079.png,extras,vacuum cleaner,household vacuum,household vacuum.,0.2,0.2,1,0.2095,"[556.9515991210938, 828.0260620117188, 1048.08349609375, 1103.0592041015625]",1
frame_0079.png,extras,vacuum cleaner,robot vacuum,robot vacuum.,0.2,0.2,0,0.0,,0
frame_0079.png,extras,vacuum cleaner,cordless vacuum cleaner,cordless vacuum cleaner.,0.2,0.2,6,0.3483,"[1148.6209716796875, 1653.607666015625, 1697.154296875, 1855.9732666015625]",1
