image,mode,class,alias,prompt_text,threshold_box,threshold_text,n_detections,max_score,first_box_x1y1x2y2,hit
frame_0000.png,production,meeting table set,ALL_GROUP,meeting table. conference table. meeting table set.,0.35,0.35,1,0.5598,"[445.8662109375, 849.0446166992188, 1149.7861328125, 1080.5390625]",1
frame_0000.png,production,chair,ALL_GROUP,chair. armless chair.,0.42,0.42,5,0.4467,"[586.7710571289062, 862.8809814453125, 717.47900390625, 1070.7437744140625]",1
frame_0000.png,production,bench,ALL_GROUP,bench. benches. metal bench. metallic bench. waiting bench.,0.38,0.38,0,0.0,,0
frame_0000.png,production,bottle+cup+cardboard box,ALL_GROUP,bottle. dark thermos. thermos. dark thermos bottle. cup. cups. white drinking cup. white drinking cups. cardboard box. brown cardboard. brown cardboard box.,0.28,0.28,1,0.297,"[1608.6888427734375, 981.8452758789062, 1706.28759765625, 1047.3145751953125]",1
frame_0000.png,production,water fountain+door,ALL_GROUP,water fountain. metallic fountain. metallic water fountain. door. doors. dark door. dark door surface. elevator sliding door. elevator sliding doors.,0.38,0.38,0,0.0,,0
frame_0000.png,production,emergency exit sign,ALL_GROUP,emergency exit sign. exit sign.,0.5,0.5,0,0.0,,0
frame_0000.png,production,trash bin,ALL_GROUP,trash bin. trash bins. indoor trash bin.,0.45,0.45,0,0.0,,0
frame_0000.png,extras,bench,bench,bench.,0.2,0.2,3,0.218,"[2.1984457969665527, 1753.79443359375, 433.2171936035156, 1857.020751953125]",1
frame_0000.png,extras,bench,metal bench,metal bench.,0.2,0.2,4,0.2712,"[3.1611227989196777, 1748.824462890625, 441.1364440917969, 1854.5765380859375]",1
frame_0000.png,extras,bench,waiting bench,waiting bench.,0.2,0.2,2,0.3389,"[1.8078088760375977, 1750.632568359375, 439.34771728515625, 1855.1025390625]",1
frame_0000.png,extras,bench,sitting bench,sitting bench.,0.2,0.2,5,0.3116,"[2.6162266731262207, 1751.1873779296875, 435.86077880859375, 1855.938232421875]",1
frame_0000.png,extras,bench,long bench,long bench.,0.2,0.2,4,0.3507,"[2.6598286628723145, 1750.151123046875, 440.947265625, 1854.76513671875]",1
frame_0000.png,extras,bottle,bottle,bottle.,0.18,0.18,1,0.5488,"[1086.0970458984375, 859.6316528320312, 1102.756103515625, 896.6963500976562]",1
frame_0000.png,extras,bottle,dark thermos bottle,dark thermos bottle.,0.18,0.18,2,0.2953,"[1081.9071044921875, 853.5862426757812, 1107.507568359375, 901.3424682617188]",1
frame_0000.png,extras,bottle,thermos bottle,thermos bottle.,0.18,0.18,1,0.3293,"[1083.6190185546875, 856.52685546875, 1105.6043701171875, 900.4791259765625]",1
frame_0000.png,extras,bottle,water bottle,water bottle.,0.18,0.18,1,0.4274,"[1083.589111328125, 857.0677490234375, 1105.0755615234375, 900.1151733398438]",1
frame_0000.png,extras,bottle,drink bottle,drink bottle.,0.18,0.18,1,0.2841,"[1084.6488037109375, 857.5772705078125, 1104.7178955078125, 899.42138671875]",1
frame_0000.png,extras,bottle,small bottle,small bottle.,0.18,0.18,2,0.548,"[1082.0391845703125, 854.8942260742188, 1107.1456298828125, 901.2982177734375]",1
frame_0000.png,extras,cardboard box,cardboard box,cardboard box.,0.2,0.2,1,0.5226,"[1610.627685546875, 984.7080688476562, 1703.96923828125, 1044.8944091796875]",1
frame_0000.png,extras,cardboard box,brown cardboard box,brown cardboard box.,0.2,0.2,2,0.5867,"[1608.3890380859375, 981.808837890625, 1705.887451171875, 1046.9957275390625]",1
frame_0000.png,extras,cardboard box,shipping box,shipping box.,0.2,0.2,2,0.4337,"[1611.253173828125, 985.994873046875, 1703.47509765625, 1043.8087158203125]",1
frame_0000.png,extras,cardboard box,package box,package box.,0.2,0.2,1,0.2439,"[1611.4425048828125, 985.3600463867188, 1703.6865234375, 1043.99658203125]",1
frame_0000.png,extras,cardboard box,small box,small box.,0.2,0.2,1,0.6766,"[1609.7576904296875, 983.3440551757812, 1705.4005126953125, 1045.9010009765625]",1
frame_0000.png,extras,cardboard box,box,box.,0.2,0.2,1,0.442,"[1612.0941162109375, 987.182861328125, 1702.763916015625, 1042.220458984375]",1
frame_0000.png,extras,chair,chair,chair.,0.2,0.2,8,0.2604,"[453.0877685546875, 895.1843872070312, 568.6609497070312, 1027.9541015625]",1
frame_0000.png,extras,chair,armless chair,armless chair.,0.2,0.2,7,0.4273,"[586.4284057617188, 861.4732666015625, 719.2674560546875, 1071.12353515625]",1
frame_0000.png,extras,chair,office chair,office chair.,0.2,0.2,13,0.4171,"[587.9208374023438, 863.4133911132812, 720.9202880859375, 1069.759033203125]",1
frame_0000.png,extras,chair,wheeled chair,wheeled chair.,0.2,0.2,8,0.4858,"[587.2579956054688, 862.5307006835938, 718.6659545898438, 1069.8233642578125]",1
frame_0000.png,extras,chair,swivel chair,swivel chair.,0.2,0.2,6,0.3953,"[586.3594360351562, 861.0922241210938, 717.7174682617188, 1071.567626953125]",1
frame_0000.png,extras,chair,rolling chair,rolling chair.,0.2,0.2,8,0.4337,"[587.4467163085938, 862.2239379882812, 718.290771484375, 1070.17724609375]",1
frame_0000.png,extras,cup,cup,cup.,0.18,0.18,1,0.3409,"[1086.9674072265625, 861.2559814453125, 1102.78564453125, 895.9700317382812]",1
frame_0000.png,extras,cup,white drinking cup,white drinking cup.,0.18,0.18,2,0.4207,"[1078.294677734375, 852.1055297851562, 1110.4466552734375, 902.881591796875]",1
frame_0000.png,extras,cup,drinking cup,drinking cup.,0.18,0.18,0,0.0,,0
frame_0000.png,extras,cup,coffee cup,coffee cup.,0.18,0.18,0,0.0,,0
frame_0000.png,extras,cup,paper cup,paper cup.,0.18,0.18,0,0.0,,0
frame_0000.png,extras,cup,small cup,small cup.,0.18,0.18,2,0.3281,"[1081.7369384765625, 854.9014282226562, 1108.51806640625, 900.0272216796875]",1
frame_0000.png,extras,door,door,door.,0.2,0.2,10,0.292,"[229.944580078125, 601.4451904296875, 339.32952880859375, 1035.9232177734375]",1
frame_0000.png,extras,door,dark door surface,dark door surface.,0.2,0.2,4,0.3232,"[1551.97607421875, 490.3587341308594, 1700.7930908203125, 1002.4730834960938]",1
frame_0000.png,extras,door,wooden door,wooden door.,0.2,0.2,6,0.3625,"[225.8702850341797, 601.501708984375, 339.95806884765625, 1037.520751953125]",1
frame_0000.png,extras,door,closed door,closed door.,0.2,0.2,5,0.3576,"[224.4730682373047, 601.5433349609375, 339.71441650390625, 1038.4754638671875]",1
frame_0000.png,extras,door,interior door,interior door.,0.2,0.2,11,0.3418,"[226.3830108642578, 599.737060546875, 338.7355651855469, 1037.10546875]",1
frame_0000.png,extras,door,single door,single door.,0.2,0.2,6,0.3661,"[223.89169311523438, 599.8079223632812, 340.3670959472656, 1038.9697265625]",1
frame_0000.png,extras,emergency exit sign,emergency exit sign,emergency exit sign.,0.18,0.18,4,0.2648,"[2763.83251953125, 341.4727478027344, 2855.7646484375, 447.1310729980469]",1
frame_0000.png,extras,emergency exit sign,exit sign,exit sign.,0.18,0.18,1,0.2142,"[2764.773193359375, 341.4715270996094, 2855.482421875, 445.3767395019531]",1
frame_0000.png,extras,emergency exit sign,green emergency exit sign,green emergency exit sign.,0.18,0.18,6,0.2894,"[1404.0281982421875, 888.2354125976562, 1445.7218017578125, 922.9454345703125]",1
frame_0000.png,extras,emergency exit sign,green exit sign,green exit sign.,0.18,0.18,4,0.3251,"[1403.3934326171875, 888.2066040039062, 1445.7066650390625, 923.4876708984375]",1
frame_0000.png,extras,emergency exit sign,running man exit sign,running man exit sign.,0.18,0.18,3,0.4444,"[1154.483154296875, 1648.1885986328125, 1711.474365234375, 1852.785888671875]",1
frame_0000.png,extras,emergency exit sign,fire exit sign,fire exit sign.,0.18,0.18,0,0.0,,0
frame_0000.png,extras,emergency exit sign,evacuation sign,evacuation sign.,0.18,0.18,1,0.1933,"[2724.553466796875, 305.44256591796875, 2876.24462890625, 475.09466552734375]",1
frame_0000.png,extras,meeting table set,meeting table set,meeting table set.,0.2,0.2,2,0.6156,"[445.2020568847656, 854.7985229492188, 1148.3497314453125, 1079.025390625]",1
frame_0000.png,extras,meeting table set,large meeting table,large meeting table.,0.2,0.2,1,0.7616,"[449.5350646972656, 860.0858154296875, 1146.3863525390625, 1077.291748046875]",1
frame_0000.png,extras,meeting table set,conference table,conference table.,0.2,0.2,4,0.557,"[454.082275390625, 874.9660034179688, 1141.501953125, 1071.2955322265625]",1
frame_0000.png,extras,meeting table set,metallic desk,metallic desk.,0.2,0.2,2,0.5967,"[451.9767150878906, 868.79931640625, 1144.975830078125, 1073.409423828125]",1
frame_0000.png,extras,meeting table set,long table with chairs,long table with chairs.,0.2,0.2,4,0.4774,"[446.2795715332031, 852.8773193359375, 1153.361572265625, 1075.53173828125]",1
frame_0000.png,extras,meeting table set,office meeting table,office meeting table.,0.2,0.2,3,0.6211,"[451.2107238769531, 867.811279296875, 1144.34912109375, 1074.8516845703125]",1
frame_0000.png,extras,meeting table set,boardroom table,boardroom table.,0.2,0.2,2,0.594,"[452.239501953125, 869.2849731445312, 1143.1854248046875, 1075.177490234375]",1
frame_0000.png,extras,trash bin,trash bin,trash bin.,0.2,0.2,0,0.0,,0
frame_0000.png,extras,trash bin,indoor trash bin,indoor trash bin.,0.2,0.2,2,0.365,"[2.669355869293213, 974.4302368164062, 183.05471801757812, 1197.189453125]",1
frame_0000.png,extras,trash bin,garbage bin,garbage bin.,0.2,0.2,2,0.2295,"[2.6212263107299805, 976.407470703125, 181.7244873046875, 1196.451171875]",1
frame_0000.png,extras,trash bin,waste bin,waste bin.,0.2,0.2,2,0.2353,"[2.5256967544555664, 976.3877563476562, 181.9110870361328, 1196.6846923828125]",1
frame_0000.png,extras,trash bin,recycling bin,recycling bin.,0.2,0.2,3,0.2887,"[1611.5, 985.2708740234375, 1704.5377197265625, 1044.2784423828125]",1
frame_0000.png,extras,trash bin,rubbish bin,rubbish bin.,0.2,0.2,6,0.2839,"[1.8514323234558105, 976.0955200195312, 182.11044311523438, 1197.413330078125]",1
frame_0000.png,extras,trash bin,small trash can,small trash can.,0.2,0.2,2,0.5861,"[2.429555654525757, 963.1076049804688, 188.6016082763672, 1200.64111328125]",1
frame_0000.png,extras,water fountain,water fountain,water fountain.,0.18,0.18,3,0.3174,"[1158.09814453125, 1655.358154296875, 1708.905517578125, 1855.83203125]",1
frame_0000.png,extras,water fountain,metallic water fountain,metallic water fountain.,0.18,0.18,4,0.3848,"[1156.38427734375, 1653.23974609375, 1710.0030517578125, 1854.8238525390625]",1
frame_0000.png,extras,water fountain,drinking fountain,drinking fountain.,0.18,0.18,0,0.0,,0
frame_0000.png,extras,water fountain,water dispenser,water dispenser.,0.18,0.18,1,0.1821,"[1081.7017822265625, 856.4293212890625, 1106.3643798828125, 900.3124389648438]",1
frame_0000.png,extras,water fountain,wall water fountain,wall water fountain.,0.18,0.18,4,0.4226,"[1156.8426513671875, 1654.2803955078125, 1709.4755859375, 1855.2750244140625]",1
frame_0000.png,extras,water fountain,stainless water fountain,stainless water fountain.,0.18,0.18,2,0.3911,"[1154.34033203125, 1650.7265625, 1711.70703125, 1854.270751953125]",1
frame_0001.png,production,meeting table set,ALL_GROUP,meeting table. conference table. meeting table set.,0.35,0.35,1,0.561,"[445.5324401855469, 849.0505981445312, 1149.771484375, 1080.0965576171875]",1
frame_0001.png,production,chair,ALL_GROUP,chair. armless chair.,0.42,0.42,4,0.4509,"[696.3527221679688, 856.0226440429688, 863.0748901367188, 1071.8201904296875]",1
frame_0001.png,production,bench,ALL_GROUP,bench. benches. metal bench. metallic bench. waiting bench.,0.38,0.38,0,0.0,,0
frame_0001.png,production,bottle+cup+cardboard box,ALL_GROUP,bottle. dark thermos. thermos. dark thermos bottle. cup. cups. white drinking cup. white drinking cups. cardboard box. brown cardboard. brown cardboard box.,0.28,0.28,1,0.3064,"[1608.593505859375, 981.6967163085938, 1706.017822265625, 1047.4736328125]",1
frame_0001.png,production,water fountain+door,ALL_GROUP,water fountain. metallic fountain. metallic water fountain. door. doors. dark door. dark door surface. elevator sliding door. elevator sliding doors.,0.38,0.38,0,0.0,,0
frame_0001.png,production,emergency exit sign,ALL_GROUP,emergency exit sign. exit sign.,0.5,0.5,0,0.0,,0
frame_0001.png,production,trash bin,ALL_GROUP,trash bin. trash bins. indoor trash bin.,0.45,0.45,0,0.0,,0
frame_0001.png,extras,bench,bench,bench.,0.2,0.2,2,0.221,"[1.9907784461975098, 1753.7186279296875, 433.8705139160156, 1857.02001953125]",1
frame_0001.png,extras,bench,metal bench,metal bench.,0.2,0.2,4,0.283,"[3.137197494506836, 1748.47802734375, 441.35736083984375, 1854.6005859375]",1
frame_0001.png,extras,bench,waiting bench,waiting bench.,0.2,0.2,2,0.3358,"[1.8083667755126953, 1750.3826904296875, 439.7335205078125, 1855.1832275390625]",1
frame_0001.png,extras,bench,sitting bench,sitting bench.,0.2,0.2,5,0.338,"[2.50213623046875, 1751.037841796875, 436.1152038574219, 1856.033447265625]",1
frame_0001.png,extras,bench,long bench,long bench.,0.2,0.2,4,0.3542,"[2.629380226135254, 1749.919677734375, 440.6875915527344, 1854.8531494140625]",1
frame_0001.png,extras,bottle,bottle,bottle.,0.18,0.18,1,0.5634,"[1086.2181396484375, 859.5882568359375, 1102.59423828125, 896.7717895507812]",1
frame_0001.png,extras,bottle,dark thermos bottle,dark thermos bottle.,0.18,0.18,2,0.2845,"[1081.990234375, 853.5243530273438, 1107.27490234375, 901.364013671875]",1
frame_0001.png,extras,bottle,thermos bottle,thermos bottle.,0.18,0.18,1,0.3288,"[1083.6253662109375, 856.52587890625, 1105.331787109375, 900.5841674804688]",1
frame_0001.png,extras,bottle,water bottle,water bottle.,0.18,0.18,1,0.4329,"[1083.63037109375, 857.046142578125, 1104.8555908203125, 900.2174072265625]",1
frame_0001.png,extras,bottle,drink bottle,drink bottle.,0.18,0.18,1,0.2844,"[1084.72021484375, 857.4913330078125, 1104.4820556640625, 899.47705078125]",1
frame_0001.png,extras,bottle,small bottle,small bottle.,0.18,0.18,2,0.5669,"[1082.0633544921875, 854.9004516601562, 1106.9580078125, 901.3604125976562]",1
frame_0001.png,extras,cardboard box,cardboard box,cardboard box.,0.2,0.2,1,0.5353,"[1610.5706787109375, 984.651611328125, 1703.6849365234375, 1044.9537353515625]",1
frame_0001.png,extras,cardboard box,brown cardboard box,brown cardboard box.,0.2,0.2,2,0.5871,"[1608.3115234375, 981.72509765625, 1705.615478515625, 1047.128173828125]",1
frame_0001.png,extras,cardboard box,shipping box,shipping box.,0.2,0.2,2,0.4362,"[1611.189697265625, 985.9411010742188, 1703.169189453125, 1043.855712890625]",1
frame_0001.png,extras,cardboard box,package box,package box.,0.2,0.2,1,0.2538,"[1611.362548828125, 985.3674926757812, 1703.4351806640625, 1044.094482421875]",1
frame_0001.png,extras,cardboard box,small box,small box.,0.2,0.2,1,0.6813,"[1609.7088623046875, 983.2491455078125, 1705.1357421875, 1045.9559326171875]",1
frame_0001.png,extras,cardboard box,box,box.,0.2,0.2,1,0.4444,"[1612.01171875, 987.1514892578125, 1702.5140380859375, 1042.3424072265625]",1
frame_0001.png,extras,chair,chair,chair.,0.2,0.2,8,0.2676,"[452.70135498046875, 895.035888671875, 569.4359130859375, 1028.045166015625]",1
frame_0001.png,extras,chair,armless chair,armless chair.,0.2,0.2,7,0.4295,"[586.4866943359375, 861.6204833984375, 717.9880981445312, 1071.0362548828125]",1
frame_0001.png,extras,chair,office chair,office chair.,0.2,0.2,13,0.4205,"[587.7498168945312, 863.5560913085938, 720.0245361328125, 1069.5654296875]",1
frame_0001.png,extras,chair,wheeled chair,wheeled chair.,0.2,0.2,7,0.4903,"[587.24560546875, 862.7320556640625, 717.2149658203125, 1069.8204345703125]",1
frame_0001.png,extras,chair,swivel chair,swivel chair.,0.2,0.2,6,0.3895,"[586.249267578125, 861.321044921875, 716.715576171875, 1071.4517822265625]",1
frame_0001.png,extras,chair,rolling chair,rolling chair.,0.2,0.2,8,0.436,"[587.3917846679688, 862.4284057617188, 717.1937255859375, 1070.0986328125]",1
frame_0001.png,extras,cup,cup,cup.,0.18,0.18,1,0.3372,"[1086.9805908203125, 861.1580200195312, 1102.6033935546875, 896.088623046875]",1
frame_0001.png,extras,cup,white drinking cup,white drinking cup.,0.18,0.18,2,0.4205,"[1078.3509521484375, 852.21826171875, 1110.299560546875, 902.828857421875]",1
frame_0001.png,extras,cup,drinking cup,drinking cup.,0.18,0.18,0,0.0,,0
frame_0001.png,extras,cup,coffee cup,coffee cup.,0.18,0.18,0,0.0,,0
frame_0001.png,extras,cup,paper cup,paper cup.,0.18,0.18,0,0.0,,0
frame_0001.png,extras,cup,small cup,small cup.,0.18,0.18,2,0.3211,"[1081.796142578125, 854.9298095703125, 1108.2432861328125, 899.98583984375]",1
frame_0001.png,extras,door,door,door.,0.2,0.2,11,0.3043,"[229.47640991210938, 601.2470703125, 338.7856140136719, 1036.374267578125]",1
frame_0001.png,extras,door,dark door surface,dark door surface.,0.2,0.2,4,0.3208,"[1552.1595458984375, 491.3631591796875, 1700.73974609375, 1002.9571533203125]",1
frame_0001.png,extras,door,wooden door,wooden door.,0.2,0.2,6,0.3766,"[225.16188049316406, 601.2326049804688, 339.8692626953125, 1038.0836181640625]",1
frame_0001.png,extras,door,closed door,closed door.,0.2,0.2,4,0.3929,"[223.7787628173828, 600.8563842773438, 339.84735107421875, 1039.1773681640625]",1
frame_0001.png,extras,door,interior door,interior door.,0.2,0.2,10,0.3648,"[225.6287384033203, 599.90869140625, 338.6968994140625, 1037.4239501953125]",1
frame_0001.png,extras,door,single door,single door.,0.2,0.2,2,0.4118,"[222.6934356689453, 599.0987548828125, 340.6025695800781, 1039.8275146484375]",1
frame_0001.png,extras,emergency exit sign,emergency exit sign,emergency exit sign.,0.18,0.18,4,0.2728,"[2763.654052734375, 342.1870422363281, 2856.483154296875, 447.2499084472656]",1
frame_0001.png,extras,emergency exit sign,exit sign,exit sign.,0.18,0.18,1,0.2159,"[2764.64453125, 341.92193603515625, 2856.093505859375, 445.5084228515625]",1
frame_0001.png,extras,emergency exit sign,green emergency exit sign,green emergency exit sign.,0.18,0.18,5,0.2962,"[1403.365478515625, 888.1776123046875, 1445.8349609375, 923.2310180664062]",1
frame_0001.png,extras,emergency exit sign,green exit sign,green exit sign.,0.18,0.18,3,0.3359,"[1402.511474609375, 888.1201782226562, 1445.7120361328125, 923.7473754882812]",1
frame_0001.png,extras,emergency exit sign,running man exit sign,running man exit sign.,0.18,0.18,3,0.4471,"[1154.5703125, 1647.9381103515625, 1711.2064208984375, 1852.7607421875]",1
frame_0001.png,extras,emergency exit sign,fire exit sign,fire exit sign.,0.18,0.18,0,0.0,,0
frame_0001.png,extras,emergency exit sign,evacuation sign,evacuation sign.,0.18,0.18,2,0.2043,"[2724.937744140625, 305.6139221191406, 2877.005126953125, 476.8634033203125]",1
frame_0001.png,extras,meeting table set,meeting table set,meeting table set.,0.2,0.2,2,0.6139,"[444.791015625, 854.8331909179688, 1148.6224365234375, 1078.6787109375]",1
frame_0001.png,extras,meeting table set,large meeting table,large meeting table.,0.2,0.2,1,0.7609,"[448.8670349121094, 860.0617065429688, 1146.32275390625, 1076.7579345703125]",1
frame_0001.png,extras,meeting table set,conference table,conference table.,0.2,0.2,4,0.5594,"[453.66900634765625, 875.9078979492188, 1140.9334716796875, 1070.6156005859375]",1
frame_0001.png,extras,meeting table set,metallic desk,metallic desk.,0.2,0.2,2,0.6072,"[451.58453369140625, 869.652587890625, 1144.5697021484375, 1072.6541748046875]",1
frame_0001.png,extras,meeting table set,long table with chairs,long table with chairs.,0.2,0.2,4,0.4773,"[445.77203369140625, 853.3392944335938, 1153.209228515625, 1074.6959228515625]",1
frame_0001.png,extras,meeting table set,office meeting table,office meeting table.,0.2,0.2,3,0.6286,"[450.80877685546875, 868.6290283203125, 1144.3179931640625, 1074.2501220703125]",1
frame_0001.png,extras,meeting table set,boardroom table,boardroom table.,0.2,0.2,2,0.6015,"[451.72003173828125, 870.2662353515625, 1142.8248291015625, 1074.434326171875]",1
frame_0001.png,extras,trash bin,trash bin,trash bin.,0.2,0.2,0,0.0,,0
frame_0001.png,extras,trash bin,indoor trash bin,indoor trash bin.,0.2,0.2,3,0.3648,"[2.5400304794311523, 974.0390014648438, 183.14453125, 1197.3343505859375]",1
frame_0001.png,extras,trash bin,garbage bin,garbage bin.,0.2,0.2,2,0.2273,"[2.484471321105957, 976.3373413085938, 181.812744140625, 1196.566162109375]",1
frame_0001.png,extras,trash bin,waste bin,waste bin.,0.2,0.2,2,0.2335,"[2.402942657470703, 976.3233642578125, 182.00718688964844, 1196.8306884765625]",1
frame_0001.png,extras,trash bin,recycling bin,recycling bin.,0.2,0.2,3,0.2897,"[1.7018187046051025, 976.592529296875, 182.05508422851562, 1197.3665771484375]",1
frame_0001.png,extras,trash bin,rubbish bin,rubbish bin.,0.2,0.2,6,0.2905,"[1.7713737487792969, 976.2512817382812, 182.09083557128906, 1197.5194091796875]",1
frame_0001.png,extras,trash bin,small trash can,small trash can.,0.2,0.2,2,0.6088,"[2.228422164916992, 961.6401977539062, 188.7685546875, 1201.0140380859375]",1
frame_0001.png,extras,water fountain,water fountain,water fountain.,0.18,0.18,2,0.3104,"[1158.11865234375, 1655.0166015625, 1708.936767578125, 1855.809814453125]",1
frame_0001.png,extras,water fountain,metallic water fountain,metallic water fountain.,0.18,0.18,4,0.3848,"[1156.544189453125, 1653.06396484375, 1709.8984375, 1854.79296875]",1
frame_0001.png,extras,water fountain,drinking fountain,drinking fountain.,0.18,0.18,0,0.0,,0
frame_0001.png,extras,water fountain,water dispenser,water dispenser.,0.18,0.18,0,0.0,,0
frame_0001.png,extras,water fountain,wall water fountain,wall water fountain.,0.18,0.18,4,0.4231,"[1156.9559326171875, 1654.0745849609375, 1709.3851318359375, 1855.2548828125]",1
frame_0001.png,extras,water fountain,stainless water fountain,stainless water fountain.,0.18,0.18,2,0.3916,"[1154.4385986328125, 1650.4150390625, 1711.62353515625, 1854.29052734375]",1
frame_0002.png,production,meeting table set,ALL_GROUP,meeting table. conference table. meeting table set.,0.35,0.35,1,0.5672,"[445.53607177734375, 848.87353515625, 1149.91748046875, 1080.2659912109375]",1
frame_0002.png,production,chair,ALL_GROUP,chair. armless chair.,0.42,0.42,3,0.4436,"[452.3789978027344, 891.7830810546875, 573.716796875, 1030.2071533203125]",1
frame_0002.png,production,bench,ALL_GROUP,bench. benches. metal bench. metallic bench. waiting bench.,0.38,0.38,0,0.0,,0
frame_0002.png,production,bottle+cup+cardboard box,ALL_GROUP,bottle. dark thermos. thermos. dark thermos bottle. cup. cups. white drinking cup. white drinking cups. cardboard box. brown cardboard. brown cardboard box.,0.28,0.28,1,0.3069,"[1608.6776123046875, 981.7959594726562, 1706.2659912109375, 1047.2799072265625]",1
frame_0002.png,production,water fountain+door,ALL_GROUP,water fountain. metallic fountain. metallic water fountain. door. doors. dark door. dark door surface. elevator sliding door. elevator sliding doors.,0.38,0.38,0,0.0,,0
frame_0002.png,production,emergency exit sign,ALL_GROUP,emergency exit sign. exit sign.,0.5,0.5,0,0.0,,0
frame_0002.png,production,trash bin,ALL_GROUP,trash bin. trash bins. indoor trash bin.,0.45,0.45,0,0.0,,0
frame_0002.png,extras,bench,bench,bench.,0.2,0.2,3,0.2202,"[1.9457817077636719, 1754.0595703125, 432.0094299316406, 1857.05517578125]",1
frame_0002.png,extras,bench,metal bench,metal bench.,0.2,0.2,4,0.2874,"[2.8994035720825195, 1748.8123779296875, 439.73468017578125, 1854.6484375]",1
frame_0002.png,extras,bench,waiting bench,waiting bench.,0.2,0.2,2,0.3276,"[1.7030096054077148, 1750.850830078125, 437.75201416015625, 1855.2066650390625]",1
frame_0002.png,extras,bench,sitting bench,sitting bench.,0.2,0.2,5,0.3276,"[2.3194026947021484, 1751.40478515625, 434.21240234375, 1855.9913330078125]",1
frame_0002.png,extras,bench,long bench,long bench.,0.2,0.2,4,0.3484,"[2.485184669494629, 1750.2991943359375, 439.1072998046875, 1854.821044921875]",1
frame_0002.png,extras,bottle,bottle,bottle.,0.18,0.18,1,0.574,"[1086.2669677734375, 859.9007568359375, 1102.67578125, 896.6926879882812]",1
frame_0002.png,extras,bottle,dark thermos bottle,dark thermos bottle.,0.18,0.18,2,0.2863,"[1082.0584716796875, 853.8401489257812, 1107.5115966796875, 901.42333984375]",1
frame_0002.png,extras,bottle,thermos bottle,thermos bottle.,0.18,0.18,1,0.3297,"[1083.7806396484375, 856.7860717773438, 1105.492431640625, 900.5506591796875]",1
frame_0002.png,extras,bottle,water bottle,water bottle.,0.18,0.18,1,0.434,"[1083.7481689453125, 857.4057006835938, 1104.9732666015625, 900.1695556640625]",1
frame_0002.png,extras,bottle,drink bottle,drink bottle.,0.18,0.18,1,0.2897,"[1084.826171875, 857.8113403320312, 1104.5765380859375, 899.4421997070312]",1
frame_0002.png,extras,bottle,small bottle,small bottle.,0.18,0.18,2,0.5646,"[1082.1280517578125, 855.2720336914062, 1107.072998046875, 901.2802734375]",1
frame_0002.png,extras,cardboard box,cardboard box,cardboard box.,0.2,0.2,1,0.5295,"[1610.7135009765625, 984.7523803710938, 1703.984619140625, 1044.816650390625]",1
frame_0002.png,extras,cardboard box,brown cardboard box,brown cardboard box.,0.2,0.2,2,0.5851,"[1608.431884765625, 981.7774658203125, 1705.916015625, 1046.9693603515625]",1
frame_0002.png,extras,cardboard box,shipping box,shipping box.,0.2,0.2,3,0.4386,"[1611.4013671875, 986.0929565429688, 1703.4423828125, 1043.7276611328125]",1
frame_0002.png,extras,cardboard box,package box,package box.,0.2,0.2,1,0.2485,"[1611.564697265625, 985.4011840820312, 1703.6676025390625, 1043.9556884765625]",1
frame_0002.png,extras,cardboard box,small box,small box.,0.2,0.2,1,0.6797,"[1609.8743896484375, 983.39306640625, 1705.393310546875, 1045.7950439453125]",1
frame_0002.png,extras,cardboard box,box,box.,0.2,0.2,1,0.4443,"[1612.21630859375, 987.245849609375, 1702.735107421875, 1042.1817626953125]",1
frame_0002.png,extras,chair,chair,chair.,0.2,0.2,8,0.2655,"[452.9290466308594, 895.1393432617188, 567.659912109375, 1028.0152587890625]",1
frame_0002.png,extras,chair,armless chair,armless chair.,0.2,0.2,7,0.425,"[586.6326904296875, 861.5778198242188, 718.7411499023438, 1070.96484375]",1
frame_0002.png,extras,chair,office chair,office chair.,0.2,0.2,13,0.4196,"[587.8226318359375, 863.4976806640625, 720.7901611328125, 1069.5064697265625]",1
frame_0002.png,extras,chair,wheeled chair,wheeled chair.,0.2,0.2,7,0.4862,"[587.366943359375, 862.67431640625, 718.01904296875, 1069.7568359375]",1
frame_0002.png,extras,chair,swivel chair,swivel chair.,0.2,0.2,6,0.3901,"[586.5151977539062, 861.271484375, 717.3636474609375, 1071.3455810546875]",1
frame_0002.png,extras,chair,rolling chair,rolling chair.,0.2,0.2,8,0.4326,"[587.5140991210938, 862.3577880859375, 717.9308471679688, 1070.190673828125]",1
frame_0002.png,extras,cup,cup,cup.,0.18,0.18,1,0.3392,"[1087.2298583984375, 861.5731201171875, 1102.7835693359375, 896.058349609375]",1
frame_0002.png,extras,cup,white drinking cup,white drinking cup.,0.18,0.18,3,0.4125,"[1078.5328369140625, 852.5335083007812, 1110.3648681640625, 902.6688232421875]",1
frame_0002.png,extras,cup,drinking cup,drinking cup.,0.18,0.18,0,0.0,,0
frame_0002.png,extras,cup,coffee cup,coffee cup.,0.18,0.18,0,0.0,,0
frame_0002.png,extras,cup,paper cup,paper cup.,0.18,0.18,0,0.0,,0
frame_0002.png,extras,cup,small cup,small cup.,0.18,0.18,2,0.3247,"[1082.034912109375, 855.12548828125, 1108.397216796875, 899.9246826171875]",1
frame_0002.png,extras,door,door,door.,0.2,0.2,10,0.283,"[229.43373107910156, 601.2319946289062, 339.2685241699219, 1036.4044189453125]",1
frame_0002.png,extras,door,dark door surface,dark door surface.,0.2,0.2,6,0.3141,"[1551.965087890625, 490.6122131347656, 1700.9359130859375, 1003.154052734375]",1
frame_0002.png,extras,door,wooden door,wooden door.,0.2,0.2,7,0.3504,"[225.1500701904297, 601.3919677734375, 340.0923156738281, 1038.0357666015625]",1
frame_0002.png,extras,door,closed door,closed door.,0.2,0.2,5,0.3605,"[223.45028686523438, 601.0507202148438, 339.8962097167969, 1039.1796875]",1
frame_0002.png,extras,door,interior door,interior door.,0.2,0.2,10,0.3429,"[225.38096618652344, 599.2567749023438, 339.15924072265625, 1037.7337646484375]",1
frame_0002.png,extras,door,single door,single door.,0.2,0.2,6,0.3655,"[222.5750274658203, 599.406005859375, 340.5933837890625, 1039.650634765625]",1
frame_0002.png,extras,emergency exit sign,emergency exit sign,emergency exit sign.,0.18,0.18,4,0.2693,"[2764.01611328125, 341.590576171875, 2856.344482421875, 446.7112731933594]",1
frame_0002.png,extras,emergency exit sign,exit sign,exit sign.,0.18,0.18,1,0.2056,"[2765.180419921875, 341.5073547363281, 2855.92822265625, 444.8732604980469]",1
frame_0002.png,extras,emergency exit sign,green emergency exit sign,green emergency exit sign.,0.18,0.18,5,0.2964,"[1403.6602783203125, 888.27294921875, 1445.688720703125, 922.9027099609375]",1
frame_0002.png,extras,emergency exit sign,green exit sign,green exit sign.,0.18,0.18,4,0.3252,"[1402.95458984375, 888.1823120117188, 1445.8150634765625, 923.4140014648438]",1
frame_0002.png,extras,emergency exit sign,running man exit sign,running man exit sign.,0.18,0.18,3,0.4577,"[1154.4742431640625, 1647.76611328125, 1711.7760009765625, 1852.833984375]",1
frame_0002.png,extras,emergency exit sign,fire exit sign,fire exit sign.,0.18,0.18,0,0.0,,0
frame_0002.png,extras,emergency exit sign,evacuation sign,evacuation sign.,0.18,0.18,1,0.1887,"[2724.69775390625, 305.01025390625, 2876.92578125, 475.9671325683594]",1
frame_0002.png,extras,meeting table set,meeting table set,meeting table set.,0.2,0.2,2,0.6155,"[444.8089599609375, 854.892333984375, 1148.385986328125, 1078.816650390625]",1
frame_0002.png,extras,meeting table set,large meeting table,large meeting table.,0.2,0.2,1,0.764,"[448.6888427734375, 859.9581298828125, 1146.469482421875, 1077.3204345703125]",1
frame_0002.png,extras,meeting table set,conference table,conference table.,0.2,0.2,4,0.558,"[453.52960205078125, 875.430908203125, 1141.300048828125, 1071.3551025390625]",1
frame_0002.png,extras,meeting table set,metallic desk,metallic desk.,0.2,0.2,2,0.6112,"[451.1585388183594, 869.42724609375, 1145.046630859375, 1073.0081787109375]",1
frame_0002.png,extras,meeting table set,long table with chairs,long table with chairs.,0.2,0.2,4,0.4911,"[445.2716369628906, 852.3661499023438, 1153.771484375, 1075.6131591796875]",1
frame_0002.png,extras,meeting table set,office meeting table,office meeting table.,0.2,0.2,3,0.6293,"[450.67376708984375, 868.1990966796875, 1144.5721435546875, 1074.6708984375]",1
frame_0002.png,extras,meeting table set,boardroom table,boardroom table.,0.2,0.2,2,0.6013,"[451.6620788574219, 869.81298828125, 1142.99560546875, 1075.013671875]",1
frame_0002.png,extras,trash bin,trash bin,trash bin.,0.2,0.2,0,0.0,,0
frame_0002.png,extras,trash bin,indoor trash bin,indoor trash bin.,0.2,0.2,3,0.3545,"[2.69264817237854, 974.0108032226562, 183.08389282226562, 1197.3123779296875]",1
frame_0002.png,extras,trash bin,garbage bin,garbage bin.,0.2,0.2,2,0.2209,"[2.595895528793335, 976.0369873046875, 181.82862854003906, 1196.56787109375]",1
frame_0002.png,extras,trash bin,waste bin,waste bin.,0.2,0.2,2,0.2285,"[2.4820303916931152, 976.0614624023438, 181.95977783203125, 1196.82958984375]",1
frame_0002.png,extras,trash bin,recycling bin,recycling bin.,0.2,0.2,3,0.2752,"[1611.594482421875, 985.2515869140625, 1704.446044921875, 1044.1829833984375]",1
frame_0002.png,extras,trash bin,rubbish bin,rubbish bin.,0.2,0.2,5,0.2729,"[1.8516254425048828, 976.0333251953125, 182.10609436035156, 1197.5615234375]",1
frame_0002.png,extras,trash bin,small trash can,small trash can.,0.2,0.2,2,0.5858,"[2.4129903316497803, 961.7884521484375, 188.77554321289062, 1200.8538818359375]",1
frame_0002.png,extras,water fountain,water fountain,water fountain.,0.18,0.18,2,0.2992,"[1158.2860107421875, 1655.0032958984375, 1709.1536865234375, 1855.881103515625]",1
frame_0002.png,extras,water fountain,metallic water fountain,metallic water fountain.,0.18,0.18,4,0.3748,"[1156.7607421875, 1652.9588623046875, 1710.0748291015625, 1854.843994140625]",1
frame_0002.png,extras,water fountain,drinking fountain,drinking fountain.,0.18,0.18,0,0.0,,0
frame_0002.png,extras,water fountain,water dispenser,water dispenser.,0.18,0.18,0,0.0,,0
frame_0002.png,extras,water fountain,wall water fountain,wall water fountain.,0.18,0.18,4,0.4162,"[1157.090576171875, 1653.966552734375, 1709.6083984375, 1855.283935546875]",1
frame_0002.png,extras,water fountain,stainless water fountain,stainless water fountain.,0.18,0.18,2,0.391,"[1154.5933837890625, 1650.1767578125, 1711.84912109375, 1854.3721923828125]",1
frame_0003.png,production,meeting table set,ALL_GROUP,meeting table. conference table. meeting table set.,0.35,0.35,1,0.5665,"[445.8764343261719, 848.9486694335938, 1149.9071044921875, 1080.247802734375]",1
frame_0003.png,production,chair,ALL_GROUP,chair. armless chair.,0.42,0.42,5,0.4525,"[586.7174072265625, 862.977783203125, 716.2257080078125, 1070.8995361328125]",1
frame_0003.png,production,bench,ALL_GROUP,bench. benches. metal bench. metallic bench. waiting bench.,0.38,0.38,0,0.0,,0
frame_0003.png,production,bottle+cup+cardboard box,ALL_GROUP,bottle. dark thermos. thermos. dark thermos bottle. cup. cups. white drinking cup. white drinking cups. cardboard box. brown cardboard. brown cardboard box.,0.28,0.28,1,0.303,"[1608.764892578125, 981.881103515625, 1705.927734375, 1047.2318115234375]",1
frame_0003.png,production,water fountain+door,ALL_GROUP,water fountain. metallic fountain. metallic water fountain. door. doors. dark door. dark door surface. elevator sliding door. elevator sliding doors.,0.38,0.38,0,0.0,,0
frame_0003.png,production,emergency exit sign,ALL_GROUP,emergency exit sign. exit sign.,0.5,0.5,0,0.0,,0
frame_0003.png,production,trash bin,ALL_GROUP,trash bin. trash bins. indoor trash bin.,0.45,0.45,0,0.0,,0
frame_0003.png,extras,bench,bench,bench.,0.2,0.2,3,0.2313,"[1.9698143005371094, 1754.0101318359375, 436.34149169921875, 1856.9345703125]",1
frame_0003.png,extras,bench,metal bench,metal bench.,0.2,0.2,4,0.3028,"[2.9474687576293945, 1748.685546875, 443.9409484863281, 1854.5677490234375]",1
frame_0003.png,extras,bench,waiting bench,waiting bench.,0.2,0.2,2,0.3495,"[1.600484848022461, 1750.749267578125, 441.9397277832031, 1855.168701171875]",1
frame_0003.png,extras,bench,sitting bench,sitting bench.,0.2,0.2,5,0.3338,"[2.3268914222717285, 1751.384521484375, 438.6774597167969, 1855.951416015625]",1
frame_0003.png,extras,bench,long bench,long bench.,0.2,0.2,3,0.3721,"[2.5073719024658203, 1750.249267578125, 443.1465148925781, 1854.8043212890625]",1
frame_0003.png,extras,bottle,bottle,bottle.,0.18,0.18,1,0.5719,"[1086.1795654296875, 859.4851684570312, 1102.7386474609375, 896.83154296875]",1
frame_0003.png,extras,bottle,dark thermos bottle,dark thermos bottle.,0.18,0.18,2,0.2845,"[1081.8968505859375, 853.3548583984375, 1107.6104736328125, 901.746337890625]",1
frame_0003.png,extras,bottle,thermos bottle,thermos bottle.,0.18,0.18,1,0.3375,"[1083.6993408203125, 856.3666381835938, 1105.5902099609375, 900.7937622070312]",1
frame_0003.png,extras,bottle,water bottle,water bottle.,0.18,0.18,1,0.443,"[1083.6690673828125, 856.9678955078125, 1105.078125, 900.4489135742188]",1
frame_0003.png,extras,bottle,drink bottle,drink bottle.,0.18,0.18,1,0.2915,"[1084.7630615234375, 857.3616333007812, 1104.6795654296875, 899.6775512695312]",1
frame_0003.png,extras,bottle,small bottle,small bottle.,0.18,0.18,2,0.5749,"[1082.049072265625, 854.81787109375, 1107.1075439453125, 901.4773559570312]",1
frame_0003.png,extras,cardboard box,cardboard box,cardboard box.,0.2,0.2,1,0.5232,"[1610.6746826171875, 984.6854248046875, 1703.575439453125, 1044.8319091796875]",1
frame_0003.png,extras,cardboard box,brown cardboard box,brown cardboard box.,0.2,0.2,2,0.5882,"[1608.4111328125, 981.86328125, 1705.49462890625, 1046.94873046875]",1
frame_0003.png,extras,cardboard box,shipping box,shipping box.,0.2,0.2,2,0.4271,"[1611.3134765625, 985.9708862304688, 1703.117919921875, 1043.77392578125]",1
frame_0003.png,extras,cardboard box,package box,package box.,0.2,0.2,1,0.2325,"[1611.4412841796875, 985.262451171875, 1703.474853515625, 1043.94873046875]",1
frame_0003.png,extras,cardboard box,small box,small box.,0.2,0.2,1,0.6742,"[1609.798828125, 983.319580078125, 1705.04248046875, 1045.811767578125]",1
frame_0003.png,extras,cardboard box,box,box.,0.2,0.2,1,0.4343,"[1612.135009765625, 987.2239990234375, 1702.223876953125, 1042.253662109375]",1
frame_0003.png,extras,chair,chair,chair.,0.2,0.2,8,0.2644,"[453.0350036621094, 895.04833984375, 568.5132446289062, 1028.0267333984375]",1
frame_0003.png,extras,chair,armless chair,armless chair.,0.2,0.2,7,0.4313,"[586.417724609375, 861.5634765625, 718.1004028320312, 1071.2369384765625]",1
frame_0003.png,extras,chair,office chair,office chair.,0.2,0.2,12,0.422,"[587.666259765625, 863.4732055664062, 719.8218994140625, 1069.8447265625]",1
frame_0003.png,extras,chair,wheeled chair,wheeled chair.,0.2,0.2,7,0.4888,"[587.1589965820312, 862.620849609375, 717.4406127929688, 1070.000732421875]",1
frame_0003.png,extras,chair,swivel chair,swivel chair.,0.2,0.2,6,0.3865,"[586.208740234375, 861.2781982421875, 716.7930908203125, 1071.5755615234375]",1
frame_0003.png,extras,chair,rolling chair,rolling chair.,0.2,0.2,8,0.4371,"[587.3211059570312, 862.3303833007812, 717.2612915039062, 1070.298828125]",1
frame_0003.png,extras,cup,cup,cup.,0.18,0.18,1,0.3362,"[1087.103271484375, 861.1664428710938, 1102.776123046875, 896.1697387695312]",1
frame_0003.png,extras,cup,white drinking cup,white drinking cup.,0.18,0.18,3,0.4168,"[1078.4669189453125, 852.0843505859375, 1110.5496826171875, 902.9161987304688]",1
frame_0003.png,extras,cup,drinking cup,drinking cup.,0.18,0.18,0,0.0,,0
frame_0003.png,extras,cup,coffee cup,coffee cup.,0.18,0.18,0,0.0,,0
frame_0003.png,extras,cup,paper cup,paper cup.,0.18,0.18,0,0.0,,0
frame_0003.png,extras,cup,small cup,small cup.,0.18,0.18,2,0.3231,"[1081.7254638671875, 854.7365112304688, 1108.4642333984375, 900.2213745117188]",1
frame_0003.png,extras,door,door,door.,0.2,0.2,10,0.3029,"[229.52658081054688, 600.35595703125, 339.0781555175781, 1036.0364990234375]",1
frame_0003.png,extras,door,dark door surface,dark door surface.,0.2,0.2,3,0.3434,"[1552.4703369140625, 491.8845520019531, 1700.5391845703125, 1002.4718017578125]",1
frame_0003.png,extras,door,wooden door,wooden door.,0.2,0.2,6,0.371,"[225.5050048828125, 600.146240234375, 339.94110107421875, 1037.574462890625]",1
frame_0003.png,extras,door,closed door,closed door.,0.2,0.2,5,0.377,"[223.90887451171875, 600.1456298828125, 339.99761962890625, 1038.511474609375]",1
frame_0003.png,extras,door,interior door,interior door.,0.2,0.2,10,0.3551,"[225.90928649902344, 598.905029296875, 338.7590637207031, 1037.0030517578125]",1
frame_0003.png,extras,door,single door,single door.,0.2,0.2,3,0.3903,"[222.68051147460938, 598.1927490234375, 340.6959533691406, 1039.1881103515625]",1
frame_0003.png,extras,emergency exit sign,emergency exit sign,emergency exit sign.,0.18,0.18,4,0.2754,"[2763.7431640625, 342.0270080566406, 2856.62158203125, 446.83837890625]",1
frame_0003.png,extras,emergency exit sign,exit sign,exit sign.,0.18,0.18,1,0.2032,"[2765.1416015625, 341.77740478515625, 2855.993896484375, 445.1383361816406]",1
frame_0003.png,extras,emergency exit sign,green emergency exit sign,green emergency exit sign.,0.18,0.18,5,0.2857,"[1403.7655029296875, 888.2861938476562, 1445.6337890625, 922.8469848632812]",1
frame_0003.png,extras,emergency exit sign,green exit sign,green exit sign.,0.18,0.18,4,0.3305,"[1403.056884765625, 888.2452392578125, 1445.53466796875, 923.3611450195312]",1
frame_0003.png,extras,emergency exit sign,running man exit sign,running man exit sign.,0.18,0.18,3,0.4461,"[1154.084228515625, 1648.00439453125, 1711.1378173828125, 1852.8193359375]",1
frame_0003.png,extras,emergency exit sign,fire exit sign,fire exit sign.,0.18,0.18,0,0.0,,0
frame_0003.png,extras,emergency exit sign,evacuation sign,evacuation sign.,0.18,0.18,1,0.1817,"[2766.07763671875, 344.138671875, 2855.8486328125, 443.4477233886719]",1
frame_0003.png,extras,meeting table set,meeting table set,meeting table set.,0.2,0.2,2,0.6157,"[445.0306701660156, 854.6781005859375, 1148.5216064453125, 1078.7440185546875]",1
frame_0003.png,extras,meeting table set,large meeting table,large meeting table.,0.2,0.2,1,0.7619,"[449.4393005371094, 860.0597534179688, 1146.65478515625, 1077.1038818359375]",1
frame_0003.png,extras,meeting table set,conference table,conference table.,0.2,0.2,4,0.5557,"[454.20587158203125, 875.2846069335938, 1141.6990966796875, 1071.1214599609375]",1
frame_0003.png,extras,meeting table set,metallic desk,metallic desk.,0.2,0.2,2,0.6062,"[452.2417297363281, 869.2672119140625, 1144.97998046875, 1072.8262939453125]",1
frame_0003.png,extras,meeting table set,long table with chairs,long table with chairs.,0.2,0.2,4,0.4754,"[446.1221618652344, 852.5504760742188, 1153.0889892578125, 1075.4161376953125]",1
frame_0003.png,extras,meeting table set,office meeting table,office meeting table.,0.2,0.2,3,0.6318,"[451.1497802734375, 868.4379272460938, 1144.393798828125, 1074.70556640625]",1
frame_0003.png,extras,meeting table set,boardroom table,boardroom table.,0.2,0.2,2,0.6063,"[452.0732421875, 870.0552978515625, 1143.404052734375, 1074.8546142578125]",1
frame_0003.png,extras,trash bin,trash bin,trash bin.,0.2,0.2,0,0.0,,0
frame_0003.png,extras,trash bin,indoor trash bin,indoor trash bin.,0.2,0.2,3,0.3458,"[2.8172528743743896, 974.2723388671875, 183.0572052001953, 1197.2069091796875]",1
frame_0003.png,extras,trash bin,garbage bin,garbage bin.,0.2,0.2,2,0.2299,"[1157.5185546875, 910.8389892578125, 1207.4976806640625, 985.6992797851562]",1
frame_0003.png,extras,trash bin,waste bin,waste bin.,0.2,0.2,2,0.234,"[1157.5303955078125, 910.8455810546875, 1207.681884765625, 985.9412841796875]",1
frame_0003.png,extras,trash bin,recycling bin,recycling bin.,0.2,0.2,3,0.2607,"[1611.4892578125, 985.1980590820312, 1704.1585693359375, 1044.1898193359375]",1
frame_0003.png,extras,trash bin,rubbish bin,rubbish bin.,0.2,0.2,6,0.256,"[1.8523871898651123, 976.23486328125, 182.0850372314453, 1197.4879150390625]",1
frame_0003.png,extras,trash bin,small trash can,small trash can.,0.2,0.2,2,0.5592,"[2.510547637939453, 962.2486572265625, 188.69912719726562, 1200.8466796875]",1
frame_0003.png,extras,water fountain,water fountain,water fountain.,0.18,0.18,2,0.3098,"[1158.051025390625, 1655.1490478515625, 1708.6962890625, 1855.830078125]",1
frame_0003.png,extras,water fountain,metallic water fountain,metallic water fountain.,0.18,0.18,4,0.3799,"[1156.4197998046875, 1653.0552978515625, 1709.7181396484375, 1854.796142578125]",1
frame_0003.png,extras,water fountain,drinking fountain,drinking fountain.,0.18,0.18,0,0.0,,0
frame_0003.png,extras,water fountain,water dispenser,water dispenser.,0.18,0.18,0,0.0,,0
frame_0003.png,extras,water fountain,wall water fountain,wall water fountain.,0.18,0.18,5,0.4238,"[1156.802490234375, 1654.096435546875, 1709.1925048828125, 1855.243408203125]",1
frame_0003.png,extras,water fountain,stainless water fountain,stainless water fountain.,0.18,0.18,2,0.3915,"[1154.198974609375, 1650.3262939453125, 1711.4532470703125, 1854.2274169921875]",1
frame_0004.png,production,meeting table set,ALL_GROUP,meeting table. conference table. meeting table set.,0.35,0.35,1,0.5605,"[445.68280029296875, 849.4349365234375, 1149.6209716796875, 1080.3255615234375]",1
frame_0004.png,production,chair,ALL_GROUP,chair. armless chair.,0.42,0.42,5,0.4446,"[586.84375, 863.08544921875, 717.0302124023438, 1070.60009765625]",1
frame_0004.png,production,bench,ALL_GROUP,bench. benches. metal bench. metallic bench. waiting bench.,0.38,0.38,0,0.0,,0
frame_0004.png,production,bottle+cup+cardboard box,ALL_GROUP,bottle. dark thermos. thermos. dark thermos bottle. cup. cups. white drinking cup. white drinking cups. cardboard box. brown cardboard. brown cardboard box.,0.28,0.28,1,0.3068,"[1608.8358154296875, 981.74072265625, 1705.8660888671875, 1047.2420654296875]",1
frame_0004.png,production,water fountain+door,ALL_GROUP,water fountain. metallic fountain. metallic water fountain. door. doors. dark door. dark door surface. elevator sliding door. elevator sliding doors.,0.38,0.38,0,0.0,,0
frame_0004.png,production,emergency exit sign,ALL_GROUP,emergency exit sign. exit sign.,0.5,0.5,0,0.0,,0
frame_0004.png,production,trash bin,ALL_GROUP,trash bin. trash bins. indoor trash bin.,0.45,0.45,0,0.0,,0
frame_0004.png,extras,bench,bench,bench.,0.2,0.2,3,0.2185,"[1.9894909858703613, 1753.9473876953125, 431.39129638671875, 1856.9278564453125]",1
frame_0004.png,extras,bench,metal bench,metal bench.,0.2,0.2,4,0.288,"[3.08790922164917, 1748.8948974609375, 436.9427490234375, 1854.5968017578125]",1
frame_0004.png,extras,bench,waiting bench,waiting bench.,0.2,0.2,2,0.3659,"[1.6344738006591797, 1750.833251953125, 436.08929443359375, 1855.1806640625]",1
frame_0004.png,extras,bench,sitting bench,sitting bench.,0.2,0.2,5,0.3209,"[2.287430763244629, 1751.40380859375, 433.0196533203125, 1855.9781494140625]",1
frame_0004.png,extras,bench,long bench,long bench.,0.2,0.2,4,0.3863,"[2.4004054069519043, 1750.33544921875, 436.68670654296875, 1854.803466796875]",1
frame_0004.png,extras,bottle,bottle,bottle.,0.18,0.18,1,0.5669,"[1086.3441162109375, 859.55224609375, 1102.751708984375, 896.7975463867188]",1
frame_0004.png,extras,bottle,dark thermos bottle,dark thermos bottle.,0.18,0.18,2,0.3002,"[1082.226318359375, 853.4950561523438, 1107.599365234375, 901.3508911132812]",1
frame_0004.png,extras,bottle,thermos bottle,thermos bottle.,0.18,0.18,1,0.3377,"[1083.869873046875, 856.4669189453125, 1105.5291748046875, 900.5952758789062]",1
frame_0004.png,extras,bottle,water bottle,water bottle.,0.18,0.18,1,0.4365,"[1083.881103515625, 857.041015625, 1105.07080078125, 900.2833251953125]",1
frame_0004.png,extras,bottle,drink bottle,drink bottle.,0.18,0.18,1,0.2905,"[1084.8861083984375, 857.46533203125, 1104.6868896484375, 899.5557250976562]",1
frame_0004.png,extras,bottle,small bottle,small bottle.,0.18,0.18,2,0.5647,"[1082.3250732421875, 854.8783569335938, 1107.124755859375, 901.323974609375]",1
frame_0004.png,extras,cardboard box,cardboard box,cardboard box.,0.2,0.2,1,0.5367,"[1610.744140625, 984.70849609375, 1703.5621337890625, 1044.7977294921875]",1
frame_0004.png,extras,cardboard box,brown cardboard box,brown cardboard box.,0.2,0.2,1,0.5921,"[1608.462158203125, 981.7297973632812, 1705.5040283203125, 1046.925537109375]",1
frame_0004.png,extras,cardboard box,shipping box,shipping box.,0.2,0.2,2,0.4328,"[1611.4107666015625, 985.9411010742188, 1703.13427734375, 1043.7933349609375]",1
frame_0004.png,extras,cardboard box,package box,package box.,0.2,0.2,1,0.2467,"[1611.54150390625, 985.30224609375, 1703.3968505859375, 1043.9771728515625]",1
frame_0004.png,extras,cardboard box,small box,small box.,0.2,0.2,1,0.6881,"[1609.8731689453125, 983.253173828125, 1705.0048828125, 1045.8167724609375]",1
frame_0004.png,extras,cardboard box,box,box.,0.2,0.2,1,0.4475,"[1612.1640625, 987.1707763671875, 1702.4146728515625, 1042.209716796875]",1
frame_0004.png,extras,chair,chair,chair.,0.2,0.2,8,0.2603,"[452.79229736328125, 895.2037353515625, 569.7335815429688, 1028.0611572265625]",1
frame_0004.png,extras,chair,armless chair,armless chair.,0.2,0.2,7,0.4277,"[586.5814208984375, 861.6429443359375, 718.63330078125, 1070.92626953125]",1
frame_0004.png,extras,chair,office chair,office chair.,0.2,0.2,12,0.4165,"[587.8446655273438, 863.6134033203125, 720.4775390625, 1069.5548095703125]",1
frame_0004.png,extras,chair,wheeled chair,wheeled chair.,0.2,0.2,7,0.4854,"[587.2745971679688, 862.7921142578125, 717.9664306640625, 1069.63037109375]",1
frame_0004.png,extras,chair,swivel chair,swivel chair.,0.2,0.2,6,0.3845,"[586.340576171875, 861.3422241210938, 717.2495727539062, 1071.345458984375]",1
frame_0004.png,extras,chair,rolling chair,rolling chair.,0.2,0.2,8,0.4335,"[587.4885864257812, 862.4312744140625, 718.0260009765625, 1070.0716552734375]",1
frame_0004.png,extras,cup,cup,cup.,0.18,0.18,1,0.348,"[1087.184814453125, 861.1129760742188, 1102.83837890625, 896.1312255859375]",1
frame_0004.png,extras,cup,white drinking cup,white drinking cup.,0.18,0.18,2,0.4198,"[1078.6866455078125, 852.131103515625, 1110.5172119140625, 902.8029174804688]",1
frame_0004.png,extras,cup,drinking cup,drinking cup.,0.18,0.18,0,0.0,,0
frame_0004.png,extras,cup,coffee cup,coffee cup.,0.18,0.18,0,0.0,,0
frame_0004.png,extras,cup,paper cup,paper cup.,0.18,0.18,0,0.0,,0
frame_0004.png,extras,cup,small cup,small cup.,0.18,0.18,2,0.3316,"[1081.9755859375, 854.7386474609375, 1108.5660400390625, 900.024658203125]",1
frame_0004.png,extras,door,door,door.,0.2,0.2,10,0.2882,"[228.99618530273438, 600.59033203125, 339.38690185546875, 1035.7694091796875]",1
frame_0004.png,extras,door,dark door surface,dark door surface.,0.2,0.2,5,0.3266,"[1552.002197265625, 490.173583984375, 1700.60400390625, 1002.5855102539062]",1
frame_0004.png,extras,door,wooden door,wooden door.,0.2,0.2,5,0.3493,"[225.19622802734375, 600.818115234375, 340.15704345703125, 1037.3616943359375]",1
frame_0004.png,extras,door,closed door,closed door.,0.2,0.2,3,0.3556,"[223.48878479003906, 600.5266723632812, 340.104736328125, 1038.5789794921875]",1
frame_0004.png,extras,door,interior door,interior door.,0.2,0.2,11,0.345,"[225.5597686767578, 599.0798950195312, 339.2113952636719, 1036.8685302734375]",1
frame_0004.png,extras,door,single door,single door.,0.2,0.2,4,0.3628,"[222.36221313476562, 599.02294921875, 340.8600158691406, 1039.0379638671875]",1
frame_0004.png,extras,emergency exit sign,emergency exit sign,emergency exit sign.,0.18,0.18,4,0.2713,"[2764.07958984375, 342.1932373046875, 2856.642822265625, 447.0343322753906]",1
frame_0004.png,extras,emergency exit sign,exit sign,exit sign.,0.18,0.18,1,0.2038,"[2765.39208984375, 342.29730224609375, 2856.017578125, 444.707275390625]",1
frame_0004.png,extras,emergency exit sign,green emergency exit sign,green emergency exit sign.,0.18,0.18,6,0.2832,"[1403.544921875, 888.3453369140625, 1445.6090087890625, 923.0435180664062]",1
frame_0004.png,extras,emergency exit sign,green exit sign,green exit sign.,0.18,0.18,4,0.3367,"[1402.6583251953125, 888.2638549804688, 1445.5543212890625, 923.6697998046875]",1
frame_0004.png,extras,emergency exit sign,running man exit sign,running man exit sign.,0.18,0.18,3,0.4426,"[1154.468994140625, 1648.37744140625, 1710.961181640625, 1852.76708984375]",1
frame_0004.png,extras,emergency exit sign,fire exit sign,fire exit sign.,0.18,0.18,0,0.0,,0
frame_0004.png,extras,emergency exit sign,evacuation sign,evacuation sign.,0.18,0.18,1,0.1868,"[2725.087890625, 305.7579345703125, 2877.15185546875, 476.998779296875]",1
frame_0004.png,extras,meeting table set,meeting table set,meeting table set.,0.2,0.2,2,0.6159,"[444.78912353515625, 854.7529296875, 1148.3369140625, 1078.9525146484375]",1
frame_0004.png,extras,meeting table set,large meeting table,large meeting table.,0.2,0.2,1,0.7674,"[448.8459167480469, 859.6839599609375, 1146.1864013671875, 1077.51708984375]",1
frame_0004.png,extras,meeting table set,conference table,conference table.,0.2,0.2,4,0.5544,"[454.0545654296875, 875.19091796875, 1141.2706298828125, 1071.8101806640625]",1
frame_0004.png,extras,meeting table set,metallic desk,metallic desk.,0.2,0.2,2,0.6146,"[452.0344543457031, 869.3561401367188, 1144.8359375, 1073.0770263671875]",1
frame_0004.png,extras,meeting table set,long table with chairs,long table with chairs.,0.2,0.2,4,0.4982,"[446.1667175292969, 853.3150634765625, 1153.140380859375, 1075.1678466796875]",1
frame_0004.png,extras,meeting table set,office meeting table,office meeting table.,0.2,0.2,3,0.6298,"[450.7982177734375, 868.4152221679688, 1144.5289306640625, 1074.55224609375]",1
frame_0004.png,extras,meeting table set,boardroom table,boardroom table.,0.2,0.2,1,0.6013,"[451.8789978027344, 870.1361083984375, 1142.7332763671875, 1075.096435546875]",1
frame_0004.png,extras,trash bin,trash bin,trash bin.,0.2,0.2,0,0.0,,0
frame_0004.png,extras,trash bin,indoor trash bin,indoor trash bin.,0.2,0.2,2,0.377,"[2.6547646522521973, 974.1063842773438, 183.32142639160156, 1197.436767578125]",1
frame_0004.png,extras,trash bin,garbage bin,garbage bin.,0.2,0.2,2,0.2313,"[2.579829216003418, 976.2560424804688, 181.87623596191406, 1196.50634765625]",1
frame_0004.png,extras,trash bin,waste bin,waste bin.,0.2,0.2,2,0.2381,"[2.4877381324768066, 976.165283203125, 182.02366638183594, 1196.7076416015625]",1
frame_0004.png,extras,trash bin,recycling bin,recycling bin.,0.2,0.2,3,0.2916,"[1.7606556415557861, 976.19873046875, 182.16958618164062, 1197.2763671875]",1
frame_0004.png,extras,trash bin,rubbish bin,rubbish bin.,0.2,0.2,5,0.2881,"[1.856067180633545, 975.912841796875, 182.2149200439453, 1197.5087890625]",1
frame_0004.png,extras,trash bin,small trash can,small trash can.,0.2,0.2,2,0.6052,"[2.4625039100646973, 963.4179077148438, 188.76397705078125, 1200.646484375]",1
frame_0004.png,extras,water fountain,water fountain,water fountain.,0.18,0.18,3,0.3245,"[1158.0618896484375, 1655.5770263671875, 1708.4417724609375, 1855.8653564453125]",1
frame_0004.png,extras,water fountain,metallic water fountain,metallic water fountain.,0.18,0.18,4,0.3895,"[1156.5224609375, 1653.558349609375, 1709.3927001953125, 1854.7821044921875]",1
frame_0004.png,extras,water fountain,drinking fountain,drinking fountain.,0.18,0.18,0,0.0,,0
frame_0004.png,extras,water fountain,water dispenser,water dispenser.,0.18,0.18,0,0.0,,0
frame_0004.png,extras,water fountain,wall water fountain,wall water fountain.,0.18,0.18,5,0.4328,"[1156.887939453125, 1654.5240478515625, 1708.9283447265625, 1855.254638671875]",1
frame_0004.png,extras,water fountain,stainless water fountain,stainless water fountain.,0.18,0.18,2,0.3954,"[1154.3914794921875, 1650.9166259765625, 1711.0615234375, 1854.21923828125]",1
frame_0005.png,production,meeting table set,ALL_GROUP,meeting table. conference table. meeting table set.,0.35,0.35,1,0.5608,"[445.7705078125, 849.2941284179688, 1149.5965576171875, 1080.298583984375]",1
frame_0005.png,production,chair,ALL_GROUP,chair. armless chair.,0.42,0.42,5,0.4483,"[586.9547729492188, 862.8739013671875, 715.7890014648438, 1070.68212890625]",1
frame_0005.png,production,bench,ALL_GROUP,bench. benches. metal bench. metallic bench. waiting bench.,0.38,0.38,0,0.0,,0
frame_0005.png,production,bottle+cup+cardboard box,ALL_GROUP,bottle. dark thermos. thermos. dark thermos bottle. cup. cups. white drinking cup. white drinking cups. cardboard box. brown cardboard. brown cardboard box.,0.28,0.28,1,0.3005,"[1608.7955322265625, 981.742431640625, 1706.3255615234375, 1047.36962890625]",1
frame_0005.png,production,water fountain+door,ALL_GROUP,water fountain. metallic fountain. metallic water fountain. door. doors. dark door. dark door surface. elevator sliding door. elevator sliding doors.,0.38,0.38,0,0.0,,0
frame_0005.png,production,emergency exit sign,ALL_GROUP,emergency exit sign. exit sign.,0.5,0.5,0,0.0,,0
frame_0005.png,production,trash bin,ALL_GROUP,trash bin. trash bins. indoor trash bin.,0.45,0.45,0,0.0,,0
frame_0005.png,extras,bench,bench,bench.,0.2,0.2,2,0.2094,"[2.043435573577881, 1753.573974609375, 431.8861083984375, 1856.973876953125]",1
frame_0005.png,extras,bench,metal bench,metal bench.,0.2,0.2,3,0.2694,"[3.237297534942627, 1748.5672607421875, 439.07177734375, 1854.6239013671875]",1
frame_0005.png,extras,bench,waiting bench,waiting bench.,0.2,0.2,4,0.3136,"[1.8317770957946777, 1750.3480224609375, 437.6244201660156, 1855.150146484375]",1
frame_0005.png,extras,bench,sitting bench,sitting bench.,0.2,0.2,5,0.3263,"[2.5177574157714844, 1751.0023193359375, 434.467529296875, 1855.9935302734375]",1
frame_0005.png,extras,bench,long bench,long bench.,0.2,0.2,4,0.3343,"[2.6186299324035645, 1749.949951171875, 438.7564392089844, 1854.8316650390625]",1
frame_0005.png,extras,bottle,bottle,bottle.,0.18,0.18,1,0.5779,"[1086.2542724609375, 859.532470703125, 1102.8011474609375, 896.8240356445312]",1
frame_0005.png,extras,bottle,dark thermos bottle,dark thermos bottle.,0.18,0.18,2,0.3017,"[1082.1419677734375, 853.3606567382812, 1107.6436767578125, 901.4347534179688]",1
frame_0005.png,extras,bottle,thermos bottle,thermos bottle.,0.18,0.18,1,0.3359,"[1083.8026123046875, 856.4010620117188, 1105.598388671875, 900.71533203125]",1
frame_0005.png,extras,bottle,water bottle,water bottle.,0.18,0.18,1,0.4461,"[1083.8392333984375, 856.9703979492188, 1105.128662109375, 900.4108276367188]",1
frame_0005.png,extras,bottle,drink bottle,drink bottle.,0.18,0.18,1,0.2955,"[1084.81103515625, 857.4811401367188, 1104.681884765625, 899.6314086914062]",1
frame_0005.png,extras,bottle,small bottle,small bottle.,0.18,0.18,2,0.5797,"[1082.2459716796875, 854.8515625, 1107.1307373046875, 901.42822265625]",1
frame_0005.png,extras,cardboard box,cardboard box,cardboard box.,0.2,0.2,1,0.5359,"[1610.726806640625, 984.7177124023438, 1703.9287109375, 1044.9085693359375]",1
frame_0005.png,extras,cardboard box,brown cardboard box,brown cardboard box.,0.2,0.2,2,0.5881,"[1608.4716796875, 981.7762451171875, 1705.8294677734375, 1047.0386962890625]",1
frame_0005.png,extras,cardboard box,shipping box,shipping box.,0.2,0.2,3,0.4368,"[1611.35107421875, 986.021240234375, 1703.46142578125, 1043.839111328125]",1
frame_0005.png,extras,cardboard box,package box,package box.,0.2,0.2,1,0.2562,"[1611.5010986328125, 985.4093627929688, 1703.677001953125, 1044.0521240234375]",1
frame_0005.png,extras,cardboard box,small box,small box.,0.2,0.2,1,0.6842,"[1609.81982421875, 983.2655639648438, 1705.47607421875, 1045.9619140625]",1
frame_0005.png,extras,cardboard box,box,box.,0.2,0.2,1,0.4456,"[1612.1461181640625, 987.2018432617188, 1702.72021484375, 1042.2593994140625]",1
frame_0005.png,extras,chair,chair,chair.,0.2,0.2,8,0.2663,"[452.9534912109375, 895.0718994140625, 569.1538696289062, 1028.5238037109375]",1
frame_0005.png,extras,chair,armless chair,armless chair.,0.2,0.2,7,0.4312,"[586.568359375, 861.4212646484375, 717.5887451171875, 1070.843017578125]",1
frame_0005.png,extras,chair,office chair,office chair.,0.2,0.2,13,0.4205,"[587.921875, 863.499755859375, 719.5657958984375, 1069.4527587890625]",1
frame_0005.png,extras,chair,wheeled chair,wheeled chair.,0.2,0.2,7,0.4895,"[587.2965087890625, 862.5711059570312, 717.1715087890625, 1069.6126708984375]",1
frame_0005.png,extras,chair,swivel chair,swivel chair.,0.2,0.2,6,0.385,"[586.3720703125, 861.145263671875, 716.6068115234375, 1071.25244140625]",1
frame_0005.png,extras,chair,rolling chair,rolling chair.,0.2,0.2,8,0.4339,"[587.480224609375, 862.3143920898438, 716.7968139648438, 1070.039306640625]",1
frame_0005.png,extras,cup,cup,cup.,0.18,0.18,1,0.3549,"[1087.236572265625, 861.152587890625, 1102.9410400390625, 896.1570434570312]",1
frame_0005.png,extras,cup,white drinking cup,white drinking cup.,0.18,0.18,2,0.4271,"[1078.5672607421875, 852.0990600585938, 1110.587646484375, 902.9077758789062]",1
frame_0005.png,extras,cup,drinking cup,drinking cup.,0.18,0.18,0,0.0,,0
frame_0005.png,extras,cup,coffee cup,coffee cup.,0.18,0.18,0,0.0,,0
frame_0005.png,extras,cup,paper cup,paper cup.,0.18,0.18,0,0.0,,0
frame_0005.png,extras,cup,small cup,small cup.,0.18,0.18,2,0.3402,"[1081.9307861328125, 854.7908935546875, 1108.5869140625, 900.1918334960938]",1
frame_0005.png,extras,door,door,door.,0.2,0.2,11,0.2952,"[229.4612274169922, 599.1345825195312, 339.2455749511719, 1036.3555908203125]",1
frame_0005.png,extras,door,dark door surface,dark door surface.,0.2,0.2,5,0.321,"[1551.9017333984375, 490.7947692871094, 1701.1685791015625, 1002.8419189453125]",1
frame_0005.png,extras,door,wooden door,wooden door.,0.2,0.2,6,0.3547,"[225.0401611328125, 598.882080078125, 340.0431213378906, 1037.76904296875]",1
frame_0005.png,extras,door,closed door,closed door.,0.2,0.2,6,0.37,"[223.46238708496094, 598.9421997070312, 339.92498779296875, 1038.708251953125]",1
frame_0005.png,extras,door,interior door,interior door.,0.2,0.2,10,0.3473,"[225.61412048339844, 597.5700073242188, 339.24853515625, 1037.2503662109375]",1
frame_0005.png,extras,door,single door,single door.,0.2,0.2,5,0.3719,"[222.5771026611328, 597.0421752929688, 340.5118103027344, 1039.4324951171875]",1
frame_0005.png,extras,emergency exit sign,emergency exit sign,emergency exit sign.,0.18,0.18,5,0.2702,"[2763.629150390625, 342.480224609375, 2857.494873046875, 447.0137634277344]",1
frame_0005.png,extras,emergency exit sign,exit sign,exit sign.,0.18,0.18,1,0.2066,"[2764.856689453125, 342.3851623535156, 2857.057373046875, 445.7642517089844]",1
frame_0005.png,extras,emergency exit sign,green emergency exit sign,green emergency exit sign.,0.18,0.18,4,0.3006,"[1403.6715087890625, 888.0296630859375, 1445.9312744140625, 922.953857421875]",1
frame_0005.png,extras,emergency exit sign,green exit sign,green exit sign.,0.18,0.18,4,0.3222,"[1403.025390625, 888.014404296875, 1446.0208740234375, 923.3999633789062]",1
frame_0005.png,extras,emergency exit sign,running man exit sign,running man exit sign.,0.18,0.18,3,0.441,"[1154.5267333984375, 1648.1474609375, 1711.06640625, 1852.75146484375]",1
frame_0005.png,extras,emergency exit sign,fire exit sign,fire exit sign.,0.18,0.18,0,0.0,,0
frame_0005.png,extras,emergency exit sign,evacuation sign,evacuation sign.,0.18,0.18,2,0.1981,"[2725.161376953125, 306.9685974121094, 2876.920654296875, 475.8813781738281]",1
frame_0005.png,extras,meeting table set,meeting table set,meeting table set.,0.2,0.2,1,0.6134,"[444.72369384765625, 854.484130859375, 1148.5076904296875, 1078.9832763671875]",1
frame_0005.png,extras,meeting table set,large meeting table,large meeting table.,0.2,0.2,1,0.7705,"[448.9900207519531, 859.8609008789062, 1146.5263671875, 1077.2239990234375]",1
frame_0005.png,extras,meeting table set,conference table,conference table.,0.2,0.2,4,0.566,"[453.9427185058594, 875.562744140625, 1141.2530517578125, 1071.0772705078125]",1
frame_0005.png,extras,meeting table set,metallic desk,metallic desk.,0.2,0.2,2,0.6198,"[452.152587890625, 869.2203369140625, 1144.84033203125, 1072.705078125]",1
frame_0005.png,extras,meeting table set,long table with chairs,long table with chairs.,0.2,0.2,4,0.4874,"[446.052978515625, 852.9718017578125, 1153.32958984375, 1074.4193115234375]",1
frame_0005.png,extras,meeting table set,office meeting table,office meeting table.,0.2,0.2,3,0.6348,"[451.0198974609375, 868.1572265625, 1144.4107666015625, 1074.4945068359375]",1
frame_0005.png,extras,meeting table set,boardroom table,boardroom table.,0.2,0.2,1,0.6185,"[451.92767333984375, 869.882080078125, 1143.064697265625, 1074.9302978515625]",1
frame_0005.png,extras,trash bin,trash bin,trash bin.,0.2,0.2,0,0.0,,0
frame_0005.png,extras,trash bin,indoor trash bin,indoor trash bin.,0.2,0.2,3,0.3669,"[2.6895904541015625, 973.7584838867188, 183.05641174316406, 1197.29248046875]",1
frame_0005.png,extras,trash bin,garbage bin,garbage bin.,0.2,0.2,2,0.2183,"[2.575108528137207, 976.1175537109375, 181.7017059326172, 1196.5316162109375]",1
frame_0005.png,extras,trash bin,waste bin,waste bin.,0.2,0.2,2,0.2288,"[2.4626379013061523, 976.0663452148438, 181.89559936523438, 1196.739990234375]",1
frame_0005.png,extras,trash bin,recycling bin,recycling bin.,0.2,0.2,3,0.2867,"[1611.557861328125, 985.2421875, 1704.458984375, 1044.3299560546875]",1
frame_0005.png,extras,trash bin,rubbish bin,rubbish bin.,0.2,0.2,6,0.2837,"[1.8250608444213867, 975.8989868164062, 182.0461883544922, 1197.45068359375]",1
frame_0005.png,extras,trash bin,small trash can,small trash can.,0.2,0.2,2,0.6151,"[2.4126577377319336, 961.1152954101562, 188.66006469726562, 1201.00732421875]",1
frame_0005.png,extras,water fountain,water fountain,water fountain.,0.18,0.18,3,0.336,"[1157.831787109375, 1655.180419921875, 1709.0548095703125, 1855.8916015625]",1
frame_0005.png,extras,water fountain,metallic water fountain,metallic water fountain.,0.18,0.18,4,0.404,"[1156.3544921875, 1653.0718994140625, 1709.879150390625, 1854.795654296875]",1
frame_0005.png,extras,water fountain,drinking fountain,drinking fountain.,0.18,0.18,0,0.0,,0
frame_0005.png,extras,water fountain,water dispenser,water dispenser.,0.18,0.18,0,0.0,,0
frame_0005.png,extras,water fountain,wall water fountain,wall water fountain.,0.18,0.18,3,0.4429,"[1156.6785888671875, 1654.1138916015625, 1709.4271240234375, 1855.2169189453125]",1
frame_0005.png,extras,water fountain,stainless water fountain,stainless water fountain.,0.18,0.18,2,0.4066,"[1154.191162109375, 1650.5906982421875, 1711.5841064453125, 1854.2144775390625]",1
frame_0006.png,production,meeting table set,ALL_GROUP,meeting table. conference table. meeting table set.,0.35,0.35,1,0.5592,"[445.62017822265625, 848.5108032226562, 1149.7791748046875, 1080.4796142578125]",1
frame_0006.png,production,chair,ALL_GROUP,chair. armless chair.,0.42,0.42,5,0.4507,"[586.6550903320312, 863.0759887695312, 715.6571044921875, 1070.42431640625]",1
frame_0006.png,production,bench,ALL_GROUP,bench. benches. metal bench. metallic bench. waiting bench.,0.38,0.38,0,0.0,,0
frame_0006.png,production,bottle+cup+cardboard box,ALL_GROUP,bottle. dark thermos. thermos. dark thermos bottle. cup. cups. white drinking cup. white drinking cups. cardboard box. brown cardboard. brown cardboard box.,0.28,0.28,1,0.3101,"[1608.6761474609375, 981.6600341796875, 1706.24951171875, 1047.2493896484375]",1
frame_0006.png,production,water fountain+door,ALL_GROUP,water fountain. metallic fountain. metallic water fountain. door. doors. dark door. dark door surface. elevator sliding door. elevator sliding doors.,0.38,0.38,0,0.0,,0
frame_0006.png,production,emergency exit sign,ALL_GROUP,emergency exit sign. exit sign.,0.5,0.5,0,0.0,,0
frame_0006.png,production,trash bin,ALL_GROUP,trash bin. trash bins. indoor trash bin.,0.45,0.45,0,0.0,,0
frame_0006.png,extras,bench,bench,bench.,0.2,0.2,3,0.2218,"[1.9467687606811523, 1753.864990234375, 434.0812683105469, 1856.9378662109375]",1
frame_0006.png,extras,bench,metal bench,metal bench.,0.2,0.2,4,0.2915,"[2.9918861389160156, 1748.6036376953125, 441.4314880371094, 1854.5634765625]",1
frame_0006.png,extras,bench,waiting bench,waiting bench.,0.2,0.2,2,0.3543,"[1.656639575958252, 1750.58642578125, 439.7002258300781, 1855.1278076171875]",1
frame_0006.png,extras,bench,sitting bench,sitting bench.,0.2,0.2,5,0.3245,"[2.3771238327026367, 1751.176025390625, 436.4134826660156, 1855.892822265625]",1
frame_0006.png,extras,bench,long bench,long bench.,0.2,0.2,4,0.3721,"[2.3972725868225098, 1750.0828857421875, 441.0086364746094, 1854.7581787109375]",1
frame_0006.png,extras,bottle,bottle,bottle.,0.18,0.18,1,0.5808,"[1086.1488037109375, 859.5383911132812, 1102.7110595703125, 896.8025512695312]",1
frame_0006.png,extras,bottle,dark thermos bottle,dark thermos bottle.,0.18,0.18,2,0.2989,"[1081.97509765625, 853.2360229492188, 1107.5693359375, 901.7036743164062]",1
frame_0006.png,extras,bottle,thermos bottle,thermos bottle.,0.18,0.18,1,0.3366,"[1083.6534423828125, 856.43212890625, 1105.5357666015625, 900.78173828125]",1
frame_0006.png,extras,bottle,water bottle,water bottle.,0.18,0.18,1,0.4402,"[1083.6375732421875, 856.9874267578125, 1105.0252685546875, 900.3590087890625]",1
frame_0006.png,extras,bottle,drink bottle,drink bottle.,0.18,0.18,1,0.2947,"[1084.7978515625, 857.4645385742188, 1104.6226806640625, 899.5534057617188]",1
frame_0006.png,extras,bottle,small bottle,small bottle.,0.18,0.18,2,0.5711,"[1082.0416259765625, 854.8237915039062, 1107.1307373046875, 901.5335083007812]",1
frame_0006.png,extras,cardboard box,cardboard box,cardboard box.,0.2,0.2,1,0.5365,"[1610.638916015625, 984.5969848632812, 1703.81201171875, 1044.778076171875]",1
frame_0006.png,extras,cardboard box,brown cardboard box,brown cardboard box.,0.2,0.2,2,0.5873,"[1608.309326171875, 981.6619262695312, 1705.771484375, 1046.91357421875]",1
frame_0006.png,extras,cardboard box,shipping box,shipping box.,0.2,0.2,2,0.4355,"[1611.3338623046875, 985.89794921875, 1703.28564453125, 1043.70166015625]",1
frame_0006.png,extras,cardboard box,package box,package box.,0.2,0.2,1,0.2498,"[1611.4859619140625, 985.3065185546875, 1703.5966796875, 1043.942626953125]",1
frame_0006.png,extras,cardboard box,small box,small box.,0.2,0.2,1,0.684,"[1609.80810546875, 983.2063598632812, 1705.295166015625, 1045.7515869140625]",1
frame_0006.png,extras,cardboard box,box,box.,0.2,0.2,1,0.4429,"[1612.173828125, 987.1499633789062, 1702.6400146484375, 1042.105712890625]",1
frame_0006.png,extras,chair,chair,chair.,0.2,0.2,8,0.2699,"[452.3962707519531, 894.9893798828125, 568.4496459960938, 1028.2606201171875]",1
frame_0006.png,extras,chair,armless chair,armless chair.,0.2,0.2,7,0.428,"[586.3885498046875, 861.6090698242188, 717.1914672851562, 1070.8433837890625]",1
frame_0006.png,extras,chair,office chair,office chair.,0.2,0.2,13,0.4203,"[587.6160278320312, 863.5682983398438, 719.4994506835938, 1069.4219970703125]",1
frame_0006.png,extras,chair,wheeled chair,wheeled chair.,0.2,0.2,8,0.4893,"[587.2254028320312, 862.7111206054688, 716.8798217773438, 1069.5462646484375]",1
frame_0006.png,extras,chair,swivel chair,swivel chair.,0.2,0.2,6,0.3886,"[586.1903076171875, 861.2483520507812, 716.4058227539062, 1071.1685791015625]",1
frame_0006.png,extras,chair,rolling chair,rolling chair.,0.2,0.2,8,0.4352,"[587.345947265625, 862.4071655273438, 716.7210083007812, 1069.9346923828125]",1
frame_0006.png,extras,cup,cup,cup.,0.18,0.18,1,0.3533,"[1087.1175537109375, 861.1705932617188, 1102.7891845703125, 896.1952514648438]",1
frame_0006.png,extras,cup,white drinking cup,white drinking cup.,0.18,0.18,2,0.4348,"[1078.333740234375, 851.9614868164062, 1110.718994140625, 903.1171875]",1
frame_0006.png,extras,cup,drinking cup,drinking cup.,0.18,0.18,0,0.0,,0
frame_0006.png,extras,cup,coffee cup,coffee cup.,0.18,0.18,0,0.0,,0
frame_0006.png,extras,cup,paper cup,paper cup.,0.18,0.18,0,0.0,,0
frame_0006.png,extras,cup,small cup,small cup.,0.18,0.18,2,0.3318,"[1081.7283935546875, 854.7391967773438, 1108.511474609375, 900.2324829101562]",1
frame_0006.png,extras,door,door,door.,0.2,0.2,11,0.3044,"[229.7350616455078, 601.1331787109375, 339.2042236328125, 1036.0592041015625]",1
frame_0006.png,extras,door,dark door surface,dark door surface.,0.2,0.2,4,0.3315,"[1551.9625244140625, 491.80816650390625, 1700.9405517578125, 1002.493408203125]",1
frame_0006.png,extras,door,wooden door,wooden door.,0.2,0.2,5,0.3759,"[225.76744079589844, 601.2388305664062, 339.87591552734375, 1037.60986328125]",1
frame_0006.png,extras,door,closed door,closed door.,0.2,0.2,4,0.3847,"[224.59552001953125, 600.99755859375, 339.8404235839844, 1038.78271484375]",1
frame_0006.png,extras,door,interior door,interior door.,0.2,0.2,11,0.3604,"[226.3341522216797, 599.6468505859375, 338.649658203125, 1037.1962890625]",1
frame_0006.png,extras,door,single door,single door.,0.2,0.2,2,0.3969,"[223.41574096679688, 599.1840209960938, 340.56536865234375, 1039.3447265625]",1
frame_0006.png,extras,emergency exit sign,emergency exit sign,emergency exit sign.,0.18,0.18,4,0.2605,"[2763.396240234375, 342.089599609375, 2856.708251953125, 446.0115051269531]",1
frame_0006.png,extras,emergency exit sign,exit sign,exit sign.,0.18,0.18,1,0.1979,"[2764.593505859375, 342.2120361328125, 2856.172607421875, 444.9970703125]",1
frame_0006.png,extras,emergency exit sign,green emergency exit sign,green emergency exit sign.,0.18,0.18,6,0.2684,"[2737.660400390625, 318.8552551269531, 2868.17626953125, 467.2738952636719]",1
frame_0006.png,extras,emergency exit sign,green exit sign,green exit sign.,0.18,0.18,5,0.3226,"[1403.1190185546875, 888.0421752929688, 1445.9093017578125, 923.5220947265625]",1
frame_0006.png,extras,emergency exit sign,running man exit sign,running man exit sign.,0.18,0.18,4,0.4401,"[1154.1607666015625, 1647.86767578125, 1711.1080322265625, 1853.06201171875]",1
frame_0006.png,extras,emergency exit sign,fire exit sign,fire exit sign.,0.18,0.18,0,0.0,,0
frame_0006.png,extras,emergency exit sign,evacuation sign,evacuation sign.,0.18,0.18,1,0.1846,"[2725.379150390625, 306.28497314453125, 2876.919677734375, 475.68414306640625]",1
frame_0006.png,extras,meeting table set,meeting table set,meeting table set.,0.2,0.2,2,0.6151,"[444.7875061035156, 854.6777954101562, 1148.3984375, 1078.9893798828125]",1
frame_0006.png,extras,meeting table set,large meeting table,large meeting table.,0.2,0.2,1,0.7594,"[449.1431579589844, 859.8701171875, 1146.398681640625, 1077.158203125]",1
frame_0006.png,extras,meeting table set,conference table,conference table.,0.2,0.2,4,0.5539,"[454.40753173828125, 875.4788818359375, 1141.106689453125, 1071.6260986328125]",1
frame_0006.png,extras,meeting table set,metallic desk,metallic desk.,0.2,0.2,2,0.603,"[452.0120544433594, 869.536376953125, 1144.6170654296875, 1073.02685546875]",1
frame_0006.png,extras,meeting table set,long table with chairs,long table with chairs.,0.2,0.2,5,0.4807,"[446.6653137207031, 853.4332275390625, 1152.69091796875, 1074.9700927734375]",1
frame_0006.png,extras,meeting table set,office meeting table,office meeting table.,0.2,0.2,2,0.6283,"[450.99530029296875, 868.2208251953125, 1144.4229736328125, 1074.117431640625]",1
frame_0006.png,extras,meeting table set,boardroom table,boardroom table.,0.2,0.2,2,0.6028,"[452.0439758300781, 870.1971435546875, 1142.8526611328125, 1074.7335205078125]",1
frame_0006.png,extras,trash bin,trash bin,trash bin.,0.2,0.2,0,0.0,,0
frame_0006.png,extras,trash bin,indoor trash bin,indoor trash bin.,0.2,0.2,2,0.3554,"[2.648756504058838, 974.1190185546875, 183.35610961914062, 1197.1451416015625]",1
frame_0006.png,extras,trash bin,garbage bin,garbage bin.,0.2,0.2,2,0.2242,"[2.6237690448760986, 976.3837890625, 181.94723510742188, 1196.385498046875]",1
frame_0006.png,extras,trash bin,waste bin,waste bin.,0.2,0.2,2,0.2313,"[2.5417470932006836, 976.365234375, 182.1434326171875, 1196.6058349609375]",1
frame_0006.png,extras,trash bin,recycling bin,recycling bin.,0.2,0.2,3,0.2693,"[1611.525634765625, 985.1277465820312, 1704.3057861328125, 1044.203125]",1
frame_0006.png,extras,trash bin,rubbish bin,rubbish bin.,0.2,0.2,5,0.2641,"[1.877835988998413, 976.2141723632812, 182.3472137451172, 1197.38916015625]",1
frame_0006.png,extras,trash bin,small trash can,small trash can.,0.2,0.2,2,0.5649,"[2.414342164993286, 962.800537109375, 188.93385314941406, 1200.7486572265625]",1
frame_0006.png,extras,water fountain,water fountain,water fountain.,0.18,0.18,2,0.3404,"[1157.720947265625, 1654.8564453125, 1708.8582763671875, 1855.926025390625]",1
frame_0006.png,extras,water fountain,metallic water fountain,metallic water fountain.,0.18,0.18,4,0.4118,"[1156.2762451171875, 1652.796630859375, 1709.58642578125, 1854.8177490234375]",1
frame_0006.png,extras,water fountain,drinking fountain,drinking fountain.,0.18,0.18,0,0.0,,0
frame_0006.png,extras,water fountain,water dispenser,water dispenser.,0.18,0.18,0,0.0,,0
frame_0006.png,extras,water fountain,wall water fountain,wall water fountain.,0.18,0.18,4,0.4497,"[1156.6719970703125, 1653.8179931640625, 1709.1385498046875, 1855.2462158203125]",1
frame_0006.png,extras,water fountain,stainless water fountain,stainless water fountain.,0.18,0.18,2,0.4154,"[1154.1258544921875, 1650.2095947265625, 1711.17138671875, 1854.2830810546875]",1
frame_0007.png,production,meeting table set,ALL_GROUP,meeting table. conference table. meeting table set.,0.35,0.35,1,0.5649,"[445.64208984375, 848.6224975585938, 1149.7703857421875, 1080.5743408203125]",1
frame_0007.png,production,chair,ALL_GROUP,chair. armless chair.,0.42,0.42,5,0.4458,"[586.7633666992188, 862.7520751953125, 715.9439086914062, 1070.767333984375]",1
frame_0007.png,production,bench,ALL_GROUP,bench. benches. metal bench. metallic bench. waiting bench.,0.38,0.38,0,0.0,,0
frame_0007.png,production,bottle+cup+cardboard box,ALL_GROUP,bottle. dark thermos. thermos. dark thermos bottle. cup. cups. white drinking cup. white drinking cups. cardboard box. brown cardboard. brown cardboard box.,0.28,0.28,1,0.3058,"[1608.692626953125, 981.73486328125, 1706.0006103515625, 1047.25390625]",1
frame_0007.png,production,water fountain+door,ALL_GROUP,water fountain. metallic fountain. metallic water fountain. door. doors. dark door. dark door surface. elevator sliding door. elevator sliding doors.,0.38,0.38,0,0.0,,0
frame_0007.png,production,emergency exit sign,ALL_GROUP,emergency exit sign. exit sign.,0.5,0.5,0,0.0,,0
frame_0007.png,production,trash bin,ALL_GROUP,trash bin. trash bins. indoor trash bin.,0.45,0.45,0,0.0,,0
frame_0007.png,extras,bench,bench,bench.,0.2,0.2,3,0.2189,"[2.0224714279174805, 1753.7021484375, 431.6356201171875, 1856.9154052734375]",1
frame_0007.png,extras,bench,metal bench,metal bench.,0.2,0.2,4,0.288,"[3.1591272354125977, 1748.6260986328125, 438.2204284667969, 1854.563720703125]",1
frame_0007.png,extras,bench,waiting bench,waiting bench.,0.2,0.2,2,0.3792,"[2232.986328125, 1663.3533935546875, 2879.459228515625, 1854.3902587890625]",1
frame_0007.png,extras,bench,sitting bench,sitting bench.,0.2,0.2,5,0.3186,"[2.415318489074707, 1751.06103515625, 433.9485778808594, 1855.9130859375]",1
frame_0007.png,extras,bench,long bench,long bench.,0.2,0.2,4,0.395,"[2233.636474609375, 1662.458740234375, 2878.309814453125, 1853.96923828125]",1
frame_0007.png,extras,bottle,bottle,bottle.,0.18,0.18,1,0.5734,"[1086.306396484375, 859.6577758789062, 1102.728515625, 896.816162109375]",1
frame_0007.png,extras,bottle,dark thermos bottle,dark thermos bottle.,0.18,0.18,2,0.2934,"[1082.2012939453125, 853.5687255859375, 1107.3941650390625, 901.3175659179688]",1
frame_0007.png,extras,bottle,thermos bottle,thermos bottle.,0.18,0.18,1,0.3363,"[1083.7398681640625, 856.5052490234375, 1105.57421875, 900.748779296875]",1
frame_0007.png,extras,bottle,water bottle,water bottle.,0.18,0.18,1,0.4385,"[1083.74755859375, 857.0570068359375, 1105.069580078125, 900.3338012695312]",1
frame_0007.png,extras,bottle,drink bottle,drink bottle.,0.18,0.18,1,0.2916,"[1084.8602294921875, 857.518798828125, 1104.6546630859375, 899.6527099609375]",1
frame_0007.png,extras,bottle,small bottle,small bottle.,0.18,0.18,2,0.5617,"[1082.1488037109375, 854.9033203125, 1107.15185546875, 901.4163818359375]",1
frame_0007.png,extras,cardboard box,cardboard box,cardboard box.,0.2,0.2,1,0.5346,"[1610.614990234375, 984.673583984375, 1703.637939453125, 1044.8260498046875]",1
frame_0007.png,extras,cardboard box,brown cardboard box,brown cardboard box.,0.2,0.2,1,0.5904,"[1608.3743896484375, 981.751953125, 1705.5518798828125, 1046.876220703125]",1
frame_0007.png,extras,cardboard box,shipping box,shipping box.,0.2,0.2,2,0.4326,"[1611.29150390625, 985.8887329101562, 1703.1845703125, 1043.7984619140625]",1
frame_0007.png,extras,cardboard box,package box,package box.,0.2,0.2,1,0.255,"[1611.397705078125, 985.2799072265625, 1703.4267578125, 1043.9766845703125]",1
frame_0007.png,extras,cardboard box,small box,small box.,0.2,0.2,1,0.682,"[1609.76708984375, 983.2086181640625, 1705.1085205078125, 1045.832275390625]",1
frame_0007.png,extras,cardboard box,box,box.,0.2,0.2,1,0.4444,"[1612.1212158203125, 987.1904296875, 1702.4617919921875, 1042.19873046875]",1
frame_0007.png,extras,chair,chair,chair.,0.2,0.2,8,0.2637,"[453.0883483886719, 895.0597534179688, 568.1753540039062, 1027.73681640625]",1
frame_0007.png,extras,chair,armless chair,armless chair.,0.2,0.2,7,0.4259,"[586.6121826171875, 861.2750244140625, 717.8253784179688, 1070.9923095703125]",1
frame_0007.png,extras,chair,office chair,office chair.,0.2,0.2,12,0.4168,"[587.8717041015625, 863.3668823242188, 719.832763671875, 1069.7103271484375]",1
frame_0007.png,extras,chair,wheeled chair,wheeled chair.,0.2,0.2,8,0.4823,"[587.3773803710938, 862.4593505859375, 716.9478149414062, 1069.764892578125]",1
frame_0007.png,extras,chair,swivel chair,swivel chair.,0.2,0.2,6,0.3873,"[586.3474731445312, 861.033203125, 716.646484375, 1071.444580078125]",1
frame_0007.png,extras,chair,rolling chair,rolling chair.,0.2,0.2,8,0.4305,"[587.5139770507812, 862.1243286132812, 716.9650268554688, 1070.1754150390625]",1
frame_0007.png,extras,cup,cup,cup.,0.18,0.18,1,0.3419,"[1087.2266845703125, 861.1939086914062, 1102.784912109375, 896.1449584960938]",1
frame_0007.png,extras,cup,white drinking cup,white drinking cup.,0.18,0.18,3,0.4302,"[1078.51416015625, 852.1611938476562, 1110.54296875, 902.9273681640625]",1
frame_0007.png,extras,cup,drinking cup,drinking cup.,0.18,0.18,0,0.0,,0
frame_0007.png,extras,cup,coffee cup,coffee cup.,0.18,0.18,0,0.0,,0
frame_0007.png,extras,cup,paper cup,paper cup.,0.18,0.18,0,0.0,,0
frame_0007.png,extras,cup,small cup,small cup.,0.18,0.18,2,0.3291,"[1082.030029296875, 854.9165649414062, 1108.367431640625, 899.9185791015625]",1
frame_0007.png,extras,door,door,door.,0.2,0.2,12,0.3027,"[228.90167236328125, 600.3670043945312, 339.321533203125, 1036.2738037109375]",1
frame_0007.png,extras,door,dark door surface,dark door surface.,0.2,0.2,4,0.3219,"[1551.8382568359375, 491.05828857421875, 1700.8035888671875, 1003.13671875]",1
frame_0007.png,extras,door,wooden door,wooden door.,0.2,0.2,7,0.3663,"[225.06497192382812, 600.4667358398438, 340.1078796386719, 1037.6163330078125]",1
frame_0007.png,extras,door,closed door,closed door.,0.2,0.2,5,0.3781,"[223.3363037109375, 600.1014404296875, 340.0323486328125, 1038.7677001953125]",1
frame_0007.png,extras,door,interior door,interior door.,0.2,0.2,10,0.3574,"[225.3614959716797, 599.1728515625, 339.24847412109375, 1037.1575927734375]",1
frame_0007.png,extras,door,single door,single door.,0.2,0.2,3,0.384,"[222.20851135253906, 598.1990356445312, 340.80206298828125, 1039.5020751953125]",1
frame_0007.png,extras,emergency exit sign,emergency exit sign,emergency exit sign.,0.18,0.18,4,0.246,"[2762.25390625, 341.36053466796875, 2857.41650390625, 448.0420837402344]",1
frame_0007.png,extras,emergency exit sign,exit sign,exit sign.,0.18,0.18,1,0.1892,"[2764.298583984375, 342.07568359375, 2856.31787109375, 445.3388671875]",1
frame_0007.png,extras,emergency exit sign,green emergency exit sign,green emergency exit sign.,0.18,0.18,6,0.2882,"[1403.4754638671875, 887.9832153320312, 1446.154541015625, 923.0645751953125]",1
frame_0007.png,extras,emergency exit sign,green exit sign,green exit sign.,0.18,0.18,3,0.3318,"[1402.724853515625, 887.9420166015625, 1446.068603515625, 923.5667114257812]",1
frame_0007.png,extras,emergency exit sign,running man exit sign,running man exit sign.,0.18,0.18,3,0.4467,"[1154.2098388671875, 1647.9720458984375, 1711.5269775390625, 1853.2362060546875]",1
frame_0007.png,extras,emergency exit sign,fire exit sign,fire exit sign.,0.18,0.18,0,0.0,,0
frame_0007.png,extras,emergency exit sign,evacuation sign,evacuation sign.,0.18,0.18,1,0.1885,"[2726.031005859375, 307.20635986328125, 2876.8134765625, 475.3619689941406]",1
frame_0007.png,extras,meeting table set,meeting table set,meeting table set.,0.2,0.2,2,0.612,"[444.9988098144531, 854.772705078125, 1148.4287109375, 1078.9327392578125]",1
frame_0007.png,extras,meeting table set,large meeting table,large meeting table.,0.2,0.2,1,0.7616,"[449.5373840332031, 860.5072021484375, 1146.384033203125, 1077.1259765625]",1
frame_0007.png,extras,meeting table set,conference table,conference table.,0.2,0.2,4,0.5584,"[454.1527099609375, 875.2431640625, 1141.32177734375, 1071.151611328125]",1
frame_0007.png,extras,meeting table set,metallic desk,metallic desk.,0.2,0.2,2,0.6083,"[452.49737548828125, 869.56884765625, 1144.598388671875, 1072.7237548828125]",1
frame_0007.png,extras,meeting table set,long table with chairs,long table with chairs.,0.2,0.2,4,0.4971,"[446.70068359375, 854.2914428710938, 1152.6412353515625, 1074.370849609375]",1
frame_0007.png,extras,meeting table set,office meeting table,office meeting table.,0.2,0.2,3,0.6296,"[450.9871520996094, 868.4985961914062, 1144.435791015625, 1074.5177001953125]",1
frame_0007.png,extras,meeting table set,boardroom table,boardroom table.,0.2,0.2,2,0.5984,"[452.0401916503906, 870.1001586914062, 1143.0677490234375, 1074.777099609375]",1
frame_0007.png,extras,trash bin,trash bin,trash bin.,0.2,0.2,0,0.0,,0
frame_0007.png,extras,trash bin,indoor trash bin,indoor trash bin.,0.2,0.2,3,0.3529,"[2.7432453632354736, 973.9613647460938, 183.21131896972656, 1197.19970703125]",1
frame_0007.png,extras,trash bin,garbage bin,garbage bin.,0.2,0.2,2,0.2218,"[2.580842971801758, 976.1027221679688, 181.85533142089844, 1196.51025390625]",1
frame_0007.png,extras,trash bin,waste bin,waste bin.,0.2,0.2,2,0.2279,"[2.5473742485046387, 976.180419921875, 182.02639770507812, 1196.7164306640625]",1
frame_0007.png,extras,trash bin,recycling bin,recycling bin.,0.2,0.2,3,0.2739,"[1611.511474609375, 985.1355590820312, 1704.068603515625, 1044.2117919921875]",1
frame_0007.png,extras,trash bin,rubbish bin,rubbish bin.,0.2,0.2,5,0.2708,"[1.8212306499481201, 976.0604858398438, 182.20082092285156, 1197.5576171875]",1
frame_0007.png,extras,trash bin,small trash can,small trash can.,0.2,0.2,2,0.5935,"[2.4494361877441406, 961.052978515625, 188.9061737060547, 1200.767578125]",1
frame_0007.png,extras,water fountain,water fountain,water fountain.,0.18,0.18,3,0.3258,"[1157.97119140625, 1654.9483642578125, 1709.016845703125, 1855.8538818359375]",1
frame_0007.png,extras,water fountain,metallic water fountain,metallic water fountain.,0.18,0.18,4,0.3922,"[1156.437744140625, 1652.8873291015625, 1709.8707275390625, 1854.7264404296875]",1
frame_0007.png,extras,water fountain,drinking fountain,drinking fountain.,0.18,0.18,0,0.0,,0
frame_0007.png,extras,water fountain,water dispenser,water dispenser.,0.18,0.18,0,0.0,,0
frame_0007.png,extras,water fountain,wall water fountain,wall water fountain.,0.18,0.18,5,0.4368,"[1156.8304443359375, 1653.923828125, 1709.385498046875, 1855.211669921875]",1
frame_0007.png,extras,water fountain,stainless water fountain,stainless water fountain.,0.18,0.18,2,0.4017,"[1154.3143310546875, 1650.3482666015625, 1711.58203125, 1854.2159423828125]",1
frame_0008.png,production,meeting table set,ALL_GROUP,meeting table. conference table. meeting table set.,0.35,0.35,1,0.5593,"[445.76751708984375, 849.1438598632812, 1149.9625244140625, 1080.398193359375]",1
frame_0008.png,production,chair,ALL_GROUP,chair. armless chair.,0.42,0.42,5,0.4498,"[586.9746704101562, 862.7844848632812, 716.9799194335938, 1070.6793212890625]",1
frame_0008.png,production,bench,ALL_GROUP,bench. benches. metal bench. metallic bench. waiting bench.,0.38,0.38,0,0.0,,0
frame_0008.png,production,bottle+cup+cardboard box,ALL_GROUP,bottle. dark thermos. thermos. dark thermos bottle. cup. cups. white drinking cup. white drinking cups. cardboard box. brown cardboard. brown cardboard box.,0.28,0.28,1,0.2969,"[1608.7091064453125, 981.6594848632812, 1706.146484375, 1047.2091064453125]",1
frame_0008.png,production,water fountain+door,ALL_GROUP,water fountain. metallic fountain. metallic water fountain. door. doors. dark door. dark door surface. elevator sliding door. elevator sliding doors.,0.38,0.38,0,0.0,,0
frame_0008.png,production,emergency exit sign,ALL_GROUP,emergency exit sign. exit sign.,0.5,0.5,0,0.0,,0
frame_0008.png,production,trash bin,ALL_GROUP,trash bin. trash bins. indoor trash bin.,0.45,0.45,0,0.0,,0
frame_0008.png,extras,bench,bench,bench.,0.2,0.2,3,0.2205,"[1.9556093215942383, 1753.7127685546875, 435.8328857421875, 1856.9403076171875]",1
frame_0008.png,extras,bench,metal bench,metal bench.,0.2,0.2,4,0.2944,"[3.005683422088623, 1748.65966796875, 442.8372497558594, 1854.5653076171875]",1
frame_0008.png,extras,bench,waiting bench,waiting bench.,0.2,0.2,2,0.3467,"[1.6023516654968262, 1750.6199951171875, 441.1033935546875, 1855.1959228515625]",1
frame_0008.png,extras,bench,sitting bench,sitting bench.,0.2,0.2,5,0.3297,"[2.339637279510498, 1751.206298828125, 437.8857727050781, 1855.941650390625]",1
frame_0008.png,extras,bench,long bench,long bench.,0.2,0.2,4,0.3579,"[2.4669456481933594, 1750.060791015625, 442.3589782714844, 1854.76220703125]",1
frame_0008.png,extras,bottle,bottle,bottle.,0.18,0.18,1,0.5764,"[1086.2197265625, 859.7479248046875, 1102.632080078125, 896.7572631835938]",1
frame_0008.png,extras,bottle,dark thermos bottle,dark thermos bottle.,0.18,0.18,2,0.3163,"[1082.1844482421875, 853.7611694335938, 1107.4451904296875, 901.33251953125]",1
frame_0008.png,extras,bottle,thermos bottle,thermos bottle.,0.18,0.18,1,0.3333,"[1083.8343505859375, 856.554931640625, 1105.454833984375, 900.5409545898438]",1
frame_0008.png,extras,bottle,water bottle,water bottle.,0.18,0.18,2,0.4451,"[1083.76123046875, 857.1064453125, 1104.962646484375, 900.1904296875]",1
frame_0008.png,extras,bottle,drink bottle,drink bottle.,0.18,0.18,1,0.2989,"[1084.8914794921875, 857.6196899414062, 1104.5328369140625, 899.3843994140625]",1
frame_0008.png,extras,bottle,small bottle,small bottle.,0.18,0.18,2,0.5735,"[1082.1802978515625, 855.0711669921875, 1107.0753173828125, 901.2565307617188]",1
frame_0008.png,extras,cardboard box,cardboard box,cardboard box.,0.2,0.2,1,0.5314,"[1610.7271728515625, 984.647705078125, 1703.8662109375, 1044.75341796875]",1
frame_0008.png,extras,cardboard box,brown cardboard box,brown cardboard box.,0.2,0.2,2,0.5858,"[1608.4625244140625, 981.718994140625, 1705.8336181640625, 1046.887939453125]",1
frame_0008.png,extras,cardboard box,shipping box,shipping box.,0.2,0.2,2,0.4377,"[1611.3359375, 985.9267578125, 1703.33544921875, 1043.6549072265625]",1
frame_0008.png,extras,cardboard box,package box,package box.,0.2,0.2,1,0.2491,"[1611.51904296875, 985.284423828125, 1703.5927734375, 1043.8697509765625]",1
frame_0008.png,extras,cardboard box,small box,small box.,0.2,0.2,1,0.6777,"[1609.9053955078125, 983.2346801757812, 1705.37353515625, 1045.72412109375]",1
frame_0008.png,extras,cardboard box,box,box.,0.2,0.2,1,0.4439,"[1612.14892578125, 987.180419921875, 1702.71533203125, 1042.1448974609375]",1
frame_0008.png,extras,chair,chair,chair.,0.2,0.2,8,0.2666,"[452.4361267089844, 895.0667724609375, 569.46875, 1028.0748291015625]",1
frame_0008.png,extras,chair,armless chair,armless chair.,0.2,0.2,7,0.425,"[586.63427734375, 861.4747314453125, 718.9425048828125, 1070.8782958984375]",1
frame_0008.png,extras,chair,office chair,office chair.,0.2,0.2,13,0.4195,"[588.0064086914062, 863.3411254882812, 721.281005859375, 1069.568359375]",1
frame_0008.png,extras,chair,wheeled chair,wheeled chair.,0.2,0.2,8,0.4916,"[587.442626953125, 862.5475463867188, 718.3407592773438, 1069.644775390625]",1
frame_0008.png,extras,chair,swivel chair,swivel chair.,0.2,0.2,6,0.3901,"[586.4684448242188, 861.1205444335938, 717.6083984375, 1071.22119140625]",1
frame_0008.png,extras,chair,rolling chair,rolling chair.,0.2,0.2,8,0.4346,"[587.5825805664062, 862.2444458007812, 718.31396484375, 1070.0780029296875]",1
frame_0008.png,extras,cup,cup,cup.,0.18,0.18,1,0.3536,"[1087.190185546875, 861.2999267578125, 1102.689697265625, 896.0427856445312]",1
frame_0008.png,extras,cup,white drinking cup,white drinking cup.,0.18,0.18,2,0.4298,"[1078.519287109375, 852.2234497070312, 1110.4339599609375, 902.6653442382812]",1
frame_0008.png,extras,cup,drinking cup,drinking cup.,0.18,0.18,0,0.0,,0
frame_0008.png,extras,cup,coffee cup,coffee cup.,0.18,0.18,0,0.0,,0
frame_0008.png,extras,cup,paper cup,paper cup.,0.18,0.18,0,0.0,,0
frame_0008.png,extras,cup,small cup,small cup.,0.18,0.18,2,0.33,"[1081.904296875, 854.9021606445312, 1108.3646240234375, 899.8429565429688]",1
frame_0008.png,extras,door,door,door.,0.2,0.2,11,0.3026,"[229.730712890625, 600.80078125, 339.2192077636719, 1036.38134765625]",1
frame_0008.png,extras,door,dark door surface,dark door surface.,0.2,0.2,4,0.3233,"[1552.2913818359375, 489.9988098144531, 1700.5103759765625, 1002.1773071289062]",1
frame_0008.png,extras,door,wooden door,wooden door.,0.2,0.2,4,0.3657,"[225.6548614501953, 601.2330932617188, 339.913330078125, 1037.9945068359375]",1
frame_0008.png,extras,door,closed door,closed door.,0.2,0.2,4,0.3746,"[224.46556091308594, 601.07763671875, 339.8195495605469, 1039.0972900390625]",1
frame_0008.png,extras,door,interior door,interior door.,0.2,0.2,11,0.3539,"[226.1732635498047, 599.2639770507812, 338.81805419921875, 1037.740966796875]",1
frame_0008.png,extras,door,single door,single door.,0.2,0.2,3,0.383,"[223.4200897216797, 599.1906127929688, 340.50531005859375, 1039.5201416015625]",1
frame_0008.png,extras,emergency exit sign,emergency exit sign,emergency exit sign.,0.18,0.18,4,0.2704,"[2764.050048828125, 342.17950439453125, 2856.71484375, 446.65673828125]",1
frame_0008.png,extras,emergency exit sign,exit sign,exit sign.,0.18,0.18,2,0.2099,"[2765.3173828125, 342.2453918457031, 2856.337646484375, 444.8704528808594]",1
frame_0008.png,extras,emergency exit sign,green emergency exit sign,green emergency exit sign.,0.18,0.18,5,0.2864,"[1403.6622314453125, 888.2200927734375, 1446.080078125, 923.1614379882812]",1
frame_0008.png,extras,emergency exit sign,green exit sign,green exit sign.,0.18,0.18,3,0.3296,"[1403.0748291015625, 888.1942138671875, 1446.1405029296875, 923.6864013671875]",1
frame_0008.png,extras,emergency exit sign,running man exit sign,running man exit sign.,0.18,0.18,3,0.4435,"[1154.1888427734375, 1648.041748046875, 1711.2803955078125, 1853.4034423828125]",1
frame_0008.png,extras,emergency exit sign,fire exit sign,fire exit sign.,0.18,0.18,0,0.0,,0
frame_0008.png,extras,emergency exit sign,evacuation sign,evacuation sign.,0.18,0.18,2,0.197,"[2726.027099609375, 307.95269775390625, 2876.442626953125, 474.9179992675781]",1
frame_0008.png,extras,meeting table set,meeting table set,meeting table set.,0.2,0.2,2,0.6162,"[444.92144775390625, 854.6792602539062, 1148.5943603515625, 1078.8310546875]",1
frame_0008.png,extras,meeting table set,large meeting table,large meeting table.,0.2,0.2,1,0.7709,"[449.1641845703125, 860.0164184570312, 1146.7415771484375, 1077.2750244140625]",1
frame_0008.png,extras,meeting table set,conference table,conference table.,0.2,0.2,4,0.5638,"[454.1523132324219, 875.4052734375, 1141.305419921875, 1071.77978515625]",1
frame_0008.png,extras,meeting table set,metallic desk,metallic desk.,0.2,0.2,2,0.6218,"[452.0223388671875, 869.1741943359375, 1145.256103515625, 1072.67822265625]",1
frame_0008.png,extras,meeting table set,long table with chairs,long table with chairs.,0.2,0.2,4,0.5049,"[445.9040222167969, 852.631591796875, 1153.5738525390625, 1075.6392822265625]",1
frame_0008.png,extras,meeting table set,office meeting table,office meeting table.,0.2,0.2,3,0.6344,"[451.0697937011719, 868.2068481445312, 1144.6182861328125, 1074.2396240234375]",1
frame_0008.png,extras,meeting table set,boardroom table,boardroom table.,0.2,0.2,1,0.6084,"[452.0480041503906, 869.9453125, 1143.2657470703125, 1074.8011474609375]",1
frame_0008.png,extras,trash bin,trash bin,trash bin.,0.2,0.2,0,0.0,,0
frame_0008.png,extras,trash bin,indoor trash bin,indoor trash bin.,0.2,0.2,2,0.3686,"[2.7867186069488525, 973.839111328125, 183.20101928710938, 1197.1025390625]",1
frame_0008.png,extras,trash bin,garbage bin,garbage bin.,0.2,0.2,2,0.233,"[2.666705846786499, 976.2000732421875, 181.8724822998047, 1196.2681884765625]",1
frame_0008.png,extras,trash bin,waste bin,waste bin.,0.2,0.2,2,0.2397,"[2.5602543354034424, 976.2305297851562, 182.00856018066406, 1196.536376953125]",1
frame_0008.png,extras,trash bin,recycling bin,recycling bin.,0.2,0.2,3,0.2883,"[1611.482666015625, 985.174560546875, 1704.2591552734375, 1044.108154296875]",1
frame_0008.png,extras,trash bin,rubbish bin,rubbish bin.,0.2,0.2,6,0.2799,"[1.890120506286621, 976.0715942382812, 182.1605987548828, 1197.2999267578125]",1
frame_0008.png,extras,trash bin,small trash can,small trash can.,0.2,0.2,2,0.5874,"[2.512425184249878, 961.5524291992188, 188.92771911621094, 1200.677734375]",1
frame_0008.png,extras,water fountain,water fountain,water fountain.,0.18,0.18,3,0.3346,"[1157.93798828125, 1655.0814208984375, 1708.872314453125, 1855.92138671875]",1
frame_0008.png,extras,water fountain,metallic water fountain,metallic water fountain.,0.18,0.18,4,0.4077,"[1156.47509765625, 1653.0123291015625, 1709.6673583984375, 1854.8509521484375]",1
frame_0008.png,extras,water fountain,drinking fountain,drinking fountain.,0.18,0.18,0,0.0,,0
frame_0008.png,extras,water fountain,water dispenser,water dispenser.,0.18,0.18,0,0.0,,0
frame_0008.png,extras,water fountain,wall water fountain,wall water fountain.,0.18,0.18,4,0.4448,"[1156.882080078125, 1654.0426025390625, 1709.2001953125, 1855.2972412109375]",1
frame_0008.png,extras,water fountain,stainless water fountain,stainless water fountain.,0.18,0.18,2,0.4091,"[1154.337646484375, 1650.34326171875, 1711.3824462890625, 1854.3375244140625]",1
frame_0009.png,production,meeting table set,ALL_GROUP,meeting table. conference table. meeting table set.,0.35,0.35,1,0.5701,"[445.7216796875, 848.7098388671875, 1149.60986328125, 1081.0765380859375]",1
frame_0009.png,production,chair,ALL_GROUP,chair. armless chair.,0.42,0.42,5,0.4566,"[586.9307861328125, 862.9214477539062, 715.6964111328125, 1070.811767578125]",1
frame_0009.png,production,bench,ALL_GROUP,bench. benches. metal bench. metallic bench. waiting bench.,0.38,0.38,0,0.0,,0
frame_0009.png,production,bottle+cup+cardboard box,ALL_GROUP,bottle. dark thermos. thermos. dark thermos bottle. cup. cups. white drinking cup. white drinking cups. cardboard box. brown cardboard. brown cardboard box.,0.28,0.28,1,0.3093,"[1608.7381591796875, 981.7936401367188, 1706.375, 1047.3226318359375]",1
frame_0009.png,production,water fountain+door,ALL_GROUP,water fountain. metallic fountain. metallic water fountain. door. doors. dark door. dark door surface. elevator sliding door. elevator sliding doors.,0.38,0.38,0,0.0,,0
frame_0009.png,production,emergency exit sign,ALL_GROUP,emergency exit sign. exit sign.,0.5,0.5,0,0.0,,0
frame_0009.png,production,trash bin,ALL_GROUP,trash bin. trash bins. indoor trash bin.,0.45,0.45,0,0.0,,0
frame_0009.png,extras,bench,bench,bench.,0.2,0.2,3,0.2238,"[1.9305038452148438, 1753.801513671875, 434.26141357421875, 1856.9559326171875]",1
frame_0009.png,extras,bench,metal bench,metal bench.,0.2,0.2,4,0.2674,"[3.1834816932678223, 1748.71875, 441.9270324707031, 1854.4962158203125]",1
frame_0009.png,extras,bench,waiting bench,waiting bench.,0.2,0.2,2,0.3471,"[1.739659309387207, 1750.5361328125, 440.2016906738281, 1855.11474609375]",1
frame_0009.png,extras,bench,sitting bench,sitting bench.,0.2,0.2,5,0.312,"[2.5780749320983887, 1751.16455078125, 436.5892028808594, 1855.909423828125]",1
frame_0009.png,extras,bench,long bench,long bench.,0.2,0.2,4,0.3636,"[2.6451516151428223, 1750.1131591796875, 441.370849609375, 1854.7481689453125]",1
frame_0009.png,extras,bottle,bottle,bottle.,0.18,0.18,1,0.5641,"[1086.3360595703125, 859.48974609375, 1102.803466796875, 896.8460693359375]",1
frame_0009.png,extras,bottle,dark thermos bottle,dark thermos bottle.,0.18,0.18,2,0.2785,"[1082.2100830078125, 853.2537841796875, 1107.6177978515625, 901.4849853515625]",1
frame_0009.png,extras,bottle,thermos bottle,thermos bottle.,0.18,0.18,1,0.3311,"[1083.7972412109375, 856.1993408203125, 1105.536376953125, 900.6497802734375]",1
frame_0009.png,extras,bottle,water bottle,water bottle.,0.18,0.18,1,0.4343,"[1083.809814453125, 856.8621826171875, 1105.0616455078125, 900.287109375]",1
frame_0009.png,extras,bottle,drink bottle,drink bottle.,0.18,0.18,1,0.2892,"[1084.8294677734375, 857.2819213867188, 1104.672607421875, 899.4387817382812]",1
frame_0009.png,extras,bottle,small bottle,small bottle.,0.18,0.18,2,0.5557,"[1082.236328125, 854.7415161132812, 1107.1279296875, 901.35205078125]",1
frame_0009.png,extras,cardboard box,cardboard box,cardboard box.,0.2,0.2,1,0.5344,"[1610.602783203125, 984.69873046875, 1704.01806640625, 1044.8824462890625]",1
frame_0009.png,extras,cardboard box,brown cardboard box,brown cardboard box.,0.2,0.2,2,0.5865,"[1608.3848876953125, 981.71533203125, 1705.9912109375, 1047.0181884765625]",1
frame_0009.png,extras,cardboard box,shipping box,shipping box.,0.2,0.2,2,0.4352,"[1611.199951171875, 985.9755859375, 1703.538330078125, 1043.805419921875]",1
frame_0009.png,extras,cardboard box,package box,package box.,0.2,0.2,1,0.2471,"[1611.3642578125, 985.3068237304688, 1703.7918701171875, 1043.9979248046875]",1
frame_0009.png,extras,cardboard box,small box,small box.,0.2,0.2,1,0.6837,"[1609.7545166015625, 983.3218994140625, 1705.4310302734375, 1045.871337890625]",1
frame_0009.png,extras,cardboard box,box,box.,0.2,0.2,1,0.4489,"[1612.038818359375, 987.1553955078125, 1702.8792724609375, 1042.2125244140625]",1
frame_0009.png,extras,chair,chair,chair.,0.2,0.2,8,0.2704,"[452.60321044921875, 894.9520263671875, 568.5457763671875, 1027.736328125]",1
frame_0009.png,extras,chair,armless chair,armless chair.,0.2,0.2,7,0.4262,"[586.7361450195312, 861.5315551757812, 717.5980834960938, 1071.0867919921875]",1
frame_0009.png,extras,chair,office chair,office chair.,0.2,0.2,11,0.4246,"[587.8908081054688, 863.4708862304688, 719.5905151367188, 1069.681396484375]",1
frame_0009.png,extras,chair,wheeled chair,wheeled chair.,0.2,0.2,8,0.4858,"[587.4069213867188, 862.6725463867188, 717.0518188476562, 1069.8936767578125]",1
frame_0009.png,extras,chair,swivel chair,swivel chair.,0.2,0.2,6,0.3854,"[586.5145263671875, 861.2240600585938, 716.0877685546875, 1071.5115966796875]",1
frame_0009.png,extras,chair,rolling chair,rolling chair.,0.2,0.2,8,0.4337,"[587.5206909179688, 862.2693481445312, 716.9732666015625, 1070.257568359375]",1
frame_0009.png,extras,cup,cup,cup.,0.18,0.18,1,0.3382,"[1087.16064453125, 861.1785888671875, 1102.7861328125, 896.1688232421875]",1
frame_0009.png,extras,cup,white drinking cup,white drinking cup.,0.18,0.18,3,0.4096,"[1078.652587890625, 852.1286010742188, 1110.413818359375, 902.693115234375]",1
frame_0009.png,extras,cup,drinking cup,drinking cup.,0.18,0.18,0,0.0,,0
frame_0009.png,extras,cup,coffee cup,coffee cup.,0.18,0.18,0,0.0,,0
frame_0009.png,extras,cup,paper cup,paper cup.,0.18,0.18,0,0.0,,0
frame_0009.png,extras,cup,small cup,small cup.,0.18,0.18,2,0.3149,"[1081.995849609375, 854.7459716796875, 1108.4739990234375, 900.0701904296875]",1
frame_0009.png,extras,door,door,door.,0.2,0.2,10,0.3003,"[230.0305633544922, 600.3607788085938, 339.2656555175781, 1036.148681640625]",1
frame_0009.png,extras,door,dark door surface,dark door surface.,0.2,0.2,4,0.3196,"[1552.1927490234375, 489.55841064453125, 1701.01220703125, 1002.7744140625]",1
frame_0009.png,extras,door,wooden door,wooden door.,0.2,0.2,4,0.3644,"[225.8184356689453, 599.8598022460938, 340.2928771972656, 1037.6741943359375]",1
frame_0009.png,extras,door,closed door,closed door.,0.2,0.2,4,0.3812,"[224.35218811035156, 599.8004150390625, 340.228271484375, 1038.449951171875]",1
frame_0009.png,extras,door,interior door,interior door.,0.2,0.2,10,0.3478,"[226.90658569335938, 599.1428833007812, 339.29888916015625, 1037.0029296875]",1
frame_0009.png,extras,door,single door,single door.,0.2,0.2,5,0.384,"[223.5113983154297, 598.1439208984375, 341.0960998535156, 1039.008056640625]",1
frame_0009.png,extras,emergency exit sign,emergency exit sign,emergency exit sign.,0.18,0.18,5,0.2368,"[2759.6533203125, 337.9292297363281, 2859.93408203125, 453.0465087890625]",1
frame_0009.png,extras,emergency exit sign,exit sign,exit sign.,0.18,0.18,1,0.1923,"[2764.6162109375, 341.9389343261719, 2856.812255859375, 446.75775146484375]",1
frame_0009.png,extras,emergency exit sign,green emergency exit sign,green emergency exit sign.,0.18,0.18,6,0.2805,"[1403.6334228515625, 888.197021484375, 1445.7618408203125, 922.8848876953125]",1
frame_0009.png,extras,emergency exit sign,green exit sign,green exit sign.,0.18,0.18,4,0.3358,"[1402.8892822265625, 888.1448364257812, 1445.64599609375, 923.4273681640625]",1
frame_0009.png,extras,emergency exit sign,running man exit sign,running man exit sign.,0.18,0.18,3,0.4472,"[1154.013671875, 1648.2470703125, 1711.612060546875, 1853.314697265625]",1
frame_0009.png,extras,emergency exit sign,fire exit sign,fire exit sign.,0.18,0.18,0,0.0,,0
frame_0009.png,extras,emergency exit sign,evacuation sign,evacuation sign.,0.18,0.18,1,0.1906,"[2725.29345703125, 306.37493896484375, 2876.92529296875, 475.8948974609375]",1
frame_0009.png,extras,meeting table set,meeting table set,meeting table set.,0.2,0.2,2,0.6172,"[445.0397644042969, 854.593505859375, 1148.2435302734375, 1079.227294921875]",1
frame_0009.png,extras,meeting table set,large meeting table,large meeting table.,0.2,0.2,1,0.7609,"[449.2269287109375, 859.27734375, 1145.69384765625, 1077.9052734375]",1
frame_0009.png,extras,meeting table set,conference table,conference table.,0.2,0.2,5,0.5509,"[454.15423583984375, 875.7796020507812, 1140.2781982421875, 1071.93896484375]",1
frame_0009.png,extras,meeting table set,metallic desk,metallic desk.,0.2,0.2,2,0.6037,"[451.7470703125, 868.8907470703125, 1144.575439453125, 1073.747314453125]",1
frame_0009.png,extras,meeting table set,long table with chairs,long table with chairs.,0.2,0.2,4,0.4858,"[446.0766296386719, 852.9131469726562, 1153.076416015625, 1075.81201171875]",1
frame_0009.png,extras,meeting table set,office meeting table,office meeting table.,0.2,0.2,3,0.6341,"[451.16864013671875, 868.5267333984375, 1143.9285888671875, 1074.9632568359375]",1
frame_0009.png,extras,meeting table set,boardroom table,boardroom table.,0.2,0.2,1,0.6056,"[452.18096923828125, 869.8618774414062, 1141.96337890625, 1075.4285888671875]",1
frame_0009.png,extras,trash bin,trash bin,trash bin.,0.2,0.2,0,0.0,,0
frame_0009.png,extras,trash bin,indoor trash bin,indoor trash bin.,0.2,0.2,3,0.3633,"[2.733374834060669, 973.8179321289062, 183.1869354248047, 1197.221435546875]",1
frame_0009.png,extras,trash bin,garbage bin,garbage bin.,0.2,0.2,2,0.2245,"[2.613619565963745, 976.163818359375, 181.776611328125, 1196.422607421875]",1
frame_0009.png,extras,trash bin,waste bin,waste bin.,0.2,0.2,2,0.2299,"[2.5325310230255127, 976.1302490234375, 181.9564666748047, 1196.6951904296875]",1
frame_0009.png,extras,trash bin,recycling bin,recycling bin.,0.2,0.2,3,0.2784,"[1611.4193115234375, 985.22998046875, 1704.574462890625, 1044.2542724609375]",1
frame_0009.png,extras,trash bin,rubbish bin,rubbish bin.,0.2,0.2,6,0.2756,"[1.8521833419799805, 976.1002807617188, 182.23953247070312, 1197.449951171875]",1
frame_0009.png,extras,trash bin,small trash can,small trash can.,0.2,0.2,2,0.5853,"[2.509174346923828, 962.0513916015625, 188.81826782226562, 1200.7203369140625]",1
frame_0009.png,extras,water fountain,water fountain,water fountain.,0.18,0.18,2,0.3202,"[1157.750732421875, 1655.146728515625, 1709.3272705078125, 1856.0054931640625]",1
frame_0009.png,extras,water fountain,metallic water fountain,metallic water fountain.,0.18,0.18,4,0.3926,"[1156.2969970703125, 1653.1536865234375, 1710.179931640625, 1854.8857421875]",1
frame_0009.png,extras,water fountain,drinking fountain,drinking fountain.,0.18,0.18,0,0.0,,0
frame_0009.png,extras,water fountain,water dispenser,water dispenser.,0.18,0.18,0,0.0,,0
frame_0009.png,extras,water fountain,wall water fountain,wall water fountain.,0.18,0.18,3,0.4375,"[1156.6708984375, 1654.1893310546875, 1709.750244140625, 1855.349853515625]",1
frame_0009.png,extras,water fountain,stainless water fountain,stainless water fountain.,0.18,0.18,2,0.3997,"[1154.1005859375, 1650.4759521484375, 1711.8958740234375, 1854.3453369140625]",1
frame_0010.png,production,meeting table set,ALL_GROUP,meeting table. conference table. meeting table set.,0.35,0.35,1,0.5638,"[445.8428039550781, 848.9381103515625, 1149.9603271484375, 1080.346923828125]",1
frame_0010.png,production,chair,ALL_GROUP,chair. armless chair.,0.42,0.42,5,0.4413,"[586.966064453125, 862.8161010742188, 717.4808959960938, 1070.7261962890625]",1
frame_0010.png,production,bench,ALL_GROUP,bench. benches. metal bench. metallic bench. waiting bench.,0.38,0.38,0,0.0,,0
frame_0010.png,production,bottle+cup+cardboard box,ALL_GROUP,bottle. dark thermos. thermos. dark thermos bottle. cup. cups. white drinking cup. white drinking cups. cardboard box. brown cardboard. brown cardboard box.,0.28,0.28,1,0.3004,"[1608.763671875, 981.8023681640625, 1706.16650390625, 1047.2581787109375]",1
frame_0010.png,production,water fountain+door,ALL_GROUP,water fountain. metallic fountain. metallic water fountain. door. doors. dark door. dark door surface. elevator sliding door. elevator sliding doors.,0.38,0.38,0,0.0,,0
frame_0010.png,production,emergency exit sign,ALL_GROUP,emergency exit sign. exit sign.,0.5,0.5,0,0.0,,0
frame_0010.png,production,trash bin,ALL_GROUP,trash bin. trash bins. indoor trash bin.,0.45,0.45,0,0.0,,0
frame_0010.png,extras,bench,bench,bench.,0.2,0.2,1,0.212,"[1156.328369140625, 910.4564208984375, 1205.6890869140625, 983.8455200195312]",1
frame_0010.png,extras,bench,metal bench,metal bench.,0.2,0.2,3,0.2746,"[3.257424831390381, 1748.734619140625, 446.3287658691406, 1854.5025634765625]",1
frame_0010.png,extras,bench,waiting bench,waiting bench.,0.2,0.2,5,0.3317,"[1.7684125900268555, 1750.325439453125, 445.67742919921875, 1855.0921630859375]",1
frame_0010.png,extras,bench,sitting bench,sitting bench.,0.2,0.2,7,0.2888,"[2.5928807258605957, 1751.0335693359375, 442.4932556152344, 1855.8818359375]",1
frame_0010.png,extras,bench,long bench,long bench.,0.2,0.2,4,0.346,"[2.6299381256103516, 1749.95654296875, 445.97161865234375, 1854.7005615234375]",1
frame_0010.png,extras,bottle,bottle,bottle.,0.18,0.18,1,0.568,"[1086.341796875, 859.4925537109375, 1102.7259521484375, 896.8905029296875]",1
frame_0010.png,extras,bottle,dark thermos bottle,dark thermos bottle.,0.18,0.18,2,0.2899,"[1082.0751953125, 853.2752075195312, 1107.568603515625, 901.6354370117188]",1
frame_0010.png,extras,bottle,thermos bottle,thermos bottle.,0.18,0.18,1,0.3312,"[1083.8201904296875, 856.268310546875, 1105.5050048828125, 900.623779296875]",1
frame_0010.png,extras,bottle,water bottle,water bottle.,0.18,0.18,1,0.4399,"[1083.7822265625, 856.8886108398438, 1104.9659423828125, 900.3928833007812]",1
frame_0010.png,extras,bottle,drink bottle,drink bottle.,0.18,0.18,1,0.29,"[1084.84814453125, 857.2938232421875, 1104.584228515625, 899.5643920898438]",1
frame_0010.png,extras,bottle,small bottle,small bottle.,0.18,0.18,2,0.5569,"[1082.1751708984375, 854.713623046875, 1107.1331787109375, 901.46337890625]",1
frame_0010.png,extras,cardboard box,cardboard box,cardboard box.,0.2,0.2,1,0.532,"[1610.68603515625, 984.7079467773438, 1703.8974609375, 1044.8546142578125]",1
frame_0010.png,extras,cardboard box,brown cardboard box,brown cardboard box.,0.2,0.2,2,0.5872,"[1608.4339599609375, 981.827880859375, 1705.77587890625, 1046.928466796875]",1
frame_0010.png,extras,cardboard box,shipping box,shipping box.,0.2,0.2,2,0.4339,"[1611.282470703125, 985.9931640625, 1703.4921875, 1043.7772216796875]",1
frame_0010.png,extras,cardboard box,package box,package box.,0.2,0.2,1,0.2603,"[1611.3961181640625, 985.4143676757812, 1703.6600341796875, 1043.9482421875]",1
frame_0010.png,extras,cardboard box,small box,small box.,0.2,0.2,1,0.6822,"[1609.7777099609375, 983.3442993164062, 1705.33642578125, 1045.8717041015625]",1
frame_0010.png,extras,cardboard box,box,box.,0.2,0.2,1,0.4479,"[1612.0491943359375, 987.2279052734375, 1702.671630859375, 1042.167724609375]",1
frame_0010.png,extras,chair,chair,chair.,0.2,0.2,8,0.2644,"[452.55645751953125, 895.1141967773438, 569.076171875, 1028.0025634765625]",1
frame_0010.png,extras,chair,armless chair,armless chair.,0.2,0.2,7,0.4314,"[586.4871826171875, 861.4154663085938, 719.8546752929688, 1071.021240234375]",1
frame_0010.png,extras,chair,office chair,office chair.,0.2,0.2,11,0.4174,"[587.8858642578125, 863.42041015625, 721.5197143554688, 1069.6328125]",1
frame_0010.png,extras,chair,wheeled chair,wheeled chair.,0.2,0.2,7,0.4892,"[587.4413452148438, 862.5428466796875, 718.8259887695312, 1069.7950439453125]",1
frame_0010.png,extras,chair,swivel chair,swivel chair.,0.2,0.2,6,0.3907,"[586.3301391601562, 861.0860595703125, 718.2184448242188, 1071.4840087890625]",1
frame_0010.png,extras,chair,rolling chair,rolling chair.,0.2,0.2,8,0.4352,"[587.4451293945312, 862.2246704101562, 718.9666748046875, 1070.114013671875]",1
frame_0010.png,extras,cup,cup,cup.,0.18,0.18,1,0.339,"[1087.21728515625, 861.119873046875, 1102.740966796875, 896.285888671875]",1
frame_0010.png,extras,cup,white drinking cup,white drinking cup.,0.18,0.18,3,0.412,"[1078.664794921875, 852.0440673828125, 1110.3675537109375, 902.8259887695312]",1
frame_0010.png,extras,cup,drinking cup,drinking cup.,0.18,0.18,0,0.0,,0
frame_0010.png,extras,cup,coffee cup,coffee cup.,0.18,0.18,0,0.0,,0
frame_0010.png,extras,cup,paper cup,paper cup.,0.18,0.18,0,0.0,,0
frame_0010.png,extras,cup,small cup,small cup.,0.18,0.18,2,0.3153,"[1081.89501953125, 854.7692260742188, 1108.4296875, 900.0607299804688]",1
frame_0010.png,extras,door,door,door.,0.2,0.2,11,0.3047,"[229.19064331054688, 600.4647827148438, 339.2554626464844, 1036.8743896484375]",1
frame_0010.png,extras,door,dark door surface,dark door surface.,0.2,0.2,5,0.316,"[1552.1075439453125, 491.01129150390625, 1700.2911376953125, 1002.0859375]",1
frame_0010.png,extras,door,wooden door,wooden door.,0.2,0.2,5,0.3756,"[225.06236267089844, 600.0099487304688, 340.12664794921875, 1038.2952880859375]",1
frame_0010.png,extras,door,closed door,closed door.,0.2,0.2,5,0.4017,"[223.291259765625, 599.5546875, 340.1693115234375, 1039.3974609375]",1
frame_0010.png,extras,door,interior door,interior door.,0.2,0.2,10,0.3654,"[225.02969360351562, 598.8050537109375, 339.05859375, 1037.8193359375]",1
frame_0010.png,extras,door,single door,single door.,0.2,0.2,3,0.4063,"[222.265869140625, 597.9483032226562, 340.9490966796875, 1040.0474853515625]",1
frame_0010.png,extras,emergency exit sign,emergency exit sign,emergency exit sign.,0.18,0.18,4,0.2779,"[2764.052978515625, 342.270751953125, 2855.699951171875, 446.34442138671875]",1
frame_0010.png,extras,emergency exit sign,exit sign,exit sign.,0.18,0.18,1,0.2115,"[2765.096923828125, 341.9727478027344, 2855.352783203125, 444.5543212890625]",1
frame_0010.png,extras,emergency exit sign,green emergency exit sign,green emergency exit sign.,0.18,0.18,4,0.3134,"[1403.763671875, 888.2845458984375, 1445.7607421875, 922.8831787109375]",1
frame_0010.png,extras,emergency exit sign,green exit sign,green exit sign.,0.18,0.18,4,0.3237,"[1402.9466552734375, 888.2140502929688, 1445.7503662109375, 923.33544921875]",1
frame_0010.png,extras,emergency exit sign,running man exit sign,running man exit sign.,0.18,0.18,3,0.4446,"[1153.99560546875, 1648.23193359375, 1711.1424560546875, 1853.099365234375]",1
frame_0010.png,extras,emergency exit sign,fire exit sign,fire exit sign.,0.18,0.18,0,0.0,,0
frame_0010.png,extras,emergency exit sign,evacuation sign,evacuation sign.,0.18,0.18,2,0.1976,"[2725.052490234375, 305.7115478515625, 2876.79736328125, 476.37249755859375]",1
frame_0010.png,extras,meeting table set,meeting table set,meeting table set.,0.2,0.2,2,0.6147,"[445.0114440917969, 854.7000122070312, 1148.51953125, 1078.8692626953125]",1
frame_0010.png,extras,meeting table set,large meeting table,large meeting table.,0.2,0.2,1,0.7645,"[449.1444396972656, 860.06494140625, 1146.38671875, 1077.258544921875]",1
frame_0010.png,extras,meeting table set,conference table,conference table.,0.2,0.2,4,0.5627,"[454.00885009765625, 875.3360595703125, 1140.900146484375, 1071.0450439453125]",1
frame_0010.png,extras,meeting table set,metallic desk,metallic desk.,0.2,0.2,2,0.6149,"[451.4726867675781, 869.1123046875, 1145.1944580078125, 1072.89111328125]",1
frame_0010.png,extras,meeting table set,long table with chairs,long table with chairs.,0.2,0.2,4,0.4834,"[445.9387512207031, 853.1220703125, 1153.53173828125, 1075.2589111328125]",1
frame_0010.png,extras,meeting table set,office meeting table,office meeting table.,0.2,0.2,3,0.6346,"[450.8531494140625, 868.3811645507812, 1144.4559326171875, 1074.4998779296875]",1
frame_0010.png,extras,meeting table set,boardroom table,boardroom table.,0.2,0.2,2,0.6116,"[451.9941101074219, 870.0390014648438, 1142.86767578125, 1074.7650146484375]",1
frame_0010.png,extras,trash bin,trash bin,trash bin.,0.2,0.2,0,0.0,,0
frame_0010.png,extras,trash bin,indoor trash bin,indoor trash bin.,0.2,0.2,3,0.3552,"[2.6729822158813477, 973.8355712890625, 182.9813690185547, 1197.3011474609375]",1
frame_0010.png,extras,trash bin,garbage bin,garbage bin.,0.2,0.2,2,0.2206,"[2.4968576431274414, 976.2861938476562, 181.67625427246094, 1196.56494140625]",1
frame_0010.png,extras,trash bin,waste bin,waste bin.,0.2,0.2,2,0.2208,"[2.4416685104370117, 976.2183837890625, 181.8535614013672, 1196.7979736328125]",1
frame_0010.png,extras,trash bin,recycling bin,recycling bin.,0.2,0.2,3,0.2795,"[1611.4854736328125, 985.2257690429688, 1704.4061279296875, 1044.205078125]",1
frame_0010.png,extras,trash bin,rubbish bin,rubbish bin.,0.2,0.2,6,0.2755,"[1611.1539306640625, 984.8135986328125, 1704.352294921875, 1044.18798828125]",1
frame_0010.png,extras,trash bin,small trash can,small trash can.,0.2,0.2,2,0.5823,"[2.3474371433258057, 960.5990600585938, 188.65367126464844, 1200.9981689453125]",1
frame_0010.png,extras,water fountain,water fountain,water fountain.,0.18,0.18,3,0.3321,"[1157.7293701171875, 1655.3214111328125, 1708.6219482421875, 1855.9488525390625]",1
frame_0010.png,extras,water fountain,metallic water fountain,metallic water fountain.,0.18,0.18,4,0.4048,"[1156.201171875, 1653.2183837890625, 1709.3974609375, 1854.8929443359375]",1
frame_0010.png,extras,water fountain,drinking fountain,drinking fountain.,0.18,0.18,0,0.0,,0
frame_0010.png,extras,water fountain,water dispenser,water dispenser.,0.18,0.18,1,0.1831,"[1081.9134521484375, 856.1075439453125, 1106.36962890625, 900.4354248046875]",1
frame_0010.png,extras,water fountain,wall water fountain,wall water fountain.,0.18,0.18,3,0.4458,"[1156.557861328125, 1654.2139892578125, 1708.98388671875, 1855.2900390625]",1
frame_0010.png,extras,water fountain,stainless water fountain,stainless water fountain.,0.18,0.18,2,0.4102,"[1154.1466064453125, 1650.6529541015625, 1711.0146484375, 1854.3612060546875]",1
frame_0011.png,production,meeting table set,ALL_GROUP,meeting table. conference table. meeting table set.,0.35,0.35,1,0.5645,"[445.6161193847656, 848.95263671875, 1149.744873046875, 1080.5289306640625]",1
frame_0011.png,production,chair,ALL_GROUP,chair. armless chair.,0.42,0.42,4,0.4499,"[698.0259399414062, 855.9534912109375, 864.95361328125, 1071.0675048828125]",1
frame_0011.png,production,bench,ALL_GROUP,bench. benches. metal bench. metallic bench. waiting bench.,0.38,0.38,0,0.0,,0
frame_0011.png,production,bottle+cup+cardboard box,ALL_GROUP,bottle. dark thermos. thermos. dark thermos bottle. cup. cups. white drinking cup. white drinking cups. cardboard box. brown cardboard. brown cardboard box.,0.28,0.28,1,0.3057,"[1608.7542724609375, 981.8367309570312, 1706.12548828125, 1047.2410888671875]",1
frame_0011.png,production,water fountain+door,ALL_GROUP,water fountain. metallic fountain. metallic water fountain. door. doors. dark door. dark door surface. elevator sliding door. elevator sliding doors.,0.38,0.38,0,0.0,,0
frame_0011.png,production,emergency exit sign,ALL_GROUP,emergency exit sign. exit sign.,0.5,0.5,0,0.0,,0
frame_0011.png,production,trash bin,ALL_GROUP,trash bin. trash bins. indoor trash bin.,0.45,0.45,0,0.0,,0
frame_0011.png,extras,bench,bench,bench.,0.2,0.2,2,0.2086,"[2.0218920707702637, 1753.318603515625, 430.9283447265625, 1856.8798828125]",1
frame_0011.png,extras,bench,metal bench,metal bench.,0.2,0.2,3,0.2783,"[3.410332202911377, 1748.410888671875, 436.7374267578125, 1854.5003662109375]",1
frame_0011.png,extras,bench,waiting bench,waiting bench.,0.2,0.2,5,0.3071,"[2.1693921089172363, 1750.1446533203125, 435.1363525390625, 1855.1197509765625]",1
frame_0011.png,extras,bench,sitting bench,sitting bench.,0.2,0.2,7,0.3029,"[2.6172995567321777, 1750.90869140625, 432.3993835449219, 1855.933349609375]",1
frame_0011.png,extras,bench,long bench,long bench.,0.2,0.2,4,0.3179,"[2.899296283721924, 1749.7264404296875, 436.9172668457031, 1854.7010498046875]",1
frame_0011.png,extras,bottle,bottle,bottle.,0.18,0.18,1,0.5698,"[1086.2437744140625, 859.688720703125, 1102.6865234375, 896.6685791015625]",1
frame_0011.png,extras,bottle,dark thermos bottle,dark thermos bottle.,0.18,0.18,2,0.2964,"[1082.0311279296875, 853.6104125976562, 1107.4041748046875, 901.1884155273438]",1
frame_0011.png,extras,bottle,thermos bottle,thermos bottle.,0.18,0.18,1,0.3312,"[1083.6927490234375, 856.5819091796875, 1105.391845703125, 900.5040283203125]",1
frame_0011.png,extras,bottle,water bottle,water bottle.,0.18,0.18,2,0.4303,"[1083.6585693359375, 857.0914306640625, 1104.93603515625, 900.1371459960938]",1
frame_0011.png,extras,bottle,drink bottle,drink bottle.,0.18,0.18,1,0.2907,"[1084.844482421875, 857.6951293945312, 1104.5244140625, 899.3732299804688]",1
frame_0011.png,extras,bottle,small bottle,small bottle.,0.18,0.18,2,0.5548,"[1082.07568359375, 855.0126342773438, 1107.0447998046875, 901.3640747070312]",1
frame_0011.png,extras,cardboard box,cardboard box,cardboard box.,0.2,0.2,1,0.5319,"[1610.719970703125, 984.7606201171875, 1703.8428955078125, 1044.7767333984375]",1
frame_0011.png,extras,cardboard box,brown cardboard box,brown cardboard box.,0.2,0.2,2,0.5871,"[1608.4306640625, 981.8598022460938, 1705.7740478515625, 1046.8792724609375]",1
frame_0011.png,extras,cardboard box,shipping box,shipping box.,0.2,0.2,2,0.4356,"[1611.331298828125, 986.0224609375, 1703.250732421875, 1043.705810546875]",1
frame_0011.png,extras,cardboard box,package box,package box.,0.2,0.2,1,0.2384,"[1611.55078125, 985.3614501953125, 1703.5458984375, 1043.8487548828125]",1
frame_0011.png,extras,cardboard box,small box,small box.,0.2,0.2,1,0.6828,"[1609.8282470703125, 983.333740234375, 1705.258544921875, 1045.7672119140625]",1
frame_0011.png,extras,cardboard box,box,box.,0.2,0.2,1,0.4473,"[1612.142333984375, 987.27001953125, 1702.6171875, 1042.10205078125]",1
frame_0011.png,extras,chair,chair,chair.,0.2,0.2,8,0.2683,"[452.80609130859375, 895.0530395507812, 569.7701416015625, 1027.80029296875]",1
frame_0011.png,extras,chair,armless chair,armless chair.,0.2,0.2,7,0.4317,"[586.6370239257812, 861.340576171875, 719.338623046875, 1070.8546142578125]",1
frame_0011.png,extras,chair,office chair,office chair.,0.2,0.2,13,0.4142,"[587.8092651367188, 863.2665405273438, 721.0656127929688, 1069.5257568359375]",1
frame_0011.png,extras,chair,wheeled chair,wheeled chair.,0.2,0.2,7,0.4881,"[587.2877197265625, 862.4673461914062, 718.6390380859375, 1069.7545166015625]",1
frame_0011.png,extras,chair,swivel chair,swivel chair.,0.2,0.2,6,0.3874,"[586.4291381835938, 861.019287109375, 717.89501953125, 1071.4039306640625]",1
frame_0011.png,extras,chair,rolling chair,rolling chair.,0.2,0.2,8,0.4314,"[587.4893188476562, 862.1324462890625, 718.5960083007812, 1070.12158203125]",1
frame_0011.png,extras,cup,cup,cup.,0.18,0.18,1,0.3545,"[1087.02001953125, 861.1895141601562, 1102.6663818359375, 896.0238647460938]",1
frame_0011.png,extras,cup,white drinking cup,white drinking cup.,0.18,0.18,2,0.4303,"[1078.3858642578125, 852.1519165039062, 1110.443115234375, 902.8434448242188]",1
frame_0011.png,extras,cup,drinking cup,drinking cup.,0.18,0.18,0,0.0,,0
frame_0011.png,extras,cup,coffee cup,coffee cup.,0.18,0.18,0,0.0,,0
frame_0011.png,extras,cup,paper cup,paper cup.,0.18,0.18,0,0.0,,0
frame_0011.png,extras,cup,small cup,small cup.,0.18,0.18,2,0.3327,"[1081.728271484375, 854.90234375, 1108.25439453125, 900.022705078125]",1
frame_0011.png,extras,door,door,door.,0.2,0.2,11,0.2969,"[229.64149475097656, 600.7555541992188, 339.2664489746094, 1036.650390625]",1
frame_0011.png,extras,door,dark door surface,dark door surface.,0.2,0.2,4,0.33,"[1552.2227783203125, 491.0822448730469, 1700.7513427734375, 1002.4916381835938]",1
frame_0011.png,extras,door,wooden door,wooden door.,0.2,0.2,5,0.3523,"[225.5776824951172, 601.2301635742188, 340.04681396484375, 1038.180419921875]",1
frame_0011.png,extras,door,closed door,closed door.,0.2,0.2,5,0.3572,"[224.2711944580078, 600.9718017578125, 340.0916442871094, 1039.2421875]",1
frame_0011.png,extras,door,interior door,interior door.,0.2,0.2,11,0.3472,"[225.9251251220703, 599.2344360351562, 338.990966796875, 1038.182373046875]",1
frame_0011.png,extras,door,single door,single door.,0.2,0.2,5,0.3644,"[223.17689514160156, 599.2444458007812, 340.802490234375, 1039.9088134765625]",1
frame_0011.png,extras,emergency exit sign,emergency exit sign,emergency exit sign.,0.18,0.18,4,0.2704,"[2762.999755859375, 341.9789733886719, 2857.06298828125, 447.5454406738281]",1
frame_0011.png,extras,emergency exit sign,exit sign,exit sign.,0.18,0.18,1,0.2071,"[2764.7802734375, 342.33197021484375, 2856.270751953125, 445.4193420410156]",1
frame_0011.png,extras,emergency exit sign,green emergency exit sign,green emergency exit sign.,0.18,0.18,5,0.2918,"[1403.784912109375, 888.1625366210938, 1445.771728515625, 923.0577392578125]",1
frame_0011.png,extras,emergency exit sign,green exit sign,green exit sign.,0.18,0.18,4,0.3276,"[1402.9754638671875, 888.0865478515625, 1445.739013671875, 923.53955078125]",1
frame_0011.png,extras,emergency exit sign,running man exit sign,running man exit sign.,0.18,0.18,3,0.4447,"[1154.15673828125, 1648.1650390625, 1711.103271484375, 1853.385498046875]",1
frame_0011.png,extras,emergency exit sign,fire exit sign,fire exit sign.,0.18,0.18,0,0.0,,0
frame_0011.png,extras,emergency exit sign,evacuation sign,evacuation sign.,0.18,0.18,1,0.1965,"[2725.197265625, 306.3688049316406, 2876.966552734375, 475.5892333984375]",1
frame_0011.png,extras,meeting table set,meeting table set,meeting table set.,0.2,0.2,2,0.6164,"[445.0596618652344, 854.6990966796875, 1148.3302001953125, 1078.893310546875]",1
frame_0011.png,extras,meeting table set,large meeting table,large meeting table.,0.2,0.2,1,0.7644,"[449.0748291015625, 859.8920288085938, 1146.4864501953125, 1077.6513671875]",1
frame_0011.png,extras,meeting table set,conference table,conference table.,0.2,0.2,4,0.5619,"[453.6127014160156, 876.06689453125, 1141.3460693359375, 1071.3507080078125]",1
frame_0011.png,extras,meeting table set,metallic desk,metallic desk.,0.2,0.2,2,0.6108,"[451.2020568847656, 869.1475830078125, 1145.065185546875, 1073.3404541015625]",1
frame_0011.png,extras,meeting table set,long table with chairs,long table with chairs.,0.2,0.2,4,0.479,"[446.04351806640625, 853.3012084960938, 1152.9007568359375, 1075.010498046875]",1
frame_0011.png,extras,meeting table set,office meeting table,office meeting table.,0.2,0.2,3,0.6294,"[450.7837219238281, 868.4656372070312, 1144.1883544921875, 1074.9007568359375]",1
frame_0011.png,extras,meeting table set,boardroom table,boardroom table.,0.2,0.2,2,0.6019,"[451.8200378417969, 869.8804321289062, 1142.94091796875, 1075.0367431640625]",1
frame_0011.png,extras,trash bin,trash bin,trash bin.,0.2,0.2,0,0.0,,0
frame_0011.png,extras,trash bin,indoor trash bin,indoor trash bin.,0.2,0.2,3,0.3405,"[2.6556336879730225, 973.8638305664062, 183.20045471191406, 1197.304443359375]",1
frame_0011.png,extras,trash bin,garbage bin,garbage bin.,0.2,0.2,2,0.2274,"[2.554943561553955, 976.5174560546875, 181.77525329589844, 1196.543212890625]",1
frame_0011.png,extras,trash bin,waste bin,waste bin.,0.2,0.2,2,0.2336,"[2.4964447021484375, 976.3650512695312, 182.10572814941406, 1196.759521484375]",1
frame_0011.png,extras,trash bin,recycling bin,recycling bin.,0.2,0.2,4,0.2646,"[1611.5274658203125, 985.2825317382812, 1704.2266845703125, 1044.13330078125]",1
frame_0011.png,extras,trash bin,rubbish bin,rubbish bin.,0.2,0.2,6,0.2597,"[1.7824029922485352, 976.31689453125, 182.28732299804688, 1197.6270751953125]",1
frame_0011.png,extras,trash bin,small trash can,small trash can.,0.2,0.2,2,0.5716,"[2.3879706859588623, 960.6636962890625, 188.90548706054688, 1200.8399658203125]",1
frame_0011.png,extras,water fountain,water fountain,water fountain.,0.18,0.18,3,0.3388,"[1157.8018798828125, 1655.2159423828125, 1708.588134765625, 1856.002685546875]",1
frame_0011.png,extras,water fountain,metallic water fountain,metallic water fountain.,0.18,0.18,4,0.4146,"[1156.406494140625, 1653.2672119140625, 1709.394775390625, 1854.9150390625]",1
frame_0011.png,extras,water fountain,drinking fountain,drinking fountain.,0.18,0.18,0,0.0,,0
frame_0011.png,extras,water fountain,water dispenser,water dispenser.,0.18,0.18,1,0.1809,"[1081.7833251953125, 856.517333984375, 1106.254150390625, 900.2113647460938]",1
frame_0011.png,extras,water fountain,wall water fountain,wall water fountain.,0.18,0.18,4,0.4506,"[1156.8037109375, 1654.27197265625, 1708.9342041015625, 1855.3260498046875]",1
frame_0011.png,extras,water fountain,stainless water fountain,stainless water fountain.,0.18,0.18,2,0.4154,"[1154.147216796875, 1650.5904541015625, 1711.087646484375, 1854.382080078125]",1
frame_0012.png,production,meeting table set,ALL_GROUP,meeting table. conference table. meeting table set.,0.35,0.35,2,0.5619,"[445.57269287109375, 848.8589477539062, 1149.6212158203125, 1080.4345703125]",1
frame_0012.png,production,chair,ALL_GROUP,chair. armless chair.,0.42,0.42,3,0.4418,"[452.36669921875, 891.6130981445312, 574.5119018554688, 1030.0780029296875]",1
frame_0012.png,production,bench,ALL_GROUP,bench. benches. metal bench. metallic bench. waiting bench.,0.38,0.38,0,0.0,,0
frame_0012.png,production,bottle+cup+cardboard box,ALL_GROUP,bottle. dark thermos. thermos. dark thermos bottle. cup. cups. white drinking cup. white drinking cups. cardboard box. brown cardboard. brown cardboard box.,0.28,0.28,1,0.3091,"[1608.8692626953125, 981.7754516601562, 1706.019287109375, 1047.2864990234375]",1
frame_0012.png,production,water fountain+door,ALL_GROUP,water fountain. metallic fountain. metallic water fountain. door. doors. dark door. dark door surface. elevator sliding door. elevator sliding doors.,0.38,0.38,0,0.0,,0
frame_0012.png,production,emergency exit sign,ALL_GROUP,emergency exit sign. exit sign.,0.5,0.5,0,0.0,,0
frame_0012.png,production,trash bin,ALL_GROUP,trash bin. trash bins. indoor trash bin.,0.45,0.45,0,0.0,,0
frame_0012.png,extras,bench,bench,bench.,0.2,0.2,3,0.2171,"[1.9825172424316406, 1753.651123046875, 430.58673095703125, 1856.9423828125]",1
frame_0012.png,extras,bench,metal bench,metal bench.,0.2,0.2,4,0.2707,"[3.374176025390625, 1748.541748046875, 435.8482360839844, 1854.5445556640625]",1
frame_0012.png,extras,bench,waiting bench,waiting bench.,0.2,0.2,2,0.3695,"[2234.650390625, 1663.7197265625, 2879.316162109375, 1854.5068359375]",1
frame_0012.png,extras,bench,sitting bench,sitting bench.,0.2,0.2,5,0.303,"[2.4584269523620605, 1750.99609375, 432.22454833984375, 1855.9429931640625]",1
frame_0012.png,extras,bench,long bench,long bench.,0.2,0.2,4,0.3825,"[2235.326416015625, 1662.7991943359375, 2878.221923828125, 1853.9779052734375]",1
frame_0012.png,extras,bottle,bottle,bottle.,0.18,0.18,1,0.5609,"[1086.2655029296875, 859.3772583007812, 1102.743896484375, 896.7715454101562]",1
frame_0012.png,extras,bottle,dark thermos bottle,dark thermos bottle.,0.18,0.18,2,0.2993,"[1081.968505859375, 853.2442626953125, 1107.6492919921875, 901.6109619140625]",1
frame_0012.png,extras,bottle,thermos bottle,thermos bottle.,0.18,0.18,1,0.3238,"[1083.7537841796875, 856.1390380859375, 1105.5574951171875, 900.5326538085938]",1
frame_0012.png,extras,bottle,water bottle,water bottle.,0.18,0.18,1,0.442,"[1083.7681884765625, 856.8248291015625, 1105.0498046875, 900.2179565429688]",1
frame_0012.png,extras,bottle,drink bottle,drink bottle.,0.18,0.18,1,0.285,"[1084.8026123046875, 857.1400146484375, 1104.705810546875, 899.4683837890625]",1
frame_0012.png,extras,bottle,small bottle,small bottle.,0.18,0.18,2,0.5595,"[1082.1693115234375, 854.7073364257812, 1107.141845703125, 901.2667236328125]",1
frame_0012.png,extras,cardboard box,cardboard box,cardboard box.,0.2,0.2,1,0.5355,"[1610.7064208984375, 984.6390991210938, 1703.775390625, 1044.857666015625]",1
frame_0012.png,extras,cardboard box,brown cardboard box,brown cardboard box.,0.2,0.2,2,0.5905,"[1608.4697265625, 981.7212524414062, 1705.68017578125, 1046.9559326171875]",1
frame_0012.png,extras,cardboard box,shipping box,shipping box.,0.2,0.2,2,0.4402,"[1611.3583984375, 985.9222412109375, 1703.2720947265625, 1043.7786865234375]",1
frame_0012.png,extras,cardboard box,package box,package box.,0.2,0.2,1,0.251,"[1611.533447265625, 985.26025390625, 1703.5069580078125, 1043.9814453125]",1
frame_0012.png,extras,cardboard box,small box,small box.,0.2,0.2,1,0.6864,"[1609.8594970703125, 983.23974609375, 1705.1846923828125, 1045.8123779296875]",1
frame_0012.png,extras,cardboard box,box,box.,0.2,0.2,1,0.449,"[1612.204345703125, 987.0924072265625, 1702.462158203125, 1042.1763916015625]",1
frame_0012.png,extras,chair,chair,chair.,0.2,0.2,8,0.2667,"[453.1075744628906, 895.1346435546875, 568.6799926757812, 1027.8167724609375]",1
frame_0012.png,extras,chair,armless chair,armless chair.,0.2,0.2,7,0.4278,"[586.6091918945312, 861.4586181640625, 717.6810913085938, 1070.882080078125]",1
frame_0012.png,extras,chair,office chair,office chair.,0.2,0.2,13,0.417,"[587.713623046875, 863.4445190429688, 719.9140625, 1069.6114501953125]",1
frame_0012.png,extras,chair,wheeled chair,wheeled chair.,0.2,0.2,9,0.4847,"[587.3062133789062, 862.5416259765625, 716.8623657226562, 1069.8096923828125]",1
frame_0012.png,extras,chair,swivel chair,swivel chair.,0.2,0.2,6,0.3843,"[586.4072265625, 861.1378784179688, 716.2354125976562, 1071.3192138671875]",1
frame_0012.png,extras,chair,rolling chair,rolling chair.,0.2,0.2,8,0.4294,"[587.4612426757812, 862.2748413085938, 716.784423828125, 1070.107421875]",1
frame_0012.png,extras,cup,cup,cup.,0.18,0.18,1,0.3356,"[1087.2288818359375, 861.2413940429688, 1102.8314208984375, 895.9981689453125]",1
frame_0012.png,extras,cup,white drinking cup,white drinking cup.,0.18,0.18,3,0.4124,"[1078.5413818359375, 852.0513305664062, 1110.476806640625, 902.598876953125]",1
frame_0012.png,extras,cup,drinking cup,drinking cup.,0.18,0.18,0,0.0,,0
frame_0012.png,extras,cup,coffee cup,coffee cup.,0.18,0.18,0,0.0,,0
frame_0012.png,extras,cup,paper cup,paper cup.,0.18,0.18,0,0.0,,0
frame_0012.png,extras,cup,small cup,small cup.,0.18,0.18,2,0.3151,"[1081.774169921875, 854.7705688476562, 1108.43017578125, 900.0116577148438]",1
frame_0012.png,extras,door,door,door.,0.2,0.2,12,0.2984,"[230.2262725830078, 600.5498657226562, 339.0574951171875, 1036.434326171875]",1
frame_0012.png,extras,door,dark door surface,dark door surface.,0.2,0.2,4,0.3244,"[1552.2384033203125, 490.7095031738281, 1700.4443359375, 1002.763427734375]",1
frame_0012.png,extras,door,wooden door,wooden door.,0.2,0.2,5,0.3518,"[226.2320556640625, 600.6682739257812, 339.8998718261719, 1037.7694091796875]",1
frame_0012.png,extras,door,closed door,closed door.,0.2,0.2,5,0.3632,"[224.79078674316406, 600.5023193359375, 339.7449951171875, 1038.8248291015625]",1
frame_0012.png,extras,door,interior door,interior door.,0.2,0.2,11,0.3435,"[226.7723388671875, 599.231689453125, 338.7991638183594, 1037.390869140625]",1
frame_0012.png,extras,door,single door,single door.,0.2,0.2,6,0.3709,"[223.65725708007812, 598.6425170898438, 340.5566101074219, 1039.40771484375]",1
frame_0012.png,extras,emergency exit sign,emergency exit sign,emergency exit sign.,0.18,0.18,4,0.2735,"[2763.328125, 342.5643005371094, 2856.662841796875, 446.6435241699219]",1
frame_0012.png,extras,emergency exit sign,exit sign,exit sign.,0.18,0.18,1,0.209,"[2765.259033203125, 342.48345947265625, 2855.8359375, 444.7072448730469]",1
frame_0012.png,extras,emergency exit sign,green emergency exit sign,green emergency exit sign.,0.18,0.18,6,0.2861,"[1403.6484375, 888.089111328125, 1446.077880859375, 923.0966186523438]",1
frame_0012.png,extras,emergency exit sign,green exit sign,green exit sign.,0.18,0.18,3,0.3249,"[1402.8701171875, 888.0909423828125, 1445.8223876953125, 923.4943237304688]",1
frame_0012.png,extras,emergency exit sign,running man exit sign,running man exit sign.,0.18,0.18,3,0.4286,"[1153.827880859375, 1648.2646484375, 1711.1455078125, 1853.175537109375]",1
frame_0012.png,extras,emergency exit sign,fire exit sign,fire exit sign.,0.18,0.18,0,0.0,,0
frame_0012.png,extras,emergency exit sign,evacuation sign,evacuation sign.,0.18,0.18,2,0.197,"[2725.081298828125, 306.6664733886719, 2877.12353515625, 475.8672180175781]",1
frame_0012.png,extras,meeting table set,meeting table set,meeting table set.,0.2,0.2,2,0.6154,"[444.8072509765625, 854.690673828125, 1148.2144775390625, 1078.966796875]",1
frame_0012.png,extras,meeting table set,large meeting table,large meeting table.,0.2,0.2,1,0.7649,"[448.9192199707031, 859.9022827148438, 1146.4149169921875, 1077.7901611328125]",1
frame_0012.png,extras,meeting table set,conference table,conference table.,0.2,0.2,4,0.5574,"[453.991455078125, 875.3887939453125, 1141.4033203125, 1071.954833984375]",1
frame_0012.png,extras,meeting table set,metallic desk,metallic desk.,0.2,0.2,2,0.619,"[451.8746337890625, 869.3099975585938, 1144.8880615234375, 1073.3697509765625]",1
frame_0012.png,extras,meeting table set,long table with chairs,long table with chairs.,0.2,0.2,4,0.4839,"[446.3482360839844, 853.6380004882812, 1153.02734375, 1075.208251953125]",1
frame_0012.png,extras,meeting table set,office meeting table,office meeting table.,0.2,0.2,3,0.634,"[450.8906555175781, 868.3692016601562, 1144.4835205078125, 1075.2115478515625]",1
frame_0012.png,extras,meeting table set,boardroom table,boardroom table.,0.2,0.2,1,0.6036,"[451.84381103515625, 870.12939453125, 1143.218994140625, 1075.1480712890625]",1
frame_0012.png,extras,trash bin,trash bin,trash bin.,0.2,0.2,0,0.0,,0
frame_0012.png,extras,trash bin,indoor trash bin,indoor trash bin.,0.2,0.2,3,0.3486,"[2.681962251663208, 974.1412963867188, 183.07591247558594, 1197.257080078125]",1
frame_0012.png,extras,trash bin,garbage bin,garbage bin.,0.2,0.2,2,0.2185,"[2.5851023197174072, 976.1900634765625, 181.73300170898438, 1196.569091796875]",1
frame_0012.png,extras,trash bin,waste bin,waste bin.,0.2,0.2,2,0.2238,"[2.5189483165740967, 976.2828979492188, 181.89187622070312, 1196.8082275390625]",1
frame_0012.png,extras,trash bin,recycling bin,recycling bin.,0.2,0.2,3,0.2707,"[1611.559814453125, 985.155029296875, 1704.154541015625, 1044.215576171875]",1
frame_0012.png,extras,trash bin,rubbish bin,rubbish bin.,0.2,0.2,6,0.2676,"[1.772146224975586, 976.15771484375, 182.05841064453125, 1197.5577392578125]",1
frame_0012.png,extras,trash bin,small trash can,small trash can.,0.2,0.2,2,0.5718,"[2.487126588821411, 962.4944458007812, 188.8738250732422, 1200.8465576171875]",1
frame_0012.png,extras,water fountain,water fountain,water fountain.,0.18,0.18,3,0.3307,"[1157.6298828125, 1655.044677734375, 1708.638427734375, 1855.9384765625]",1
frame_0012.png,extras,water fountain,metallic water fountain,metallic water fountain.,0.18,0.18,4,0.408,"[1156.198486328125, 1653.0921630859375, 1709.393310546875, 1854.84326171875]",1
frame_0012.png,extras,water fountain,drinking fountain,drinking fountain.,0.18,0.18,0,0.0,,0
frame_0012.png,extras,water fountain,water dispenser,water dispenser.,0.18,0.18,1,0.1803,"[1081.815185546875, 856.1143798828125, 1106.3778076171875, 900.4707641601562]",1
frame_0012.png,extras,water fountain,wall water fountain,wall water fountain.,0.18,0.18,4,0.4422,"[1156.4407958984375, 1654.0667724609375, 1709.0225830078125, 1855.29052734375]",1
frame_0012.png,extras,water fountain,stainless water fountain,stainless water fountain.,0.18,0.18,2,0.4094,"[1154.079833984375, 1650.5728759765625, 1711.062744140625, 1854.286376953125]",1
frame_0013.png,production,meeting table set,ALL_GROUP,meeting table. conference table. meeting table set.,0.35,0.35,1,0.5576,"[445.6767883300781, 848.8517456054688, 1149.9857177734375, 1080.46484375]",1
frame_0013.png,production,chair,ALL_GROUP,chair. armless chair.,0.42,0.42,3,0.4447,"[451.73626708984375, 891.4767456054688, 573.5693359375, 1030.161376953125]",1
frame_0013.png,production,bench,ALL_GROUP,bench. benches. metal bench. metallic bench. waiting bench.,0.38,0.38,0,0.0,,0
frame_0013.png,production,bottle+cup+cardboard box,ALL_GROUP,bottle. dark thermos. thermos. dark thermos bottle. cup. cups. white drinking cup. white drinking cups. cardboard box. brown cardboard. brown cardboard box.,0.28,0.28,1,0.3042,"[1608.83203125, 981.8345336914062, 1706.19775390625, 1047.24462890625]",1
frame_0013.png,production,water fountain+door,ALL_GROUP,water fountain. metallic fountain. metallic water fountain. door. doors. dark door. dark door surface. elevator sliding door. elevator sliding doors.,0.38,0.38,0,0.0,,0
frame_0013.png,production,emergency exit sign,ALL_GROUP,emergency exit sign. exit sign.,0.5,0.5,0,0.0,,0
frame_0013.png,production,trash bin,ALL_GROUP,trash bin. trash bins. indoor trash bin.,0.45,0.45,0,0.0,,0
frame_0013.png,extras,bench,bench,bench.,0.2,0.2,2,0.2101,"[1.9828391075134277, 1753.5531005859375, 432.2290954589844, 1856.9166259765625]",1
frame_0013.png,extras,bench,metal bench,metal bench.,0.2,0.2,3,0.2745,"[3.1816577911376953, 1748.5982666015625, 438.8270263671875, 1854.5577392578125]",1
frame_0013.png,extras,bench,waiting bench,waiting bench.,0.2,0.2,4,0.3211,"[1.8784046173095703, 1750.4173583984375, 437.2509765625, 1855.1219482421875]",1
frame_0013.png,extras,bench,sitting bench,sitting bench.,0.2,0.2,6,0.3069,"[2.377467155456543, 1751.0286865234375, 434.3358154296875, 1855.990966796875]",1
frame_0013.png,extras,bench,long bench,long bench.,0.2,0.2,4,0.3309,"[2.532799243927002, 1749.9632568359375, 438.64923095703125, 1854.76806640625]",1
frame_0013.png,extras,bottle,bottle,bottle.,0.18,0.18,1,0.5605,"[1086.35107421875, 859.6607055664062, 1102.7840576171875, 896.7131958007812]",1
frame_0013.png,extras,bottle,dark thermos bottle,dark thermos bottle.,0.18,0.18,2,0.3107,"[1082.079833984375, 853.5032348632812, 1107.550048828125, 901.3653564453125]",1
frame_0013.png,extras,bottle,thermos bottle,thermos bottle.,0.18,0.18,1,0.3337,"[1083.8037109375, 856.5360717773438, 1105.517578125, 900.5531005859375]",1
frame_0013.png,extras,bottle,water bottle,water bottle.,0.18,0.18,1,0.4371,"[1083.833740234375, 857.1650390625, 1105.0391845703125, 900.196044921875]",1
frame_0013.png,extras,bottle,drink bottle,drink bottle.,0.18,0.18,1,0.29,"[1084.81884765625, 857.5068969726562, 1104.6123046875, 899.4017333984375]",1
frame_0013.png,extras,bottle,small bottle,small bottle.,0.18,0.18,2,0.551,"[1082.27685546875, 855.0038452148438, 1107.0919189453125, 901.3329467773438]",1
frame_0013.png,extras,cardboard box,cardboard box,cardboard box.,0.2,0.2,1,0.5264,"[1610.8226318359375, 984.6618041992188, 1703.9541015625, 1044.7606201171875]",1
frame_0013.png,extras,cardboard box,brown cardboard box,brown cardboard box.,0.2,0.2,2,0.5876,"[1608.56884765625, 981.8103637695312, 1705.7855224609375, 1046.8333740234375]",1
frame_0013.png,extras,cardboard box,shipping box,shipping box.,0.2,0.2,2,0.4331,"[1611.472900390625, 985.992431640625, 1703.4010009765625, 1043.6983642578125]",1
frame_0013.png,extras,cardboard box,package box,package box.,0.2,0.2,1,0.2373,"[1611.6854248046875, 985.322998046875, 1703.67431640625, 1043.8822021484375]",1
frame_0013.png,extras,cardboard box,small box,small box.,0.2,0.2,1,0.6796,"[1609.9964599609375, 983.28564453125, 1705.439453125, 1045.737060546875]",1
frame_0013.png,extras,cardboard box,box,box.,0.2,0.2,1,0.4393,"[1612.275634765625, 987.145263671875, 1702.673828125, 1042.147705078125]",1
frame_0013.png,extras,chair,chair,chair.,0.2,0.2,8,0.2633,"[452.32806396484375, 895.0147094726562, 567.90234375, 1027.776123046875]",1
frame_0013.png,extras,chair,armless chair,armless chair.,0.2,0.2,7,0.4319,"[586.5253295898438, 861.6319580078125, 718.4248657226562, 1070.8988037109375]",1
frame_0013.png,extras,chair,office chair,office chair.,0.2,0.2,12,0.4167,"[587.9011840820312, 863.5718994140625, 719.9154052734375, 1069.4996337890625]",1
frame_0013.png,extras,chair,wheeled chair,wheeled chair.,0.2,0.2,8,0.4868,"[587.3959350585938, 862.7708129882812, 717.243896484375, 1069.70361328125]",1
frame_0013.png,extras,chair,swivel chair,swivel chair.,0.2,0.2,6,0.3897,"[586.3198852539062, 861.3012084960938, 717.1079711914062, 1071.28955078125]",1
frame_0013.png,extras,chair,rolling chair,rolling chair.,0.2,0.2,8,0.4333,"[587.49755859375, 862.4542236328125, 717.0642700195312, 1070.075927734375]",1
frame_0013.png,extras,cup,cup,cup.,0.18,0.18,1,0.3427,"[1087.20458984375, 861.248291015625, 1102.85205078125, 896.0432739257812]",1
frame_0013.png,extras,cup,white drinking cup,white drinking cup.,0.18,0.18,2,0.4243,"[1078.591796875, 852.2409057617188, 1110.451416015625, 902.7884521484375]",1
frame_0013.png,extras,cup,drinking cup,drinking cup.,0.18,0.18,0,0.0,,0
frame_0013.png,extras,cup,coffee cup,coffee cup.,0.18,0.18,0,0.0,,0
frame_0013.png,extras,cup,paper cup,paper cup.,0.18,0.18,0,0.0,,0
frame_0013.png,extras,cup,small cup,small cup.,0.18,0.18,2,0.325,"[1081.9569091796875, 854.947509765625, 1108.519287109375, 900.0548095703125]",1
frame_0013.png,extras,door,door,door.,0.2,0.2,9,0.2859,"[229.49118041992188, 599.6119995117188, 339.1601867675781, 1036.041748046875]",1
frame_0013.png,extras,door,dark door surface,dark door surface.,0.2,0.2,5,0.3155,"[1552.257080078125, 491.0802307128906, 1699.996826171875, 1002.5650024414062]",1
frame_0013.png,extras,door,wooden door,wooden door.,0.2,0.2,7,0.343,"[224.93582153320312, 599.068359375, 340.0181579589844, 1037.63427734375]",1
frame_0013.png,extras,door,closed door,closed door.,0.2,0.2,5,0.3464,"[223.6812286376953, 599.3660888671875, 339.8114318847656, 1038.6639404296875]",1
frame_0013.png,extras,door,interior door,interior door.,0.2,0.2,10,0.3419,"[225.4036865234375, 597.6032104492188, 339.25335693359375, 1037.4124755859375]",1
frame_0013.png,extras,door,single door,single door.,0.2,0.2,5,0.3571,"[222.8025665283203, 597.6776733398438, 340.66900634765625, 1039.0635986328125]",1
frame_0013.png,extras,emergency exit sign,emergency exit sign,emergency exit sign.,0.18,0.18,4,0.2441,"[2760.99658203125, 339.92950439453125, 2858.2431640625, 449.59503173828125]",1
frame_0013.png,extras,emergency exit sign,exit sign,exit sign.,0.18,0.18,1,0.1904,"[2764.4326171875, 341.8899230957031, 2856.24658203125, 445.6375427246094]",1
frame_0013.png,extras,emergency exit sign,green emergency exit sign,green emergency exit sign.,0.18,0.18,6,0.2822,"[1403.6549072265625, 888.1132202148438, 1445.93603515625, 923.0447998046875]",1
frame_0013.png,extras,emergency exit sign,green exit sign,green exit sign.,0.18,0.18,4,0.3302,"[1402.9805908203125, 888.1221313476562, 1445.9825439453125, 923.5224609375]",1
frame_0013.png,extras,emergency exit sign,running man exit sign,running man exit sign.,0.18,0.18,4,0.4421,"[1154.33251953125, 1648.1231689453125, 1711.014892578125, 1852.8267822265625]",1
frame_0013.png,extras,emergency exit sign,fire exit sign,fire exit sign.,0.18,0.18,0,0.0,,0
frame_0013.png,extras,emergency exit sign,evacuation sign,evacuation sign.,0.18,0.18,1,0.2063,"[2725.657958984375, 307.3614501953125, 2876.69677734375, 474.8883361816406]",1
frame_0013.png,extras,meeting table set,meeting table set,meeting table set.,0.2,0.2,2,0.6165,"[444.9495544433594, 855.0228271484375, 1148.171142578125, 1078.907958984375]",1
frame_0013.png,extras,meeting table set,large meeting table,large meeting table.,0.2,0.2,1,0.7691,"[448.86505126953125, 859.8565063476562, 1146.683837890625, 1077.490478515625]",1
frame_0013.png,extras,meeting table set,conference table,conference table.,0.2,0.2,4,0.5556,"[453.96893310546875, 875.3912963867188, 1141.5390625, 1071.5068359375]",1
frame_0013.png,extras,meeting table set,metallic desk,metallic desk.,0.2,0.2,2,0.6131,"[451.4681396484375, 869.1066284179688, 1145.1285400390625, 1073.189208984375]",1
frame_0013.png,extras,meeting table set,long table with chairs,long table with chairs.,0.2,0.2,4,0.4862,"[445.59466552734375, 851.9705810546875, 1153.4241943359375, 1075.4998779296875]",1
frame_0013.png,extras,meeting table set,office meeting table,office meeting table.,0.2,0.2,3,0.6414,"[450.7745666503906, 868.8619384765625, 1144.505859375, 1074.688720703125]",1
frame_0013.png,extras,meeting table set,boardroom table,boardroom table.,0.2,0.2,2,0.6147,"[451.8731994628906, 870.158935546875, 1142.9954833984375, 1075.0997314453125]",1
frame_0013.png,extras,trash bin,trash bin,trash bin.,0.2,0.2,0,0.0,,0
frame_0013.png,extras,trash bin,indoor trash bin,indoor trash bin.,0.2,0.2,3,0.3388,"[2.80800461769104, 974.2374267578125, 183.3688507080078, 1197.054931640625]",1
frame_0013.png,extras,trash bin,garbage bin,garbage bin.,0.2,0.2,1,0.2315,"[1157.5164794921875, 910.6885375976562, 1207.591552734375, 985.8768920898438]",1
frame_0013.png,extras,trash bin,waste bin,waste bin.,0.2,0.2,2,0.2378,"[1157.510986328125, 910.7298583984375, 1207.7303466796875, 986.1144409179688]",1
frame_0013.png,extras,trash bin,recycling bin,recycling bin.,0.2,0.2,3,0.2614,"[1611.6329345703125, 985.180908203125, 1704.4141845703125, 1044.15771484375]",1
frame_0013.png,extras,trash bin,rubbish bin,rubbish bin.,0.2,0.2,5,0.2497,"[1611.2991943359375, 984.8272094726562, 1704.29638671875, 1044.1138916015625]",1
frame_0013.png,extras,trash bin,small trash can,small trash can.,0.2,0.2,2,0.5287,"[2.5722062587738037, 962.5765991210938, 189.13710021972656, 1200.3287353515625]",1
frame_0013.png,extras,water fountain,water fountain,water fountain.,0.18,0.18,3,0.3174,"[1158.0946044921875, 1655.6181640625, 1708.541748046875, 1855.8714599609375]",1
frame_0013.png,extras,water fountain,metallic water fountain,metallic water fountain.,0.18,0.18,4,0.392,"[1156.6142578125, 1653.5716552734375, 1709.4493408203125, 1854.883544921875]",1
frame_0013.png,extras,water fountain,drinking fountain,drinking fountain.,0.18,0.18,0,0.0,,0
frame_0013.png,extras,water fountain,water dispenser,water dispenser.,0.18,0.18,0,0.0,,0
frame_0013.png,extras,water fountain,wall water fountain,wall water fountain.,0.18,0.18,4,0.4334,"[1156.9544677734375, 1654.5301513671875, 1709.0029296875, 1855.307373046875]",1
frame_0013.png,extras,water fountain,stainless water fountain,stainless water fountain.,0.18,0.18,2,0.4009,"[1154.468505859375, 1651.005126953125, 1711.11328125, 1854.371826171875]",1
frame_0014.png,production,meeting table set,ALL_GROUP,meeting table. conference table. meeting table set.,0.35,0.35,1,0.5585,"[445.4940490722656, 848.69873046875, 1149.7896728515625, 1080.6634521484375]",1
frame_0014.png,production,chair,ALL_GROUP,chair. armless chair.,0.42,0.42,3,0.4445,"[451.7893981933594, 891.5598754882812, 573.1060791015625, 1030.42919921875]",1
frame_0014.png,production,bench,ALL_GROUP,bench. benches. metal bench. metallic bench. waiting bench.,0.38,0.38,0,0.0,,0
frame_0014.png,production,bottle+cup+cardboard box,ALL_GROUP,bottle. dark thermos. thermos. dark thermos bottle. cup. cups. white drinking cup. white drinking cups. cardboard box. brown cardboard. brown cardboard box.,0.28,0.28,1,0.3041,"[1608.7685546875, 981.7885131835938, 1706.0830078125, 1047.287109375]",1
frame_0014.png,production,water fountain+door,ALL_GROUP,water fountain. metallic fountain. metallic water fountain. door. doors. dark door. dark door surface. elevator sliding door. elevator sliding doors.,0.38,0.38,0,0.0,,0
frame_0014.png,production,emergency exit sign,ALL_GROUP,emergency exit sign. exit sign.,0.5,0.5,0,0.0,,0
frame_0014.png,production,trash bin,ALL_GROUP,trash bin. trash bins. indoor trash bin.,0.45,0.45,0,0.0,,0
frame_0014.png,extras,bench,bench,bench.,0.2,0.2,3,0.2139,"[2.0547008514404297, 1753.7830810546875, 431.7151794433594, 1857.003173828125]",1
frame_0014.png,extras,bench,metal bench,metal bench.,0.2,0.2,4,0.2722,"[3.2397007942199707, 1748.6719970703125, 438.5730895996094, 1854.6070556640625]",1
frame_0014.png,extras,bench,waiting bench,waiting bench.,0.2,0.2,4,0.3328,"[1.858835220336914, 1750.5391845703125, 437.5765686035156, 1855.2205810546875]",1
frame_0014.png,extras,bench,sitting bench,sitting bench.,0.2,0.2,5,0.3193,"[2.5465750694274902, 1751.181396484375, 434.4225769042969, 1856.0167236328125]",1
frame_0014.png,extras,bench,long bench,long bench.,0.2,0.2,4,0.3463,"[2.6311826705932617, 1750.0860595703125, 438.350830078125, 1854.8143310546875]",1
frame_0014.png,extras,bottle,bottle,bottle.,0.18,0.18,1,0.5529,"[1086.068359375, 859.6712646484375, 1102.6953125, 896.7723999023438]",1
frame_0014.png,extras,bottle,dark thermos bottle,dark thermos bottle.,0.18,0.18,2,0.2952,"[1081.81640625, 853.5872802734375, 1107.71044921875, 901.4965209960938]",1
frame_0014.png,extras,bottle,thermos bottle,thermos bottle.,0.18,0.18,1,0.3245,"[1083.5389404296875, 856.5868530273438, 1105.561279296875, 900.5313110351562]",1
frame_0014.png,extras,bottle,water bottle,water bottle.,0.18,0.18,1,0.4303,"[1083.552734375, 857.1284790039062, 1105.10791015625, 900.2910766601562]",1
frame_0014.png,extras,bottle,drink bottle,drink bottle.,0.18,0.18,1,0.2816,"[1084.63427734375, 857.54150390625, 1104.760009765625, 899.4158325195312]",1
frame_0014.png,extras,bottle,small bottle,small bottle.,0.18,0.18,2,0.5506,"[1081.9490966796875, 854.8958129882812, 1107.17138671875, 901.2978515625]",1
frame_0014.png,extras,cardboard box,cardboard box,cardboard box.,0.2,0.2,1,0.5317,"[1610.7803955078125, 984.7783203125, 1703.79541015625, 1044.794677734375]",1
frame_0014.png,extras,cardboard box,brown cardboard box,brown cardboard box.,0.2,0.2,2,0.5872,"[1608.50146484375, 981.8536987304688, 1705.7132568359375, 1046.8916015625]",1
frame_0014.png,extras,cardboard box,shipping box,shipping box.,0.2,0.2,3,0.431,"[1611.4117431640625, 986.00439453125, 1703.3089599609375, 1043.784423828125]",1
frame_0014.png,extras,cardboard box,package box,package box.,0.2,0.2,1,0.2417,"[1611.592041015625, 985.3976440429688, 1703.572998046875, 1043.9788818359375]",1
frame_0014.png,extras,cardboard box,small box,small box.,0.2,0.2,1,0.6796,"[1609.869873046875, 983.3949584960938, 1705.2236328125, 1045.7625732421875]",1
frame_0014.png,extras,cardboard box,box,box.,0.2,0.2,1,0.4406,"[1612.210693359375, 987.2352905273438, 1702.5169677734375, 1042.19384765625]",1
frame_0014.png,extras,chair,chair,chair.,0.2,0.2,8,0.2673,"[452.6587219238281, 895.1376342773438, 567.95458984375, 1028.1463623046875]",1
frame_0014.png,extras,chair,armless chair,armless chair.,0.2,0.2,7,0.4314,"[586.4259643554688, 861.3984985351562, 719.5965576171875, 1071.0750732421875]",1
frame_0014.png,extras,chair,office chair,office chair.,0.2,0.2,13,0.4179,"[587.8026123046875, 863.364501953125, 720.8833618164062, 1069.574951171875]",1
frame_0014.png,extras,chair,wheeled chair,wheeled chair.,0.2,0.2,8,0.4844,"[587.194091796875, 862.5292358398438, 718.52294921875, 1069.8345947265625]",1
frame_0014.png,extras,chair,swivel chair,swivel chair.,0.2,0.2,6,0.3888,"[586.140625, 861.1219482421875, 717.977294921875, 1071.5047607421875]",1
frame_0014.png,extras,chair,rolling chair,rolling chair.,0.2,0.2,8,0.4325,"[587.3643188476562, 862.2243041992188, 718.3295288085938, 1070.217529296875]",1
frame_0014.png,extras,cup,cup,cup.,0.18,0.18,1,0.3384,"[1086.911376953125, 861.3019409179688, 1102.7349853515625, 896.0911865234375]",1
frame_0014.png,extras,cup,white drinking cup,white drinking cup.,0.18,0.18,2,0.4128,"[1078.301513671875, 852.1480102539062, 1110.513916015625, 902.583251953125]",1
frame_0014.png,extras,cup,drinking cup,drinking cup.,0.18,0.18,0,0.0,,0
frame_0014.png,extras,cup,coffee cup,coffee cup.,0.18,0.18,0,0.0,,0
frame_0014.png,extras,cup,paper cup,paper cup.,0.18,0.18,0,0.0,,0
frame_0014.png,extras,cup,small cup,small cup.,0.18,0.18,2,0.3138,"[1081.733154296875, 854.9512939453125, 1108.3951416015625, 899.87353515625]",1
frame_0014.png,extras,door,door,door.,0.2,0.2,10,0.2963,"[229.02247619628906, 600.839111328125, 339.1260070800781, 1036.6002197265625]",1
frame_0014.png,extras,door,dark door surface,dark door surface.,0.2,0.2,5,0.3321,"[1552.4656982421875, 491.2543029785156, 1700.486572265625, 1002.3721923828125]",1
frame_0014.png,extras,door,wooden door,wooden door.,0.2,0.2,5,0.3518,"[224.79701232910156, 600.86865234375, 339.76666259765625, 1038.2987060546875]",1
frame_0014.png,extras,door,closed door,closed door.,0.2,0.2,5,0.358,"[223.02752685546875, 600.7661743164062, 339.6624755859375, 1039.215087890625]",1
frame_0014.png,extras,door,interior door,interior door.,0.2,0.2,10,0.3363,"[225.45069885253906, 599.3281860351562, 338.728271484375, 1037.8416748046875]",1
frame_0014.png,extras,door,single door,single door.,0.2,0.2,5,0.3671,"[221.93154907226562, 599.0147705078125, 340.3532409667969, 1039.71826171875]",1
frame_0014.png,extras,emergency exit sign,emergency exit sign,emergency exit sign.,0.18,0.18,4,0.2575,"[2763.441650390625, 342.7342224121094, 2856.50732421875, 446.3315734863281]",1
frame_0014.png,extras,emergency exit sign,exit sign,exit sign.,0.18,0.18,1,0.1956,"[2764.851318359375, 342.5713806152344, 2855.980224609375, 445.39666748046875]",1
frame_0014.png,extras,emergency exit sign,green emergency exit sign,green emergency exit sign.,0.18,0.18,6,0.2815,"[1403.6883544921875, 887.8972778320312, 1446.0364990234375, 923.1766357421875]",1
frame_0014.png,extras,emergency exit sign,green exit sign,green exit sign.,0.18,0.18,4,0.3348,"[1402.9580078125, 887.9490966796875, 1445.9515380859375, 923.5398559570312]",1
frame_0014.png,extras,emergency exit sign,running man exit sign,running man exit sign.,0.18,0.18,2,0.4487,"[1154.2347412109375, 1647.814453125, 1711.2537841796875, 1852.7484130859375]",1
frame_0014.png,extras,emergency exit sign,fire exit sign,fire exit sign.,0.18,0.18,0,0.0,,0
frame_0014.png,extras,emergency exit sign,evacuation sign,evacuation sign.,0.18,0.18,0,0.0,,0
frame_0014.png,extras,meeting table set,meeting table set,meeting table set.,0.2,0.2,2,0.6147,"[444.9619140625, 854.9339599609375, 1148.2352294921875, 1078.886474609375]",1
frame_0014.png,extras,meeting table set,large meeting table,large meeting table.,0.2,0.2,1,0.7695,"[448.871337890625, 859.8499145507812, 1146.338134765625, 1077.4881591796875]",1
frame_0014.png,extras,meeting table set,conference table,conference table.,0.2,0.2,4,0.5621,"[453.8252258300781, 875.423095703125, 1141.09765625, 1071.646484375]",1
frame_0014.png,extras,meeting table set,metallic desk,metallic desk.,0.2,0.2,2,0.6117,"[451.7184143066406, 869.3328247070312, 1144.654052734375, 1073.24755859375]",1
frame_0014.png,extras,meeting table set,long table with chairs,long table with chairs.,0.2,0.2,4,0.478,"[445.6784973144531, 852.6124877929688, 1152.943115234375, 1075.5703125]",1
frame_0014.png,extras,meeting table set,office meeting table,office meeting table.,0.2,0.2,3,0.6354,"[450.6543273925781, 868.7267456054688, 1144.2657470703125, 1074.82373046875]",1
frame_0014.png,extras,meeting table set,boardroom table,boardroom table.,0.2,0.2,2,0.6072,"[451.69549560546875, 869.8049926757812, 1142.955810546875, 1075.0721435546875]",1
frame_0014.png,extras,trash bin,trash bin,trash bin.,0.2,0.2,0,0.0,,0
frame_0014.png,extras,trash bin,indoor trash bin,indoor trash bin.,0.2,0.2,2,0.3176,"[2.7092885971069336, 974.5158081054688, 183.41578674316406, 1197.08837890625]",1
frame_0014.png,extras,trash bin,garbage bin,garbage bin.,0.2,0.2,1,0.2251,"[1157.58544921875, 910.5549926757812, 1207.4271240234375, 985.71435546875]",1
frame_0014.png,extras,trash bin,waste bin,waste bin.,0.2,0.2,1,0.2287,"[1157.542236328125, 910.646484375, 1207.6103515625, 985.9871826171875]",1
frame_0014.png,extras,trash bin,recycling bin,recycling bin.,0.2,0.2,3,0.264,"[1611.6707763671875, 985.2116088867188, 1704.2559814453125, 1044.214599609375]",1
frame_0014.png,extras,trash bin,rubbish bin,rubbish bin.,0.2,0.2,6,0.2472,"[1611.2423095703125, 984.7852172851562, 1704.1962890625, 1044.193603515625]",1
frame_0014.png,extras,trash bin,small trash can,small trash can.,0.2,0.2,3,0.5024,"[2.54508376121521, 963.1934204101562, 189.2119903564453, 1200.722900390625]",1
frame_0014.png,extras,water fountain,water fountain,water fountain.,0.18,0.18,3,0.319,"[1158.0908203125, 1655.228271484375, 1708.6297607421875, 1855.834228515625]",1
frame_0014.png,extras,water fountain,metallic water fountain,metallic water fountain.,0.18,0.18,4,0.395,"[1156.534912109375, 1653.2081298828125, 1709.5494384765625, 1854.821044921875]",1
frame_0014.png,extras,water fountain,drinking fountain,drinking fountain.,0.18,0.18,0,0.0,,0
frame_0014.png,extras,water fountain,water dispenser,water dispenser.,0.18,0.18,1,0.1834,"[1081.637451171875, 856.3132934570312, 1106.488525390625, 900.5771484375]",1
frame_0014.png,extras,water fountain,wall water fountain,wall water fountain.,0.18,0.18,5,0.4264,"[1156.87353515625, 1654.23681640625, 1709.1070556640625, 1855.265625]",1
frame_0014.png,extras,water fountain,stainless water fountain,stainless water fountain.,0.18,0.18,2,0.3983,"[1154.3790283203125, 1650.6632080078125, 1711.2373046875, 1854.2900390625]",1
frame_0015.png,production,meeting table set,ALL_GROUP,meeting table. conference table. meeting table set.,0.35,0.35,1,0.5626,"[445.60821533203125, 848.9730224609375, 1149.715576171875, 1080.3380126953125]",1
frame_0015.png,production,chair,ALL_GROUP,chair. armless chair.,0.42,0.42,3,0.4489,"[451.86639404296875, 891.5455932617188, 572.6533203125, 1029.9718017578125]",1
frame_0015.png,production,bench,ALL_GROUP,bench. benches. metal bench. metallic bench. waiting bench.,0.38,0.38,0,0.0,,0
frame_0015.png,production,bottle+cup+cardboard box,ALL_GROUP,bottle. dark thermos. thermos. dark thermos bottle. cup. cups. white drinking cup. white drinking cups. cardboard box. brown cardboard. brown cardboard box.,0.28,0.28,1,0.3075,"[1608.758544921875, 981.6766967773438, 1706.2430419921875, 1047.206298828125]",1
frame_0015.png,production,water fountain+door,ALL_GROUP,water fountain. metallic fountain. metallic water fountain. door. doors. dark door. dark door surface. elevator sliding door. elevator sliding doors.,0.38,0.38,0,0.0,,0
frame_0015.png,production,emergency exit sign,ALL_GROUP,emergency exit sign. exit sign.,0.5,0.5,0,0.0,,0
frame_0015.png,production,trash bin,ALL_GROUP,trash bin. trash bins. indoor trash bin.,0.45,0.45,0,0.0,,0
frame_0015.png,extras,bench,bench,bench.,0.2,0.2,3,0.2117,"[2.0421481132507324, 1753.461181640625, 432.5335388183594, 1856.9495849609375]",1
frame_0015.png,extras,bench,metal bench,metal bench.,0.2,0.2,4,0.2781,"[3.2086944580078125, 1748.516845703125, 439.5223388671875, 1854.5889892578125]",1
frame_0015.png,extras,bench,waiting bench,waiting bench.,0.2,0.2,3,0.3389,"[1.8358755111694336, 1750.2119140625, 437.9491882324219, 1855.156982421875]",1
frame_0015.png,extras,bench,sitting bench,sitting bench.,0.2,0.2,7,0.3019,"[2.5774741172790527, 1750.9111328125, 434.7259216308594, 1855.9710693359375]",1
frame_0015.png,extras,bench,long bench,long bench.,0.2,0.2,3,0.3589,"[2233.91845703125, 1662.6651611328125, 2878.2978515625, 1853.8736572265625]",1
frame_0015.png,extras,bottle,bottle,bottle.,0.18,0.18,1,0.5747,"[1086.150390625, 859.4788818359375, 1102.6397705078125, 896.8695678710938]",1
frame_0015.png,extras,bottle,dark thermos bottle,dark thermos bottle.,0.18,0.18,2,0.3033,"[1082.0185546875, 853.456298828125, 1107.532470703125, 901.8715209960938]",1
frame_0015.png,extras,bottle,thermos bottle,thermos bottle.,0.18,0.18,1,0.3409,"[1083.7257080078125, 856.3375854492188, 1105.5433349609375, 900.7805786132812]",1
frame_0015.png,extras,bottle,water bottle,water bottle.,0.18,0.18,1,0.4447,"[1083.705810546875, 856.8877563476562, 1105.0462646484375, 900.3972778320312]",1
frame_0015.png,extras,bottle,drink bottle,drink bottle.,0.18,0.18,1,0.2975,"[1084.7969970703125, 857.3355712890625, 1104.6099853515625, 899.6387939453125]",1
frame_0015.png,extras,bottle,small bottle,small bottle.,0.18,0.18,2,0.5709,"[1082.0997314453125, 854.7622680664062, 1107.1077880859375, 901.4226684570312]",1
frame_0015.png,extras,cardboard box,cardboard box,cardboard box.,0.2,0.2,1,0.5369,"[1610.7314453125, 984.641845703125, 1703.8790283203125, 1044.7540283203125]",1
frame_0015.png,extras,cardboard box,brown cardboard box,brown cardboard box.,0.2,0.2,1,0.5978,"[1608.494873046875, 981.7550659179688, 1705.8516845703125, 1046.8109130859375]",1
frame_0015.png,extras,cardboard box,shipping box,shipping box.,0.2,0.2,2,0.4417,"[1611.403564453125, 985.915771484375, 1703.386962890625, 1043.71533203125]",1
frame_0015.png,extras,cardboard box,package box,package box.,0.2,0.2,1,0.2551,"[1611.558837890625, 985.3090209960938, 1703.589599609375, 1043.9254150390625]",1
frame_0015.png,extras,cardboard box,small box,small box.,0.2,0.2,1,0.6899,"[1609.83984375, 983.259033203125, 1705.3511962890625, 1045.7086181640625]",1
frame_0015.png,extras,cardboard box,box,box.,0.2,0.2,1,0.4548,"[1612.1849365234375, 987.1343383789062, 1702.6378173828125, 1042.126708984375]",1
frame_0015.png,extras,chair,chair,chair.,0.2,0.2,8,0.2676,"[452.5431213378906, 895.1691284179688, 567.6431274414062, 1027.6029052734375]",1
frame_0015.png,extras,chair,armless chair,armless chair.,0.2,0.2,7,0.4283,"[586.4647827148438, 861.416748046875, 717.2601318359375, 1071.0023193359375]",1
frame_0015.png,extras,chair,office chair,office chair.,0.2,0.2,12,0.4235,"[587.8280639648438, 863.40673828125, 719.3478393554688, 1069.6805419921875]",1
frame_0015.png,extras,chair,wheeled chair,wheeled chair.,0.2,0.2,8,0.4897,"[587.181884765625, 862.6260375976562, 716.8568725585938, 1069.811279296875]",1
frame_0015.png,extras,chair,swivel chair,swivel chair.,0.2,0.2,6,0.3915,"[586.2290649414062, 861.1741333007812, 716.1697387695312, 1071.4013671875]",1
frame_0015.png,extras,chair,rolling chair,rolling chair.,0.2,0.2,8,0.4347,"[587.367431640625, 862.2753295898438, 716.5732421875, 1070.149658203125]",1
frame_0015.png,extras,cup,cup,cup.,0.18,0.18,1,0.3462,"[1087.060546875, 861.07470703125, 1102.7427978515625, 896.22998046875]",1
frame_0015.png,extras,cup,white drinking cup,white drinking cup.,0.18,0.18,3,0.4252,"[1078.3299560546875, 851.9003295898438, 1110.7266845703125, 902.9393310546875]",1
frame_0015.png,extras,cup,drinking cup,drinking cup.,0.18,0.18,0,0.0,,0
frame_0015.png,extras,cup,coffee cup,coffee cup.,0.18,0.18,0,0.0,,0
frame_0015.png,extras,cup,paper cup,paper cup.,0.18,0.18,0,0.0,,0
frame_0015.png,extras,cup,small cup,small cup.,0.18,0.18,2,0.3172,"[1081.6849365234375, 854.6771240234375, 1108.365966796875, 900.1033325195312]",1
frame_0015.png,extras,door,door,door.,0.2,0.2,13,0.2884,"[229.99099731445312, 601.203369140625, 338.66693115234375, 1036.5289306640625]",1
frame_0015.png,extras,door,dark door surface,dark door surface.,0.2,0.2,5,0.3222,"[1551.8197021484375, 491.6861267089844, 1701.3521728515625, 1003.0015869140625]",1
frame_0015.png,extras,door,wooden door,wooden door.,0.2,0.2,7,0.3375,"[225.8309326171875, 601.698974609375, 339.6240539550781, 1038.138427734375]",1
frame_0015.png,extras,door,closed door,closed door.,0.2,0.2,5,0.3455,"[224.36961364746094, 601.1610717773438, 339.2742614746094, 1038.9619140625]",1
frame_0015.png,extras,door,interior door,interior door.,0.2,0.2,11,0.3371,"[226.3579559326172, 599.2872314453125, 338.4516296386719, 1037.5743408203125]",1
frame_0015.png,extras,door,single door,single door.,0.2,0.2,7,0.3512,"[223.4452362060547, 599.4230346679688, 340.0531311035156, 1039.39111328125]",1
frame_0015.png,extras,emergency exit sign,emergency exit sign,emergency exit sign.,0.18,0.18,5,0.2153,"[2757.665771484375, 336.9972229003906, 2859.894287109375, 453.0704345703125]",1
frame_0015.png,extras,emergency exit sign,exit sign,exit sign.,0.18,0.18,0,0.0,,0
frame_0015.png,extras,emergency exit sign,green emergency exit sign,green emergency exit sign.,0.18,0.18,4,0.2973,"[1403.584228515625, 887.9319458007812, 1446.00439453125, 923.1613159179688]",1
frame_0015.png,extras,emergency exit sign,green exit sign,green exit sign.,0.18,0.18,2,0.3335,"[1402.8536376953125, 887.906005859375, 1445.9892578125, 923.6167602539062]",1
frame_0015.png,extras,emergency exit sign,running man exit sign,running man exit sign.,0.18,0.18,3,0.4416,"[1154.39697265625, 1647.84326171875, 1711.1954345703125, 1852.744140625]",1
frame_0015.png,extras,emergency exit sign,fire exit sign,fire exit sign.,0.18,0.18,0,0.0,,0
frame_0015.png,extras,emergency exit sign,evacuation sign,evacuation sign.,0.18,0.18,1,0.1864,"[2725.322509765625, 306.4518127441406, 2876.839111328125, 476.0223693847656]",1
frame_0015.png,extras,meeting table set,meeting table set,meeting table set.,0.2,0.2,2,0.6154,"[444.9595031738281, 854.8544311523438, 1148.2708740234375, 1078.751953125]",1
frame_0015.png,extras,meeting table set,large meeting table,large meeting table.,0.2,0.2,1,0.7613,"[449.2493591308594, 859.8182373046875, 1146.4957275390625, 1077.3360595703125]",1
frame_0015.png,extras,meeting table set,conference table,conference table.,0.2,0.2,4,0.5561,"[454.0679016113281, 875.86865234375, 1141.2520751953125, 1070.9141845703125]",1
frame_0015.png,extras,meeting table set,metallic desk,metallic desk.,0.2,0.2,2,0.6002,"[452.1854553222656, 869.2682495117188, 1144.7855224609375, 1072.840576171875]",1
frame_0015.png,extras,meeting table set,long table with chairs,long table with chairs.,0.2,0.2,4,0.4879,"[446.05230712890625, 853.0282592773438, 1153.2520751953125, 1074.9420166015625]",1
frame_0015.png,extras,meeting table set,office meeting table,office meeting table.,0.2,0.2,3,0.6264,"[450.9487609863281, 868.1646728515625, 1144.440185546875, 1074.31884765625]",1
frame_0015.png,extras,meeting table set,boardroom table,boardroom table.,0.2,0.2,2,0.6056,"[451.9903259277344, 869.8281860351562, 1143.04150390625, 1074.9520263671875]",1
frame_0015.png,extras,trash bin,trash bin,trash bin.,0.2,0.2,0,0.0,,0
frame_0015.png,extras,trash bin,indoor trash bin,indoor trash bin.,0.2,0.2,3,0.3504,"[2.7846479415893555, 973.6041870117188, 183.01089477539062, 1197.2939453125]",1
frame_0015.png,extras,trash bin,garbage bin,garbage bin.,0.2,0.2,2,0.2199,"[2.6546895503997803, 976.07421875, 181.77978515625, 1196.5467529296875]",1
frame_0015.png,extras,trash bin,waste bin,waste bin.,0.2,0.2,2,0.2294,"[2.55781888961792, 975.9822387695312, 181.94728088378906, 1196.83740234375]",1
frame_0015.png,extras,trash bin,recycling bin,recycling bin.,0.2,0.2,3,0.2765,"[1.7668461799621582, 976.2537231445312, 182.06863403320312, 1197.3836669921875]",1
frame_0015.png,extras,trash bin,rubbish bin,rubbish bin.,0.2,0.2,5,0.2732,"[1.8413901329040527, 975.9998168945312, 182.0529022216797, 1197.5555419921875]",1
frame_0015.png,extras,trash bin,small trash can,small trash can.,0.2,0.2,2,0.5842,"[2.5259220600128174, 960.4639282226562, 188.7262725830078, 1200.955322265625]",1
frame_0015.png,extras,water fountain,water fountain,water fountain.,0.18,0.18,3,0.3211,"[1158.0047607421875, 1654.9989013671875, 1708.7479248046875, 1855.842529296875]",1
frame_0015.png,extras,water fountain,metallic water fountain,metallic water fountain.,0.18,0.18,4,0.3954,"[1156.5303955078125, 1652.9921875, 1709.6446533203125, 1854.81103515625]",1
frame_0015.png,extras,water fountain,drinking fountain,drinking fountain.,0.18,0.18,0,0.0,,0
frame_0015.png,extras,water fountain,water dispenser,water dispenser.,0.18,0.18,0,0.0,,0
frame_0015.png,extras,water fountain,wall water fountain,wall water fountain.,0.18,0.18,5,0.4334,"[1156.876953125, 1653.986328125, 1709.17041015625, 1855.261474609375]",1
frame_0015.png,extras,water fountain,stainless water fountain,stainless water fountain.,0.18,0.18,2,0.4045,"[1154.4195556640625, 1650.314697265625, 1711.3140869140625, 1854.28662109375]",1
frame_0016.png,production,meeting table set,ALL_GROUP,meeting table. conference table. meeting table set.,0.35,0.35,1,0.5617,"[445.65972900390625, 848.9912109375, 1149.6624755859375, 1080.45263671875]",1
frame_0016.png,production,chair,ALL_GROUP,chair. armless chair.,0.42,0.42,4,0.4488,"[587.0051879882812, 862.9564819335938, 717.15478515625, 1070.54296875]",1
frame_0016.png,production,bench,ALL_GROUP,bench. benches. metal bench. metallic bench. waiting bench.,0.38,0.38,0,0.0,,0
frame_0016.png,production,bottle+cup+cardboard box,ALL_GROUP,bottle. dark thermos. thermos. dark thermos bottle. cup. cups. white drinking cup. white drinking cups. cardboard box. brown cardboard. brown cardboard box.,0.28,0.28,1,0.2966,"[1608.73046875, 981.8843383789062, 1706.203857421875, 1047.2332763671875]",1
frame_0016.png,production,water fountain+door,ALL_GROUP,water fountain. metallic fountain. metallic water fountain. door. doors. dark door. dark door surface. elevator sliding door. elevator sliding doors.,0.38,0.38,0,0.0,,0
frame_0016.png,production,emergency exit sign,ALL_GROUP,emergency exit sign. exit sign.,0.5,0.5,0,0.0,,0
frame_0016.png,production,trash bin,ALL_GROUP,trash bin. trash bins. indoor trash bin.,0.45,0.45,0,0.0,,0
frame_0016.png,extras,bench,bench,bench.,0.2,0.2,3,0.2221,"[1.9752860069274902, 1753.6890869140625, 431.2043762207031, 1856.911376953125]",1
frame_0016.png,extras,bench,metal bench,metal bench.,0.2,0.2,4,0.27,"[3.1795549392700195, 1748.67529296875, 437.8843078613281, 1854.521484375]",1
frame_0016.png,extras,bench,waiting bench,waiting bench.,0.2,0.2,2,0.3694,"[2235.4375, 1663.7996826171875, 2879.448486328125, 1854.40771484375]",1
frame_0016.png,extras,bench,sitting bench,sitting bench.,0.2,0.2,5,0.3098,"[2.3664164543151855, 1751.1092529296875, 433.4991455078125, 1855.93505859375]",1
frame_0016.png,extras,bench,long bench,long bench.,0.2,0.2,4,0.3829,"[2.535717487335205, 1750.0517578125, 437.2628173828125, 1854.7232666015625]",1
frame_0016.png,extras,bottle,bottle,bottle.,0.18,0.18,1,0.568,"[1086.35400390625, 859.6627807617188, 1102.799560546875, 896.7538452148438]",1
frame_0016.png,extras,bottle,dark thermos bottle,dark thermos bottle.,0.18,0.18,2,0.2922,"[1082.1624755859375, 853.5699462890625, 1107.6588134765625, 901.4827270507812]",1
frame_0016.png,extras,bottle,thermos bottle,thermos bottle.,0.18,0.18,1,0.3288,"[1083.8673095703125, 856.4973754882812, 1105.632080078125, 900.6412353515625]",1
frame_0016.png,extras,bottle,water bottle,water bottle.,0.18,0.18,1,0.4312,"[1083.8482666015625, 857.0695190429688, 1105.160400390625, 900.2839965820312]",1
frame_0016.png,extras,bottle,drink bottle,drink bottle.,0.18,0.18,1,0.2905,"[1084.916259765625, 857.5470581054688, 1104.72802734375, 899.5586547851562]",1
frame_0016.png,extras,bottle,small bottle,small bottle.,0.18,0.18,2,0.5631,"[1082.224609375, 854.9322509765625, 1107.22802734375, 901.445556640625]",1
frame_0016.png,extras,cardboard box,cardboard box,cardboard box.,0.2,0.2,1,0.524,"[1610.707275390625, 984.7255859375, 1704.037109375, 1044.8001708984375]",1
frame_0016.png,extras,cardboard box,brown cardboard box,brown cardboard box.,0.2,0.2,2,0.5821,"[1608.423095703125, 981.8117065429688, 1705.8681640625, 1046.8914794921875]",1
frame_0016.png,extras,cardboard box,shipping box,shipping box.,0.2,0.2,2,0.4299,"[1611.3206787109375, 985.980224609375, 1703.4334716796875, 1043.742919921875]",1
frame_0016.png,extras,cardboard box,package box,package box.,0.2,0.2,1,0.2381,"[1611.423828125, 985.40771484375, 1703.7322998046875, 1043.911865234375]",1
frame_0016.png,extras,cardboard box,small box,small box.,0.2,0.2,1,0.6747,"[1609.8160400390625, 983.3070678710938, 1705.469482421875, 1045.767578125]",1
frame_0016.png,extras,cardboard box,box,box.,0.2,0.2,1,0.4345,"[1612.1168212890625, 987.1939697265625, 1702.7052001953125, 1042.1331787109375]",1
frame_0016.png,extras,chair,chair,chair.,0.2,0.2,8,0.2636,"[452.614990234375, 895.0376586914062, 568.3087768554688, 1027.7161865234375]",1
frame_0016.png,extras,chair,armless chair,armless chair.,0.2,0.2,7,0.4296,"[586.6314086914062, 861.4861450195312, 719.0903930664062, 1070.8641357421875]",1
frame_0016.png,extras,chair,office chair,office chair.,0.2,0.2,12,0.4163,"[587.8052978515625, 863.4185791015625, 720.9864501953125, 1069.45361328125]",1
frame_0016.png,extras,chair,wheeled chair,wheeled chair.,0.2,0.2,9,0.4896,"[587.3833618164062, 862.649658203125, 718.4765014648438, 1069.5679931640625]",1
frame_0016.png,extras,chair,swivel chair,swivel chair.,0.2,0.2,6,0.3838,"[586.5685424804688, 861.20947265625, 718.1263427734375, 1071.2113037109375]",1
frame_0016.png,extras,chair,rolling chair,rolling chair.,0.2,0.2,8,0.4334,"[587.5307006835938, 862.335205078125, 718.8178100585938, 1070.0556640625]",1
frame_0016.png,extras,cup,cup,cup.,0.18,0.18,1,0.3391,"[1087.3155517578125, 861.2920532226562, 1102.9268798828125, 896.1264038085938]",1
frame_0016.png,extras,cup,white drinking cup,white drinking cup.,0.18,0.18,3,0.4087,"[1078.702880859375, 852.218505859375, 1110.3883056640625, 902.6728515625]",1
frame_0016.png,extras,cup,drinking cup,drinking cup.,0.18,0.18,0,0.0,,0
frame_0016.png,extras,cup,coffee cup,coffee cup.,0.18,0.18,0,0.0,,0
frame_0016.png,extras,cup,paper cup,paper cup.,0.18,0.18,0,0.0,,0
frame_0016.png,extras,cup,small cup,small cup.,0.18,0.18,2,0.319,"[1082.05859375, 854.8456420898438, 1108.455322265625, 899.8789672851562]",1
frame_0016.png,extras,door,door,door.,0.2,0.2,11,0.2898,"[229.77969360351562, 601.2745971679688, 338.7924499511719, 1036.297607421875]",1
frame_0016.png,extras,door,dark door surface,dark door surface.,0.2,0.2,4,0.3295,"[1552.3333740234375, 491.2367248535156, 1700.461669921875, 1002.902587890625]",1
frame_0016.png,extras,door,wooden door,wooden door.,0.2,0.2,6,0.3419,"[225.46121215820312, 601.6610107421875, 339.7701721191406, 1037.8917236328125]",1
frame_0016.png,extras,door,closed door,closed door.,0.2,0.2,5,0.3469,"[223.96621704101562, 601.2313842773438, 339.69268798828125, 1038.7174072265625]",1
frame_0016.png,extras,door,interior door,interior door.,0.2,0.2,10,0.3393,"[225.95571899414062, 599.5791625976562, 338.83270263671875, 1037.2110595703125]",1
frame_0016.png,extras,door,single door,single door.,0.2,0.2,4,0.3555,"[222.98106384277344, 599.448974609375, 340.38446044921875, 1039.14208984375]",1
frame_0016.png,extras,emergency exit sign,emergency exit sign,emergency exit sign.,0.18,0.18,4,0.2766,"[2762.9033203125, 341.7714538574219, 2858.03564453125, 447.3218078613281]",1
frame_0016.png,extras,emergency exit sign,exit sign,exit sign.,0.18,0.18,2,0.2191,"[2763.638916015625, 341.7659912109375, 2857.93603515625, 446.5184631347656]",1
frame_0016.png,extras,emergency exit sign,green emergency exit sign,green emergency exit sign.,0.18,0.18,6,0.3073,"[2751.455322265625, 332.1278076171875, 2862.15625, 458.4890441894531]",1
frame_0016.png,extras,emergency exit sign,green exit sign,green exit sign.,0.18,0.18,4,0.3222,"[1403.076904296875, 888.1565551757812, 1445.8028564453125, 923.4447021484375]",1
frame_0016.png,extras,emergency exit sign,running man exit sign,running man exit sign.,0.18,0.18,3,0.4403,"[1155.021728515625, 1648.004150390625, 1710.807861328125, 1852.7139892578125]",1
frame_0016.png,extras,emergency exit sign,fire exit sign,fire exit sign.,0.18,0.18,0,0.0,,0
frame_0016.png,extras,emergency exit sign,evacuation sign,evacuation sign.,0.18,0.18,2,0.2011,"[2724.882568359375, 306.63079833984375, 2877.00390625, 476.19073486328125]",1
frame_0016.png,extras,meeting table set,meeting table set,meeting table set.,0.2,0.2,2,0.6148,"[445.0763244628906, 854.8079833984375, 1148.190185546875, 1078.892578125]",1
frame_0016.png,extras,meeting table set,large meeting table,large meeting table.,0.2,0.2,1,0.762,"[449.2388610839844, 860.0208740234375, 1146.19140625, 1077.6275634765625]",1
frame_0016.png,extras,meeting table set,conference table,conference table.,0.2,0.2,4,0.5545,"[454.062744140625, 875.4346923828125, 1141.2301025390625, 1072.0181884765625]",1
frame_0016.png,extras,meeting table set,metallic desk,metallic desk.,0.2,0.2,2,0.6201,"[451.99951171875, 869.249755859375, 1144.815185546875, 1073.3116455078125]",1
frame_0016.png,extras,meeting table set,long table with chairs,long table with chairs.,0.2,0.2,4,0.4751,"[445.68048095703125, 853.2258911132812, 1153.4051513671875, 1075.4112548828125]",1
frame_0016.png,extras,meeting table set,office meeting table,office meeting table.,0.2,0.2,3,0.6337,"[450.9565734863281, 868.5603637695312, 1144.2132568359375, 1075.1080322265625]",1
frame_0016.png,extras,meeting table set,boardroom table,boardroom table.,0.2,0.2,2,0.6062,"[452.1064147949219, 869.8935546875, 1142.884765625, 1075.1717529296875]",1
frame_0016.png,extras,trash bin,trash bin,trash bin.,0.2,0.2,0,0.0,,0
frame_0016.png,extras,trash bin,indoor trash bin,indoor trash bin.,0.2,0.2,3,0.3353,"[2.7498114109039307, 974.200927734375, 183.16668701171875, 1197.3067626953125]",1
frame_0016.png,extras,trash bin,garbage bin,garbage bin.,0.2,0.2,1,0.226,"[1157.5194091796875, 910.888671875, 1207.6217041015625, 985.6185913085938]",1
frame_0016.png,extras,trash bin,waste bin,waste bin.,0.2,0.2,2,0.2305,"[1157.537841796875, 910.9865112304688, 1207.7691650390625, 985.888427734375]",1
frame_0016.png,extras,trash bin,recycling bin,recycling bin.,0.2,0.2,3,0.2632,"[1611.5478515625, 985.2020263671875, 1704.389892578125, 1044.1893310546875]",1
frame_0016.png,extras,trash bin,rubbish bin,rubbish bin.,0.2,0.2,5,0.2448,"[1611.13818359375, 984.7561645507812, 1704.2698974609375, 1044.172119140625]",1
frame_0016.png,extras,trash bin,small trash can,small trash can.,0.2,0.2,2,0.5299,"[2.522306442260742, 962.6406860351562, 188.98744201660156, 1200.75390625]",1
frame_0016.png,extras,water fountain,water fountain,water fountain.,0.18,0.18,2,0.3197,"[1158.3455810546875, 1655.1417236328125, 1708.5240478515625, 1855.8458251953125]",1
frame_0016.png,extras,water fountain,metallic water fountain,metallic water fountain.,0.18,0.18,4,0.3915,"[1156.807861328125, 1653.0753173828125, 1709.424072265625, 1854.8104248046875]",1
frame_0016.png,extras,water fountain,drinking fountain,drinking fountain.,0.18,0.18,0,0.0,,0
frame_0016.png,extras,water fountain,water dispenser,water dispenser.,0.18,0.18,0,0.0,,0
frame_0016.png,extras,water fountain,wall water fountain,wall water fountain.,0.18,0.18,5,0.4265,"[1157.1226806640625, 1654.125244140625, 1709.0048828125, 1855.2764892578125]",1
frame_0016.png,extras,water fountain,stainless water fountain,stainless water fountain.,0.18,0.18,2,0.3939,"[1154.6689453125, 1650.549072265625, 1711.1226806640625, 1854.274658203125]",1
frame_0017.png,production,meeting table set,ALL_GROUP,meeting table. conference table. meeting table set.,0.35,0.35,1,0.5615,"[445.7793273925781, 848.9705200195312, 1149.9063720703125, 1080.7032470703125]",1
frame_0017.png,production,chair,ALL_GROUP,chair. armless chair.,0.42,0.42,5,0.4537,"[586.7625122070312, 862.9193725585938, 716.9113159179688, 1070.7366943359375]",1
frame_0017.png,production,bench,ALL_GROUP,bench. benches. metal bench. metallic bench. waiting bench.,0.38,0.38,0,0.0,,0
frame_0017.png,production,bottle+cup+cardboard box,ALL_GROUP,bottle. dark thermos. thermos. dark thermos bottle. cup. cups. white drinking cup. white drinking cups. cardboard box. brown cardboard. brown cardboard box.,0.28,0.28,1,0.2967,"[1608.8104248046875, 981.8342895507812, 1706.1138916015625, 1047.2972412109375]",1
frame_0017.png,production,water fountain+door,ALL_GROUP,water fountain. metallic fountain. metallic water fountain. door. doors. dark door. dark door surface. elevator sliding door. elevator sliding doors.,0.38,0.38,0,0.0,,0
frame_0017.png,production,emergency exit sign,ALL_GROUP,emergency exit sign. exit sign.,0.5,0.5,0,0.0,,0
frame_0017.png,production,trash bin,ALL_GROUP,trash bin. trash bins. indoor trash bin.,0.45,0.45,0,0.0,,0
frame_0017.png,extras,bench,bench,bench.,0.2,0.2,2,0.2161,"[2.075021266937256, 1753.6019287109375, 430.8014831542969, 1856.956298828125]",1
frame_0017.png,extras,bench,metal bench,metal bench.,0.2,0.2,3,0.2679,"[3.2866287231445312, 1748.6187744140625, 437.39190673828125, 1854.5562744140625]",1
frame_0017.png,extras,bench,waiting bench,waiting bench.,0.2,0.2,5,0.3139,"[2.014639377593994, 1750.3828125, 435.8458251953125, 1855.0953369140625]",1
frame_0017.png,extras,bench,sitting bench,sitting bench.,0.2,0.2,7,0.295,"[2.4979519844055176, 1751.1065673828125, 432.89385986328125, 1855.937744140625]",1
frame_0017.png,extras,bench,long bench,long bench.,0.2,0.2,4,0.3308,"[2.675042152404785, 1749.9068603515625, 437.1063537597656, 1854.6832275390625]",1
frame_0017.png,extras,bottle,bottle,bottle.,0.18,0.18,1,0.5683,"[1086.24365234375, 859.7366943359375, 1102.65771484375, 896.75439453125]",1
frame_0017.png,extras,bottle,dark thermos bottle,dark thermos bottle.,0.18,0.18,2,0.2931,"[1082.032958984375, 853.5397338867188, 1107.445068359375, 901.3280639648438]",1
frame_0017.png,extras,bottle,thermos bottle,thermos bottle.,0.18,0.18,1,0.3342,"[1083.77099609375, 856.609619140625, 1105.4537353515625, 900.6105346679688]",1
frame_0017.png,extras,bottle,water bottle,water bottle.,0.18,0.18,1,0.4338,"[1083.707763671875, 857.1232299804688, 1104.9990234375, 900.2852783203125]",1
frame_0017.png,extras,bottle,drink bottle,drink bottle.,0.18,0.18,1,0.2926,"[1084.7679443359375, 857.7267456054688, 1104.5531005859375, 899.4970092773438]",1
frame_0017.png,extras,bottle,small bottle,small bottle.,0.18,0.18,2,0.5674,"[1082.0687255859375, 854.951904296875, 1107.0811767578125, 901.3419799804688]",1
frame_0017.png,extras,cardboard box,cardboard box,cardboard box.,0.2,0.2,1,0.5236,"[1610.82177734375, 984.786865234375, 1703.7784423828125, 1044.8349609375]",1
frame_0017.png,extras,cardboard box,brown cardboard box,brown cardboard box.,0.2,0.2,2,0.5866,"[1608.5367431640625, 981.8897705078125, 1705.7283935546875, 1046.9639892578125]",1
frame_0017.png,extras,cardboard box,shipping box,shipping box.,0.2,0.2,3,0.4326,"[1611.4033203125, 986.0398559570312, 1703.2342529296875, 1043.7852783203125]",1
frame_0017.png,extras,cardboard box,package box,package box.,0.2,0.2,1,0.2443,"[1611.586669921875, 985.4115600585938, 1703.504150390625, 1043.93017578125]",1
frame_0017.png,extras,cardboard box,small box,small box.,0.2,0.2,1,0.6785,"[1609.91162109375, 983.3516235351562, 1705.208740234375, 1045.853271484375]",1
frame_0017.png,extras,cardboard box,box,box.,0.2,0.2,1,0.439,"[1612.20703125, 987.26904296875, 1702.598876953125, 1042.24462890625]",1
frame_0017.png,extras,chair,chair,chair.,0.2,0.2,8,0.2667,"[452.5638122558594, 895.1295776367188, 568.4644775390625, 1027.736572265625]",1
frame_0017.png,extras,chair,armless chair,armless chair.,0.2,0.2,7,0.4301,"[586.4698486328125, 861.473388671875, 718.9492797851562, 1071.1136474609375]",1
frame_0017.png,extras,chair,office chair,office chair.,0.2,0.2,11,0.4231,"[587.7412719726562, 863.44873046875, 720.302490234375, 1069.58935546875]",1
frame_0017.png,extras,chair,wheeled chair,wheeled chair.,0.2,0.2,8,0.4913,"[587.3446655273438, 862.637451171875, 718.01611328125, 1069.843017578125]",1
frame_0017.png,extras,chair,swivel chair,swivel chair.,0.2,0.2,6,0.388,"[586.2564697265625, 861.1574096679688, 717.4993896484375, 1071.521484375]",1
frame_0017.png,extras,chair,rolling chair,rolling chair.,0.2,0.2,7,0.4367,"[587.399169921875, 862.2863159179688, 717.9229736328125, 1070.1781005859375]",1
frame_0017.png,extras,cup,cup,cup.,0.18,0.18,1,0.3495,"[1087.0765380859375, 861.3465576171875, 1102.698974609375, 896.165283203125]",1
frame_0017.png,extras,cup,white drinking cup,white drinking cup.,0.18,0.18,2,0.4253,"[1078.5023193359375, 852.2794799804688, 1110.4107666015625, 902.6622314453125]",1
frame_0017.png,extras,cup,drinking cup,drinking cup.,0.18,0.18,0,0.0,,0
frame_0017.png,extras,cup,coffee cup,coffee cup.,0.18,0.18,0,0.0,,0
frame_0017.png,extras,cup,paper cup,paper cup.,0.18,0.18,0,0.0,,0
frame_0017.png,extras,cup,small cup,small cup.,0.18,0.18,2,0.336,"[1081.8050537109375, 854.88037109375, 1108.359375, 899.9601440429688]",1
frame_0017.png,extras,door,door,door.,0.2,0.2,10,0.2925,"[229.5911102294922, 600.4385375976562, 339.23291015625, 1036.4510498046875]",1
frame_0017.png,extras,door,dark door surface,dark door surface.,0.2,0.2,4,0.3227,"[1552.497314453125, 490.6242980957031, 1701.194091796875, 1002.5819702148438]",1
frame_0017.png,extras,door,wooden door,wooden door.,0.2,0.2,7,0.3515,"[225.54600524902344, 600.4031372070312, 340.072998046875, 1037.6661376953125]",1
frame_0017.png,extras,door,closed door,closed door.,0.2,0.2,5,0.3641,"[224.24705505371094, 599.8289184570312, 339.99847412109375, 1038.7076416015625]",1
frame_0017.png,extras,door,interior door,interior door.,0.2,0.2,10,0.3479,"[226.05404663085938, 598.8666381835938, 339.1644287109375, 1037.250732421875]",1
frame_0017.png,extras,door,single door,single door.,0.2,0.2,6,0.3689,"[223.2216339111328, 598.4320678710938, 340.7044982910156, 1039.1136474609375]",1
frame_0017.png,extras,emergency exit sign,emergency exit sign,emergency exit sign.,0.18,0.18,4,0.2746,"[2763.469970703125, 342.2553405761719, 2856.76123046875, 447.0545654296875]",1
frame_0017.png,extras,emergency exit sign,exit sign,exit sign.,0.18,0.18,1,0.2087,"[2764.668701171875, 342.3418273925781, 2856.26220703125, 445.23828125]",1
frame_0017.png,extras,emergency exit sign,green emergency exit sign,green emergency exit sign.,0.18,0.18,4,0.3095,"[1403.6759033203125, 887.9705200195312, 1445.95068359375, 923.116455078125]",1
frame_0017.png,extras,emergency exit sign,green exit sign,green exit sign.,0.18,0.18,4,0.3194,"[1402.9195556640625, 887.9174194335938, 1446.0792236328125, 923.6196899414062]",1
frame_0017.png,extras,emergency exit sign,running man exit sign,running man exit sign.,0.18,0.18,3,0.4421,"[1154.4927978515625, 1648.3199462890625, 1710.666748046875, 1852.67333984375]",1
frame_0017.png,extras,emergency exit sign,fire exit sign,fire exit sign.,0.18,0.18,0,0.0,,0
frame_0017.png,extras,emergency exit sign,evacuation sign,evacuation sign.,0.18,0.18,1,0.1982,"[2724.943603515625, 305.3058776855469, 2877.21240234375, 476.5448913574219]",1
frame_0017.png,extras,meeting table set,meeting table set,meeting table set.,0.2,0.2,2,0.6157,"[445.02410888671875, 854.797607421875, 1148.2833251953125, 1078.9364013671875]",1
frame_0017.png,extras,meeting table set,large meeting table,large meeting table.,0.2,0.2,1,0.7686,"[448.9477233886719, 859.900634765625, 1146.421142578125, 1077.395263671875]",1
frame_0017.png,extras,meeting table set,conference table,conference table.,0.2,0.2,4,0.5628,"[454.09454345703125, 875.607177734375, 1141.1468505859375, 1071.0517578125]",1
frame_0017.png,extras,meeting table set,metallic desk,metallic desk.,0.2,0.2,2,0.5931,"[451.99591064453125, 869.1087036132812, 1144.846923828125, 1072.91162109375]",1
frame_0017.png,extras,meeting table set,long table with chairs,long table with chairs.,0.2,0.2,4,0.4808,"[445.91729736328125, 853.4024047851562, 1153.36474609375, 1075.043212890625]",1
frame_0017.png,extras,meeting table set,office meeting table,office meeting table.,0.2,0.2,3,0.6299,"[451.1684265136719, 868.4055786132812, 1144.2730712890625, 1074.4688720703125]",1
frame_0017.png,extras,meeting table set,boardroom table,boardroom table.,0.2,0.2,2,0.606,"[452.0875244140625, 870.021484375, 1142.91455078125, 1075.0042724609375]",1
frame_0017.png,extras,trash bin,trash bin,trash bin.,0.2,0.2,0,0.0,,0
frame_0017.png,extras,trash bin,indoor trash bin,indoor trash bin.,0.2,0.2,2,0.3638,"[2.7207040786743164, 974.0350952148438, 183.1516876220703, 1197.3067626953125]",1
frame_0017.png,extras,trash bin,garbage bin,garbage bin.,0.2,0.2,2,0.2236,"[2.6410317420959473, 976.31494140625, 181.78211975097656, 1196.5499267578125]",1
frame_0017.png,extras,trash bin,waste bin,waste bin.,0.2,0.2,2,0.2285,"[2.5211639404296875, 976.2781982421875, 181.92420959472656, 1196.7803955078125]",1
frame_0017.png,extras,trash bin,recycling bin,recycling bin.,0.2,0.2,3,0.2827,"[1611.6268310546875, 985.2725830078125, 1704.1849365234375, 1044.23486328125]",1
frame_0017.png,extras,trash bin,rubbish bin,rubbish bin.,0.2,0.2,5,0.2806,"[1.8564212322235107, 975.9853515625, 182.1187744140625, 1197.5255126953125]",1
frame_0017.png,extras,trash bin,small trash can,small trash can.,0.2,0.2,2,0.5908,"[2.477341890335083, 962.3702392578125, 188.75511169433594, 1200.7197265625]",1
frame_0017.png,extras,water fountain,water fountain,water fountain.,0.18,0.18,3,0.3253,"[1157.8370361328125, 1655.518310546875, 1708.4066162109375, 1855.8721923828125]",1
frame_0017.png,extras,water fountain,metallic water fountain,metallic water fountain.,0.18,0.18,4,0.3987,"[1156.3817138671875, 1653.5482177734375, 1709.2275390625, 1854.8458251953125]",1
frame_0017.png,extras,water fountain,drinking fountain,drinking fountain.,0.18,0.18,0,0.0,,0
frame_0017.png,extras,water fountain,water dispenser,water dispenser.,0.18,0.18,0,0.0,,0
frame_0017.png,extras,water fountain,wall water fountain,wall water fountain.,0.18,0.18,3,0.4342,"[1156.740966796875, 1654.4910888671875, 1708.750244140625, 1855.3077392578125]",1
frame_0017.png,extras,water fountain,stainless water fountain,stainless water fountain.,0.18,0.18,2,0.4058,"[1154.24560546875, 1651.0006103515625, 1710.91259765625, 1854.2955322265625]",1
frame_0018.png,production,meeting table set,ALL_GROUP,meeting table. conference table. meeting table set.,0.35,0.35,1,0.5569,"[445.60296630859375, 849.3487548828125, 1149.724853515625, 1080.2352294921875]",1
frame_0018.png,production,chair,ALL_GROUP,chair. armless chair.,0.42,0.42,3,0.4425,"[451.9083251953125, 891.5348510742188, 572.9573974609375, 1030.143798828125]",1
frame_0018.png,production,bench,ALL_GROUP,bench. benches. metal bench. metallic bench. waiting bench.,0.38,0.38,0,0.0,,0
frame_0018.png,production,bottle+cup+cardboard box,ALL_GROUP,bottle. dark thermos. thermos. dark thermos bottle. cup. cups. white drinking cup. white drinking cups. cardboard box. brown cardboard. brown cardboard box.,0.28,0.28,1,0.3109,"[1608.685302734375, 981.7509765625, 1706.3372802734375, 1047.345947265625]",1
frame_0018.png,production,water fountain+door,ALL_GROUP,water fountain. metallic fountain. metallic water fountain. door. doors. dark door. dark door surface. elevator sliding door. elevator sliding doors.,0.38,0.38,0,0.0,,0
frame_0018.png,production,emergency exit sign,ALL_GROUP,emergency exit sign. exit sign.,0.5,0.5,0,0.0,,0
frame_0018.png,production,trash bin,ALL_GROUP,trash bin. trash bins. indoor trash bin.,0.45,0.45,0,0.0,,0
frame_0018.png,extras,bench,bench,bench.,0.2,0.2,3,0.2179,"[1.9964003562927246, 1753.786865234375, 434.4649963378906, 1856.960693359375]",1
frame_0018.png,extras,bench,metal bench,metal bench.,0.2,0.2,4,0.2772,"[2.9323196411132812, 1748.7874755859375, 442.3502197265625, 1854.5499267578125]",1
frame_0018.png,extras,bench,waiting bench,waiting bench.,0.2,0.2,4,0.3194,"[1.6752004623413086, 1750.6998291015625, 439.8502197265625, 1855.138671875]",1
frame_0018.png,extras,bench,sitting bench,sitting bench.,0.2,0.2,5,0.3241,"[2.3219776153564453, 1751.3619384765625, 437.21282958984375, 1855.9862060546875]",1
frame_0018.png,extras,bench,long bench,long bench.,0.2,0.2,4,0.3373,"[2.4303603172302246, 1750.1934814453125, 441.8759460449219, 1854.753173828125]",1
frame_0018.png,extras,bottle,bottle,bottle.,0.18,0.18,1,0.5543,"[1086.0802001953125, 859.7208862304688, 1102.7412109375, 896.660888671875]",1
frame_0018.png,extras,bottle,dark thermos bottle,dark thermos bottle.,0.18,0.18,2,0.2989,"[1081.896484375, 853.7483520507812, 1107.5709228515625, 901.161376953125]",1
frame_0018.png,extras,bottle,thermos bottle,thermos bottle.,0.18,0.18,1,0.3279,"[1083.53857421875, 856.6912231445312, 1105.576904296875, 900.4566650390625]",1
frame_0018.png,extras,bottle,water bottle,water bottle.,0.18,0.18,1,0.431,"[1083.537353515625, 857.1724853515625, 1105.037109375, 900.1961669921875]",1
frame_0018.png,extras,bottle,drink bottle,drink bottle.,0.18,0.18,1,0.2853,"[1084.6246337890625, 857.740966796875, 1104.731201171875, 899.3679809570312]",1
frame_0018.png,extras,bottle,small bottle,small bottle.,0.18,0.18,2,0.5557,"[1081.96875, 855.0546875, 1107.1279296875, 901.2027587890625]",1
frame_0018.png,extras,cardboard box,cardboard box,cardboard box.,0.2,0.2,1,0.5331,"[1610.620361328125, 984.72509765625, 1703.990478515625, 1044.8824462890625]",1
frame_0018.png,extras,cardboard box,brown cardboard box,brown cardboard box.,0.2,0.2,2,0.5937,"[1608.37255859375, 981.8145751953125, 1705.8995361328125, 1046.9764404296875]",1
frame_0018.png,extras,cardboard box,shipping box,shipping box.,0.2,0.2,2,0.435,"[1611.26953125, 985.99462890625, 1703.5072021484375, 1043.8363037109375]",1
frame_0018.png,extras,cardboard box,package box,package box.,0.2,0.2,1,0.2518,"[1611.4464111328125, 985.3742065429688, 1703.730224609375, 1044.032958984375]",1
frame_0018.png,extras,cardboard box,small box,small box.,0.2,0.2,1,0.6824,"[1609.772705078125, 983.3082885742188, 1705.4361572265625, 1045.8870849609375]",1
frame_0018.png,extras,cardboard box,box,box.,0.2,0.2,1,0.444,"[1612.0404052734375, 987.2732543945312, 1702.7318115234375, 1042.2930908203125]",1
frame_0018.png,extras,chair,chair,chair.,0.2,0.2,8,0.2635,"[452.7994079589844, 894.9472045898438, 566.864990234375, 1027.8203125]",1
frame_0018.png,extras,chair,armless chair,armless chair.,0.2,0.2,7,0.4305,"[586.2841796875, 861.4716796875, 717.8942260742188, 1070.96435546875]",1
frame_0018.png,extras,chair,office chair,office chair.,0.2,0.2,12,0.4141,"[587.6181030273438, 863.4418334960938, 719.07666015625, 1069.499755859375]",1
frame_0018.png,extras,chair,wheeled chair,wheeled chair.,0.2,0.2,8,0.4874,"[587.0625, 862.5988159179688, 716.9733276367188, 1069.769775390625]",1
frame_0018.png,extras,chair,swivel chair,swivel chair.,0.2,0.2,6,0.3926,"[586.170166015625, 861.2547607421875, 716.2900390625, 1071.4759521484375]",1
frame_0018.png,extras,chair,rolling chair,rolling chair.,0.2,0.2,8,0.4356,"[587.3065795898438, 862.30615234375, 716.72802734375, 1070.122314453125]",1
frame_0018.png,extras,cup,cup,cup.,0.18,0.18,1,0.3567,"[1086.889404296875, 861.356201171875, 1102.7481689453125, 895.9401245117188]",1
frame_0018.png,extras,cup,white drinking cup,white drinking cup.,0.18,0.18,2,0.4222,"[1078.184814453125, 852.2462768554688, 1110.411376953125, 902.73583984375]",1
frame_0018.png,extras,cup,drinking cup,drinking cup.,0.18,0.18,0,0.0,,0
frame_0018.png,extras,cup,coffee cup,coffee cup.,0.18,0.18,0,0.0,,0
frame_0018.png,extras,cup,paper cup,paper cup.,0.18,0.18,0,0.0,,0
frame_0018.png,extras,cup,small cup,small cup.,0.18,0.18,2,0.3359,"[1081.5880126953125, 855.0109252929688, 1108.4217529296875, 900.0164184570312]",1
frame_0018.png,extras,door,door,door.,0.2,0.2,12,0.2972,"[229.86038208007812, 600.7791137695312, 339.3324890136719, 1036.602294921875]",1
frame_0018.png,extras,door,dark door surface,dark door surface.,0.2,0.2,5,0.3298,"[1551.9945068359375, 490.8162841796875, 1700.82080078125, 1003.010986328125]",1
frame_0018.png,extras,door,wooden door,wooden door.,0.2,0.2,4,0.3649,"[225.47640991210938, 600.649658203125, 340.07281494140625, 1038.070068359375]",1
frame_0018.png,extras,door,closed door,closed door.,0.2,0.2,4,0.3721,"[224.0386962890625, 600.2286376953125, 340.0230407714844, 1038.968994140625]",1
frame_0018.png,extras,door,interior door,interior door.,0.2,0.2,10,0.3493,"[226.3438262939453, 599.2034301757812, 339.14715576171875, 1037.388427734375]",1
frame_0018.png,extras,door,single door,single door.,0.2,0.2,4,0.37,"[222.92422485351562, 598.6026000976562, 340.6004638671875, 1039.5167236328125]",1
frame_0018.png,extras,emergency exit sign,emergency exit sign,emergency exit sign.,0.18,0.18,4,0.2724,"[2763.2578125, 341.6406555175781, 2857.216064453125, 448.270263671875]",1
frame_0018.png,extras,emergency exit sign,exit sign,exit sign.,0.18,0.18,1,0.2102,"[2764.7041015625, 342.075439453125, 2856.583251953125, 445.99066162109375]",1
frame_0018.png,extras,emergency exit sign,green emergency exit sign,green emergency exit sign.,0.18,0.18,5,0.3116,"[1403.61767578125, 888.005859375, 1445.9140625, 923.1705932617188]",1
frame_0018.png,extras,emergency exit sign,green exit sign,green exit sign.,0.18,0.18,4,0.329,"[1402.769287109375, 888.012939453125, 1445.8780517578125, 923.6476440429688]",1
frame_0018.png,extras,emergency exit sign,running man exit sign,running man exit sign.,0.18,0.18,3,0.4373,"[1154.258056640625, 1647.8919677734375, 1711.6689453125, 1852.7286376953125]",1
frame_0018.png,extras,emergency exit sign,fire exit sign,fire exit sign.,0.18,0.18,0,0.0,,0
frame_0018.png,extras,emergency exit sign,evacuation sign,evacuation sign.,0.18,0.18,2,0.2099,"[2724.07275390625, 304.6242980957031, 2877.075927734375, 476.6582946777344]",1
frame_0018.png,extras,meeting table set,meeting table set,meeting table set.,0.2,0.2,2,0.6159,"[444.9280090332031, 854.998046875, 1148.1795654296875, 1078.7337646484375]",1
frame_0018.png,extras,meeting table set,large meeting table,large meeting table.,0.2,0.2,1,0.7675,"[449.28955078125, 860.2376098632812, 1146.4971923828125, 1077.1729736328125]",1
frame_0018.png,extras,meeting table set,conference table,conference table.,0.2,0.2,4,0.5664,"[453.9913024902344, 875.6289672851562, 1141.7998046875, 1071.3128662109375]",1
frame_0018.png,extras,meeting table set,metallic desk,metallic desk.,0.2,0.2,2,0.6118,"[451.6015930175781, 869.1720581054688, 1145.353759765625, 1073.2056884765625]",1
frame_0018.png,extras,meeting table set,long table with chairs,long table with chairs.,0.2,0.2,4,0.4904,"[446.2558898925781, 853.64599609375, 1152.667724609375, 1074.9586181640625]",1
frame_0018.png,extras,meeting table set,office meeting table,office meeting table.,0.2,0.2,3,0.633,"[450.8402099609375, 868.357177734375, 1144.60693359375, 1074.3897705078125]",1
frame_0018.png,extras,meeting table set,boardroom table,boardroom table.,0.2,0.2,2,0.6179,"[451.9172058105469, 870.1114501953125, 1143.2581787109375, 1074.8109130859375]",1
frame_0018.png,extras,trash bin,trash bin,trash bin.,0.2,0.2,0,0.0,,0
frame_0018.png,extras,trash bin,indoor trash bin,indoor trash bin.,0.2,0.2,3,0.3361,"[2.6736581325531006, 973.6094970703125, 183.56837463378906, 1197.0977783203125]",1
frame_0018.png,extras,trash bin,garbage bin,garbage bin.,0.2,0.2,1,0.2323,"[1157.558349609375, 910.7625732421875, 1207.2353515625, 985.3331909179688]",1
frame_0018.png,extras,trash bin,waste bin,waste bin.,0.2,0.2,2,0.237,"[1157.5916748046875, 910.797607421875, 1207.4580078125, 985.5850830078125]",1
frame_0018.png,extras,trash bin,recycling bin,recycling bin.,0.2,0.2,3,0.2749,"[1611.4840087890625, 985.2091674804688, 1704.442138671875, 1044.32177734375]",1
frame_0018.png,extras,trash bin,rubbish bin,rubbish bin.,0.2,0.2,6,0.2637,"[1611.1824951171875, 984.7583618164062, 1704.4017333984375, 1044.273193359375]",1
frame_0018.png,extras,trash bin,small trash can,small trash can.,0.2,0.2,3,0.5416,"[2.324402332305908, 960.7523193359375, 189.2315673828125, 1200.81591796875]",1
frame_0018.png,extras,water fountain,water fountain,water fountain.,0.18,0.18,3,0.3155,"[1157.9537353515625, 1655.2626953125, 1709.2010498046875, 1855.811767578125]",1
frame_0018.png,extras,water fountain,metallic water fountain,metallic water fountain.,0.18,0.18,5,0.3839,"[1156.29638671875, 1653.1553955078125, 1710.23779296875, 1854.8131103515625]",1
frame_0018.png,extras,water fountain,drinking fountain,drinking fountain.,0.18,0.18,0,0.0,,0
frame_0018.png,extras,water fountain,water dispenser,water dispenser.,0.18,0.18,1,0.193,"[1081.6005859375, 856.5756225585938, 1106.4149169921875, 900.41015625]",1
frame_0018.png,extras,water fountain,wall water fountain,wall water fountain.,0.18,0.18,5,0.4176,"[1156.7105712890625, 1654.2200927734375, 1709.700439453125, 1855.2689208984375]",1
frame_0018.png,extras,water fountain,stainless water fountain,stainless water fountain.,0.18,0.18,2,0.3882,"[1154.14404296875, 1650.471435546875, 1711.9488525390625, 1854.299560546875]",1
frame_0019.png,production,meeting table set,ALL_GROUP,meeting table. conference table. meeting table set.,0.35,0.35,1,0.5666,"[445.8016662597656, 849.197998046875, 1149.8995361328125, 1080.4732666015625]",1
frame_0019.png,production,chair,ALL_GROUP,chair. armless chair.,0.42,0.42,4,0.448,"[696.490234375, 856.0755615234375, 862.99755859375, 1071.509033203125]",1
frame_0019.png,production,bench,ALL_GROUP,bench. benches. metal bench. metallic bench. waiting bench.,0.38,0.38,0,0.0,,0
frame_0019.png,production,bottle+cup+cardboard box,ALL_GROUP,bottle. dark thermos. thermos. dark thermos bottle. cup. cups. white drinking cup. white drinking cups. cardboard box. brown cardboard. brown cardboard box.,0.28,0.28,1,0.311,"[1608.7225341796875, 981.7984008789062, 1706.0833740234375, 1047.274658203125]",1
frame_0019.png,production,water fountain+door,ALL_GROUP,water fountain. metallic fountain. metallic water fountain. door. doors. dark door. dark door surface. elevator sliding door. elevator sliding doors.,0.38,0.38,0,0.0,,0
frame_0019.png,production,emergency exit sign,ALL_GROUP,emergency exit sign. exit sign.,0.5,0.5,0,0.0,,0
frame_0019.png,production,trash bin,ALL_GROUP,trash bin. trash bins. indoor trash bin.,0.45,0.45,0,0.0,,0
frame_0019.png,extras,bench,bench,bench.,0.2,0.2,3,0.2128,"[2.0787978172302246, 1753.9002685546875, 434.99884033203125, 1856.9349365234375]",1
frame_0019.png,extras,bench,metal bench,metal bench.,0.2,0.2,4,0.278,"[3.150801658630371, 1748.956298828125, 443.0452575683594, 1854.465087890625]",1
frame_0019.png,extras,bench,waiting bench,waiting bench.,0.2,0.2,3,0.3488,"[1.7129874229431152, 1750.634765625, 441.07635498046875, 1855.099853515625]",1
frame_0019.png,extras,bench,sitting bench,sitting bench.,0.2,0.2,5,0.2978,"[2.5098609924316406, 1751.3026123046875, 438.1371154785156, 1855.861328125]",1
frame_0019.png,extras,bench,long bench,long bench.,0.2,0.2,4,0.3656,"[2.5574111938476562, 1750.2252197265625, 442.6949157714844, 1854.7025146484375]",1
frame_0019.png,extras,bottle,bottle,bottle.,0.18,0.18,1,0.5614,"[1086.136962890625, 859.7821044921875, 1102.795166015625, 896.8195190429688]",1
frame_0019.png,extras,bottle,dark thermos bottle,dark thermos bottle.,0.18,0.18,2,0.2875,"[1081.9375, 853.67822265625, 1107.643798828125, 901.3569946289062]",1
frame_0019.png,extras,bottle,thermos bottle,thermos bottle.,0.18,0.18,1,0.3298,"[1083.663330078125, 856.6546020507812, 1105.62255859375, 900.6898193359375]",1
frame_0019.png,extras,bottle,water bottle,water bottle.,0.18,0.18,1,0.4335,"[1083.626708984375, 857.2020874023438, 1105.1163330078125, 900.31884765625]",1
frame_0019.png,extras,bottle,drink bottle,drink bottle.,0.18,0.18,1,0.2861,"[1084.706298828125, 857.672607421875, 1104.747802734375, 899.6436767578125]",1
frame_0019.png,extras,bottle,small bottle,small bottle.,0.18,0.18,2,0.5517,"[1082.0220947265625, 855.0319213867188, 1107.221923828125, 901.371826171875]",1
frame_0019.png,extras,cardboard box,cardboard box,cardboard box.,0.2,0.2,1,0.5375,"[1610.6590576171875, 984.7788696289062, 1703.6929931640625, 1044.796142578125]",1
frame_0019.png,extras,cardboard box,brown cardboard box,brown cardboard box.,0.2,0.2,1,0.5941,"[1608.3743896484375, 981.847412109375, 1705.6405029296875, 1046.9344482421875]",1
frame_0019.png,extras,cardboard box,shipping box,shipping box.,0.2,0.2,2,0.442,"[1611.3056640625, 986.04638671875, 1703.2183837890625, 1043.7620849609375]",1
frame_0019.png,extras,cardboard box,package box,package box.,0.2,0.2,1,0.26,"[1611.448486328125, 985.4412841796875, 1703.4779052734375, 1043.98291015625]",1
frame_0019.png,extras,cardboard box,small box,small box.,0.2,0.2,1,0.6862,"[1609.7506103515625, 983.3282470703125, 1705.1881103515625, 1045.7884521484375]",1
frame_0019.png,extras,cardboard box,box,box.,0.2,0.2,1,0.4498,"[1612.14892578125, 987.214111328125, 1702.4967041015625, 1042.141845703125]",1
frame_0019.png,extras,chair,chair,chair.,0.2,0.2,8,0.2609,"[452.8848571777344, 895.1007080078125, 568.6800537109375, 1027.91748046875]",1
frame_0019.png,extras,chair,armless chair,armless chair.,0.2,0.2,7,0.4315,"[586.8052978515625, 861.5802612304688, 717.271728515625, 1071.0802001953125]",1
frame_0019.png,extras,chair,office chair,office chair.,0.2,0.2,12,0.4179,"[588.05712890625, 863.5214233398438, 719.2396850585938, 1069.5858154296875]",1
frame_0019.png,extras,chair,wheeled chair,wheeled chair.,0.2,0.2,8,0.488,"[587.4932861328125, 862.6630249023438, 716.95556640625, 1069.740478515625]",1
frame_0019.png,extras,chair,swivel chair,swivel chair.,0.2,0.2,6,0.3928,"[586.6026611328125, 861.2132568359375, 716.0540771484375, 1071.4443359375]",1
frame_0019.png,extras,chair,rolling chair,rolling chair.,0.2,0.2,8,0.4319,"[587.6665649414062, 862.3270874023438, 716.6019287109375, 1070.0845947265625]",1
frame_0019.png,extras,cup,cup,cup.,0.18,0.18,1,0.3392,"[1087.02880859375, 861.3771362304688, 1102.8243408203125, 896.1541137695312]",1
frame_0019.png,extras,cup,white drinking cup,white drinking cup.,0.18,0.18,2,0.4219,"[1078.4884033203125, 852.341796875, 1110.576416015625, 902.7432250976562]",1
frame_0019.png,extras,cup,drinking cup,drinking cup.,0.18,0.18,0,0.0,,0
frame_0019.png,extras,cup,coffee cup,coffee cup.,0.18,0.18,0,0.0,,0
frame_0019.png,extras,cup,paper cup,paper cup.,0.18,0.18,0,0.0,,0
frame_0019.png,extras,cup,small cup,small cup.,0.18,0.18,2,0.3298,"[1081.8143310546875, 855.0076904296875, 1108.513916015625, 899.9830932617188]",1
frame_0019.png,extras,door,door,door.,0.2,0.2,10,0.2861,"[229.4424285888672, 600.8180541992188, 339.0157775878906, 1035.9677734375]",1
frame_0019.png,extras,door,dark door surface,dark door surface.,0.2,0.2,4,0.3293,"[1552.2845458984375, 490.13677978515625, 1700.687255859375, 1002.3450317382812]",1
frame_0019.png,extras,door,wooden door,wooden door.,0.2,0.2,7,0.3422,"[225.26805114746094, 600.8439331054688, 340.01055908203125, 1037.566650390625]",1
frame_0019.png,extras,door,closed door,closed door.,0.2,0.2,5,0.3539,"[223.8922882080078, 600.783447265625, 339.8878173828125, 1038.3187255859375]",1
frame_0019.png,extras,door,interior door,interior door.,0.2,0.2,10,0.3376,"[226.5634307861328, 599.498291015625, 338.96893310546875, 1036.830322265625]",1
frame_0019.png,extras,door,single door,single door.,0.2,0.2,6,0.3543,"[223.41537475585938, 599.3057250976562, 340.46221923828125, 1038.658447265625]",1
frame_0019.png,extras,emergency exit sign,emergency exit sign,emergency exit sign.,0.18,0.18,4,0.249,"[2762.8408203125, 341.9017333984375, 2856.718505859375, 447.6490173339844]",1
frame_0019.png,extras,emergency exit sign,exit sign,exit sign.,0.18,0.18,1,0.1917,"[2764.707763671875, 342.6291198730469, 2856.0205078125, 445.4493408203125]",1
frame_0019.png,extras,emergency exit sign,green emergency exit sign,green emergency exit sign.,0.18,0.18,5,0.2992,"[1403.827392578125, 888.2658081054688, 1445.6964111328125, 922.8988647460938]",1
frame_0019.png,extras,emergency exit sign,green exit sign,green exit sign.,0.18,0.18,4,0.3202,"[1403.1458740234375, 888.2569580078125, 1445.839599609375, 923.302490234375]",1
frame_0019.png,extras,emergency exit sign,running man exit sign,running man exit sign.,0.18,0.18,4,0.4499,"[1154.2901611328125, 1647.9285888671875, 1710.9290771484375, 1852.7672119140625]",1
frame_0019.png,extras,emergency exit sign,fire exit sign,fire exit sign.,0.18,0.18,0,0.0,,0
frame_0019.png,extras,emergency exit sign,evacuation sign,evacuation sign.,0.18,0.18,1,0.1923,"[2724.879150390625, 306.3633728027344, 2876.443603515625, 475.4747009277344]",1
frame_0019.png,extras,meeting table set,meeting table set,meeting table set.,0.2,0.2,2,0.6146,"[445.1151123046875, 855.21875, 1148.2384033203125, 1078.738525390625]",1
frame_0019.png,extras,meeting table set,large meeting table,large meeting table.,0.2,0.2,1,0.7643,"[449.4222717285156, 860.2363891601562, 1146.489013671875, 1076.933837890625]",1
frame_0019.png,extras,meeting table set,conference table,conference table.,0.2,0.2,4,0.5557,"[453.9950866699219, 875.7128295898438, 1141.2884521484375, 1071.028076171875]",1
frame_0019.png,extras,meeting table set,metallic desk,metallic desk.,0.2,0.2,2,0.6087,"[451.6412658691406, 869.5838623046875, 1145.149658203125, 1072.73291015625]",1
frame_0019.png,extras,meeting table set,long table with chairs,long table with chairs.,0.2,0.2,4,0.4929,"[445.72442626953125, 853.2166137695312, 1153.117919921875, 1074.8731689453125]",1
frame_0019.png,extras,meeting table set,office meeting table,office meeting table.,0.2,0.2,3,0.6261,"[451.0231018066406, 868.4432983398438, 1144.4036865234375, 1074.2894287109375]",1
frame_0019.png,extras,meeting table set,boardroom table,boardroom table.,0.2,0.2,2,0.6046,"[451.8637390136719, 870.2217407226562, 1143.02783203125, 1074.852294921875]",1
frame_0019.png,extras,trash bin,trash bin,trash bin.,0.2,0.2,0,0.0,,0
frame_0019.png,extras,trash bin,indoor trash bin,indoor trash bin.,0.2,0.2,2,0.3516,"[2.6775848865509033, 974.3348999023438, 183.27426147460938, 1197.3255615234375]",1
frame_0019.png,extras,trash bin,garbage bin,garbage bin.,0.2,0.2,2,0.2215,"[2.5688374042510986, 976.5325317382812, 181.96389770507812, 1196.4954833984375]",1
frame_0019.png,extras,trash bin,waste bin,waste bin.,0.2,0.2,2,0.227,"[2.494760036468506, 976.4298706054688, 182.13487243652344, 1196.7857666015625]",1
frame_0019.png,extras,trash bin,recycling bin,recycling bin.,0.2,0.2,3,0.2698,"[1611.539794921875, 985.2584838867188, 1704.1982421875, 1044.187744140625]",1
frame_0019.png,extras,trash bin,rubbish bin,rubbish bin.,0.2,0.2,5,0.2685,"[1.8496406078338623, 976.1537475585938, 182.22833251953125, 1197.5400390625]",1
frame_0019.png,extras,trash bin,small trash can,small trash can.,0.2,0.2,2,0.5559,"[2.489497661590576, 963.6572875976562, 188.83053588867188, 1200.43359375]",1
frame_0019.png,extras,water fountain,water fountain,water fountain.,0.18,0.18,3,0.3294,"[1157.8538818359375, 1655.1234130859375, 1708.639892578125, 1855.926025390625]",1
frame_0019.png,extras,water fountain,metallic water fountain,metallic water fountain.,0.18,0.18,4,0.4008,"[1156.3797607421875, 1653.08349609375, 1709.454833984375, 1854.9078369140625]",1
frame_0019.png,extras,water fountain,drinking fountain,drinking fountain.,0.18,0.18,0,0.0,,0
frame_0019.png,extras,water fountain,water dispenser,water dispenser.,0.18,0.18,0,0.0,,0
frame_0019.png,extras,water fountain,wall water fountain,wall water fountain.,0.18,0.18,5,0.4344,"[1156.7373046875, 1654.130615234375, 1709.0504150390625, 1855.3177490234375]",1
frame_0019.png,extras,water fountain,stainless water fountain,stainless water fountain.,0.18,0.18,2,0.4032,"[1154.26806640625, 1650.576171875, 1711.2161865234375, 1854.3675537109375]",1
frame_0020.png,production,meeting table set,ALL_GROUP,meeting table. conference table. meeting table set.,0.35,0.35,1,0.5585,"[445.8277587890625, 849.0497436523438, 1149.823974609375, 1080.445556640625]",1
frame_0020.png,production,chair,ALL_GROUP,chair. armless chair.,0.42,0.42,4,0.4463,"[697.4154052734375, 856.0306396484375, 864.33837890625, 1071.80029296875]",1
frame_0020.png,production,bench,ALL_GROUP,bench. benches. metal bench. metallic bench. waiting bench.,0.38,0.38,0,0.0,,0
frame_0020.png,production,bottle+cup+cardboard box,ALL_GROUP,bottle. dark thermos. thermos. dark thermos bottle. cup. cups. white drinking cup. white drinking cups. cardboard box. brown cardboard. brown cardboard box.,0.28,0.28,1,0.3037,"[1608.7657470703125, 981.72412109375, 1706.2142333984375, 1047.273681640625]",1
frame_0020.png,production,water fountain+door,ALL_GROUP,water fountain. metallic fountain. metallic water fountain. door. doors. dark door. dark door surface. elevator sliding door. elevator sliding doors.,0.38,0.38,0,0.0,,0
frame_0020.png,production,emergency exit sign,ALL_GROUP,emergency exit sign. exit sign.,0.5,0.5,0,0.0,,0
frame_0020.png,production,trash bin,ALL_GROUP,trash bin. trash bins. indoor trash bin.,0.45,0.45,0,0.0,,0
frame_0020.png,extras,bench,bench,bench.,0.2,0.2,2,0.2098,"[1.942756175994873, 1754.036865234375, 432.2952880859375, 1856.99267578125]",1
frame_0020.png,extras,bench,metal bench,metal bench.,0.2,0.2,4,0.2693,"[3.098423480987549, 1748.9183349609375, 439.6632385253906, 1854.6165771484375]",1
frame_0020.png,extras,bench,waiting bench,waiting bench.,0.2,0.2,3,0.332,"[1.8213915824890137, 1750.787841796875, 437.7364196777344, 1855.1961669921875]",1
frame_0020.png,extras,bench,sitting bench,sitting bench.,0.2,0.2,5,0.3173,"[2.452225685119629, 1751.4481201171875, 434.71282958984375, 1856.0185546875]",1
frame_0020.png,extras,bench,long bench,long bench.,0.2,0.2,4,0.3477,"[2.5333142280578613, 1750.24267578125, 439.24542236328125, 1854.8350830078125]",1
frame_0020.png,extras,bottle,bottle,bottle.,0.18,0.18,1,0.5722,"[1086.055419921875, 859.6998291015625, 1102.7357177734375, 896.8765258789062]",1
frame_0020.png,extras,bottle,dark thermos bottle,dark thermos bottle.,0.18,0.18,2,0.2956,"[1081.76220703125, 853.6233520507812, 1107.606689453125, 901.5643310546875]",1
frame_0020.png,extras,bottle,thermos bottle,thermos bottle.,0.18,0.18,1,0.3402,"[1083.515625, 856.55029296875, 1105.6187744140625, 900.8269653320312]",1
frame_0020.png,extras,bottle,water bottle,water bottle.,0.18,0.18,2,0.4389,"[1083.5361328125, 857.0718994140625, 1105.131103515625, 900.4573364257812]",1
frame_0020.png,extras,bottle,drink bottle,drink bottle.,0.18,0.18,1,0.2937,"[1084.5936279296875, 857.5626831054688, 1104.6837158203125, 899.6589965820312]",1
frame_0020.png,extras,bottle,small bottle,small bottle.,0.18,0.18,2,0.5687,"[1081.9366455078125, 854.9195556640625, 1107.1783447265625, 901.564208984375]",1
frame_0020.png,extras,cardboard box,cardboard box,cardboard box.,0.2,0.2,1,0.5316,"[1610.7135009765625, 984.6005859375, 1703.93798828125, 1044.803466796875]",1
frame_0020.png,extras,cardboard box,brown cardboard box,brown cardboard box.,0.2,0.2,2,0.5915,"[1608.4990234375, 981.7151489257812, 1705.8626708984375, 1046.93212890625]",1
frame_0020.png,extras,cardboard box,shipping box,shipping box.,0.2,0.2,2,0.4327,"[1611.3731689453125, 985.905029296875, 1703.423828125, 1043.7877197265625]",1
frame_0020.png,extras,cardboard box,package box,package box.,0.2,0.2,1,0.2515,"[1611.55419921875, 985.2904052734375, 1703.53662109375, 1043.9207763671875]",1
frame_0020.png,extras,cardboard box,small box,small box.,0.2,0.2,1,0.6853,"[1609.8563232421875, 983.2549438476562, 1705.46044921875, 1045.8280029296875]",1
frame_0020.png,extras,cardboard box,box,box.,0.2,0.2,1,0.4469,"[1612.10595703125, 987.1609497070312, 1702.5948486328125, 1042.2127685546875]",1
frame_0020.png,extras,chair,chair,chair.,0.2,0.2,8,0.2614,"[453.43890380859375, 895.2198486328125, 568.0681762695312, 1028.224609375]",1
frame_0020.png,extras,chair,armless chair,armless chair.,0.2,0.2,7,0.4294,"[586.7086181640625, 861.5318603515625, 717.5326538085938, 1071.119873046875]",1
frame_0020.png,extras,chair,office chair,office chair.,0.2,0.2,13,0.4164,"[587.9086303710938, 863.488037109375, 718.8432006835938, 1069.7257080078125]",1
frame_0020.png,extras,chair,wheeled chair,wheeled chair.,0.2,0.2,8,0.4841,"[587.355224609375, 862.6687622070312, 716.697509765625, 1069.914306640625]",1
frame_0020.png,extras,chair,swivel chair,swivel chair.,0.2,0.2,6,0.3895,"[586.337158203125, 861.2162475585938, 716.4302368164062, 1071.522705078125]",1
frame_0020.png,extras,chair,rolling chair,rolling chair.,0.2,0.2,8,0.4356,"[587.4627685546875, 862.3334350585938, 716.4636840820312, 1070.30419921875]",1
frame_0020.png,extras,cup,cup,cup.,0.18,0.18,1,0.3535,"[1087.008544921875, 861.3370971679688, 1102.7838134765625, 896.1885986328125]",1
frame_0020.png,extras,cup,white drinking cup,white drinking cup.,0.18,0.18,2,0.4242,"[1078.35791015625, 852.20556640625, 1110.587158203125, 903.087890625]",1
frame_0020.png,extras,cup,drinking cup,drinking cup.,0.18,0.18,0,0.0,,0
frame_0020.png,extras,cup,coffee cup,coffee cup.,0.18,0.18,0,0.0,,0
frame_0020.png,extras,cup,paper cup,paper cup.,0.18,0.18,0,0.0,,0
frame_0020.png,extras,cup,small cup,small cup.,0.18,0.18,2,0.3225,"[1081.711669921875, 854.9894409179688, 1108.4925537109375, 900.1808471679688]",1
frame_0020.png,extras,door,door,door.,0.2,0.2,11,0.2855,"[230.14520263671875, 600.2238159179688, 338.9990234375, 1036.483642578125]",1
frame_0020.png,extras,door,dark door surface,dark door surface.,0.2,0.2,5,0.3201,"[1551.8814697265625, 490.90142822265625, 1700.798828125, 1002.931396484375]",1
frame_0020.png,extras,door,wooden door,wooden door.,0.2,0.2,6,0.3408,"[226.07211303710938, 600.3327026367188, 339.77276611328125, 1037.9713134765625]",1
frame_0020.png,extras,door,closed door,closed door.,0.2,0.2,5,0.345,"[224.9597625732422, 600.3775024414062, 339.6557312011719, 1039.2786865234375]",1
frame_0020.png,extras,door,interior door,interior door.,0.2,0.2,12,0.3441,"[226.2710723876953, 598.908935546875, 338.8509826660156, 1037.8544921875]",1
frame_0020.png,extras,door,single door,single door.,0.2,0.2,5,0.3627,"[223.829833984375, 598.631591796875, 340.5784912109375, 1039.7701416015625]",1
frame_0020.png,extras,emergency exit sign,emergency exit sign,emergency exit sign.,0.18,0.18,4,0.272,"[2763.493896484375, 342.04364013671875, 2856.142578125, 446.6458740234375]",1
frame_0020.png,extras,emergency exit sign,exit sign,exit sign.,0.18,0.18,1,0.2058,"[2765.050048828125, 341.8567199707031, 2855.349365234375, 444.8345947265625]",1
frame_0020.png,extras,emergency exit sign,green emergency exit sign,green emergency exit sign.,0.18,0.18,5,0.2908,"[1403.879150390625, 888.1234741210938, 1445.6566162109375, 922.9798583984375]",1
frame_0020.png,extras,emergency exit sign,green exit sign,green exit sign.,0.18,0.18,4,0.3191,"[1403.009521484375, 888.0643310546875, 1445.80078125, 923.5650634765625]",1
frame_0020.png,extras,emergency exit sign,running man exit sign,running man exit sign.,0.18,0.18,4,0.4252,"[1154.2620849609375, 1648.070556640625, 1711.2440185546875, 1853.04541015625]",1
frame_0020.png,extras,emergency exit sign,fire exit sign,fire exit sign.,0.18,0.18,0,0.0,,0
frame_0020.png,extras,emergency exit sign,evacuation sign,evacuation sign.,0.18,0.18,2,0.193,"[2725.730224609375, 306.98101806640625, 2876.16796875, 474.7952880859375]",1
frame_0020.png,extras,meeting table set,meeting table set,meeting table set.,0.2,0.2,2,0.6148,"[445.0066833496094, 854.7036743164062, 1148.388671875, 1078.9605712890625]",1
frame_0020.png,extras,meeting table set,large meeting table,large meeting table.,0.2,0.2,1,0.7666,"[449.1561279296875, 860.1327514648438, 1146.6142578125, 1077.4859619140625]",1
frame_0020.png,extras,meeting table set,conference table,conference table.,0.2,0.2,4,0.5539,"[454.22613525390625, 875.3248291015625, 1141.6883544921875, 1071.7232666015625]",1
frame_0020.png,extras,meeting table set,metallic desk,metallic desk.,0.2,0.2,2,0.6085,"[451.9081115722656, 869.4638671875, 1145.031982421875, 1073.4144287109375]",1
frame_0020.png,extras,meeting table set,long table with chairs,long table with chairs.,0.2,0.2,4,0.4755,"[445.8760070800781, 852.8666381835938, 1153.2110595703125, 1075.6412353515625]",1
frame_0020.png,extras,meeting table set,office meeting table,office meeting table.,0.2,0.2,3,0.6316,"[451.0563659667969, 868.4830932617188, 1144.4976806640625, 1074.4893798828125]",1
frame_0020.png,extras,meeting table set,boardroom table,boardroom table.,0.2,0.2,2,0.603,"[452.1258544921875, 870.1716918945312, 1143.256591796875, 1074.9295654296875]",1
frame_0020.png,extras,trash bin,trash bin,trash bin.,0.2,0.2,0,0.0,,0
frame_0020.png,extras,trash bin,indoor trash bin,indoor trash bin.,0.2,0.2,3,0.3491,"[2.7138054370880127, 974.0292358398438, 183.500732421875, 1197.367431640625]",1
frame_0020.png,extras,trash bin,garbage bin,garbage bin.,0.2,0.2,2,0.2241,"[2.5943236351013184, 976.1419677734375, 182.09945678710938, 1196.5216064453125]",1
frame_0020.png,extras,trash bin,waste bin,waste bin.,0.2,0.2,2,0.2267,"[2.4944651126861572, 976.208740234375, 182.29808044433594, 1196.816650390625]",1
frame_0020.png,extras,trash bin,recycling bin,recycling bin.,0.2,0.2,3,0.27,"[1611.5726318359375, 985.1171264648438, 1704.345703125, 1044.22216796875]",1
frame_0020.png,extras,trash bin,rubbish bin,rubbish bin.,0.2,0.2,5,0.2571,"[1611.20263671875, 984.6730346679688, 1704.3214111328125, 1044.22900390625]",1
frame_0020.png,extras,trash bin,small trash can,small trash can.,0.2,0.2,2,0.5638,"[2.4475371837615967, 962.376708984375, 189.1414031982422, 1200.832763671875]",1
frame_0020.png,extras,water fountain,water fountain,water fountain.,0.18,0.18,3,0.3354,"[1157.7012939453125, 1655.17333984375, 1709.0255126953125, 1855.9915771484375]",1
frame_0020.png,extras,water fountain,metallic water fountain,metallic water fountain.,0.18,0.18,4,0.4096,"[1156.1773681640625, 1653.170166015625, 1709.6683349609375, 1854.9202880859375]",1
frame_0020.png,extras,water fountain,drinking fountain,drinking fountain.,0.18,0.18,0,0.0,,0
frame_0020.png,extras,water fountain,water dispenser,water dispenser.,0.18,0.18,0,0.0,,0
frame_0020.png,extras,water fountain,wall water fountain,wall water fountain.,0.18,0.18,5,0.4431,"[1156.57373046875, 1654.119384765625, 1709.24462890625, 1855.3482666015625]",1
frame_0020.png,extras,water fountain,stainless water fountain,stainless water fountain.,0.18,0.18,2,0.4092,"[1154.061279296875, 1650.5657958984375, 1711.3355712890625, 1854.3660888671875]",1
frame_0021.png,production,meeting table set,ALL_GROUP,meeting table. conference table. meeting table set.,0.35,0.35,1,0.5659,"[445.7209167480469, 848.970947265625, 1149.6563720703125, 1080.731689453125]",1
frame_0021.png,production,chair,ALL_GROUP,chair. armless chair.,0.42,0.42,5,0.4518,"[586.760009765625, 862.8892822265625, 715.8939208984375, 1070.756103515625]",1
frame_0021.png,production,bench,ALL_GROUP,bench. benches. metal bench. metallic bench. waiting bench.,0.38,0.38,0,0.0,,0
frame_0021.png,production,bottle+cup+cardboard box,ALL_GROUP,bottle. dark thermos. thermos. dark thermos bottle. cup. cups. white drinking cup. white drinking cups. cardboard box. brown cardboard. brown cardboard box.,0.28,0.28,1,0.3043,"[1608.6636962890625, 981.7408447265625, 1705.95166015625, 1047.299072265625]",1
frame_0021.png,production,water fountain+door,ALL_GROUP,water fountain. metallic fountain. metallic water fountain. door. doors. dark door. dark door surface. elevator sliding door. elevator sliding doors.,0.38,0.38,0,0.0,,0
frame_0021.png,production,emergency exit sign,ALL_GROUP,emergency exit sign. exit sign.,0.5,0.5,0,0.0,,0
frame_0021.png,production,trash bin,ALL_GROUP,trash bin. trash bins. indoor trash bin.,0.45,0.45,0,0.0,,0
frame_0021.png,extras,bench,bench,bench.,0.2,0.2,3,0.2235,"[2.014896869659424, 1753.388916015625, 436.0627136230469, 1856.94580078125]",1
frame_0021.png,extras,bench,metal bench,metal bench.,0.2,0.2,4,0.2727,"[3.3014345169067383, 1748.19140625, 442.39215087890625, 1854.5284423828125]",1
frame_0021.png,extras,bench,waiting bench,waiting bench.,0.2,0.2,2,0.3345,"[1.88065767288208, 1750.06298828125, 441.1395263671875, 1855.1375732421875]",1
frame_0021.png,extras,bench,sitting bench,sitting bench.,0.2,0.2,5,0.3178,"[2.7437281608581543, 1750.717529296875, 437.6513671875, 1855.9278564453125]",1
frame_0021.png,extras,bench,long bench,long bench.,0.2,0.2,3,0.3497,"[2.708773612976074, 1749.6142578125, 442.29254150390625, 1854.761474609375]",1
frame_0021.png,extras,bottle,bottle,bottle.,0.18,0.18,1,0.5718,"[1086.262451171875, 859.67626953125, 1102.6226806640625, 896.7431030273438]",1
frame_0021.png,extras,bottle,dark thermos bottle,dark thermos bottle.,0.18,0.18,2,0.2975,"[1082.1800537109375, 853.5282592773438, 1107.373046875, 901.328125]",1
frame_0021.png,extras,bottle,thermos bottle,thermos bottle.,0.18,0.18,1,0.3377,"[1083.77734375, 856.443115234375, 1105.3748779296875, 900.5807495117188]",1
frame_0021.png,extras,bottle,water bottle,water bottle.,0.18,0.18,1,0.441,"[1083.72509765625, 857.025146484375, 1104.902099609375, 900.2716674804688]",1
frame_0021.png,extras,bottle,drink bottle,drink bottle.,0.18,0.18,1,0.2907,"[1084.765869140625, 857.4541015625, 1104.494384765625, 899.4915771484375]",1
frame_0021.png,extras,bottle,small bottle,small bottle.,0.18,0.18,2,0.5559,"[1082.1669921875, 854.99951171875, 1106.978515625, 901.13916015625]",1
frame_0021.png,extras,cardboard box,cardboard box,cardboard box.,0.2,0.2,1,0.5299,"[1610.6156005859375, 984.65185546875, 1703.648193359375, 1044.7939453125]",1
frame_0021.png,extras,cardboard box,brown cardboard box,brown cardboard box.,0.2,0.2,2,0.5875,"[1608.3304443359375, 981.7177734375, 1705.5924072265625, 1046.9796142578125]",1
frame_0021.png,extras,cardboard box,shipping box,shipping box.,0.2,0.2,2,0.4384,"[1611.2418212890625, 985.9453125, 1703.1201171875, 1043.732177734375]",1
frame_0021.png,extras,cardboard box,package box,package box.,0.2,0.2,1,0.2537,"[1611.380859375, 985.3457641601562, 1703.41748046875, 1043.9432373046875]",1
frame_0021.png,extras,cardboard box,small box,small box.,0.2,0.2,1,0.6817,"[1609.7130126953125, 983.2349853515625, 1705.0849609375, 1045.9005126953125]",1
frame_0021.png,extras,cardboard box,box,box.,0.2,0.2,1,0.445,"[1612.07763671875, 987.1588134765625, 1702.5133056640625, 1042.212890625]",1
frame_0021.png,extras,chair,chair,chair.,0.2,0.2,8,0.2658,"[452.8448486328125, 895.0020751953125, 570.19384765625, 1027.654296875]",1
frame_0021.png,extras,chair,armless chair,armless chair.,0.2,0.2,7,0.4268,"[586.4622192382812, 861.5115966796875, 717.6757202148438, 1071.030029296875]",1
frame_0021.png,extras,chair,office chair,office chair.,0.2,0.2,12,0.4138,"[587.7224731445312, 863.4434204101562, 719.614013671875, 1069.5595703125]",1
frame_0021.png,extras,chair,wheeled chair,wheeled chair.,0.2,0.2,8,0.4836,"[587.2988891601562, 862.6569213867188, 717.04052734375, 1069.7720947265625]",1
frame_0021.png,extras,chair,swivel chair,swivel chair.,0.2,0.2,6,0.3912,"[586.2689208984375, 861.180908203125, 716.2139282226562, 1071.4873046875]",1
frame_0021.png,extras,chair,rolling chair,rolling chair.,0.2,0.2,8,0.4319,"[587.3473510742188, 862.2640991210938, 717.1727905273438, 1070.177978515625]",1
frame_0021.png,extras,cup,cup,cup.,0.18,0.18,1,0.3433,"[1087.0323486328125, 861.3084106445312, 1102.6346435546875, 896.0201416015625]",1
frame_0021.png,extras,cup,white drinking cup,white drinking cup.,0.18,0.18,3,0.4186,"[1078.602783203125, 852.2863159179688, 1110.3472900390625, 902.6494750976562]",1
frame_0021.png,extras,cup,drinking cup,drinking cup.,0.18,0.18,0,0.0,,0
frame_0021.png,extras,cup,coffee cup,coffee cup.,0.18,0.18,0,0.0,,0
frame_0021.png,extras,cup,paper cup,paper cup.,0.18,0.18,0,0.0,,0
frame_0021.png,extras,cup,small cup,small cup.,0.18,0.18,2,0.3176,"[1081.9150390625, 854.9553833007812, 1108.440185546875, 899.8770751953125]",1
frame_0021.png,extras,door,door,door.,0.2,0.2,9,0.2966,"[229.03260803222656, 600.5927734375, 339.1136779785156, 1036.727783203125]",1
frame_0021.png,extras,door,dark door surface,dark door surface.,0.2,0.2,4,0.3273,"[1552.244384765625, 490.43023681640625, 1700.73291015625, 1002.3453979492188]",1
frame_0021.png,extras,door,wooden door,wooden door.,0.2,0.2,5,0.3607,"[224.62246704101562, 600.31494140625, 339.8838195800781, 1038.3531494140625]",1
frame_0021.png,extras,door,closed door,closed door.,0.2,0.2,4,0.3697,"[223.22042846679688, 600.076171875, 339.8806457519531, 1039.2840576171875]",1
frame_0021.png,extras,door,interior door,interior door.,0.2,0.2,11,0.3541,"[225.44842529296875, 598.9580688476562, 338.92529296875, 1037.750244140625]",1
frame_0021.png,extras,door,single door,single door.,0.2,0.2,3,0.3808,"[221.8638916015625, 598.133056640625, 340.6919860839844, 1040.018798828125]",1
frame_0021.png,extras,emergency exit sign,emergency exit sign,emergency exit sign.,0.18,0.18,4,0.2551,"[2763.592041015625, 341.9206848144531, 2856.63916015625, 447.1639709472656]",1
frame_0021.png,extras,emergency exit sign,exit sign,exit sign.,0.18,0.18,1,0.2015,"[2764.97998046875, 342.21441650390625, 2856.217041015625, 445.1072692871094]",1
frame_0021.png,extras,emergency exit sign,green emergency exit sign,green emergency exit sign.,0.18,0.18,6,0.2927,"[1403.74755859375, 887.9964599609375, 1445.8289794921875, 923.0706787109375]",1
frame_0021.png,extras,emergency exit sign,green exit sign,green exit sign.,0.18,0.18,3,0.3313,"[1403.0078125, 887.9508056640625, 1445.855224609375, 923.6140747070312]",1
frame_0021.png,extras,emergency exit sign,running man exit sign,running man exit sign.,0.18,0.18,3,0.4441,"[1153.908447265625, 1648.01611328125, 1711.359375, 1853.3685302734375]",1
frame_0021.png,extras,emergency exit sign,fire exit sign,fire exit sign.,0.18,0.18,0,0.0,,0
frame_0021.png,extras,emergency exit sign,evacuation sign,evacuation sign.,0.18,0.18,1,0.2,"[2725.405517578125, 307.13104248046875, 2876.56396484375, 475.3187255859375]",1
frame_0021.png,extras,meeting table set,meeting table set,meeting table set.,0.2,0.2,2,0.6148,"[444.99237060546875, 854.8567504882812, 1148.2281494140625, 1078.988037109375]",1
frame_0021.png,extras,meeting table set,large meeting table,large meeting table.,0.2,0.2,1,0.7597,"[449.3263244628906, 860.055908203125, 1146.15234375, 1077.34375]",1
frame_0021.png,extras,meeting table set,conference table,conference table.,0.2,0.2,4,0.5529,"[454.1914978027344, 875.2459716796875, 1141.42041015625, 1071.9544677734375]",1
frame_0021.png,extras,meeting table set,metallic desk,metallic desk.,0.2,0.2,2,0.5953,"[451.7085876464844, 869.384033203125, 1144.9300537109375, 1073.5677490234375]",1
frame_0021.png,extras,meeting table set,long table with chairs,long table with chairs.,0.2,0.2,4,0.4852,"[446.1113586425781, 852.8553466796875, 1153.0355224609375, 1075.52294921875]",1
frame_0021.png,extras,meeting table set,office meeting table,office meeting table.,0.2,0.2,3,0.6323,"[450.94122314453125, 868.60546875, 1144.356689453125, 1074.890380859375]",1
frame_0021.png,extras,meeting table set,boardroom table,boardroom table.,0.2,0.2,2,0.5973,"[452.1377868652344, 869.7754516601562, 1143.032470703125, 1075.201904296875]",1
frame_0021.png,extras,trash bin,trash bin,trash bin.,0.2,0.2,0,0.0,,0
frame_0021.png,extras,trash bin,indoor trash bin,indoor trash bin.,0.2,0.2,2,0.3624,"[2.778071165084839, 973.8975219726562, 182.7943115234375, 1197.2822265625]",1
frame_0021.png,extras,trash bin,garbage bin,garbage bin.,0.2,0.2,2,0.2205,"[2.6055407524108887, 976.1753540039062, 181.4988250732422, 1196.4766845703125]",1
frame_0021.png,extras,trash bin,waste bin,waste bin.,0.2,0.2,2,0.2286,"[2.5443167686462402, 976.1949462890625, 181.664794921875, 1196.7381591796875]",1
frame_0021.png,extras,trash bin,recycling bin,recycling bin.,0.2,0.2,3,0.2835,"[1611.5101318359375, 985.1945190429688, 1704.09228515625, 1044.195556640625]",1
frame_0021.png,extras,trash bin,rubbish bin,rubbish bin.,0.2,0.2,5,0.2788,"[1.8940579891204834, 976.1223754882812, 181.7886199951172, 1197.409912109375]",1
frame_0021.png,extras,trash bin,small trash can,small trash can.,0.2,0.2,2,0.5888,"[2.5490963459014893, 962.1757202148438, 188.38587951660156, 1200.7774658203125]",1
frame_0021.png,extras,water fountain,water fountain,water fountain.,0.18,0.18,2,0.3264,"[1157.7435302734375, 1655.020263671875, 1708.92431640625, 1855.9384765625]",1
frame_0021.png,extras,water fountain,metallic water fountain,metallic water fountain.,0.18,0.18,4,0.4023,"[1156.30078125, 1653.059326171875, 1709.677978515625, 1854.8843994140625]",1
frame_0021.png,extras,water fountain,drinking fountain,drinking fountain.,0.18,0.18,0,0.0,,0
frame_0021.png,extras,water fountain,water dispenser,water dispenser.,0.18,0.18,0,0.0,,0
frame_0021.png,extras,water fountain,wall water fountain,wall water fountain.,0.18,0.18,4,0.4449,"[1156.547119140625, 1654.0203857421875, 1709.31591796875, 1855.3245849609375]",1
frame_0021.png,extras,water fountain,stainless water fountain,stainless water fountain.,0.18,0.18,2,0.4098,"[1154.0982666015625, 1650.4630126953125, 1711.364501953125, 1854.305419921875]",1
frame_0022.png,production,meeting table set,ALL_GROUP,meeting table. conference table. meeting table set.,0.35,0.35,1,0.5568,"[445.6470947265625, 848.7901611328125, 1149.697998046875, 1080.7791748046875]",1
frame_0022.png,production,chair,ALL_GROUP,chair. armless chair.,0.42,0.42,3,0.4389,"[452.25311279296875, 891.552978515625, 574.94482421875, 1029.8251953125]",1
frame_0022.png,production,bench,ALL_GROUP,bench. benches. metal bench. metallic bench. waiting bench.,0.38,0.38,0,0.0,,0
frame_0022.png,production,bottle+cup+cardboard box,ALL_GROUP,bottle. dark thermos. thermos. dark thermos bottle. cup. cups. white drinking cup. white drinking cups. cardboard box. brown cardboard. brown cardboard box.,0.28,0.28,1,0.3022,"[1608.7525634765625, 981.7860717773438, 1706.1800537109375, 1047.1900634765625]",1
frame_0022.png,production,water fountain+door,ALL_GROUP,water fountain. metallic fountain. metallic water fountain. door. doors. dark door. dark door surface. elevator sliding door. elevator sliding doors.,0.38,0.38,0,0.0,,0
frame_0022.png,production,emergency exit sign,ALL_GROUP,emergency exit sign. exit sign.,0.5,0.5,0,0.0,,0
frame_0022.png,production,trash bin,ALL_GROUP,trash bin. trash bins. indoor trash bin.,0.45,0.45,0,0.0,,0
frame_0022.png,extras,bench,bench,bench.,0.2,0.2,3,0.215,"[2.168898582458496, 1753.90380859375, 434.1978759765625, 1856.926025390625]",1
frame_0022.png,extras,bench,metal bench,metal bench.,0.2,0.2,4,0.2741,"[3.242919445037842, 1748.953857421875, 441.50225830078125, 1854.5694580078125]",1
frame_0022.png,extras,bench,waiting bench,waiting bench.,0.2,0.2,2,0.3497,"[1.7151117324829102, 1750.83251953125, 439.78338623046875, 1855.166748046875]",1
frame_0022.png,extras,bench,sitting bench,sitting bench.,0.2,0.2,5,0.313,"[2.4773526191711426, 1751.39892578125, 436.8600158691406, 1855.965087890625]",1
frame_0022.png,extras,bench,long bench,long bench.,0.2,0.2,4,0.3659,"[2236.456298828125, 1663.0533447265625, 2878.27197265625, 1853.871826171875]",1
frame_0022.png,extras,bottle,bottle,bottle.,0.18,0.18,1,0.5593,"[1086.5557861328125, 859.894287109375, 1102.7301025390625, 896.4902954101562]",1
frame_0022.png,extras,bottle,dark thermos bottle,dark thermos bottle.,0.18,0.18,2,0.2943,"[1082.4605712890625, 853.8392944335938, 1107.638671875, 901.0747680664062]",1
frame_0022.png,extras,bottle,thermos bottle,thermos bottle.,0.18,0.18,1,0.3366,"[1084.079833984375, 856.7916259765625, 1105.6083984375, 900.50048828125]",1
frame_0022.png,extras,bottle,water bottle,water bottle.,0.18,0.18,2,0.4352,"[1084.0831298828125, 857.3001098632812, 1105.18115234375, 900.1333618164062]",1
frame_0022.png,extras,bottle,drink bottle,drink bottle.,0.18,0.18,1,0.2886,"[1085.166015625, 857.8287963867188, 1104.6861572265625, 899.3137817382812]",1
frame_0022.png,extras,bottle,small bottle,small bottle.,0.18,0.18,2,0.5454,"[1082.5211181640625, 855.2188720703125, 1107.182373046875, 901.18359375]",1
frame_0022.png,extras,cardboard box,cardboard box,cardboard box.,0.2,0.2,1,0.5346,"[1610.640625, 984.7174682617188, 1703.7529296875, 1044.7130126953125]",1
frame_0022.png,extras,cardboard box,brown cardboard box,brown cardboard box.,0.2,0.2,2,0.5849,"[1608.41943359375, 981.8350830078125, 1705.71630859375, 1046.8084716796875]",1
frame_0022.png,extras,cardboard box,shipping box,shipping box.,0.2,0.2,2,0.4353,"[1611.249267578125, 986.0046997070312, 1703.2872314453125, 1043.7066650390625]",1
frame_0022.png,extras,cardboard box,package box,package box.,0.2,0.2,1,0.2527,"[1611.3719482421875, 985.3643798828125, 1703.5665283203125, 1043.843017578125]",1
frame_0022.png,extras,cardboard box,small box,small box.,0.2,0.2,1,0.682,"[1609.762451171875, 983.3319702148438, 1705.2476806640625, 1045.75146484375]",1
frame_0022.png,extras,cardboard box,box,box.,0.2,0.2,1,0.4463,"[1612.0565185546875, 987.2123413085938, 1702.4520263671875, 1042.116943359375]",1
frame_0022.png,extras,chair,chair,chair.,0.2,0.2,8,0.2593,"[452.5870666503906, 895.0592651367188, 568.0949096679688, 1027.4561767578125]",1
frame_0022.png,extras,chair,armless chair,armless chair.,0.2,0.2,7,0.4255,"[586.489013671875, 861.55126953125, 718.6658325195312, 1070.9097900390625]",1
frame_0022.png,extras,chair,office chair,office chair.,0.2,0.2,12,0.4137,"[587.8657836914062, 863.5303344726562, 720.0589599609375, 1069.3970947265625]",1
frame_0022.png,extras,chair,wheeled chair,wheeled chair.,0.2,0.2,7,0.4835,"[587.3065185546875, 862.709716796875, 717.8285522460938, 1069.73828125]",1
frame_0022.png,extras,chair,swivel chair,swivel chair.,0.2,0.2,6,0.3849,"[586.327392578125, 861.2335815429688, 717.548828125, 1071.3607177734375]",1
frame_0022.png,extras,chair,rolling chair,rolling chair.,0.2,0.2,8,0.4313,"[587.4074096679688, 862.3569946289062, 717.8897094726562, 1070.102294921875]",1
frame_0022.png,extras,cup,cup,cup.,0.18,0.18,1,0.3404,"[1087.4193115234375, 861.4407958984375, 1102.8531494140625, 895.9376831054688]",1
frame_0022.png,extras,cup,white drinking cup,white drinking cup.,0.18,0.18,2,0.4234,"[1078.7459716796875, 852.2767333984375, 1110.689697265625, 902.7575073242188]",1
frame_0022.png,extras,cup,drinking cup,drinking cup.,0.18,0.18,0,0.0,,0
frame_0022.png,extras,cup,coffee cup,coffee cup.,0.18,0.18,0,0.0,,0
frame_0022.png,extras,cup,paper cup,paper cup.,0.18,0.18,0,0.0,,0
frame_0022.png,extras,cup,small cup,small cup.,0.18,0.18,2,0.321,"[1082.2552490234375, 855.1109008789062, 1108.5264892578125, 899.9407958984375]",1
frame_0022.png,extras,door,door,door.,0.2,0.2,9,0.2976,"[229.53497314453125, 600.3411865234375, 339.24383544921875, 1036.7320556640625]",1
frame_0022.png,extras,door,dark door surface,dark door surface.,0.2,0.2,4,0.3215,"[1552.04248046875, 492.0135498046875, 1700.78955078125, 1002.2680053710938]",1
frame_0022.png,extras,door,wooden door,wooden door.,0.2,0.2,4,0.3711,"[224.98614501953125, 600.1590576171875, 340.10565185546875, 1038.461181640625]",1
frame_0022.png,extras,door,closed door,closed door.,0.2,0.2,5,0.3812,"[223.50357055664062, 599.9160766601562, 340.1947326660156, 1039.4586181640625]",1
frame_0022.png,extras,door,interior door,interior door.,0.2,0.2,10,0.3582,"[225.26266479492188, 599.0188598632812, 339.1457824707031, 1037.9498291015625]",1
frame_0022.png,extras,door,single door,single door.,0.2,0.2,3,0.3876,"[222.53451538085938, 598.2372436523438, 340.9062805175781, 1040.10595703125]",1
frame_0022.png,extras,emergency exit sign,emergency exit sign,emergency exit sign.,0.18,0.18,4,0.2432,"[1408.9317626953125, 893.4309692382812, 1441.718017578125, 918.3416748046875]",1
frame_0022.png,extras,emergency exit sign,exit sign,exit sign.,0.18,0.18,2,0.1938,"[2763.635498046875, 341.6791687011719, 2856.990234375, 445.83282470703125]",1
frame_0022.png,extras,emergency exit sign,green emergency exit sign,green emergency exit sign.,0.18,0.18,4,0.3173,"[2724.6455078125, 305.37615966796875, 2874.4609375, 476.4489440917969]",1
frame_0022.png,extras,emergency exit sign,green exit sign,green exit sign.,0.18,0.18,5,0.3209,"[1403.06689453125, 887.97900390625, 1445.940673828125, 923.6041870117188]",1
frame_0022.png,extras,emergency exit sign,running man exit sign,running man exit sign.,0.18,0.18,4,0.4369,"[1154.3592529296875, 1648.2479248046875, 1711.2672119140625, 1852.948486328125]",1
frame_0022.png,extras,emergency exit sign,fire exit sign,fire exit sign.,0.18,0.18,1,0.1809,"[1416.9512939453125, 843.9448852539062, 1446.4075927734375, 879.5215454101562]",1
frame_0022.png,extras,emergency exit sign,evacuation sign,evacuation sign.,0.18,0.18,1,0.19,"[2725.5771484375, 306.76715087890625, 2877.26123046875, 475.5139465332031]",1
frame_0022.png,extras,meeting table set,meeting table set,meeting table set.,0.2,0.2,2,0.6155,"[445.125, 855.00146484375, 1148.2894287109375, 1078.987060546875]",1
frame_0022.png,extras,meeting table set,large meeting table,large meeting table.,0.2,0.2,1,0.7623,"[449.42913818359375, 860.086181640625, 1146.1033935546875, 1077.69775390625]",1
frame_0022.png,extras,meeting table set,conference table,conference table.,0.2,0.2,4,0.5537,"[454.1504821777344, 875.8099365234375, 1140.86181640625, 1072.142333984375]",1
frame_0022.png,extras,meeting table set,metallic desk,metallic desk.,0.2,0.2,2,0.6097,"[452.2455139160156, 869.4761352539062, 1144.6856689453125, 1073.285888671875]",1
frame_0022.png,extras,meeting table set,long table with chairs,long table with chairs.,0.2,0.2,4,0.4839,"[445.7301330566406, 853.5216674804688, 1153.405517578125, 1075.1768798828125]",1
frame_0022.png,extras,meeting table set,office meeting table,office meeting table.,0.2,0.2,3,0.6337,"[451.0257568359375, 868.8328247070312, 1144.276123046875, 1074.944091796875]",1
frame_0022.png,extras,meeting table set,boardroom table,boardroom table.,0.2,0.2,2,0.6041,"[452.3109130859375, 870.176025390625, 1142.384521484375, 1075.1668701171875]",1
frame_0022.png,extras,trash bin,trash bin,trash bin.,0.2,0.2,0,0.0,,0
frame_0022.png,extras,trash bin,indoor trash bin,indoor trash bin.,0.2,0.2,3,0.3502,"[2.800816297531128, 973.71240234375, 182.9285430908203, 1197.217529296875]",1
frame_0022.png,extras,trash bin,garbage bin,garbage bin.,0.2,0.2,2,0.2204,"[2.6629936695098877, 976.0936279296875, 181.62228393554688, 1196.397216796875]",1
frame_0022.png,extras,trash bin,waste bin,waste bin.,0.2,0.2,2,0.2275,"[2.5703608989715576, 976.0337524414062, 181.77874755859375, 1196.7177734375]",1
frame_0022.png,extras,trash bin,recycling bin,recycling bin.,0.2,0.2,3,0.2682,"[1611.4571533203125, 985.1934204101562, 1704.288818359375, 1044.14453125]",1
frame_0022.png,extras,trash bin,rubbish bin,rubbish bin.,0.2,0.2,5,0.2609,"[1611.1324462890625, 984.7417602539062, 1704.2347412109375, 1044.1279296875]",1
frame_0022.png,extras,trash bin,small trash can,small trash can.,0.2,0.2,2,0.5709,"[2.650977373123169, 960.8019409179688, 188.70370483398438, 1200.6611328125]",1
frame_0022.png,extras,water fountain,water fountain,water fountain.,0.18,0.18,3,0.3455,"[1157.83935546875, 1655.2130126953125, 1709.0772705078125, 1855.9581298828125]",1
frame_0022.png,extras,water fountain,metallic water fountain,metallic water fountain.,0.18,0.18,4,0.4272,"[1156.4677734375, 1653.135986328125, 1709.7257080078125, 1854.83447265625]",1
frame_0022.png,extras,water fountain,drinking fountain,drinking fountain.,0.18,0.18,0,0.0,,0
frame_0022.png,extras,water fountain,water dispenser,water dispenser.,0.18,0.18,1,0.1856,"[1082.1201171875, 856.5474853515625, 1106.572265625, 900.3623657226562]",1
frame_0022.png,extras,water fountain,wall water fountain,wall water fountain.,0.18,0.18,4,0.4598,"[1156.7718505859375, 1654.1590576171875, 1709.333984375, 1855.2923583984375]",1
frame_0022.png,extras,water fountain,stainless water fountain,stainless water fountain.,0.18,0.18,2,0.4264,"[1154.34619140625, 1650.4766845703125, 1711.3040771484375, 1854.2916259765625]",1
frame_0023.png,production,meeting table set,ALL_GROUP,meeting table. conference table. meeting table set.,0.35,0.35,1,0.5634,"[445.904296875, 848.7666625976562, 1149.9202880859375, 1080.9293212890625]",1
frame_0023.png,production,chair,ALL_GROUP,chair. armless chair.,0.42,0.42,5,0.4463,"[586.74462890625, 862.9096069335938, 716.43798828125, 1070.791015625]",1
frame_0023.png,production,bench,ALL_GROUP,bench. benches. metal bench. metallic bench. waiting bench.,0.38,0.38,0,0.0,,0
frame_0023.png,production,bottle+cup+cardboard box,ALL_GROUP,bottle. dark thermos. thermos. dark thermos bottle. cup. cups. white drinking cup. white drinking cups. cardboard box. brown cardboard. brown cardboard box.,0.28,0.28,1,0.2986,"[1608.6300048828125, 981.7793579101562, 1705.943115234375, 1047.32958984375]",1
frame_0023.png,production,water fountain+door,ALL_GROUP,water fountain. metallic fountain. metallic water fountain. door. doors. dark door. dark door surface. elevator sliding door. elevator sliding doors.,0.38,0.38,0,0.0,,0
frame_0023.png,production,emergency exit sign,ALL_GROUP,emergency exit sign. exit sign.,0.5,0.5,0,0.0,,0
frame_0023.png,production,trash bin,ALL_GROUP,trash bin. trash bins. indoor trash bin.,0.45,0.45,0,0.0,,0
frame_0023.png,extras,bench,bench,bench.,0.2,0.2,3,0.2143,"[2.0705795288085938, 1753.4659423828125, 431.5921936035156, 1856.9844970703125]",1
frame_0023.png,extras,bench,metal bench,metal bench.,0.2,0.2,4,0.2754,"[3.261265754699707, 1748.4908447265625, 438.2831726074219, 1854.527587890625]",1
frame_0023.png,extras,bench,waiting bench,waiting bench.,0.2,0.2,4,0.3411,"[1.8393301963806152, 1750.224609375, 436.3072509765625, 1855.13427734375]",1
frame_0023.png,extras,bench,sitting bench,sitting bench.,0.2,0.2,5,0.2975,"[2.555844783782959, 1750.9259033203125, 433.3760681152344, 1855.974365234375]",1
frame_0023.png,extras,bench,long bench,long bench.,0.2,0.2,4,0.3567,"[2.605583667755127, 1749.8331298828125, 437.8674011230469, 1854.773193359375]",1
frame_0023.png,extras,bottle,bottle,bottle.,0.18,0.18,1,0.56,"[1086.4141845703125, 859.7817993164062, 1102.7410888671875, 896.661865234375]",1
frame_0023.png,extras,bottle,dark thermos bottle,dark thermos bottle.,0.18,0.18,2,0.3124,"[1082.24658203125, 853.6814575195312, 1107.5760498046875, 901.1034545898438]",1
frame_0023.png,extras,bottle,thermos bottle,thermos bottle.,0.18,0.18,1,0.3259,"[1083.935791015625, 856.6985473632812, 1105.5107421875, 900.3886108398438]",1
frame_0023.png,extras,bottle,water bottle,water bottle.,0.18,0.18,1,0.4337,"[1083.885498046875, 857.2620239257812, 1104.955078125, 900.063232421875]",1
frame_0023.png,extras,bottle,drink bottle,drink bottle.,0.18,0.18,1,0.2904,"[1084.9932861328125, 857.7889404296875, 1104.5963134765625, 899.2986450195312]",1
frame_0023.png,extras,bottle,small bottle,small bottle.,0.18,0.18,2,0.5528,"[1082.223388671875, 855.1384887695312, 1107.119384765625, 901.2899780273438]",1
frame_0023.png,extras,cardboard box,cardboard box,cardboard box.,0.2,0.2,1,0.5286,"[1610.6533203125, 984.7171020507812, 1703.6468505859375, 1044.86279296875]",1
frame_0023.png,extras,cardboard box,brown cardboard box,brown cardboard box.,0.2,0.2,2,0.5846,"[1608.4326171875, 981.8204345703125, 1705.5830078125, 1046.9385986328125]",1
frame_0023.png,extras,cardboard box,shipping box,shipping box.,0.2,0.2,2,0.4309,"[1611.298095703125, 986.01416015625, 1703.12939453125, 1043.82958984375]",1
frame_0023.png,extras,cardboard box,package box,package box.,0.2,0.2,1,0.2447,"[1611.4276123046875, 985.384521484375, 1703.4381103515625, 1044.043701171875]",1
frame_0023.png,extras,cardboard box,small box,small box.,0.2,0.2,1,0.6806,"[1609.766357421875, 983.3179321289062, 1705.1373291015625, 1045.8795166015625]",1
frame_0023.png,extras,cardboard box,box,box.,0.2,0.2,1,0.443,"[1612.129150390625, 987.2328491210938, 1702.4193115234375, 1042.236572265625]",1
frame_0023.png,extras,chair,chair,chair.,0.2,0.2,8,0.267,"[452.97381591796875, 895.0313110351562, 568.7777709960938, 1028.032470703125]",1
frame_0023.png,extras,chair,armless chair,armless chair.,0.2,0.2,7,0.4275,"[586.4904174804688, 861.5091552734375, 718.6414184570312, 1071.1690673828125]",1
frame_0023.png,extras,chair,office chair,office chair.,0.2,0.2,11,0.423,"[587.8074951171875, 863.4400024414062, 720.157958984375, 1069.642578125]",1
frame_0023.png,extras,chair,wheeled chair,wheeled chair.,0.2,0.2,7,0.4879,"[587.353759765625, 862.5972900390625, 717.4131469726562, 1069.956787109375]",1
frame_0023.png,extras,chair,swivel chair,swivel chair.,0.2,0.2,6,0.3892,"[586.3080444335938, 861.155517578125, 717.1830444335938, 1071.570556640625]",1
frame_0023.png,extras,chair,rolling chair,rolling chair.,0.2,0.2,8,0.4358,"[587.482666015625, 862.3126831054688, 717.3067016601562, 1070.27392578125]",1
frame_0023.png,extras,cup,cup,cup.,0.18,0.18,1,0.3424,"[1087.3641357421875, 861.31982421875, 1102.7904052734375, 896.0067749023438]",1
frame_0023.png,extras,cup,white drinking cup,white drinking cup.,0.18,0.18,3,0.419,"[1078.72119140625, 852.3079223632812, 1110.4407958984375, 902.5586547851562]",1
frame_0023.png,extras,cup,drinking cup,drinking cup.,0.18,0.18,0,0.0,,0
frame_0023.png,extras,cup,coffee cup,coffee cup.,0.18,0.18,0,0.0,,0
frame_0023.png,extras,cup,paper cup,paper cup.,0.18,0.18,0,0.0,,0
frame_0023.png,extras,cup,small cup,small cup.,0.18,0.18,2,0.3343,"[1082.009521484375, 854.893310546875, 1108.5472412109375, 899.9788818359375]",1
frame_0023.png,extras,door,door,door.,0.2,0.2,9,0.2916,"[229.5226287841797, 600.0369262695312, 339.3709411621094, 1035.6170654296875]",1
frame_0023.png,extras,door,dark door surface,dark door surface.,0.2,0.2,4,0.3224,"[1551.895751953125, 491.4856872558594, 1700.42578125, 1002.5184326171875]",1
frame_0023.png,extras,door,wooden door,wooden door.,0.2,0.2,6,0.3576,"[225.28871154785156, 599.3793334960938, 340.24127197265625, 1037.0208740234375]",1
frame_0023.png,extras,door,closed door,closed door.,0.2,0.2,5,0.3659,"[224.1271209716797, 599.3840942382812, 340.1421813964844, 1038.0623779296875]",1
frame_0023.png,extras,door,interior door,interior door.,0.2,0.2,10,0.3514,"[225.8544464111328, 598.4320068359375, 339.5134582519531, 1036.6187744140625]",1
frame_0023.png,extras,door,single door,single door.,0.2,0.2,4,0.3663,"[222.91380310058594, 597.7301635742188, 340.8414611816406, 1038.628173828125]",1
frame_0023.png,extras,emergency exit sign,emergency exit sign,emergency exit sign.,0.18,0.18,4,0.2815,"[2764.2724609375, 342.1404724121094, 2856.359130859375, 446.98681640625]",1
frame_0023.png,extras,emergency exit sign,exit sign,exit sign.,0.18,0.18,1,0.2075,"[2765.506591796875, 342.0120849609375, 2855.83837890625, 445.220458984375]",1
frame_0023.png,extras,emergency exit sign,green emergency exit sign,green emergency exit sign.,0.18,0.18,5,0.3176,"[2722.2099609375, 300.4591979980469, 2874.12548828125, 479.0110778808594]",1
frame_0023.png,extras,emergency exit sign,green exit sign,green exit sign.,0.18,0.18,4,0.3189,"[1403.29736328125, 888.2899780273438, 1445.60400390625, 923.2330322265625]",1
frame_0023.png,extras,emergency exit sign,running man exit sign,running man exit sign.,0.18,0.18,3,0.4592,"[1153.5050048828125, 1648.2008056640625, 1711.2562255859375, 1853.267578125]",1
frame_0023.png,extras,emergency exit sign,fire exit sign,fire exit sign.,0.18,0.18,0,0.0,,0
frame_0023.png,extras,emergency exit sign,evacuation sign,evacuation sign.,0.18,0.18,2,0.1956,"[2724.427978515625, 305.5021667480469, 2876.96630859375, 476.6631164550781]",1
frame_0023.png,extras,meeting table set,meeting table set,meeting table set.,0.2,0.2,2,0.6153,"[445.27008056640625, 854.5809326171875, 1148.299560546875, 1079.1611328125]",1
frame_0023.png,extras,meeting table set,large meeting table,large meeting table.,0.2,0.2,1,0.7605,"[449.10906982421875, 859.6422729492188, 1146.4766845703125, 1077.3211669921875]",1
frame_0023.png,extras,meeting table set,conference table,conference table.,0.2,0.2,4,0.5561,"[454.0329284667969, 875.7879638671875, 1141.428466796875, 1071.4449462890625]",1
frame_0023.png,extras,meeting table set,metallic desk,metallic desk.,0.2,0.2,2,0.6095,"[451.87762451171875, 869.0844116210938, 1145.1712646484375, 1073.280517578125]",1
frame_0023.png,extras,meeting table set,long table with chairs,long table with chairs.,0.2,0.2,4,0.4837,"[445.9093933105469, 853.0588989257812, 1153.3271484375, 1075.3077392578125]",1
frame_0023.png,extras,meeting table set,office meeting table,office meeting table.,0.2,0.2,3,0.6312,"[451.102783203125, 868.4296264648438, 1144.415771484375, 1074.7149658203125]",1
frame_0023.png,extras,meeting table set,boardroom table,boardroom table.,0.2,0.2,2,0.6084,"[452.097412109375, 869.9848022460938, 1143.1282958984375, 1075.1749267578125]",1
frame_0023.png,extras,trash bin,trash bin,trash bin.,0.2,0.2,0,0.0,,0
frame_0023.png,extras,trash bin,indoor trash bin,indoor trash bin.,0.2,0.2,3,0.3401,"[2.7745628356933594, 973.966796875, 183.18751525878906, 1197.1397705078125]",1
frame_0023.png,extras,trash bin,garbage bin,garbage bin.,0.2,0.2,1,0.2285,"[1157.4158935546875, 910.748046875, 1207.3785400390625, 985.612060546875]",1
frame_0023.png,extras,trash bin,waste bin,waste bin.,0.2,0.2,2,0.2355,"[1157.431396484375, 910.7774047851562, 1207.533203125, 985.8626708984375]",1
frame_0023.png,extras,trash bin,recycling bin,recycling bin.,0.2,0.2,3,0.2715,"[1611.4698486328125, 985.2313232421875, 1704.1123046875, 1044.3175048828125]",1
frame_0023.png,extras,trash bin,rubbish bin,rubbish bin.,0.2,0.2,6,0.2551,"[1611.1019287109375, 984.7989501953125, 1704.0369873046875, 1044.294677734375]",1
frame_0023.png,extras,trash bin,small trash can,small trash can.,0.2,0.2,2,0.5411,"[2.5035953521728516, 961.720458984375, 188.88348388671875, 1200.80078125]",1
frame_0023.png,extras,water fountain,water fountain,water fountain.,0.18,0.18,3,0.3209,"[1157.5621337890625, 1655.0875244140625, 1708.646240234375, 1855.833251953125]",1
frame_0023.png,extras,water fountain,metallic water fountain,metallic water fountain.,0.18,0.18,4,0.3965,"[1156.09033203125, 1653.0892333984375, 1709.4666748046875, 1854.78662109375]",1
frame_0023.png,extras,water fountain,drinking fountain,drinking fountain.,0.18,0.18,0,0.0,,0
frame_0023.png,extras,water fountain,water dispenser,water dispenser.,0.18,0.18,0,0.0,,0
frame_0023.png,extras,water fountain,wall water fountain,wall water fountain.,0.18,0.18,5,0.4349,"[1156.4833984375, 1654.094482421875, 1709.0238037109375, 1855.211669921875]",1
frame_0023.png,extras,water fountain,stainless water fountain,stainless water fountain.,0.18,0.18,2,0.403,"[1153.8804931640625, 1650.5711669921875, 1711.096923828125, 1854.22509765625]",1
frame_0024.png,production,meeting table set,ALL_GROUP,meeting table. conference table. meeting table set.,0.35,0.35,1,0.5636,"[445.6683044433594, 849.1421508789062, 1149.6842041015625, 1080.545166015625]",1
frame_0024.png,production,chair,ALL_GROUP,chair. armless chair.,0.42,0.42,5,0.4474,"[586.7848510742188, 862.8633422851562, 716.1273193359375, 1070.74365234375]",1
frame_0024.png,production,bench,ALL_GROUP,bench. benches. metal bench. metallic bench. waiting bench.,0.38,0.38,0,0.0,,0
frame_0024.png,production,bottle+cup+cardboard box,ALL_GROUP,bottle. dark thermos. thermos. dark thermos bottle. cup. cups. white drinking cup. white drinking cups. cardboard box. brown cardboard. brown cardboard box.,0.28,0.28,1,0.2987,"[1608.7432861328125, 981.8626708984375, 1705.951416015625, 1047.1766357421875]",1
frame_0024.png,production,water fountain+door,ALL_GROUP,water fountain. metallic fountain. metallic water fountain. door. doors. dark door. dark door surface. elevator sliding door. elevator sliding doors.,0.38,0.38,0,0.0,,0
frame_0024.png,production,emergency exit sign,ALL_GROUP,emergency exit sign. exit sign.,0.5,0.5,0,0.0,,0
frame_0024.png,production,trash bin,ALL_GROUP,trash bin. trash bins. indoor trash bin.,0.45,0.45,0,0.0,,0
frame_0024.png,extras,bench,bench,bench.,0.2,0.2,3,0.2165,"[1.9569826126098633, 1753.9259033203125, 435.75634765625, 1856.9490966796875]",1
frame_0024.png,extras,bench,metal bench,metal bench.,0.2,0.2,4,0.2744,"[3.0970072746276855, 1748.8822021484375, 442.1239318847656, 1854.577392578125]",1
frame_0024.png,extras,bench,waiting bench,waiting bench.,0.2,0.2,2,0.3475,"[1.6479921340942383, 1750.6903076171875, 441.07818603515625, 1855.1876220703125]",1
frame_0024.png,extras,bench,sitting bench,sitting bench.,0.2,0.2,5,0.3089,"[2.4115848541259766, 1751.3525390625, 437.87908935546875, 1855.9185791015625]",1
frame_0024.png,extras,bench,long bench,long bench.,0.2,0.2,4,0.3646,"[2.432270050048828, 1750.2178955078125, 441.980224609375, 1854.7872314453125]",1
frame_0024.png,extras,bottle,bottle,bottle.,0.18,0.18,1,0.5641,"[1086.3509521484375, 859.6990966796875, 1102.6959228515625, 896.8634033203125]",1
frame_0024.png,extras,bottle,dark thermos bottle,dark thermos bottle.,0.18,0.18,2,0.2869,"[1082.02685546875, 853.4452514648438, 1107.5257568359375, 901.6168212890625]",1
frame_0024.png,extras,bottle,thermos bottle,thermos bottle.,0.18,0.18,1,0.3373,"[1083.73974609375, 856.5206298828125, 1105.44873046875, 900.58154296875]",1
frame_0024.png,extras,bottle,water bottle,water bottle.,0.18,0.18,1,0.4342,"[1083.7933349609375, 857.1251831054688, 1104.9857177734375, 900.2107543945312]",1
frame_0024.png,extras,bottle,drink bottle,drink bottle.,0.18,0.18,1,0.2882,"[1084.8526611328125, 857.5584106445312, 1104.5587158203125, 899.501220703125]",1
frame_0024.png,extras,bottle,small bottle,small bottle.,0.18,0.18,2,0.5557,"[1082.2197265625, 855.0065307617188, 1107.085205078125, 901.3447875976562]",1
frame_0024.png,extras,cardboard box,cardboard box,cardboard box.,0.2,0.2,1,0.5297,"[1610.63623046875, 984.7412109375, 1703.7313232421875, 1044.759033203125]",1
frame_0024.png,extras,cardboard box,brown cardboard box,brown cardboard box.,0.2,0.2,2,0.587,"[1608.3922119140625, 981.83154296875, 1705.6484375, 1046.874267578125]",1
frame_0024.png,extras,cardboard box,shipping box,shipping box.,0.2,0.2,3,0.4283,"[1611.29638671875, 986.0311279296875, 1703.2265625, 1043.6778564453125]",1
frame_0024.png,extras,cardboard box,package box,package box.,0.2,0.2,1,0.2477,"[1611.43408203125, 985.3971557617188, 1703.473388671875, 1043.9049072265625]",1
frame_0024.png,extras,cardboard box,small box,small box.,0.2,0.2,1,0.6734,"[1609.8050537109375, 983.36083984375, 1705.16015625, 1045.7593994140625]",1
frame_0024.png,extras,cardboard box,box,box.,0.2,0.2,1,0.4357,"[1612.150390625, 987.2636108398438, 1702.501708984375, 1042.082763671875]",1
frame_0024.png,extras,chair,chair,chair.,0.2,0.2,8,0.2628,"[452.94781494140625, 895.0320434570312, 568.2708740234375, 1027.9468994140625]",1
frame_0024.png,extras,chair,armless chair,armless chair.,0.2,0.2,7,0.4283,"[586.5777587890625, 861.5015869140625, 717.297607421875, 1071.0028076171875]",1
frame_0024.png,extras,chair,office chair,office chair.,0.2,0.2,12,0.4185,"[587.7899780273438, 863.4673461914062, 719.5897827148438, 1069.6431884765625]",1
frame_0024.png,extras,chair,wheeled chair,wheeled chair.,0.2,0.2,8,0.4867,"[587.32568359375, 862.62939453125, 716.7869873046875, 1069.7452392578125]",1
frame_0024.png,extras,chair,swivel chair,swivel chair.,0.2,0.2,6,0.3885,"[586.3441162109375, 861.150146484375, 716.1824951171875, 1071.4554443359375]",1
frame_0024.png,extras,chair,rolling chair,rolling chair.,0.2,0.2,8,0.4344,"[587.4341430664062, 862.2902221679688, 716.709716796875, 1070.16162109375]",1
frame_0024.png,extras,cup,cup,cup.,0.18,0.18,1,0.3366,"[1087.228271484375, 861.239501953125, 1102.75634765625, 896.24365234375]",1
frame_0024.png,extras,cup,white drinking cup,white drinking cup.,0.18,0.18,3,0.4204,"[1078.6871337890625, 852.2676391601562, 1110.446533203125, 902.793212890625]",1
frame_0024.png,extras,cup,drinking cup,drinking cup.,0.18,0.18,0,0.0,,0
frame_0024.png,extras,cup,coffee cup,coffee cup.,0.18,0.18,0,0.0,,0
frame_0024.png,extras,cup,paper cup,paper cup.,0.18,0.18,0,0.0,,0
frame_0024.png,extras,cup,small cup,small cup.,0.18,0.18,2,0.3214,"[1081.9822998046875, 854.8899536132812, 1108.3868408203125, 899.9613647460938]",1
frame_0024.png,extras,door,door,door.,0.2,0.2,12,0.287,"[229.50765991210938, 600.6607666015625, 339.1545715332031, 1037.09228515625]",1
frame_0024.png,extras,door,dark door surface,dark door surface.,0.2,0.2,4,0.3286,"[1552.203857421875, 491.27740478515625, 1701.2633056640625, 1002.9356079101562]",1
frame_0024.png,extras,door,wooden door,wooden door.,0.2,0.2,7,0.347,"[225.02230834960938, 600.6898803710938, 339.9566345214844, 1039.143798828125]",1
frame_0024.png,extras,door,closed door,closed door.,0.2,0.2,4,0.3618,"[223.2041473388672, 600.6360473632812, 339.8899841308594, 1040.0174560546875]",1
frame_0024.png,extras,door,interior door,interior door.,0.2,0.2,11,0.3464,"[225.5344696044922, 598.98681640625, 338.8839416503906, 1038.4959716796875]",1
frame_0024.png,extras,door,single door,single door.,0.2,0.2,5,0.367,"[222.44947814941406, 598.7236328125, 340.6328125, 1040.6419677734375]",1
frame_0024.png,extras,emergency exit sign,emergency exit sign,emergency exit sign.,0.18,0.18,4,0.2709,"[2762.925537109375, 342.43450927734375, 2856.385498046875, 447.68939208984375]",1
frame_0024.png,extras,emergency exit sign,exit sign,exit sign.,0.18,0.18,1,0.2046,"[2764.4443359375, 342.191650390625, 2855.717529296875, 445.8016662597656]",1
frame_0024.png,extras,emergency exit sign,green emergency exit sign,green emergency exit sign.,0.18,0.18,5,0.2849,"[1403.807373046875, 888.129638671875, 1445.79150390625, 922.96484375]",1
frame_0024.png,extras,emergency exit sign,green exit sign,green exit sign.,0.18,0.18,5,0.3227,"[1403.21337890625, 888.176025390625, 1445.8201904296875, 923.3490600585938]",1
frame_0024.png,extras,emergency exit sign,running man exit sign,running man exit sign.,0.18,0.18,3,0.4349,"[1153.8917236328125, 1648.07666015625, 1711.189208984375, 1853.555908203125]",1
frame_0024.png,extras,emergency exit sign,fire exit sign,fire exit sign.,0.18,0.18,0,0.0,,0
frame_0024.png,extras,emergency exit sign,evacuation sign,evacuation sign.,0.18,0.18,1,0.1848,"[2725.971435546875, 308.090087890625, 2876.65234375, 475.0782165527344]",1
frame_0024.png,extras,meeting table set,meeting table set,meeting table set.,0.2,0.2,2,0.6147,"[444.91668701171875, 854.6412353515625, 1148.457275390625, 1079.0716552734375]",1
frame_0024.png,extras,meeting table set,large meeting table,large meeting table.,0.2,0.2,1,0.7674,"[449.55804443359375, 859.8533325195312, 1146.2535400390625, 1077.5450439453125]",1
frame_0024.png,extras,meeting table set,conference table,conference table.,0.2,0.2,4,0.5532,"[454.2505798339844, 875.00146484375, 1141.475830078125, 1072.5059814453125]",1
frame_0024.png,extras,meeting table set,metallic desk,metallic desk.,0.2,0.2,2,0.6118,"[452.4627380371094, 868.9713134765625, 1144.955078125, 1073.5325927734375]",1
frame_0024.png,extras,meeting table set,long table with chairs,long table with chairs.,0.2,0.2,4,0.4887,"[446.4253234863281, 853.2060546875, 1153.1026611328125, 1075.2728271484375]",1
frame_0024.png,extras,meeting table set,office meeting table,office meeting table.,0.2,0.2,2,0.6261,"[451.1671142578125, 868.4140014648438, 1144.415283203125, 1074.7750244140625]",1
frame_0024.png,extras,meeting table set,boardroom table,boardroom table.,0.2,0.2,2,0.5984,"[452.4479675292969, 869.7767944335938, 1143.0079345703125, 1075.271484375]",1
frame_0024.png,extras,trash bin,trash bin,trash bin.,0.2,0.2,0,0.0,,0
frame_0024.png,extras,trash bin,indoor trash bin,indoor trash bin.,0.2,0.2,3,0.3489,"[2.8160619735717773, 973.2124633789062, 183.03480529785156, 1197.4949951171875]",1
frame_0024.png,extras,trash bin,garbage bin,garbage bin.,0.2,0.2,2,0.2287,"[2.615802764892578, 976.1199951171875, 181.53265380859375, 1196.85791015625]",1
frame_0024.png,extras,trash bin,waste bin,waste bin.,0.2,0.2,2,0.2323,"[2.5094480514526367, 975.9622802734375, 181.90579223632812, 1197.0443115234375]",1
frame_0024.png,extras,trash bin,recycling bin,recycling bin.,0.2,0.2,3,0.275,"[1611.47412109375, 985.2454223632812, 1704.126953125, 1044.155517578125]",1
frame_0024.png,extras,trash bin,rubbish bin,rubbish bin.,0.2,0.2,6,0.2739,"[1.9201934337615967, 976.0051879882812, 182.03843688964844, 1197.7969970703125]",1
frame_0024.png,extras,trash bin,small trash can,small trash can.,0.2,0.2,2,0.577,"[2.425360679626465, 958.9215698242188, 188.82972717285156, 1200.99658203125]",1
frame_0024.png,extras,water fountain,water fountain,water fountain.,0.18,0.18,3,0.3321,"[1157.7877197265625, 1655.2093505859375, 1708.602294921875, 1855.99609375]",1
frame_0024.png,extras,water fountain,metallic water fountain,metallic water fountain.,0.18,0.18,4,0.3961,"[1156.2496337890625, 1653.1376953125, 1709.5042724609375, 1854.816650390625]",1
frame_0024.png,extras,water fountain,drinking fountain,drinking fountain.,0.18,0.18,0,0.0,,0
frame_0024.png,extras,water fountain,water dispenser,water dispenser.,0.18,0.18,0,0.0,,0
frame_0024.png,extras,water fountain,wall water fountain,wall water fountain.,0.18,0.18,4,0.4391,"[1156.60498046875, 1654.1097412109375, 1709.0576171875, 1855.2640380859375]",1
frame_0024.png,extras,water fountain,stainless water fountain,stainless water fountain.,0.18,0.18,2,0.4018,"[1154.0484619140625, 1650.4725341796875, 1711.19921875, 1854.287109375]",1
frame_0025.png,production,meeting table set,ALL_GROUP,meeting table. conference table. meeting table set.,0.35,0.35,1,0.5651,"[446.0460510253906, 848.4207153320312, 1150.021484375, 1080.8255615234375]",1
frame_0025.png,production,chair,ALL_GROUP,chair. armless chair.,0.42,0.42,4,0.4448,"[587.01904296875, 862.9322509765625, 716.6307373046875, 1070.925537109375]",1
frame_0025.png,production,bench,ALL_GROUP,bench. benches. metal bench. metallic bench. waiting bench.,0.38,0.38,0,0.0,,0
frame_0025.png,production,bottle+cup+cardboard box,ALL_GROUP,bottle. dark thermos. thermos. dark thermos bottle. cup. cups. white drinking cup. white drinking cups. cardboard box. brown cardboard. brown cardboard box.,0.28,0.28,1,0.3073,"[1608.78173828125, 981.7775268554688, 1706.0859375, 1047.2276611328125]",1
frame_0025.png,production,water fountain+door,ALL_GROUP,water fountain. metallic fountain. metallic water fountain. door. doors. dark door. dark door surface. elevator sliding door. elevator sliding doors.,0.38,0.38,0,0.0,,0
frame_0025.png,production,emergency exit sign,ALL_GROUP,emergency exit sign. exit sign.,0.5,0.5,0,0.0,,0
frame_0025.png,production,trash bin,ALL_GROUP,trash bin. trash bins. indoor trash bin.,0.45,0.45,0,0.0,,0
frame_0025.png,extras,bench,bench,bench.,0.2,0.2,3,0.2209,"[2.0142102241516113, 1753.641845703125, 433.74151611328125, 1856.8983154296875]",1
frame_0025.png,extras,bench,metal bench,metal bench.,0.2,0.2,4,0.2704,"[3.160672187805176, 1748.6517333984375, 440.3880310058594, 1854.5450439453125]",1
frame_0025.png,extras,bench,waiting bench,waiting bench.,0.2,0.2,2,0.3752,"[2237.718017578125, 1663.660888671875, 2879.431396484375, 1854.4359130859375]",1
frame_0025.png,extras,bench,sitting bench,sitting bench.,0.2,0.2,5,0.3145,"[2.456517219543457, 1751.060791015625, 436.18487548828125, 1855.935546875]",1
frame_0025.png,extras,bench,long bench,long bench.,0.2,0.2,4,0.3924,"[2238.11572265625, 1662.7388916015625, 2878.2998046875, 1853.936279296875]",1
frame_0025.png,extras,bottle,bottle,bottle.,0.18,0.18,1,0.5651,"[1086.1995849609375, 859.6043090820312, 1102.6898193359375, 896.7670288085938]",1
frame_0025.png,extras,bottle,dark thermos bottle,dark thermos bottle.,0.18,0.18,2,0.285,"[1081.9664306640625, 853.43359375, 1107.4512939453125, 901.6454467773438]",1
frame_0025.png,extras,bottle,thermos bottle,thermos bottle.,0.18,0.18,1,0.3324,"[1083.7340087890625, 856.4478149414062, 1105.4232177734375, 900.6358032226562]",1
frame_0025.png,extras,bottle,water bottle,water bottle.,0.18,0.18,1,0.4353,"[1083.6419677734375, 856.9530029296875, 1105.0018310546875, 900.33447265625]",1
frame_0025.png,extras,bottle,drink bottle,drink bottle.,0.18,0.18,1,0.286,"[1084.74658203125, 857.3974609375, 1104.5714111328125, 899.5361328125]",1
frame_0025.png,extras,bottle,small bottle,small bottle.,0.18,0.18,2,0.5653,"[1082.0322265625, 854.8056640625, 1107.036376953125, 901.3297729492188]",1
frame_0025.png,extras,cardboard box,cardboard box,cardboard box.,0.2,0.2,1,0.5306,"[1610.7843017578125, 984.712158203125, 1703.7108154296875, 1044.7567138671875]",1
frame_0025.png,extras,cardboard box,brown cardboard box,brown cardboard box.,0.2,0.2,2,0.5866,"[1608.4595947265625, 981.7743530273438, 1705.660400390625, 1046.8809814453125]",1
frame_0025.png,extras,cardboard box,shipping box,shipping box.,0.2,0.2,2,0.4314,"[1611.422607421875, 985.9804077148438, 1703.1463623046875, 1043.7032470703125]",1
frame_0025.png,extras,cardboard box,package box,package box.,0.2,0.2,1,0.2397,"[1611.5865478515625, 985.3079223632812, 1703.5400390625, 1043.921630859375]",1
frame_0025.png,extras,cardboard box,small box,small box.,0.2,0.2,1,0.6767,"[1609.8580322265625, 983.3062744140625, 1705.202880859375, 1045.746826171875]",1
frame_0025.png,extras,cardboard box,box,box.,0.2,0.2,1,0.4414,"[1612.2322998046875, 987.2142333984375, 1702.4857177734375, 1042.0780029296875]",1
frame_0025.png,extras,chair,chair,chair.,0.2,0.2,8,0.2669,"[453.41815185546875, 895.10693359375, 569.6166381835938, 1027.990478515625]",1
frame_0025.png,extras,chair,armless chair,armless chair.,0.2,0.2,7,0.4267,"[586.5468139648438, 861.5599365234375, 718.4924926757812, 1071.1949462890625]",1
frame_0025.png,extras,chair,office chair,office chair.,0.2,0.2,12,0.4173,"[587.9157104492188, 863.5170288085938, 720.362060546875, 1069.693115234375]",1
frame_0025.png,extras,chair,wheeled chair,wheeled chair.,0.2,0.2,7,0.4878,"[587.4373168945312, 862.6763916015625, 717.453125, 1069.907958984375]",1
frame_0025.png,extras,chair,swivel chair,swivel chair.,0.2,0.2,6,0.3925,"[586.30322265625, 861.21826171875, 717.1023559570312, 1071.6475830078125]",1
frame_0025.png,extras,chair,rolling chair,rolling chair.,0.2,0.2,8,0.4351,"[587.54541015625, 862.400146484375, 717.417724609375, 1070.262939453125]",1
frame_0025.png,extras,cup,cup,cup.,0.18,0.18,1,0.3344,"[1087.109375, 861.237060546875, 1102.7408447265625, 896.1731567382812]",1
frame_0025.png,extras,cup,white drinking cup,white drinking cup.,0.18,0.18,3,0.4147,"[1078.4732666015625, 852.0633544921875, 1110.559326171875, 902.77685546875]",1
frame_0025.png,extras,cup,drinking cup,drinking cup.,0.18,0.18,0,0.0,,0
frame_0025.png,extras,cup,coffee cup,coffee cup.,0.18,0.18,0,0.0,,0
frame_0025.png,extras,cup,paper cup,paper cup.,0.18,0.18,0,0.0,,0
frame_0025.png,extras,cup,small cup,small cup.,0.18,0.18,2,0.3164,"[1081.77294921875, 854.8720703125, 1108.303466796875, 899.9507446289062]",1
frame_0025.png,extras,door,door,door.,0.2,0.2,12,0.2963,"[229.86309814453125, 600.8925170898438, 339.2071228027344, 1036.1263427734375]",1
frame_0025.png,extras,door,dark door surface,dark door surface.,0.2,0.2,4,0.3226,"[1552.3524169921875, 492.1908874511719, 1700.6485595703125, 1002.5390625]",1
frame_0025.png,extras,door,wooden door,wooden door.,0.2,0.2,5,0.363,"[225.93040466308594, 601.0234375, 340.03277587890625, 1037.83349609375]",1
frame_0025.png,extras,door,closed door,closed door.,0.2,0.2,4,0.3766,"[224.40570068359375, 600.7627563476562, 340.10357666015625, 1038.99267578125]",1
frame_0025.png,extras,door,interior door,interior door.,0.2,0.2,10,0.3667,"[226.02584838867188, 599.3309326171875, 338.98797607421875, 1037.8153076171875]",1
frame_0025.png,extras,door,single door,single door.,0.2,0.2,5,0.3901,"[223.47048950195312, 598.9364013671875, 340.83843994140625, 1039.69091796875]",1
frame_0025.png,extras,emergency exit sign,emergency exit sign,emergency exit sign.,0.18,0.18,4,0.2824,"[2763.494140625, 342.5184020996094, 2855.943603515625, 447.0750732421875]",1
frame_0025.png,extras,emergency exit sign,exit sign,exit sign.,0.18,0.18,1,0.2099,"[2764.546875, 342.1828308105469, 2855.51953125, 445.0941467285156]",1
frame_0025.png,extras,emergency exit sign,green emergency exit sign,green emergency exit sign.,0.18,0.18,4,0.2969,"[1403.709228515625, 888.2635498046875, 1445.86962890625, 923.186279296875]",1
frame_0025.png,extras,emergency exit sign,green exit sign,green exit sign.,0.18,0.18,4,0.319,"[1402.93798828125, 888.2354125976562, 1445.9755859375, 923.732177734375]",1
frame_0025.png,extras,emergency exit sign,running man exit sign,running man exit sign.,0.18,0.18,3,0.4467,"[1154.1844482421875, 1648.078369140625, 1711.480712890625, 1852.913818359375]",1
frame_0025.png,extras,emergency exit sign,fire exit sign,fire exit sign.,0.18,0.18,1,0.1814,"[2759.10107421875, 340.6191711425781, 2858.00439453125, 450.920166015625]",1
frame_0025.png,extras,emergency exit sign,evacuation sign,evacuation sign.,0.18,0.18,2,0.1875,"[2724.887451171875, 306.2074279785156, 2876.885986328125, 476.57098388671875]",1
frame_0025.png,extras,meeting table set,meeting table set,meeting table set.,0.2,0.2,2,0.6144,"[445.3297424316406, 854.6889038085938, 1148.480224609375, 1079.008056640625]",1
frame_0025.png,extras,meeting table set,large meeting table,large meeting table.,0.2,0.2,1,0.7654,"[449.908447265625, 860.037841796875, 1146.3397216796875, 1077.4217529296875]",1
frame_0025.png,extras,meeting table set,conference table,conference table.,0.2,0.2,4,0.5445,"[454.5675964355469, 875.7396850585938, 1141.2115478515625, 1071.94775390625]",1
frame_0025.png,extras,meeting table set,metallic desk,metallic desk.,0.2,0.2,2,0.6131,"[452.5252685546875, 869.3577270507812, 1144.723388671875, 1073.2239990234375]",1
frame_0025.png,extras,meeting table set,long table with chairs,long table with chairs.,0.2,0.2,4,0.489,"[446.69964599609375, 853.3407592773438, 1153.19189453125, 1075.052734375]",1
frame_0025.png,extras,meeting table set,office meeting table,office meeting table.,0.2,0.2,3,0.6234,"[451.38616943359375, 868.3946533203125, 1144.5242919921875, 1074.87451171875]",1
frame_0025.png,extras,meeting table set,boardroom table,boardroom table.,0.2,0.2,1,0.5868,"[452.6203308105469, 869.7938842773438, 1143.0252685546875, 1075.116943359375]",1
frame_0025.png,extras,trash bin,trash bin,trash bin.,0.2,0.2,0,0.0,,0
frame_0025.png,extras,trash bin,indoor trash bin,indoor trash bin.,0.2,0.2,3,0.355,"[2.772427797317505, 973.8335571289062, 183.29959106445312, 1197.40234375]",1
frame_0025.png,extras,trash bin,garbage bin,garbage bin.,0.2,0.2,2,0.2182,"[2.61948823928833, 976.1077270507812, 181.9155731201172, 1196.5823974609375]",1
frame_0025.png,extras,trash bin,waste bin,waste bin.,0.2,0.2,2,0.22,"[2.5062239170074463, 976.1465454101562, 182.07672119140625, 1196.8145751953125]",1
frame_0025.png,extras,trash bin,recycling bin,recycling bin.,0.2,0.2,3,0.2682,"[1.832270622253418, 976.2650146484375, 182.32333374023438, 1197.42626953125]",1
frame_0025.png,extras,trash bin,rubbish bin,rubbish bin.,0.2,0.2,5,0.2683,"[1.900956630706787, 976.033447265625, 182.3603057861328, 1197.6600341796875]",1
frame_0025.png,extras,trash bin,small trash can,small trash can.,0.2,0.2,2,0.5915,"[2.4328386783599854, 961.8339233398438, 188.78704833984375, 1200.842529296875]",1
frame_0025.png,extras,water fountain,water fountain,water fountain.,0.18,0.18,2,0.3078,"[1157.947265625, 1655.1099853515625, 1709.059814453125, 1855.8782958984375]",1
frame_0025.png,extras,water fountain,metallic water fountain,metallic water fountain.,0.18,0.18,4,0.3733,"[1156.2901611328125, 1653.0115966796875, 1710.0177001953125, 1854.7774658203125]",1
frame_0025.png,extras,water fountain,drinking fountain,drinking fountain.,0.18,0.18,0,0.0,,0
frame_0025.png,extras,water fountain,water dispenser,water dispenser.,0.18,0.18,0,0.0,,0
frame_0025.png,extras,water fountain,wall water fountain,wall water fountain.,0.18,0.18,4,0.4192,"[1156.790283203125, 1654.0595703125, 1709.4912109375, 1855.2884521484375]",1
frame_0025.png,extras,water fountain,stainless water fountain,stainless water fountain.,0.18,0.18,3,0.3857,"[1154.128662109375, 1650.3675537109375, 1711.753662109375, 1854.253662109375]",1
frame_0026.png,production,meeting table set,ALL_GROUP,meeting table. conference table. meeting table set.,0.35,0.35,1,0.5598,"[445.78656005859375, 848.991455078125, 1149.87060546875, 1080.5145263671875]",1
frame_0026.png,production,chair,ALL_GROUP,chair. armless chair.,0.42,0.42,3,0.4445,"[452.1298828125, 891.5121459960938, 573.6929931640625, 1030.4808349609375]",1
frame_0026.png,production,bench,ALL_GROUP,bench. benches. metal bench. metallic bench. waiting bench.,0.38,0.38,0,0.0,,0
frame_0026.png,production,bottle+cup+cardboard box,ALL_GROUP,bottle. dark thermos. thermos. dark thermos bottle. cup. cups. white drinking cup. white drinking cups. cardboard box. brown cardboard. brown cardboard box.,0.28,0.28,1,0.2898,"[1608.695556640625, 981.7938232421875, 1705.729248046875, 1047.1953125]",1
frame_0026.png,production,water fountain+door,ALL_GROUP,water fountain. metallic fountain. metallic water fountain. door. doors. dark door. dark door surface. elevator sliding door. elevator sliding doors.,0.38,0.38,0,0.0,,0
frame_0026.png,production,emergency exit sign,ALL_GROUP,emergency exit sign. exit sign.,0.5,0.5,0,0.0,,0
frame_0026.png,production,trash bin,ALL_GROUP,trash bin. trash bins. indoor trash bin.,0.45,0.45,0,0.0,,0
frame_0026.png,extras,bench,bench,bench.,0.2,0.2,2,0.2087,"[2.1130013465881348, 1753.5006103515625, 436.8575134277344, 1856.9384765625]",1
frame_0026.png,extras,bench,metal bench,metal bench.,0.2,0.2,4,0.2758,"[3.2319116592407227, 1748.4583740234375, 443.4486389160156, 1854.5869140625]",1
frame_0026.png,extras,bench,waiting bench,waiting bench.,0.2,0.2,5,0.3183,"[1.792917251586914, 1750.266845703125, 442.1366271972656, 1855.1669921875]",1
frame_0026.png,extras,bench,sitting bench,sitting bench.,0.2,0.2,7,0.3173,"[2.6352381706237793, 1750.9361572265625, 438.2732849121094, 1855.9462890625]",1
frame_0026.png,extras,bench,long bench,long bench.,0.2,0.2,4,0.3388,"[2.6630473136901855, 1749.8101806640625, 443.1971435546875, 1854.776123046875]",1
frame_0026.png,extras,bottle,bottle,bottle.,0.18,0.18,1,0.5773,"[1086.2086181640625, 859.4321899414062, 1102.66943359375, 896.79052734375]",1
frame_0026.png,extras,bottle,dark thermos bottle,dark thermos bottle.,0.18,0.18,2,0.2928,"[1082.020751953125, 853.2432250976562, 1107.521240234375, 901.7166748046875]",1
frame_0026.png,extras,bottle,thermos bottle,thermos bottle.,0.18,0.18,1,0.3347,"[1083.7171630859375, 856.1981811523438, 1105.4573974609375, 900.6685180664062]",1
frame_0026.png,extras,bottle,water bottle,water bottle.,0.18,0.18,1,0.4447,"[1083.6427001953125, 856.8766479492188, 1104.9344482421875, 900.3555908203125]",1
frame_0026.png,extras,bottle,drink bottle,drink bottle.,0.18,0.18,1,0.2923,"[1084.77099609375, 857.174072265625, 1104.53515625, 899.5520629882812]",1
frame_0026.png,extras,bottle,small bottle,small bottle.,0.18,0.18,2,0.5685,"[1082.09375, 854.7910766601562, 1106.95654296875, 901.3971557617188]",1
frame_0026.png,extras,cardboard box,cardboard box,cardboard box.,0.2,0.2,1,0.5236,"[1610.654296875, 984.712158203125, 1703.47705078125, 1044.776123046875]",1
frame_0026.png,extras,cardboard box,brown cardboard box,brown cardboard box.,0.2,0.2,2,0.582,"[1608.3270263671875, 981.7621459960938, 1705.3861083984375, 1046.87744140625]",1
frame_0026.png,extras,cardboard box,shipping box,shipping box.,0.2,0.2,2,0.4252,"[1611.2503662109375, 985.9441528320312, 1702.974609375, 1043.7286376953125]",1
frame_0026.png,extras,cardboard box,package box,package box.,0.2,0.2,1,0.2339,"[1611.41162109375, 985.2720336914062, 1703.2222900390625, 1043.89697265625]",1
frame_0026.png,extras,cardboard box,small box,small box.,0.2,0.2,1,0.6763,"[1609.7227783203125, 983.2774658203125, 1704.9310302734375, 1045.7979736328125]",1
frame_0026.png,extras,cardboard box,box,box.,0.2,0.2,1,0.4328,"[1612.0087890625, 987.1632690429688, 1702.245361328125, 1042.177001953125]",1
frame_0026.png,extras,chair,chair,chair.,0.2,0.2,8,0.2624,"[452.8595275878906, 895.1459350585938, 569.0870971679688, 1028.1260986328125]",1
frame_0026.png,extras,chair,armless chair,armless chair.,0.2,0.2,7,0.4296,"[586.3892211914062, 861.4187622070312, 718.2752075195312, 1070.858154296875]",1
frame_0026.png,extras,chair,office chair,office chair.,0.2,0.2,12,0.4208,"[587.7282104492188, 863.3663330078125, 719.6163940429688, 1069.5595703125]",1
frame_0026.png,extras,chair,wheeled chair,wheeled chair.,0.2,0.2,9,0.4863,"[587.1993408203125, 862.5361938476562, 717.56201171875, 1069.576416015625]",1
frame_0026.png,extras,chair,swivel chair,swivel chair.,0.2,0.2,6,0.3901,"[586.1636962890625, 861.0841064453125, 716.8472900390625, 1071.2799072265625]",1
frame_0026.png,extras,chair,rolling chair,rolling chair.,0.2,0.2,8,0.4344,"[587.3529052734375, 862.1936645507812, 717.4522094726562, 1069.9664306640625]",1
frame_0026.png,extras,cup,cup,cup.,0.18,0.18,1,0.3441,"[1087.0157470703125, 861.137451171875, 1102.646484375, 896.181396484375]",1
frame_0026.png,extras,cup,white drinking cup,white drinking cup.,0.18,0.18,3,0.4224,"[1078.4708251953125, 852.1436157226562, 1110.3548583984375, 902.8754272460938]",1
frame_0026.png,extras,cup,drinking cup,drinking cup.,0.18,0.18,0,0.0,,0
frame_0026.png,extras,cup,coffee cup,coffee cup.,0.18,0.18,0,0.0,,0
frame_0026.png,extras,cup,paper cup,paper cup.,0.18,0.18,0,0.0,,0
frame_0026.png,extras,cup,small cup,small cup.,0.18,0.18,2,0.3273,"[1081.569091796875, 854.7281494140625, 1108.3699951171875, 900.2660522460938]",1
frame_0026.png,extras,door,door,door.,0.2,0.2,11,0.2957,"[229.2554931640625, 600.90673828125, 339.2680358886719, 1036.796142578125]",1
frame_0026.png,extras,door,dark door surface,dark door surface.,0.2,0.2,5,0.3234,"[1552.05712890625, 491.5563049316406, 1700.61083984375, 1002.5997924804688]",1
frame_0026.png,extras,door,wooden door,wooden door.,0.2,0.2,7,0.3536,"[225.2760467529297, 600.7922973632812, 340.0201721191406, 1038.2613525390625]",1
frame_0026.png,extras,door,closed door,closed door.,0.2,0.2,5,0.3558,"[223.91738891601562, 600.7897338867188, 340.0768737792969, 1039.2615966796875]",1
frame_0026.png,extras,door,interior door,interior door.,0.2,0.2,11,0.3509,"[225.5030517578125, 599.3679809570312, 339.1332702636719, 1038.144775390625]",1
frame_0026.png,extras,door,single door,single door.,0.2,0.2,4,0.3696,"[222.67544555664062, 599.0299072265625, 340.7732849121094, 1039.8912353515625]",1
frame_0026.png,extras,emergency exit sign,emergency exit sign,emergency exit sign.,0.18,0.18,4,0.258,"[2763.10107421875, 341.3514709472656, 2855.8427734375, 447.49029541015625]",1
frame_0026.png,extras,emergency exit sign,exit sign,exit sign.,0.18,0.18,1,0.1961,"[2764.772216796875, 341.7056579589844, 2855.294921875, 445.4019470214844]",1
frame_0026.png,extras,emergency exit sign,green emergency exit sign,green emergency exit sign.,0.18,0.18,5,0.2993,"[1403.514404296875, 888.0306396484375, 1445.880615234375, 923.1032104492188]",1
frame_0026.png,extras,emergency exit sign,green exit sign,green exit sign.,0.18,0.18,4,0.327,"[1402.7657470703125, 887.9993896484375, 1445.8531494140625, 923.556884765625]",1
frame_0026.png,extras,emergency exit sign,running man exit sign,running man exit sign.,0.18,0.18,4,0.4443,"[1153.898681640625, 1647.570068359375, 1711.068603515625, 1853.7989501953125]",1
frame_0026.png,extras,emergency exit sign,fire exit sign,fire exit sign.,0.18,0.18,0,0.0,,0
frame_0026.png,extras,emergency exit sign,evacuation sign,evacuation sign.,0.18,0.18,1,0.1985,"[2724.609130859375, 304.7496032714844, 2875.933349609375, 474.8511657714844]",1
frame_0026.png,extras,meeting table set,meeting table set,meeting table set.,0.2,0.2,2,0.6155,"[445.08184814453125, 855.0994873046875, 1148.3021240234375, 1078.87841796875]",1
frame_0026.png,extras,meeting table set,large meeting table,large meeting table.,0.2,0.2,1,0.7656,"[449.1866760253906, 860.0819702148438, 1146.4388427734375, 1077.3314208984375]",1
frame_0026.png,extras,meeting table set,conference table,conference table.,0.2,0.2,4,0.5659,"[453.95330810546875, 875.3319702148438, 1141.3759765625, 1071.424072265625]",1
frame_0026.png,extras,meeting table set,metallic desk,metallic desk.,0.2,0.2,2,0.6078,"[452.00909423828125, 869.3807983398438, 1144.747802734375, 1073.0709228515625]",1
frame_0026.png,extras,meeting table set,long table with chairs,long table with chairs.,0.2,0.2,4,0.4882,"[446.2011413574219, 853.4780883789062, 1153.05517578125, 1074.54296875]",1
frame_0026.png,extras,meeting table set,office meeting table,office meeting table.,0.2,0.2,3,0.6344,"[450.98199462890625, 868.741455078125, 1144.4359130859375, 1074.830078125]",1
frame_0026.png,extras,meeting table set,boardroom table,boardroom table.,0.2,0.2,2,0.6174,"[452.0507507324219, 870.0729370117188, 1142.900634765625, 1075.0277099609375]",1
frame_0026.png,extras,trash bin,trash bin,trash bin.,0.2,0.2,0,0.0,,0
frame_0026.png,extras,trash bin,indoor trash bin,indoor trash bin.,0.2,0.2,3,0.326,"[2.8734397888183594, 972.78466796875, 183.1438751220703, 1197.1649169921875]",1
frame_0026.png,extras,trash bin,garbage bin,garbage bin.,0.2,0.2,1,0.2178,"[1157.3466796875, 910.7054443359375, 1207.45458984375, 985.7745361328125]",1
frame_0026.png,extras,trash bin,waste bin,waste bin.,0.2,0.2,1,0.2275,"[1157.3677978515625, 910.69775390625, 1207.637451171875, 986.0353393554688]",1
frame_0026.png,extras,trash bin,recycling bin,recycling bin.,0.2,0.2,3,0.2746,"[1611.3951416015625, 985.1912841796875, 1703.8797607421875, 1044.1737060546875]",1
frame_0026.png,extras,trash bin,rubbish bin,rubbish bin.,0.2,0.2,6,0.2571,"[1611.0443115234375, 984.7769165039062, 1703.79736328125, 1044.1644287109375]",1
frame_0026.png,extras,trash bin,small trash can,small trash can.,0.2,0.2,2,0.5379,"[2.617213726043701, 956.8418579101562, 188.66758728027344, 1200.605224609375]",1
frame_0026.png,extras,water fountain,water fountain,water fountain.,0.18,0.18,3,0.3384,"[1157.8431396484375, 1654.8463134765625, 1708.5679931640625, 1856.139892578125]",1
frame_0026.png,extras,water fountain,metallic water fountain,metallic water fountain.,0.18,0.18,4,0.407,"[1156.3935546875, 1652.741455078125, 1709.2559814453125, 1854.9984130859375]",1
frame_0026.png,extras,water fountain,drinking fountain,drinking fountain.,0.18,0.18,0,0.0,,0
frame_0026.png,extras,water fountain,water dispenser,water dispenser.,0.18,0.18,0,0.0,,0
frame_0026.png,extras,water fountain,wall water fountain,wall water fountain.,0.18,0.18,3,0.448,"[1156.7049560546875, 1653.7962646484375, 1708.861328125, 1855.40185546875]",1
frame_0026.png,extras,water fountain,stainless water fountain,stainless water fountain.,0.18,0.18,2,0.4097,"[1154.269775390625, 1650.217041015625, 1710.962646484375, 1854.3975830078125]",1
frame_0027.png,production,meeting table set,ALL_GROUP,meeting table. conference table. meeting table set.,0.35,0.35,1,0.5666,"[445.9689636230469, 849.0260009765625, 1149.6712646484375, 1080.235107421875]",1
frame_0027.png,production,chair,ALL_GROUP,chair. armless chair.,0.42,0.42,3,0.4425,"[452.6122131347656, 891.7257690429688, 573.7266235351562, 1030.2271728515625]",1
frame_0027.png,production,bench,ALL_GROUP,bench. benches. metal bench. metallic bench. waiting bench.,0.38,0.38,0,0.0,,0
frame_0027.png,production,bottle+cup+cardboard box,ALL_GROUP,bottle. dark thermos. thermos. dark thermos bottle. cup. cups. white drinking cup. white drinking cups. cardboard box. brown cardboard. brown cardboard box.,0.28,0.28,1,0.2963,"[1608.8145751953125, 981.7086791992188, 1706.2110595703125, 1047.367431640625]",1
frame_0027.png,production,water fountain+door,ALL_GROUP,water fountain. metallic fountain. metallic water fountain. door. doors. dark door. dark door surface. elevator sliding door. elevator sliding doors.,0.38,0.38,0,0.0,,0
frame_0027.png,production,emergency exit sign,ALL_GROUP,emergency exit sign. exit sign.,0.5,0.5,0,0.0,,0
frame_0027.png,production,trash bin,ALL_GROUP,trash bin. trash bins. indoor trash bin.,0.45,0.45,0,0.0,,0
frame_0027.png,extras,bench,bench,bench.,0.2,0.2,2,0.2072,"[2233.671630859375, 1666.3125, 2878.3837890625, 1856.3956298828125]",1
frame_0027.png,extras,bench,metal bench,metal bench.,0.2,0.2,4,0.2781,"[3.3130860328674316, 1748.89111328125, 437.7942810058594, 1854.5435791015625]",1
frame_0027.png,extras,bench,waiting bench,waiting bench.,0.2,0.2,4,0.3539,"[2232.994384765625, 1663.6934814453125, 2879.46142578125, 1854.472900390625]",1
frame_0027.png,extras,bench,sitting bench,sitting bench.,0.2,0.2,5,0.2907,"[2.512500286102295, 1751.22119140625, 434.07550048828125, 1855.936767578125]",1
frame_0027.png,extras,bench,long bench,long bench.,0.2,0.2,4,0.3713,"[2233.807861328125, 1662.70458984375, 2878.25244140625, 1853.8968505859375]",1
frame_0027.png,extras,bottle,bottle,bottle.,0.18,0.18,1,0.5712,"[1085.960693359375, 859.5374755859375, 1102.509033203125, 896.9091796875]",1
frame_0027.png,extras,bottle,dark thermos bottle,dark thermos bottle.,0.18,0.18,2,0.2862,"[1081.6904296875, 853.3943481445312, 1107.2281494140625, 901.7025146484375]",1
frame_0027.png,extras,bottle,thermos bottle,thermos bottle.,0.18,0.18,1,0.3305,"[1083.4935302734375, 856.2553100585938, 1105.279541015625, 900.672607421875]",1
frame_0027.png,extras,bottle,water bottle,water bottle.,0.18,0.18,1,0.437,"[1083.482177734375, 856.9105834960938, 1104.8260498046875, 900.4021606445312]",1
frame_0027.png,extras,bottle,drink bottle,drink bottle.,0.18,0.18,1,0.2906,"[1084.5499267578125, 857.4031372070312, 1104.3553466796875, 899.5629272460938]",1
frame_0027.png,extras,bottle,small bottle,small bottle.,0.18,0.18,2,0.5738,"[1081.900390625, 854.8541259765625, 1106.904052734375, 901.5026245117188]",1
frame_0027.png,extras,cardboard box,cardboard box,cardboard box.,0.2,0.2,1,0.531,"[1610.702880859375, 984.6627197265625, 1703.7864990234375, 1044.8677978515625]",1
frame_0027.png,extras,cardboard box,brown cardboard box,brown cardboard box.,0.2,0.2,2,0.5881,"[1608.4947509765625, 981.7648315429688, 1705.717529296875, 1047.0062255859375]",1
frame_0027.png,extras,cardboard box,shipping box,shipping box.,0.2,0.2,2,0.432,"[1611.3680419921875, 985.946533203125, 1703.372314453125, 1043.8165283203125]",1
frame_0027.png,extras,cardboard box,package box,package box.,0.2,0.2,1,0.2509,"[1611.541748046875, 985.3529663085938, 1703.6373291015625, 1044.0196533203125]",1
frame_0027.png,extras,cardboard box,small box,small box.,0.2,0.2,1,0.6802,"[1609.8740234375, 983.2578125, 1705.353515625, 1045.8763427734375]",1
frame_0027.png,extras,cardboard box,box,box.,0.2,0.2,1,0.4448,"[1612.1104736328125, 987.151611328125, 1702.580810546875, 1042.1907958984375]",1
frame_0027.png,extras,chair,chair,chair.,0.2,0.2,8,0.265,"[453.3077392578125, 895.2391967773438, 568.5985107421875, 1028.172119140625]",1
frame_0027.png,extras,chair,armless chair,armless chair.,0.2,0.2,7,0.4248,"[586.5123291015625, 861.381591796875, 718.5120239257812, 1071.0377197265625]",1
frame_0027.png,extras,chair,office chair,office chair.,0.2,0.2,13,0.4183,"[587.9246215820312, 863.3411254882812, 720.1871337890625, 1069.520751953125]",1
frame_0027.png,extras,chair,wheeled chair,wheeled chair.,0.2,0.2,8,0.486,"[587.4172973632812, 862.4732666015625, 717.4447021484375, 1069.76806640625]",1
frame_0027.png,extras,chair,swivel chair,swivel chair.,0.2,0.2,6,0.3878,"[586.4126586914062, 861.0828247070312, 717.0609741210938, 1071.4163818359375]",1
frame_0027.png,extras,chair,rolling chair,rolling chair.,0.2,0.2,8,0.4342,"[587.579345703125, 862.1668090820312, 717.2801513671875, 1070.1300048828125]",1
frame_0027.png,extras,cup,cup,cup.,0.18,0.18,1,0.3514,"[1086.8272705078125, 861.2025146484375, 1102.468017578125, 896.2483520507812]",1
frame_0027.png,extras,cup,white drinking cup,white drinking cup.,0.18,0.18,2,0.4267,"[1078.1724853515625, 852.1854248046875, 1110.3555908203125, 903.0872802734375]",1
frame_0027.png,extras,cup,drinking cup,drinking cup.,0.18,0.18,0,0.0,,0
frame_0027.png,extras,cup,coffee cup,coffee cup.,0.18,0.18,0,0.0,,0
frame_0027.png,extras,cup,paper cup,paper cup.,0.18,0.18,0,0.0,,0
frame_0027.png,extras,cup,small cup,small cup.,0.18,0.18,2,0.3353,"[1081.5218505859375, 854.7871704101562, 1108.2789306640625, 900.142333984375]",1
frame_0027.png,extras,door,door,door.,0.2,0.2,10,0.2917,"[228.5784149169922, 601.6689453125, 338.8245849609375, 1036.540771484375]",1
frame_0027.png,extras,door,dark door surface,dark door surface.,0.2,0.2,4,0.3226,"[1551.8734130859375, 490.3714904785156, 1700.4498291015625, 1002.9173583984375]",1
frame_0027.png,extras,door,wooden door,wooden door.,0.2,0.2,4,0.3599,"[224.00511169433594, 601.9994506835938, 339.7574157714844, 1038.234130859375]",1
frame_0027.png,extras,door,closed door,closed door.,0.2,0.2,5,0.3674,"[222.6803436279297, 601.7913208007812, 339.63348388671875, 1039.378662109375]",1
frame_0027.png,extras,door,interior door,interior door.,0.2,0.2,11,0.3479,"[225.0156707763672, 600.2579345703125, 338.6586608886719, 1037.697265625]",1
frame_0027.png,extras,door,single door,single door.,0.2,0.2,4,0.3806,"[221.2128448486328, 599.80078125, 340.47900390625, 1039.9716796875]",1
frame_0027.png,extras,emergency exit sign,emergency exit sign,emergency exit sign.,0.18,0.18,4,0.2534,"[2761.021240234375, 340.3710021972656, 2857.593994140625, 448.4355163574219]",1
frame_0027.png,extras,emergency exit sign,exit sign,exit sign.,0.18,0.18,1,0.1995,"[2763.717529296875, 341.42694091796875, 2856.749267578125, 446.0889892578125]",1
frame_0027.png,extras,emergency exit sign,green emergency exit sign,green emergency exit sign.,0.18,0.18,5,0.3163,"[1403.7620849609375, 888.170654296875, 1445.7581787109375, 922.7947998046875]",1
frame_0027.png,extras,emergency exit sign,green exit sign,green exit sign.,0.18,0.18,4,0.3303,"[1403.093017578125, 888.1415405273438, 1445.6927490234375, 923.24609375]",1
frame_0027.png,extras,emergency exit sign,running man exit sign,running man exit sign.,0.18,0.18,3,0.4384,"[1153.912353515625, 1648.244384765625, 1711.0521240234375, 1852.9183349609375]",1
frame_0027.png,extras,emergency exit sign,fire exit sign,fire exit sign.,0.18,0.18,0,0.0,,0
frame_0027.png,extras,emergency exit sign,evacuation sign,evacuation sign.,0.18,0.18,1,0.1985,"[2724.738037109375, 306.4571228027344, 2877.177734375, 476.2411804199219]",1
frame_0027.png,extras,meeting table set,meeting table set,meeting table set.,0.2,0.2,2,0.6155,"[445.06463623046875, 854.7034301757812, 1148.2877197265625, 1078.8798828125]",1
frame_0027.png,extras,meeting table set,large meeting table,large meeting table.,0.2,0.2,1,0.7654,"[448.9975280761719, 859.8718872070312, 1146.38916015625, 1077.3602294921875]",1
frame_0027.png,extras,meeting table set,conference table,conference table.,0.2,0.2,4,0.5592,"[453.7100830078125, 875.3433837890625, 1140.970703125, 1071.01904296875]",1
frame_0027.png,extras,meeting table set,metallic desk,metallic desk.,0.2,0.2,2,0.6095,"[451.67816162109375, 869.2769775390625, 1144.904296875, 1073.23828125]",1
frame_0027.png,extras,meeting table set,long table with chairs,long table with chairs.,0.2,0.2,4,0.4882,"[445.4589538574219, 851.3994140625, 1153.5313720703125, 1075.9344482421875]",1
frame_0027.png,extras,meeting table set,office meeting table,office meeting table.,0.2,0.2,3,0.6316,"[450.8788146972656, 868.6979370117188, 1144.25830078125, 1074.5714111328125]",1
frame_0027.png,extras,meeting table set,boardroom table,boardroom table.,0.2,0.2,2,0.6062,"[451.9131164550781, 869.8978271484375, 1142.731201171875, 1074.9893798828125]",1
frame_0027.png,extras,trash bin,trash bin,trash bin.,0.2,0.2,0,0.0,,0
frame_0027.png,extras,trash bin,indoor trash bin,indoor trash bin.,0.2,0.2,2,0.3525,"[2.6325130462646484, 974.154052734375, 183.31105041503906, 1197.27197265625]",1
frame_0027.png,extras,trash bin,garbage bin,garbage bin.,0.2,0.2,2,0.2254,"[2.5732791423797607, 976.3419799804688, 181.99200439453125, 1196.52783203125]",1
frame_0027.png,extras,trash bin,waste bin,waste bin.,0.2,0.2,2,0.231,"[2.5009827613830566, 976.2952880859375, 182.1805877685547, 1196.8143310546875]",1
frame_0027.png,extras,trash bin,recycling bin,recycling bin.,0.2,0.2,3,0.2755,"[1611.5811767578125, 985.14453125, 1704.31201171875, 1044.26220703125]",1
frame_0027.png,extras,trash bin,rubbish bin,rubbish bin.,0.2,0.2,5,0.2714,"[1611.2899169921875, 984.704833984375, 1704.3839111328125, 1044.2611083984375]",1
frame_0027.png,extras,trash bin,small trash can,small trash can.,0.2,0.2,3,0.5616,"[2.4033772945404053, 962.7642822265625, 188.8477325439453, 1200.7357177734375]",1
frame_0027.png,extras,water fountain,water fountain,water fountain.,0.18,0.18,2,0.3171,"[1157.618896484375, 1655.287109375, 1708.6343994140625, 1855.8253173828125]",1
frame_0027.png,extras,water fountain,metallic water fountain,metallic water fountain.,0.18,0.18,4,0.3936,"[1156.106689453125, 1653.2109375, 1709.57568359375, 1854.8238525390625]",1
frame_0027.png,extras,water fountain,drinking fountain,drinking fountain.,0.18,0.18,0,0.0,,0
frame_0027.png,extras,water fountain,water dispenser,water dispenser.,0.18,0.18,0,0.0,,0
frame_0027.png,extras,water fountain,wall water fountain,wall water fountain.,0.18,0.18,5,0.4269,"[1156.4085693359375, 1654.2008056640625, 1709.1104736328125, 1855.256103515625]",1
frame_0027.png,extras,water fountain,stainless water fountain,stainless water fountain.,0.18,0.18,2,0.4021,"[1153.8848876953125, 1650.6298828125, 1711.2479248046875, 1854.302490234375]",1
frame_0028.png,production,meeting table set,ALL_GROUP,meeting table. conference table. meeting table set.,0.35,0.35,1,0.5662,"[445.8151550292969, 849.067626953125, 1150.01171875, 1080.6246337890625]",1
frame_0028.png,production,chair,ALL_GROUP,chair. armless chair.,0.42,0.42,2,0.4402,"[452.6880798339844, 891.8317260742188, 575.8767700195312, 1030.102783203125]",1
frame_0028.png,production,bench,ALL_GROUP,bench. benches. metal bench. metallic bench. waiting bench.,0.38,0.38,0,0.0,,0
frame_0028.png,production,bottle+cup+cardboard box,ALL_GROUP,bottle. dark thermos. thermos. dark thermos bottle. cup. cups. white drinking cup. white drinking cups. cardboard box. brown cardboard. brown cardboard box.,0.28,0.28,1,0.3014,"[1608.7723388671875, 981.8296508789062, 1706.16064453125, 1047.226318359375]",1
frame_0028.png,production,water fountain+door,ALL_GROUP,water fountain. metallic fountain. metallic water fountain. door. doors. dark door. dark door surface. elevator sliding door. elevator sliding doors.,0.38,0.38,0,0.0,,0
frame_0028.png,production,emergency exit sign,ALL_GROUP,emergency exit sign. exit sign.,0.5,0.5,0,0.0,,0
frame_0028.png,production,trash bin,ALL_GROUP,trash bin. trash bins. indoor trash bin.,0.45,0.45,0,0.0,,0
frame_0028.png,extras,bench,bench,bench.,0.2,0.2,3,0.2104,"[2.0330071449279785, 1753.5467529296875, 431.52777099609375, 1856.955078125]",1
frame_0028.png,extras,bench,metal bench,metal bench.,0.2,0.2,4,0.2766,"[3.2435202598571777, 1748.59033203125, 437.4327697753906, 1854.5667724609375]",1
frame_0028.png,extras,bench,waiting bench,waiting bench.,0.2,0.2,3,0.3373,"[1.9086599349975586, 1750.3570556640625, 435.91058349609375, 1855.118896484375]",1
frame_0028.png,extras,bench,sitting bench,sitting bench.,0.2,0.2,5,0.3034,"[2.518315315246582, 1751.0404052734375, 433.0065002441406, 1855.975341796875]",1
frame_0028.png,extras,bench,long bench,long bench.,0.2,0.2,4,0.3521,"[2.570350170135498, 1749.9346923828125, 437.491455078125, 1854.7427978515625]",1
frame_0028.png,extras,bottle,bottle,bottle.,0.18,0.18,1,0.5695,"[1086.3016357421875, 859.6302490234375, 1102.6934814453125, 896.5914916992188]",1
frame_0028.png,extras,bottle,dark thermos bottle,dark thermos bottle.,0.18,0.18,2,0.2846,"[1082.1044921875, 853.376708984375, 1107.3294677734375, 901.146240234375]",1
frame_0028.png,extras,bottle,thermos bottle,thermos bottle.,0.18,0.18,1,0.3332,"[1083.72802734375, 856.4876708984375, 1105.37451171875, 900.41943359375]",1
frame_0028.png,extras,bottle,water bottle,water bottle.,0.18,0.18,1,0.4384,"[1083.6693115234375, 857.0510864257812, 1104.876953125, 900.091064453125]",1
frame_0028.png,extras,bottle,drink bottle,drink bottle.,0.18,0.18,1,0.2925,"[1084.7998046875, 857.4711303710938, 1104.523681640625, 899.3394165039062]",1
frame_0028.png,extras,bottle,small bottle,small bottle.,0.18,0.18,2,0.563,"[1082.169921875, 854.9229125976562, 1106.9810791015625, 901.2041015625]",1
frame_0028.png,extras,cardboard box,cardboard box,cardboard box.,0.2,0.2,1,0.5337,"[1610.64794921875, 984.7059326171875, 1703.8760986328125, 1044.8258056640625]",1
frame_0028.png,extras,cardboard box,brown cardboard box,brown cardboard box.,0.2,0.2,2,0.5873,"[1608.4166259765625, 981.819580078125, 1705.825927734375, 1046.922119140625]",1
frame_0028.png,extras,cardboard box,shipping box,shipping box.,0.2,0.2,2,0.4356,"[1611.3221435546875, 985.9891967773438, 1703.396240234375, 1043.7694091796875]",1
frame_0028.png,extras,cardboard box,package box,package box.,0.2,0.2,1,0.2514,"[1611.50244140625, 985.3736572265625, 1703.6451416015625, 1043.922119140625]",1
frame_0028.png,extras,cardboard box,small box,small box.,0.2,0.2,1,0.6819,"[1609.8271484375, 983.306396484375, 1705.364990234375, 1045.8448486328125]",1
frame_0028.png,extras,cardboard box,box,box.,0.2,0.2,1,0.4471,"[1612.170654296875, 987.22021484375, 1702.63525390625, 1042.2281494140625]",1
frame_0028.png,extras,chair,chair,chair.,0.2,0.2,8,0.26,"[453.1558532714844, 895.281982421875, 568.8233032226562, 1027.9971923828125]",1
frame_0028.png,extras,chair,armless chair,armless chair.,0.2,0.2,7,0.4276,"[586.4743041992188, 861.42724609375, 717.8517456054688, 1071.064453125]",1
frame_0028.png,extras,chair,office chair,office chair.,0.2,0.2,11,0.4119,"[587.8095092773438, 863.4370727539062, 719.82861328125, 1069.6837158203125]",1
frame_0028.png,extras,chair,wheeled chair,wheeled chair.,0.2,0.2,7,0.4831,"[587.328369140625, 862.6027221679688, 717.1204833984375, 1069.822509765625]",1
frame_0028.png,extras,chair,swivel chair,swivel chair.,0.2,0.2,6,0.39,"[586.36083984375, 861.1923828125, 716.4669799804688, 1071.4046630859375]",1
frame_0028.png,extras,chair,rolling chair,rolling chair.,0.2,0.2,8,0.4274,"[587.38818359375, 862.2600708007812, 717.0846557617188, 1070.168212890625]",1
frame_0028.png,extras,cup,cup,cup.,0.18,0.18,1,0.3433,"[1087.1129150390625, 861.2980346679688, 1102.683349609375, 895.9632568359375]",1
frame_0028.png,extras,cup,white drinking cup,white drinking cup.,0.18,0.18,3,0.4139,"[1078.545654296875, 852.1688232421875, 1110.301025390625, 902.4224243164062]",1
frame_0028.png,extras,cup,drinking cup,drinking cup.,0.18,0.18,0,0.0,,0
frame_0028.png,extras,cup,coffee cup,coffee cup.,0.18,0.18,0,0.0,,0
frame_0028.png,extras,cup,paper cup,paper cup.,0.18,0.18,0,0.0,,0
frame_0028.png,extras,cup,small cup,small cup.,0.18,0.18,2,0.3296,"[1081.880615234375, 854.8211669921875, 1108.316162109375, 899.8723754882812]",1
frame_0028.png,extras,door,door,door.,0.2,0.2,12,0.3096,"[229.13973999023438, 599.8684692382812, 339.4683532714844, 1035.9552001953125]",1
frame_0028.png,extras,door,dark door surface,dark door surface.,0.2,0.2,5,0.3198,"[1552.3162841796875, 490.0533142089844, 1700.370849609375, 1002.3341674804688]",1
frame_0028.png,extras,door,wooden door,wooden door.,0.2,0.2,4,0.3881,"[225.02777099609375, 599.500732421875, 340.4173889160156, 1037.6038818359375]",1
frame_0028.png,extras,door,closed door,closed door.,0.2,0.2,5,0.3955,"[223.6255645751953, 599.2271728515625, 340.5372314453125, 1038.5513916015625]",1
frame_0028.png,extras,door,interior door,interior door.,0.2,0.2,10,0.3686,"[225.4196014404297, 598.7505493164062, 339.4576110839844, 1037.1658935546875]",1
frame_0028.png,extras,door,single door,single door.,0.2,0.2,3,0.4042,"[222.56939697265625, 597.8931274414062, 341.18768310546875, 1039.05322265625]",1
frame_0028.png,extras,emergency exit sign,emergency exit sign,emergency exit sign.,0.18,0.18,4,0.2671,"[2763.80322265625, 342.5577697753906, 2856.65625, 445.8966979980469]",1
frame_0028.png,extras,emergency exit sign,exit sign,exit sign.,0.18,0.18,1,0.2074,"[2764.77197265625, 341.9432067871094, 2856.28564453125, 445.21136474609375]",1
frame_0028.png,extras,emergency exit sign,green emergency exit sign,green emergency exit sign.,0.18,0.18,6,0.2843,"[1403.662841796875, 888.0604248046875, 1445.98193359375, 923.1541748046875]",1
frame_0028.png,extras,emergency exit sign,green exit sign,green exit sign.,0.18,0.18,3,0.3346,"[1402.8363037109375, 887.9959106445312, 1445.8931884765625, 923.7496948242188]",1
frame_0028.png,extras,emergency exit sign,running man exit sign,running man exit sign.,0.18,0.18,4,0.4327,"[1154.330810546875, 1648.06103515625, 1711.14892578125, 1852.75048828125]",1
frame_0028.png,extras,emergency exit sign,fire exit sign,fire exit sign.,0.18,0.18,0,0.0,,0
frame_0028.png,extras,emergency exit sign,evacuation sign,evacuation sign.,0.18,0.18,1,0.1858,"[2725.893310546875, 308.4308166503906, 2877.07666015625, 475.7120056152344]",1
frame_0028.png,extras,meeting table set,meeting table set,meeting table set.,0.2,0.2,2,0.6176,"[445.0269775390625, 854.768798828125, 1148.378173828125, 1079.08349609375]",1
frame_0028.png,extras,meeting table set,large meeting table,large meeting table.,0.2,0.2,1,0.7686,"[449.67889404296875, 860.246826171875, 1146.3165283203125, 1077.266845703125]",1
frame_0028.png,extras,meeting table set,conference table,conference table.,0.2,0.2,4,0.5604,"[454.1988525390625, 874.9724731445312, 1141.4398193359375, 1071.6953125]",1
frame_0028.png,extras,meeting table set,metallic desk,metallic desk.,0.2,0.2,2,0.61,"[452.4112854003906, 869.2992553710938, 1144.8353271484375, 1073.0986328125]",1
frame_0028.png,extras,meeting table set,long table with chairs,long table with chairs.,0.2,0.2,4,0.4994,"[447.0253601074219, 853.4710693359375, 1152.6533203125, 1074.9775390625]",1
frame_0028.png,extras,meeting table set,office meeting table,office meeting table.,0.2,0.2,3,0.6274,"[451.1802673339844, 868.203369140625, 1144.4560546875, 1074.5218505859375]",1
frame_0028.png,extras,meeting table set,boardroom table,boardroom table.,0.2,0.2,2,0.5962,"[452.732666015625, 870.1478881835938, 1142.9599609375, 1074.73095703125]",1
frame_0028.png,extras,trash bin,trash bin,trash bin.,0.2,0.2,0,0.0,,0
frame_0028.png,extras,trash bin,indoor trash bin,indoor trash bin.,0.2,0.2,2,0.3597,"[2.5680863857269287, 974.1834106445312, 183.44288635253906, 1197.3089599609375]",1
frame_0028.png,extras,trash bin,garbage bin,garbage bin.,0.2,0.2,2,0.232,"[2.5829458236694336, 976.3961791992188, 182.05569458007812, 1196.5]",1
frame_0028.png,extras,trash bin,waste bin,waste bin.,0.2,0.2,2,0.2404,"[2.4743432998657227, 976.3543090820312, 182.22271728515625, 1196.77783203125]",1
frame_0028.png,extras,trash bin,recycling bin,recycling bin.,0.2,0.2,3,0.2779,"[1611.6221923828125, 985.2175903320312, 1704.358154296875, 1044.1964111328125]",1
frame_0028.png,extras,trash bin,rubbish bin,rubbish bin.,0.2,0.2,5,0.2734,"[1.8169283866882324, 976.22021484375, 182.41845703125, 1197.5377197265625]",1
frame_0028.png,extras,trash bin,small trash can,small trash can.,0.2,0.2,2,0.5753,"[2.376018762588501, 962.7325439453125, 188.96832275390625, 1200.89306640625]",1
frame_0028.png,extras,water fountain,water fountain,water fountain.,0.18,0.18,3,0.3268,"[1157.9981689453125, 1655.1002197265625, 1708.77197265625, 1855.875]",1
frame_0028.png,extras,water fountain,metallic water fountain,metallic water fountain.,0.18,0.18,4,0.3962,"[1156.44140625, 1652.9908447265625, 1709.62353515625, 1854.8316650390625]",1
frame_0028.png,extras,water fountain,drinking fountain,drinking fountain.,0.18,0.18,0,0.0,,0
frame_0028.png,extras,water fountain,water dispenser,water dispenser.,0.18,0.18,0,0.0,,0
frame_0028.png,extras,water fountain,wall water fountain,wall water fountain.,0.18,0.18,5,0.4333,"[1156.8408203125, 1654.04736328125, 1709.1763916015625, 1855.2440185546875]",1
frame_0028.png,extras,water fountain,stainless water fountain,stainless water fountain.,0.18,0.18,2,0.4028,"[1154.2615966796875, 1650.3385009765625, 1711.36767578125, 1854.28564453125]",1
frame_0029.png,production,meeting table set,ALL_GROUP,meeting table. conference table. meeting table set.,0.35,0.35,1,0.5574,"[445.78192138671875, 849.5358276367188, 1149.42822265625, 1080.3382568359375]",1
frame_0029.png,production,chair,ALL_GROUP,chair. armless chair.,0.42,0.42,5,0.4395,"[586.8511352539062, 863.0704345703125, 715.52294921875, 1070.7528076171875]",1
frame_0029.png,production,bench,ALL_GROUP,bench. benches. metal bench. metallic bench. waiting bench.,0.38,0.38,0,0.0,,0
frame_0029.png,production,bottle+cup+cardboard box,ALL_GROUP,bottle. dark thermos. thermos. dark thermos bottle. cup. cups. white drinking cup. white drinking cups. cardboard box. brown cardboard. brown cardboard box.,0.28,0.28,1,0.2957,"[1608.6397705078125, 981.802734375, 1706.143798828125, 1047.3101806640625]",1
frame_0029.png,production,water fountain+door,ALL_GROUP,water fountain. metallic fountain. metallic water fountain. door. doors. dark door. dark door surface. elevator sliding door. elevator sliding doors.,0.38,0.38,0,0.0,,0
frame_0029.png,production,emergency exit sign,ALL_GROUP,emergency exit sign. exit sign.,0.5,0.5,0,0.0,,0
frame_0029.png,production,trash bin,ALL_GROUP,trash bin. trash bins. indoor trash bin.,0.45,0.45,0,0.0,,0
frame_0029.png,extras,bench,bench,bench.,0.2,0.2,2,0.2149,"[2.009704113006592, 1753.4049072265625, 435.02227783203125, 1856.987060546875]",1
frame_0029.png,extras,bench,metal bench,metal bench.,0.2,0.2,3,0.2764,"[3.1993603706359863, 1748.403076171875, 441.09429931640625, 1854.5821533203125]",1
frame_0029.png,extras,bench,waiting bench,waiting bench.,0.2,0.2,4,0.3142,"[1.8116283416748047, 1750.2208251953125, 439.6791076660156, 1855.1446533203125]",1
frame_0029.png,extras,bench,sitting bench,sitting bench.,0.2,0.2,5,0.317,"[2.456388473510742, 1750.7825927734375, 437.1643981933594, 1856.016845703125]",1
frame_0029.png,extras,bench,long bench,long bench.,0.2,0.2,4,0.3277,"[2.623586654663086, 1749.720703125, 441.322265625, 1854.787841796875]",1
frame_0029.png,extras,bottle,bottle,bottle.,0.18,0.18,1,0.5679,"[1086.1802978515625, 859.6058349609375, 1102.505126953125, 896.6782836914062]",1
frame_0029.png,extras,bottle,dark thermos bottle,dark thermos bottle.,0.18,0.18,2,0.3083,"[1082.02880859375, 853.423583984375, 1107.353515625, 901.2954711914062]",1
frame_0029.png,extras,bottle,thermos bottle,thermos bottle.,0.18,0.18,1,0.3344,"[1083.733154296875, 856.4878540039062, 1105.2900390625, 900.319091796875]",1
frame_0029.png,extras,bottle,water bottle,water bottle.,0.18,0.18,1,0.4349,"[1083.6435546875, 857.053955078125, 1104.824951171875, 900.0949096679688]",1
frame_0029.png,extras,bottle,drink bottle,drink bottle.,0.18,0.18,1,0.2941,"[1084.7548828125, 857.486572265625, 1104.4100341796875, 899.2818603515625]",1
frame_0029.png,extras,bottle,small bottle,small bottle.,0.18,0.18,2,0.561,"[1082.111083984375, 854.9400024414062, 1106.946044921875, 901.2987060546875]",1
frame_0029.png,extras,cardboard box,cardboard box,cardboard box.,0.2,0.2,1,0.5221,"[1610.5947265625, 984.6932983398438, 1703.7796630859375, 1044.8575439453125]",1
frame_0029.png,extras,cardboard box,brown cardboard box,brown cardboard box.,0.2,0.2,2,0.5839,"[1608.28564453125, 981.7772216796875, 1705.6798095703125, 1046.9195556640625]",1
frame_0029.png,extras,cardboard box,shipping box,shipping box.,0.2,0.2,2,0.4277,"[1611.214599609375, 985.9625854492188, 1703.1759033203125, 1043.785400390625]",1
frame_0029.png,extras,cardboard box,package box,package box.,0.2,0.2,1,0.2234,"[1611.453125, 985.2591552734375, 1703.553955078125, 1043.9183349609375]",1
frame_0029.png,extras,cardboard box,small box,small box.,0.2,0.2,1,0.6742,"[1609.7269287109375, 983.3155517578125, 1705.2379150390625, 1045.7401123046875]",1
frame_0029.png,extras,cardboard box,box,box.,0.2,0.2,1,0.4327,"[1611.9451904296875, 987.2200927734375, 1702.4151611328125, 1042.187744140625]",1
frame_0029.png,extras,chair,chair,chair.,0.2,0.2,8,0.2622,"[452.5312805175781, 895.0555419921875, 567.1884765625, 1027.927490234375]",1
frame_0029.png,extras,chair,armless chair,armless chair.,0.2,0.2,7,0.4279,"[586.3324584960938, 861.6708984375, 717.7398071289062, 1071.0146484375]",1
frame_0029.png,extras,chair,office chair,office chair.,0.2,0.2,12,0.421,"[587.7732543945312, 863.6024169921875, 718.9892578125, 1069.7010498046875]",1
frame_0029.png,extras,chair,wheeled chair,wheeled chair.,0.2,0.2,8,0.4881,"[587.185791015625, 862.8099365234375, 716.7588500976562, 1069.7493896484375]",1
frame_0029.png,extras,chair,swivel chair,swivel chair.,0.2,0.2,6,0.3849,"[586.148681640625, 861.3596801757812, 716.5465087890625, 1071.4228515625]",1
frame_0029.png,extras,chair,rolling chair,rolling chair.,0.2,0.2,8,0.4383,"[587.3248291015625, 862.50341796875, 716.6851196289062, 1070.1766357421875]",1
frame_0029.png,extras,cup,cup,cup.,0.18,0.18,1,0.3409,"[1086.992431640625, 861.2037963867188, 1102.5013427734375, 896.0302734375]",1
frame_0029.png,extras,cup,white drinking cup,white drinking cup.,0.18,0.18,2,0.4208,"[1078.3878173828125, 852.2039794921875, 1110.395263671875, 902.9208984375]",1
frame_0029.png,extras,cup,drinking cup,drinking cup.,0.18,0.18,0,0.0,,0
frame_0029.png,extras,cup,coffee cup,coffee cup.,0.18,0.18,0,0.0,,0
frame_0029.png,extras,cup,paper cup,paper cup.,0.18,0.18,0,0.0,,0
frame_0029.png,extras,cup,small cup,small cup.,0.18,0.18,2,0.3299,"[1081.7357177734375, 854.7778930664062, 1108.3687744140625, 900.0808715820312]",1
frame_0029.png,extras,door,door,door.,0.2,0.2,12,0.3015,"[228.76153564453125, 600.2147827148438, 339.4346618652344, 1036.2760009765625]",1
frame_0029.png,extras,door,dark door surface,dark door surface.,0.2,0.2,5,0.3215,"[1552.270263671875, 491.5736999511719, 1700.9342041015625, 1002.201904296875]",1
frame_0029.png,extras,door,wooden door,wooden door.,0.2,0.2,5,0.3691,"[224.51043701171875, 599.9370727539062, 340.2644958496094, 1037.851318359375]",1
frame_0029.png,extras,door,closed door,closed door.,0.2,0.2,4,0.3776,"[222.9870147705078, 599.7127075195312, 340.265380859375, 1038.893798828125]",1
frame_0029.png,extras,door,interior door,interior door.,0.2,0.2,11,0.3599,"[224.8397979736328, 598.8282470703125, 339.3339538574219, 1037.5352783203125]",1
frame_0029.png,extras,door,single door,single door.,0.2,0.2,5,0.3854,"[221.59527587890625, 597.8821411132812, 341.0571594238281, 1039.6883544921875]",1
frame_0029.png,extras,emergency exit sign,emergency exit sign,emergency exit sign.,0.18,0.18,4,0.2586,"[2762.6337890625, 341.7712097167969, 2857.54248046875, 446.53668212890625]",1
frame_0029.png,extras,emergency exit sign,exit sign,exit sign.,0.18,0.18,1,0.1958,"[2763.937255859375, 341.6542053222656, 2856.969970703125, 445.810791015625]",1
frame_0029.png,extras,emergency exit sign,green emergency exit sign,green emergency exit sign.,0.18,0.18,6,0.2822,"[1403.5933837890625, 888.1278686523438, 1445.6541748046875, 923.048583984375]",1
frame_0029.png,extras,emergency exit sign,green exit sign,green exit sign.,0.18,0.18,4,0.3396,"[1402.769287109375, 888.0884399414062, 1445.6766357421875, 923.6965942382812]",1
frame_0029.png,extras,emergency exit sign,running man exit sign,running man exit sign.,0.18,0.18,2,0.4393,"[1154.526611328125, 1648.1641845703125, 1711.6689453125, 1852.790771484375]",1
frame_0029.png,extras,emergency exit sign,fire exit sign,fire exit sign.,0.18,0.18,0,0.0,,0
frame_0029.png,extras,emergency exit sign,evacuation sign,evacuation sign.,0.18,0.18,1,0.1885,"[2724.75390625, 307.07525634765625, 2877.1103515625, 475.9719543457031]",1
frame_0029.png,extras,meeting table set,meeting table set,meeting table set.,0.2,0.2,2,0.6166,"[444.87969970703125, 854.8649291992188, 1148.1688232421875, 1078.9549560546875]",1
frame_0029.png,extras,meeting table set,large meeting table,large meeting table.,0.2,0.2,1,0.7666,"[449.1638488769531, 860.3390502929688, 1146.2183837890625, 1077.3895263671875]",1
frame_0029.png,extras,meeting table set,conference table,conference table.,0.2,0.2,4,0.5624,"[454.12835693359375, 875.4603271484375, 1140.8682861328125, 1071.815673828125]",1
frame_0029.png,extras,meeting table set,metallic desk,metallic desk.,0.2,0.2,2,0.6176,"[451.88995361328125, 869.4636840820312, 1144.4495849609375, 1073.404541015625]",1
frame_0029.png,extras,meeting table set,long table with chairs,long table with chairs.,0.2,0.2,4,0.4877,"[445.8322448730469, 853.172607421875, 1153.076416015625, 1075.3790283203125]",1
frame_0029.png,extras,meeting table set,office meeting table,office meeting table.,0.2,0.2,3,0.6353,"[450.977783203125, 868.7147827148438, 1144.1160888671875, 1074.3629150390625]",1
frame_0029.png,extras,meeting table set,boardroom table,boardroom table.,0.2,0.2,1,0.6098,"[452.00994873046875, 869.9326171875, 1142.493896484375, 1075.102294921875]",1
frame_0029.png,extras,trash bin,trash bin,trash bin.,0.2,0.2,0,0.0,,0
frame_0029.png,extras,trash bin,indoor trash bin,indoor trash bin.,0.2,0.2,2,0.3677,"[2.528529167175293, 974.1539306640625, 183.21578979492188, 1197.37744140625]",1
frame_0029.png,extras,trash bin,garbage bin,garbage bin.,0.2,0.2,2,0.2258,"[2.5065135955810547, 976.2377319335938, 181.81793212890625, 1196.56640625]",1
frame_0029.png,extras,trash bin,waste bin,waste bin.,0.2,0.2,2,0.233,"[2.4066762924194336, 976.237548828125, 181.98435974121094, 1196.8404541015625]",1
frame_0029.png,extras,trash bin,recycling bin,recycling bin.,0.2,0.2,3,0.2877,"[1.6686773300170898, 976.3383178710938, 182.15933227539062, 1197.43505859375]",1
frame_0029.png,extras,trash bin,rubbish bin,rubbish bin.,0.2,0.2,6,0.2897,"[1.7657411098480225, 976.0623779296875, 182.18954467773438, 1197.6400146484375]",1
frame_0029.png,extras,trash bin,small trash can,small trash can.,0.2,0.2,2,0.5984,"[2.326998710632324, 962.9530639648438, 188.70887756347656, 1200.9534912109375]",1
frame_0029.png,extras,water fountain,water fountain,water fountain.,0.18,0.18,2,0.3133,"[1158.09423828125, 1655.3487548828125, 1709.2926025390625, 1855.7738037109375]",1
frame_0029.png,extras,water fountain,metallic water fountain,metallic water fountain.,0.18,0.18,4,0.3861,"[1156.610595703125, 1653.32666015625, 1710.2530517578125, 1854.7825927734375]",1
frame_0029.png,extras,water fountain,drinking fountain,drinking fountain.,0.18,0.18,0,0.0,,0
frame_0029.png,extras,water fountain,water dispenser,water dispenser.,0.18,0.18,0,0.0,,0
frame_0029.png,extras,water fountain,wall water fountain,wall water fountain.,0.18,0.18,6,0.4319,"[1156.8795166015625, 1654.324951171875, 1709.8082275390625, 1855.2508544921875]",1
frame_0029.png,extras,water fountain,stainless water fountain,stainless water fountain.,0.18,0.18,3,0.4009,"[1154.4237060546875, 1650.705810546875, 1712.010986328125, 1854.274169921875]",1
frame_0030.png,production,meeting table set,ALL_GROUP,meeting table. conference table. meeting table set.,0.35,0.35,1,0.5663,"[446.04864501953125, 849.2156372070312, 1149.8253173828125, 1080.3187255859375]",1
frame_0030.png,production,chair,ALL_GROUP,chair. armless chair.,0.42,0.42,5,0.4525,"[586.8060913085938, 862.8934936523438, 716.5113525390625, 1070.6527099609375]",1
frame_0030.png,production,bench,ALL_GROUP,bench. benches. metal bench. metallic bench. waiting bench.,0.38,0.38,0,0.0,,0
frame_0030.png,production,bottle+cup+cardboard box,ALL_GROUP,bottle. dark thermos. thermos. dark thermos bottle. cup. cups. white drinking cup. white drinking cups. cardboard box. brown cardboard. brown cardboard box.,0.28,0.28,1,0.2989,"[1608.747802734375, 981.6570434570312, 1705.8525390625, 1047.270751953125]",1
frame_0030.png,production,water fountain+door,ALL_GROUP,water fountain. metallic fountain. metallic water fountain. door. doors. dark door. dark door surface. elevator sliding door. elevator sliding doors.,0.38,0.38,0,0.0,,0
frame_0030.png,production,emergency exit sign,ALL_GROUP,emergency exit sign. exit sign.,0.5,0.5,0,0.0,,0
frame_0030.png,production,trash bin,ALL_GROUP,trash bin. trash bins. indoor trash bin.,0.45,0.45,0,0.0,,0
frame_0030.png,extras,bench,bench,bench.,0.2,0.2,3,0.2204,"[1.9823884963989258, 1753.3433837890625, 435.9305114746094, 1856.9658203125]",1
frame_0030.png,extras,bench,metal bench,metal bench.,0.2,0.2,4,0.2726,"[3.2686257362365723, 1748.350830078125, 443.529296875, 1854.544677734375]",1
frame_0030.png,extras,bench,waiting bench,waiting bench.,0.2,0.2,2,0.3536,"[1.812143325805664, 1750.0242919921875, 441.9294738769531, 1855.1572265625]",1
frame_0030.png,extras,bench,sitting bench,sitting bench.,0.2,0.2,5,0.3051,"[2.6610946655273438, 1750.7550048828125, 438.5487365722656, 1855.9932861328125]",1
frame_0030.png,extras,bench,long bench,long bench.,0.2,0.2,4,0.3703,"[2235.020751953125, 1662.60009765625, 2878.37548828125, 1853.928466796875]",1
frame_0030.png,extras,bottle,bottle,bottle.,0.18,0.18,1,0.5806,"[1086.170654296875, 859.6334228515625, 1102.7147216796875, 896.9030151367188]",1
frame_0030.png,extras,bottle,dark thermos bottle,dark thermos bottle.,0.18,0.18,2,0.3208,"[1082.142333984375, 853.5570678710938, 1107.5250244140625, 901.3692016601562]",1
frame_0030.png,extras,bottle,thermos bottle,thermos bottle.,0.18,0.18,1,0.3409,"[1083.74267578125, 856.4583129882812, 1105.524169921875, 900.7964477539062]",1
frame_0030.png,extras,bottle,water bottle,water bottle.,0.18,0.18,2,0.4493,"[1083.7216796875, 857.0653076171875, 1105.051025390625, 900.452880859375]",1
frame_0030.png,extras,bottle,drink bottle,drink bottle.,0.18,0.18,1,0.2967,"[1084.8211669921875, 857.4553833007812, 1104.677490234375, 899.688720703125]",1
frame_0030.png,extras,bottle,small bottle,small bottle.,0.18,0.18,2,0.5733,"[1082.1612548828125, 854.9008178710938, 1107.0955810546875, 901.44970703125]",1
frame_0030.png,extras,cardboard box,cardboard box,cardboard box.,0.2,0.2,1,0.5275,"[1610.7845458984375, 984.6315307617188, 1703.4453125, 1044.8243408203125]",1
frame_0030.png,extras,cardboard box,brown cardboard box,brown cardboard box.,0.2,0.2,2,0.5827,"[1608.494384765625, 981.7528076171875, 1705.3443603515625, 1046.9210205078125]",1
frame_0030.png,extras,cardboard box,shipping box,shipping box.,0.2,0.2,2,0.436,"[1611.434814453125, 985.8865356445312, 1702.8533935546875, 1043.7523193359375]",1
frame_0030.png,extras,cardboard box,package box,package box.,0.2,0.2,1,0.2449,"[1611.63427734375, 985.27001953125, 1703.1390380859375, 1043.9180908203125]",1
frame_0030.png,extras,cardboard box,small box,small box.,0.2,0.2,1,0.6807,"[1609.9246826171875, 983.3314208984375, 1704.81396484375, 1045.6907958984375]",1
frame_0030.png,extras,cardboard box,box,box.,0.2,0.2,1,0.4428,"[1612.2926025390625, 987.1490478515625, 1702.053955078125, 1042.161376953125]",1
frame_0030.png,extras,chair,chair,chair.,0.2,0.2,8,0.2654,"[452.9788818359375, 895.1068725585938, 568.38916015625, 1028.030029296875]",1
frame_0030.png,extras,chair,armless chair,armless chair.,0.2,0.2,7,0.4295,"[586.4515380859375, 861.3768310546875, 718.2943115234375, 1071.0303955078125]",1
frame_0030.png,extras,chair,office chair,office chair.,0.2,0.2,12,0.4195,"[587.7495727539062, 863.4169921875, 719.87744140625, 1069.6712646484375]",1
frame_0030.png,extras,chair,wheeled chair,wheeled chair.,0.2,0.2,8,0.4884,"[587.170166015625, 862.53759765625, 718.0614624023438, 1069.7999267578125]",1
frame_0030.png,extras,chair,swivel chair,swivel chair.,0.2,0.2,6,0.3916,"[586.233154296875, 861.1426391601562, 717.220703125, 1071.491455078125]",1
frame_0030.png,extras,chair,rolling chair,rolling chair.,0.2,0.2,8,0.4347,"[587.3699340820312, 862.2274169921875, 717.8197631835938, 1070.17333984375]",1
frame_0030.png,extras,cup,cup,cup.,0.18,0.18,1,0.3559,"[1087.1724853515625, 861.3470458984375, 1102.8203125, 896.1937866210938]",1
frame_0030.png,extras,cup,white drinking cup,white drinking cup.,0.18,0.18,2,0.4298,"[1078.5904541015625, 852.1541137695312, 1110.621337890625, 902.7523803710938]",1
frame_0030.png,extras,cup,drinking cup,drinking cup.,0.18,0.18,0,0.0,,0
frame_0030.png,extras,cup,coffee cup,coffee cup.,0.18,0.18,0,0.0,,0
frame_0030.png,extras,cup,paper cup,paper cup.,0.18,0.18,0,0.0,,0
frame_0030.png,extras,cup,small cup,small cup.,0.18,0.18,2,0.3298,"[1081.900146484375, 854.8825073242188, 1108.4925537109375, 900.0690307617188]",1
frame_0030.png,extras,door,door,door.,0.2,0.2,12,0.294,"[229.89505004882812, 600.7784423828125, 339.1805114746094, 1035.726318359375]",1
frame_0030.png,extras,door,dark door surface,dark door surface.,0.2,0.2,4,0.3198,"[1552.10400390625, 490.5392150878906, 1700.6278076171875, 1002.855224609375]",1
frame_0030.png,extras,door,wooden door,wooden door.,0.2,0.2,5,0.369,"[225.78683471679688, 600.5765991210938, 339.91485595703125, 1037.4462890625]",1
frame_0030.png,extras,door,closed door,closed door.,0.2,0.2,4,0.3735,"[224.36302185058594, 600.5214233398438, 339.97247314453125, 1038.507568359375]",1
frame_0030.png,extras,door,interior door,interior door.,0.2,0.2,10,0.3611,"[226.03065490722656, 599.39501953125, 339.0808410644531, 1036.9400634765625]",1
frame_0030.png,extras,door,single door,single door.,0.2,0.2,4,0.3832,"[223.0366668701172, 598.746337890625, 340.6905517578125, 1039.1217041015625]",1
frame_0030.png,extras,emergency exit sign,emergency exit sign,emergency exit sign.,0.18,0.18,4,0.2701,"[2762.839111328125, 341.4871826171875, 2857.294921875, 448.1343688964844]",1
frame_0030.png,extras,emergency exit sign,exit sign,exit sign.,0.18,0.18,1,0.2066,"[2764.598388671875, 341.7366027832031, 2856.4619140625, 445.7615966796875]",1
frame_0030.png,extras,emergency exit sign,green emergency exit sign,green emergency exit sign.,0.18,0.18,5,0.2823,"[1403.812255859375, 888.1926879882812, 1445.8319091796875, 922.9736938476562]",1
frame_0030.png,extras,emergency exit sign,green exit sign,green exit sign.,0.18,0.18,5,0.3322,"[1402.9974365234375, 888.1124267578125, 1445.906005859375, 923.57177734375]",1
frame_0030.png,extras,emergency exit sign,running man exit sign,running man exit sign.,0.18,0.18,3,0.4491,"[1154.678955078125, 1648.1380615234375, 1710.8548583984375, 1852.835693359375]",1
frame_0030.png,extras,emergency exit sign,fire exit sign,fire exit sign.,0.18,0.18,0,0.0,,0
frame_0030.png,extras,emergency exit sign,evacuation sign,evacuation sign.,0.18,0.18,0,0.0,,0
frame_0030.png,extras,meeting table set,meeting table set,meeting table set.,0.2,0.2,2,0.6145,"[444.9783020019531, 854.8245849609375, 1148.5738525390625, 1078.9114990234375]",1
frame_0030.png,extras,meeting table set,large meeting table,large meeting table.,0.2,0.2,1,0.7668,"[449.1558532714844, 859.9981689453125, 1146.383544921875, 1077.3795166015625]",1
frame_0030.png,extras,meeting table set,conference table,conference table.,0.2,0.2,4,0.556,"[454.2283630371094, 875.230712890625, 1141.1917724609375, 1071.2193603515625]",1
frame_0030.png,extras,meeting table set,metallic desk,metallic desk.,0.2,0.2,2,0.6168,"[451.7733459472656, 869.333984375, 1144.9495849609375, 1072.9912109375]",1
frame_0030.png,extras,meeting table set,long table with chairs,long table with chairs.,0.2,0.2,4,0.4868,"[446.2129821777344, 852.879150390625, 1153.5469970703125, 1075.16943359375]",1
frame_0030.png,extras,meeting table set,office meeting table,office meeting table.,0.2,0.2,3,0.6269,"[451.090087890625, 868.320068359375, 1144.4622802734375, 1074.231689453125]",1
frame_0030.png,extras,meeting table set,boardroom table,boardroom table.,0.2,0.2,1,0.6041,"[452.00732421875, 869.87255859375, 1143.0009765625, 1074.80712890625]",1
frame_0030.png,extras,trash bin,trash bin,trash bin.,0.2,0.2,0,0.0,,0
frame_0030.png,extras,trash bin,indoor trash bin,indoor trash bin.,0.2,0.2,2,0.3672,"[2.493499517440796, 974.2650146484375, 183.3759307861328, 1197.3359375]",1
frame_0030.png,extras,trash bin,garbage bin,garbage bin.,0.2,0.2,2,0.223,"[2.4481701850891113, 976.3214721679688, 181.9291534423828, 1196.550048828125]",1
frame_0030.png,extras,trash bin,waste bin,waste bin.,0.2,0.2,2,0.2286,"[2.3760132789611816, 976.188232421875, 182.1724395751953, 1196.7667236328125]",1
frame_0030.png,extras,trash bin,recycling bin,recycling bin.,0.2,0.2,3,0.2889,"[1611.6702880859375, 985.1343383789062, 1703.8133544921875, 1044.1690673828125]",1
frame_0030.png,extras,trash bin,rubbish bin,rubbish bin.,0.2,0.2,6,0.2827,"[1.7527055740356445, 976.19775390625, 182.3379669189453, 1197.5225830078125]",1
frame_0030.png,extras,trash bin,small trash can,small trash can.,0.2,0.2,2,0.5896,"[2.364227771759033, 964.087646484375, 188.8777313232422, 1200.7027587890625]",1
frame_0030.png,extras,water fountain,water fountain,water fountain.,0.18,0.18,3,0.326,"[1158.1722412109375, 1655.497802734375, 1708.31103515625, 1855.8607177734375]",1
frame_0030.png,extras,water fountain,metallic water fountain,metallic water fountain.,0.18,0.18,4,0.3946,"[1156.68994140625, 1653.45654296875, 1709.11572265625, 1854.88232421875]",1
frame_0030.png,extras,water fountain,drinking fountain,drinking fountain.,0.18,0.18,0,0.0,,0
frame_0030.png,extras,water fountain,water dispenser,water dispenser.,0.18,0.18,0,0.0,,0
frame_0030.png,extras,water fountain,wall water fountain,wall water fountain.,0.18,0.18,4,0.4319,"[1157.01806640625, 1654.43994140625, 1708.6485595703125, 1855.3238525390625]",1
frame_0030.png,extras,water fountain,stainless water fountain,stainless water fountain.,0.18,0.18,3,0.3972,"[1154.5633544921875, 1650.8411865234375, 1710.8560791015625, 1854.3052978515625]",1
frame_0031.png,production,meeting table set,ALL_GROUP,meeting table. conference table. meeting table set.,0.35,0.35,1,0.5606,"[445.9085388183594, 848.8966064453125, 1150.0152587890625, 1080.53173828125]",1
frame_0031.png,production,chair,ALL_GROUP,chair. armless chair.,0.42,0.42,5,0.451,"[586.8563842773438, 862.9942016601562, 715.2685546875, 1070.8099365234375]",1
frame_0031.png,production,bench,ALL_GROUP,bench. benches. metal bench. metallic bench. waiting bench.,0.38,0.38,0,0.0,,0
frame_0031.png,production,bottle+cup+cardboard box,ALL_GROUP,bottle. dark thermos. thermos. dark thermos bottle. cup. cups. white drinking cup. white drinking cups. cardboard box. brown cardboard. brown cardboard box.,0.28,0.28,1,0.3093,"[1608.7486572265625, 981.7496337890625, 1706.2227783203125, 1047.283935546875]",1
frame_0031.png,production,water fountain+door,ALL_GROUP,water fountain. metallic fountain. metallic water fountain. door. doors. dark door. dark door surface. elevator sliding door. elevator sliding doors.,0.38,0.38,0,0.0,,0
frame_0031.png,production,emergency exit sign,ALL_GROUP,emergency exit sign. exit sign.,0.5,0.5,0,0.0,,0
frame_0031.png,production,trash bin,ALL_GROUP,trash bin. trash bins. indoor trash bin.,0.45,0.45,0,0.0,,0
frame_0031.png,extras,bench,bench,bench.,0.2,0.2,3,0.2118,"[2.080814838409424, 1753.435791015625, 435.69012451171875, 1856.9896240234375]",1
frame_0031.png,extras,bench,metal bench,metal bench.,0.2,0.2,4,0.2763,"[3.174276351928711, 1748.470947265625, 442.7239074707031, 1854.5872802734375]",1
frame_0031.png,extras,bench,waiting bench,waiting bench.,0.2,0.2,2,0.3621,"[2233.86083984375, 1663.4931640625, 2879.474365234375, 1854.443115234375]",1
frame_0031.png,extras,bench,sitting bench,sitting bench.,0.2,0.2,5,0.3011,"[2.61624813079834, 1750.8419189453125, 438.2956848144531, 1856.0009765625]",1
frame_0031.png,extras,bench,long bench,long bench.,0.2,0.2,4,0.3743,"[2234.58154296875, 1662.6866455078125, 2878.394775390625, 1853.9505615234375]",1
frame_0031.png,extras,bottle,bottle,bottle.,0.18,0.18,1,0.5661,"[1086.104736328125, 859.8932495117188, 1102.714111328125, 896.7404174804688]",1
frame_0031.png,extras,bottle,dark thermos bottle,dark thermos bottle.,0.18,0.18,2,0.3031,"[1081.921630859375, 853.8367309570312, 1107.568359375, 901.4279174804688]",1
frame_0031.png,extras,bottle,thermos bottle,thermos bottle.,0.18,0.18,1,0.3449,"[1083.7142333984375, 856.8766479492188, 1105.530029296875, 900.75244140625]",1
frame_0031.png,extras,bottle,water bottle,water bottle.,0.18,0.18,1,0.4481,"[1083.613037109375, 857.344482421875, 1105.089599609375, 900.429931640625]",1
frame_0031.png,extras,bottle,drink bottle,drink bottle.,0.18,0.18,1,0.2955,"[1084.7354736328125, 857.9124145507812, 1104.660400390625, 899.6328735351562]",1
frame_0031.png,extras,bottle,small bottle,small bottle.,0.18,0.18,2,0.5705,"[1082.07177734375, 855.2413940429688, 1107.1197509765625, 901.4439086914062]",1
frame_0031.png,extras,cardboard box,cardboard box,cardboard box.,0.2,0.2,1,0.5307,"[1610.750732421875, 984.7591552734375, 1703.8577880859375, 1044.79296875]",1
frame_0031.png,extras,cardboard box,brown cardboard box,brown cardboard box.,0.2,0.2,2,0.5914,"[1608.4935302734375, 981.8645629882812, 1705.7572021484375, 1046.8387451171875]",1
frame_0031.png,extras,cardboard box,shipping box,shipping box.,0.2,0.2,2,0.4309,"[1611.388427734375, 986.029296875, 1703.3779296875, 1043.7523193359375]",1
frame_0031.png,extras,cardboard box,package box,package box.,0.2,0.2,1,0.2446,"[1611.564208984375, 985.4119262695312, 1703.58056640625, 1043.92919921875]",1
frame_0031.png,extras,cardboard box,small box,small box.,0.2,0.2,1,0.6829,"[1609.8753662109375, 983.4275512695312, 1705.3634033203125, 1045.76806640625]",1
frame_0031.png,extras,cardboard box,box,box.,0.2,0.2,1,0.4411,"[1612.1861572265625, 987.226318359375, 1702.58642578125, 1042.211181640625]",1
frame_0031.png,extras,chair,chair,chair.,0.2,0.2,8,0.2607,"[453.5412902832031, 895.1861572265625, 568.9360961914062, 1027.8055419921875]",1
frame_0031.png,extras,chair,armless chair,armless chair.,0.2,0.2,7,0.4235,"[586.67138671875, 861.5252685546875, 717.9559326171875, 1071.1436767578125]",1
frame_0031.png,extras,chair,office chair,office chair.,0.2,0.2,12,0.4151,"[587.7993774414062, 863.520751953125, 719.0087280273438, 1069.72265625]",1
frame_0031.png,extras,chair,wheeled chair,wheeled chair.,0.2,0.2,7,0.4809,"[587.3319702148438, 862.6893920898438, 716.8031005859375, 1069.8515625]",1
frame_0031.png,extras,chair,swivel chair,swivel chair.,0.2,0.2,6,0.3874,"[586.4193115234375, 861.2412109375, 716.4013061523438, 1071.533447265625]",1
frame_0031.png,extras,chair,rolling chair,rolling chair.,0.2,0.2,8,0.432,"[587.5384521484375, 862.3687133789062, 716.633544921875, 1070.2496337890625]",1
frame_0031.png,extras,cup,cup,cup.,0.18,0.18,1,0.3442,"[1087.125244140625, 861.5244140625, 1102.85302734375, 896.1658325195312]",1
frame_0031.png,extras,cup,white drinking cup,white drinking cup.,0.18,0.18,2,0.4269,"[1078.518798828125, 852.3873291015625, 1110.6878662109375, 902.910888671875]",1
frame_0031.png,extras,cup,drinking cup,drinking cup.,0.18,0.18,0,0.0,,0
frame_0031.png,extras,cup,coffee cup,coffee cup.,0.18,0.18,0,0.0,,0
frame_0031.png,extras,cup,paper cup,paper cup.,0.18,0.18,0,0.0,,0
frame_0031.png,extras,cup,small cup,small cup.,0.18,0.18,2,0.3288,"[1081.868408203125, 855.158447265625, 1108.4578857421875, 900.0272216796875]",1
frame_0031.png,extras,door,door,door.,0.2,0.2,11,0.2831,"[230.76324462890625, 601.2322387695312, 339.0722351074219, 1036.785400390625]",1
frame_0031.png,extras,door,dark door surface,dark door surface.,0.2,0.2,5,0.3145,"[1552.1573486328125, 491.18634033203125, 1700.766357421875, 1002.7327270507812]",1
frame_0031.png,extras,door,wooden door,wooden door.,0.2,0.2,7,0.3372,"[226.72061157226562, 601.5390014648438, 339.8453674316406, 1038.16357421875]",1
frame_0031.png,extras,door,closed door,closed door.,0.2,0.2,5,0.3483,"[225.0116729736328, 601.4695434570312, 339.7125549316406, 1039.21142578125]",1
frame_0031.png,extras,door,interior door,interior door.,0.2,0.2,10,0.3404,"[227.16563415527344, 599.6625366210938, 338.8678283691406, 1037.615234375]",1
frame_0031.png,extras,door,single door,single door.,0.2,0.2,6,0.3553,"[224.41244506835938, 599.963623046875, 340.4147644042969, 1039.5692138671875]",1
frame_0031.png,extras,emergency exit sign,emergency exit sign,emergency exit sign.,0.18,0.18,4,0.2622,"[2763.51025390625, 342.07476806640625, 2857.218017578125, 446.7840881347656]",1
frame_0031.png,extras,emergency exit sign,exit sign,exit sign.,0.18,0.18,1,0.205,"[2764.694580078125, 341.92041015625, 2856.968017578125, 445.9964599609375]",1
frame_0031.png,extras,emergency exit sign,green emergency exit sign,green emergency exit sign.,0.18,0.18,6,0.2884,"[1403.8541259765625, 888.2794189453125, 1445.6981201171875, 922.974609375]",1
frame_0031.png,extras,emergency exit sign,green exit sign,green exit sign.,0.18,0.18,3,0.3383,"[1403.0198974609375, 888.2360229492188, 1445.6552734375, 923.5888671875]",1
frame_0031.png,extras,emergency exit sign,running man exit sign,running man exit sign.,0.18,0.18,4,0.4367,"[1154.3380126953125, 1647.7989501953125, 1711.3492431640625, 1852.78173828125]",1
frame_0031.png,extras,emergency exit sign,fire exit sign,fire exit sign.,0.18,0.18,0,0.0,,0
frame_0031.png,extras,emergency exit sign,evacuation sign,evacuation sign.,0.18,0.18,1,0.1977,"[2724.919189453125, 305.51568603515625, 2877.178466796875, 475.7502136230469]",1
frame_0031.png,extras,meeting table set,meeting table set,meeting table set.,0.2,0.2,2,0.615,"[445.2373046875, 854.9274291992188, 1148.6256103515625, 1078.896240234375]",1
frame_0031.png,extras,meeting table set,large meeting table,large meeting table.,0.2,0.2,1,0.7659,"[449.94256591796875, 860.0743408203125, 1146.4312744140625, 1077.1572265625]",1
frame_0031.png,extras,meeting table set,conference table,conference table.,0.2,0.2,4,0.5545,"[454.3493957519531, 875.8138427734375, 1141.0198974609375, 1071.240478515625]",1
frame_0031.png,extras,meeting table set,metallic desk,metallic desk.,0.2,0.2,2,0.622,"[452.4126281738281, 869.5874633789062, 1144.7105712890625, 1072.3856201171875]",1
frame_0031.png,extras,meeting table set,long table with chairs,long table with chairs.,0.2,0.2,4,0.494,"[446.5966796875, 853.4398193359375, 1153.4810791015625, 1074.6951904296875]",1
frame_0031.png,extras,meeting table set,office meeting table,office meeting table.,0.2,0.2,3,0.6287,"[451.27947998046875, 868.4378662109375, 1144.6412353515625, 1074.40087890625]",1
frame_0031.png,extras,meeting table set,boardroom table,boardroom table.,0.2,0.2,1,0.5991,"[452.2791442871094, 870.38037109375, 1142.9752197265625, 1074.722412109375]",1
frame_0031.png,extras,trash bin,trash bin,trash bin.,0.2,0.2,0,0.0,,0
frame_0031.png,extras,trash bin,indoor trash bin,indoor trash bin.,0.2,0.2,3,0.3537,"[2.8218984603881836, 973.80517578125, 182.97146606445312, 1197.1435546875]",1
frame_0031.png,extras,trash bin,garbage bin,garbage bin.,0.2,0.2,2,0.2352,"[2.5783915519714355, 976.1742553710938, 181.7344512939453, 1196.4375]",1
frame_0031.png,extras,trash bin,waste bin,waste bin.,0.2,0.2,2,0.2388,"[2.518749713897705, 976.1000366210938, 181.86138916015625, 1196.6536865234375]",1
frame_0031.png,extras,trash bin,recycling bin,recycling bin.,0.2,0.2,3,0.2808,"[1611.5535888671875, 985.2539672851562, 1704.27880859375, 1044.149658203125]",1
frame_0031.png,extras,trash bin,rubbish bin,rubbish bin.,0.2,0.2,5,0.2761,"[1.9487214088439941, 975.999267578125, 182.13870239257812, 1197.462890625]",1
frame_0031.png,extras,trash bin,small trash can,small trash can.,0.2,0.2,2,0.5641,"[2.3729288578033447, 961.006591796875, 188.84373474121094, 1200.6097412109375]",1
frame_0031.png,extras,water fountain,water fountain,water fountain.,0.18,0.18,3,0.3175,"[1157.9644775390625, 1655.0927734375, 1708.8565673828125, 1855.8145751953125]",1
frame_0031.png,extras,water fountain,metallic water fountain,metallic water fountain.,0.18,0.18,4,0.3911,"[1156.5146484375, 1653.081298828125, 1709.7427978515625, 1854.838623046875]",1
frame_0031.png,extras,water fountain,drinking fountain,drinking fountain.,0.18,0.18,0,0.0,,0
frame_0031.png,extras,water fountain,water dispenser,water dispenser.,0.18,0.18,0,0.0,,0
frame_0031.png,extras,water fountain,wall water fountain,wall water fountain.,0.18,0.18,5,0.4322,"[1156.817138671875, 1653.974609375, 1709.2930908203125, 1855.279296875]",1
frame_0031.png,extras,water fountain,stainless water fountain,stainless water fountain.,0.18,0.18,2,0.4018,"[1154.37744140625, 1650.4486083984375, 1711.4705810546875, 1854.27001953125]",1
frame_0032.png,production,meeting table set,ALL_GROUP,meeting table. conference table. meeting table set.,0.35,0.35,1,0.5615,"[445.5850524902344, 848.8798828125, 1149.8226318359375, 1080.22314453125]",1
frame_0032.png,production,chair,ALL_GROUP,chair. armless chair.,0.42,0.42,5,0.4405,"[586.9799194335938, 862.9305419921875, 715.1707153320312, 1070.681396484375]",1
frame_0032.png,production,bench,ALL_GROUP,bench. benches. metal bench. metallic bench. waiting bench.,0.38,0.38,0,0.0,,0
frame_0032.png,production,bottle+cup+cardboard box,ALL_GROUP,bottle. dark thermos. thermos. dark thermos bottle. cup. cups. white drinking cup. white drinking cups. cardboard box. brown cardboard. brown cardboard box.,0.28,0.28,1,0.313,"[1608.7978515625, 981.7026977539062, 1706.15087890625, 1047.400390625]",1
frame_0032.png,production,water fountain+door,ALL_GROUP,water fountain. metallic fountain. metallic water fountain. door. doors. dark door. dark door surface. elevator sliding door. elevator sliding doors.,0.38,0.38,0,0.0,,0
frame_0032.png,production,emergency exit sign,ALL_GROUP,emergency exit sign. exit sign.,0.5,0.5,0,0.0,,0
frame_0032.png,production,trash bin,ALL_GROUP,trash bin. trash bins. indoor trash bin.,0.45,0.45,0,0.0,,0
frame_0032.png,extras,bench,bench,bench.,0.2,0.2,3,0.2083,"[2.091693878173828, 1753.6702880859375, 434.0306396484375, 1856.911376953125]",1
frame_0032.png,extras,bench,metal bench,metal bench.,0.2,0.2,4,0.2702,"[3.3144593238830566, 1748.651611328125, 440.269287109375, 1854.5054931640625]",1
frame_0032.png,extras,bench,waiting bench,waiting bench.,0.2,0.2,2,0.3524,"[1.742234230041504, 1750.3797607421875, 438.7574157714844, 1855.084716796875]",1
frame_0032.png,extras,bench,sitting bench,sitting bench.,0.2,0.2,5,0.3009,"[2.594468593597412, 1751.058349609375, 435.63330078125, 1855.8936767578125]",1
frame_0032.png,extras,bench,long bench,long bench.,0.2,0.2,3,0.3605,"[2.677445411682129, 1749.9525146484375, 439.8777770996094, 1854.7109375]",1
frame_0032.png,extras,bottle,bottle,bottle.,0.18,0.18,1,0.5666,"[1086.329833984375, 859.6047973632812, 1102.77392578125, 896.7772216796875]",1
frame_0032.png,extras,bottle,dark thermos bottle,dark thermos bottle.,0.18,0.18,2,0.3077,"[1082.0938720703125, 853.5853881835938, 1107.54248046875, 901.5267944335938]",1
frame_0032.png,extras,bottle,thermos bottle,thermos bottle.,0.18,0.18,1,0.3365,"[1083.753662109375, 856.4359130859375, 1105.609375, 900.6468505859375]",1
frame_0032.png,extras,bottle,water bottle,water bottle.,0.18,0.18,1,0.4379,"[1083.81005859375, 857.0614624023438, 1105.1173095703125, 900.26513671875]",1
frame_0032.png,extras,bottle,drink bottle,drink bottle.,0.18,0.18,1,0.2886,"[1084.8289794921875, 857.4732055664062, 1104.7352294921875, 899.5494384765625]",1
frame_0032.png,extras,bottle,small bottle,small bottle.,0.18,0.18,2,0.5614,"[1082.2469482421875, 854.9093017578125, 1107.1524658203125, 901.328125]",1
frame_0032.png,extras,cardboard box,cardboard box,cardboard box.,0.2,0.2,1,0.5355,"[1610.7445068359375, 984.7199096679688, 1703.8714599609375, 1044.91943359375]",1
frame_0032.png,extras,cardboard box,brown cardboard box,brown cardboard box.,0.2,0.2,1,0.5933,"[1608.50732421875, 981.7825317382812, 1705.82275390625, 1047.06005859375]",1
frame_0032.png,extras,cardboard box,shipping box,shipping box.,0.2,0.2,2,0.4339,"[1611.35009765625, 985.9730224609375, 1703.400146484375, 1043.8756103515625]",1
frame_0032.png,extras,cardboard box,package box,package box.,0.2,0.2,1,0.2498,"[1611.5230712890625, 985.333740234375, 1703.5860595703125, 1044.0474853515625]",1
frame_0032.png,extras,cardboard box,small box,small box.,0.2,0.2,1,0.6853,"[1609.844970703125, 983.2412109375, 1705.3934326171875, 1045.873291015625]",1
frame_0032.png,extras,cardboard box,box,box.,0.2,0.2,1,0.4427,"[1612.1385498046875, 987.2161254882812, 1702.661865234375, 1042.277099609375]",1
frame_0032.png,extras,chair,chair,chair.,0.2,0.2,8,0.2613,"[452.45843505859375, 895.0585327148438, 566.1903076171875, 1027.861083984375]",1
frame_0032.png,extras,chair,armless chair,armless chair.,0.2,0.2,7,0.4286,"[586.7080078125, 861.5263671875, 717.2530517578125, 1070.8603515625]",1
frame_0032.png,extras,chair,office chair,office chair.,0.2,0.2,11,0.413,"[587.7723999023438, 863.4466552734375, 719.0569458007812, 1069.440673828125]",1
frame_0032.png,extras,chair,wheeled chair,wheeled chair.,0.2,0.2,8,0.4851,"[587.3233642578125, 862.6273803710938, 716.2923583984375, 1069.7706298828125]",1
frame_0032.png,extras,chair,swivel chair,swivel chair.,0.2,0.2,6,0.385,"[586.3927001953125, 861.1364135742188, 716.0092163085938, 1071.2803955078125]",1
frame_0032.png,extras,chair,rolling chair,rolling chair.,0.2,0.2,8,0.4339,"[587.4808349609375, 862.2836303710938, 716.5613403320312, 1070.152587890625]",1
frame_0032.png,extras,cup,cup,cup.,0.18,0.18,1,0.3423,"[1087.28369140625, 861.1875610351562, 1102.869873046875, 896.1133422851562]",1
frame_0032.png,extras,cup,white drinking cup,white drinking cup.,0.18,0.18,2,0.4243,"[1078.5648193359375, 852.0826416015625, 1110.645751953125, 902.8380126953125]",1
frame_0032.png,extras,cup,drinking cup,drinking cup.,0.18,0.18,0,0.0,,0
frame_0032.png,extras,cup,coffee cup,coffee cup.,0.18,0.18,0,0.0,,0
frame_0032.png,extras,cup,paper cup,paper cup.,0.18,0.18,0,0.0,,0
frame_0032.png,extras,cup,small cup,small cup.,0.18,0.18,2,0.3268,"[1081.9979248046875, 854.8357543945312, 1108.5521240234375, 899.9979248046875]",1
frame_0032.png,extras,door,door,door.,0.2,0.2,10,0.3001,"[229.9203338623047, 600.5614624023438, 338.9910583496094, 1036.2027587890625]",1
frame_0032.png,extras,door,dark door surface,dark door surface.,0.2,0.2,4,0.3223,"[1552.379150390625, 490.9400634765625, 1700.7340087890625, 1002.5868530273438]",1
frame_0032.png,extras,door,wooden door,wooden door.,0.2,0.2,4,0.3751,"[225.90347290039062, 600.5611572265625, 339.7976379394531, 1037.7608642578125]",1
frame_0032.png,extras,door,closed door,closed door.,0.2,0.2,5,0.3864,"[224.45449829101562, 600.4649658203125, 339.90283203125, 1038.9111328125]",1
frame_0032.png,extras,door,interior door,interior door.,0.2,0.2,9,0.3556,"[226.469482421875, 599.2931518554688, 338.9160461425781, 1037.156494140625]",1
frame_0032.png,extras,door,single door,single door.,0.2,0.2,2,0.4007,"[223.39161682128906, 598.7403564453125, 340.69281005859375, 1039.4608154296875]",1
frame_0032.png,extras,emergency exit sign,emergency exit sign,emergency exit sign.,0.18,0.18,4,0.2624,"[2763.35009765625, 341.4598388671875, 2856.6474609375, 446.8510437011719]",1
frame_0032.png,extras,emergency exit sign,exit sign,exit sign.,0.18,0.18,1,0.19,"[2764.947998046875, 341.8255615234375, 2855.951171875, 445.0111083984375]",1
frame_0032.png,extras,emergency exit sign,green emergency exit sign,green emergency exit sign.,0.18,0.18,6,0.2802,"[1403.6512451171875, 888.0004272460938, 1446.23046875, 923.1234741210938]",1
frame_0032.png,extras,emergency exit sign,green exit sign,green exit sign.,0.18,0.18,4,0.3377,"[1402.78466796875, 887.99853515625, 1446.0091552734375, 923.6456298828125]",1
frame_0032.png,extras,emergency exit sign,running man exit sign,running man exit sign.,0.18,0.18,3,0.4464,"[1154.9354248046875, 1647.9776611328125, 1711.2135009765625, 1852.74072265625]",1
frame_0032.png,extras,emergency exit sign,fire exit sign,fire exit sign.,0.18,0.18,0,0.0,,0
frame_0032.png,extras,emergency exit sign,evacuation sign,evacuation sign.,0.18,0.18,0,0.0,,0
frame_0032.png,extras,meeting table set,meeting table set,meeting table set.,0.2,0.2,2,0.6154,"[444.8168029785156, 854.6009521484375, 1148.534912109375, 1078.9898681640625]",1
frame_0032.png,extras,meeting table set,large meeting table,large meeting table.,0.2,0.2,1,0.7616,"[449.11895751953125, 859.6307983398438, 1146.727294921875, 1077.494384765625]",1
frame_0032.png,extras,meeting table set,conference table,conference table.,0.2,0.2,4,0.5621,"[453.9885559082031, 875.0884399414062, 1141.4813232421875, 1071.091064453125]",1
frame_0032.png,extras,meeting table set,metallic desk,metallic desk.,0.2,0.2,2,0.6092,"[451.6739196777344, 869.286376953125, 1145.016357421875, 1072.37109375]",1
frame_0032.png,extras,meeting table set,long table with chairs,long table with chairs.,0.2,0.2,4,0.4822,"[445.7926940917969, 852.52587890625, 1153.3218994140625, 1075.4713134765625]",1
frame_0032.png,extras,meeting table set,office meeting table,office meeting table.,0.2,0.2,3,0.6329,"[450.8409118652344, 867.7003784179688, 1144.701416015625, 1074.4136962890625]",1
frame_0032.png,extras,meeting table set,boardroom table,boardroom table.,0.2,0.2,2,0.6063,"[451.9533386230469, 869.75537109375, 1143.2952880859375, 1074.6629638671875]",1
frame_0032.png,extras,trash bin,trash bin,trash bin.,0.2,0.2,0,0.0,,0
frame_0032.png,extras,trash bin,indoor trash bin,indoor trash bin.,0.2,0.2,3,0.3683,"[2.668583393096924, 973.623779296875, 183.19650268554688, 1197.3282470703125]",1
frame_0032.png,extras,trash bin,garbage bin,garbage bin.,0.2,0.2,2,0.2261,"[2.496605396270752, 976.0475463867188, 181.80470275878906, 1196.5433349609375]",1
frame_0032.png,extras,trash bin,waste bin,waste bin.,0.2,0.2,2,0.2283,"[2.411611557006836, 976.0929565429688, 181.96173095703125, 1196.8033447265625]",1
frame_0032.png,extras,trash bin,recycling bin,recycling bin.,0.2,0.2,3,0.2808,"[1611.595458984375, 985.2282104492188, 1704.4189453125, 1044.2691650390625]",1
frame_0032.png,extras,trash bin,rubbish bin,rubbish bin.,0.2,0.2,6,0.2869,"[1.8365085124969482, 975.996826171875, 182.13748168945312, 1197.51611328125]",1
frame_0032.png,extras,trash bin,small trash can,small trash can.,0.2,0.2,2,0.5976,"[2.2833216190338135, 960.440673828125, 188.89227294921875, 1201.02783203125]",1
frame_0032.png,extras,water fountain,water fountain,water fountain.,0.18,0.18,3,0.322,"[1158.2073974609375, 1655.20263671875, 1708.7425537109375, 1855.7955322265625]",1
frame_0032.png,extras,water fountain,metallic water fountain,metallic water fountain.,0.18,0.18,4,0.394,"[1156.66943359375, 1653.06787109375, 1709.6043701171875, 1854.7880859375]",1
frame_0032.png,extras,water fountain,drinking fountain,drinking fountain.,0.18,0.18,0,0.0,,0
frame_0032.png,extras,water fountain,water dispenser,water dispenser.,0.18,0.18,0,0.0,,0
frame_0032.png,extras,water fountain,wall water fountain,wall water fountain.,0.18,0.18,4,0.4323,"[1157.0706787109375, 1654.073974609375, 1709.150634765625, 1855.260986328125]",1
frame_0032.png,extras,water fountain,stainless water fountain,stainless water fountain.,0.18,0.18,2,0.4005,"[1154.5941162109375, 1650.3663330078125, 1711.2791748046875, 1854.262939453125]",1
frame_0033.png,production,meeting table set,ALL_GROUP,meeting table. conference table. meeting table set.,0.35,0.35,1,0.5581,"[445.80279541015625, 849.004150390625, 1149.910888671875, 1080.609375]",1
frame_0033.png,production,chair,ALL_GROUP,chair. armless chair.,0.42,0.42,5,0.4491,"[586.8558349609375, 862.8228149414062, 716.9031372070312, 1070.7216796875]",1
frame_0033.png,production,bench,ALL_GROUP,bench. benches. metal bench. metallic bench. waiting bench.,0.38,0.38,0,0.0,,0
frame_0033.png,production,bottle+cup+cardboard box,ALL_GROUP,bottle. dark thermos. thermos. dark thermos bottle. cup. cups. white drinking cup. white drinking cups. cardboard box. brown cardboard. brown cardboard box.,0.28,0.28,1,0.308,"[1608.6883544921875, 981.7401733398438, 1706.2249755859375, 1047.241455078125]",1
frame_0033.png,production,water fountain+door,ALL_GROUP,water fountain. metallic fountain. metallic water fountain. door. doors. dark door. dark door surface. elevator sliding door. elevator sliding doors.,0.38,0.38,0,0.0,,0
frame_0033.png,production,emergency exit sign,ALL_GROUP,emergency exit sign. exit sign.,0.5,0.5,0,0.0,,0
frame_0033.png,production,trash bin,ALL_GROUP,trash bin. trash bins. indoor trash bin.,0.45,0.45,0,0.0,,0
frame_0033.png,extras,bench,bench,bench.,0.2,0.2,3,0.2188,"[2.0954275131225586, 1753.77978515625, 430.9903564453125, 1856.889892578125]",1
frame_0033.png,extras,bench,metal bench,metal bench.,0.2,0.2,4,0.2747,"[3.27317476272583, 1748.8377685546875, 436.7333984375, 1854.494873046875]",1
frame_0033.png,extras,bench,waiting bench,waiting bench.,0.2,0.2,2,0.3604,"[1.909475326538086, 1750.562744140625, 435.15338134765625, 1855.104736328125]",1
frame_0033.png,extras,bench,sitting bench,sitting bench.,0.2,0.2,5,0.2988,"[2.5221776962280273, 1751.2200927734375, 432.8741455078125, 1855.9136962890625]",1
frame_0033.png,extras,bench,long bench,long bench.,0.2,0.2,4,0.376,"[2.634551525115967, 1750.150634765625, 436.4250183105469, 1854.7093505859375]",1
frame_0033.png,extras,bottle,bottle,bottle.,0.18,0.18,1,0.5573,"[1086.30322265625, 859.796875, 1102.7984619140625, 896.7024536132812]",1
frame_0033.png,extras,bottle,dark thermos bottle,dark thermos bottle.,0.18,0.18,2,0.2874,"[1082.1468505859375, 853.55322265625, 1107.8238525390625, 901.5593872070312]",1
frame_0033.png,extras,bottle,thermos bottle,thermos bottle.,0.18,0.18,1,0.3213,"[1083.8349609375, 856.55322265625, 1105.730712890625, 900.5543212890625]",1
frame_0033.png,extras,bottle,water bottle,water bottle.,0.18,0.18,1,0.4296,"[1083.8544921875, 857.1489868164062, 1105.244140625, 900.2484741210938]",1
frame_0033.png,extras,bottle,drink bottle,drink bottle.,0.18,0.18,1,0.2834,"[1084.84619140625, 857.5210571289062, 1104.851806640625, 899.4608154296875]",1
frame_0033.png,extras,bottle,small bottle,small bottle.,0.18,0.18,2,0.5594,"[1082.1983642578125, 855.0054321289062, 1107.252685546875, 901.3322143554688]",1
frame_0033.png,extras,cardboard box,cardboard box,cardboard box.,0.2,0.2,1,0.5356,"[1610.622314453125, 984.7105102539062, 1703.8856201171875, 1044.790283203125]",1
frame_0033.png,extras,cardboard box,brown cardboard box,brown cardboard box.,0.2,0.2,2,0.5886,"[1608.2969970703125, 981.7459716796875, 1705.877197265625, 1046.9410400390625]",1
frame_0033.png,extras,cardboard box,shipping box,shipping box.,0.2,0.2,2,0.4369,"[1611.3118896484375, 985.9942016601562, 1703.3367919921875, 1043.7760009765625]",1
frame_0033.png,extras,cardboard box,package box,package box.,0.2,0.2,1,0.2644,"[1611.3841552734375, 985.3450927734375, 1703.6278076171875, 1044.0301513671875]",1
frame_0033.png,extras,cardboard box,small box,small box.,0.2,0.2,1,0.6861,"[1609.72705078125, 983.23876953125, 1705.36474609375, 1045.8306884765625]",1
frame_0033.png,extras,cardboard box,box,box.,0.2,0.2,1,0.4496,"[1612.1160888671875, 987.2211303710938, 1702.5799560546875, 1042.19287109375]",1
frame_0033.png,extras,chair,chair,chair.,0.2,0.2,8,0.2666,"[452.9154052734375, 895.1321411132812, 567.697998046875, 1027.95751953125]",1
frame_0033.png,extras,chair,armless chair,armless chair.,0.2,0.2,7,0.4271,"[586.5390014648438, 861.3837890625, 718.3582153320312, 1071.0594482421875]",1
frame_0033.png,extras,chair,office chair,office chair.,0.2,0.2,13,0.4177,"[587.8674926757812, 863.4201049804688, 720.3374633789062, 1069.6116943359375]",1
frame_0033.png,extras,chair,wheeled chair,wheeled chair.,0.2,0.2,8,0.4824,"[587.3344116210938, 862.5587768554688, 717.6590576171875, 1069.7757568359375]",1
frame_0033.png,extras,chair,swivel chair,swivel chair.,0.2,0.2,6,0.391,"[586.3442993164062, 861.0728149414062, 717.2241821289062, 1071.467529296875]",1
frame_0033.png,extras,chair,rolling chair,rolling chair.,0.2,0.2,8,0.4318,"[587.4743041992188, 862.2174682617188, 717.59912109375, 1070.1529541015625]",1
frame_0033.png,extras,cup,cup,cup.,0.18,0.18,1,0.3465,"[1087.233642578125, 861.50341796875, 1102.8643798828125, 895.957763671875]",1
frame_0033.png,extras,cup,white drinking cup,white drinking cup.,0.18,0.18,3,0.4179,"[1078.662841796875, 852.3292236328125, 1110.5970458984375, 902.75537109375]",1
frame_0033.png,extras,cup,drinking cup,drinking cup.,0.18,0.18,0,0.0,,0
frame_0033.png,extras,cup,coffee cup,coffee cup.,0.18,0.18,0,0.0,,0
frame_0033.png,extras,cup,paper cup,paper cup.,0.18,0.18,0,0.0,,0
frame_0033.png,extras,cup,small cup,small cup.,0.18,0.18,2,0.333,"[1081.9176025390625, 855.0308837890625, 1108.610595703125, 900.0537109375]",1
frame_0033.png,extras,door,door,door.,0.2,0.2,11,0.2998,"[229.7627716064453, 600.768310546875, 339.1793518066406, 1036.001953125]",1
frame_0033.png,extras,door,dark door surface,dark door surface.,0.2,0.2,4,0.3228,"[1552.172119140625, 490.1644287109375, 1700.51025390625, 1002.5678100585938]",1
frame_0033.png,extras,door,wooden door,wooden door.,0.2,0.2,6,0.3629,"[225.8872528076172, 600.78466796875, 339.92974853515625, 1037.4993896484375]",1
frame_0033.png,extras,door,closed door,closed door.,0.2,0.2,4,0.381,"[224.48956298828125, 600.3795776367188, 339.9484558105469, 1038.41552734375]",1
frame_0033.png,extras,door,interior door,interior door.,0.2,0.2,12,0.3563,"[226.57093811035156, 599.4058837890625, 338.8289489746094, 1036.738037109375]",1
frame_0033.png,extras,door,single door,single door.,0.2,0.2,4,0.3864,"[223.38084411621094, 598.8086547851562, 340.67138671875, 1039.0179443359375]",1
frame_0033.png,extras,emergency exit sign,emergency exit sign,emergency exit sign.,0.18,0.18,4,0.2637,"[2763.213623046875, 341.71795654296875, 2857.76220703125, 448.9527282714844]",1
frame_0033.png,extras,emergency exit sign,exit sign,exit sign.,0.18,0.18,1,0.2015,"[2764.88232421875, 342.3713073730469, 2857.133544921875, 446.5677795410156]",1
frame_0033.png,extras,emergency exit sign,green emergency exit sign,green emergency exit sign.,0.18,0.18,6,0.2922,"[1403.604736328125, 888.1277465820312, 1445.914306640625, 923.1576538085938]",1
frame_0033.png,extras,emergency exit sign,green exit sign,green exit sign.,0.18,0.18,3,0.3318,"[1402.920654296875, 887.9871215820312, 1445.8995361328125, 923.6893920898438]",1
frame_0033.png,extras,emergency exit sign,running man exit sign,running man exit sign.,0.18,0.18,3,0.4299,"[1154.546142578125, 1648.04052734375, 1711.206298828125, 1852.68896484375]",1
frame_0033.png,extras,emergency exit sign,fire exit sign,fire exit sign.,0.18,0.18,0,0.0,,0
frame_0033.png,extras,emergency exit sign,evacuation sign,evacuation sign.,0.18,0.18,1,0.1946,"[2725.57421875, 307.2352294921875, 2876.885498046875, 476.3467102050781]",1
frame_0033.png,extras,meeting table set,meeting table set,meeting table set.,0.2,0.2,2,0.6124,"[445.081298828125, 854.6553955078125, 1148.416015625, 1078.989990234375]",1
frame_0033.png,extras,meeting table set,large meeting table,large meeting table.,0.2,0.2,1,0.7641,"[449.09765625, 859.7327880859375, 1146.583984375, 1077.5030517578125]",1
frame_0033.png,extras,meeting table set,conference table,conference table.,0.2,0.2,4,0.5629,"[453.8932800292969, 875.8245849609375, 1141.5115966796875, 1071.454345703125]",1
frame_0033.png,extras,meeting table set,metallic desk,metallic desk.,0.2,0.2,2,0.61,"[451.7503356933594, 869.2320556640625, 1145.130615234375, 1073.104248046875]",1
frame_0033.png,extras,meeting table set,long table with chairs,long table with chairs.,0.2,0.2,4,0.4868,"[446.15350341796875, 853.2332153320312, 1153.025146484375, 1075.16455078125]",1
frame_0033.png,extras,meeting table set,office meeting table,office meeting table.,0.2,0.2,3,0.6277,"[451.0060119628906, 868.238525390625, 1144.5067138671875, 1074.8685302734375]",1
frame_0033.png,extras,meeting table set,boardroom table,boardroom table.,0.2,0.2,1,0.6024,"[452.0216979980469, 869.9190673828125, 1142.98388671875, 1074.86767578125]",1
frame_0033.png,extras,trash bin,trash bin,trash bin.,0.2,0.2,0,0.0,,0
frame_0033.png,extras,trash bin,indoor trash bin,indoor trash bin.,0.2,0.2,2,0.3709,"[2.7833282947540283, 974.0445556640625, 183.53515625, 1197.550048828125]",1
frame_0033.png,extras,trash bin,garbage bin,garbage bin.,0.2,0.2,2,0.2328,"[2.667328119277954, 976.2849731445312, 182.16717529296875, 1196.7147216796875]",1
frame_0033.png,extras,trash bin,waste bin,waste bin.,0.2,0.2,2,0.2364,"[2.5714874267578125, 976.2364501953125, 182.33001708984375, 1196.940673828125]",1
frame_0033.png,extras,trash bin,recycling bin,recycling bin.,0.2,0.2,3,0.2912,"[1.8543505668640137, 976.4195556640625, 182.41177368164062, 1197.4923095703125]",1
frame_0033.png,extras,trash bin,rubbish bin,rubbish bin.,0.2,0.2,5,0.2938,"[1.912447214126587, 976.1165771484375, 182.4446258544922, 1197.6436767578125]",1
frame_0033.png,extras,trash bin,small trash can,small trash can.,0.2,0.2,2,0.601,"[2.5620675086975098, 962.4825439453125, 189.0800323486328, 1201.0302734375]",1
frame_0033.png,extras,water fountain,water fountain,water fountain.,0.18,0.18,3,0.3278,"[1157.917724609375, 1655.1845703125, 1708.677001953125, 1855.85107421875]",1
frame_0033.png,extras,water fountain,metallic water fountain,metallic water fountain.,0.18,0.18,4,0.3996,"[1156.3909912109375, 1653.1077880859375, 1709.5870361328125, 1854.8067626953125]",1
frame_0033.png,extras,water fountain,drinking fountain,drinking fountain.,0.18,0.18,0,0.0,,0
frame_0033.png,extras,water fountain,water dispenser,water dispenser.,0.18,0.18,0,0.0,,0
frame_0033.png,extras,water fountain,wall water fountain,wall water fountain.,0.18,0.18,4,0.4381,"[1156.7015380859375, 1654.1044921875, 1709.14990234375, 1855.257080078125]",1
frame_0033.png,extras,water fountain,stainless water fountain,stainless water fountain.,0.18,0.18,2,0.4097,"[1154.2353515625, 1650.461181640625, 1711.2236328125, 1854.2528076171875]",1
frame_0034.png,production,meeting table set,ALL_GROUP,meeting table. conference table. meeting table set.,0.35,0.35,1,0.5668,"[445.5875244140625, 849.045654296875, 1149.833984375, 1080.5611572265625]",1
frame_0034.png,production,chair,ALL_GROUP,chair. armless chair.,0.42,0.42,3,0.4417,"[452.025390625, 891.5001220703125, 573.0458984375, 1030.13720703125]",1
frame_0034.png,production,bench,ALL_GROUP,bench. benches. metal bench. metallic bench. waiting bench.,0.38,0.38,0,0.0,,0
frame_0034.png,production,bottle+cup+cardboard box,ALL_GROUP,bottle. dark thermos. thermos. dark thermos bottle. cup. cups. white drinking cup. white drinking cups. cardboard box. brown cardboard. brown cardboard box.,0.28,0.28,1,0.3013,"[1608.7144775390625, 981.843505859375, 1706.130615234375, 1047.1846923828125]",1
frame_0034.png,production,water fountain+door,ALL_GROUP,water fountain. metallic fountain. metallic water fountain. door. doors. dark door. dark door surface. elevator sliding door. elevator sliding doors.,0.38,0.38,0,0.0,,0
frame_0034.png,production,emergency exit sign,ALL_GROUP,emergency exit sign. exit sign.,0.5,0.5,0,0.0,,0
frame_0034.png,production,trash bin,ALL_GROUP,trash bin. trash bins. indoor trash bin.,0.45,0.45,0,0.0,,0
frame_0034.png,extras,bench,bench,bench.,0.2,0.2,3,0.2275,"[1.9761013984680176, 1753.748046875, 433.3226623535156, 1856.91845703125]",1
frame_0034.png,extras,bench,metal bench,metal bench.,0.2,0.2,4,0.2863,"[3.215024471282959, 1748.584228515625, 440.5538330078125, 1854.556640625]",1
frame_0034.png,extras,bench,waiting bench,waiting bench.,0.2,0.2,2,0.3723,"[2235.469482421875, 1663.547607421875, 2879.450439453125, 1854.425537109375]",1
frame_0034.png,extras,bench,sitting bench,sitting bench.,0.2,0.2,5,0.3138,"[2.4651002883911133, 1751.0906982421875, 436.09661865234375, 1855.9327392578125]",1
frame_0034.png,extras,bench,long bench,long bench.,0.2,0.2,4,0.388,"[2235.931396484375, 1662.6492919921875, 2878.36376953125, 1853.969970703125]",1
frame_0034.png,extras,bottle,bottle,bottle.,0.18,0.18,1,0.5748,"[1086.133544921875, 859.6671752929688, 1102.6767578125, 896.8107299804688]",1
frame_0034.png,extras,bottle,dark thermos bottle,dark thermos bottle.,0.18,0.18,2,0.2986,"[1081.9154052734375, 853.6428833007812, 1107.3638916015625, 901.47705078125]",1
frame_0034.png,extras,bottle,thermos bottle,thermos bottle.,0.18,0.18,1,0.3387,"[1083.6097412109375, 856.5131225585938, 1105.4029541015625, 900.6990356445312]",1
frame_0034.png,extras,bottle,water bottle,water bottle.,0.18,0.18,1,0.4405,"[1083.568115234375, 857.0675048828125, 1104.9273681640625, 900.3387451171875]",1
frame_0034.png,extras,bottle,drink bottle,drink bottle.,0.18,0.18,1,0.2928,"[1084.68896484375, 857.5878295898438, 1104.5101318359375, 899.6160278320312]",1
frame_0034.png,extras,bottle,small bottle,small bottle.,0.18,0.18,2,0.5737,"[1082.0118408203125, 854.992431640625, 1107.0025634765625, 901.3571166992188]",1
frame_0034.png,extras,cardboard box,cardboard box,cardboard box.,0.2,0.2,1,0.5275,"[1610.6409912109375, 984.7564697265625, 1703.8270263671875, 1044.7890625]",1
frame_0034.png,extras,cardboard box,brown cardboard box,brown cardboard box.,0.2,0.2,2,0.5882,"[1608.3553466796875, 981.8335571289062, 1705.75537109375, 1046.9356689453125]",1
frame_0034.png,extras,cardboard box,shipping box,shipping box.,0.2,0.2,2,0.4302,"[1611.287353515625, 986.0509643554688, 1703.33935546875, 1043.7393798828125]",1
frame_0034.png,extras,cardboard box,package box,package box.,0.2,0.2,1,0.237,"[1611.4864501953125, 985.383544921875, 1703.6229248046875, 1043.8594970703125]",1
frame_0034.png,extras,cardboard box,small box,small box.,0.2,0.2,1,0.6821,"[1609.781982421875, 983.3488159179688, 1705.359619140625, 1045.7672119140625]",1
frame_0034.png,extras,cardboard box,box,box.,0.2,0.2,1,0.4413,"[1612.016357421875, 987.27685546875, 1702.5361328125, 1042.15283203125]",1
frame_0034.png,extras,chair,chair,chair.,0.2,0.2,8,0.2668,"[452.7889709472656, 894.9067993164062, 568.1665649414062, 1027.9527587890625]",1
frame_0034.png,extras,chair,armless chair,armless chair.,0.2,0.2,7,0.4282,"[586.6884155273438, 861.4568481445312, 719.7674560546875, 1071.29345703125]",1
frame_0034.png,extras,chair,office chair,office chair.,0.2,0.2,13,0.4131,"[588.0542602539062, 863.4366455078125, 721.1104125976562, 1069.8428955078125]",1
frame_0034.png,extras,chair,wheeled chair,wheeled chair.,0.2,0.2,8,0.4839,"[587.4768676757812, 862.6041259765625, 718.6901245117188, 1070.026123046875]",1
frame_0034.png,extras,chair,swivel chair,swivel chair.,0.2,0.2,6,0.3872,"[586.4443359375, 861.1626586914062, 718.2944946289062, 1071.670654296875]",1
frame_0034.png,extras,chair,rolling chair,rolling chair.,0.2,0.2,8,0.4302,"[587.6087646484375, 862.251220703125, 718.7691040039062, 1070.3946533203125]",1
frame_0034.png,extras,cup,cup,cup.,0.18,0.18,1,0.3495,"[1086.970947265625, 861.2867431640625, 1102.6214599609375, 896.1693115234375]",1
frame_0034.png,extras,cup,white drinking cup,white drinking cup.,0.18,0.18,2,0.4225,"[1078.4071044921875, 852.1484375, 1110.405029296875, 902.7584838867188]",1
frame_0034.png,extras,cup,drinking cup,drinking cup.,0.18,0.18,0,0.0,,0
frame_0034.png,extras,cup,coffee cup,coffee cup.,0.18,0.18,0,0.0,,0
frame_0034.png,extras,cup,paper cup,paper cup.,0.18,0.18,0,0.0,,0
frame_0034.png,extras,cup,small cup,small cup.,0.18,0.18,2,0.3284,"[1081.7591552734375, 854.8060302734375, 1108.4093017578125, 899.9760131835938]",1
frame_0034.png,extras,door,door,door.,0.2,0.2,11,0.2872,"[229.36798095703125, 600.4150390625, 339.01519775390625, 1036.2149658203125]",1
frame_0034.png,extras,door,dark door surface,dark door surface.,0.2,0.2,5,0.312,"[1551.818359375, 490.7547302246094, 1700.921630859375, 1002.5482788085938]",1
frame_0034.png,extras,door,wooden door,wooden door.,0.2,0.2,5,0.3473,"[225.4752655029297, 600.4793701171875, 339.713134765625, 1037.806396484375]",1
frame_0034.png,extras,door,closed door,closed door.,0.2,0.2,3,0.3508,"[223.85372924804688, 600.6375732421875, 339.5682678222656, 1038.870361328125]",1
frame_0034.png,extras,door,interior door,interior door.,0.2,0.2,10,0.3443,"[225.45108032226562, 598.7622680664062, 338.8567199707031, 1037.6787109375]",1
frame_0034.png,extras,door,single door,single door.,0.2,0.2,6,0.3607,"[222.52854919433594, 598.8772583007812, 340.24847412109375, 1039.546630859375]",1
frame_0034.png,extras,emergency exit sign,emergency exit sign,emergency exit sign.,0.18,0.18,4,0.2469,"[2761.467529296875, 340.8206787109375, 2857.5859375, 448.6587829589844]",1
frame_0034.png,extras,emergency exit sign,exit sign,exit sign.,0.18,0.18,1,0.1976,"[2764.099609375, 341.781005859375, 2856.36376953125, 446.09857177734375]",1
frame_0034.png,extras,emergency exit sign,green emergency exit sign,green emergency exit sign.,0.18,0.18,5,0.285,"[1403.596923828125, 888.0101928710938, 1446.0081787109375, 923.093994140625]",1
frame_0034.png,extras,emergency exit sign,green exit sign,green exit sign.,0.18,0.18,3,0.3381,"[1402.7398681640625, 887.995361328125, 1445.9110107421875, 923.5709838867188]",1
frame_0034.png,extras,emergency exit sign,running man exit sign,running man exit sign.,0.18,0.18,4,0.4416,"[1154.31787109375, 1647.6964111328125, 1710.8868408203125, 1852.7039794921875]",1
frame_0034.png,extras,emergency exit sign,fire exit sign,fire exit sign.,0.18,0.18,0,0.0,,0
frame_0034.png,extras,emergency exit sign,evacuation sign,evacuation sign.,0.18,0.18,1,0.194,"[2725.994873046875, 306.97802734375, 2876.964111328125, 475.5818176269531]",1
frame_0034.png,extras,meeting table set,meeting table set,meeting table set.,0.2,0.2,2,0.617,"[445.03546142578125, 854.759521484375, 1148.3033447265625, 1078.9854736328125]",1
frame_0034.png,extras,meeting table set,large meeting table,large meeting table.,0.2,0.2,1,0.7665,"[449.5790100097656, 860.1533203125, 1146.3095703125, 1077.642578125]",1
frame_0034.png,extras,meeting table set,conference table,conference table.,0.2,0.2,4,0.5608,"[454.0548095703125, 875.2202758789062, 1141.5142822265625, 1071.874755859375]",1
frame_0034.png,extras,meeting table set,metallic desk,metallic desk.,0.2,0.2,2,0.5982,"[452.1793212890625, 869.201416015625, 1144.7703857421875, 1073.3486328125]",1
frame_0034.png,extras,meeting table set,long table with chairs,long table with chairs.,0.2,0.2,4,0.4862,"[446.10467529296875, 852.8460083007812, 1152.967529296875, 1075.86083984375]",1
frame_0034.png,extras,meeting table set,office meeting table,office meeting table.,0.2,0.2,3,0.6302,"[451.15142822265625, 868.4278564453125, 1144.2730712890625, 1074.8995361328125]",1
frame_0034.png,extras,meeting table set,boardroom table,boardroom table.,0.2,0.2,2,0.6052,"[452.07305908203125, 869.9734497070312, 1143.0810546875, 1075.3673095703125]",1
frame_0034.png,extras,trash bin,trash bin,trash bin.,0.2,0.2,0,0.0,,0
frame_0034.png,extras,trash bin,indoor trash bin,indoor trash bin.,0.2,0.2,3,0.3552,"[2.560265064239502, 974.017333984375, 183.36587524414062, 1197.421630859375]",1
frame_0034.png,extras,trash bin,garbage bin,garbage bin.,0.2,0.2,2,0.2229,"[2.4805712699890137, 976.2924194335938, 181.9842529296875, 1196.7607421875]",1
frame_0034.png,extras,trash bin,waste bin,waste bin.,0.2,0.2,2,0.2262,"[2.397803783416748, 976.2854614257812, 182.1967315673828, 1196.9783935546875]",1
frame_0034.png,extras,trash bin,recycling bin,recycling bin.,0.2,0.2,3,0.2842,"[1.6986322402954102, 976.52880859375, 182.31246948242188, 1197.4410400390625]",1
frame_0034.png,extras,trash bin,rubbish bin,rubbish bin.,0.2,0.2,6,0.2817,"[1.7708265781402588, 976.1719360351562, 182.38772583007812, 1197.626708984375]",1
frame_0034.png,extras,trash bin,small trash can,small trash can.,0.2,0.2,2,0.5954,"[2.261016368865967, 961.1503295898438, 189.01126098632812, 1201.17138671875]",1
frame_0034.png,extras,water fountain,water fountain,water fountain.,0.18,0.18,2,0.3104,"[1157.945068359375, 1654.9813232421875, 1708.396728515625, 1855.759033203125]",1
frame_0034.png,extras,water fountain,metallic water fountain,metallic water fountain.,0.18,0.18,4,0.377,"[1156.3626708984375, 1652.8531494140625, 1709.4398193359375, 1854.7327880859375]",1
frame_0034.png,extras,water fountain,drinking fountain,drinking fountain.,0.18,0.18,0,0.0,,0
frame_0034.png,extras,water fountain,water dispenser,water dispenser.,0.18,0.18,0,0.0,,0
frame_0034.png,extras,water fountain,wall water fountain,wall water fountain.,0.18,0.18,5,0.4168,"[1156.7496337890625, 1653.923828125, 1708.9278564453125, 1855.20166015625]",1
frame_0034.png,extras,water fountain,stainless water fountain,stainless water fountain.,0.18,0.18,3,0.3854,"[1154.2049560546875, 1650.189208984375, 1711.205078125, 1854.202392578125]",1
frame_0035.png,production,meeting table set,ALL_GROUP,meeting table. conference table. meeting table set.,0.35,0.35,1,0.5577,"[445.8514709472656, 849.1846313476562, 1149.78173828125, 1080.580322265625]",1
frame_0035.png,production,chair,ALL_GROUP,chair. armless chair.,0.42,0.42,5,0.4498,"[586.6326293945312, 862.869873046875, 715.150634765625, 1070.6099853515625]",1
frame_0035.png,production,bench,ALL_GROUP,bench. benches. metal bench. metallic bench. waiting bench.,0.38,0.38,0,0.0,,0
frame_0035.png,production,bottle+cup+cardboard box,ALL_GROUP,bottle. dark thermos. thermos. dark thermos bottle. cup. cups. white drinking cup. white drinking cups. cardboard box. brown cardboard. brown cardboard box.,0.28,0.28,1,0.2999,"[1608.628662109375, 981.6854248046875, 1705.9794921875, 1047.31396484375]",1
frame_0035.png,production,water fountain+door,ALL_GROUP,water fountain. metallic fountain. metallic water fountain. door. doors. dark door. dark door surface. elevator sliding door. elevator sliding doors.,0.38,0.38,0,0.0,,0
frame_0035.png,production,emergency exit sign,ALL_GROUP,emergency exit sign. exit sign.,0.5,0.5,0,0.0,,0
frame_0035.png,production,trash bin,ALL_GROUP,trash bin. trash bins. indoor trash bin.,0.45,0.45,0,0.0,,0
frame_0035.png,extras,bench,bench,bench.,0.2,0.2,3,0.2224,"[1.93983793258667, 1753.7232666015625, 439.0729675292969, 1856.97412109375]",1
frame_0035.png,extras,bench,metal bench,metal bench.,0.2,0.2,4,0.2805,"[3.0237722396850586, 1748.6795654296875, 444.5867004394531, 1854.5577392578125]",1
frame_0035.png,extras,bench,waiting bench,waiting bench.,0.2,0.2,2,0.3691,"[2233.658447265625, 1663.62939453125, 2879.40625, 1854.40771484375]",1
frame_0035.png,extras,bench,sitting bench,sitting bench.,0.2,0.2,5,0.3079,"[2.444307804107666, 1751.066162109375, 439.9622802734375, 1855.94970703125]",1
frame_0035.png,extras,bench,long bench,long bench.,0.2,0.2,4,0.39,"[2234.1083984375, 1662.7076416015625, 2878.31640625, 1853.9659423828125]",1
frame_0035.png,extras,bottle,bottle,bottle.,0.18,0.18,1,0.5673,"[1086.1728515625, 859.5671997070312, 1102.6961669921875, 896.7047729492188]",1
frame_0035.png,extras,bottle,dark thermos bottle,dark thermos bottle.,0.18,0.18,2,0.3048,"[1082.0447998046875, 853.5460815429688, 1107.5460205078125, 901.45703125]",1
frame_0035.png,extras,bottle,thermos bottle,thermos bottle.,0.18,0.18,1,0.3344,"[1083.719970703125, 856.466064453125, 1105.5045166015625, 900.5822143554688]",1
frame_0035.png,extras,bottle,water bottle,water bottle.,0.18,0.18,1,0.4389,"[1083.6956787109375, 857.0474243164062, 1105.078125, 900.226318359375]",1
frame_0035.png,extras,bottle,drink bottle,drink bottle.,0.18,0.18,1,0.2937,"[1084.7427978515625, 857.4581298828125, 1104.6495361328125, 899.509521484375]",1
frame_0035.png,extras,bottle,small bottle,small bottle.,0.18,0.18,2,0.5619,"[1082.0966796875, 854.989013671875, 1107.0399169921875, 901.1264038085938]",1
frame_0035.png,extras,cardboard box,cardboard box,cardboard box.,0.2,0.2,1,0.5321,"[1610.5850830078125, 984.6773071289062, 1703.66162109375, 1044.831787109375]",1
frame_0035.png,extras,cardboard box,brown cardboard box,brown cardboard box.,0.2,0.2,2,0.5875,"[1608.30712890625, 981.7860107421875, 1705.5601806640625, 1046.9613037109375]",1
frame_0035.png,extras,cardboard box,shipping box,shipping box.,0.2,0.2,2,0.4342,"[1611.260498046875, 985.9512939453125, 1703.123046875, 1043.8060302734375]",1
frame_0035.png,extras,cardboard box,package box,package box.,0.2,0.2,1,0.2482,"[1611.4056396484375, 985.3265380859375, 1703.458984375, 1043.9735107421875]",1
frame_0035.png,extras,cardboard box,small box,small box.,0.2,0.2,1,0.6785,"[1609.7945556640625, 983.2886352539062, 1705.1077880859375, 1045.7996826171875]",1
frame_0035.png,extras,cardboard box,box,box.,0.2,0.2,1,0.4423,"[1612.041748046875, 987.1536865234375, 1702.383056640625, 1042.1920166015625]",1
frame_0035.png,extras,chair,chair,chair.,0.2,0.2,8,0.2704,"[452.9786376953125, 895.0404052734375, 567.8990478515625, 1027.9786376953125]",1
frame_0035.png,extras,chair,armless chair,armless chair.,0.2,0.2,7,0.4311,"[586.5362548828125, 861.4545288085938, 717.2337036132812, 1070.7974853515625]",1
frame_0035.png,extras,chair,office chair,office chair.,0.2,0.2,11,0.4211,"[587.5732421875, 863.4478759765625, 718.9108276367188, 1069.5755615234375]",1
frame_0035.png,extras,chair,wheeled chair,wheeled chair.,0.2,0.2,8,0.4862,"[587.1184692382812, 862.5281982421875, 716.261962890625, 1069.6231689453125]",1
frame_0035.png,extras,chair,swivel chair,swivel chair.,0.2,0.2,6,0.3902,"[586.1770629882812, 861.15576171875, 715.9527587890625, 1071.187255859375]",1
frame_0035.png,extras,chair,rolling chair,rolling chair.,0.2,0.2,8,0.4377,"[587.259033203125, 862.2153930664062, 716.4402465820312, 1070.0404052734375]",1
frame_0035.png,extras,cup,cup,cup.,0.18,0.18,1,0.3474,"[1087.0440673828125, 861.2154541015625, 1102.7161865234375, 896.0276489257812]",1
frame_0035.png,extras,cup,white drinking cup,white drinking cup.,0.18,0.18,2,0.4139,"[1078.51123046875, 852.210205078125, 1110.3538818359375, 902.6785888671875]",1
frame_0035.png,extras,cup,drinking cup,drinking cup.,0.18,0.18,0,0.0,,0
frame_0035.png,extras,cup,coffee cup,coffee cup.,0.18,0.18,0,0.0,,0
frame_0035.png,extras,cup,paper cup,paper cup.,0.18,0.18,0,0.0,,0
frame_0035.png,extras,cup,small cup,small cup.,0.18,0.18,2,0.3192,"[1081.826171875, 854.8491821289062, 1108.3375244140625, 899.8818359375]",1
frame_0035.png,extras,door,door,door.,0.2,0.2,10,0.3109,"[229.2093505859375, 600.3399658203125, 338.882568359375, 1036.4788818359375]",1
frame_0035.png,extras,door,dark door surface,dark door surface.,0.2,0.2,6,0.3143,"[1552.1673583984375, 490.8368835449219, 1700.8023681640625, 1002.5841064453125]",1
frame_0035.png,extras,door,wooden door,wooden door.,0.2,0.2,4,0.3894,"[225.02371215820312, 600.0623779296875, 339.9544677734375, 1038.0675048828125]",1
frame_0035.png,extras,door,closed door,closed door.,0.2,0.2,5,0.3979,"[223.30911254882812, 599.9837646484375, 340.006103515625, 1039.02001953125]",1
frame_0035.png,extras,door,interior door,interior door.,0.2,0.2,10,0.3605,"[225.47531127929688, 599.1235961914062, 338.7724609375, 1037.3304443359375]",1
frame_0035.png,extras,door,single door,single door.,0.2,0.2,2,0.4058,"[222.1608428955078, 598.0459594726562, 340.78289794921875, 1039.704833984375]",1
frame_0035.png,extras,emergency exit sign,emergency exit sign,emergency exit sign.,0.18,0.18,4,0.2564,"[2761.267578125, 340.4219665527344, 2858.470458984375, 448.822509765625]",1
frame_0035.png,extras,emergency exit sign,exit sign,exit sign.,0.18,0.18,1,0.1973,"[2764.517822265625, 342.1416320800781, 2856.40966796875, 445.37750244140625]",1
frame_0035.png,extras,emergency exit sign,green emergency exit sign,green emergency exit sign.,0.18,0.18,5,0.2886,"[1403.577880859375, 888.2394409179688, 1445.4415283203125, 922.9195556640625]",1
frame_0035.png,extras,emergency exit sign,green exit sign,green exit sign.,0.18,0.18,4,0.331,"[1402.7718505859375, 888.1456909179688, 1445.47802734375, 923.4407958984375]",1
frame_0035.png,extras,emergency exit sign,running man exit sign,running man exit sign.,0.18,0.18,3,0.4432,"[1154.7901611328125, 1647.82177734375, 1711.108642578125, 1852.7325439453125]",1
frame_0035.png,extras,emergency exit sign,fire exit sign,fire exit sign.,0.18,0.18,0,0.0,,0
frame_0035.png,extras,emergency exit sign,evacuation sign,evacuation sign.,0.18,0.18,1,0.1988,"[2725.79736328125, 306.40594482421875, 2876.66650390625, 475.0506591796875]",1
frame_0035.png,extras,meeting table set,meeting table set,meeting table set.,0.2,0.2,2,0.6143,"[445.28387451171875, 854.9727172851562, 1148.2523193359375, 1079.08251953125]",1
frame_0035.png,extras,meeting table set,large meeting table,large meeting table.,0.2,0.2,1,0.7554,"[449.2484130859375, 860.3148803710938, 1146.4136962890625, 1077.321533203125]",1
frame_0035.png,extras,meeting table set,conference table,conference table.,0.2,0.2,4,0.5409,"[454.2294921875, 875.4496459960938, 1141.2972412109375, 1071.2044677734375]",1
frame_0035.png,extras,meeting table set,metallic desk,metallic desk.,0.2,0.2,2,0.6069,"[452.0003356933594, 869.4511108398438, 1144.9605712890625, 1073.0582275390625]",1
frame_0035.png,extras,meeting table set,long table with chairs,long table with chairs.,0.2,0.2,4,0.4679,"[445.9994201660156, 852.6322021484375, 1153.0517578125, 1075.6131591796875]",1
frame_0035.png,extras,meeting table set,office meeting table,office meeting table.,0.2,0.2,3,0.6247,"[451.1015625, 868.373046875, 1144.3841552734375, 1074.9266357421875]",1
frame_0035.png,extras,meeting table set,boardroom table,boardroom table.,0.2,0.2,2,0.5964,"[452.039794921875, 870.1593017578125, 1143.0098876953125, 1075.0076904296875]",1
frame_0035.png,extras,trash bin,trash bin,trash bin.,0.2,0.2,0,0.0,,0
frame_0035.png,extras,trash bin,indoor trash bin,indoor trash bin.,0.2,0.2,3,0.3552,"[2.760443687438965, 974.0326538085938, 183.07293701171875, 1197.1783447265625]",1
frame_0035.png,extras,trash bin,garbage bin,garbage bin.,0.2,0.2,2,0.2344,"[2.630581855773926, 976.2498168945312, 181.6964874267578, 1196.4483642578125]",1
frame_0035.png,extras,trash bin,waste bin,waste bin.,0.2,0.2,2,0.2388,"[2.5209169387817383, 976.2313232421875, 181.83935546875, 1196.708740234375]",1
frame_0035.png,extras,trash bin,recycling bin,recycling bin.,0.2,0.2,3,0.2751,"[1611.457275390625, 985.1827392578125, 1704.07275390625, 1044.2061767578125]",1
frame_0035.png,extras,trash bin,rubbish bin,rubbish bin.,0.2,0.2,6,0.2735,"[1.8828892707824707, 976.1011962890625, 182.05381774902344, 1197.380126953125]",1
frame_0035.png,extras,trash bin,small trash can,small trash can.,0.2,0.2,2,0.5683,"[2.364131212234497, 961.0740356445312, 188.6187286376953, 1200.7567138671875]",1
frame_0035.png,extras,water fountain,water fountain,water fountain.,0.18,0.18,3,0.3167,"[1158.2125244140625, 1655.0450439453125, 1708.67578125, 1855.7899169921875]",1
frame_0035.png,extras,water fountain,metallic water fountain,metallic water fountain.,0.18,0.18,4,0.3863,"[1156.669921875, 1652.994873046875, 1709.6644287109375, 1854.732421875]",1
frame_0035.png,extras,water fountain,drinking fountain,drinking fountain.,0.18,0.18,0,0.0,,0
frame_0035.png,extras,water fountain,water dispenser,water dispenser.,0.18,0.18,0,0.0,,0
frame_0035.png,extras,water fountain,wall water fountain,wall water fountain.,0.18,0.18,5,0.425,"[1157.0001220703125, 1654.033203125, 1709.1966552734375, 1855.2276611328125]",1
frame_0035.png,extras,water fountain,stainless water fountain,stainless water fountain.,0.18,0.18,2,0.3934,"[1154.530517578125, 1650.501953125, 1711.3243408203125, 1854.22265625]",1
frame_0036.png,production,meeting table set,ALL_GROUP,meeting table. conference table. meeting table set.,0.35,0.35,1,0.5643,"[445.84503173828125, 849.062255859375, 1149.6302490234375, 1080.6075439453125]",1
frame_0036.png,production,chair,ALL_GROUP,chair. armless chair.,0.42,0.42,3,0.442,"[452.4001159667969, 891.6552734375, 573.4661865234375, 1030.1832275390625]",1
frame_0036.png,production,bench,ALL_GROUP,bench. benches. metal bench. metallic bench. waiting bench.,0.38,0.38,0,0.0,,0
frame_0036.png,production,bottle+cup+cardboard box,ALL_GROUP,bottle. dark thermos. thermos. dark thermos bottle. cup. cups. white drinking cup. white drinking cups. cardboard box. brown cardboard. brown cardboard box.,0.28,0.28,1,0.2988,"[1608.66455078125, 981.6812133789062, 1706.096435546875, 1047.2984619140625]",1
frame_0036.png,production,water fountain+door,ALL_GROUP,water fountain. metallic fountain. metallic water fountain. door. doors. dark door. dark door surface. elevator sliding door. elevator sliding doors.,0.38,0.38,0,0.0,,0
frame_0036.png,production,emergency exit sign,ALL_GROUP,emergency exit sign. exit sign.,0.5,0.5,0,0.0,,0
frame_0036.png,production,trash bin,ALL_GROUP,trash bin. trash bins. indoor trash bin.,0.45,0.45,0,0.0,,0
frame_0036.png,extras,bench,bench,bench.,0.2,0.2,3,0.2089,"[2.120683193206787, 1753.6651611328125, 435.3468017578125, 1856.9462890625]",1
frame_0036.png,extras,bench,metal bench,metal bench.,0.2,0.2,4,0.27,"[3.1250953674316406, 1748.6278076171875, 441.9135437011719, 1854.519775390625]",1
frame_0036.png,extras,bench,waiting bench,waiting bench.,0.2,0.2,3,0.3495,"[1.6969799995422363, 1750.417724609375, 440.4836120605469, 1855.1087646484375]",1
frame_0036.png,extras,bench,sitting bench,sitting bench.,0.2,0.2,5,0.3103,"[2.450594902038574, 1751.078125, 437.2996826171875, 1855.9310302734375]",1
frame_0036.png,extras,bench,long bench,long bench.,0.2,0.2,4,0.3636,"[2236.49853515625, 1662.896240234375, 2878.22607421875, 1853.930419921875]",1
frame_0036.png,extras,bottle,bottle,bottle.,0.18,0.18,1,0.568,"[1086.2232666015625, 859.5936889648438, 1102.673095703125, 896.8890991210938]",1
frame_0036.png,extras,bottle,dark thermos bottle,dark thermos bottle.,0.18,0.18,2,0.3125,"[1082.0523681640625, 853.4490966796875, 1107.5220947265625, 901.4979248046875]",1
frame_0036.png,extras,bottle,thermos bottle,thermos bottle.,0.18,0.18,1,0.3291,"[1083.7379150390625, 856.340576171875, 1105.5743408203125, 900.6632690429688]",1
frame_0036.png,extras,bottle,water bottle,water bottle.,0.18,0.18,2,0.4329,"[1083.7340087890625, 856.9674682617188, 1105.0556640625, 900.4127807617188]",1
frame_0036.png,extras,bottle,drink bottle,drink bottle.,0.18,0.18,1,0.2916,"[1084.7823486328125, 857.401611328125, 1104.6881103515625, 899.6201782226562]",1
frame_0036.png,extras,bottle,small bottle,small bottle.,0.18,0.18,2,0.5561,"[1082.129638671875, 854.8428344726562, 1107.1253662109375, 901.3701782226562]",1
frame_0036.png,extras,cardboard box,cardboard box,cardboard box.,0.2,0.2,1,0.5246,"[1610.6759033203125, 984.66943359375, 1703.7462158203125, 1044.7962646484375]",1
frame_0036.png,extras,cardboard box,brown cardboard box,brown cardboard box.,0.2,0.2,2,0.5832,"[1608.3963623046875, 981.7365112304688, 1705.58349609375, 1046.97998046875]",1
frame_0036.png,extras,cardboard box,shipping box,shipping box.,0.2,0.2,2,0.4275,"[1611.2969970703125, 985.909912109375, 1703.284423828125, 1043.788818359375]",1
frame_0036.png,extras,cardboard box,package box,package box.,0.2,0.2,1,0.2451,"[1611.4476318359375, 985.2696533203125, 1703.5797119140625, 1043.9603271484375]",1
frame_0036.png,extras,cardboard box,small box,small box.,0.2,0.2,1,0.6751,"[1609.781982421875, 983.203369140625, 1705.2703857421875, 1045.8680419921875]",1
frame_0036.png,extras,cardboard box,box,box.,0.2,0.2,1,0.44,"[1612.104248046875, 987.1198120117188, 1702.498046875, 1042.1903076171875]",1
frame_0036.png,extras,chair,chair,chair.,0.2,0.2,8,0.2667,"[453.0765075683594, 895.1558837890625, 568.3931274414062, 1027.897705078125]",1
frame_0036.png,extras,chair,armless chair,armless chair.,0.2,0.2,7,0.4237,"[586.3442993164062, 861.4735107421875, 718.923095703125, 1070.8677978515625]",1
frame_0036.png,extras,chair,office chair,office chair.,0.2,0.2,11,0.416,"[587.7857055664062, 863.4733276367188, 720.4586181640625, 1069.475341796875]",1
frame_0036.png,extras,chair,wheeled chair,wheeled chair.,0.2,0.2,9,0.4802,"[587.214599609375, 862.663330078125, 717.9612426757812, 1069.6561279296875]",1
frame_0036.png,extras,chair,swivel chair,swivel chair.,0.2,0.2,6,0.3852,"[586.1889038085938, 861.1995239257812, 717.4193115234375, 1071.2696533203125]",1
frame_0036.png,extras,chair,rolling chair,rolling chair.,0.2,0.2,8,0.4281,"[587.342529296875, 862.3204345703125, 718.0105590820312, 1070.0450439453125]",1
frame_0036.png,extras,cup,cup,cup.,0.18,0.18,1,0.3399,"[1087.1632080078125, 861.280517578125, 1102.7618408203125, 896.1553955078125]",1
frame_0036.png,extras,cup,white drinking cup,white drinking cup.,0.18,0.18,3,0.4129,"[1078.5054931640625, 852.2230224609375, 1110.505126953125, 902.8112182617188]",1
frame_0036.png,extras,cup,drinking cup,drinking cup.,0.18,0.18,0,0.0,,0
frame_0036.png,extras,cup,coffee cup,coffee cup.,0.18,0.18,0,0.0,,0
frame_0036.png,extras,cup,paper cup,paper cup.,0.18,0.18,0,0.0,,0
frame_0036.png,extras,cup,small cup,small cup.,0.18,0.18,2,0.3188,"[1081.843994140625, 854.9757690429688, 1108.4068603515625, 900.0659790039062]",1
frame_0036.png,extras,door,door,door.,0.2,0.2,9,0.3006,"[229.10684204101562, 600.709716796875, 339.19744873046875, 1036.1756591796875]",1
frame_0036.png,extras,door,dark door surface,dark door surface.,0.2,0.2,4,0.3237,"[1552.080322265625, 491.8814697265625, 1700.8026123046875, 1002.6268920898438]",1
frame_0036.png,extras,door,wooden door,wooden door.,0.2,0.2,4,0.3685,"[225.40579223632812, 600.9312744140625, 339.9613037109375, 1037.725830078125]",1
frame_0036.png,extras,door,closed door,closed door.,0.2,0.2,3,0.3851,"[223.63232421875, 600.4000854492188, 340.1759338378906, 1039.2122802734375]",1
frame_0036.png,extras,door,interior door,interior door.,0.2,0.2,11,0.358,"[225.83154296875, 599.4290161132812, 338.93902587890625, 1037.4700927734375]",1
frame_0036.png,extras,door,single door,single door.,0.2,0.2,3,0.4005,"[222.51576232910156, 598.47900390625, 340.91766357421875, 1039.85595703125]",1
frame_0036.png,extras,emergency exit sign,emergency exit sign,emergency exit sign.,0.18,0.18,4,0.2728,"[2762.92431640625, 341.9110107421875, 2856.943115234375, 447.79876708984375]",1
frame_0036.png,extras,emergency exit sign,exit sign,exit sign.,0.18,0.18,1,0.2056,"[2764.99560546875, 342.1495666503906, 2856.11962890625, 445.4721374511719]",1
frame_0036.png,extras,emergency exit sign,green emergency exit sign,green emergency exit sign.,0.18,0.18,4,0.313,"[1403.8265380859375, 888.1287841796875, 1445.9527587890625, 922.8963623046875]",1
frame_0036.png,extras,emergency exit sign,green exit sign,green exit sign.,0.18,0.18,4,0.3117,"[1403.2481689453125, 888.0926513671875, 1445.952392578125, 923.290283203125]",1
frame_0036.png,extras,emergency exit sign,running man exit sign,running man exit sign.,0.18,0.18,3,0.4417,"[1153.952880859375, 1647.8651123046875, 1711.0799560546875, 1852.774169921875]",1
frame_0036.png,extras,emergency exit sign,fire exit sign,fire exit sign.,0.18,0.18,0,0.0,,0
frame_0036.png,extras,emergency exit sign,evacuation sign,evacuation sign.,0.18,0.18,1,0.2006,"[2725.12548828125, 305.0730895996094, 2876.998779296875, 476.5503234863281]",1
frame_0036.png,extras,meeting table set,meeting table set,meeting table set.,0.2,0.2,2,0.6151,"[445.1351318359375, 854.7008056640625, 1148.277587890625, 1078.99267578125]",1
frame_0036.png,extras,meeting table set,large meeting table,large meeting table.,0.2,0.2,1,0.7614,"[449.2012023925781, 859.99560546875, 1146.29052734375, 1077.6209716796875]",1
frame_0036.png,extras,meeting table set,conference table,conference table.,0.2,0.2,4,0.5528,"[454.12261962890625, 875.5511474609375, 1141.1275634765625, 1071.1680908203125]",1
frame_0036.png,extras,meeting table set,metallic desk,metallic desk.,0.2,0.2,2,0.6088,"[451.787841796875, 869.41748046875, 1144.851806640625, 1072.8094482421875]",1
frame_0036.png,extras,meeting table set,long table with chairs,long table with chairs.,0.2,0.2,4,0.4803,"[446.20623779296875, 853.0384521484375, 1153.268798828125, 1075.153564453125]",1
frame_0036.png,extras,meeting table set,office meeting table,office meeting table.,0.2,0.2,3,0.6302,"[451.1661376953125, 868.6373291015625, 1144.2646484375, 1074.677734375]",1
frame_0036.png,extras,meeting table set,boardroom table,boardroom table.,0.2,0.2,2,0.6082,"[452.04071044921875, 869.9251708984375, 1142.890380859375, 1075.064697265625]",1
frame_0036.png,extras,trash bin,trash bin,trash bin.,0.2,0.2,0,0.0,,0
frame_0036.png,extras,trash bin,indoor trash bin,indoor trash bin.,0.2,0.2,3,0.3721,"[2.6552367210388184, 973.7091674804688, 182.6595458984375, 1197.158203125]",1
frame_0036.png,extras,trash bin,garbage bin,garbage bin.,0.2,0.2,2,0.2303,"[2.463474750518799, 976.0944213867188, 181.35647583007812, 1196.343017578125]",1
frame_0036.png,extras,trash bin,waste bin,waste bin.,0.2,0.2,2,0.2366,"[2.3782448768615723, 976.1725463867188, 181.527099609375, 1196.564208984375]",1
frame_0036.png,extras,trash bin,recycling bin,recycling bin.,0.2,0.2,3,0.2995,"[1.7334741353988647, 976.2643432617188, 181.6995086669922, 1197.181640625]",1
frame_0036.png,extras,trash bin,rubbish bin,rubbish bin.,0.2,0.2,5,0.3013,"[1.8069881200790405, 975.9859619140625, 181.75390625, 1197.3662109375]",1
frame_0036.png,extras,trash bin,small trash can,small trash can.,0.2,0.2,2,0.6294,"[2.2608768939971924, 957.6367797851562, 188.64328002929688, 1200.6680908203125]",1
frame_0036.png,extras,water fountain,water fountain,water fountain.,0.18,0.18,2,0.3213,"[1157.6802978515625, 1654.9964599609375, 1708.6112060546875, 1855.8082275390625]",1
frame_0036.png,extras,water fountain,metallic water fountain,metallic water fountain.,0.18,0.18,4,0.3896,"[1156.2274169921875, 1653.0106201171875, 1709.4840087890625, 1854.784423828125]",1
frame_0036.png,extras,water fountain,drinking fountain,drinking fountain.,0.18,0.18,0,0.0,,0
frame_0036.png,extras,water fountain,water dispenser,water dispenser.,0.18,0.18,1,0.1811,"[1081.9061279296875, 856.361572265625, 1106.3887939453125, 900.520263671875]",1
frame_0036.png,extras,water fountain,wall water fountain,wall water fountain.,0.18,0.18,4,0.4342,"[1156.4886474609375, 1653.974609375, 1709.0513916015625, 1855.2216796875]",1
frame_0036.png,extras,water fountain,stainless water fountain,stainless water fountain.,0.18,0.18,3,0.4014,"[1154.0255126953125, 1650.30810546875, 1711.2080078125, 1854.230712890625]",1
frame_0037.png,production,meeting table set,ALL_GROUP,meeting table. conference table. meeting table set.,0.35,0.35,1,0.5655,"[445.7023620605469, 849.07421875, 1149.98681640625, 1080.4747314453125]",1
frame_0037.png,production,chair,ALL_GROUP,chair. armless chair.,0.42,0.42,4,0.4468,"[586.7531127929688, 863.0523071289062, 715.9929809570312, 1070.58935546875]",1
frame_0037.png,production,bench,ALL_GROUP,bench. benches. metal bench. metallic bench. waiting bench.,0.38,0.38,0,0.0,,0
frame_0037.png,production,bottle+cup+cardboard box,ALL_GROUP,bottle. dark thermos. thermos. dark thermos bottle. cup. cups. white drinking cup. white drinking cups. cardboard box. brown cardboard. brown cardboard box.,0.28,0.28,1,0.3072,"[1608.7779541015625, 981.7733154296875, 1706.0863037109375, 1047.228759765625]",1
frame_0037.png,production,water fountain+door,ALL_GROUP,water fountain. metallic fountain. metallic water fountain. door. doors. dark door. dark door surface. elevator sliding door. elevator sliding doors.,0.38,0.38,0,0.0,,0
frame_0037.png,production,emergency exit sign,ALL_GROUP,emergency exit sign. exit sign.,0.5,0.5,0,0.0,,0
frame_0037.png,production,trash bin,ALL_GROUP,trash bin. trash bins. indoor trash bin.,0.45,0.45,0,0.0,,0
frame_0037.png,extras,bench,bench,bench.,0.2,0.2,3,0.2123,"[2.0558595657348633, 1753.626953125, 430.520263671875, 1856.9317626953125]",1
frame_0037.png,extras,bench,metal bench,metal bench.,0.2,0.2,4,0.2643,"[3.282294273376465, 1748.818603515625, 436.0078430175781, 1854.5264892578125]",1
frame_0037.png,extras,bench,waiting bench,waiting bench.,0.2,0.2,2,0.3638,"[2234.826171875, 1663.4791259765625, 2879.35205078125, 1854.4798583984375]",1
frame_0037.png,extras,bench,sitting bench,sitting bench.,0.2,0.2,5,0.3049,"[2.5023508071899414, 1751.1678466796875, 432.1526794433594, 1855.850830078125]",1
frame_0037.png,extras,bench,long bench,long bench.,0.2,0.2,4,0.3783,"[2235.34228515625, 1662.6280517578125, 2878.17822265625, 1853.97900390625]",1
frame_0037.png,extras,bottle,bottle,bottle.,0.18,0.18,1,0.5647,"[1086.306640625, 859.5313720703125, 1102.773193359375, 896.5509643554688]",1
frame_0037.png,extras,bottle,dark thermos bottle,dark thermos bottle.,0.18,0.18,2,0.2805,"[1082.0150146484375, 853.2281494140625, 1107.62939453125, 901.0963745117188]",1
frame_0037.png,extras,bottle,thermos bottle,thermos bottle.,0.18,0.18,1,0.3314,"[1083.683349609375, 856.3538818359375, 1105.560546875, 900.3809204101562]",1
frame_0037.png,extras,bottle,water bottle,water bottle.,0.18,0.18,1,0.4346,"[1083.7188720703125, 856.996826171875, 1105.05224609375, 899.9852905273438]",1
frame_0037.png,extras,bottle,drink bottle,drink bottle.,0.18,0.18,1,0.2902,"[1084.7061767578125, 857.3029174804688, 1104.678466796875, 899.2887573242188]",1
frame_0037.png,extras,bottle,small bottle,small bottle.,0.18,0.18,2,0.5578,"[1082.2303466796875, 854.8587646484375, 1107.125732421875, 901.1791381835938]",1
frame_0037.png,extras,cardboard box,cardboard box,cardboard box.,0.2,0.2,1,0.5332,"[1610.6942138671875, 984.789306640625, 1703.7449951171875, 1044.76171875]",1
frame_0037.png,extras,cardboard box,brown cardboard box,brown cardboard box.,0.2,0.2,2,0.591,"[1608.4188232421875, 981.8240966796875, 1705.69970703125, 1046.9007568359375]",1
frame_0037.png,extras,cardboard box,shipping box,shipping box.,0.2,0.2,2,0.4289,"[1611.347900390625, 986.0507202148438, 1703.2108154296875, 1043.7589111328125]",1
frame_0037.png,extras,cardboard box,package box,package box.,0.2,0.2,1,0.2451,"[1611.486572265625, 985.4119262695312, 1703.5404052734375, 1043.9498291015625]",1
frame_0037.png,extras,cardboard box,small box,small box.,0.2,0.2,1,0.6845,"[1609.8221435546875, 983.3026123046875, 1705.2508544921875, 1045.783935546875]",1
frame_0037.png,extras,cardboard box,box,box.,0.2,0.2,1,0.4455,"[1612.189697265625, 987.2720336914062, 1702.4959716796875, 1042.1484375]",1
frame_0037.png,extras,chair,chair,chair.,0.2,0.2,8,0.2642,"[452.88720703125, 895.0578002929688, 567.7894287109375, 1028.08984375]",1
frame_0037.png,extras,chair,armless chair,armless chair.,0.2,0.2,7,0.4257,"[586.5773315429688, 861.6658935546875, 717.9253540039062, 1070.741943359375]",1
frame_0037.png,extras,chair,office chair,office chair.,0.2,0.2,13,0.4173,"[587.6982421875, 863.6173706054688, 719.2181396484375, 1069.5216064453125]",1
frame_0037.png,extras,chair,wheeled chair,wheeled chair.,0.2,0.2,7,0.4888,"[587.2181396484375, 862.77197265625, 716.9031372070312, 1069.5799560546875]",1
frame_0037.png,extras,chair,swivel chair,swivel chair.,0.2,0.2,6,0.386,"[586.334228515625, 861.3507690429688, 716.56298828125, 1071.2259521484375]",1
frame_0037.png,extras,chair,rolling chair,rolling chair.,0.2,0.2,8,0.4352,"[587.4461059570312, 862.4165649414062, 716.8892211914062, 1070.08447265625]",1
frame_0037.png,extras,cup,cup,cup.,0.18,0.18,1,0.3441,"[1087.16259765625, 861.1445922851562, 1102.822265625, 895.8217163085938]",1
frame_0037.png,extras,cup,white drinking cup,white drinking cup.,0.18,0.18,3,0.4164,"[1078.528076171875, 852.1728515625, 1110.425048828125, 902.5690307617188]",1
frame_0037.png,extras,cup,drinking cup,drinking cup.,0.18,0.18,0,0.0,,0
frame_0037.png,extras,cup,coffee cup,coffee cup.,0.18,0.18,0,0.0,,0
frame_0037.png,extras,cup,paper cup,paper cup.,0.18,0.18,0,0.0,,0
frame_0037.png,extras,cup,small cup,small cup.,0.18,0.18,2,0.3269,"[1081.896484375, 854.8740234375, 1108.528564453125, 899.9072265625]",1
frame_0037.png,extras,door,door,door.,0.2,0.2,10,0.3081,"[228.772216796875, 600.3672485351562, 338.8980407714844, 1036.4410400390625]",1
frame_0037.png,extras,door,dark door surface,dark door surface.,0.2,0.2,5,0.3166,"[1552.03515625, 490.921142578125, 1700.6138916015625, 1002.8170166015625]",1
frame_0037.png,extras,door,wooden door,wooden door.,0.2,0.2,3,0.3792,"[224.86541748046875, 600.6080932617188, 339.66717529296875, 1038.0206298828125]",1
frame_0037.png,extras,door,closed door,closed door.,0.2,0.2,3,0.3878,"[223.0850372314453, 600.1598510742188, 339.9369812011719, 1039.1436767578125]",1
frame_0037.png,extras,door,interior door,interior door.,0.2,0.2,11,0.368,"[224.3865509033203, 598.7886962890625, 338.75872802734375, 1037.89306640625]",1
frame_0037.png,extras,door,single door,single door.,0.2,0.2,3,0.4,"[221.73585510253906, 598.2838134765625, 340.7402038574219, 1039.79931640625]",1
frame_0037.png,extras,emergency exit sign,emergency exit sign,emergency exit sign.,0.18,0.18,4,0.2409,"[2763.244873046875, 342.1031188964844, 2855.9609375, 447.888916015625]",1
frame_0037.png,extras,emergency exit sign,exit sign,exit sign.,0.18,0.18,1,0.1807,"[2765.357177734375, 342.7777099609375, 2854.86376953125, 445.0499572753906]",1
frame_0037.png,extras,emergency exit sign,green emergency exit sign,green emergency exit sign.,0.18,0.18,5,0.2742,"[1403.56884765625, 888.1016845703125, 1445.689697265625, 923.1046752929688]",1
frame_0037.png,extras,emergency exit sign,green exit sign,green exit sign.,0.18,0.18,4,0.3287,"[1402.7835693359375, 888.0827026367188, 1445.773681640625, 923.6078491210938]",1
frame_0037.png,extras,emergency exit sign,running man exit sign,running man exit sign.,0.18,0.18,3,0.4437,"[1154.2957763671875, 1647.97900390625, 1710.9837646484375, 1852.947998046875]",1
frame_0037.png,extras,emergency exit sign,fire exit sign,fire exit sign.,0.18,0.18,0,0.0,,0
frame_0037.png,extras,emergency exit sign,evacuation sign,evacuation sign.,0.18,0.18,0,0.0,,0
frame_0037.png,extras,meeting table set,meeting table set,meeting table set.,0.2,0.2,2,0.6135,"[444.99139404296875, 854.7298583984375, 1148.501953125, 1078.9869384765625]",1
frame_0037.png,extras,meeting table set,large meeting table,large meeting table.,0.2,0.2,1,0.7661,"[449.75567626953125, 860.5114135742188, 1146.5478515625, 1077.030517578125]",1
frame_0037.png,extras,meeting table set,conference table,conference table.,0.2,0.2,4,0.5596,"[454.20758056640625, 875.6315307617188, 1141.626220703125, 1071.1280517578125]",1
frame_0037.png,extras,meeting table set,metallic desk,metallic desk.,0.2,0.2,2,0.6109,"[452.4257507324219, 869.4364013671875, 1145.0611572265625, 1073.2056884765625]",1
frame_0037.png,extras,meeting table set,long table with chairs,long table with chairs.,0.2,0.2,4,0.4892,"[446.69488525390625, 853.6784057617188, 1153.23583984375, 1074.3929443359375]",1
frame_0037.png,extras,meeting table set,office meeting table,office meeting table.,0.2,0.2,3,0.6357,"[451.0487365722656, 868.6920776367188, 1144.779052734375, 1074.4654541015625]",1
frame_0037.png,extras,meeting table set,boardroom table,boardroom table.,0.2,0.2,2,0.6069,"[452.79498291015625, 870.177734375, 1143.11083984375, 1074.734130859375]",1
frame_0037.png,extras,trash bin,trash bin,trash bin.,0.2,0.2,0,0.0,,0
frame_0037.png,extras,trash bin,indoor trash bin,indoor trash bin.,0.2,0.2,3,0.3525,"[2.6492393016815186, 973.7959594726562, 183.1670684814453, 1197.260986328125]",1
frame_0037.png,extras,trash bin,garbage bin,garbage bin.,0.2,0.2,2,0.219,"[2.4917185306549072, 976.226318359375, 181.72772216796875, 1196.338134765625]",1
frame_0037.png,extras,trash bin,waste bin,waste bin.,0.2,0.2,2,0.2255,"[2.4322056770324707, 976.0394287109375, 181.9803009033203, 1196.6864013671875]",1
frame_0037.png,extras,trash bin,recycling bin,recycling bin.,0.2,0.2,3,0.2768,"[1611.58740234375, 985.2408447265625, 1704.254638671875, 1044.156982421875]",1
frame_0037.png,extras,trash bin,rubbish bin,rubbish bin.,0.2,0.2,5,0.2759,"[1.8332791328430176, 975.9898681640625, 182.14979553222656, 1197.437744140625]",1
frame_0037.png,extras,trash bin,small trash can,small trash can.,0.2,0.2,2,0.5952,"[2.3177075386047363, 960.742431640625, 188.8498992919922, 1201.0740966796875]",1
frame_0037.png,extras,water fountain,water fountain,water fountain.,0.18,0.18,2,0.3256,"[1157.8416748046875, 1655.0618896484375, 1708.6768798828125, 1855.86279296875]",1
frame_0037.png,extras,water fountain,metallic water fountain,metallic water fountain.,0.18,0.18,4,0.3983,"[1156.3194580078125, 1652.9559326171875, 1709.4932861328125, 1854.7896728515625]",1
frame_0037.png,extras,water fountain,drinking fountain,drinking fountain.,0.18,0.18,0,0.0,,0
frame_0037.png,extras,water fountain,water dispenser,water dispenser.,0.18,0.18,0,0.0,,0
frame_0037.png,extras,water fountain,wall water fountain,wall water fountain.,0.18,0.18,3,0.4389,"[1156.65625, 1654.02685546875, 1709.080078125, 1855.2115478515625]",1
frame_0037.png,extras,water fountain,stainless water fountain,stainless water fountain.,0.18,0.18,2,0.4033,"[1154.155029296875, 1650.187255859375, 1711.1971435546875, 1854.2293701171875]",1
frame_0038.png,production,meeting table set,ALL_GROUP,meeting table. conference table. meeting table set.,0.35,0.35,1,0.5661,"[445.8058776855469, 849.2236328125, 1149.8702392578125, 1080.4326171875]",1
frame_0038.png,production,chair,ALL_GROUP,chair. armless chair.,0.42,0.42,3,0.4457,"[452.38421630859375, 891.741455078125, 576.78515625, 1030.1094970703125]",1
frame_0038.png,production,bench,ALL_GROUP,bench. benches. metal bench. metallic bench. waiting bench.,0.38,0.38,0,0.0,,0
frame_0038.png,production,bottle+cup+cardboard box,ALL_GROUP,bottle. dark thermos. thermos. dark thermos bottle. cup. cups. white drinking cup. white drinking cups. cardboard box. brown cardboard. brown cardboard box.,0.28,0.28,1,0.2929,"[1608.636474609375, 981.7745361328125, 1706.2088623046875, 1047.33056640625]",1
frame_0038.png,production,water fountain+door,ALL_GROUP,water fountain. metallic fountain. metallic water fountain. door. doors. dark door. dark door surface. elevator sliding door. elevator sliding doors.,0.38,0.38,0,0.0,,0
frame_0038.png,production,emergency exit sign,ALL_GROUP,emergency exit sign. exit sign.,0.5,0.5,0,0.0,,0
frame_0038.png,production,trash bin,ALL_GROUP,trash bin. trash bins. indoor trash bin.,0.45,0.45,0,0.0,,0
frame_0038.png,extras,bench,bench,bench.,0.2,0.2,3,0.2178,"[1.9612956047058105, 1753.5693359375, 433.6537170410156, 1856.939208984375]",1
frame_0038.png,extras,bench,metal bench,metal bench.,0.2,0.2,4,0.2735,"[3.016819953918457, 1748.4459228515625, 441.2584533691406, 1854.5772705078125]",1
frame_0038.png,extras,bench,waiting bench,waiting bench.,0.2,0.2,2,0.3383,"[1.6701364517211914, 1750.2786865234375, 439.9310302734375, 1855.1407470703125]",1
frame_0038.png,extras,bench,sitting bench,sitting bench.,0.2,0.2,5,0.3202,"[2.3829174041748047, 1750.9029541015625, 436.43060302734375, 1855.9195556640625]",1
frame_0038.png,extras,bench,long bench,long bench.,0.2,0.2,4,0.3536,"[2.4257469177246094, 1749.8336181640625, 440.5960998535156, 1854.7498779296875]",1
frame_0038.png,extras,bottle,bottle,bottle.,0.18,0.18,1,0.5786,"[1086.3673095703125, 859.6502075195312, 1102.6663818359375, 896.7952880859375]",1
frame_0038.png,extras,bottle,dark thermos bottle,dark thermos bottle.,0.18,0.18,2,0.2804,"[1082.3974609375, 853.6008911132812, 1107.3873291015625, 901.2831420898438]",1
frame_0038.png,extras,bottle,thermos bottle,thermos bottle.,0.18,0.18,1,0.3305,"[1083.9427490234375, 856.489013671875, 1105.4599609375, 900.457275390625]",1
frame_0038.png,extras,bottle,water bottle,water bottle.,0.18,0.18,1,0.439,"[1083.8663330078125, 857.0287475585938, 1104.9381103515625, 900.204833984375]",1
frame_0038.png,extras,bottle,drink bottle,drink bottle.,0.18,0.18,1,0.2895,"[1085.018798828125, 857.5571899414062, 1104.5660400390625, 899.3451538085938]",1
frame_0038.png,extras,bottle,small bottle,small bottle.,0.18,0.18,2,0.5755,"[1082.278076171875, 855.017822265625, 1107.0250244140625, 901.3051147460938]",1
frame_0038.png,extras,cardboard box,cardboard box,cardboard box.,0.2,0.2,1,0.526,"[1610.5294189453125, 984.6351928710938, 1703.98046875, 1044.9176025390625]",1
frame_0038.png,extras,cardboard box,brown cardboard box,brown cardboard box.,0.2,0.2,2,0.5838,"[1608.302001953125, 981.7252197265625, 1705.912109375, 1047.042236328125]",1
frame_0038.png,extras,cardboard box,shipping box,shipping box.,0.2,0.2,2,0.4293,"[1611.199462890625, 985.907470703125, 1703.4952392578125, 1043.878173828125]",1
frame_0038.png,extras,cardboard box,package box,package box.,0.2,0.2,1,0.2457,"[1611.378662109375, 985.2896118164062, 1703.6837158203125, 1044.074462890625]",1
frame_0038.png,extras,cardboard box,small box,small box.,0.2,0.2,1,0.6815,"[1609.7095947265625, 983.2344360351562, 1705.47265625, 1045.9141845703125]",1
frame_0038.png,extras,cardboard box,box,box.,0.2,0.2,1,0.4419,"[1611.9862060546875, 987.1695556640625, 1702.660400390625, 1042.319580078125]",1
frame_0038.png,extras,chair,chair,chair.,0.2,0.2,8,0.2664,"[452.919189453125, 895.1378784179688, 568.5501098632812, 1027.919677734375]",1
frame_0038.png,extras,chair,armless chair,armless chair.,0.2,0.2,7,0.4279,"[586.453125, 861.5624389648438, 716.5255126953125, 1070.7728271484375]",1
frame_0038.png,extras,chair,office chair,office chair.,0.2,0.2,12,0.4175,"[587.8211669921875, 863.5000610351562, 718.557861328125, 1069.5137939453125]",1
frame_0038.png,extras,chair,wheeled chair,wheeled chair.,0.2,0.2,7,0.4874,"[587.1856079101562, 862.6634521484375, 716.1915893554688, 1069.554443359375]",1
frame_0038.png,extras,chair,swivel chair,swivel chair.,0.2,0.2,6,0.3928,"[586.2259521484375, 861.2406616210938, 715.8143310546875, 1071.2093505859375]",1
frame_0038.png,extras,chair,rolling chair,rolling chair.,0.2,0.2,8,0.4345,"[587.3326416015625, 862.3197631835938, 715.9192504882812, 1069.91259765625]",1
frame_0038.png,extras,cup,cup,cup.,0.18,0.18,1,0.3558,"[1087.2528076171875, 861.1994018554688, 1102.670166015625, 896.0743408203125]",1
frame_0038.png,extras,cup,white drinking cup,white drinking cup.,0.18,0.18,2,0.4289,"[1078.5623779296875, 852.1067504882812, 1110.51416015625, 902.9190673828125]",1
frame_0038.png,extras,cup,drinking cup,drinking cup.,0.18,0.18,0,0.0,,0
frame_0038.png,extras,cup,coffee cup,coffee cup.,0.18,0.18,0,0.0,,0
frame_0038.png,extras,cup,paper cup,paper cup.,0.18,0.18,0,0.0,,0
frame_0038.png,extras,cup,small cup,small cup.,0.18,0.18,2,0.3378,"[1082.026123046875, 854.7931518554688, 1108.418701171875, 900.0652465820312]",1
frame_0038.png,extras,door,door,door.,0.2,0.2,12,0.2919,"[230.210205078125, 600.5333251953125, 339.4730224609375, 1036.742919921875]",1
frame_0038.png,extras,door,dark door surface,dark door surface.,0.2,0.2,5,0.3249,"[1552.0885009765625, 490.6909484863281, 1701.274658203125, 1002.8334350585938]",1
frame_0038.png,extras,door,wooden door,wooden door.,0.2,0.2,7,0.3578,"[226.20870971679688, 600.4662475585938, 340.3468017578125, 1038.2672119140625]",1
frame_0038.png,extras,door,closed door,closed door.,0.2,0.2,5,0.3698,"[224.66355895996094, 600.30712890625, 340.3725891113281, 1039.2459716796875]",1
frame_0038.png,extras,door,interior door,interior door.,0.2,0.2,10,0.349,"[226.5768585205078, 599.2374267578125, 339.2286071777344, 1037.7547607421875]",1
frame_0038.png,extras,door,single door,single door.,0.2,0.2,5,0.3768,"[223.75559997558594, 598.6577758789062, 340.9605712890625, 1039.884033203125]",1
frame_0038.png,extras,emergency exit sign,emergency exit sign,emergency exit sign.,0.18,0.18,4,0.2717,"[2763.783447265625, 342.5218811035156, 2857.150634765625, 448.042724609375]",1
frame_0038.png,extras,emergency exit sign,exit sign,exit sign.,0.18,0.18,1,0.1947,"[2765.1884765625, 342.5221862792969, 2856.822021484375, 446.1285095214844]",1
frame_0038.png,extras,emergency exit sign,green emergency exit sign,green emergency exit sign.,0.18,0.18,5,0.2851,"[1403.79736328125, 887.9054565429688, 1445.841796875, 923.01123046875]",1
frame_0038.png,extras,emergency exit sign,green exit sign,green exit sign.,0.18,0.18,4,0.3181,"[1403.1534423828125, 887.970458984375, 1445.7362060546875, 923.392822265625]",1
frame_0038.png,extras,emergency exit sign,running man exit sign,running man exit sign.,0.18,0.18,4,0.4414,"[1154.3084716796875, 1648.127685546875, 1710.9322509765625, 1852.8226318359375]",1
frame_0038.png,extras,emergency exit sign,fire exit sign,fire exit sign.,0.18,0.18,0,0.0,,0
frame_0038.png,extras,emergency exit sign,evacuation sign,evacuation sign.,0.18,0.18,0,0.0,,0
frame_0038.png,extras,meeting table set,meeting table set,meeting table set.,0.2,0.2,2,0.6144,"[445.0798034667969, 854.6517333984375, 1148.47998046875, 1078.880126953125]",1
frame_0038.png,extras,meeting table set,large meeting table,large meeting table.,0.2,0.2,1,0.7675,"[450.08282470703125, 860.0999755859375, 1146.5904541015625, 1077.265869140625]",1
frame_0038.png,extras,meeting table set,conference table,conference table.,0.2,0.2,4,0.5477,"[454.21337890625, 875.7598266601562, 1141.5689697265625, 1071.2237548828125]",1
frame_0038.png,extras,meeting table set,metallic desk,metallic desk.,0.2,0.2,2,0.6165,"[452.29351806640625, 869.5040893554688, 1145.305419921875, 1073.0325927734375]",1
frame_0038.png,extras,meeting table set,long table with chairs,long table with chairs.,0.2,0.2,5,0.4808,"[446.8348083496094, 852.7927856445312, 1153.1641845703125, 1074.8670654296875]",1
frame_0038.png,extras,meeting table set,office meeting table,office meeting table.,0.2,0.2,3,0.6324,"[451.28289794921875, 868.4332885742188, 1144.6297607421875, 1074.215087890625]",1
frame_0038.png,extras,meeting table set,boardroom table,boardroom table.,0.2,0.2,2,0.601,"[452.9269104003906, 870.0132446289062, 1143.3673095703125, 1074.728515625]",1
frame_0038.png,extras,trash bin,trash bin,trash bin.,0.2,0.2,0,0.0,,0
frame_0038.png,extras,trash bin,indoor trash bin,indoor trash bin.,0.2,0.2,3,0.3587,"[2.624187469482422, 973.7805786132812, 183.0873260498047, 1197.345703125]",1
frame_0038.png,extras,trash bin,garbage bin,garbage bin.,0.2,0.2,2,0.2124,"[2.480185031890869, 976.0071411132812, 181.79794311523438, 1196.563720703125]",1
frame_0038.png,extras,trash bin,waste bin,waste bin.,0.2,0.2,2,0.2192,"[2.400603771209717, 975.9347534179688, 181.9383544921875, 1196.8314208984375]",1
frame_0038.png,extras,trash bin,recycling bin,recycling bin.,0.2,0.2,3,0.2805,"[1611.51220703125, 985.1324462890625, 1704.4739990234375, 1044.29443359375]",1
frame_0038.png,extras,trash bin,rubbish bin,rubbish bin.,0.2,0.2,6,0.2774,"[1.7940866947174072, 975.9249877929688, 182.21005249023438, 1197.6279296875]",1
frame_0038.png,extras,trash bin,small trash can,small trash can.,0.2,0.2,2,0.5893,"[2.314199209213257, 961.0355834960938, 188.8328399658203, 1201.0328369140625]",1
frame_0038.png,extras,water fountain,water fountain,water fountain.,0.18,0.18,3,0.328,"[1157.980224609375, 1655.2174072265625, 1708.7855224609375, 1855.9207763671875]",1
frame_0038.png,extras,water fountain,metallic water fountain,metallic water fountain.,0.18,0.18,4,0.3917,"[1156.3045654296875, 1653.019287109375, 1709.80908203125, 1854.8758544921875]",1
frame_0038.png,extras,water fountain,drinking fountain,drinking fountain.,0.18,0.18,0,0.0,,0
frame_0038.png,extras,water fountain,water dispenser,water dispenser.,0.18,0.18,0,0.0,,0
frame_0038.png,extras,water fountain,wall water fountain,wall water fountain.,0.18,0.18,4,0.435,"[1156.699462890625, 1654.0452880859375, 1709.2685546875, 1855.2952880859375]",1
frame_0038.png,extras,water fountain,stainless water fountain,stainless water fountain.,0.18,0.18,2,0.3961,"[1154.1116943359375, 1650.3887939453125, 1711.511962890625, 1854.2833251953125]",1
frame_0039.png,production,meeting table set,ALL_GROUP,meeting table. conference table. meeting table set.,0.35,0.35,1,0.5621,"[445.8208923339844, 849.2420654296875, 1149.798828125, 1080.4149169921875]",1
frame_0039.png,production,chair,ALL_GROUP,chair. armless chair.,0.42,0.42,3,0.4412,"[451.8330078125, 891.6113891601562, 572.9456787109375, 1029.9132080078125]",1
frame_0039.png,production,bench,ALL_GROUP,bench. benches. metal bench. metallic bench. waiting bench.,0.38,0.38,0,0.0,,0
frame_0039.png,production,bottle+cup+cardboard box,ALL_GROUP,bottle. dark thermos. thermos. dark thermos bottle. cup. cups. white drinking cup. white drinking cups. cardboard box. brown cardboard. brown cardboard box.,0.28,0.28,1,0.2953,"[1608.7391357421875, 981.854248046875, 1705.82470703125, 1047.06884765625]",1
frame_0039.png,production,water fountain+door,ALL_GROUP,water fountain. metallic fountain. metallic water fountain. door. doors. dark door. dark door surface. elevator sliding door. elevator sliding doors.,0.38,0.38,0,0.0,,0
frame_0039.png,production,emergency exit sign,ALL_GROUP,emergency exit sign. exit sign.,0.5,0.5,0,0.0,,0
frame_0039.png,production,trash bin,ALL_GROUP,trash bin. trash bins. indoor trash bin.,0.45,0.45,0,0.0,,0
frame_0039.png,extras,bench,bench,bench.,0.2,0.2,3,0.2114,"[2.089698314666748, 1753.2525634765625, 431.1803283691406, 1856.9075927734375]",1
frame_0039.png,extras,bench,metal bench,metal bench.,0.2,0.2,4,0.2776,"[3.3142662048339844, 1748.3135986328125, 436.815673828125, 1854.4969482421875]",1
frame_0039.png,extras,bench,waiting bench,waiting bench.,0.2,0.2,3,0.3459,"[2.0711803436279297, 1749.96826171875, 434.6877746582031, 1855.0889892578125]",1
frame_0039.png,extras,bench,sitting bench,sitting bench.,0.2,0.2,5,0.2914,"[2.577967643737793, 1750.70068359375, 432.33514404296875, 1855.9205322265625]",1
frame_0039.png,extras,bench,long bench,long bench.,0.2,0.2,4,0.3594,"[2235.2578125, 1662.739990234375, 2878.27734375, 1853.892333984375]",1
frame_0039.png,extras,bottle,bottle,bottle.,0.18,0.18,1,0.5788,"[1086.2337646484375, 859.5831298828125, 1102.6641845703125, 896.7765502929688]",1
frame_0039.png,extras,bottle,dark thermos bottle,dark thermos bottle.,0.18,0.18,2,0.2836,"[1082.1329345703125, 853.6058349609375, 1107.482177734375, 901.3839721679688]",1
frame_0039.png,extras,bottle,thermos bottle,thermos bottle.,0.18,0.18,1,0.3304,"[1083.755859375, 856.442626953125, 1105.454833984375, 900.5150756835938]",1
frame_0039.png,extras,bottle,water bottle,water bottle.,0.18,0.18,1,0.4348,"[1083.7203369140625, 857.0335693359375, 1105.0126953125, 900.2035522460938]",1
frame_0039.png,extras,bottle,drink bottle,drink bottle.,0.18,0.18,1,0.2935,"[1084.8489990234375, 857.548828125, 1104.588134765625, 899.43896484375]",1
frame_0039.png,extras,bottle,small bottle,small bottle.,0.18,0.18,2,0.5729,"[1082.1500244140625, 854.9378662109375, 1107.08154296875, 901.3545532226562]",1
frame_0039.png,extras,cardboard box,cardboard box,cardboard box.,0.2,0.2,1,0.5251,"[1610.67724609375, 984.6537475585938, 1703.476318359375, 1044.70068359375]",1
frame_0039.png,extras,cardboard box,brown cardboard box,brown cardboard box.,0.2,0.2,2,0.5856,"[1608.3853759765625, 981.8034057617188, 1705.3531494140625, 1046.7713623046875]",1
frame_0039.png,extras,cardboard box,shipping box,shipping box.,0.2,0.2,2,0.4272,"[1611.3101806640625, 985.9111328125, 1702.9202880859375, 1043.6312255859375]",1
frame_0039.png,extras,cardboard box,package box,package box.,0.2,0.2,1,0.2374,"[1611.513427734375, 985.28076171875, 1703.3388671875, 1043.799072265625]",1
frame_0039.png,extras,cardboard box,small box,small box.,0.2,0.2,1,0.6787,"[1609.784912109375, 983.3096923828125, 1704.93408203125, 1045.643310546875]",1
frame_0039.png,extras,cardboard box,box,box.,0.2,0.2,1,0.4306,"[1612.0859375, 987.16943359375, 1702.151123046875, 1042.0321044921875]",1
frame_0039.png,extras,chair,chair,chair.,0.2,0.2,8,0.2662,"[452.5625305175781, 895.1400146484375, 566.86181640625, 1027.6715087890625]",1
frame_0039.png,extras,chair,armless chair,armless chair.,0.2,0.2,7,0.432,"[586.4799194335938, 861.4682006835938, 718.4244995117188, 1070.905029296875]",1
frame_0039.png,extras,chair,office chair,office chair.,0.2,0.2,12,0.4184,"[587.69580078125, 863.4530639648438, 719.5128784179688, 1069.5911865234375]",1
frame_0039.png,extras,chair,wheeled chair,wheeled chair.,0.2,0.2,7,0.4863,"[587.2437133789062, 862.64208984375, 716.8643188476562, 1069.818603515625]",1
frame_0039.png,extras,chair,swivel chair,swivel chair.,0.2,0.2,6,0.3861,"[586.2289428710938, 861.1691284179688, 716.9043579101562, 1071.3387451171875]",1
frame_0039.png,extras,chair,rolling chair,rolling chair.,0.2,0.2,8,0.4374,"[587.3193359375, 862.2715454101562, 717.1104736328125, 1070.17626953125]",1
frame_0039.png,extras,cup,cup,cup.,0.18,0.18,1,0.3608,"[1087.0960693359375, 861.1603393554688, 1102.654541015625, 896.0863647460938]",1
frame_0039.png,extras,cup,white drinking cup,white drinking cup.,0.18,0.18,2,0.431,"[1078.44482421875, 852.189697265625, 1110.553955078125, 902.9320068359375]",1
frame_0039.png,extras,cup,drinking cup,drinking cup.,0.18,0.18,0,0.0,,0
frame_0039.png,extras,cup,coffee cup,coffee cup.,0.18,0.18,0,0.0,,0
frame_0039.png,extras,cup,paper cup,paper cup.,0.18,0.18,0,0.0,,0
frame_0039.png,extras,cup,small cup,small cup.,0.18,0.18,2,0.3449,"[1081.797607421875, 854.7468872070312, 1108.51416015625, 900.0305786132812]",1
frame_0039.png,extras,door,door,door.,0.2,0.2,9,0.3059,"[229.83685302734375, 600.34228515625, 339.3174743652344, 1036.9786376953125]",1
frame_0039.png,extras,door,dark door surface,dark door surface.,0.2,0.2,6,0.3224,"[1552.0533447265625, 490.36016845703125, 1700.7313232421875, 1002.8153686523438]",1
frame_0039.png,extras,door,wooden door,wooden door.,0.2,0.2,6,0.3645,"[225.71163940429688, 600.26806640625, 340.1432189941406, 1038.3497314453125]",1
frame_0039.png,extras,door,closed door,closed door.,0.2,0.2,5,0.3798,"[224.3753204345703, 599.9993286132812, 340.25689697265625, 1039.40478515625]",1
frame_0039.png,extras,door,interior door,interior door.,0.2,0.2,10,0.359,"[226.21035766601562, 598.8569946289062, 339.35333251953125, 1038.0487060546875]",1
frame_0039.png,extras,door,single door,single door.,0.2,0.2,4,0.3866,"[223.32315063476562, 598.4015502929688, 340.7451477050781, 1039.938232421875]",1
frame_0039.png,extras,emergency exit sign,emergency exit sign,emergency exit sign.,0.18,0.18,4,0.2755,"[2762.885986328125, 341.3381042480469, 2856.953857421875, 447.41693115234375]",1
frame_0039.png,extras,emergency exit sign,exit sign,exit sign.,0.18,0.18,1,0.2102,"[2764.302978515625, 341.4465026855469, 2856.3779296875, 445.38604736328125]",1
frame_0039.png,extras,emergency exit sign,green emergency exit sign,green emergency exit sign.,0.18,0.18,5,0.3064,"[1403.7467041015625, 888.1860961914062, 1445.9891357421875, 922.8634033203125]",1
frame_0039.png,extras,emergency exit sign,green exit sign,green exit sign.,0.18,0.18,4,0.3283,"[1402.8704833984375, 888.095947265625, 1445.9449462890625, 923.3400268554688]",1
frame_0039.png,extras,emergency exit sign,running man exit sign,running man exit sign.,0.18,0.18,4,0.427,"[1154.0576171875, 1647.9769287109375, 1711.060302734375, 1852.8134765625]",1
frame_0039.png,extras,emergency exit sign,fire exit sign,fire exit sign.,0.18,0.18,0,0.0,,0
frame_0039.png,extras,emergency exit sign,evacuation sign,evacuation sign.,0.18,0.18,2,0.1948,"[2724.6318359375, 305.1461181640625, 2877.077880859375, 476.7471008300781]",1
frame_0039.png,extras,meeting table set,meeting table set,meeting table set.,0.2,0.2,2,0.6168,"[444.9024353027344, 854.9526977539062, 1148.350341796875, 1078.722900390625]",1
frame_0039.png,extras,meeting table set,large meeting table,large meeting table.,0.2,0.2,1,0.769,"[449.07061767578125, 859.9925537109375, 1146.5833740234375, 1077.2926025390625]",1
frame_0039.png,extras,meeting table set,conference table,conference table.,0.2,0.2,4,0.5644,"[453.97906494140625, 875.5775756835938, 1141.41943359375, 1070.768310546875]",1
frame_0039.png,extras,meeting table set,metallic desk,metallic desk.,0.2,0.2,2,0.6147,"[452.0120544433594, 869.642822265625, 1144.921630859375, 1072.6326904296875]",1
frame_0039.png,extras,meeting table set,long table with chairs,long table with chairs.,0.2,0.2,4,0.4937,"[445.8825378417969, 853.3233642578125, 1153.1519775390625, 1074.5078125]",1
frame_0039.png,extras,meeting table set,office meeting table,office meeting table.,0.2,0.2,3,0.6376,"[450.8883361816406, 868.7648315429688, 1144.3907470703125, 1074.4942626953125]",1
frame_0039.png,extras,meeting table set,boardroom table,boardroom table.,0.2,0.2,2,0.6146,"[452.1258544921875, 869.9615478515625, 1142.9141845703125, 1074.631103515625]",1
frame_0039.png,extras,trash bin,trash bin,trash bin.,0.2,0.2,0,0.0,,0
frame_0039.png,extras,trash bin,indoor trash bin,indoor trash bin.,0.2,0.2,3,0.3531,"[2.763833999633789, 972.7293090820312, 183.3607177734375, 1197.220458984375]",1
frame_0039.png,extras,trash bin,garbage bin,garbage bin.,0.2,0.2,2,0.226,"[2.5079619884490967, 975.9461059570312, 181.97857666015625, 1196.542724609375]",1
frame_0039.png,extras,trash bin,waste bin,waste bin.,0.2,0.2,2,0.2315,"[2.4707813262939453, 975.6759033203125, 182.23301696777344, 1196.839599609375]",1
frame_0039.png,extras,trash bin,recycling bin,recycling bin.,0.2,0.2,3,0.2823,"[1.715390682220459, 976.1373291015625, 182.38232421875, 1197.2696533203125]",1
frame_0039.png,extras,trash bin,rubbish bin,rubbish bin.,0.2,0.2,6,0.2762,"[1.8120253086090088, 975.7310791015625, 182.49990844726562, 1197.5086669921875]",1
frame_0039.png,extras,trash bin,small trash can,small trash can.,0.2,0.2,2,0.5991,"[2.491096258163452, 956.7926635742188, 189.05706787109375, 1200.7762451171875]",1
frame_0039.png,extras,water fountain,water fountain,water fountain.,0.18,0.18,3,0.3293,"[1157.70849609375, 1654.9254150390625, 1708.68505859375, 1855.8411865234375]",1
frame_0039.png,extras,water fountain,metallic water fountain,metallic water fountain.,0.18,0.18,4,0.4029,"[1156.123046875, 1652.9195556640625, 1709.623046875, 1854.7548828125]",1
frame_0039.png,extras,water fountain,drinking fountain,drinking fountain.,0.18,0.18,0,0.0,,0
frame_0039.png,extras,water fountain,water dispenser,water dispenser.,0.18,0.18,0,0.0,,0
frame_0039.png,extras,water fountain,wall water fountain,wall water fountain.,0.18,0.18,3,0.4398,"[1156.556396484375, 1653.9158935546875, 1709.1397705078125, 1855.244384765625]",1
frame_0039.png,extras,water fountain,stainless water fountain,stainless water fountain.,0.18,0.18,2,0.4027,"[1153.9312744140625, 1650.267333984375, 1711.272705078125, 1854.2171630859375]",1
frame_0040.png,production,meeting table set,ALL_GROUP,meeting table. conference table. meeting table set.,0.35,0.35,1,0.568,"[445.7200622558594, 849.0122680664062, 1149.7998046875, 1080.4754638671875]",1
frame_0040.png,production,chair,ALL_GROUP,chair. armless chair.,0.42,0.42,3,0.4397,"[452.3275451660156, 891.56982421875, 571.9596557617188, 1029.99609375]",1
frame_0040.png,production,bench,ALL_GROUP,bench. benches. metal bench. metallic bench. waiting bench.,0.38,0.38,0,0.0,,0
frame_0040.png,production,bottle+cup+cardboard box,ALL_GROUP,bottle. dark thermos. thermos. dark thermos bottle. cup. cups. white drinking cup. white drinking cups. cardboard box. brown cardboard. brown cardboard box.,0.28,0.28,1,0.2999,"[1608.8056640625, 981.9151611328125, 1705.9134521484375, 1047.353271484375]",1
frame_0040.png,production,water fountain+door,ALL_GROUP,water fountain. metallic fountain. metallic water fountain. door. doors. dark door. dark door surface. elevator sliding door. elevator sliding doors.,0.38,0.38,0,0.0,,0
frame_0040.png,production,emergency exit sign,ALL_GROUP,emergency exit sign. exit sign.,0.5,0.5,0,0.0,,0
frame_0040.png,production,trash bin,ALL_GROUP,trash bin. trash bins. indoor trash bin.,0.45,0.45,0,0.0,,0
frame_0040.png,extras,bench,bench,bench.,0.2,0.2,3,0.2142,"[2.0846986770629883, 1753.5213623046875, 432.9007263183594, 1856.9312744140625]",1
frame_0040.png,extras,bench,metal bench,metal bench.,0.2,0.2,4,0.2819,"[3.2658791542053223, 1748.629638671875, 440.40008544921875, 1854.47607421875]",1
frame_0040.png,extras,bench,waiting bench,waiting bench.,0.2,0.2,2,0.3423,"[1.812894344329834, 1750.4951171875, 438.1551818847656, 1855.076171875]",1
frame_0040.png,extras,bench,sitting bench,sitting bench.,0.2,0.2,5,0.3076,"[2.4750566482543945, 1751.061279296875, 434.8155212402344, 1855.9112548828125]",1
frame_0040.png,extras,bench,long bench,long bench.,0.2,0.2,4,0.3556,"[2.5897693634033203, 1749.95947265625, 439.4932556152344, 1854.710693359375]",1
frame_0040.png,extras,bottle,bottle,bottle.,0.18,0.18,1,0.5614,"[1086.1451416015625, 859.7986450195312, 1102.6259765625, 896.7777709960938]",1
frame_0040.png,extras,bottle,dark thermos bottle,dark thermos bottle.,0.18,0.18,2,0.2983,"[1081.8909912109375, 853.6927490234375, 1107.535400390625, 901.2702026367188]",1
frame_0040.png,extras,bottle,thermos bottle,thermos bottle.,0.18,0.18,1,0.3336,"[1083.631103515625, 856.6251220703125, 1105.4283447265625, 900.4786376953125]",1
frame_0040.png,extras,bottle,water bottle,water bottle.,0.18,0.18,1,0.435,"[1083.628173828125, 857.2277221679688, 1104.972900390625, 900.1990966796875]",1
frame_0040.png,extras,bottle,drink bottle,drink bottle.,0.18,0.18,1,0.2879,"[1084.71728515625, 857.6325073242188, 1104.59619140625, 899.4249267578125]",1
frame_0040.png,extras,bottle,small bottle,small bottle.,0.18,0.18,2,0.5538,"[1081.994384765625, 855.0839233398438, 1107.09326171875, 901.3912353515625]",1
frame_0040.png,extras,cardboard box,cardboard box,cardboard box.,0.2,0.2,1,0.5268,"[1610.7069091796875, 984.7632446289062, 1703.5345458984375, 1044.9476318359375]",1
frame_0040.png,extras,cardboard box,brown cardboard box,brown cardboard box.,0.2,0.2,2,0.583,"[1608.4866943359375, 981.8944091796875, 1705.431396484375, 1047.030029296875]",1
frame_0040.png,extras,cardboard box,shipping box,shipping box.,0.2,0.2,2,0.43,"[1611.31494140625, 986.0499267578125, 1702.9501953125, 1043.8927001953125]",1
frame_0040.png,extras,cardboard box,package box,package box.,0.2,0.2,1,0.2326,"[1611.5645751953125, 985.4027099609375, 1703.26025390625, 1044.08447265625]",1
frame_0040.png,extras,cardboard box,small box,small box.,0.2,0.2,1,0.6769,"[1609.8447265625, 983.4114990234375, 1704.9605712890625, 1045.8624267578125]",1
frame_0040.png,extras,cardboard box,box,box.,0.2,0.2,1,0.4355,"[1612.143798828125, 987.336669921875, 1702.2855224609375, 1042.362060546875]",1
frame_0040.png,extras,chair,chair,chair.,0.2,0.2,8,0.2643,"[453.10552978515625, 895.0278930664062, 566.7576904296875, 1027.805419921875]",1
frame_0040.png,extras,chair,armless chair,armless chair.,0.2,0.2,7,0.4217,"[586.6837158203125, 861.6522216796875, 718.0469360351562, 1070.9639892578125]",1
frame_0040.png,extras,chair,office chair,office chair.,0.2,0.2,11,0.4132,"[587.787841796875, 863.5619506835938, 719.917236328125, 1069.5814208984375]",1
frame_0040.png,extras,chair,wheeled chair,wheeled chair.,0.2,0.2,9,0.4858,"[587.4342041015625, 862.7161254882812, 717.447265625, 1069.762451171875]",1
frame_0040.png,extras,chair,swivel chair,swivel chair.,0.2,0.2,6,0.3881,"[586.4349365234375, 861.3689575195312, 716.83251953125, 1071.3231201171875]",1
frame_0040.png,extras,chair,rolling chair,rolling chair.,0.2,0.2,8,0.4308,"[587.5244140625, 862.4209594726562, 717.0967407226562, 1070.1075439453125]",1
frame_0040.png,extras,cup,cup,cup.,0.18,0.18,1,0.3465,"[1086.9998779296875, 861.418212890625, 1102.6654052734375, 896.066162109375]",1
frame_0040.png,extras,cup,white drinking cup,white drinking cup.,0.18,0.18,3,0.4214,"[1078.3848876953125, 852.4055786132812, 1110.4044189453125, 902.77734375]",1
frame_0040.png,extras,cup,drinking cup,drinking cup.,0.18,0.18,0,0.0,,0
frame_0040.png,extras,cup,coffee cup,coffee cup.,0.18,0.18,0,0.0,,0
frame_0040.png,extras,cup,paper cup,paper cup.,0.18,0.18,0,0.0,,0
frame_0040.png,extras,cup,small cup,small cup.,0.18,0.18,2,0.3293,"[1081.6533203125, 855.1126708984375, 1108.41259765625, 899.9814453125]",1
frame_0040.png,extras,door,door,door.,0.2,0.2,11,0.3094,"[229.24526977539062, 600.2943725585938, 339.27911376953125, 1036.197265625]",1
frame_0040.png,extras,door,dark door surface,dark door surface.,0.2,0.2,4,0.3292,"[1552.044189453125, 491.9911193847656, 1700.90869140625, 1002.8019409179688]",1
frame_0040.png,extras,door,wooden door,wooden door.,0.2,0.2,3,0.3896,"[225.01527404785156, 599.9949951171875, 340.1199035644531, 1037.9708251953125]",1
frame_0040.png,extras,door,closed door,closed door.,0.2,0.2,4,0.3966,"[223.59136962890625, 600.0027465820312, 340.22900390625, 1038.863037109375]",1
frame_0040.png,extras,door,interior door,interior door.,0.2,0.2,11,0.3731,"[225.11355590820312, 598.7140502929688, 339.0851135253906, 1037.53564453125]",1
frame_0040.png,extras,door,single door,single door.,0.2,0.2,3,0.41,"[222.5789337158203, 598.1718139648438, 340.8708190917969, 1039.601806640625]",1
frame_0040.png,extras,emergency exit sign,emergency exit sign,emergency exit sign.,0.18,0.18,4,0.2746,"[2763.289794921875, 342.22222900390625, 2856.953857421875, 446.92596435546875]",1
frame_0040.png,extras,emergency exit sign,exit sign,exit sign.,0.18,0.18,1,0.2173,"[2764.564453125, 341.8121032714844, 2856.74658203125, 445.3702392578125]",1
frame_0040.png,extras,emergency exit sign,green emergency exit sign,green emergency exit sign.,0.18,0.18,5,0.3066,"[1403.9007568359375, 888.3479614257812, 1445.630615234375, 923.0046997070312]",1
frame_0040.png,extras,emergency exit sign,green exit sign,green exit sign.,0.18,0.18,3,0.3321,"[1403.1363525390625, 888.280029296875, 1445.52783203125, 923.52490234375]",1
frame_0040.png,extras,emergency exit sign,running man exit sign,running man exit sign.,0.18,0.18,3,0.4433,"[1154.1258544921875, 1648.2734375, 1711.6854248046875, 1853.177978515625]",1
frame_0040.png,extras,emergency exit sign,fire exit sign,fire exit sign.,0.18,0.18,0,0.0,,0
frame_0040.png,extras,emergency exit sign,evacuation sign,evacuation sign.,0.18,0.18,2,0.2005,"[2725.09619140625, 305.49493408203125, 2876.914794921875, 476.1825256347656]",1
frame_0040.png,extras,meeting table set,meeting table set,meeting table set.,0.2,0.2,2,0.6139,"[445.1617126464844, 854.7686157226562, 1148.267822265625, 1078.8759765625]",1
frame_0040.png,extras,meeting table set,large meeting table,large meeting table.,0.2,0.2,1,0.762,"[449.19146728515625, 859.7693481445312, 1146.30322265625, 1077.509033203125]",1
frame_0040.png,extras,meeting table set,conference table,conference table.,0.2,0.2,4,0.5578,"[454.0290222167969, 875.7994384765625, 1141.466064453125, 1071.4013671875]",1
frame_0040.png,extras,meeting table set,metallic desk,metallic desk.,0.2,0.2,2,0.6121,"[451.9610900878906, 868.872314453125, 1144.95068359375, 1073.190673828125]",1
frame_0040.png,extras,meeting table set,long table with chairs,long table with chairs.,0.2,0.2,4,0.487,"[446.0146789550781, 853.0506591796875, 1153.4481201171875, 1074.8118896484375]",1
frame_0040.png,extras,meeting table set,office meeting table,office meeting table.,0.2,0.2,3,0.6242,"[451.1151428222656, 868.1168212890625, 1144.248779296875, 1074.31103515625]",1
frame_0040.png,extras,meeting table set,boardroom table,boardroom table.,0.2,0.2,2,0.6124,"[452.0814514160156, 869.6905517578125, 1142.962646484375, 1075.0322265625]",1
frame_0040.png,extras,trash bin,trash bin,trash bin.,0.2,0.2,0,0.0,,0
frame_0040.png,extras,trash bin,indoor trash bin,indoor trash bin.,0.2,0.2,3,0.3488,"[2.6425981521606445, 973.452392578125, 183.00184631347656, 1197.10205078125]",1
frame_0040.png,extras,trash bin,garbage bin,garbage bin.,0.2,0.2,2,0.2235,"[2.4814133644104004, 976.257080078125, 181.5906982421875, 1196.443115234375]",1
frame_0040.png,extras,trash bin,waste bin,waste bin.,0.2,0.2,2,0.2279,"[2.414900064468384, 976.0567016601562, 181.8804168701172, 1196.716552734375]",1
frame_0040.png,extras,trash bin,recycling bin,recycling bin.,0.2,0.2,3,0.2715,"[1611.5548095703125, 985.328125, 1703.87841796875, 1044.38525390625]",1
frame_0040.png,extras,trash bin,rubbish bin,rubbish bin.,0.2,0.2,6,0.2683,"[1.780107021331787, 975.9169311523438, 182.02923583984375, 1197.5064697265625]",1
frame_0040.png,extras,trash bin,small trash can,small trash can.,0.2,0.2,2,0.5819,"[2.3477911949157715, 958.1825561523438, 188.90826416015625, 1200.672607421875]",1
frame_0040.png,extras,water fountain,water fountain,water fountain.,0.18,0.18,3,0.3339,"[1157.98486328125, 1655.289306640625, 1708.982421875, 1856.0743408203125]",1
frame_0040.png,extras,water fountain,metallic water fountain,metallic water fountain.,0.18,0.18,4,0.4079,"[1156.4285888671875, 1653.174560546875, 1709.831787109375, 1854.94140625]",1
frame_0040.png,extras,water fountain,drinking fountain,drinking fountain.,0.18,0.18,0,0.0,,0
frame_0040.png,extras,water fountain,water dispenser,water dispenser.,0.18,0.18,1,0.1857,"[1081.719970703125, 856.5479736328125, 1106.3406982421875, 900.2910766601562]",1
frame_0040.png,extras,water fountain,wall water fountain,wall water fountain.,0.18,0.18,4,0.4427,"[1156.8380126953125, 1654.196044921875, 1709.404541015625, 1855.3624267578125]",1
frame_0040.png,extras,water fountain,stainless water fountain,stainless water fountain.,0.18,0.18,2,0.407,"[1154.3641357421875, 1650.6602783203125, 1711.4547119140625, 1854.38427734375]",1
frame_0041.png,production,meeting table set,ALL_GROUP,meeting table. conference table. meeting table set.,0.35,0.35,1,0.5639,"[445.95025634765625, 849.2666625976562, 1149.707763671875, 1080.510009765625]",1
frame_0041.png,production,chair,ALL_GROUP,chair. armless chair.,0.42,0.42,4,0.4447,"[696.8643188476562, 856.01904296875, 867.3387451171875, 1071.753662109375]",1
frame_0041.png,production,bench,ALL_GROUP,bench. benches. metal bench. metallic bench. waiting bench.,0.38,0.38,0,0.0,,0
frame_0041.png,production,bottle+cup+cardboard box,ALL_GROUP,bottle. dark thermos. thermos. dark thermos bottle. cup. cups. white drinking cup. white drinking cups. cardboard box. brown cardboard. brown cardboard box.,0.28,0.28,1,0.2944,"[1608.7880859375, 981.7989501953125, 1706.2650146484375, 1047.258056640625]",1
frame_0041.png,production,water fountain+door,ALL_GROUP,water fountain. metallic fountain. metallic water fountain. door. doors. dark door. dark door surface. elevator sliding door. elevator sliding doors.,0.38,0.38,0,0.0,,0
frame_0041.png,production,emergency exit sign,ALL_GROUP,emergency exit sign. exit sign.,0.5,0.5,0,0.0,,0
frame_0041.png,production,trash bin,ALL_GROUP,trash bin. trash bins. indoor trash bin.,0.45,0.45,0,0.0,,0
frame_0041.png,extras,bench,bench,bench.,0.2,0.2,3,0.2126,"[1.9543004035949707, 1753.5743408203125, 431.3561096191406, 1856.99267578125]",1
frame_0041.png,extras,bench,metal bench,metal bench.,0.2,0.2,4,0.2677,"[3.230559825897217, 1748.5828857421875, 437.0267028808594, 1854.5247802734375]",1
frame_0041.png,extras,bench,waiting bench,waiting bench.,0.2,0.2,2,0.3628,"[1.7672967910766602, 1750.318115234375, 435.4497985839844, 1855.1287841796875]",1
frame_0041.png,extras,bench,sitting bench,sitting bench.,0.2,0.2,5,0.3067,"[2.4669456481933594, 1750.963134765625, 433.06011962890625, 1855.9365234375]",1
frame_0041.png,extras,bench,long bench,long bench.,0.2,0.2,4,0.3744,"[2235.56298828125, 1662.6103515625, 2878.3134765625, 1853.81103515625]",1
frame_0041.png,extras,bottle,bottle,bottle.,0.18,0.18,1,0.5582,"[1086.148681640625, 859.6058959960938, 1102.663818359375, 896.7921142578125]",1
frame_0041.png,extras,bottle,dark thermos bottle,dark thermos bottle.,0.18,0.18,2,0.2948,"[1081.9490966796875, 853.4407958984375, 1107.6650390625, 901.3779296875]",1
frame_0041.png,extras,bottle,thermos bottle,thermos bottle.,0.18,0.18,1,0.3248,"[1083.6759033203125, 856.5498657226562, 1105.59765625, 900.6136474609375]",1
frame_0041.png,extras,bottle,water bottle,water bottle.,0.18,0.18,2,0.4309,"[1083.633056640625, 857.078369140625, 1105.0643310546875, 900.305419921875]",1
frame_0041.png,extras,bottle,drink bottle,drink bottle.,0.18,0.18,1,0.2839,"[1084.7723388671875, 857.5469970703125, 1104.694580078125, 899.5115966796875]",1
frame_0041.png,extras,bottle,small bottle,small bottle.,0.18,0.18,2,0.5496,"[1082.1021728515625, 854.9644775390625, 1107.1405029296875, 901.309326171875]",1
frame_0041.png,extras,cardboard box,cardboard box,cardboard box.,0.2,0.2,1,0.5285,"[1610.76318359375, 984.6935424804688, 1703.9249267578125, 1044.781494140625]",1
frame_0041.png,extras,cardboard box,brown cardboard box,brown cardboard box.,0.2,0.2,2,0.5863,"[1608.4609375, 981.7805786132812, 1705.867431640625, 1046.9013671875]",1
frame_0041.png,extras,cardboard box,shipping box,shipping box.,0.2,0.2,2,0.426,"[1611.4068603515625, 985.9278564453125, 1703.3990478515625, 1043.76708984375]",1
frame_0041.png,extras,cardboard box,package box,package box.,0.2,0.2,1,0.2428,"[1611.62744140625, 985.3142700195312, 1703.7061767578125, 1043.9130859375]",1
frame_0041.png,extras,cardboard box,small box,small box.,0.2,0.2,1,0.6816,"[1609.8345947265625, 983.2796630859375, 1705.4166259765625, 1045.81640625]",1
frame_0041.png,extras,cardboard box,box,box.,0.2,0.2,1,0.4409,"[1612.1988525390625, 987.2161254882812, 1702.6671142578125, 1042.154052734375]",1
frame_0041.png,extras,chair,chair,chair.,0.2,0.2,8,0.2703,"[452.842041015625, 895.093017578125, 567.9050903320312, 1028.1102294921875]",1
frame_0041.png,extras,chair,armless chair,armless chair.,0.2,0.2,7,0.4248,"[586.42333984375, 861.4334716796875, 719.3193359375, 1071.0406494140625]",1
frame_0041.png,extras,chair,office chair,office chair.,0.2,0.2,12,0.4183,"[587.9569702148438, 863.5169677734375, 720.3411865234375, 1069.7144775390625]",1
frame_0041.png,extras,chair,wheeled chair,wheeled chair.,0.2,0.2,8,0.4869,"[587.2954711914062, 862.60107421875, 718.4989013671875, 1069.8868408203125]",1
frame_0041.png,extras,chair,swivel chair,swivel chair.,0.2,0.2,6,0.3866,"[586.2880249023438, 861.12353515625, 718.020263671875, 1071.435302734375]",1
frame_0041.png,extras,chair,rolling chair,rolling chair.,0.2,0.2,8,0.432,"[587.477294921875, 862.285888671875, 718.286865234375, 1070.271240234375]",1
frame_0041.png,extras,cup,cup,cup.,0.18,0.18,1,0.3393,"[1087.02294921875, 861.2345581054688, 1102.7384033203125, 896.06201171875]",1
frame_0041.png,extras,cup,white drinking cup,white drinking cup.,0.18,0.18,3,0.4149,"[1078.4478759765625, 852.2568969726562, 1110.53076171875, 902.7538452148438]",1
frame_0041.png,extras,cup,drinking cup,drinking cup.,0.18,0.18,0,0.0,,0
frame_0041.png,extras,cup,coffee cup,coffee cup.,0.18,0.18,0,0.0,,0
frame_0041.png,extras,cup,paper cup,paper cup.,0.18,0.18,0,0.0,,0
frame_0041.png,extras,cup,small cup,small cup.,0.18,0.18,2,0.3207,"[1081.862548828125, 854.9325561523438, 1108.5203857421875, 900.0347290039062]",1
frame_0041.png,extras,door,door,door.,0.2,0.2,11,0.3113,"[228.74281311035156, 601.10009765625, 338.9062194824219, 1036.382080078125]",1
frame_0041.png,extras,door,dark door surface,dark door surface.,0.2,0.2,4,0.329,"[1552.0677490234375, 491.32763671875, 1700.9794921875, 1002.3189697265625]",1
frame_0041.png,extras,door,wooden door,wooden door.,0.2,0.2,4,0.3967,"[224.56021118164062, 600.8590087890625, 340.0325927734375, 1037.9661865234375]",1
frame_0041.png,extras,door,closed door,closed door.,0.2,0.2,4,0.4008,"[223.2737274169922, 600.499755859375, 340.0673828125, 1039.1005859375]",1
frame_0041.png,extras,door,interior door,interior door.,0.2,0.2,10,0.372,"[224.93894958496094, 599.3065795898438, 338.7987365722656, 1037.62646484375]",1
frame_0041.png,extras,door,single door,single door.,0.2,0.2,2,0.4096,"[222.19947814941406, 598.6539916992188, 340.7342224121094, 1039.72265625]",1
frame_0041.png,extras,emergency exit sign,emergency exit sign,emergency exit sign.,0.18,0.18,4,0.2743,"[2763.75537109375, 342.3287353515625, 2856.09033203125, 446.6312561035156]",1
frame_0041.png,extras,emergency exit sign,exit sign,exit sign.,0.18,0.18,1,0.2025,"[2764.838623046875, 341.9747619628906, 2855.649658203125, 445.2325439453125]",1
frame_0041.png,extras,emergency exit sign,green emergency exit sign,green emergency exit sign.,0.18,0.18,5,0.2894,"[1403.7545166015625, 888.1694946289062, 1445.7879638671875, 923.11669921875]",1
frame_0041.png,extras,emergency exit sign,green exit sign,green exit sign.,0.18,0.18,3,0.3279,"[1402.935546875, 888.1276245117188, 1445.647705078125, 923.5514526367188]",1
frame_0041.png,extras,emergency exit sign,running man exit sign,running man exit sign.,0.18,0.18,4,0.4273,"[1154.088134765625, 1648.18798828125, 1710.8184814453125, 1852.767578125]",1
frame_0041.png,extras,emergency exit sign,fire exit sign,fire exit sign.,0.18,0.18,0,0.0,,0
frame_0041.png,extras,emergency exit sign,evacuation sign,evacuation sign.,0.18,0.18,1,0.185,"[2766.04931640625, 344.65484619140625, 2855.3291015625, 443.1174011230469]",1
frame_0041.png,extras,meeting table set,meeting table set,meeting table set.,0.2,0.2,2,0.612,"[444.9294738769531, 854.6929931640625, 1148.6724853515625, 1079.056884765625]",1
frame_0041.png,extras,meeting table set,large meeting table,large meeting table.,0.2,0.2,1,0.7623,"[448.77081298828125, 859.9646606445312, 1146.4073486328125, 1077.5155029296875]",1
frame_0041.png,extras,meeting table set,conference table,conference table.,0.2,0.2,4,0.5514,"[453.91131591796875, 875.3430786132812, 1140.866943359375, 1071.372314453125]",1
frame_0041.png,extras,meeting table set,metallic desk,metallic desk.,0.2,0.2,2,0.6049,"[451.86114501953125, 869.1364135742188, 1144.78369140625, 1073.2940673828125]",1
frame_0041.png,extras,meeting table set,long table with chairs,long table with chairs.,0.2,0.2,4,0.4841,"[445.95135498046875, 852.5455322265625, 1153.2769775390625, 1075.617431640625]",1
frame_0041.png,extras,meeting table set,office meeting table,office meeting table.,0.2,0.2,3,0.6269,"[450.96148681640625, 868.35009765625, 1144.16748046875, 1074.412841796875]",1
frame_0041.png,extras,meeting table set,boardroom table,boardroom table.,0.2,0.2,2,0.6017,"[451.8861389160156, 869.6846923828125, 1142.8009033203125, 1074.9964599609375]",1
frame_0041.png,extras,trash bin,trash bin,trash bin.,0.2,0.2,0,0.0,,0
frame_0041.png,extras,trash bin,indoor trash bin,indoor trash bin.,0.2,0.2,3,0.3667,"[2.8174996376037598, 973.5069580078125, 182.9046630859375, 1197.254150390625]",1
frame_0041.png,extras,trash bin,garbage bin,garbage bin.,0.2,0.2,3,0.2263,"[2.5193185806274414, 976.2683715820312, 181.63438415527344, 1196.69677734375]",1
frame_0041.png,extras,trash bin,waste bin,waste bin.,0.2,0.2,3,0.2329,"[2.403125286102295, 976.0641479492188, 181.85769653320312, 1196.8807373046875]",1
frame_0041.png,extras,trash bin,recycling bin,recycling bin.,0.2,0.2,3,0.2923,"[1.800856590270996, 976.189453125, 182.11282348632812, 1197.3839111328125]",1
frame_0041.png,extras,trash bin,rubbish bin,rubbish bin.,0.2,0.2,5,0.2867,"[1.8473231792449951, 975.9268798828125, 182.1707000732422, 1197.5653076171875]",1
frame_0041.png,extras,trash bin,small trash can,small trash can.,0.2,0.2,2,0.6171,"[2.436196804046631, 958.2554931640625, 188.71548461914062, 1200.6925048828125]",1
frame_0041.png,extras,water fountain,water fountain,water fountain.,0.18,0.18,2,0.3365,"[1157.473388671875, 1655.12548828125, 1708.51416015625, 1855.9434814453125]",1
frame_0041.png,extras,water fountain,metallic water fountain,metallic water fountain.,0.18,0.18,4,0.4077,"[1156.099609375, 1653.1427001953125, 1709.3446044921875, 1854.8424072265625]",1
frame_0041.png,extras,water fountain,drinking fountain,drinking fountain.,0.18,0.18,0,0.0,,0
frame_0041.png,extras,water fountain,water dispenser,water dispenser.,0.18,0.18,0,0.0,,0
frame_0041.png,extras,water fountain,wall water fountain,wall water fountain.,0.18,0.18,3,0.4489,"[1156.369140625, 1654.0640869140625, 1708.93359375, 1855.2864990234375]",1
frame_0041.png,extras,water fountain,stainless water fountain,stainless water fountain.,0.18,0.18,2,0.4154,"[1153.8455810546875, 1650.4581298828125, 1711.058349609375, 1854.2596435546875]",1
frame_0042.png,production,meeting table set,ALL_GROUP,meeting table. conference table. meeting table set.,0.35,0.35,1,0.5633,"[445.626708984375, 849.0007934570312, 1149.7137451171875, 1080.4954833984375]",1
frame_0042.png,production,chair,ALL_GROUP,chair. armless chair.,0.42,0.42,3,0.4421,"[452.0340270996094, 891.4801025390625, 572.3240356445312, 1030.2032470703125]",1
frame_0042.png,production,bench,ALL_GROUP,bench. benches. metal bench. metallic bench. waiting bench.,0.38,0.38,0,0.0,,0
frame_0042.png,production,bottle+cup+cardboard box,ALL_GROUP,bottle. dark thermos. thermos. dark thermos bottle. cup. cups. white drinking cup. white drinking cups. cardboard box. brown cardboard. brown cardboard box.,0.28,0.28,1,0.3051,"[1608.581787109375, 981.7203369140625, 1706.1671142578125, 1047.216064453125]",1
frame_0042.png,production,water fountain+door,ALL_GROUP,water fountain. metallic fountain. metallic water fountain. door. doors. dark door. dark door surface. elevator sliding door. elevator sliding doors.,0.38,0.38,0,0.0,,0
frame_0042.png,production,emergency exit sign,ALL_GROUP,emergency exit sign. exit sign.,0.5,0.5,0,0.0,,0
frame_0042.png,production,trash bin,ALL_GROUP,trash bin. trash bins. indoor trash bin.,0.45,0.45,0,0.0,,0
frame_0042.png,extras,bench,bench,bench.,0.2,0.2,3,0.2204,"[2.005927562713623, 1753.7191162109375, 432.987060546875, 1856.9423828125]",1
frame_0042.png,extras,bench,metal bench,metal bench.,0.2,0.2,4,0.2841,"[2.9967570304870605, 1748.536865234375, 439.51226806640625, 1854.5665283203125]",1
frame_0042.png,extras,bench,waiting bench,waiting bench.,0.2,0.2,2,0.3675,"[2235.1171875, 1663.6025390625, 2879.405029296875, 1854.4404296875]",1
frame_0042.png,extras,bench,sitting bench,sitting bench.,0.2,0.2,5,0.3231,"[2.3058629035949707, 1751.070068359375, 435.4301452636719, 1855.92578125]",1
frame_0042.png,extras,bench,long bench,long bench.,0.2,0.2,4,0.3836,"[2235.418701171875, 1662.6871337890625, 2878.270751953125, 1853.99951171875]",1
frame_0042.png,extras,bottle,bottle,bottle.,0.18,0.18,1,0.5589,"[1086.359619140625, 859.62353515625, 1102.7462158203125, 896.7488403320312]",1
frame_0042.png,extras,bottle,dark thermos bottle,dark thermos bottle.,0.18,0.18,2,0.3075,"[1082.2274169921875, 853.5065307617188, 1107.629150390625, 901.4240112304688]",1
frame_0042.png,extras,bottle,thermos bottle,thermos bottle.,0.18,0.18,1,0.3215,"[1083.8919677734375, 856.467041015625, 1105.5966796875, 900.5360717773438]",1
frame_0042.png,extras,bottle,water bottle,water bottle.,0.18,0.18,2,0.4229,"[1083.8209228515625, 857.0473022460938, 1105.1009521484375, 900.2061157226562]",1
frame_0042.png,extras,bottle,drink bottle,drink bottle.,0.18,0.18,1,0.2801,"[1084.976318359375, 857.4813842773438, 1104.720703125, 899.399169921875]",1
frame_0042.png,extras,bottle,small bottle,small bottle.,0.18,0.18,2,0.5449,"[1082.2017822265625, 854.8905639648438, 1107.2442626953125, 901.303466796875]",1
frame_0042.png,extras,cardboard box,cardboard box,cardboard box.,0.2,0.2,1,0.5356,"[1610.4744873046875, 984.7100219726562, 1703.835693359375, 1044.7132568359375]",1
frame_0042.png,extras,cardboard box,brown cardboard box,brown cardboard box.,0.2,0.2,2,0.5918,"[1608.26123046875, 981.7978515625, 1705.7347412109375, 1046.8035888671875]",1
frame_0042.png,extras,cardboard box,shipping box,shipping box.,0.2,0.2,2,0.4351,"[1611.140869140625, 985.964111328125, 1703.3731689453125, 1043.67822265625]",1
frame_0042.png,extras,cardboard box,package box,package box.,0.2,0.2,1,0.2532,"[1611.2607421875, 985.3345336914062, 1703.61865234375, 1043.875732421875]",1
frame_0042.png,extras,cardboard box,small box,small box.,0.2,0.2,1,0.6842,"[1609.604248046875, 983.2728881835938, 1705.3792724609375, 1045.710693359375]",1
frame_0042.png,extras,cardboard box,box,box.,0.2,0.2,1,0.4513,"[1612.0264892578125, 987.240966796875, 1702.6358642578125, 1042.1009521484375]",1
frame_0042.png,extras,chair,chair,chair.,0.2,0.2,8,0.2667,"[452.55419921875, 895.0582275390625, 568.0474243164062, 1028.08984375]",1
frame_0042.png,extras,chair,armless chair,armless chair.,0.2,0.2,7,0.4272,"[586.3010864257812, 861.4439086914062, 719.8550415039062, 1070.98046875]",1
frame_0042.png,extras,chair,office chair,office chair.,0.2,0.2,12,0.4191,"[587.817626953125, 863.409423828125, 720.8423461914062, 1069.522216796875]",1
frame_0042.png,extras,chair,wheeled chair,wheeled chair.,0.2,0.2,9,0.4857,"[587.2866821289062, 862.54931640625, 718.6791381835938, 1069.7745361328125]",1
frame_0042.png,extras,chair,swivel chair,swivel chair.,0.2,0.2,6,0.3914,"[586.2081298828125, 861.1394653320312, 718.0860595703125, 1071.395751953125]",1
frame_0042.png,extras,chair,rolling chair,rolling chair.,0.2,0.2,8,0.4305,"[587.3592529296875, 862.2525634765625, 718.8215942382812, 1070.1334228515625]",1
frame_0042.png,extras,cup,cup,cup.,0.18,0.18,1,0.3404,"[1087.1629638671875, 861.1614990234375, 1102.800537109375, 896.177978515625]",1
frame_0042.png,extras,cup,white drinking cup,white drinking cup.,0.18,0.18,3,0.4226,"[1078.484375, 852.0660400390625, 1110.6143798828125, 902.8823852539062]",1
frame_0042.png,extras,cup,drinking cup,drinking cup.,0.18,0.18,0,0.0,,0
frame_0042.png,extras,cup,coffee cup,coffee cup.,0.18,0.18,0,0.0,,0
frame_0042.png,extras,cup,paper cup,paper cup.,0.18,0.18,0,0.0,,0
frame_0042.png,extras,cup,small cup,small cup.,0.18,0.18,2,0.3263,"[1081.9608154296875, 854.711181640625, 1108.6361083984375, 900.0364990234375]",1
frame_0042.png,extras,door,door,door.,0.2,0.2,8,0.3117,"[229.08802795410156, 600.30517578125, 339.21502685546875, 1036.2103271484375]",1
frame_0042.png,extras,door,dark door surface,dark door surface.,0.2,0.2,4,0.3165,"[1551.9024658203125, 491.7401123046875, 1700.8077392578125, 1002.6151123046875]",1
frame_0042.png,extras,door,wooden door,wooden door.,0.2,0.2,5,0.3872,"[224.7025909423828, 599.8858642578125, 340.22601318359375, 1037.835205078125]",1
frame_0042.png,extras,door,closed door,closed door.,0.2,0.2,3,0.4025,"[223.57261657714844, 599.7887573242188, 340.1643371582031, 1038.830810546875]",1
frame_0042.png,extras,door,interior door,interior door.,0.2,0.2,10,0.3745,"[225.50868225097656, 598.8820190429688, 339.0090026855469, 1037.241943359375]",1
frame_0042.png,extras,door,single door,single door.,0.2,0.2,2,0.4056,"[222.4671173095703, 598.1735229492188, 340.86822509765625, 1039.448486328125]",1
frame_0042.png,extras,emergency exit sign,emergency exit sign,emergency exit sign.,0.18,0.18,4,0.2754,"[2763.826171875, 342.58795166015625, 2856.985595703125, 446.62548828125]",1
frame_0042.png,extras,emergency exit sign,exit sign,exit sign.,0.18,0.18,1,0.2034,"[2765.24267578125, 342.4892272949219, 2856.410400390625, 445.02410888671875]",1
frame_0042.png,extras,emergency exit sign,green emergency exit sign,green emergency exit sign.,0.18,0.18,6,0.2823,"[1403.9864501953125, 888.248291015625, 1445.48291015625, 922.7919921875]",1
frame_0042.png,extras,emergency exit sign,green exit sign,green exit sign.,0.18,0.18,4,0.3285,"[1403.1697998046875, 888.294189453125, 1445.3614501953125, 923.2593383789062]",1
frame_0042.png,extras,emergency exit sign,running man exit sign,running man exit sign.,0.18,0.18,4,0.4416,"[1153.860107421875, 1648.1019287109375, 1711.2193603515625, 1853.7762451171875]",1
frame_0042.png,extras,emergency exit sign,fire exit sign,fire exit sign.,0.18,0.18,0,0.0,,0
frame_0042.png,extras,emergency exit sign,evacuation sign,evacuation sign.,0.18,0.18,1,0.1814,"[2765.80859375, 344.8415832519531, 2856.558349609375, 442.8188171386719]",1
frame_0042.png,extras,meeting table set,meeting table set,meeting table set.,0.2,0.2,2,0.6153,"[444.8687744140625, 854.7958984375, 1148.3228759765625, 1078.989501953125]",1
frame_0042.png,extras,meeting table set,large meeting table,large meeting table.,0.2,0.2,1,0.7635,"[448.5993347167969, 860.3240966796875, 1146.300537109375, 1077.4664306640625]",1
frame_0042.png,extras,meeting table set,conference table,conference table.,0.2,0.2,4,0.5647,"[453.3562316894531, 876.3961181640625, 1140.8349609375, 1071.2720947265625]",1
frame_0042.png,extras,meeting table set,metallic desk,metallic desk.,0.2,0.2,2,0.6136,"[451.27294921875, 869.6941528320312, 1144.58544921875, 1072.80419921875]",1
frame_0042.png,extras,meeting table set,long table with chairs,long table with chairs.,0.2,0.2,4,0.4877,"[445.4407653808594, 852.4019165039062, 1153.38134765625, 1075.50634765625]",1
frame_0042.png,extras,meeting table set,office meeting table,office meeting table.,0.2,0.2,3,0.6246,"[450.72998046875, 868.3777465820312, 1144.2291259765625, 1074.894775390625]",1
frame_0042.png,extras,meeting table set,boardroom table,boardroom table.,0.2,0.2,2,0.6035,"[451.8104248046875, 869.967529296875, 1142.6771240234375, 1074.8094482421875]",1
frame_0042.png,extras,trash bin,trash bin,trash bin.,0.2,0.2,0,0.0,,0
frame_0042.png,extras,trash bin,indoor trash bin,indoor trash bin.,0.2,0.2,2,0.3708,"[2.539762258529663, 974.29443359375, 183.10406494140625, 1197.3778076171875]",1
frame_0042.png,extras,trash bin,garbage bin,garbage bin.,0.2,0.2,2,0.232,"[2.4411587715148926, 976.2744750976562, 181.6319580078125, 1196.6512451171875]",1
frame_0042.png,extras,trash bin,waste bin,waste bin.,0.2,0.2,2,0.2366,"[2.394906997680664, 976.1754760742188, 181.82473754882812, 1196.75439453125]",1
frame_0042.png,extras,trash bin,recycling bin,recycling bin.,0.2,0.2,3,0.2935,"[1.6586780548095703, 976.2144775390625, 182.0234375, 1197.3497314453125]",1
frame_0042.png,extras,trash bin,rubbish bin,rubbish bin.,0.2,0.2,5,0.2896,"[1.7688310146331787, 975.9534912109375, 182.05340576171875, 1197.5460205078125]",1
frame_0042.png,extras,trash bin,small trash can,small trash can.,0.2,0.2,2,0.5991,"[2.29638934135437, 963.3232421875, 188.7428436279297, 1200.8857421875]",1
frame_0042.png,extras,water fountain,water fountain,water fountain.,0.18,0.18,3,0.3351,"[1157.528076171875, 1655.285888671875, 1708.6976318359375, 1856.071044921875]",1
frame_0042.png,extras,water fountain,metallic water fountain,metallic water fountain.,0.18,0.18,4,0.403,"[1156.08984375, 1653.2777099609375, 1709.34423828125, 1854.950439453125]",1
frame_0042.png,extras,water fountain,drinking fountain,drinking fountain.,0.18,0.18,0,0.0,,0
frame_0042.png,extras,water fountain,water dispenser,water dispenser.,0.18,0.18,0,0.0,,0
frame_0042.png,extras,water fountain,wall water fountain,wall water fountain.,0.18,0.18,4,0.444,"[1156.3846435546875, 1654.2684326171875, 1708.919189453125, 1855.35400390625]",1
frame_0042.png,extras,water fountain,stainless water fountain,stainless water fountain.,0.18,0.18,3,0.411,"[1153.884033203125, 1650.6163330078125, 1711.0069580078125, 1854.3880615234375]",1
frame_0043.png,production,meeting table set,ALL_GROUP,meeting table. conference table. meeting table set.,0.35,0.35,1,0.56,"[445.6011657714844, 848.8316650390625, 1149.96044921875, 1080.5966796875]",1
frame_0043.png,production,chair,ALL_GROUP,chair. armless chair.,0.42,0.42,3,0.4357,"[452.0312194824219, 891.6728515625, 574.6653442382812, 1030.33349609375]",1
frame_0043.png,production,bench,ALL_GROUP,bench. benches. metal bench. metallic bench. waiting bench.,0.38,0.38,0,0.0,,0
frame_0043.png,production,bottle+cup+cardboard box,ALL_GROUP,bottle. dark thermos. thermos. dark thermos bottle. cup. cups. white drinking cup. white drinking cups. cardboard box. brown cardboard. brown cardboard box.,0.28,0.28,1,0.2865,"[1608.8095703125, 981.9727783203125, 1705.9349365234375, 1047.154052734375]",1
frame_0043.png,production,water fountain+door,ALL_GROUP,water fountain. metallic fountain. metallic water fountain. door. doors. dark door. dark door surface. elevator sliding door. elevator sliding doors.,0.38,0.38,0,0.0,,0
frame_0043.png,production,emergency exit sign,ALL_GROUP,emergency exit sign. exit sign.,0.5,0.5,0,0.0,,0
frame_0043.png,production,trash bin,ALL_GROUP,trash bin. trash bins. indoor trash bin.,0.45,0.45,0,0.0,,0
frame_0043.png,extras,bench,bench,bench.,0.2,0.2,1,0.2089,"[1156.245849609375, 910.8157348632812, 1205.5074462890625, 983.7955322265625]",1
frame_0043.png,extras,bench,metal bench,metal bench.,0.2,0.2,3,0.2733,"[3.267037868499756, 1749.0814208984375, 440.4529724121094, 1854.451904296875]",1
frame_0043.png,extras,bench,waiting bench,waiting bench.,0.2,0.2,5,0.3039,"[1.9632267951965332, 1750.6221923828125, 436.8299560546875, 1855.0220947265625]",1
frame_0043.png,extras,bench,sitting bench,sitting bench.,0.2,0.2,7,0.2824,"[1153.9974365234375, 908.5897827148438, 1209.84814453125, 985.5621337890625]",1
frame_0043.png,extras,bench,long bench,long bench.,0.2,0.2,4,0.3246,"[2.700169086456299, 1750.2762451171875, 439.1749572753906, 1854.67822265625]",1
frame_0043.png,extras,bottle,bottle,bottle.,0.18,0.18,1,0.5725,"[1086.199951171875, 859.6019897460938, 1102.6312255859375, 896.7183837890625]",1
frame_0043.png,extras,bottle,dark thermos bottle,dark thermos bottle.,0.18,0.18,2,0.2815,"[1081.966064453125, 853.6946411132812, 1107.2906494140625, 901.3196411132812]",1
frame_0043.png,extras,bottle,thermos bottle,thermos bottle.,0.18,0.18,1,0.3289,"[1083.5704345703125, 856.6176147460938, 1105.3236083984375, 900.575439453125]",1
frame_0043.png,extras,bottle,water bottle,water bottle.,0.18,0.18,1,0.4377,"[1083.593017578125, 857.1569213867188, 1104.8321533203125, 900.228271484375]",1
frame_0043.png,extras,bottle,drink bottle,drink bottle.,0.18,0.18,1,0.2919,"[1084.6666259765625, 857.6619262695312, 1104.491943359375, 899.5590209960938]",1
frame_0043.png,extras,bottle,small bottle,small bottle.,0.18,0.18,2,0.5678,"[1082.0279541015625, 855.0354614257812, 1106.912109375, 901.3026733398438]",1
frame_0043.png,extras,cardboard box,cardboard box,cardboard box.,0.2,0.2,1,0.517,"[1610.689453125, 984.8511962890625, 1703.615234375, 1044.7557373046875]",1
frame_0043.png,extras,cardboard box,brown cardboard box,brown cardboard box.,0.2,0.2,2,0.5882,"[1608.4156494140625, 981.971923828125, 1705.5206298828125, 1046.8463134765625]",1
frame_0043.png,extras,cardboard box,shipping box,shipping box.,0.2,0.2,2,0.4192,"[1611.300537109375, 986.0299682617188, 1703.1610107421875, 1043.7208251953125]",1
frame_0043.png,extras,cardboard box,package box,package box.,0.2,0.2,1,0.2257,"[1611.48828125, 985.366455078125, 1703.4951171875, 1043.8963623046875]",1
frame_0043.png,extras,cardboard box,small box,small box.,0.2,0.2,1,0.6738,"[1609.80419921875, 983.4200439453125, 1705.0140380859375, 1045.7359619140625]",1
frame_0043.png,extras,cardboard box,box,box.,0.2,0.2,1,0.4359,"[1612.0784912109375, 987.298828125, 1702.490478515625, 1042.126708984375]",1
frame_0043.png,extras,chair,chair,chair.,0.2,0.2,8,0.2659,"[452.54290771484375, 895.1238403320312, 568.65380859375, 1028.041748046875]",1
frame_0043.png,extras,chair,armless chair,armless chair.,0.2,0.2,7,0.4179,"[586.4414672851562, 861.5457763671875, 717.2516479492188, 1070.736328125]",1
frame_0043.png,extras,chair,office chair,office chair.,0.2,0.2,12,0.4128,"[587.6594848632812, 863.4564819335938, 718.9432983398438, 1069.4951171875]",1
frame_0043.png,extras,chair,wheeled chair,wheeled chair.,0.2,0.2,7,0.4804,"[587.1510620117188, 862.6610717773438, 716.3720092773438, 1069.5860595703125]",1
frame_0043.png,extras,chair,swivel chair,swivel chair.,0.2,0.2,6,0.3861,"[586.16357421875, 861.1820678710938, 715.9041748046875, 1071.2200927734375]",1
frame_0043.png,extras,chair,rolling chair,rolling chair.,0.2,0.2,8,0.4276,"[587.2882690429688, 862.2918701171875, 716.3709716796875, 1069.9683837890625]",1
frame_0043.png,extras,cup,cup,cup.,0.18,0.18,1,0.3415,"[1087.05859375, 861.2836303710938, 1102.6004638671875, 896.0940551757812]",1
frame_0043.png,extras,cup,white drinking cup,white drinking cup.,0.18,0.18,2,0.4188,"[1078.3092041015625, 852.23291015625, 1110.260009765625, 902.8043212890625]",1
frame_0043.png,extras,cup,drinking cup,drinking cup.,0.18,0.18,0,0.0,,0
frame_0043.png,extras,cup,coffee cup,coffee cup.,0.18,0.18,0,0.0,,0
frame_0043.png,extras,cup,paper cup,paper cup.,0.18,0.18,0,0.0,,0
frame_0043.png,extras,cup,small cup,small cup.,0.18,0.18,2,0.3322,"[1081.6376953125, 854.8809204101562, 1108.1878662109375, 900.040283203125]",1
frame_0043.png,extras,door,door,door.,0.2,0.2,11,0.2982,"[228.96023559570312, 600.639892578125, 339.2849426269531, 1036.2135009765625]",1
frame_0043.png,extras,door,dark door surface,dark door surface.,0.2,0.2,4,0.3295,"[1552.133544921875, 491.4996337890625, 1700.2415771484375, 1001.8304443359375]",1
frame_0043.png,extras,door,wooden door,wooden door.,0.2,0.2,5,0.3778,"[225.03939819335938, 600.6124877929688, 339.9914855957031, 1037.87353515625]",1
frame_0043.png,extras,door,closed door,closed door.,0.2,0.2,5,0.3904,"[223.49319458007812, 600.2771606445312, 340.1235046386719, 1038.921875]",1
frame_0043.png,extras,door,interior door,interior door.,0.2,0.2,10,0.3588,"[225.46360778808594, 599.0968017578125, 338.9509582519531, 1037.34765625]",1
frame_0043.png,extras,door,single door,single door.,0.2,0.2,3,0.3959,"[222.29632568359375, 598.6456298828125, 340.7201843261719, 1039.5552978515625]",1
frame_0043.png,extras,emergency exit sign,emergency exit sign,emergency exit sign.,0.18,0.18,4,0.2706,"[2763.14453125, 341.97613525390625, 2856.372314453125, 447.6052551269531]",1
frame_0043.png,extras,emergency exit sign,exit sign,exit sign.,0.18,0.18,1,0.2093,"[2765.31689453125, 342.45831298828125, 2855.35595703125, 445.256103515625]",1
frame_0043.png,extras,emergency exit sign,green emergency exit sign,green emergency exit sign.,0.18,0.18,5,0.3091,"[1403.5279541015625, 888.0870971679688, 1445.7974853515625, 923.015380859375]",1
frame_0043.png,extras,emergency exit sign,green exit sign,green exit sign.,0.18,0.18,4,0.3234,"[1402.6793212890625, 887.9590454101562, 1445.773681640625, 923.5185546875]",1
frame_0043.png,extras,emergency exit sign,running man exit sign,running man exit sign.,0.18,0.18,3,0.4459,"[1154.1170654296875, 1647.9049072265625, 1710.637939453125, 1852.9696044921875]",1
frame_0043.png,extras,emergency exit sign,fire exit sign,fire exit sign.,0.18,0.18,0,0.0,,0
frame_0043.png,extras,emergency exit sign,evacuation sign,evacuation sign.,0.18,0.18,1,0.2012,"[2724.718017578125, 305.1133117675781, 2876.945556640625, 476.2978210449219]",1
frame_0043.png,extras,meeting table set,meeting table set,meeting table set.,0.2,0.2,2,0.6155,"[444.9315185546875, 854.8064575195312, 1148.4232177734375, 1078.9075927734375]",1
frame_0043.png,extras,meeting table set,large meeting table,large meeting table.,0.2,0.2,1,0.7677,"[449.8497009277344, 860.0087280273438, 1146.5174560546875, 1077.29345703125]",1
frame_0043.png,extras,meeting table set,conference table,conference table.,0.2,0.2,4,0.5532,"[454.2447509765625, 875.1690063476562, 1141.8092041015625, 1071.4754638671875]",1
frame_0043.png,extras,meeting table set,metallic desk,metallic desk.,0.2,0.2,2,0.6087,"[452.3184509277344, 869.3042602539062, 1145.1793212890625, 1072.8834228515625]",1
frame_0043.png,extras,meeting table set,long table with chairs,long table with chairs.,0.2,0.2,4,0.4872,"[446.5052185058594, 853.033935546875, 1153.2596435546875, 1074.994384765625]",1
frame_0043.png,extras,meeting table set,office meeting table,office meeting table.,0.2,0.2,3,0.6322,"[451.0057678222656, 868.4810791015625, 1144.576904296875, 1074.7664794921875]",1
frame_0043.png,extras,meeting table set,boardroom table,boardroom table.,0.2,0.2,2,0.6032,"[452.4543151855469, 869.5440063476562, 1143.2950439453125, 1074.9864501953125]",1
frame_0043.png,extras,trash bin,trash bin,trash bin.,0.2,0.2,0,0.0,,0
frame_0043.png,extras,trash bin,indoor trash bin,indoor trash bin.,0.2,0.2,2,0.3644,"[2.7566134929656982, 974.2407836914062, 182.21932983398438, 1197.3433837890625]",1
frame_0043.png,extras,trash bin,garbage bin,garbage bin.,0.2,0.2,2,0.2246,"[2.560168504714966, 976.3262329101562, 180.96348571777344, 1196.4805908203125]",1
frame_0043.png,extras,trash bin,waste bin,waste bin.,0.2,0.2,2,0.2279,"[2.4671010971069336, 976.3023681640625, 181.11807250976562, 1196.736572265625]",1
frame_0043.png,extras,trash bin,recycling bin,recycling bin.,0.2,0.2,3,0.2786,"[1.7743778228759766, 976.3952026367188, 181.24859619140625, 1197.2779541015625]",1
frame_0043.png,extras,trash bin,rubbish bin,rubbish bin.,0.2,0.2,5,0.2714,"[1.8785923719406128, 976.1187744140625, 181.26568603515625, 1197.4671630859375]",1
frame_0043.png,extras,trash bin,small trash can,small trash can.,0.2,0.2,2,0.6036,"[2.404536008834839, 962.0798950195312, 187.9581756591797, 1200.7891845703125]",1
frame_0043.png,extras,water fountain,water fountain,water fountain.,0.18,0.18,2,0.3109,"[1157.739990234375, 1655.0263671875, 1708.05029296875, 1855.8253173828125]",1
frame_0043.png,extras,water fountain,metallic water fountain,metallic water fountain.,0.18,0.18,4,0.3858,"[1156.110595703125, 1652.8819580078125, 1709.021484375, 1854.7840576171875]",1
frame_0043.png,extras,water fountain,drinking fountain,drinking fountain.,0.18,0.18,0,0.0,,0
frame_0043.png,extras,water fountain,water dispenser,water dispenser.,0.18,0.18,0,0.0,,0
frame_0043.png,extras,water fountain,wall water fountain,wall water fountain.,0.18,0.18,5,0.4325,"[1156.504638671875, 1653.988525390625, 1708.5634765625, 1855.254638671875]",1
frame_0043.png,extras,water fountain,stainless water fountain,stainless water fountain.,0.18,0.18,2,0.3988,"[1153.93115234375, 1650.3016357421875, 1710.80712890625, 1854.2635498046875]",1
frame_0044.png,production,meeting table set,ALL_GROUP,meeting table. conference table. meeting table set.,0.35,0.35,1,0.5662,"[442.48895263671875, 847.4248046875, 1148.7481689453125, 1081.7088623046875]",1
frame_0044.png,production,chair,ALL_GROUP,chair. armless chair.,0.42,0.42,3,0.4468,"[446.8268737792969, 891.4158325195312, 571.0707397460938, 1031.341552734375]",1
frame_0044.png,production,bench,ALL_GROUP,bench. benches. metal bench. metallic bench. waiting bench.,0.38,0.38,0,0.0,,0
frame_0044.png,production,bottle+cup+cardboard box,ALL_GROUP,bottle. dark thermos. thermos. dark thermos bottle. cup. cups. white drinking cup. white drinking cups. cardboard box. brown cardboard. brown cardboard box.,0.28,0.28,1,0.3576,"[1609.6868896484375, 982.3589477539062, 1708.755126953125, 1049.0732421875]",1
frame_0044.png,production,water fountain+door,ALL_GROUP,water fountain. metallic fountain. metallic water fountain. door. doors. dark door. dark door surface. elevator sliding door. elevator sliding doors.,0.38,0.38,0,0.0,,0
frame_0044.png,production,emergency exit sign,ALL_GROUP,emergency exit sign. exit sign.,0.5,0.5,0,0.0,,0
frame_0044.png,production,trash bin,ALL_GROUP,trash bin. trash bins. indoor trash bin.,0.45,0.45,0,0.0,,0
frame_0044.png,extras,bench,bench,bench.,0.2,0.2,2,0.2176,"[2.063906192779541, 1753.2860107421875, 433.7980041503906, 1856.8236083984375]",1
frame_0044.png,extras,bench,metal bench,metal bench.,0.2,0.2,4,0.3087,"[3.226139545440674, 1748.0716552734375, 435.69049072265625, 1854.417236328125]",1
frame_0044.png,extras,bench,waiting bench,waiting bench.,0.2,0.2,2,0.3825,"[1.8508315086364746, 1750.1551513671875, 435.3261413574219, 1855.0650634765625]",1
frame_0044.png,extras,bench,sitting bench,sitting bench.,0.2,0.2,4,0.3402,"[2.4295663833618164, 1750.647216796875, 433.6475830078125, 1855.7413330078125]",1
frame_0044.png,extras,bench,long bench,long bench.,0.2,0.2,4,0.3999,"[2245.628662109375, 1661.6114501953125, 2878.3408203125, 1853.876708984375]",1
frame_0044.png,extras,bottle,bottle,bottle.,0.18,0.18,1,0.563,"[1084.57080078125, 859.31494140625, 1101.2164306640625, 897.0055541992188]",1
frame_0044.png,extras,bottle,dark thermos bottle,dark thermos bottle.,0.18,0.18,2,0.2937,"[1080.4427490234375, 853.4197998046875, 1105.6854248046875, 901.9906005859375]",1
frame_0044.png,extras,bottle,thermos bottle,thermos bottle.,0.18,0.18,1,0.335,"[1082.052490234375, 856.24365234375, 1103.993408203125, 900.6029052734375]",1
frame_0044.png,extras,bottle,water bottle,water bottle.,0.18,0.18,1,0.418,"[1082.1737060546875, 856.7679443359375, 1103.730712890625, 900.33154296875]",1
frame_0044.png,extras,bottle,drink bottle,drink bottle.,0.18,0.18,1,0.2835,"[1082.8980712890625, 857.2980346679688, 1102.8939208984375, 899.415283203125]",1
frame_0044.png,extras,bottle,small bottle,small bottle.,0.18,0.18,2,0.5582,"[1080.414794921875, 854.748291015625, 1105.934814453125, 901.22705078125]",1
frame_0044.png,extras,cardboard box,cardboard box,cardboard box.,0.2,0.2,1,0.5613,"[1611.8433837890625, 985.627685546875, 1706.3453369140625, 1046.2926025390625]",1
frame_0044.png,extras,cardboard box,brown cardboard box,brown cardboard box.,0.2,0.2,1,0.6098,"[1609.3956298828125, 982.6005249023438, 1708.2509765625, 1048.5450439453125]",1
frame_0044.png,extras,cardboard box,shipping box,shipping box.,0.2,0.2,1,0.4506,"[1612.6395263671875, 987.113037109375, 1705.877685546875, 1045.184326171875]",1
frame_0044.png,extras,cardboard box,package box,package box.,0.2,0.2,1,0.2875,"[1612.6650390625, 986.5519409179688, 1705.7813720703125, 1045.59912109375]",1
frame_0044.png,extras,cardboard box,small box,small box.,0.2,0.2,1,0.7176,"[1611.0521240234375, 984.0054931640625, 1707.7781982421875, 1047.5028076171875]",1
frame_0044.png,extras,cardboard box,box,box.,0.2,0.2,1,0.4746,"[1613.563720703125, 988.381103515625, 1705.2662353515625, 1043.65771484375]",1
frame_0044.png,extras,chair,chair,chair.,0.2,0.2,8,0.2862,"[448.6755065917969, 894.8775024414062, 566.4739379882812, 1028.91796875]",1
frame_0044.png,extras,chair,armless chair,armless chair.,0.2,0.2,7,0.4049,"[581.353271484375, 861.5375366210938, 719.4568481445312, 1071.9490966796875]",1
frame_0044.png,extras,chair,office chair,office chair.,0.2,0.2,10,0.4282,"[582.5496215820312, 863.63671875, 723.2616577148438, 1070.85888671875]",1
frame_0044.png,extras,chair,wheeled chair,wheeled chair.,0.2,0.2,7,0.4922,"[582.235107421875, 862.8048095703125, 719.8772583007812, 1070.8046875]",1
frame_0044.png,extras,chair,swivel chair,swivel chair.,0.2,0.2,6,0.3887,"[580.7921142578125, 861.1586303710938, 718.6119995117188, 1072.654296875]",1
frame_0044.png,extras,chair,rolling chair,rolling chair.,0.2,0.2,7,0.4339,"[581.9755249023438, 862.542724609375, 719.7431640625, 1071.1114501953125]",1
frame_0044.png,extras,cup,cup,cup.,0.18,0.18,1,0.3548,"[1085.3028564453125, 860.6070556640625, 1101.1036376953125, 896.072998046875]",1
frame_0044.png,extras,cup,white drinking cup,white drinking cup.,0.18,0.18,3,0.4145,"[1076.7274169921875, 851.42431640625, 1109.5772705078125, 902.8157348632812]",1
frame_0044.png,extras,cup,drinking cup,drinking cup.,0.18,0.18,0,0.0,,0
frame_0044.png,extras,cup,coffee cup,coffee cup.,0.18,0.18,0,0.0,,0
frame_0044.png,extras,cup,paper cup,paper cup.,0.18,0.18,0,0.0,,0
frame_0044.png,extras,cup,small cup,small cup.,0.18,0.18,2,0.3287,"[1079.5513916015625, 854.1622924804688, 1106.892822265625, 899.7977294921875]",1
frame_0044.png,extras,door,door,door.,0.2,0.2,11,0.3205,"[221.69815063476562, 601.2911376953125, 336.8631591796875, 1037.6021728515625]",1
frame_0044.png,extras,door,dark door surface,dark door surface.,0.2,0.2,4,0.3288,"[1552.2550048828125, 488.31024169921875, 1701.739501953125, 1002.8314208984375]",1
frame_0044.png,extras,door,wooden door,wooden door.,0.2,0.2,6,0.3829,"[216.4698028564453, 600.9620361328125, 338.13787841796875, 1039.350830078125]",1
frame_0044.png,extras,door,closed door,closed door.,0.2,0.2,4,0.4116,"[215.70370483398438, 600.6895751953125, 338.36578369140625, 1040.6990966796875]",1
frame_0044.png,extras,door,interior door,interior door.,0.2,0.2,9,0.3762,"[218.1776885986328, 599.980224609375, 337.3167419433594, 1038.8111572265625]",1
frame_0044.png,extras,door,single door,single door.,0.2,0.2,2,0.4279,"[213.92637634277344, 598.6140747070312, 338.95538330078125, 1041.738525390625]",1
frame_0044.png,extras,emergency exit sign,emergency exit sign,emergency exit sign.,0.18,0.18,4,0.2765,"[2770.00341796875, 340.42523193359375, 2868.875732421875, 448.20733642578125]",1
frame_0044.png,extras,emergency exit sign,exit sign,exit sign.,0.18,0.18,1,0.2254,"[2771.4619140625, 340.9552307128906, 2867.270263671875, 445.208984375]",1
frame_0044.png,extras,emergency exit sign,green emergency exit sign,green emergency exit sign.,0.18,0.18,6,0.2822,"[2755.861328125, 328.5308837890625, 2873.51953125, 462.70465087890625]",1
frame_0044.png,extras,emergency exit sign,green exit sign,green exit sign.,0.18,0.18,4,0.3184,"[2765.60498046875, 336.05877685546875, 2868.42822265625, 452.6575012207031]",1
frame_0044.png,extras,emergency exit sign,running man exit sign,running man exit sign.,0.18,0.18,4,0.3533,"[2038.303955078125, 521.1207275390625, 2178.6865234375, 888.3916625976562]",1
frame_0044.png,extras,emergency exit sign,fire exit sign,fire exit sign.,0.18,0.18,0,0.0,,0
frame_0044.png,extras,emergency exit sign,evacuation sign,evacuation sign.,0.18,0.18,1,0.2068,"[2770.22607421875, 341.26885986328125, 2872.542236328125, 451.4942932128906]",1
frame_0044.png,extras,meeting table set,meeting table set,meeting table set.,0.2,0.2,1,0.6175,"[442.26544189453125, 853.2211303710938, 1147.6512451171875, 1079.92138671875]",1
frame_0044.png,extras,meeting table set,large meeting table,large meeting table.,0.2,0.2,1,0.763,"[446.0208740234375, 858.4373168945312, 1145.2596435546875, 1077.995849609375]",1
frame_0044.png,extras,meeting table set,conference table,conference table.,0.2,0.2,4,0.5512,"[450.2095031738281, 875.2691040039062, 1139.294189453125, 1072.258544921875]",1
frame_0044.png,extras,meeting table set,metallic desk,metallic desk.,0.2,0.2,2,0.6182,"[448.39031982421875, 869.2245483398438, 1143.719970703125, 1073.9410400390625]",1
frame_0044.png,extras,meeting table set,long table with chairs,long table with chairs.,0.2,0.2,4,0.5127,"[443.0367736816406, 851.5, 1152.6217041015625, 1075.4874267578125]",1
frame_0044.png,extras,meeting table set,office meeting table,office meeting table.,0.2,0.2,3,0.6312,"[447.5303039550781, 867.25537109375, 1143.2491455078125, 1074.9044189453125]",1
frame_0044.png,extras,meeting table set,boardroom table,boardroom table.,0.2,0.2,2,0.6058,"[448.7515869140625, 869.003662109375, 1141.225341796875, 1075.776123046875]",1
frame_0044.png,extras,trash bin,trash bin,trash bin.,0.2,0.2,0,0.0,,0
frame_0044.png,extras,trash bin,indoor trash bin,indoor trash bin.,0.2,0.2,3,0.2758,"[2.6773862838745117, 975.0443115234375, 171.70913696289062, 1197.93408203125]",1
frame_0044.png,extras,trash bin,garbage bin,garbage bin.,0.2,0.2,0,0.0,,0
frame_0044.png,extras,trash bin,waste bin,waste bin.,0.2,0.2,0,0.0,,0
frame_0044.png,extras,trash bin,recycling bin,recycling bin.,0.2,0.2,1,0.2285,"[1612.7418212890625, 986.1644897460938, 1706.68798828125, 1045.6661376953125]",1
frame_0044.png,extras,trash bin,rubbish bin,rubbish bin.,0.2,0.2,3,0.2296,"[1612.35888671875, 985.7008056640625, 1706.6820068359375, 1045.6983642578125]",1
frame_0044.png,extras,trash bin,small trash can,small trash can.,0.2,0.2,3,0.5299,"[2.6797091960906982, 928.4115600585938, 177.5496063232422, 1201.32080078125]",1
frame_0044.png,extras,water fountain,water fountain,water fountain.,0.18,0.18,2,0.3265,"[1157.3260498046875, 1655.494140625, 1708.321533203125, 1855.6082763671875]",1
frame_0044.png,extras,water fountain,metallic water fountain,metallic water fountain.,0.18,0.18,3,0.4011,"[1155.55810546875, 1653.7078857421875, 1709.2208251953125, 1854.5260009765625]",1
frame_0044.png,extras,water fountain,drinking fountain,drinking fountain.,0.18,0.18,0,0.0,,0
frame_0044.png,extras,water fountain,water dispenser,water dispenser.,0.18,0.18,0,0.0,,0
frame_0044.png,extras,water fountain,wall water fountain,wall water fountain.,0.18,0.18,3,0.4345,"[1156.0968017578125, 1654.6802978515625, 1708.6380615234375, 1854.966796875]",1
frame_0044.png,extras,water fountain,stainless water fountain,stainless water fountain.,0.18,0.18,2,0.3991,"[1153.245849609375, 1651.00048828125, 1710.78466796875, 1853.962890625]",1
frame_0045.png,production,meeting table set,ALL_GROUP,meeting table. conference table. meeting table set.,0.35,0.35,1,0.5669,"[437.6196594238281, 846.4285888671875, 1148.600830078125, 1083.2933349609375]",1
frame_0045.png,production,chair,ALL_GROUP,chair. armless chair.,0.42,0.42,2,0.4408,"[442.055908203125, 890.7821655273438, 572.228759765625, 1033.1341552734375]",1
frame_0045.png,production,bench,ALL_GROUP,bench. benches. metal bench. metallic bench. waiting bench.,0.38,0.38,0,0.0,,0
frame_0045.png,production,bottle+cup+cardboard box,ALL_GROUP,bottle. dark thermos. thermos. dark thermos bottle. cup. cups. white drinking cup. white drinking cups. cardboard box. brown cardboard. brown cardboard box.,0.28,0.28,1,0.3357,"[1617.2061767578125, 983.09716796875, 1716.5830078125, 1050.429443359375]",1
frame_0045.png,production,water fountain+door,ALL_GROUP,water fountain. metallic fountain. metallic water fountain. door. doors. dark door. dark door surface. elevator sliding door. elevator sliding doors.,0.38,0.38,0,0.0,,0
frame_0045.png,production,emergency exit sign,ALL_GROUP,emergency exit sign. exit sign.,0.5,0.5,0,0.0,,0
frame_0045.png,production,trash bin,ALL_GROUP,trash bin. trash bins. indoor trash bin.,0.45,0.45,0,0.0,,0
frame_0045.png,extras,bench,bench,bench.,0.2,0.2,2,0.2479,"[2237.441162109375, 1665.2213134765625, 2878.584228515625, 1856.33203125]",1
frame_0045.png,extras,bench,metal bench,metal bench.,0.2,0.2,3,0.3708,"[2237.774169921875, 1660.458740234375, 2877.7509765625, 1853.5570068359375]",1
frame_0045.png,extras,bench,waiting bench,waiting bench.,0.2,0.2,2,0.4301,"[2238.31494140625, 1662.774658203125, 2879.466064453125, 1854.4432373046875]",1
frame_0045.png,extras,bench,sitting bench,sitting bench.,0.2,0.2,2,0.3949,"[2238.682373046875, 1662.69580078125, 2878.83349609375, 1855.424560546875]",1
frame_0045.png,extras,bench,long bench,long bench.,0.2,0.2,2,0.4525,"[2238.535888671875, 1661.8951416015625, 2878.346435546875, 1853.9769287109375]",1
frame_0045.png,extras,bottle,bottle,bottle.,0.18,0.18,1,0.5483,"[1084.0260009765625, 858.3158569335938, 1100.5804443359375, 896.1873168945312]",1
frame_0045.png,extras,bottle,dark thermos bottle,dark thermos bottle.,0.18,0.18,2,0.3196,"[1080.094970703125, 852.5123291015625, 1105.529296875, 900.7101440429688]",1
frame_0045.png,extras,bottle,thermos bottle,thermos bottle.,0.18,0.18,1,0.3391,"[1081.6827392578125, 855.315673828125, 1103.700439453125, 899.7337646484375]",1
frame_0045.png,extras,bottle,water bottle,water bottle.,0.18,0.18,2,0.423,"[1081.7247314453125, 855.8063354492188, 1103.385498046875, 899.6026611328125]",1
frame_0045.png,extras,bottle,drink bottle,drink bottle.,0.18,0.18,1,0.2638,"[1082.397705078125, 856.1365356445312, 1102.7403564453125, 898.6922607421875]",1
frame_0045.png,extras,bottle,small bottle,small bottle.,0.18,0.18,2,0.5251,"[1080.1695556640625, 853.5865478515625, 1105.67431640625, 900.1502685546875]",1
frame_0045.png,extras,cardboard box,cardboard box,cardboard box.,0.2,0.2,1,0.5565,"[1618.889404296875, 986.1224365234375, 1715.002197265625, 1047.9622802734375]",1
frame_0045.png,extras,cardboard box,brown cardboard box,brown cardboard box.,0.2,0.2,1,0.6036,"[1616.7513427734375, 983.5733642578125, 1716.518798828125, 1049.8531494140625]",1
frame_0045.png,extras,cardboard box,shipping box,shipping box.,0.2,0.2,2,0.4557,"[1619.294189453125, 987.6893310546875, 1714.2918701171875, 1046.8251953125]",1
frame_0045.png,extras,cardboard box,package box,package box.,0.2,0.2,1,0.2791,"[1619.4600830078125, 987.0450439453125, 1714.794677734375, 1047.0208740234375]",1
frame_0045.png,extras,cardboard box,small box,small box.,0.2,0.2,1,0.6919,"[1617.548828125, 984.5838623046875, 1715.94580078125, 1049.033447265625]",1
frame_0045.png,extras,cardboard box,box,box.,0.2,0.2,1,0.471,"[1619.6796875, 988.7943725585938, 1713.5718994140625, 1045.9306640625]",1
frame_0045.png,extras,chair,chair,chair.,0.2,0.2,10,0.2922,"[443.5448913574219, 894.0159912109375, 568.3607177734375, 1030.9427490234375]",1
frame_0045.png,extras,chair,armless chair,armless chair.,0.2,0.2,7,0.4027,"[574.3131103515625, 860.6207275390625, 713.314453125, 1074.2412109375]",1
frame_0045.png,extras,chair,office chair,office chair.,0.2,0.2,10,0.4237,"[442.8616027832031, 891.9439086914062, 571.3959350585938, 1032.153564453125]",1
frame_0045.png,extras,chair,wheeled chair,wheeled chair.,0.2,0.2,7,0.4905,"[574.0955810546875, 862.0199584960938, 714.096435546875, 1073.0242919921875]",1
frame_0045.png,extras,chair,swivel chair,swivel chair.,0.2,0.2,7,0.3774,"[573.8417358398438, 860.5923461914062, 712.6560668945312, 1074.82861328125]",1
frame_0045.png,extras,chair,rolling chair,rolling chair.,0.2,0.2,7,0.4259,"[574.221435546875, 861.6112060546875, 714.1154174804688, 1073.3204345703125]",1
frame_0045.png,extras,cup,cup,cup.,0.18,0.18,1,0.3277,"[1084.521728515625, 859.840576171875, 1100.3245849609375, 895.0813598632812]",1
frame_0045.png,extras,cup,white drinking cup,white drinking cup.,0.18,0.18,3,0.3757,"[1076.1619873046875, 850.3350830078125, 1109.119384765625, 901.7723388671875]",1
frame_0045.png,extras,cup,drinking cup,drinking cup.,0.18,0.18,0,0.0,,0
frame_0045.png,extras,cup,coffee cup,coffee cup.,0.18,0.18,0,0.0,,0
frame_0045.png,extras,cup,paper cup,paper cup.,0.18,0.18,0,0.0,,0
frame_0045.png,extras,cup,small cup,small cup.,0.18,0.18,2,0.3203,"[1079.37060546875, 853.4237670898438, 1106.303955078125, 898.4326782226562]",1
frame_0045.png,extras,door,door,door.,0.2,0.2,7,0.3332,"[211.1579132080078, 597.3854370117188, 332.9732971191406, 1038.337158203125]",1
frame_0045.png,extras,door,dark door surface,dark door surface.,0.2,0.2,5,0.365,"[1555.2381591796875, 481.28424072265625, 1710.5433349609375, 1004.5438232421875]",1
frame_0045.png,extras,door,wooden door,wooden door.,0.2,0.2,4,0.418,"[205.86001586914062, 595.3803100585938, 334.15985107421875, 1040.1810302734375]",1
frame_0045.png,extras,door,closed door,closed door.,0.2,0.2,4,0.447,"[205.62765502929688, 595.123291015625, 334.2811584472656, 1041.349609375]",1
frame_0045.png,extras,door,interior door,interior door.,0.2,0.2,8,0.3949,"[207.2301025390625, 594.8787231445312, 333.4299011230469, 1039.952392578125]",1
frame_0045.png,extras,door,single door,single door.,0.2,0.2,4,0.4622,"[204.79916381835938, 593.8037109375, 334.77386474609375, 1042.0889892578125]",1
frame_0045.png,extras,emergency exit sign,emergency exit sign,emergency exit sign.,0.18,0.18,3,0.2088,"[1409.82568359375, 893.4841918945312, 1441.3690185546875, 918.0275268554688]",1
frame_0045.png,extras,emergency exit sign,exit sign,exit sign.,0.18,0.18,1,0.1815,"[1422.5010986328125, 845.1217651367188, 1447.249267578125, 877.366943359375]",1
frame_0045.png,extras,emergency exit sign,green emergency exit sign,green emergency exit sign.,0.18,0.18,3,0.296,"[1404.568115234375, 888.2240600585938, 1445.5479736328125, 922.8650512695312]",1
frame_0045.png,extras,emergency exit sign,green exit sign,green exit sign.,0.18,0.18,2,0.3517,"[1404.2294921875, 888.3811645507812, 1445.7923583984375, 923.2365112304688]",1
frame_0045.png,extras,emergency exit sign,running man exit sign,running man exit sign.,0.18,0.18,3,0.4243,"[1152.1309814453125, 1646.7197265625, 1709.9443359375, 1853.58642578125]",1
frame_0045.png,extras,emergency exit sign,fire exit sign,fire exit sign.,0.18,0.18,0,0.0,,0
frame_0045.png,extras,emergency exit sign,evacuation sign,evacuation sign.,0.18,0.18,0,0.0,,0
frame_0045.png,extras,meeting table set,meeting table set,meeting table set.,0.2,0.2,2,0.6213,"[438.0941162109375, 853.525634765625, 1146.967529296875, 1081.073974609375]",1
frame_0045.png,extras,meeting table set,large meeting table,large meeting table.,0.2,0.2,1,0.7623,"[442.2777404785156, 857.4949340820312, 1145.42041015625, 1080.131103515625]",1
frame_0045.png,extras,meeting table set,conference table,conference table.,0.2,0.2,6,0.542,"[446.13970947265625, 874.4422607421875, 1140.368896484375, 1073.4207763671875]",1
frame_0045.png,extras,meeting table set,metallic desk,metallic desk.,0.2,0.2,2,0.6055,"[444.24737548828125, 866.7401733398438, 1144.297607421875, 1074.3138427734375]",1
frame_0045.png,extras,meeting table set,long table with chairs,long table with chairs.,0.2,0.2,3,0.4939,"[438.1466064453125, 849.688232421875, 1153.048583984375, 1077.1671142578125]",1
frame_0045.png,extras,meeting table set,office meeting table,office meeting table.,0.2,0.2,4,0.6345,"[443.3766174316406, 866.4166259765625, 1143.0145263671875, 1075.8792724609375]",1
frame_0045.png,extras,meeting table set,boardroom table,boardroom table.,0.2,0.2,5,0.592,"[444.88372802734375, 867.6078491210938, 1141.687744140625, 1077.436767578125]",1
frame_0045.png,extras,trash bin,trash bin,trash bin.,0.2,0.2,0,0.0,,0
frame_0045.png,extras,trash bin,indoor trash bin,indoor trash bin.,0.2,0.2,3,0.3816,"[2.0546793937683105, 969.9605102539062, 153.9915008544922, 1201.1795654296875]",1
frame_0045.png,extras,trash bin,garbage bin,garbage bin.,0.2,0.2,2,0.2227,"[2.095625877380371, 975.9492797851562, 152.89968872070312, 1199.728271484375]",1
frame_0045.png,extras,trash bin,waste bin,waste bin.,0.2,0.2,2,0.2354,"[1.9956225156784058, 975.571044921875, 153.0829620361328, 1200.1683349609375]",1
frame_0045.png,extras,trash bin,recycling bin,recycling bin.,0.2,0.2,3,0.2751,"[1619.6361083984375, 986.9288940429688, 1714.753662109375, 1047.1021728515625]",1
frame_0045.png,extras,trash bin,rubbish bin,rubbish bin.,0.2,0.2,6,0.2743,"[1.5291380882263184, 976.115234375, 154.05670166015625, 1200.9744873046875]",1
frame_0045.png,extras,trash bin,small trash can,small trash can.,0.2,0.2,1,0.6451,"[1.8635237216949463, 954.5568237304688, 158.83009338378906, 1204.8133544921875]",1
frame_0045.png,extras,water fountain,water fountain,water fountain.,0.18,0.18,2,0.3381,"[1155.5872802734375, 1653.890625, 1707.68408203125, 1856.0887451171875]",1
frame_0045.png,extras,water fountain,metallic water fountain,metallic water fountain.,0.18,0.18,4,0.4174,"[1154.1453857421875, 1652.1102294921875, 1708.2655029296875, 1854.960205078125]",1
frame_0045.png,extras,water fountain,drinking fountain,drinking fountain.,0.18,0.18,0,0.0,,0
frame_0045.png,extras,water fountain,water dispenser,water dispenser.,0.18,0.18,0,0.0,,0
frame_0045.png,extras,water fountain,wall water fountain,wall water fountain.,0.18,0.18,3,0.4497,"[1154.53173828125, 1653.14404296875, 1707.9425048828125, 1855.3719482421875]",1
frame_0045.png,extras,water fountain,stainless water fountain,stainless water fountain.,0.18,0.18,3,0.4165,"[1151.9637451171875, 1649.6148681640625, 1709.847900390625, 1854.415771484375]",1
frame_0046.png,production,meeting table set,ALL_GROUP,meeting table. conference table. meeting table set.,0.35,0.35,1,0.5732,"[435.1904296875, 845.99609375, 1148.3680419921875, 1084.2550048828125]",1
frame_0046.png,production,chair,ALL_GROUP,chair. armless chair.,0.42,0.42,3,0.4477,"[439.4664001464844, 890.8958740234375, 569.4661254882812, 1033.248291015625]",1
frame_0046.png,production,bench,ALL_GROUP,bench. benches. metal bench. metallic bench. waiting bench.,0.38,0.38,0,0.0,,0
frame_0046.png,production,bottle+cup+cardboard box,ALL_GROUP,bottle. dark thermos. thermos. dark thermos bottle. cup. cups. white drinking cup. white drinking cups. cardboard box. brown cardboard. brown cardboard box.,0.28,0.28,1,0.3385,"[1618.928466796875, 983.7171630859375, 1717.02880859375, 1051.3677978515625]",1
frame_0046.png,production,water fountain+door,ALL_GROUP,water fountain. metallic fountain. metallic water fountain. door. doors. dark door. dark door surface. elevator sliding door. elevator sliding doors.,0.38,0.38,0,0.0,,0
frame_0046.png,production,emergency exit sign,ALL_GROUP,emergency exit sign. exit sign.,0.5,0.5,0,0.0,,0
frame_0046.png,production,trash bin,ALL_GROUP,trash bin. trash bins. indoor trash bin.,0.45,0.45,0,0.0,,0
frame_0046.png,extras,bench,bench,bench.,0.2,0.2,2,0.2265,"[2.098710536956787, 1753.517822265625, 432.638427734375, 1856.766357421875]",1
frame_0046.png,extras,bench,metal bench,metal bench.,0.2,0.2,3,0.3346,"[3.314824104309082, 1748.2083740234375, 433.9686279296875, 1854.397705078125]",1
frame_0046.png,extras,bench,waiting bench,waiting bench.,0.2,0.2,2,0.4005,"[2248.547119140625, 1663.3935546875, 2879.417724609375, 1854.47412109375]",1
frame_0046.png,extras,bench,sitting bench,sitting bench.,0.2,0.2,3,0.3551,"[2.572474479675293, 1750.68896484375, 431.944091796875, 1855.800048828125]",1
frame_0046.png,extras,bench,long bench,long bench.,0.2,0.2,3,0.4189,"[2248.637451171875, 1662.6219482421875, 2878.3251953125, 1853.945068359375]",1
frame_0046.png,extras,bottle,bottle,bottle.,0.18,0.18,1,0.5462,"[1083.73486328125, 858.5617065429688, 1100.306396484375, 896.3834838867188]",1
frame_0046.png,extras,bottle,dark thermos bottle,dark thermos bottle.,0.18,0.18,2,0.3534,"[1155.478759765625, 1652.442626953125, 1708.287841796875, 1855.482177734375]",1
frame_0046.png,extras,bottle,thermos bottle,thermos bottle.,0.18,0.18,1,0.3264,"[1081.3055419921875, 855.5287475585938, 1103.4051513671875, 899.7572631835938]",1
frame_0046.png,extras,bottle,water bottle,water bottle.,0.18,0.18,2,0.4192,"[1081.4237060546875, 856.0908813476562, 1103.085693359375, 899.6422729492188]",1
frame_0046.png,extras,bottle,drink bottle,drink bottle.,0.18,0.18,1,0.2657,"[1082.0350341796875, 856.3604736328125, 1102.443359375, 898.7825317382812]",1
frame_0046.png,extras,bottle,small bottle,small bottle.,0.18,0.18,2,0.5226,"[1079.820068359375, 853.9882202148438, 1105.5333251953125, 900.511474609375]",1
frame_0046.png,extras,cardboard box,cardboard box,cardboard box.,0.2,0.2,1,0.5573,"[1620.3330078125, 986.6732177734375, 1715.331787109375, 1048.873779296875]",1
frame_0046.png,extras,cardboard box,brown cardboard box,brown cardboard box.,0.2,0.2,1,0.6018,"[1618.140869140625, 983.9562377929688, 1716.8533935546875, 1050.751708984375]",1
frame_0046.png,extras,cardboard box,shipping box,shipping box.,0.2,0.2,2,0.4444,"[1620.8319091796875, 988.3673706054688, 1714.5765380859375, 1047.7510986328125]",1
frame_0046.png,extras,cardboard box,package box,package box.,0.2,0.2,1,0.2756,"[1621.1141357421875, 987.7264404296875, 1715.428955078125, 1047.9261474609375]",1
frame_0046.png,extras,cardboard box,small box,small box.,0.2,0.2,1,0.6935,"[1618.8636474609375, 985.1412963867188, 1716.6107177734375, 1049.81640625]",1
frame_0046.png,extras,cardboard box,box,box.,0.2,0.2,1,0.4648,"[1620.955078125, 989.5846557617188, 1713.0555419921875, 1046.594970703125]",1
frame_0046.png,extras,chair,chair,chair.,0.2,0.2,11,0.2985,"[441.1551513671875, 894.4678344726562, 566.2146606445312, 1030.5093994140625]",1
frame_0046.png,extras,chair,armless chair,armless chair.,0.2,0.2,7,0.4064,"[570.7577514648438, 860.3850708007812, 711.8566284179688, 1074.7596435546875]",1
frame_0046.png,extras,chair,office chair,office chair.,0.2,0.2,9,0.4327,"[440.31787109375, 892.250732421875, 569.7575073242188, 1032.1170654296875]",1
frame_0046.png,extras,chair,wheeled chair,wheeled chair.,0.2,0.2,7,0.4814,"[570.9256591796875, 861.4533081054688, 711.9671630859375, 1073.509033203125]",1
frame_0046.png,extras,chair,swivel chair,swivel chair.,0.2,0.2,7,0.3747,"[570.21630859375, 860.12158203125, 711.0711669921875, 1075.3939208984375]",1
frame_0046.png,extras,chair,rolling chair,rolling chair.,0.2,0.2,7,0.4178,"[571.1917114257812, 861.1776733398438, 712.7882080078125, 1073.9205322265625]",1
frame_0046.png,extras,cup,cup,cup.,0.18,0.18,1,0.3291,"[1084.2965087890625, 860.0402221679688, 1100.132080078125, 895.4083251953125]",1
frame_0046.png,extras,cup,white drinking cup,white drinking cup.,0.18,0.18,3,0.3644,"[1075.9423828125, 850.5631103515625, 1108.8255615234375, 901.895751953125]",1
frame_0046.png,extras,cup,drinking cup,drinking cup.,0.18,0.18,0,0.0,,0
frame_0046.png,extras,cup,coffee cup,coffee cup.,0.18,0.18,0,0.0,,0
frame_0046.png,extras,cup,paper cup,paper cup.,0.18,0.18,0,0.0,,0
frame_0046.png,extras,cup,small cup,small cup.,0.18,0.18,2,0.3139,"[1079.1015625, 853.562255859375, 1106.2747802734375, 898.6266479492188]",1
frame_0046.png,extras,door,door,door.,0.2,0.2,6,0.3477,"[212.23812866210938, 596.5931396484375, 331.66986083984375, 1037.4451904296875]",1
frame_0046.png,extras,door,dark door surface,dark door surface.,0.2,0.2,4,0.357,"[1557.400390625, 481.8443298339844, 1715.601806640625, 1006.5814208984375]",1
frame_0046.png,extras,door,wooden door,wooden door.,0.2,0.2,4,0.4573,"[206.7792205810547, 594.6129760742188, 333.1410827636719, 1039.705322265625]",1
frame_0046.png,extras,door,closed door,closed door.,0.2,0.2,2,0.5,"[205.12954711914062, 593.8936767578125, 333.7271423339844, 1040.988525390625]",1
frame_0046.png,extras,door,interior door,interior door.,0.2,0.2,6,0.4203,"[208.34127807617188, 594.7489624023438, 332.3465881347656, 1039.05322265625]",1
frame_0046.png,extras,door,single door,single door.,0.2,0.2,2,0.5082,"[203.44102478027344, 591.9498901367188, 334.51654052734375, 1041.98974609375]",1
frame_0046.png,extras,emergency exit sign,emergency exit sign,emergency exit sign.,0.18,0.18,4,0.261,"[180.98110961914062, 522.0980834960938, 223.23654174804688, 579.0382690429688]",1
frame_0046.png,extras,emergency exit sign,exit sign,exit sign.,0.18,0.18,1,0.2236,"[181.3183135986328, 521.2977905273438, 223.29922485351562, 578.5482788085938]",1
frame_0046.png,extras,emergency exit sign,green emergency exit sign,green emergency exit sign.,0.18,0.18,5,0.2749,"[1406.355712890625, 888.8570556640625, 1445.2843017578125, 923.0012817382812]",1
frame_0046.png,extras,emergency exit sign,green exit sign,green exit sign.,0.18,0.18,5,0.3146,"[1406.2703857421875, 889.0409545898438, 1444.9488525390625, 923.2387084960938]",1
frame_0046.png,extras,emergency exit sign,running man exit sign,running man exit sign.,0.18,0.18,3,0.471,"[1153.4512939453125, 1647.9229736328125, 1709.1993408203125, 1852.9246826171875]",1
frame_0046.png,extras,emergency exit sign,fire exit sign,fire exit sign.,0.18,0.18,2,0.2227,"[180.09120178222656, 520.4572143554688, 224.1195068359375, 580.777099609375]",1
frame_0046.png,extras,emergency exit sign,evacuation sign,evacuation sign.,0.18,0.18,0,0.0,,0
frame_0046.png,extras,meeting table set,meeting table set,meeting table set.,0.2,0.2,2,0.6227,"[435.7735595703125, 853.4357299804688, 1146.6883544921875, 1081.6221923828125]",1
frame_0046.png,extras,meeting table set,large meeting table,large meeting table.,0.2,0.2,1,0.7824,"[441.0079345703125, 857.1981811523438, 1145.058349609375, 1080.3167724609375]",1
frame_0046.png,extras,meeting table set,conference table,conference table.,0.2,0.2,5,0.5598,"[445.3029479980469, 874.042236328125, 1139.3992919921875, 1071.1839599609375]",1
frame_0046.png,extras,meeting table set,metallic desk,metallic desk.,0.2,0.2,2,0.6255,"[442.6725769042969, 867.9791870117188, 1144.05322265625, 1072.771484375]",1
frame_0046.png,extras,meeting table set,long table with chairs,long table with chairs.,0.2,0.2,4,0.5191,"[437.3778381347656, 851.5739135742188, 1151.8975830078125, 1076.172119140625]",1
frame_0046.png,extras,meeting table set,office meeting table,office meeting table.,0.2,0.2,3,0.6516,"[441.4582214355469, 866.8168334960938, 1142.7286376953125, 1076.4305419921875]",1
frame_0046.png,extras,meeting table set,boardroom table,boardroom table.,0.2,0.2,3,0.6293,"[443.51593017578125, 868.5230712890625, 1141.3863525390625, 1077.694091796875]",1
frame_0046.png,extras,trash bin,trash bin,trash bin.,0.2,0.2,0,0.0,,0
frame_0046.png,extras,trash bin,indoor trash bin,indoor trash bin.,0.2,0.2,1,0.4847,"[1.617436408996582, 977.312255859375, 145.74807739257812, 1201.17529296875]",1
frame_0046.png,extras,trash bin,garbage bin,garbage bin.,0.2,0.2,2,0.3374,"[1.546647548675537, 979.2848510742188, 144.59683227539062, 1200.5943603515625]",1
frame_0046.png,extras,trash bin,waste bin,waste bin.,0.2,0.2,2,0.3441,"[1.4904659986495972, 979.0364379882812, 144.7633514404297, 1200.8516845703125]",1
frame_0046.png,extras,trash bin,recycling bin,recycling bin.,0.2,0.2,3,0.3532,"[1.1790883541107178, 978.8440551757812, 145.005859375, 1201.422119140625]",1
frame_0046.png,extras,trash bin,rubbish bin,rubbish bin.,0.2,0.2,6,0.3881,"[1.2896651029586792, 978.6826782226562, 145.26348876953125, 1201.444091796875]",1
frame_0046.png,extras,trash bin,small trash can,small trash can.,0.2,0.2,1,0.7677,"[1.8621450662612915, 968.4506225585938, 151.0478515625, 1203.8841552734375]",1
frame_0046.png,extras,water fountain,water fountain,water fountain.,0.18,0.18,2,0.3281,"[1156.6715087890625, 1654.6763916015625, 1707.048583984375, 1855.8450927734375]",1
frame_0046.png,extras,water fountain,metallic water fountain,metallic water fountain.,0.18,0.18,4,0.4102,"[1154.994384765625, 1652.923583984375, 1707.8896484375, 1854.8402099609375]",1
frame_0046.png,extras,water fountain,drinking fountain,drinking fountain.,0.18,0.18,0,0.0,,0
frame_0046.png,extras,water fountain,water dispenser,water dispenser.,0.18,0.18,0,0.0,,0
frame_0046.png,extras,water fountain,wall water fountain,wall water fountain.,0.18,0.18,4,0.4409,"[1155.4345703125, 1653.78466796875, 1707.32861328125, 1855.2760009765625]",1
frame_0046.png,extras,water fountain,stainless water fountain,stainless water fountain.,0.18,0.18,3,0.4098,"[1152.865478515625, 1650.283203125, 1709.5897216796875, 1854.3240966796875]",1
frame_0047.png,production,meeting table set,ALL_GROUP,meeting table. conference table. meeting table set.,0.35,0.35,1,0.5687,"[431.9459533691406, 845.24169921875, 1148.354736328125, 1086.8504638671875]",1
frame_0047.png,production,chair,ALL_GROUP,chair. armless chair.,0.42,0.42,2,0.4424,"[435.88671875, 890.9957275390625, 571.1839599609375, 1034.03857421875]",1
frame_0047.png,production,bench,ALL_GROUP,bench. benches. metal bench. metallic bench. waiting bench.,0.38,0.38,0,0.0,,0
frame_0047.png,production,bottle+cup+cardboard box,ALL_GROUP,bottle. dark thermos. thermos. dark thermos bottle. cup. cups. white drinking cup. white drinking cups. cardboard box. brown cardboard. brown cardboard box.,0.28,0.28,1,0.328,"[1621.1890869140625, 984.844970703125, 1721.74658203125, 1053.1478271484375]",1
frame_0047.png,production,water fountain+door,ALL_GROUP,water fountain. metallic fountain. metallic water fountain. door. doors. dark door. dark door surface. elevator sliding door. elevator sliding doors.,0.38,0.38,0,0.0,,0
frame_0047.png,production,emergency exit sign,ALL_GROUP,emergency exit sign. exit sign.,0.5,0.5,0,0.0,,0
frame_0047.png,production,trash bin,ALL_GROUP,trash bin. trash bins. indoor trash bin.,0.45,0.45,0,0.0,,0
frame_0047.png,extras,bench,bench,bench.,0.2,0.2,2,0.2285,"[2.181708812713623, 1753.77587890625, 435.6699523925781, 1856.7957763671875]",1
frame_0047.png,extras,bench,metal bench,metal bench.,0.2,0.2,4,0.3353,"[3.1775808334350586, 1748.7938232421875, 436.8272705078125, 1854.42822265625]",1
frame_0047.png,extras,bench,waiting bench,waiting bench.,0.2,0.2,2,0.4014,"[2248.56103515625, 1663.2694091796875, 2879.501953125, 1854.420654296875]",1
frame_0047.png,extras,bench,sitting bench,sitting bench.,0.2,0.2,3,0.3652,"[2.316913604736328, 1751.1099853515625, 435.0097961425781, 1855.779296875]",1
frame_0047.png,extras,bench,long bench,long bench.,0.2,0.2,3,0.4262,"[2248.691162109375, 1662.41943359375, 2878.407958984375, 1854.0037841796875]",1
frame_0047.png,extras,bottle,bottle,bottle.,0.18,0.18,1,0.561,"[1083.237548828125, 858.2528686523438, 1099.61572265625, 896.6533813476562]",1
frame_0047.png,extras,bottle,dark thermos bottle,dark thermos bottle.,0.18,0.18,2,0.3379,"[1078.7691650390625, 851.9866333007812, 1104.6881103515625, 901.4517822265625]",1
frame_0047.png,extras,bottle,thermos bottle,thermos bottle.,0.18,0.18,1,0.3541,"[1080.6871337890625, 855.32373046875, 1102.833740234375, 900.3128051757812]",1
frame_0047.png,extras,bottle,water bottle,water bottle.,0.18,0.18,1,0.4386,"[1080.848388671875, 855.9766235351562, 1102.4281005859375, 899.951416015625]",1
frame_0047.png,extras,bottle,drink bottle,drink bottle.,0.18,0.18,1,0.2864,"[1081.4959716796875, 856.3302612304688, 1101.5479736328125, 899.2039794921875]",1
frame_0047.png,extras,bottle,small bottle,small bottle.,0.18,0.18,2,0.5424,"[1079.0841064453125, 853.598388671875, 1104.7991943359375, 901.13916015625]",1
frame_0047.png,extras,cardboard box,cardboard box,cardboard box.,0.2,0.2,1,0.5516,"[1623.0076904296875, 987.684326171875, 1719.1240234375, 1050.697998046875]",1
frame_0047.png,extras,cardboard box,brown cardboard box,brown cardboard box.,0.2,0.2,1,0.6051,"[1620.6854248046875, 984.7443237304688, 1720.92431640625, 1052.6273193359375]",1
frame_0047.png,extras,cardboard box,shipping box,shipping box.,0.2,0.2,2,0.4456,"[1623.4678955078125, 989.2904052734375, 1718.6856689453125, 1049.7000732421875]",1
frame_0047.png,extras,cardboard box,package box,package box.,0.2,0.2,1,0.2572,"[1623.5499267578125, 989.0234375, 1719.471923828125, 1049.8477783203125]",1
frame_0047.png,extras,cardboard box,small box,small box.,0.2,0.2,1,0.6844,"[1621.56103515625, 986.1246948242188, 1721.0130615234375, 1051.6895751953125]",1
frame_0047.png,extras,cardboard box,box,box.,0.2,0.2,1,0.4458,"[1624.0028076171875, 990.7154541015625, 1718.036865234375, 1048.1142578125]",1
frame_0047.png,extras,chair,chair,chair.,0.2,0.2,9,0.3003,"[438.03515625, 894.4048461914062, 569.0348510742188, 1031.227294921875]",1
frame_0047.png,extras,chair,armless chair,armless chair.,0.2,0.2,7,0.4057,"[565.5737915039062, 859.9412841796875, 709.31591796875, 1075.6788330078125]",1
frame_0047.png,extras,chair,office chair,office chair.,0.2,0.2,11,0.4285,"[437.0672912597656, 892.283203125, 570.1312255859375, 1032.76513671875]",1
frame_0047.png,extras,chair,wheeled chair,wheeled chair.,0.2,0.2,8,0.4835,"[565.7327880859375, 860.8883056640625, 709.0924072265625, 1074.94287109375]",1
frame_0047.png,extras,chair,swivel chair,swivel chair.,0.2,0.2,7,0.3739,"[564.7110595703125, 859.6256713867188, 709.0785522460938, 1076.2197265625]",1
frame_0047.png,extras,chair,rolling chair,rolling chair.,0.2,0.2,8,0.4231,"[566.267822265625, 860.6773681640625, 709.896484375, 1075.06201171875]",1
frame_0047.png,extras,cup,cup,cup.,0.18,0.18,1,0.2765,"[1083.7152099609375, 859.8485107421875, 1099.4559326171875, 895.8868408203125]",1
frame_0047.png,extras,cup,white drinking cup,white drinking cup.,0.18,0.18,3,0.3283,"[1075.6131591796875, 850.7398681640625, 1108.1939697265625, 902.2604370117188]",1
frame_0047.png,extras,cup,drinking cup,drinking cup.,0.18,0.18,0,0.0,,0
frame_0047.png,extras,cup,coffee cup,coffee cup.,0.18,0.18,0,0.0,,0
frame_0047.png,extras,cup,paper cup,paper cup.,0.18,0.18,0,0.0,,0
frame_0047.png,extras,cup,small cup,small cup.,0.18,0.18,2,0.3241,"[1078.4483642578125, 853.317138671875, 1105.474365234375, 899.0716552734375]",1
frame_0047.png,extras,door,door,door.,0.2,0.2,5,0.3476,"[208.14486694335938, 596.4314575195312, 326.774169921875, 1038.17236328125]",1
frame_0047.png,extras,door,dark door surface,dark door surface.,0.2,0.2,5,0.3528,"[1559.9208984375, 477.2564697265625, 1721.251708984375, 1008.4012451171875]",1
frame_0047.png,extras,door,wooden door,wooden door.,0.2,0.2,2,0.4545,"[202.4830322265625, 594.8056030273438, 328.9105224609375, 1040.3763427734375]",1
frame_0047.png,extras,door,closed door,closed door.,0.2,0.2,2,0.4759,"[200.69970703125, 593.9674072265625, 329.078125, 1041.8656005859375]",1
frame_0047.png,extras,door,interior door,interior door.,0.2,0.2,6,0.4299,"[203.36489868164062, 593.8885498046875, 327.9627685546875, 1040.690673828125]",1
frame_0047.png,extras,door,single door,single door.,0.2,0.2,2,0.4849,"[198.75271606445312, 591.7352294921875, 329.7762756347656, 1042.7593994140625]",1
frame_0047.png,extras,emergency exit sign,emergency exit sign,emergency exit sign.,0.18,0.18,1,0.2109,"[179.08209228515625, 523.8609008789062, 215.5347442626953, 576.2540893554688]",1
frame_0047.png,extras,emergency exit sign,exit sign,exit sign.,0.18,0.18,0,0.0,,0
frame_0047.png,extras,emergency exit sign,green emergency exit sign,green emergency exit sign.,0.18,0.18,2,0.2968,"[1407.0172119140625, 888.9764404296875, 1448.9639892578125, 924.4026489257812]",1
frame_0047.png,extras,emergency exit sign,green exit sign,green exit sign.,0.18,0.18,3,0.3368,"[1406.446044921875, 888.817138671875, 1449.3096923828125, 924.686767578125]",1
frame_0047.png,extras,emergency exit sign,running man exit sign,running man exit sign.,0.18,0.18,3,0.4552,"[1154.2957763671875, 1648.474365234375, 1710.9041748046875, 1852.7681884765625]",1
frame_0047.png,extras,emergency exit sign,fire exit sign,fire exit sign.,0.18,0.18,0,0.0,,0
frame_0047.png,extras,emergency exit sign,evacuation sign,evacuation sign.,0.18,0.18,0,0.0,,0
frame_0047.png,extras,meeting table set,meeting table set,meeting table set.,0.2,0.2,2,0.6173,"[432.0008239746094, 853.3168334960938, 1147.0390625, 1083.7374267578125]",1
frame_0047.png,extras,meeting table set,large meeting table,large meeting table.,0.2,0.2,1,0.797,"[442.6755065917969, 857.899169921875, 1144.3421630859375, 1081.8519287109375]",1
frame_0047.png,extras,meeting table set,conference table,conference table.,0.2,0.2,2,0.5759,"[449.755126953125, 873.1482543945312, 1137.86083984375, 1075.9871826171875]",1
frame_0047.png,extras,meeting table set,metallic desk,metallic desk.,0.2,0.2,1,0.6257,"[443.8956298828125, 867.2373046875, 1142.8846435546875, 1076.6009521484375]",1
frame_0047.png,extras,meeting table set,long table with chairs,long table with chairs.,0.2,0.2,3,0.5853,"[438.06146240234375, 853.2401123046875, 1150.1029052734375, 1078.1290283203125]",1
frame_0047.png,extras,meeting table set,office meeting table,office meeting table.,0.2,0.2,2,0.6599,"[440.5590515136719, 865.5607299804688, 1141.8360595703125, 1079.1744384765625]",1
frame_0047.png,extras,meeting table set,boardroom table,boardroom table.,0.2,0.2,2,0.6308,"[445.34393310546875, 868.3018188476562, 1140.8428955078125, 1079.5726318359375]",1
frame_0047.png,extras,trash bin,trash bin,trash bin.,0.2,0.2,0,0.0,,0
frame_0047.png,extras,trash bin,indoor trash bin,indoor trash bin.,0.2,0.2,1,0.4681,"[1.502031683921814, 978.2877807617188, 131.71597290039062, 1202.3240966796875]",1
frame_0047.png,extras,trash bin,garbage bin,garbage bin.,0.2,0.2,1,0.3113,"[1.507825255393982, 979.925537109375, 130.79933166503906, 1201.713134765625]",1
frame_0047.png,extras,trash bin,waste bin,waste bin.,0.2,0.2,1,0.312,"[1.4826661348342896, 979.8475341796875, 130.88677978515625, 1201.9459228515625]",1
frame_0047.png,extras,trash bin,recycling bin,recycling bin.,0.2,0.2,3,0.3283,"[1.1768513917922974, 979.830322265625, 131.2880096435547, 1202.2574462890625]",1
frame_0047.png,extras,trash bin,rubbish bin,rubbish bin.,0.2,0.2,6,0.3587,"[1.2252599000930786, 979.6571655273438, 131.4044952392578, 1202.4039306640625]",1
frame_0047.png,extras,trash bin,small trash can,small trash can.,0.2,0.2,1,0.755,"[1.6132038831710815, 970.00830078125, 136.49459838867188, 1205.2655029296875]",1
frame_0047.png,extras,water fountain,water fountain,water fountain.,0.18,0.18,3,0.3457,"[1157.3983154296875, 1656.3306884765625, 1708.6612548828125, 1855.92333984375]",1
frame_0047.png,extras,water fountain,metallic water fountain,metallic water fountain.,0.18,0.18,4,0.4101,"[1155.86865234375, 1654.2706298828125, 1709.117431640625, 1854.8067626953125]",1
frame_0047.png,extras,water fountain,drinking fountain,drinking fountain.,0.18,0.18,0,0.0,,0
frame_0047.png,extras,water fountain,water dispenser,water dispenser.,0.18,0.18,1,0.1924,"[1078.635498046875, 854.8892211914062, 1103.4365234375, 900.172119140625]",1
frame_0047.png,extras,water fountain,wall water fountain,wall water fountain.,0.18,0.18,4,0.4453,"[1156.0469970703125, 1655.2164306640625, 1708.84912109375, 1855.23486328125]",1
frame_0047.png,extras,water fountain,stainless water fountain,stainless water fountain.,0.18,0.18,3,0.4061,"[1153.7265625, 1651.5130615234375, 1710.757080078125, 1854.2769775390625]",1
frame_0048.png,production,meeting table set,ALL_GROUP,meeting table. conference table. meeting table set.,0.35,0.35,1,0.5658,"[428.55535888671875, 845.7770385742188, 1147.552490234375, 1088.466552734375]",1
frame_0048.png,production,chair,ALL_GROUP,chair. armless chair.,0.42,0.42,3,0.4479,"[433.3604736328125, 891.4143676757812, 565.4944458007812, 1034.4351806640625]",1
frame_0048.png,production,bench,ALL_GROUP,bench. benches. metal bench. metallic bench. waiting bench.,0.38,0.38,0,0.0,,0
frame_0048.png,production,bottle+cup+cardboard box,ALL_GROUP,bottle. dark thermos. thermos. dark thermos bottle. cup. cups. white drinking cup. white drinking cups. cardboard box. brown cardboard. brown cardboard box.,0.28,0.28,1,0.3418,"[1624.056396484375, 985.474365234375, 1724.516357421875, 1054.82861328125]",1
frame_0048.png,production,water fountain+door,ALL_GROUP,water fountain. metallic fountain. metallic water fountain. door. doors. dark door. dark door surface. elevator sliding door. elevator sliding doors.,0.38,0.38,0,0.0,,0
frame_0048.png,production,emergency exit sign,ALL_GROUP,emergency exit sign. exit sign.,0.5,0.5,0,0.0,,0
frame_0048.png,production,trash bin,ALL_GROUP,trash bin. trash bins. indoor trash bin.,0.45,0.45,0,0.0,,0
frame_0048.png,extras,bench,bench,bench.,0.2,0.2,2,0.2175,"[1627.8802490234375, 991.4656982421875, 1721.606689453125, 1049.703125]",1
frame_0048.png,extras,bench,metal bench,metal bench.,0.2,0.2,4,0.2957,"[3.1814217567443848, 1748.399658203125, 439.7348327636719, 1854.4139404296875]",1
frame_0048.png,extras,bench,waiting bench,waiting bench.,0.2,0.2,2,0.3759,"[2254.7373046875, 1663.4478759765625, 2879.330078125, 1854.35791015625]",1
frame_0048.png,extras,bench,sitting bench,sitting bench.,0.2,0.2,5,0.3155,"[2.4286866188049316, 1750.8673095703125, 438.40985107421875, 1855.799560546875]",1
frame_0048.png,extras,bench,long bench,long bench.,0.2,0.2,2,0.3964,"[2255.05322265625, 1662.783935546875, 2878.26904296875, 1853.8553466796875]",1
frame_0048.png,extras,bottle,bottle,bottle.,0.18,0.18,1,0.5788,"[1082.4332275390625, 857.9191284179688, 1099.0076904296875, 896.7920532226562]",1
frame_0048.png,extras,bottle,dark thermos bottle,dark thermos bottle.,0.18,0.18,3,0.3221,"[1077.9012451171875, 851.7408447265625, 1104.029541015625, 901.6476440429688]",1
frame_0048.png,extras,bottle,thermos bottle,thermos bottle.,0.18,0.18,1,0.3563,"[1079.8636474609375, 854.9535522460938, 1102.178955078125, 900.266845703125]",1
frame_0048.png,extras,bottle,water bottle,water bottle.,0.18,0.18,1,0.4339,"[1080.1553955078125, 855.717529296875, 1101.8067626953125, 900.103759765625]",1
frame_0048.png,extras,bottle,drink bottle,drink bottle.,0.18,0.18,1,0.281,"[1080.76806640625, 855.8906860351562, 1100.8319091796875, 899.200439453125]",1
frame_0048.png,extras,bottle,small bottle,small bottle.,0.18,0.18,2,0.5754,"[1078.1929931640625, 853.0934448242188, 1104.2808837890625, 901.376220703125]",1
frame_0048.png,extras,cardboard box,cardboard box,cardboard box.,0.2,0.2,1,0.5625,"[1626.0732421875, 988.3074951171875, 1722.3140869140625, 1052.25927734375]",1
frame_0048.png,extras,cardboard box,brown cardboard box,brown cardboard box.,0.2,0.2,1,0.603,"[1623.576171875, 985.2431640625, 1724.1046142578125, 1054.2109375]",1
frame_0048.png,extras,cardboard box,shipping box,shipping box.,0.2,0.2,2,0.4507,"[1626.584228515625, 990.0481567382812, 1721.9586181640625, 1051.40380859375]",1
frame_0048.png,extras,cardboard box,package box,package box.,0.2,0.2,1,0.2584,"[1626.7286376953125, 989.76611328125, 1722.2852783203125, 1051.415771484375]",1
frame_0048.png,extras,cardboard box,small box,small box.,0.2,0.2,1,0.7009,"[1624.8687744140625, 986.9072875976562, 1724.189697265625, 1053.2318115234375]",1
frame_0048.png,extras,cardboard box,box,box.,0.2,0.2,1,0.4546,"[1627.390380859375, 991.38330078125, 1721.003173828125, 1049.3974609375]",1
frame_0048.png,extras,chair,chair,chair.,0.2,0.2,9,0.2936,"[435.54534912109375, 894.927001953125, 562.6373291015625, 1032.299560546875]",1
frame_0048.png,extras,chair,armless chair,armless chair.,0.2,0.2,7,0.3987,"[683.7930297851562, 852.748291015625, 850.083251953125, 1078.739013671875]",1
frame_0048.png,extras,chair,office chair,office chair.,0.2,0.2,11,0.4427,"[434.63372802734375, 892.7525024414062, 566.2352905273438, 1032.905517578125]",1
frame_0048.png,extras,chair,wheeled chair,wheeled chair.,0.2,0.2,8,0.4835,"[560.6282958984375, 861.3096923828125, 700.01611328125, 1077.51611328125]",1
frame_0048.png,extras,chair,swivel chair,swivel chair.,0.2,0.2,7,0.3855,"[679.9325561523438, 852.200927734375, 851.1647338867188, 1079.46923828125]",1
frame_0048.png,extras,chair,rolling chair,rolling chair.,0.2,0.2,8,0.4241,"[561.3413696289062, 860.6658325195312, 700.91357421875, 1077.6895751953125]",1
frame_0048.png,extras,cup,cup,cup.,0.18,0.18,1,0.2965,"[1082.8734130859375, 859.52880859375, 1098.797119140625, 896.13916015625]",1
frame_0048.png,extras,cup,white drinking cup,white drinking cup.,0.18,0.18,3,0.3437,"[1074.1553955078125, 850.2637939453125, 1107.866943359375, 902.726318359375]",1
frame_0048.png,extras,cup,drinking cup,drinking cup.,0.18,0.18,0,0.0,,0
frame_0048.png,extras,cup,coffee cup,coffee cup.,0.18,0.18,0,0.0,,0
frame_0048.png,extras,cup,paper cup,paper cup.,0.18,0.18,0,0.0,,0
frame_0048.png,extras,cup,small cup,small cup.,0.18,0.18,3,0.3497,"[1157.853515625, 1653.931396484375, 1708.002197265625, 1854.8721923828125]",1
frame_0048.png,extras,door,door,door.,0.2,0.2,4,0.316,"[205.6845703125, 593.7537841796875, 324.4976806640625, 1038.6875]",1
frame_0048.png,extras,door,dark door surface,dark door surface.,0.2,0.2,7,0.3183,"[1561.7174072265625, 479.24871826171875, 1723.4051513671875, 1010.0309448242188]",1
frame_0048.png,extras,door,wooden door,wooden door.,0.2,0.2,3,0.4023,"[199.95211791992188, 592.8056030273438, 326.9766540527344, 1040.5911865234375]",1
frame_0048.png,extras,door,closed door,closed door.,0.2,0.2,3,0.407,"[198.31088256835938, 591.8389892578125, 326.9195556640625, 1042.1573486328125]",1
frame_0048.png,extras,door,interior door,interior door.,0.2,0.2,7,0.3843,"[201.29246520996094, 591.7521362304688, 325.8207092285156, 1040.22509765625]",1
frame_0048.png,extras,door,single door,single door.,0.2,0.2,2,0.4274,"[196.44314575195312, 589.9771118164062, 327.9170837402344, 1043.2557373046875]",1
frame_0048.png,extras,emergency exit sign,emergency exit sign,emergency exit sign.,0.18,0.18,4,0.2384,"[177.38682556152344, 524.1266479492188, 212.5410919189453, 574.7171630859375]",1
frame_0048.png,extras,emergency exit sign,exit sign,exit sign.,0.18,0.18,2,0.1907,"[177.36866760253906, 523.5924072265625, 212.26072692871094, 574.0057983398438]",1
frame_0048.png,extras,emergency exit sign,green emergency exit sign,green emergency exit sign.,0.18,0.18,3,0.2868,"[1407.3504638671875, 888.8876953125, 1451.8753662109375, 925.26611328125]",1
frame_0048.png,extras,emergency exit sign,green exit sign,green exit sign.,0.18,0.18,4,0.3236,"[1407.044677734375, 888.5593872070312, 1453.4364013671875, 925.6935424804688]",1
frame_0048.png,extras,emergency exit sign,running man exit sign,running man exit sign.,0.18,0.18,3,0.4729,"[1153.115234375, 1648.2818603515625, 1712.185546875, 1852.7388916015625]",1
frame_0048.png,extras,emergency exit sign,fire exit sign,fire exit sign.,0.18,0.18,0,0.0,,0
frame_0048.png,extras,emergency exit sign,evacuation sign,evacuation sign.,0.18,0.18,0,0.0,,0
frame_0048.png,extras,meeting table set,meeting table set,meeting table set.,0.2,0.2,2,0.6167,"[428.5400085449219, 852.0331420898438, 1146.8109130859375, 1086.03173828125]",1
frame_0048.png,extras,meeting table set,large meeting table,large meeting table.,0.2,0.2,1,0.7843,"[436.38726806640625, 857.8045654296875, 1143.5205078125, 1084.7645263671875]",1
frame_0048.png,extras,meeting table set,conference table,conference table.,0.2,0.2,2,0.5392,"[444.498779296875, 874.4476928710938, 1136.85693359375, 1078.4676513671875]",1
frame_0048.png,extras,meeting table set,metallic desk,metallic desk.,0.2,0.2,1,0.6253,"[443.17999267578125, 867.8206176757812, 1142.261962890625, 1079.3515625]",1
frame_0048.png,extras,meeting table set,long table with chairs,long table with chairs.,0.2,0.2,2,0.6095,"[432.0550842285156, 851.9359741210938, 1150.89208984375, 1081.387451171875]",1
frame_0048.png,extras,meeting table set,office meeting table,office meeting table.,0.2,0.2,1,0.6635,"[435.60272216796875, 867.6450805664062, 1141.83984375, 1080.8450927734375]",1
frame_0048.png,extras,meeting table set,boardroom table,boardroom table.,0.2,0.2,2,0.6257,"[438.0804748535156, 868.879150390625, 1139.4205322265625, 1081.4696044921875]",1
frame_0048.png,extras,trash bin,trash bin,trash bin.,0.2,0.2,0,0.0,,0
frame_0048.png,extras,trash bin,indoor trash bin,indoor trash bin.,0.2,0.2,1,0.4723,"[1.1960560083389282, 979.6283569335938, 118.88200378417969, 1203.245361328125]",1
frame_0048.png,extras,trash bin,garbage bin,garbage bin.,0.2,0.2,1,0.3177,"[1.1902838945388794, 981.2438354492188, 118.1747817993164, 1202.4647216796875]",1
frame_0048.png,extras,trash bin,waste bin,waste bin.,0.2,0.2,2,0.3289,"[1.1184221506118774, 981.2581787109375, 118.3702392578125, 1202.6949462890625]",1
frame_0048.png,extras,trash bin,recycling bin,recycling bin.,0.2,0.2,4,0.347,"[0.8598357439041138, 981.0642700195312, 118.83057403564453, 1203.2308349609375]",1
frame_0048.png,extras,trash bin,rubbish bin,rubbish bin.,0.2,0.2,5,0.381,"[0.8424121141433716, 980.7459716796875, 119.12930297851562, 1203.4180908203125]",1
frame_0048.png,extras,trash bin,small trash can,small trash can.,0.2,0.2,1,0.7458,"[1.205374002456665, 972.2052001953125, 124.24454498291016, 1206.2823486328125]",1
frame_0048.png,extras,water fountain,water fountain,water fountain.,0.18,0.18,3,0.3555,"[1155.7745361328125, 1655.7352294921875, 1709.8775634765625, 1855.9073486328125]",1
frame_0048.png,extras,water fountain,metallic water fountain,metallic water fountain.,0.18,0.18,4,0.4359,"[1154.329833984375, 1653.870849609375, 1710.649169921875, 1854.8380126953125]",1
frame_0048.png,extras,water fountain,drinking fountain,drinking fountain.,0.18,0.18,0,0.0,,0
frame_0048.png,extras,water fountain,water dispenser,water dispenser.,0.18,0.18,0,0.0,,0
frame_0048.png,extras,water fountain,wall water fountain,wall water fountain.,0.18,0.18,4,0.4696,"[1154.6044921875, 1654.78369140625, 1710.2430419921875, 1855.179443359375]",1
frame_0048.png,extras,water fountain,stainless water fountain,stainless water fountain.,0.18,0.18,3,0.438,"[1152.355224609375, 1651.193603515625, 1712.1817626953125, 1854.2803955078125]",1
frame_0049.png,production,meeting table set,ALL_GROUP,meeting table. conference table. meeting table set.,0.35,0.35,1,0.5681,"[424.8558044433594, 844.3007202148438, 1147.1114501953125, 1091.60400390625]",1
frame_0049.png,production,chair,ALL_GROUP,chair. armless chair.,0.42,0.42,2,0.4441,"[429.1729736328125, 891.2882080078125, 562.3636474609375, 1035.8477783203125]",1
frame_0049.png,production,bench,ALL_GROUP,bench. benches. metal bench. metallic bench. waiting bench.,0.38,0.38,0,0.0,,0
frame_0049.png,production,bottle+cup+cardboard box,ALL_GROUP,bottle. dark thermos. thermos. dark thermos bottle. cup. cups. white drinking cup. white drinking cups. cardboard box. brown cardboard. brown cardboard box.,0.28,0.28,1,0.324,"[1626.705078125, 985.76171875, 1729.9542236328125, 1055.5010986328125]",1
frame_0049.png,production,water fountain+door,ALL_GROUP,water fountain. metallic fountain. metallic water fountain. door. doors. dark door. dark door surface. elevator sliding door. elevator sliding doors.,0.38,0.38,0,0.0,,0
frame_0049.png,production,emergency exit sign,ALL_GROUP,emergency exit sign. exit sign.,0.5,0.5,0,0.0,,0
frame_0049.png,production,trash bin,ALL_GROUP,trash bin. trash bins. indoor trash bin.,0.45,0.45,0,0.0,,0
frame_0049.png,extras,bench,bench,bench.,0.2,0.2,1,0.2104,"[2241.630859375, 1665.367919921875, 2878.527587890625, 1856.1513671875]",1
frame_0049.png,extras,bench,metal bench,metal bench.,0.2,0.2,3,0.3269,"[3.4035730361938477, 1746.7130126953125, 436.9172668457031, 1854.5030517578125]",1
frame_0049.png,extras,bench,waiting bench,waiting bench.,0.2,0.2,2,0.4079,"[2241.628173828125, 1662.637451171875, 2879.4306640625, 1854.333984375]",1
frame_0049.png,extras,bench,sitting bench,sitting bench.,0.2,0.2,3,0.3568,"[2242.621826171875, 1662.7523193359375, 2878.786865234375, 1855.245849609375]",1
frame_0049.png,extras,bench,long bench,long bench.,0.2,0.2,3,0.4133,"[2242.283935546875, 1661.9530029296875, 2878.2529296875, 1853.72705078125]",1
frame_0049.png,extras,bottle,bottle,bottle.,0.18,0.18,1,0.6199,"[1081.388671875, 856.586669921875, 1096.9752197265625, 896.9115600585938]",1
frame_0049.png,extras,bottle,dark thermos bottle,dark thermos bottle.,0.18,0.18,3,0.3229,"[1076.7181396484375, 850.0428466796875, 1102.123046875, 900.9390258789062]",1
frame_0049.png,extras,bottle,thermos bottle,thermos bottle.,0.18,0.18,1,0.3566,"[1078.4249267578125, 853.9835205078125, 1100.216796875, 899.8804321289062]",1
frame_0049.png,extras,bottle,water bottle,water bottle.,0.18,0.18,1,0.4378,"[1078.580322265625, 854.4349975585938, 1100.037353515625, 899.8500366210938]",1
frame_0049.png,extras,bottle,drink bottle,drink bottle.,0.18,0.18,1,0.2947,"[1079.3519287109375, 854.2142333984375, 1099.0107421875, 899.0814208984375]",1
frame_0049.png,extras,bottle,small bottle,small bottle.,0.18,0.18,2,0.5729,"[1076.84814453125, 851.64013671875, 1102.64404296875, 901.3302612304688]",1
frame_0049.png,extras,cardboard box,cardboard box,cardboard box.,0.2,0.2,1,0.5388,"[1628.903564453125, 988.5737915039062, 1727.85400390625, 1052.830078125]",1
frame_0049.png,extras,cardboard box,brown cardboard box,brown cardboard box.,0.2,0.2,1,0.5981,"[1626.186279296875, 985.5177001953125, 1729.5546875, 1054.917236328125]",1
frame_0049.png,extras,cardboard box,shipping box,shipping box.,0.2,0.2,2,0.4297,"[1629.515869140625, 990.3626098632812, 1727.1212158203125, 1052.054931640625]",1
frame_0049.png,extras,cardboard box,package box,package box.,0.2,0.2,1,0.2432,"[1629.5740966796875, 990.2120361328125, 1727.0921630859375, 1052.2672119140625]",1
frame_0049.png,extras,cardboard box,small box,small box.,0.2,0.2,1,0.6758,"[1627.75244140625, 987.0560302734375, 1729.2022705078125, 1053.935546875]",1
frame_0049.png,extras,cardboard box,box,box.,0.2,0.2,1,0.449,"[1630.2169189453125, 991.75439453125, 1726.3408203125, 1050.1982421875]",1
frame_0049.png,extras,chair,chair,chair.,0.2,0.2,9,0.2727,"[431.6144714355469, 895.0829467773438, 559.1828002929688, 1032.6671142578125]",1
frame_0049.png,extras,chair,armless chair,armless chair.,0.2,0.2,7,0.3947,"[553.3817138671875, 858.6558227539062, 686.5966796875, 1077.9700927734375]",1
frame_0049.png,extras,chair,office chair,office chair.,0.2,0.2,10,0.4359,"[430.7889404296875, 892.6636352539062, 561.61376953125, 1034.1448974609375]",1
frame_0049.png,extras,chair,wheeled chair,wheeled chair.,0.2,0.2,8,0.5002,"[553.5191040039062, 860.4710083007812, 687.2258911132812, 1076.9794921875]",1
frame_0049.png,extras,chair,swivel chair,swivel chair.,0.2,0.2,7,0.3868,"[552.7764282226562, 858.5026245117188, 686.3092041015625, 1078.715087890625]",1
frame_0049.png,extras,chair,rolling chair,rolling chair.,0.2,0.2,9,0.4298,"[553.8138427734375, 859.9092407226562, 687.8157958984375, 1077.3394775390625]",1
frame_0049.png,extras,cup,cup,cup.,0.18,0.18,1,0.2359,"[1081.5196533203125, 858.5482788085938, 1096.3233642578125, 896.2402954101562]",1
frame_0049.png,extras,cup,white drinking cup,white drinking cup.,0.18,0.18,3,0.2944,"[1073.1141357421875, 850.0242919921875, 1105.3226318359375, 902.3782348632812]",1
frame_0049.png,extras,cup,drinking cup,drinking cup.,0.18,0.18,0,0.0,,0
frame_0049.png,extras,cup,coffee cup,coffee cup.,0.18,0.18,0,0.0,,0
frame_0049.png,extras,cup,paper cup,paper cup.,0.18,0.18,0,0.0,,0
frame_0049.png,extras,cup,small cup,small cup.,0.18,0.18,2,0.4145,"[1158.198974609375, 1653.7255859375, 1705.74658203125, 1854.80859375]",1
frame_0049.png,extras,door,door,door.,0.2,0.2,5,0.3482,"[198.76705932617188, 592.9555053710938, 320.8182067871094, 1040.688232421875]",1
frame_0049.png,extras,door,dark door surface,dark door surface.,0.2,0.2,4,0.3272,"[1563.101318359375, 477.09765625, 1726.952392578125, 1009.0267333984375]",1
frame_0049.png,extras,door,wooden door,wooden door.,0.2,0.2,3,0.427,"[192.43038940429688, 591.2537841796875, 322.72906494140625, 1042.4671630859375]",1
frame_0049.png,extras,door,closed door,closed door.,0.2,0.2,5,0.4514,"[190.92620849609375, 590.400634765625, 322.8411560058594, 1043.8204345703125]",1
frame_0049.png,extras,door,interior door,interior door.,0.2,0.2,8,0.4224,"[193.37525939941406, 590.2050170898438, 321.7921142578125, 1042.442626953125]",1
frame_0049.png,extras,door,single door,single door.,0.2,0.2,3,0.4716,"[189.4686737060547, 588.7080688476562, 323.8103942871094, 1044.56689453125]",1
frame_0049.png,extras,emergency exit sign,emergency exit sign,emergency exit sign.,0.18,0.18,3,0.1955,"[170.26736450195312, 519.9693603515625, 208.119384765625, 575.0211791992188]",1
frame_0049.png,extras,emergency exit sign,exit sign,exit sign.,0.18,0.18,0,0.0,,0
frame_0049.png,extras,emergency exit sign,green emergency exit sign,green emergency exit sign.,0.18,0.18,2,0.2694,"[1408.18994140625, 888.0558471679688, 1452.579345703125, 924.365234375]",1
frame_0049.png,extras,emergency exit sign,green exit sign,green exit sign.,0.18,0.18,2,0.3023,"[1407.917724609375, 887.5698852539062, 1454.232666015625, 924.74072265625]",1
frame_0049.png,extras,emergency exit sign,running man exit sign,running man exit sign.,0.18,0.18,3,0.461,"[1153.7545166015625, 1647.6370849609375, 1710.2142333984375, 1852.82958984375]",1
frame_0049.png,extras,emergency exit sign,fire exit sign,fire exit sign.,0.18,0.18,0,0.0,,0
frame_0049.png,extras,emergency exit sign,evacuation sign,evacuation sign.,0.18,0.18,0,0.0,,0
frame_0049.png,extras,meeting table set,meeting table set,meeting table set.,0.2,0.2,2,0.6233,"[424.9251708984375, 850.5164794921875, 1146.2396240234375, 1089.3515625]",1
frame_0049.png,extras,meeting table set,large meeting table,large meeting table.,0.2,0.2,1,0.7731,"[432.04730224609375, 856.3247680664062, 1143.632080078125, 1088.5006103515625]",1
frame_0049.png,extras,meeting table set,conference table,conference table.,0.2,0.2,3,0.5414,"[437.7761535644531, 873.7927856445312, 1137.3751220703125, 1083.2296142578125]",1
frame_0049.png,extras,meeting table set,metallic desk,metallic desk.,0.2,0.2,1,0.6316,"[433.76666259765625, 867.8046264648438, 1141.586669921875, 1084.1201171875]",1
frame_0049.png,extras,meeting table set,long table with chairs,long table with chairs.,0.2,0.2,2,0.5217,"[426.5060729980469, 851.9509887695312, 1150.3939208984375, 1084.3795166015625]",1
frame_0049.png,extras,meeting table set,office meeting table,office meeting table.,0.2,0.2,1,0.6535,"[431.7046813964844, 866.40234375, 1141.2744140625, 1084.84716796875]",1
frame_0049.png,extras,meeting table set,boardroom table,boardroom table.,0.2,0.2,2,0.6099,"[434.71502685546875, 867.9332885742188, 1139.359375, 1085.7947998046875]",1
frame_0049.png,extras,trash bin,trash bin,trash bin.,0.2,0.2,0,0.0,,0
frame_0049.png,extras,trash bin,indoor trash bin,indoor trash bin.,0.2,0.2,2,0.3301,"[1.444305181503296, 978.3740234375, 101.5984115600586, 1204.2298583984375]",1
frame_0049.png,extras,trash bin,garbage bin,garbage bin.,0.2,0.2,1,0.2174,"[0.9407472610473633, 931.8457641601562, 101.46029663085938, 1204.873291015625]",1
frame_0049.png,extras,trash bin,waste bin,waste bin.,0.2,0.2,2,0.2161,"[1.1995965242385864, 980.1777954101562, 101.08683776855469, 1203.8626708984375]",1
frame_0049.png,extras,trash bin,recycling bin,recycling bin.,0.2,0.2,2,0.2403,"[1629.62646484375, 989.9327392578125, 1727.9893798828125, 1052.5023193359375]",1
frame_0049.png,extras,trash bin,rubbish bin,rubbish bin.,0.2,0.2,4,0.2354,"[1629.35498046875, 989.6881713867188, 1728.322265625, 1052.6568603515625]",1
frame_0049.png,extras,trash bin,small trash can,small trash can.,0.2,0.2,1,0.6524,"[1.2606221437454224, 954.3040771484375, 107.34923553466797, 1208.177001953125]",1
frame_0049.png,extras,water fountain,water fountain,water fountain.,0.18,0.18,3,0.3326,"[1156.6451416015625, 1655.5257568359375, 1708.13232421875, 1855.8985595703125]",1
frame_0049.png,extras,water fountain,metallic water fountain,metallic water fountain.,0.18,0.18,3,0.42,"[1155.126220703125, 1653.525390625, 1708.7650146484375, 1854.841796875]",1
frame_0049.png,extras,water fountain,drinking fountain,drinking fountain.,0.18,0.18,0,0.0,,0
frame_0049.png,extras,water fountain,water dispenser,water dispenser.,0.18,0.18,0,0.0,,0
frame_0049.png,extras,water fountain,wall water fountain,wall water fountain.,0.18,0.18,3,0.4534,"[1155.501708984375, 1654.4493408203125, 1708.4119873046875, 1855.2174072265625]",1
frame_0049.png,extras,water fountain,stainless water fountain,stainless water fountain.,0.18,0.18,2,0.4266,"[1153.080078125, 1650.65673828125, 1710.331298828125, 1854.3126220703125]",1
frame_0050.png,production,meeting table set,ALL_GROUP,meeting table. conference table. meeting table set.,0.35,0.35,1,0.5733,"[420.291259765625, 840.79931640625, 1145.713134765625, 1090.3826904296875]",1
frame_0050.png,production,chair,ALL_GROUP,chair. armless chair.,0.42,0.42,3,0.448,"[424.3968811035156, 888.3319091796875, 548.1922607421875, 1033.3353271484375]",1
frame_0050.png,production,bench,ALL_GROUP,bench. benches. metal bench. metallic bench. waiting bench.,0.38,0.38,0,0.0,,0
frame_0050.png,production,bottle+cup+cardboard box,ALL_GROUP,bottle. dark thermos. thermos. dark thermos bottle. cup. cups. white drinking cup. white drinking cups. cardboard box. brown cardboard. brown cardboard box.,0.28,0.28,1,0.3143,"[1633.13037109375, 984.766357421875, 1735.884521484375, 1054.461669921875]",1
frame_0050.png,production,water fountain+door,ALL_GROUP,water fountain. metallic fountain. metallic water fountain. door. doors. dark door. dark door surface. elevator sliding door. elevator sliding doors.,0.38,0.38,0,0.0,,0
frame_0050.png,production,emergency exit sign,ALL_GROUP,emergency exit sign. exit sign.,0.5,0.5,0,0.0,,0
frame_0050.png,production,trash bin,ALL_GROUP,trash bin. trash bins. indoor trash bin.,0.45,0.45,0,0.0,,0
frame_0050.png,extras,bench,bench,bench.,0.2,0.2,2,0.2401,"[2.280285358428955, 1753.380859375, 441.1123962402344, 1856.8800048828125]",1
frame_0050.png,extras,bench,metal bench,metal bench.,0.2,0.2,3,0.3898,"[2245.3486328125, 1660.778076171875, 2877.60498046875, 1853.4420166015625]",1
frame_0050.png,extras,bench,waiting bench,waiting bench.,0.2,0.2,2,0.4389,"[2245.245849609375, 1663.2777099609375, 2879.38671875, 1854.2755126953125]",1
frame_0050.png,extras,bench,sitting bench,sitting bench.,0.2,0.2,2,0.398,"[2245.71923828125, 1663.1710205078125, 2878.68115234375, 1855.30078125]",1
frame_0050.png,extras,bench,long bench,long bench.,0.2,0.2,3,0.4457,"[2245.43701171875, 1662.353515625, 2878.232177734375, 1853.90966796875]",1
frame_0050.png,extras,bottle,bottle,bottle.,0.18,0.18,1,0.6187,"[1079.0843505859375, 852.906494140625, 1096.14013671875, 893.618408203125]",1
frame_0050.png,extras,bottle,dark thermos bottle,dark thermos bottle.,0.18,0.18,3,0.3311,"[1074.3719482421875, 847.0667114257812, 1101.7730712890625, 899.8541259765625]",1
frame_0050.png,extras,bottle,thermos bottle,thermos bottle.,0.18,0.18,1,0.3267,"[1076.9796142578125, 850.6255493164062, 1098.9151611328125, 897.1052856445312]",1
frame_0050.png,extras,bottle,water bottle,water bottle.,0.18,0.18,2,0.4232,"[1076.6273193359375, 850.7268676757812, 1098.558349609375, 896.9945678710938]",1
frame_0050.png,extras,bottle,drink bottle,drink bottle.,0.18,0.18,1,0.2773,"[1078.013916015625, 851.0073852539062, 1098.2686767578125, 896.5006713867188]",1
frame_0050.png,extras,bottle,small bottle,small bottle.,0.18,0.18,2,0.4856,"[1074.443603515625, 848.5166625976562, 1101.2083740234375, 897.8792724609375]",1
frame_0050.png,extras,cardboard box,cardboard box,cardboard box.,0.2,0.2,1,0.5508,"[1635.4146728515625, 987.5291137695312, 1734.164306640625, 1051.8585205078125]",1
frame_0050.png,extras,cardboard box,brown cardboard box,brown cardboard box.,0.2,0.2,1,0.6148,"[1632.6434326171875, 984.5125732421875, 1735.8599853515625, 1053.8597412109375]",1
frame_0050.png,extras,cardboard box,shipping box,shipping box.,0.2,0.2,2,0.4331,"[1635.9708251953125, 989.101806640625, 1733.625244140625, 1051.0423583984375]",1
frame_0050.png,extras,cardboard box,package box,package box.,0.2,0.2,1,0.2499,"[1635.952880859375, 988.7671508789062, 1734.218017578125, 1051.167724609375]",1
frame_0050.png,extras,cardboard box,small box,small box.,0.2,0.2,1,0.6894,"[1633.982177734375, 985.8616943359375, 1735.7227783203125, 1053.1099853515625]",1
frame_0050.png,extras,cardboard box,box,box.,0.2,0.2,1,0.452,"[1636.5179443359375, 990.5350952148438, 1732.3994140625, 1049.159912109375]",1
frame_0050.png,extras,chair,chair,chair.,0.2,0.2,10,0.2941,"[544.4911499023438, 859.520263671875, 684.9456176757812, 1079.056884765625]",1
frame_0050.png,extras,chair,armless chair,armless chair.,0.2,0.2,7,0.4057,"[542.2686157226562, 856.2413940429688, 682.9690551757812, 1079.6622314453125]",1
frame_0050.png,extras,chair,office chair,office chair.,0.2,0.2,11,0.4434,"[542.56005859375, 857.8224487304688, 684.7572021484375, 1078.198486328125]",1
frame_0050.png,extras,chair,wheeled chair,wheeled chair.,0.2,0.2,8,0.4946,"[542.3546142578125, 857.3677978515625, 683.446533203125, 1078.431884765625]",1
frame_0050.png,extras,chair,swivel chair,swivel chair.,0.2,0.2,7,0.395,"[666.21728515625, 847.8336791992188, 859.6161499023438, 1080.11279296875]",1
frame_0050.png,extras,chair,rolling chair,rolling chair.,0.2,0.2,7,0.4289,"[542.8982543945312, 857.2107543945312, 683.3702392578125, 1078.5760498046875]",1
frame_0050.png,extras,cup,cup,cup.,0.18,0.18,1,0.1943,"[1079.6639404296875, 854.9042358398438, 1095.640380859375, 892.0464477539062]",1
frame_0050.png,extras,cup,white drinking cup,white drinking cup.,0.18,0.18,3,0.3152,"[1156.4796142578125, 1648.2442626953125, 1709.70166015625, 1852.223876953125]",1
frame_0050.png,extras,cup,drinking cup,drinking cup.,0.18,0.18,0,0.0,,0
frame_0050.png,extras,cup,coffee cup,coffee cup.,0.18,0.18,0,0.0,,0
frame_0050.png,extras,cup,paper cup,paper cup.,0.18,0.18,0,0.0,,0
frame_0050.png,extras,cup,small cup,small cup.,0.18,0.18,2,0.4327,"[1158.0806884765625, 1654.2335205078125, 1707.9864501953125, 1854.5679931640625]",1
frame_0050.png,extras,door,door,door.,0.2,0.2,10,0.3364,"[190.4078369140625, 588.7205200195312, 315.0154113769531, 1038.8013916015625]",1
frame_0050.png,extras,door,dark door surface,dark door surface.,0.2,0.2,3,0.3566,"[1564.2667236328125, 461.8597717285156, 1731.794189453125, 1006.8963623046875]",1
frame_0050.png,extras,door,wooden door,wooden door.,0.2,0.2,4,0.413,"[184.39649963378906, 587.6719970703125, 316.5898742675781, 1040.76025390625]",1
frame_0050.png,extras,door,closed door,closed door.,0.2,0.2,3,0.4326,"[183.36660766601562, 587.1090698242188, 316.8060607910156, 1041.9149169921875]",1
frame_0050.png,extras,door,interior door,interior door.,0.2,0.2,7,0.4083,"[185.99948120117188, 586.70458984375, 315.8768005371094, 1040.463134765625]",1
frame_0050.png,extras,door,single door,single door.,0.2,0.2,3,0.4595,"[181.55271911621094, 585.22119140625, 317.2760925292969, 1042.8563232421875]",1
frame_0050.png,extras,emergency exit sign,emergency exit sign,emergency exit sign.,0.18,0.18,2,0.2213,"[1428.3734130859375, 842.7860107421875, 1452.62841796875, 874.7249755859375]",1
frame_0050.png,extras,emergency exit sign,exit sign,exit sign.,0.18,0.18,0,0.0,,0
frame_0050.png,extras,emergency exit sign,green emergency exit sign,green emergency exit sign.,0.18,0.18,3,0.2707,"[1410.169677734375, 886.0907592773438, 1456.210205078125, 922.5390625]",1
frame_0050.png,extras,emergency exit sign,green exit sign,green exit sign.,0.18,0.18,3,0.3034,"[1409.3387451171875, 885.9517211914062, 1457.0020751953125, 922.5405883789062]",1
frame_0050.png,extras,emergency exit sign,running man exit sign,running man exit sign.,0.18,0.18,3,0.4466,"[1154.265869140625, 1648.430419921875, 1712.603759765625, 1852.4788818359375]",1
frame_0050.png,extras,emergency exit sign,fire exit sign,fire exit sign.,0.18,0.18,0,0.0,,0
frame_0050.png,extras,emergency exit sign,evacuation sign,evacuation sign.,0.18,0.18,0,0.0,,0
frame_0050.png,extras,meeting table set,meeting table set,meeting table set.,0.2,0.2,2,0.6272,"[420.04058837890625, 848.3814697265625, 1145.0797119140625, 1087.8638916015625]",1
frame_0050.png,extras,meeting table set,large meeting table,large meeting table.,0.2,0.2,1,0.7745,"[438.82208251953125, 854.1209716796875, 1141.392822265625, 1086.934326171875]",1
frame_0050.png,extras,meeting table set,conference table,conference table.,0.2,0.2,4,0.587,"[445.78570556640625, 870.0282592773438, 1135.4366455078125, 1082.7457275390625]",1
frame_0050.png,extras,meeting table set,metallic desk,metallic desk.,0.2,0.2,2,0.6344,"[436.6903076171875, 864.7860107421875, 1139.5892333984375, 1083.0665283203125]",1
frame_0050.png,extras,meeting table set,long table with chairs,long table with chairs.,0.2,0.2,4,0.4913,"[427.7547912597656, 847.3097534179688, 1148.359619140625, 1084.4185791015625]",1
frame_0050.png,extras,meeting table set,office meeting table,office meeting table.,0.2,0.2,2,0.6582,"[430.0294189453125, 863.6563110351562, 1139.6439208984375, 1084.1463623046875]",1
frame_0050.png,extras,meeting table set,boardroom table,boardroom table.,0.2,0.2,2,0.6239,"[440.7550048828125, 865.9962768554688, 1136.1888427734375, 1084.6563720703125]",1
frame_0050.png,extras,trash bin,trash bin,trash bin.,0.2,0.2,0,0.0,,0
frame_0050.png,extras,trash bin,indoor trash bin,indoor trash bin.,0.2,0.2,1,0.4927,"[0.9133163094520569, 979.6013793945312, 77.49098205566406, 1202.80810546875]",1
frame_0050.png,extras,trash bin,garbage bin,garbage bin.,0.2,0.2,2,0.3535,"[0.8264181017875671, 980.7936401367188, 76.68095397949219, 1202.40380859375]",1
frame_0050.png,extras,trash bin,waste bin,waste bin.,0.2,0.2,2,0.3663,"[0.8152627944946289, 980.7764282226562, 76.8157730102539, 1202.533935546875]",1
frame_0050.png,extras,trash bin,recycling bin,recycling bin.,0.2,0.2,3,0.3406,"[0.5835413932800293, 980.7799682617188, 77.36537170410156, 1202.893310546875]",1
frame_0050.png,extras,trash bin,rubbish bin,rubbish bin.,0.2,0.2,5,0.3701,"[0.5897104740142822, 980.4342041015625, 77.68701171875, 1203.102783203125]",1
frame_0050.png,extras,trash bin,small trash can,small trash can.,0.2,0.2,1,0.7476,"[1.0397019386291504, 973.7911987304688, 82.82524871826172, 1205.8382568359375]",1
frame_0050.png,extras,water fountain,water fountain,water fountain.,0.18,0.18,3,0.3216,"[1156.73583984375, 1655.6866455078125, 1710.714599609375, 1855.7764892578125]",1
frame_0050.png,extras,water fountain,metallic water fountain,metallic water fountain.,0.18,0.18,4,0.3828,"[1155.349609375, 1653.873046875, 1711.6513671875, 1854.59765625]",1
frame_0050.png,extras,water fountain,drinking fountain,drinking fountain.,0.18,0.18,0,0.0,,0
frame_0050.png,extras,water fountain,water dispenser,water dispenser.,0.18,0.18,0,0.0,,0
frame_0050.png,extras,water fountain,wall water fountain,wall water fountain.,0.18,0.18,5,0.4345,"[1155.6790771484375, 1654.726318359375, 1711.0614013671875, 1855.01025390625]",1
frame_0050.png,extras,water fountain,stainless water fountain,stainless water fountain.,0.18,0.18,3,0.4052,"[1153.372802734375, 1651.5257568359375, 1713.0614013671875, 1854.0882568359375]",1
frame_0051.png,production,meeting table set,ALL_GROUP,meeting table. conference table. meeting table set.,0.35,0.35,1,0.5701,"[414.9892883300781, 838.2943115234375, 1144.1904296875, 1091.7923583984375]",1
frame_0051.png,production,chair,ALL_GROUP,chair. armless chair.,0.42,0.42,3,0.4573,"[417.3552551269531, 886.2061157226562, 548.1040649414062, 1034.802001953125]",1
frame_0051.png,production,bench,ALL_GROUP,bench. benches. metal bench. metallic bench. waiting bench.,0.38,0.38,0,0.0,,0
frame_0051.png,production,bottle+cup+cardboard box,ALL_GROUP,bottle. dark thermos. thermos. dark thermos bottle. cup. cups. white drinking cup. white drinking cups. cardboard box. brown cardboard. brown cardboard box.,0.28,0.28,1,0.3284,"[1637.4217529296875, 984.0208129882812, 1740.340576171875, 1055.090087890625]",1
frame_0051.png,production,water fountain+door,ALL_GROUP,water fountain. metallic fountain. metallic water fountain. door. doors. dark door. dark door surface. elevator sliding door. elevator sliding doors.,0.38,0.38,0,0.0,,0
frame_0051.png,production,emergency exit sign,ALL_GROUP,emergency exit sign. exit sign.,0.5,0.5,0,0.0,,0
frame_0051.png,production,trash bin,ALL_GROUP,trash bin. trash bins. indoor trash bin.,0.45,0.45,0,0.0,,0
frame_0051.png,extras,bench,bench,bench.,0.2,0.2,1,0.205,"[2242.85595703125, 1665.902099609375, 2878.41064453125, 1856.1424560546875]",1
frame_0051.png,extras,bench,metal bench,metal bench.,0.2,0.2,3,0.307,"[3.266286849975586, 1747.586669921875, 436.8643493652344, 1854.390625]",1
frame_0051.png,extras,bench,waiting bench,waiting bench.,0.2,0.2,2,0.4042,"[2245.39013671875, 1663.4505615234375, 2879.4267578125, 1854.3636474609375]",1
frame_0051.png,extras,bench,sitting bench,sitting bench.,0.2,0.2,4,0.3512,"[2245.945068359375, 1663.65478515625, 2878.704345703125, 1855.2569580078125]",1
frame_0051.png,extras,bench,long bench,long bench.,0.2,0.2,3,0.4086,"[2245.72265625, 1662.701904296875, 2878.30712890625, 1853.753662109375]",1
frame_0051.png,extras,bottle,bottle,bottle.,0.18,0.18,1,0.6654,"[1076.2506103515625, 851.710693359375, 1093.693115234375, 892.3988037109375]",1
frame_0051.png,extras,bottle,dark thermos bottle,dark thermos bottle.,0.18,0.18,3,0.3675,"[1070.935546875, 845.1910400390625, 1100.427734375, 898.7843627929688]",1
frame_0051.png,extras,bottle,thermos bottle,thermos bottle.,0.18,0.18,1,0.3783,"[1073.80126953125, 849.2981567382812, 1096.8482666015625, 896.0921020507812]",1
frame_0051.png,extras,bottle,water bottle,water bottle.,0.18,0.18,1,0.4793,"[1073.5526123046875, 849.5549926757812, 1096.1728515625, 895.6500854492188]",1
frame_0051.png,extras,bottle,drink bottle,drink bottle.,0.18,0.18,1,0.3052,"[1074.9755859375, 849.6602783203125, 1096.4532470703125, 895.427734375]",1
frame_0051.png,extras,bottle,small bottle,small bottle.,0.18,0.18,1,0.5139,"[1071.8629150390625, 846.8869018554688, 1098.6949462890625, 896.4771118164062]",1
frame_0051.png,extras,cardboard box,cardboard box,cardboard box.,0.2,0.2,1,0.557,"[1638.9732666015625, 986.962890625, 1737.912353515625, 1052.7264404296875]",1
frame_0051.png,extras,cardboard box,brown cardboard box,brown cardboard box.,0.2,0.2,1,0.6182,"[1636.4346923828125, 983.8983764648438, 1739.7999267578125, 1054.752685546875]",1
frame_0051.png,extras,cardboard box,shipping box,shipping box.,0.2,0.2,2,0.4404,"[1639.30517578125, 988.4564819335938, 1737.4100341796875, 1051.9591064453125]",1
frame_0051.png,extras,cardboard box,package box,package box.,0.2,0.2,1,0.2707,"[1639.510498046875, 988.2069091796875, 1737.7076416015625, 1052.04345703125]",1
frame_0051.png,extras,cardboard box,small box,small box.,0.2,0.2,1,0.7051,"[1637.264892578125, 985.3759155273438, 1739.8043212890625, 1053.8760986328125]",1
frame_0051.png,extras,cardboard box,box,box.,0.2,0.2,1,0.4637,"[1639.5242919921875, 990.0128173828125, 1736.3824462890625, 1050.0626220703125]",1
frame_0051.png,extras,chair,chair,chair.,0.2,0.2,9,0.3093,"[420.2200012207031, 889.8421020507812, 544.817138671875, 1032.5081787109375]",1
frame_0051.png,extras,chair,armless chair,armless chair.,0.2,0.2,8,0.389,"[534.5489501953125, 853.228759765625, 681.490966796875, 1078.8709716796875]",1
frame_0051.png,extras,chair,office chair,office chair.,0.2,0.2,11,0.4598,"[419.09906005859375, 887.6951904296875, 546.1248168945312, 1033.259765625]",1
frame_0051.png,extras,chair,wheeled chair,wheeled chair.,0.2,0.2,9,0.5056,"[534.4006958007812, 854.6359252929688, 681.2182006835938, 1077.486083984375]",1
frame_0051.png,extras,chair,swivel chair,swivel chair.,0.2,0.2,7,0.3722,"[533.7886352539062, 853.0369873046875, 680.7317504882812, 1079.61865234375]",1
frame_0051.png,extras,chair,rolling chair,rolling chair.,0.2,0.2,9,0.4345,"[534.7222290039062, 854.4656982421875, 680.7919921875, 1078.07861328125]",1
frame_0051.png,extras,cup,cup,cup.,0.18,0.18,1,0.2821,"[1076.86962890625, 853.4234008789062, 1093.34912109375, 890.8966674804688]",1
frame_0051.png,extras,cup,white drinking cup,white drinking cup.,0.18,0.18,4,0.3279,"[1067.7003173828125, 844.435791015625, 1101.9520263671875, 898.3789672851562]",1
frame_0051.png,extras,cup,drinking cup,drinking cup.,0.18,0.18,0,0.0,,0
frame_0051.png,extras,cup,coffee cup,coffee cup.,0.18,0.18,0,0.0,,0
frame_0051.png,extras,cup,paper cup,paper cup.,0.18,0.18,0,0.0,,0
frame_0051.png,extras,cup,small cup,small cup.,0.18,0.18,2,0.3716,"[1157.2940673828125, 1651.9986572265625, 1706.3414306640625, 1854.4093017578125]",1
frame_0051.png,extras,door,door,door.,0.2,0.2,10,0.3684,"[179.72955322265625, 586.4090576171875, 308.5010681152344, 1039.8724365234375]",1
frame_0051.png,extras,door,dark door surface,dark door surface.,0.2,0.2,5,0.3598,"[1567.4908447265625, 453.6483154296875, 1738.3560791015625, 1005.1022338867188]",1
frame_0051.png,extras,door,wooden door,wooden door.,0.2,0.2,2,0.48,"[171.47671508789062, 584.5714111328125, 310.6849060058594, 1041.524658203125]",1
frame_0051.png,extras,door,closed door,closed door.,0.2,0.2,3,0.5041,"[170.7974090576172, 583.505859375, 310.7962646484375, 1042.607666015625]",1
frame_0051.png,extras,door,interior door,interior door.,0.2,0.2,6,0.4406,"[175.74090576171875, 583.9334716796875, 308.9520568847656, 1040.9669189453125]",1
frame_0051.png,extras,door,single door,single door.,0.2,0.2,1,0.5102,"[168.3369598388672, 580.9113159179688, 311.4637145996094, 1043.6669921875]",1
frame_0051.png,extras,emergency exit sign,emergency exit sign,emergency exit sign.,0.18,0.18,4,0.2423,"[1429.763427734375, 842.2451171875, 1453.222412109375, 872.8179931640625]",1
frame_0051.png,extras,emergency exit sign,exit sign,exit sign.,0.18,0.18,2,0.1896,"[155.13221740722656, 511.5625915527344, 190.07444763183594, 562.6658935546875]",1
frame_0051.png,extras,emergency exit sign,green emergency exit sign,green emergency exit sign.,0.18,0.18,4,0.2769,"[1411.9378662109375, 884.7874145507812, 1458.3323974609375, 919.49755859375]",1
frame_0051.png,extras,emergency exit sign,green exit sign,green exit sign.,0.18,0.18,5,0.327,"[1411.326416015625, 884.5662841796875, 1458.832763671875, 919.9580688476562]",1
frame_0051.png,extras,emergency exit sign,running man exit sign,running man exit sign.,0.18,0.18,4,0.3654,"[1153.1707763671875, 1646.6612548828125, 1710.76806640625, 1852.32275390625]",1
frame_0051.png,extras,emergency exit sign,fire exit sign,fire exit sign.,0.18,0.18,0,0.0,,0
frame_0051.png,extras,emergency exit sign,evacuation sign,evacuation sign.,0.18,0.18,0,0.0,,0
frame_0051.png,extras,meeting table set,meeting table set,meeting table set.,0.2,0.2,2,0.6192,"[414.9985046386719, 845.2843627929688, 1143.817626953125, 1089.621826171875]",1
frame_0051.png,extras,meeting table set,large meeting table,large meeting table.,0.2,0.2,1,0.7694,"[443.4784240722656, 851.6293334960938, 1139.2742919921875, 1088.364990234375]",1
frame_0051.png,extras,meeting table set,conference table,conference table.,0.2,0.2,4,0.5845,"[478.4424743652344, 868.5910034179688, 1132.09814453125, 1083.4219970703125]",1
frame_0051.png,extras,meeting table set,metallic desk,metallic desk.,0.2,0.2,2,0.6331,"[466.4866943359375, 863.2090454101562, 1135.946533203125, 1084.819091796875]",1
frame_0051.png,extras,meeting table set,long table with chairs,long table with chairs.,0.2,0.2,4,0.4259,"[430.20751953125, 842.4224243164062, 1149.70166015625, 1086.0911865234375]",1
frame_0051.png,extras,meeting table set,office meeting table,office meeting table.,0.2,0.2,4,0.6603,"[435.26947021484375, 861.6893310546875, 1138.363037109375, 1085.91796875]",1
frame_0051.png,extras,meeting table set,boardroom table,boardroom table.,0.2,0.2,3,0.6164,"[450.43121337890625, 863.0726928710938, 1134.939208984375, 1086.4117431640625]",1
frame_0051.png,extras,trash bin,trash bin,trash bin.,0.2,0.2,0,0.0,,0
frame_0051.png,extras,trash bin,indoor trash bin,indoor trash bin.,0.2,0.2,1,0.452,"[0.7760328054428101, 980.2550659179688, 55.53704071044922, 1200.8087158203125]",1
frame_0051.png,extras,trash bin,garbage bin,garbage bin.,0.2,0.2,1,0.322,"[0.7649123668670654, 981.3721313476562, 54.686100006103516, 1200.1451416015625]",1
frame_0051.png,extras,trash bin,waste bin,waste bin.,0.2,0.2,1,0.3373,"[0.76966792345047, 981.2766723632812, 54.742156982421875, 1200.3226318359375]",1
frame_0051.png,extras,trash bin,recycling bin,recycling bin.,0.2,0.2,2,0.2805,"[1639.548583984375, 988.0374145507812, 1737.98681640625, 1052.0045166015625]",1
frame_0051.png,extras,trash bin,rubbish bin,rubbish bin.,0.2,0.2,4,0.304,"[1639.211669921875, 987.7548217773438, 1738.239990234375, 1052.041015625]",1
frame_0051.png,extras,trash bin,small trash can,small trash can.,0.2,0.2,1,0.6593,"[0.8192351460456848, 974.5859985351562, 60.28436279296875, 1203.849365234375]",1
frame_0051.png,extras,water fountain,water fountain,water fountain.,0.18,0.18,3,0.3266,"[1155.106689453125, 1653.9276123046875, 1708.8807373046875, 1855.5384521484375]",1
frame_0051.png,extras,water fountain,metallic water fountain,metallic water fountain.,0.18,0.18,5,0.4002,"[1153.70361328125, 1652.1114501953125, 1709.7510986328125, 1854.410400390625]",1
frame_0051.png,extras,water fountain,drinking fountain,drinking fountain.,0.18,0.18,0,0.0,,0
frame_0051.png,extras,water fountain,water dispenser,water dispenser.,0.18,0.18,1,0.2201,"[1071.6666259765625, 847.8241577148438, 1098.922119140625, 897.8984985351562]",1
frame_0051.png,extras,water fountain,wall water fountain,wall water fountain.,0.18,0.18,5,0.4241,"[1154.1082763671875, 1652.9637451171875, 1709.19580078125, 1854.822265625]",1
frame_0051.png,extras,water fountain,stainless water fountain,stainless water fountain.,0.18,0.18,3,0.4129,"[1151.70849609375, 1649.41796875, 1711.4676513671875, 1853.912841796875]",1
frame_0052.png,production,meeting table set,ALL_GROUP,meeting table. conference table. meeting table set.,0.35,0.35,2,0.5661,"[410.24859619140625, 835.0545654296875, 1142.89501953125, 1094.019287109375]",1
frame_0052.png,production,chair,ALL_GROUP,chair. armless chair.,0.42,0.42,3,0.4516,"[412.8954772949219, 884.9373779296875, 543.3399047851562, 1033.8123779296875]",1
frame_0052.png,production,bench,ALL_GROUP,bench. benches. metal bench. metallic bench. waiting bench.,0.38,0.38,0,0.0,,0
frame_0052.png,production,bottle+cup+cardboard box,ALL_GROUP,bottle. dark thermos. thermos. dark thermos bottle. cup. cups. white drinking cup. white drinking cups. cardboard box. brown cardboard. brown cardboard box.,0.28,0.28,1,0.3428,"[1642.069091796875, 983.9984130859375, 1750.5677490234375, 1056.03271484375]",1
frame_0052.png,production,water fountain+door,ALL_GROUP,water fountain. metallic fountain. metallic water fountain. door. doors. dark door. dark door surface. elevator sliding door. elevator sliding doors.,0.38,0.38,0,0.0,,0
frame_0052.png,production,emergency exit sign,ALL_GROUP,emergency exit sign. exit sign.,0.5,0.5,0,0.0,,0
frame_0052.png,production,trash bin,ALL_GROUP,trash bin. trash bins. indoor trash bin.,0.45,0.45,0,0.0,,0
frame_0052.png,extras,bench,bench,bench.,0.2,0.2,2,0.2412,"[2.3131585121154785, 1753.16357421875, 437.990478515625, 1856.8359375]",1
frame_0052.png,extras,bench,metal bench,metal bench.,0.2,0.2,3,0.3794,"[2248.12109375, 1660.5819091796875, 2877.48681640625, 1853.4273681640625]",1
frame_0052.png,extras,bench,waiting bench,waiting bench.,0.2,0.2,2,0.428,"[2247.250732421875, 1662.9656982421875, 2879.44189453125, 1854.295654296875]",1
frame_0052.png,extras,bench,sitting bench,sitting bench.,0.2,0.2,2,0.3832,"[2247.642333984375, 1662.9061279296875, 2878.799072265625, 1855.18359375]",1
frame_0052.png,extras,bench,long bench,long bench.,0.2,0.2,3,0.436,"[2247.883544921875, 1662.01708984375, 2878.230224609375, 1853.83642578125]",1
frame_0052.png,extras,bottle,bottle,bottle.,0.18,0.18,2,0.6267,"[1074.1004638671875, 849.709716796875, 1091.7109375, 891.31201171875]",1
frame_0052.png,extras,bottle,dark thermos bottle,dark thermos bottle.,0.18,0.18,5,0.303,"[1069.2623291015625, 843.0490112304688, 1098.9183349609375, 897.363525390625]",1
frame_0052.png,extras,bottle,thermos bottle,thermos bottle.,0.18,0.18,1,0.3259,"[1071.5538330078125, 846.439453125, 1095.4364013671875, 895.2796630859375]",1
frame_0052.png,extras,bottle,water bottle,water bottle.,0.18,0.18,1,0.4317,"[1071.6065673828125, 847.0282592773438, 1094.5159912109375, 894.972900390625]",1
frame_0052.png,extras,bottle,drink bottle,drink bottle.,0.18,0.18,1,0.2869,"[1072.83642578125, 847.427001953125, 1094.99560546875, 894.7897338867188]",1
frame_0052.png,extras,bottle,small bottle,small bottle.,0.18,0.18,1,0.5101,"[1070.0205078125, 844.5197143554688, 1097.197265625, 895.8472900390625]",1
frame_0052.png,extras,cardboard box,cardboard box,cardboard box.,0.2,0.2,1,0.5657,"[1643.51123046875, 986.7606811523438, 1748.773681640625, 1053.7965087890625]",1
frame_0052.png,extras,cardboard box,brown cardboard box,brown cardboard box.,0.2,0.2,1,0.6244,"[1641.1287841796875, 983.9446411132812, 1750.674072265625, 1055.78466796875]",1
frame_0052.png,extras,cardboard box,shipping box,shipping box.,0.2,0.2,2,0.4426,"[1644.0223388671875, 988.3451538085938, 1748.147216796875, 1053.0113525390625]",1
frame_0052.png,extras,cardboard box,package box,package box.,0.2,0.2,1,0.2511,"[1644.277099609375, 988.0673217773438, 1748.1593017578125, 1053.2030029296875]",1
frame_0052.png,extras,cardboard box,small box,small box.,0.2,0.2,1,0.7132,"[1642.33349609375, 985.2431030273438, 1750.4080810546875, 1055.0208740234375]",1
frame_0052.png,extras,cardboard box,box,box.,0.2,0.2,1,0.4634,"[1645.0086669921875, 990.03173828125, 1747.7734375, 1050.7940673828125]",1
frame_0052.png,extras,chair,chair,chair.,0.2,0.2,10,0.3005,"[415.2011413574219, 888.2664184570312, 542.7360229492188, 1031.3172607421875]",1
frame_0052.png,extras,chair,armless chair,armless chair.,0.2,0.2,7,0.3778,"[411.97381591796875, 883.8784790039062, 542.759521484375, 1033.801513671875]",1
frame_0052.png,extras,chair,office chair,office chair.,0.2,0.2,11,0.4502,"[414.369873046875, 886.2459106445312, 544.6351928710938, 1032.432861328125]",1
frame_0052.png,extras,chair,wheeled chair,wheeled chair.,0.2,0.2,9,0.4871,"[413.2672119140625, 884.4552001953125, 542.5429077148438, 1033.00927734375]",1
frame_0052.png,extras,chair,swivel chair,swivel chair.,0.2,0.2,6,0.3643,"[411.3539733886719, 883.5431518554688, 543.2861938476562, 1034.1727294921875]",1
frame_0052.png,extras,chair,rolling chair,rolling chair.,0.2,0.2,9,0.4227,"[413.20062255859375, 884.8634643554688, 543.4718627929688, 1032.9453125]",1
frame_0052.png,extras,cup,cup,cup.,0.18,0.18,1,0.2967,"[1074.6085205078125, 850.82470703125, 1091.114501953125, 889.2992553710938]",1
frame_0052.png,extras,cup,white drinking cup,white drinking cup.,0.18,0.18,3,0.3313,"[1066.3145751953125, 841.4287109375, 1100.1414794921875, 896.55810546875]",1
frame_0052.png,extras,cup,drinking cup,drinking cup.,0.18,0.18,0,0.0,,0
frame_0052.png,extras,cup,coffee cup,coffee cup.,0.18,0.18,0,0.0,,0
frame_0052.png,extras,cup,paper cup,paper cup.,0.18,0.18,0,0.0,,0
frame_0052.png,extras,cup,small cup,small cup.,0.18,0.18,3,0.3658,"[1159.2830810546875, 1653.70458984375, 1706.091552734375, 1854.5008544921875]",1
frame_0052.png,extras,door,door,door.,0.2,0.2,10,0.3996,"[172.5222625732422, 583.7385864257812, 304.6875, 1039.2982177734375]",1
frame_0052.png,extras,door,dark door surface,dark door surface.,0.2,0.2,6,0.3449,"[164.8238067626953, 577.4696655273438, 311.7039794921875, 1043.3504638671875]",1
frame_0052.png,extras,door,wooden door,wooden door.,0.2,0.2,2,0.477,"[168.36802673339844, 582.6654052734375, 306.2286682128906, 1040.2584228515625]",1
frame_0052.png,extras,door,closed door,closed door.,0.2,0.2,2,0.5095,"[167.3983917236328, 582.2114868164062, 306.21270751953125, 1041.1055908203125]",1
frame_0052.png,extras,door,interior door,interior door.,0.2,0.2,5,0.4763,"[168.4537811279297, 581.5733642578125, 305.2348327636719, 1040.529296875]",1
frame_0052.png,extras,door,single door,single door.,0.2,0.2,2,0.5284,"[165.50709533691406, 580.0575561523438, 307.2308654785156, 1042.0452880859375]",1
frame_0052.png,extras,emergency exit sign,emergency exit sign,emergency exit sign.,0.18,0.18,5,0.2394,"[1432.9844970703125, 840.4126586914062, 1457.19873046875, 872.5408935546875]",1
frame_0052.png,extras,emergency exit sign,exit sign,exit sign.,0.18,0.18,1,0.1841,"[1432.7401123046875, 839.8538818359375, 1457.7432861328125, 872.4578857421875]",1
frame_0052.png,extras,emergency exit sign,green emergency exit sign,green emergency exit sign.,0.18,0.18,5,0.2912,"[1415.41650390625, 883.6591186523438, 1460.3509521484375, 920.1165161132812]",1
frame_0052.png,extras,emergency exit sign,green exit sign,green exit sign.,0.18,0.18,4,0.3433,"[1415.2447509765625, 883.9468994140625, 1460.7008056640625, 920.3345336914062]",1
frame_0052.png,extras,emergency exit sign,running man exit sign,running man exit sign.,0.18,0.18,4,0.3935,"[1154.6522216796875, 1647.9288330078125, 1710.278564453125, 1852.6009521484375]",1
frame_0052.png,extras,emergency exit sign,fire exit sign,fire exit sign.,0.18,0.18,1,0.1923,"[1432.393798828125, 838.9580078125, 1458.8779296875, 873.5973510742188]",1
frame_0052.png,extras,emergency exit sign,evacuation sign,evacuation sign.,0.18,0.18,0,0.0,,0
frame_0052.png,extras,meeting table set,meeting table set,meeting table set.,0.2,0.2,2,0.6109,"[409.81573486328125, 841.8401489257812, 1143.6343994140625, 1091.8204345703125]",1
frame_0052.png,extras,meeting table set,large meeting table,large meeting table.,0.2,0.2,1,0.7657,"[429.8054504394531, 848.708984375, 1136.3912353515625, 1090.2200927734375]",1
frame_0052.png,extras,meeting table set,conference table,conference table.,0.2,0.2,4,0.5767,"[464.3526916503906, 868.7922973632812, 1128.50146484375, 1084.8670654296875]",1
frame_0052.png,extras,meeting table set,metallic desk,metallic desk.,0.2,0.2,2,0.6451,"[439.88055419921875, 859.3727416992188, 1133.7552490234375, 1086.98583984375]",1
frame_0052.png,extras,meeting table set,long table with chairs,long table with chairs.,0.2,0.2,4,0.5096,"[420.7564697265625, 840.2847290039062, 1148.6846923828125, 1089.411865234375]",1
frame_0052.png,extras,meeting table set,office meeting table,office meeting table.,0.2,0.2,3,0.6546,"[428.2941589355469, 860.1815795898438, 1136.477783203125, 1087.0657958984375]",1
frame_0052.png,extras,meeting table set,boardroom table,boardroom table.,0.2,0.2,3,0.6093,"[430.9297180175781, 861.9513549804688, 1132.1488037109375, 1088.0023193359375]",1
frame_0052.png,extras,trash bin,trash bin,trash bin.,0.2,0.2,0,0.0,,0
frame_0052.png,extras,trash bin,indoor trash bin,indoor trash bin.,0.2,0.2,2,0.3267,"[1643.7149658203125, 986.1162719726562, 1750.2374267578125, 1054.140380859375]",1
frame_0052.png,extras,trash bin,garbage bin,garbage bin.,0.2,0.2,0,0.0,,0
frame_0052.png,extras,trash bin,waste bin,waste bin.,0.2,0.2,1,0.2249,"[0.7963008880615234, 982.0045166015625, 30.02204132080078, 1197.4688720703125]",1
frame_0052.png,extras,trash bin,recycling bin,recycling bin.,0.2,0.2,1,0.2379,"[1644.5343017578125, 987.866455078125, 1748.4259033203125, 1053.307861328125]",1
frame_0052.png,extras,trash bin,rubbish bin,rubbish bin.,0.2,0.2,2,0.2378,"[1644.06103515625, 987.6939697265625, 1748.4892578125, 1053.34228515625]",1
frame_0052.png,extras,trash bin,small trash can,small trash can.,0.2,0.2,3,0.484,"[1639.238037109375, 980.558349609375, 1755.2935791015625, 1058.64208984375]",1
frame_0052.png,extras,water fountain,water fountain,water fountain.,0.18,0.18,2,0.311,"[1157.521240234375, 1655.27685546875, 1707.94775390625, 1855.6912841796875]",1
frame_0052.png,extras,water fountain,metallic water fountain,metallic water fountain.,0.18,0.18,4,0.4091,"[1156.1422119140625, 1653.4256591796875, 1708.5789794921875, 1854.5494384765625]",1
frame_0052.png,extras,water fountain,drinking fountain,drinking fountain.,0.18,0.18,0,0.0,,0
frame_0052.png,extras,water fountain,water dispenser,water dispenser.,0.18,0.18,1,0.1932,"[1069.8011474609375, 845.8424682617188, 1097.6640625, 897.39208984375]",1
frame_0052.png,extras,water fountain,wall water fountain,wall water fountain.,0.18,0.18,4,0.4272,"[1156.098388671875, 1654.00048828125, 1708.532470703125, 1854.92138671875]",1
frame_0052.png,extras,water fountain,stainless water fountain,stainless water fountain.,0.18,0.18,2,0.4275,"[1153.994384765625, 1650.494384765625, 1710.12353515625, 1854.1309814453125]",1
frame_0053.png,production,meeting table set,ALL_GROUP,meeting table. conference table. meeting table set.,0.35,0.35,1,0.5605,"[403.6987609863281, 833.2489624023438, 1141.3636474609375, 1095.6094970703125]",1
frame_0053.png,production,chair,ALL_GROUP,chair. armless chair.,0.42,0.42,2,0.434,"[406.10009765625, 883.1831665039062, 531.115234375, 1034.500244140625]",1
frame_0053.png,production,bench,ALL_GROUP,bench. benches. metal bench. metallic bench. waiting bench.,0.38,0.38,0,0.0,,0
frame_0053.png,production,bottle+cup+cardboard box,ALL_GROUP,bottle. dark thermos. thermos. dark thermos bottle. cup. cups. white drinking cup. white drinking cups. cardboard box. brown cardboard. brown cardboard box.,0.28,0.28,1,0.3469,"[1648.8331298828125, 984.8447265625, 1756.3734130859375, 1058.2027587890625]",1
frame_0053.png,production,water fountain+door,ALL_GROUP,water fountain. metallic fountain. metallic water fountain. door. doors. dark door. dark door surface. elevator sliding door. elevator sliding doors.,0.38,0.38,0,0.0,,0
frame_0053.png,production,emergency exit sign,ALL_GROUP,emergency exit sign. exit sign.,0.5,0.5,0,0.0,,0
frame_0053.png,production,trash bin,ALL_GROUP,trash bin. trash bins. indoor trash bin.,0.45,0.45,0,0.0,,0
frame_0053.png,extras,bench,bench,bench.,0.2,0.2,2,0.2067,"[2.1680188179016113, 1752.8763427734375, 437.285400390625, 1856.8489990234375]",1
frame_0053.png,extras,bench,metal bench,metal bench.,0.2,0.2,3,0.2889,"[3.2654500007629395, 1747.5948486328125, 439.45037841796875, 1854.5296630859375]",1
frame_0053.png,extras,bench,waiting bench,waiting bench.,0.2,0.2,2,0.3895,"[2244.30029296875, 1663.3870849609375, 2879.465576171875, 1854.3465576171875]",1
frame_0053.png,extras,bench,sitting bench,sitting bench.,0.2,0.2,5,0.3412,"[2.435746192932129, 1750.181640625, 437.34088134765625, 1855.88671875]",1
frame_0053.png,extras,bench,long bench,long bench.,0.2,0.2,2,0.406,"[2244.275390625, 1662.6583251953125, 2878.357177734375, 1853.7843017578125]",1
frame_0053.png,extras,bottle,bottle,bottle.,0.18,0.18,2,0.6478,"[1072.267578125, 848.5718383789062, 1089.9879150390625, 889.619384765625]",1
frame_0053.png,extras,bottle,dark thermos bottle,dark thermos bottle.,0.18,0.18,3,0.3277,"[1067.21728515625, 841.5343627929688, 1096.8494873046875, 896.0625610351562]",1
frame_0053.png,extras,bottle,thermos bottle,thermos bottle.,0.18,0.18,1,0.3446,"[1069.6405029296875, 845.2351684570312, 1093.509521484375, 893.8829345703125]",1
frame_0053.png,extras,bottle,water bottle,water bottle.,0.18,0.18,1,0.485,"[1069.8751220703125, 845.8327026367188, 1092.9483642578125, 893.3656616210938]",1
frame_0053.png,extras,bottle,drink bottle,drink bottle.,0.18,0.18,1,0.3096,"[1070.6329345703125, 846.3873901367188, 1092.269287109375, 893.1126098632812]",1
frame_0053.png,extras,bottle,small bottle,small bottle.,0.18,0.18,1,0.563,"[1068.0953369140625, 843.3955688476562, 1095.303466796875, 894.4519653320312]",1
frame_0053.png,extras,cardboard box,cardboard box,cardboard box.,0.2,0.2,1,0.5573,"[1650.627685546875, 987.6403198242188, 1754.26513671875, 1055.7391357421875]",1
frame_0053.png,extras,cardboard box,brown cardboard box,brown cardboard box.,0.2,0.2,1,0.6195,"[1648.27587890625, 984.6827392578125, 1756.141357421875, 1057.890869140625]",1
frame_0053.png,extras,cardboard box,shipping box,shipping box.,0.2,0.2,2,0.4309,"[1651.2513427734375, 989.5783081054688, 1753.541259765625, 1054.8485107421875]",1
frame_0053.png,extras,cardboard box,package box,package box.,0.2,0.2,1,0.2086,"[1651.23974609375, 989.308837890625, 1754.4638671875, 1055.42626953125]",1
frame_0053.png,extras,cardboard box,small box,small box.,0.2,0.2,1,0.6996,"[1649.59814453125, 986.1935424804688, 1755.5438232421875, 1057.181640625]",1
frame_0053.png,extras,cardboard box,box,box.,0.2,0.2,1,0.4545,"[1651.909423828125, 991.06591796875, 1752.6307373046875, 1052.7066650390625]",1
frame_0053.png,extras,chair,chair,chair.,0.2,0.2,9,0.324,"[408.8322448730469, 886.340576171875, 529.953369140625, 1032.0430908203125]",1
frame_0053.png,extras,chair,armless chair,armless chair.,0.2,0.2,7,0.4022,"[405.9907531738281, 882.3357543945312, 531.1903076171875, 1034.6617431640625]",1
frame_0053.png,extras,chair,office chair,office chair.,0.2,0.2,12,0.4381,"[407.95196533203125, 884.6893920898438, 530.9147338867188, 1033.0987548828125]",1
frame_0053.png,extras,chair,wheeled chair,wheeled chair.,0.2,0.2,9,0.5019,"[406.896484375, 882.83544921875, 530.6975708007812, 1034.0244140625]",1
frame_0053.png,extras,chair,swivel chair,swivel chair.,0.2,0.2,7,0.364,"[511.81829833984375, 847.7935180664062, 663.1213989257812, 1083.0220947265625]",1
frame_0053.png,extras,chair,rolling chair,rolling chair.,0.2,0.2,8,0.4261,"[406.78155517578125, 883.0772705078125, 531.5010986328125, 1034.0487060546875]",1
frame_0053.png,extras,cup,cup,cup.,0.18,0.18,1,0.3645,"[1072.9814453125, 849.1678466796875, 1088.8690185546875, 887.5384521484375]",1
frame_0053.png,extras,cup,white drinking cup,white drinking cup.,0.18,0.18,4,0.3476,"[1064.3287353515625, 839.1370239257812, 1098.55029296875, 895.3804931640625]",1
frame_0053.png,extras,cup,drinking cup,drinking cup.,0.18,0.18,0,0.0,,0
frame_0053.png,extras,cup,coffee cup,coffee cup.,0.18,0.18,0,0.0,,0
frame_0053.png,extras,cup,paper cup,paper cup.,0.18,0.18,0,0.0,,0
frame_0053.png,extras,cup,small cup,small cup.,0.18,0.18,2,0.3441,"[1157.263916015625, 1654.27685546875, 1708.479736328125, 1854.2628173828125]",1
frame_0053.png,extras,door,door,door.,0.2,0.2,7,0.3889,"[157.43377685546875, 577.5955200195312, 299.71160888671875, 1040.2542724609375]",1
frame_0053.png,extras,door,dark door surface,dark door surface.,0.2,0.2,6,0.3427,"[1573.957275390625, 440.5842590332031, 1751.75634765625, 1004.5631103515625]",1
frame_0053.png,extras,door,wooden door,wooden door.,0.2,0.2,1,0.5165,"[151.70692443847656, 576.1995849609375, 301.1619567871094, 1041.569580078125]",1
frame_0053.png,extras,door,closed door,closed door.,0.2,0.2,2,0.4935,"[153.06845092773438, 575.91552734375, 301.02130126953125, 1042.28515625]",1
frame_0053.png,extras,door,interior door,interior door.,0.2,0.2,5,0.4755,"[153.67408752441406, 574.0474853515625, 300.6571044921875, 1041.415283203125]",1
frame_0053.png,extras,door,single door,single door.,0.2,0.2,2,0.5346,"[151.01646423339844, 573.9285278320312, 301.72320556640625, 1043.2015380859375]",1
frame_0053.png,extras,emergency exit sign,emergency exit sign,emergency exit sign.,0.18,0.18,4,0.2801,"[1435.4239501953125, 840.0115356445312, 1459.2235107421875, 871.4714965820312]",1
frame_0053.png,extras,emergency exit sign,exit sign,exit sign.,0.18,0.18,3,0.2206,"[1434.9681396484375, 839.2177734375, 1459.3638916015625, 871.9920043945312]",1
frame_0053.png,extras,emergency exit sign,green emergency exit sign,green emergency exit sign.,0.18,0.18,6,0.2803,"[1418.7161865234375, 882.4537963867188, 1461.6480712890625, 918.240478515625]",1
frame_0053.png,extras,emergency exit sign,green exit sign,green exit sign.,0.18,0.18,5,0.3263,"[1418.6160888671875, 882.7113647460938, 1461.6932373046875, 918.4996948242188]",1
frame_0053.png,extras,emergency exit sign,running man exit sign,running man exit sign.,0.18,0.18,4,0.3807,"[1152.6309814453125, 1648.623046875, 1712.7259521484375, 1852.7530517578125]",1
frame_0053.png,extras,emergency exit sign,fire exit sign,fire exit sign.,0.18,0.18,1,0.2093,"[1434.3057861328125, 838.3846435546875, 1460.9208984375, 873.501220703125]",1
frame_0053.png,extras,emergency exit sign,evacuation sign,evacuation sign.,0.18,0.18,2,0.2148,"[1436.64013671875, 841.1473388671875, 1458.4134521484375, 871.1464233398438]",1
frame_0053.png,extras,meeting table set,meeting table set,meeting table set.,0.2,0.2,1,0.6185,"[403.58538818359375, 839.9483032226562, 1142.6500244140625, 1093.2108154296875]",1
frame_0053.png,extras,meeting table set,large meeting table,large meeting table.,0.2,0.2,1,0.7738,"[421.6157531738281, 846.6383056640625, 1134.493896484375, 1091.8504638671875]",1
frame_0053.png,extras,meeting table set,conference table,conference table.,0.2,0.2,3,0.5702,"[433.7485046386719, 864.4361572265625, 1127.8472900390625, 1086.3958740234375]",1
frame_0053.png,extras,meeting table set,metallic desk,metallic desk.,0.2,0.2,2,0.6326,"[424.19439697265625, 857.5818481445312, 1133.2430419921875, 1088.08251953125]",1
frame_0053.png,extras,meeting table set,long table with chairs,long table with chairs.,0.2,0.2,3,0.4725,"[410.0302734375, 837.3419799804688, 1147.2509765625, 1089.31982421875]",1
frame_0053.png,extras,meeting table set,office meeting table,office meeting table.,0.2,0.2,2,0.6549,"[413.9515075683594, 856.0758666992188, 1134.691650390625, 1088.1612548828125]",1
frame_0053.png,extras,meeting table set,boardroom table,boardroom table.,0.2,0.2,2,0.6205,"[422.8712463378906, 859.3228759765625, 1129.736572265625, 1088.19921875]",1
frame_0053.png,extras,trash bin,trash bin,trash bin.,0.2,0.2,0,0.0,,0
frame_0053.png,extras,trash bin,indoor trash bin,indoor trash bin.,0.2,0.2,1,0.2128,"[1157.0533447265625, 906.4479370117188, 1213.79052734375, 985.656494140625]",1
frame_0053.png,extras,trash bin,garbage bin,garbage bin.,0.2,0.2,0,0.0,,0
frame_0053.png,extras,trash bin,waste bin,waste bin.,0.2,0.2,0,0.0,,0
frame_0053.png,extras,trash bin,recycling bin,recycling bin.,0.2,0.2,0,0.0,,0
frame_0053.png,extras,trash bin,rubbish bin,rubbish bin.,0.2,0.2,4,0.2276,"[1650.934814453125, 989.1346435546875, 1754.0029296875, 1055.7265625]",1
frame_0053.png,extras,trash bin,small trash can,small trash can.,0.2,0.2,3,0.4229,"[1153.6044921875, 901.3937377929688, 1218.2625732421875, 987.7175903320312]",1
frame_0053.png,extras,water fountain,water fountain,water fountain.,0.18,0.18,3,0.3404,"[1155.450439453125, 1656.0732421875, 1709.8048095703125, 1855.7227783203125]",1
frame_0053.png,extras,water fountain,metallic water fountain,metallic water fountain.,0.18,0.18,3,0.4429,"[1154.08349609375, 1654.03857421875, 1710.4329833984375, 1854.634765625]",1
frame_0053.png,extras,water fountain,drinking fountain,drinking fountain.,0.18,0.18,0,0.0,,0
frame_0053.png,extras,water fountain,water dispenser,water dispenser.,0.18,0.18,0,0.0,,0
frame_0053.png,extras,water fountain,wall water fountain,wall water fountain.,0.18,0.18,4,0.4705,"[1154.29296875, 1654.9310302734375, 1710.2635498046875, 1855.06005859375]",1
frame_0053.png,extras,water fountain,stainless water fountain,stainless water fountain.,0.18,0.18,2,0.4455,"[1151.744140625, 1650.9910888671875, 1712.155517578125, 1854.18408203125]",1
frame_0054.png,production,meeting table set,ALL_GROUP,meeting table. conference table. meeting table set.,0.35,0.35,2,0.5684,"[395.5335693359375, 831.1316528320312, 1141.1728515625, 1100.146240234375]",1
frame_0054.png,production,chair,ALL_GROUP,chair. armless chair.,0.42,0.42,3,0.4418,"[398.1914367675781, 882.434814453125, 521.947021484375, 1035.0352783203125]",1
frame_0054.png,production,bench,ALL_GROUP,bench. benches. metal bench. metallic bench. waiting bench.,0.38,0.38,0,0.0,,0
frame_0054.png,production,bottle+cup+cardboard box,ALL_GROUP,bottle. dark thermos. thermos. dark thermos bottle. cup. cups. white drinking cup. white drinking cups. cardboard box. brown cardboard. brown cardboard box.,0.28,0.28,1,0.3803,"[1655.78076171875, 984.3950805664062, 1768.5989990234375, 1060.8626708984375]",1
frame_0054.png,production,water fountain+door,ALL_GROUP,water fountain. metallic fountain. metallic water fountain. door. doors. dark door. dark door surface. elevator sliding door. elevator sliding doors.,0.38,0.38,0,0.0,,0
frame_0054.png,production,emergency exit sign,ALL_GROUP,emergency exit sign. exit sign.,0.5,0.5,0,0.0,,0
frame_0054.png,production,trash bin,ALL_GROUP,trash bin. trash bins. indoor trash bin.,0.45,0.45,0,0.0,,0
frame_0054.png,extras,bench,bench,bench.,0.2,0.2,2,0.2343,"[2247.410400390625, 1665.3402099609375, 2878.433349609375, 1856.1160888671875]",1
frame_0054.png,extras,bench,metal bench,metal bench.,0.2,0.2,3,0.402,"[2247.6767578125, 1660.185302734375, 2877.469970703125, 1853.4215087890625]",1
frame_0054.png,extras,bench,waiting bench,waiting bench.,0.2,0.2,2,0.4797,"[2247.5009765625, 1662.5849609375, 2879.16845703125, 1854.370361328125]",1
frame_0054.png,extras,bench,sitting bench,sitting bench.,0.2,0.2,2,0.4242,"[2247.91162109375, 1662.7032470703125, 2878.513916015625, 1855.219970703125]",1
frame_0054.png,extras,bench,long bench,long bench.,0.2,0.2,3,0.4574,"[2248.03369140625, 1661.5970458984375, 2878.032470703125, 1853.7998046875]",1
frame_0054.png,extras,bottle,bottle,bottle.,0.18,0.18,2,0.669,"[1069.5892333984375, 847.8863525390625, 1088.2926025390625, 889.7294311523438]",1
frame_0054.png,extras,bottle,dark thermos bottle,dark thermos bottle.,0.18,0.18,3,0.3679,"[1064.849365234375, 841.0176391601562, 1094.558349609375, 895.9781494140625]",1
frame_0054.png,extras,bottle,thermos bottle,thermos bottle.,0.18,0.18,1,0.3939,"[1066.99755859375, 844.3233032226562, 1091.7332763671875, 894.1115112304688]",1
frame_0054.png,extras,bottle,water bottle,water bottle.,0.18,0.18,1,0.4755,"[1067.5831298828125, 844.9293212890625, 1091.30859375, 892.9590454101562]",1
frame_0054.png,extras,bottle,drink bottle,drink bottle.,0.18,0.18,1,0.344,"[1068.1754150390625, 845.8721313476562, 1090.4854736328125, 893.3839721679688]",1
frame_0054.png,extras,bottle,small bottle,small bottle.,0.18,0.18,1,0.5745,"[1065.5303955078125, 842.5203247070312, 1093.306884765625, 894.2964477539062]",1
frame_0054.png,extras,cardboard box,cardboard box,cardboard box.,0.2,0.2,1,0.5824,"[1657.5927734375, 987.529296875, 1766.581298828125, 1058.3026123046875]",1
frame_0054.png,extras,cardboard box,brown cardboard box,brown cardboard box.,0.2,0.2,1,0.6297,"[1654.972412109375, 984.4810180664062, 1768.3770751953125, 1060.6295166015625]",1
frame_0054.png,extras,cardboard box,shipping box,shipping box.,0.2,0.2,2,0.4529,"[1658.1419677734375, 989.3043823242188, 1765.6805419921875, 1057.52001953125]",1
frame_0054.png,extras,cardboard box,package box,package box.,0.2,0.2,1,0.2584,"[1658.180419921875, 989.0260009765625, 1766.013916015625, 1057.95703125]",1
frame_0054.png,extras,cardboard box,small box,small box.,0.2,0.2,1,0.7081,"[1655.9058837890625, 985.9259033203125, 1768.2589111328125, 1059.967041015625]",1
frame_0054.png,extras,cardboard box,box,box.,0.2,0.2,1,0.4789,"[1658.36767578125, 990.874755859375, 1765.560546875, 1055.2039794921875]",1
frame_0054.png,extras,chair,chair,chair.,0.2,0.2,10,0.3443,"[1037.1956787109375, 887.9061889648438, 1137.8038330078125, 1028.4959716796875]",1
frame_0054.png,extras,chair,armless chair,armless chair.,0.2,0.2,7,0.4014,"[628.8772583007812, 837.5275268554688, 820.3483276367188, 1086.450439453125]",1
frame_0054.png,extras,chair,office chair,office chair.,0.2,0.2,12,0.4394,"[400.4215393066406, 884.1206665039062, 521.568115234375, 1033.8450927734375]",1
frame_0054.png,extras,chair,wheeled chair,wheeled chair.,0.2,0.2,10,0.4938,"[501.3086853027344, 848.2849731445312, 649.418701171875, 1082.886962890625]",1
frame_0054.png,extras,chair,swivel chair,swivel chair.,0.2,0.2,6,0.3929,"[623.4942626953125, 837.1192626953125, 822.163818359375, 1087.8192138671875]",1
frame_0054.png,extras,chair,rolling chair,rolling chair.,0.2,0.2,8,0.4232,"[501.5001220703125, 848.1897583007812, 649.5812377929688, 1083.403076171875]",1
frame_0054.png,extras,cup,cup,cup.,0.18,0.18,1,0.2917,"[1070.514404296875, 848.754638671875, 1087.178466796875, 887.8056030273438]",1
frame_0054.png,extras,cup,white drinking cup,white drinking cup.,0.18,0.18,4,0.3434,"[1061.9451904296875, 839.001953125, 1096.3543701171875, 895.6420288085938]",1
frame_0054.png,extras,cup,drinking cup,drinking cup.,0.18,0.18,0,0.0,,0
frame_0054.png,extras,cup,coffee cup,coffee cup.,0.18,0.18,0,0.0,,0
frame_0054.png,extras,cup,paper cup,paper cup.,0.18,0.18,0,0.0,,0
frame_0054.png,extras,cup,small cup,small cup.,0.18,0.18,2,0.3732,"[1158.4921875, 1652.3447265625, 1706.6163330078125, 1854.3809814453125]",1
frame_0054.png,extras,door,door,door.,0.2,0.2,11,0.3129,"[153.61924743652344, 575.4955444335938, 292.14080810546875, 1040.271240234375]",1
frame_0054.png,extras,door,dark door surface,dark door surface.,0.2,0.2,6,0.3511,"[1576.830078125, 432.9447326660156, 1761.6712646484375, 1006.813232421875]",1
frame_0054.png,extras,door,wooden door,wooden door.,0.2,0.2,5,0.3894,"[149.91261291503906, 574.891357421875, 293.2044982910156, 1041.7178955078125]",1
frame_0054.png,extras,door,closed door,closed door.,0.2,0.2,4,0.3957,"[148.84500122070312, 574.2535400390625, 293.53887939453125, 1042.8154296875]",1
frame_0054.png,extras,door,interior door,interior door.,0.2,0.2,8,0.4079,"[149.46243286132812, 572.870361328125, 293.24835205078125, 1042.34912109375]",1
frame_0054.png,extras,door,single door,single door.,0.2,0.2,2,0.4187,"[147.9209747314453, 572.5699462890625, 294.3256530761719, 1043.699951171875]",1
frame_0054.png,extras,emergency exit sign,emergency exit sign,emergency exit sign.,0.18,0.18,3,0.303,"[1434.6075439453125, 838.5783081054688, 1463.701416015625, 872.1755981445312]",1
frame_0054.png,extras,emergency exit sign,exit sign,exit sign.,0.18,0.18,3,0.2364,"[123.97501373291016, 495.2469177246094, 162.72694396972656, 551.9243774414062]",1
frame_0054.png,extras,emergency exit sign,green emergency exit sign,green emergency exit sign.,0.18,0.18,7,0.2796,"[1421.1519775390625, 881.9525756835938, 1462.555908203125, 916.7486572265625]",1
frame_0054.png,extras,emergency exit sign,green exit sign,green exit sign.,0.18,0.18,4,0.314,"[1420.8602294921875, 881.9523315429688, 1462.9990234375, 917.0930786132812]",1
frame_0054.png,extras,emergency exit sign,running man exit sign,running man exit sign.,0.18,0.18,3,0.3758,"[1154.307861328125, 1647.33837890625, 1710.8380126953125, 1852.7940673828125]",1
frame_0054.png,extras,emergency exit sign,fire exit sign,fire exit sign.,0.18,0.18,1,0.228,"[1434.5899658203125, 837.6105346679688, 1465.1715087890625, 873.1829833984375]",1
frame_0054.png,extras,emergency exit sign,evacuation sign,evacuation sign.,0.18,0.18,2,0.2032,"[1436.5157470703125, 839.9093627929688, 1463.5013427734375, 871.51708984375]",1
frame_0054.png,extras,meeting table set,meeting table set,meeting table set.,0.2,0.2,2,0.62,"[395.8005065917969, 838.3350219726562, 1142.3912353515625, 1096.80615234375]",1
frame_0054.png,extras,meeting table set,large meeting table,large meeting table.,0.2,0.2,1,0.7627,"[421.93658447265625, 844.6410522460938, 1134.7120361328125, 1094.7869873046875]",1
frame_0054.png,extras,meeting table set,conference table,conference table.,0.2,0.2,4,0.5523,"[450.7109375, 861.9923706054688, 1125.5885009765625, 1089.2154541015625]",1
frame_0054.png,extras,meeting table set,metallic desk,metallic desk.,0.2,0.2,2,0.65,"[451.84136962890625, 856.344970703125, 1128.490234375, 1089.758544921875]",1
frame_0054.png,extras,meeting table set,long table with chairs,long table with chairs.,0.2,0.2,4,0.485,"[416.70684814453125, 838.2409057617188, 1143.6256103515625, 1090.554443359375]",1
frame_0054.png,extras,meeting table set,office meeting table,office meeting table.,0.2,0.2,2,0.6348,"[413.54119873046875, 854.1328735351562, 1135.0325927734375, 1091.5860595703125]",1
frame_0054.png,extras,meeting table set,boardroom table,boardroom table.,0.2,0.2,3,0.6119,"[435.603271484375, 857.0692749023438, 1128.17138671875, 1091.9976806640625]",1
frame_0054.png,extras,trash bin,trash bin,trash bin.,0.2,0.2,0,0.0,,0
frame_0054.png,extras,trash bin,indoor trash bin,indoor trash bin.,0.2,0.2,1,0.2554,"[1157.847412109375, 905.4507446289062, 1214.0657958984375, 985.57421875]",1
frame_0054.png,extras,trash bin,garbage bin,garbage bin.,0.2,0.2,0,0.0,,0
frame_0054.png,extras,trash bin,waste bin,waste bin.,0.2,0.2,0,0.0,,0
frame_0054.png,extras,trash bin,recycling bin,recycling bin.,0.2,0.2,0,0.0,,0
frame_0054.png,extras,trash bin,rubbish bin,rubbish bin.,0.2,0.2,4,0.2299,"[1158.5089111328125, 906.104248046875, 1213.5792236328125, 984.9773559570312]",1
frame_0054.png,extras,trash bin,small trash can,small trash can.,0.2,0.2,2,0.529,"[1153.69677734375, 900.0952758789062, 1218.6229248046875, 988.1226806640625]",1
frame_0054.png,extras,water fountain,water fountain,water fountain.,0.18,0.18,2,0.3529,"[1156.6279296875, 1654.4268798828125, 1708.390869140625, 1855.908935546875]",1
frame_0054.png,extras,water fountain,metallic water fountain,metallic water fountain.,0.18,0.18,4,0.4539,"[1155.041748046875, 1652.253662109375, 1708.9588623046875, 1854.7935791015625]",1
frame_0054.png,extras,water fountain,drinking fountain,drinking fountain.,0.18,0.18,0,0.0,,0
frame_0054.png,extras,water fountain,water dispenser,water dispenser.,0.18,0.18,1,0.238,"[1065.77978515625, 843.96875, 1093.1865234375, 894.7542724609375]",1
frame_0054.png,extras,water fountain,wall water fountain,wall water fountain.,0.18,0.18,5,0.4601,"[1155.260498046875, 1653.1639404296875, 1708.8226318359375, 1855.1571044921875]",1
frame_0054.png,extras,water fountain,stainless water fountain,stainless water fountain.,0.18,0.18,2,0.4579,"[1152.5645751953125, 1649.349365234375, 1710.6943359375, 1854.372802734375]",1
frame_0055.png,production,meeting table set,ALL_GROUP,meeting table. conference table. meeting table set.,0.35,0.35,1,0.5628,"[386.7996520996094, 827.1283569335938, 1138.1490478515625, 1102.61328125]",1
frame_0055.png,production,chair,ALL_GROUP,chair. armless chair.,0.42,0.42,2,0.4243,"[388.8621520996094, 882.4894409179688, 507.7515563964844, 1037.057373046875]",1
frame_0055.png,production,bench,ALL_GROUP,bench. benches. metal bench. metallic bench. waiting bench.,0.38,0.38,0,0.0,,0
frame_0055.png,production,bottle+cup+cardboard box,ALL_GROUP,bottle. dark thermos. thermos. dark thermos bottle. cup. cups. white drinking cup. white drinking cups. cardboard box. brown cardboard. brown cardboard box.,0.28,0.28,1,0.3375,"[1660.8614501953125, 985.2704467773438, 1774.5438232421875, 1063.3553466796875]",1
frame_0055.png,production,water fountain+door,ALL_GROUP,water fountain. metallic fountain. metallic water fountain. door. doors. dark door. dark door surface. elevator sliding door. elevator sliding doors.,0.38,0.38,0,0.0,,0
frame_0055.png,production,emergency exit sign,ALL_GROUP,emergency exit sign. exit sign.,0.5,0.5,0,0.0,,0
frame_0055.png,production,trash bin,ALL_GROUP,trash bin. trash bins. indoor trash bin.,0.45,0.45,0,0.0,,0
frame_0055.png,extras,bench,bench,bench.,0.2,0.2,2,0.2333,"[1664.6494140625, 991.5784301757812, 1768.9251708984375, 1057.6744384765625]",1
frame_0055.png,extras,bench,metal bench,metal bench.,0.2,0.2,3,0.3714,"[2241.61474609375, 1660.6029052734375, 2877.6044921875, 1853.518798828125]",1
frame_0055.png,extras,bench,waiting bench,waiting bench.,0.2,0.2,2,0.4247,"[2241.546630859375, 1662.7772216796875, 2879.10595703125, 1854.4031982421875]",1
frame_0055.png,extras,bench,sitting bench,sitting bench.,0.2,0.2,4,0.3654,"[2242.118408203125, 1662.824951171875, 2878.509765625, 1855.281494140625]",1
frame_0055.png,extras,bench,long bench,long bench.,0.2,0.2,3,0.4486,"[2242.22900390625, 1661.8521728515625, 2878.125732421875, 1853.89697265625]",1
frame_0055.png,extras,bottle,bottle,bottle.,0.18,0.18,2,0.6279,"[1065.4681396484375, 846.4468383789062, 1083.685546875, 886.3311767578125]",1
frame_0055.png,extras,bottle,dark thermos bottle,dark thermos bottle.,0.18,0.18,3,0.3322,"[1061.734130859375, 840.1633911132812, 1089.6744384765625, 891.5196533203125]",1
frame_0055.png,extras,bottle,thermos bottle,thermos bottle.,0.18,0.18,1,0.3573,"[1063.4888916015625, 843.4905395507812, 1086.9774169921875, 889.7603759765625]",1
frame_0055.png,extras,bottle,water bottle,water bottle.,0.18,0.18,1,0.4308,"[1063.3804931640625, 844.0603637695312, 1086.710205078125, 889.2679443359375]",1
frame_0055.png,extras,bottle,drink bottle,drink bottle.,0.18,0.18,1,0.3053,"[1064.571044921875, 845.1032104492188, 1085.819091796875, 888.910888671875]",1
frame_0055.png,extras,bottle,small bottle,small bottle.,0.18,0.18,2,0.5569,"[1061.9017333984375, 842.0226440429688, 1088.7362060546875, 890.21240234375]",1
frame_0055.png,extras,cardboard box,cardboard box,cardboard box.,0.2,0.2,1,0.5611,"[1662.803955078125, 988.0468139648438, 1771.6805419921875, 1060.7181396484375]",1
frame_0055.png,extras,cardboard box,brown cardboard box,brown cardboard box.,0.2,0.2,1,0.6217,"[1660.6907958984375, 985.2678833007812, 1774.1710205078125, 1063.0709228515625]",1
frame_0055.png,extras,cardboard box,shipping box,shipping box.,0.2,0.2,2,0.4324,"[1663.002197265625, 989.6546020507812, 1770.576171875, 1059.8935546875]",1
frame_0055.png,extras,cardboard box,package box,package box.,0.2,0.2,0,0.0,,0
frame_0055.png,extras,cardboard box,small box,small box.,0.2,0.2,1,0.6848,"[1661.505615234375, 986.583984375, 1773.464599609375, 1061.9105224609375]",1
frame_0055.png,extras,cardboard box,box,box.,0.2,0.2,1,0.4331,"[1664.1507568359375, 991.2120361328125, 1768.9417724609375, 1057.80615234375]",1
frame_0055.png,extras,chair,chair,chair.,0.2,0.2,9,0.3427,"[1156.6981201171875, 906.6376342773438, 1212.6600341796875, 984.4165649414062]",1
frame_0055.png,extras,chair,armless chair,armless chair.,0.2,0.2,7,0.3755,"[484.76434326171875, 845.4225463867188, 640.6018676757812, 1086.1488037109375]",1
frame_0055.png,extras,chair,office chair,office chair.,0.2,0.2,11,0.4464,"[390.7804260253906, 883.9082641601562, 508.1562194824219, 1035.5706787109375]",1
frame_0055.png,extras,chair,wheeled chair,wheeled chair.,0.2,0.2,10,0.5078,"[910.6810302734375, 867.8789672851562, 1033.77978515625, 1039.546875]",1
frame_0055.png,extras,chair,swivel chair,swivel chair.,0.2,0.2,6,0.3419,"[483.8995666503906, 844.8145141601562, 636.4920043945312, 1087.31689453125]",1
frame_0055.png,extras,chair,rolling chair,rolling chair.,0.2,0.2,9,0.4347,"[484.79229736328125, 845.8572387695312, 638.6837158203125, 1086.1697998046875]",1
frame_0055.png,extras,cup,cup,cup.,0.18,0.18,2,0.3451,"[1066.457763671875, 847.2105712890625, 1083.6632080078125, 884.709716796875]",1
frame_0055.png,extras,cup,white drinking cup,white drinking cup.,0.18,0.18,3,0.3738,"[1057.805419921875, 837.5453491210938, 1092.42041015625, 891.2125854492188]",1
frame_0055.png,extras,cup,drinking cup,drinking cup.,0.18,0.18,0,0.0,,0
frame_0055.png,extras,cup,coffee cup,coffee cup.,0.18,0.18,0,0.0,,0
frame_0055.png,extras,cup,paper cup,paper cup.,0.18,0.18,0,0.0,,0
frame_0055.png,extras,cup,small cup,small cup.,0.18,0.18,2,0.307,"[1061.249267578125, 840.6700439453125, 1090.0880126953125, 888.8375244140625]",1
frame_0055.png,extras,door,door,door.,0.2,0.2,8,0.2702,"[138.3450164794922, 572.1947631835938, 282.2353515625, 1040.13623046875]",1
frame_0055.png,extras,door,dark door surface,dark door surface.,0.2,0.2,4,0.3866,"[1578.2578125, 426.0416259765625, 1769.8209228515625, 1005.826416015625]",1
frame_0055.png,extras,door,wooden door,wooden door.,0.2,0.2,6,0.3059,"[1667.73095703125, 607.44873046875, 1753.8997802734375, 994.847412109375]",1
frame_0055.png,extras,door,closed door,closed door.,0.2,0.2,5,0.3126,"[1669.9061279296875, 606.8369750976562, 1753.2384033203125, 995.9467163085938]",1
frame_0055.png,extras,door,interior door,interior door.,0.2,0.2,8,0.3484,"[135.32794189453125, 569.2161865234375, 283.29290771484375, 1042.214599609375]",1
frame_0055.png,extras,door,single door,single door.,0.2,0.2,5,0.3356,"[133.30557250976562, 569.050048828125, 284.5953674316406, 1044.003662109375]",1
frame_0055.png,extras,emergency exit sign,emergency exit sign,emergency exit sign.,0.18,0.18,3,0.2765,"[108.0579605102539, 493.1164245605469, 150.47286987304688, 550.4456787109375]",1
frame_0055.png,extras,emergency exit sign,exit sign,exit sign.,0.18,0.18,2,0.212,"[108.98698425292969, 492.6549072265625, 150.60572814941406, 549.9429931640625]",1
frame_0055.png,extras,emergency exit sign,green emergency exit sign,green emergency exit sign.,0.18,0.18,5,0.2897,"[1421.360595703125, 881.0062255859375, 1464.6722412109375, 915.9895629882812]",1
frame_0055.png,extras,emergency exit sign,green exit sign,green exit sign.,0.18,0.18,2,0.3406,"[1421.118896484375, 881.0768432617188, 1464.9791259765625, 916.2857666015625]",1
frame_0055.png,extras,emergency exit sign,running man exit sign,running man exit sign.,0.18,0.18,3,0.3809,"[1153.6087646484375, 1646.453369140625, 1711.50048828125, 1852.8204345703125]",1
frame_0055.png,extras,emergency exit sign,fire exit sign,fire exit sign.,0.18,0.18,2,0.1884,"[107.76394653320312, 491.7808532714844, 151.55242919921875, 551.727783203125]",1
frame_0055.png,extras,emergency exit sign,evacuation sign,evacuation sign.,0.18,0.18,1,0.1951,"[1438.447021484375, 839.9821166992188, 1462.6796875, 869.7103881835938]",1
frame_0055.png,extras,meeting table set,meeting table set,meeting table set.,0.2,0.2,1,0.6155,"[386.9338073730469, 835.6356811523438, 1138.47802734375, 1099.3580322265625]",1
frame_0055.png,extras,meeting table set,large meeting table,large meeting table.,0.2,0.2,1,0.7777,"[410.9386291503906, 841.6712646484375, 1133.5689697265625, 1096.572998046875]",1
frame_0055.png,extras,meeting table set,conference table,conference table.,0.2,0.2,4,0.5416,"[456.45172119140625, 856.6923828125, 1122.6094970703125, 1091.106689453125]",1
frame_0055.png,extras,meeting table set,metallic desk,metallic desk.,0.2,0.2,3,0.5722,"[456.4790954589844, 851.4736938476562, 1127.849853515625, 1091.2945556640625]",1
frame_0055.png,extras,meeting table set,long table with chairs,long table with chairs.,0.2,0.2,3,0.4764,"[404.50030517578125, 836.92626953125, 1141.0447998046875, 1093.7745361328125]",1
frame_0055.png,extras,meeting table set,office meeting table,office meeting table.,0.2,0.2,3,0.6369,"[406.98602294921875, 850.2385864257812, 1132.1510009765625, 1093.3372802734375]",1
frame_0055.png,extras,meeting table set,boardroom table,boardroom table.,0.2,0.2,4,0.6238,"[441.915771484375, 854.4285888671875, 1123.9808349609375, 1093.528564453125]",1
frame_0055.png,extras,trash bin,trash bin,trash bin.,0.2,0.2,0,0.0,,0
frame_0055.png,extras,trash bin,indoor trash bin,indoor trash bin.,0.2,0.2,1,0.2092,"[1156.068115234375, 905.299560546875, 1213.3544921875, 985.81591796875]",1
frame_0055.png,extras,trash bin,garbage bin,garbage bin.,0.2,0.2,0,0.0,,0
frame_0055.png,extras,trash bin,waste bin,waste bin.,0.2,0.2,0,0.0,,0
frame_0055.png,extras,trash bin,recycling bin,recycling bin.,0.2,0.2,0,0.0,,0
frame_0055.png,extras,trash bin,rubbish bin,rubbish bin.,0.2,0.2,3,0.2073,"[1157.1650390625, 905.9228515625, 1212.55810546875, 984.8975219726562]",1
frame_0055.png,extras,trash bin,small trash can,small trash can.,0.2,0.2,2,0.4514,"[1152.5675048828125, 900.2349853515625, 1218.1011962890625, 987.9360961914062]",1
frame_0055.png,extras,water fountain,water fountain,water fountain.,0.18,0.18,1,0.2889,"[1156.5831298828125, 1653.4091796875, 1709.1976318359375, 1855.8184814453125]",1
frame_0055.png,extras,water fountain,metallic water fountain,metallic water fountain.,0.18,0.18,3,0.4266,"[1155.1827392578125, 1651.5858154296875, 1709.822509765625, 1854.6988525390625]",1
frame_0055.png,extras,water fountain,drinking fountain,drinking fountain.,0.18,0.18,0,0.0,,0
frame_0055.png,extras,water fountain,water dispenser,water dispenser.,0.18,0.18,0,0.0,,0
frame_0055.png,extras,water fountain,wall water fountain,wall water fountain.,0.18,0.18,3,0.4382,"[1155.125, 1652.3892822265625, 1709.798583984375, 1855.01220703125]",1
frame_0055.png,extras,water fountain,stainless water fountain,stainless water fountain.,0.18,0.18,2,0.4376,"[1152.9779052734375, 1648.988037109375, 1711.54638671875, 1854.22998046875]",1
frame_0056.png,production,meeting table set,ALL_GROUP,meeting table. conference table. meeting table set.,0.35,0.35,1,0.5589,"[375.92486572265625, 825.2781372070312, 1135.8994140625, 1105.7174072265625]",1
frame_0056.png,production,chair,ALL_GROUP,chair. armless chair.,0.42,0.42,3,0.4345,"[378.3988037109375, 880.8790283203125, 497.35015869140625, 1037.057861328125]",1
frame_0056.png,production,bench,ALL_GROUP,bench. benches. metal bench. metallic bench. waiting bench.,0.38,0.38,0,0.0,,0
frame_0056.png,production,bottle+cup+cardboard box,ALL_GROUP,bottle. dark thermos. thermos. dark thermos bottle. cup. cups. white drinking cup. white drinking cups. cardboard box. brown cardboard. brown cardboard box.,0.28,0.28,1,0.3487,"[1666.95458984375, 987.0360717773438, 1780.61328125, 1064.4703369140625]",1
frame_0056.png,production,water fountain+door,ALL_GROUP,water fountain. metallic fountain. metallic water fountain. door. doors. dark door. dark door surface. elevator sliding door. elevator sliding doors.,0.38,0.38,0,0.0,,0
frame_0056.png,production,emergency exit sign,ALL_GROUP,emergency exit sign. exit sign.,0.5,0.5,0,0.0,,0
frame_0056.png,production,trash bin,ALL_GROUP,trash bin. trash bins. indoor trash bin.,0.45,0.45,0,0.0,,0
frame_0056.png,extras,bench,bench,bench.,0.2,0.2,2,0.2505,"[2250.677978515625, 1665.4298095703125, 2878.52587890625, 1856.216552734375]",1
frame_0056.png,extras,bench,metal bench,metal bench.,0.2,0.2,3,0.4393,"[2251.623291015625, 1660.6763916015625, 2877.66064453125, 1853.372802734375]",1
frame_0056.png,extras,bench,waiting bench,waiting bench.,0.2,0.2,2,0.4746,"[2250.775146484375, 1663.2340087890625, 2879.164794921875, 1854.2652587890625]",1
frame_0056.png,extras,bench,sitting bench,sitting bench.,0.2,0.2,2,0.4173,"[2251.64111328125, 1663.077880859375, 2878.484130859375, 1855.2109375]",1
frame_0056.png,extras,bench,long bench,long bench.,0.2,0.2,2,0.4804,"[2251.6123046875, 1662.3502197265625, 2878.084228515625, 1853.78564453125]",1
frame_0056.png,extras,bottle,bottle,bottle.,0.18,0.18,2,0.6497,"[1061.5467529296875, 844.6756591796875, 1078.04150390625, 886.1019897460938]",1
frame_0056.png,extras,bottle,dark thermos bottle,dark thermos bottle.,0.18,0.18,3,0.3638,"[1056.7589111328125, 838.3519897460938, 1084.775146484375, 891.7669067382812]",1
frame_0056.png,extras,bottle,thermos bottle,thermos bottle.,0.18,0.18,1,0.3829,"[1059.4085693359375, 841.909912109375, 1081.90380859375, 889.464599609375]",1
frame_0056.png,extras,bottle,water bottle,water bottle.,0.18,0.18,1,0.4351,"[1059.529541015625, 842.486572265625, 1081.491943359375, 889.0523681640625]",1
frame_0056.png,extras,bottle,drink bottle,drink bottle.,0.18,0.18,1,0.31,"[1060.272216796875, 842.9822387695312, 1080.38037109375, 888.7727661132812]",1
frame_0056.png,extras,bottle,small bottle,small bottle.,0.18,0.18,3,0.5302,"[1057.4755859375, 840.4031372070312, 1083.90576171875, 890.5877685546875]",1
frame_0056.png,extras,cardboard box,cardboard box,cardboard box.,0.2,0.2,1,0.5691,"[1669.2032470703125, 989.9874267578125, 1778.2930908203125, 1062.0347900390625]",1
frame_0056.png,extras,cardboard box,brown cardboard box,brown cardboard box.,0.2,0.2,1,0.6251,"[1666.8165283203125, 987.2897338867188, 1780.4278564453125, 1064.1796875]",1
frame_0056.png,extras,cardboard box,shipping box,shipping box.,0.2,0.2,2,0.4647,"[1669.6025390625, 991.6055908203125, 1777.3887939453125, 1061.1287841796875]",1
frame_0056.png,extras,cardboard box,package box,package box.,0.2,0.2,1,0.2631,"[1669.753662109375, 991.5431518554688, 1777.953857421875, 1061.1951904296875]",1
frame_0056.png,extras,cardboard box,small box,small box.,0.2,0.2,1,0.7009,"[1668.119384765625, 988.6005249023438, 1780.2088623046875, 1063.0997314453125]",1
frame_0056.png,extras,cardboard box,box,box.,0.2,0.2,1,0.4902,"[1670.6744384765625, 992.9588012695312, 1776.9097900390625, 1059.29248046875]",1
frame_0056.png,extras,chair,chair,chair.,0.2,0.2,9,0.3304,"[381.33111572265625, 884.3262939453125, 498.04608154296875, 1034.6029052734375]",1
frame_0056.png,extras,chair,armless chair,armless chair.,0.2,0.2,7,0.4102,"[590.0198974609375, 832.8889770507812, 806.4977416992188, 1091.2755126953125]",1
frame_0056.png,extras,chair,office chair,office chair.,0.2,0.2,10,0.4202,"[380.0051574707031, 882.5438842773438, 498.03411865234375, 1035.8316650390625]",1
frame_0056.png,extras,chair,wheeled chair,wheeled chair.,0.2,0.2,8,0.4931,"[378.62860107421875, 880.1769409179688, 497.4696960449219, 1036.63330078125]",1
frame_0056.png,extras,chair,swivel chair,swivel chair.,0.2,0.2,7,0.3895,"[583.9755249023438, 832.6163940429688, 806.0933227539062, 1092.830322265625]",1
frame_0056.png,extras,chair,rolling chair,rolling chair.,0.2,0.2,8,0.4204,"[468.2232360839844, 843.1514892578125, 622.238525390625, 1088.1365966796875]",1
frame_0056.png,extras,cup,cup,cup.,0.18,0.18,2,0.2821,"[1062.000732421875, 844.8348388671875, 1078.6416015625, 885.130615234375]",1
frame_0056.png,extras,cup,white drinking cup,white drinking cup.,0.18,0.18,4,0.3019,"[1053.656494140625, 836.46923828125, 1086.7713623046875, 890.8424072265625]",1
frame_0056.png,extras,cup,drinking cup,drinking cup.,0.18,0.18,0,0.0,,0
frame_0056.png,extras,cup,coffee cup,coffee cup.,0.18,0.18,0,0.0,,0
frame_0056.png,extras,cup,paper cup,paper cup.,0.18,0.18,0,0.0,,0
frame_0056.png,extras,cup,small cup,small cup.,0.18,0.18,2,0.3891,"[1157.0960693359375, 1653.3350830078125, 1705.97314453125, 1854.8643798828125]",1
frame_0056.png,extras,door,door,door.,0.2,0.2,8,0.2603,"[1675.8316650390625, 598.5014038085938, 1755.055419921875, 994.8998413085938]",1
frame_0056.png,extras,door,dark door surface,dark door surface.,0.2,0.2,4,0.3814,"[1579.940185546875, 415.06610107421875, 1777.447265625, 1005.3931884765625]",1
frame_0056.png,extras,door,wooden door,wooden door.,0.2,0.2,3,0.323,"[1672.911865234375, 596.5846557617188, 1757.9522705078125, 997.2794189453125]",1
frame_0056.png,extras,door,closed door,closed door.,0.2,0.2,4,0.3299,"[1673.906982421875, 597.899658203125, 1757.0662841796875, 998.0584716796875]",1
frame_0056.png,extras,door,interior door,interior door.,0.2,0.2,6,0.3409,"[1671.62646484375, 595.68701171875, 1756.86083984375, 996.5034790039062]",1
frame_0056.png,extras,door,single door,single door.,0.2,0.2,3,0.3513,"[119.842529296875, 568.521240234375, 274.4673156738281, 1045.2445068359375]",1
frame_0056.png,extras,emergency exit sign,emergency exit sign,emergency exit sign.,0.18,0.18,4,0.2652,"[1436.8974609375, 838.4920654296875, 1463.5234375, 870.4671020507812]",1
frame_0056.png,extras,emergency exit sign,exit sign,exit sign.,0.18,0.18,1,0.2092,"[1437.8895263671875, 837.9608154296875, 1463.5943603515625, 870.5903930664062]",1
frame_0056.png,extras,emergency exit sign,green emergency exit sign,green emergency exit sign.,0.18,0.18,4,0.2816,"[1421.8740234375, 881.3558349609375, 1465.0360107421875, 915.8162841796875]",1
frame_0056.png,extras,emergency exit sign,green exit sign,green exit sign.,0.18,0.18,4,0.3251,"[1421.53125, 881.2256469726562, 1465.5089111328125, 916.297119140625]",1
frame_0056.png,extras,emergency exit sign,running man exit sign,running man exit sign.,0.18,0.18,2,0.4325,"[1151.4639892578125, 1647.8221435546875, 1711.049560546875, 1853.2498779296875]",1
frame_0056.png,extras,emergency exit sign,fire exit sign,fire exit sign.,0.18,0.18,1,0.1938,"[1437.488525390625, 837.2653198242188, 1465.32470703125, 871.7986450195312]",1
frame_0056.png,extras,emergency exit sign,evacuation sign,evacuation sign.,0.18,0.18,1,0.2069,"[1439.048095703125, 839.8331909179688, 1462.8436279296875, 869.6506958007812]",1
frame_0056.png,extras,meeting table set,meeting table set,meeting table set.,0.2,0.2,2,0.6102,"[376.3762512207031, 833.2693481445312, 1136.3621826171875, 1101.8570556640625]",1
frame_0056.png,extras,meeting table set,large meeting table,large meeting table.,0.2,0.2,1,0.783,"[414.4834899902344, 838.3267822265625, 1125.4974365234375, 1099.5374755859375]",1
frame_0056.png,extras,meeting table set,conference table,conference table.,0.2,0.2,5,0.5085,"[456.4185791015625, 853.6256713867188, 1117.75927734375, 1092.890625]",1
frame_0056.png,extras,meeting table set,metallic desk,metallic desk.,0.2,0.2,3,0.5371,"[455.7179870605469, 848.5459594726562, 1123.6524658203125, 1094.32861328125]",1
frame_0056.png,extras,meeting table set,long table with chairs,long table with chairs.,0.2,0.2,4,0.46,"[413.35809326171875, 834.3649291992188, 1138.42431640625, 1098.9305419921875]",1
frame_0056.png,extras,meeting table set,office meeting table,office meeting table.,0.2,0.2,4,0.6218,"[410.3144226074219, 847.2040405273438, 1127.8699951171875, 1096.465087890625]",1
frame_0056.png,extras,meeting table set,boardroom table,boardroom table.,0.2,0.2,3,0.5767,"[433.0892639160156, 849.1183471679688, 1120.4794921875, 1095.9544677734375]",1
frame_0056.png,extras,trash bin,trash bin,trash bin.,0.2,0.2,0,0.0,,0
frame_0056.png,extras,trash bin,indoor trash bin,indoor trash bin.,0.2,0.2,1,0.2136,"[1154.6568603515625, 904.9786376953125, 1211.3359375, 986.4512939453125]",1
frame_0056.png,extras,trash bin,garbage bin,garbage bin.,0.2,0.2,0,0.0,,0
frame_0056.png,extras,trash bin,waste bin,waste bin.,0.2,0.2,0,0.0,,0
frame_0056.png,extras,trash bin,recycling bin,recycling bin.,0.2,0.2,1,0.2419,"[1669.3822021484375, 991.4115600585938, 1779.3944091796875, 1061.6513671875]",1
frame_0056.png,extras,trash bin,rubbish bin,rubbish bin.,0.2,0.2,3,0.255,"[1155.693115234375, 905.890380859375, 1210.592041015625, 985.4124755859375]",1
frame_0056.png,extras,trash bin,small trash can,small trash can.,0.2,0.2,2,0.4328,"[1151.012939453125, 900.2349243164062, 1216.21142578125, 988.8740844726562]",1
frame_0056.png,extras,water fountain,water fountain,water fountain.,0.18,0.18,1,0.2667,"[1155.4609375, 1655.3145751953125, 1708.1939697265625, 1855.814453125]",1
frame_0056.png,extras,water fountain,metallic water fountain,metallic water fountain.,0.18,0.18,3,0.3809,"[1154.119873046875, 1653.44921875, 1709.04296875, 1854.713134765625]",1
frame_0056.png,extras,water fountain,drinking fountain,drinking fountain.,0.18,0.18,0,0.0,,0
frame_0056.png,extras,water fountain,water dispenser,water dispenser.,0.18,0.18,1,0.2008,"[1056.66455078125, 840.7255249023438, 1083.8245849609375, 891.2427978515625]",1
frame_0056.png,extras,water fountain,wall water fountain,wall water fountain.,0.18,0.18,5,0.4071,"[1154.144287109375, 1654.1541748046875, 1708.99755859375, 1855.0712890625]",1
frame_0056.png,extras,water fountain,stainless water fountain,stainless water fountain.,0.18,0.18,2,0.4142,"[1151.6888427734375, 1650.4991455078125, 1710.7818603515625, 1854.1256103515625]",1
frame_0057.png,production,meeting table set,ALL_GROUP,meeting table. conference table. meeting table set.,0.35,0.35,1,0.5532,"[372.1259765625, 827.1968383789062, 1136.993408203125, 1114.6270751953125]",1
frame_0057.png,production,chair,ALL_GROUP,chair. armless chair.,0.42,0.42,0,0.0,,0
frame_0057.png,production,bench,ALL_GROUP,bench. benches. metal bench. metallic bench. waiting bench.,0.38,0.38,0,0.0,,0
frame_0057.png,production,bottle+cup+cardboard box,ALL_GROUP,bottle. dark thermos. thermos. dark thermos bottle. cup. cups. white drinking cup. white drinking cups. cardboard box. brown cardboard. brown cardboard box.,0.28,0.28,1,0.2866,"[1675.310302734375, 990.4506225585938, 1792.6927490234375, 1069.33740234375]",1
frame_0057.png,production,water fountain+door,ALL_GROUP,water fountain. metallic fountain. metallic water fountain. door. doors. dark door. dark door surface. elevator sliding door. elevator sliding doors.,0.38,0.38,0,0.0,,0
frame_0057.png,production,emergency exit sign,ALL_GROUP,emergency exit sign. exit sign.,0.5,0.5,0,0.0,,0
frame_0057.png,production,trash bin,ALL_GROUP,trash bin. trash bins. indoor trash bin.,0.45,0.45,0,0.0,,0
frame_0057.png,extras,bench,bench,bench.,0.2,0.2,4,0.2381,"[2250.759765625, 1665.8956298828125, 2878.633544921875, 1856.37744140625]",1
frame_0057.png,extras,bench,metal bench,metal bench.,0.2,0.2,2,0.4078,"[2251.23779296875, 1660.9090576171875, 2877.72607421875, 1853.567138671875]",1
frame_0057.png,extras,bench,waiting bench,waiting bench.,0.2,0.2,2,0.452,"[2251.451171875, 1663.4404296875, 2879.2451171875, 1854.3974609375]",1
frame_0057.png,extras,bench,sitting bench,sitting bench.,0.2,0.2,3,0.3861,"[2251.770263671875, 1663.3245849609375, 2878.515625, 1855.3011474609375]",1
frame_0057.png,extras,bench,long bench,long bench.,0.2,0.2,3,0.4314,"[2251.95458984375, 1662.6331787109375, 2878.15576171875, 1853.9407958984375]",1
frame_0057.png,extras,bottle,bottle,bottle.,0.18,0.18,2,0.6394,"[1058.98046875, 846.945068359375, 1077.1072998046875, 889.5639038085938]",1
frame_0057.png,extras,bottle,dark thermos bottle,dark thermos bottle.,0.18,0.18,3,0.3009,"[1054.046875, 840.1619873046875, 1083.002685546875, 894.8496704101562]",1
frame_0057.png,extras,bottle,thermos bottle,thermos bottle.,0.18,0.18,1,0.3184,"[1056.876953125, 843.48583984375, 1080.04248046875, 892.6475219726562]",1
frame_0057.png,extras,bottle,water bottle,water bottle.,0.18,0.18,1,0.4282,"[1056.56884765625, 844.1845092773438, 1079.5147705078125, 892.7953491210938]",1
frame_0057.png,extras,bottle,drink bottle,drink bottle.,0.18,0.18,1,0.2929,"[1057.82568359375, 844.6883544921875, 1079.26904296875, 892.4849853515625]",1
frame_0057.png,extras,bottle,small bottle,small bottle.,0.18,0.18,3,0.4965,"[1054.5030517578125, 841.9087524414062, 1082.193115234375, 893.9571533203125]",1
frame_0057.png,extras,cardboard box,cardboard box,cardboard box.,0.2,0.2,1,0.5371,"[1676.6962890625, 992.8175659179688, 1790.4793701171875, 1067.3935546875]",1
frame_0057.png,extras,cardboard box,brown cardboard box,brown cardboard box.,0.2,0.2,1,0.6215,"[1674.27587890625, 990.2120361328125, 1792.640869140625, 1069.1912841796875]",1
frame_0057.png,extras,cardboard box,shipping box,shipping box.,0.2,0.2,2,0.4212,"[1676.9365234375, 994.3170166015625, 1789.6094970703125, 1066.50048828125]",1
frame_0057.png,extras,cardboard box,package box,package box.,0.2,0.2,1,0.2323,"[1677.325927734375, 994.5933837890625, 1789.8349609375, 1066.376708984375]",1
frame_0057.png,extras,cardboard box,small box,small box.,0.2,0.2,1,0.6859,"[1675.2169189453125, 991.6043701171875, 1791.57861328125, 1068.1717529296875]",1
frame_0057.png,extras,cardboard box,box,box.,0.2,0.2,1,0.4593,"[1676.943115234375, 995.6007080078125, 1788.1484375, 1065.2718505859375]",1
frame_0057.png,extras,chair,chair,chair.,0.2,0.2,9,0.3001,"[374.4986877441406, 888.474853515625, 484.7711181640625, 1042.0255126953125]",1
frame_0057.png,extras,chair,armless chair,armless chair.,0.2,0.2,8,0.4127,"[451.5838317871094, 845.2936401367188, 607.6865844726562, 1097.5599365234375]",1
frame_0057.png,extras,chair,office chair,office chair.,0.2,0.2,13,0.4255,"[452.9012145996094, 847.130126953125, 610.0324096679688, 1096.552734375]",1
frame_0057.png,extras,chair,wheeled chair,wheeled chair.,0.2,0.2,10,0.4998,"[452.5673828125, 846.3074340820312, 608.1425170898438, 1096.1326904296875]",1
frame_0057.png,extras,chair,swivel chair,swivel chair.,0.2,0.2,6,0.371,"[451.0898742675781, 845.0511474609375, 605.4208374023438, 1098.21044921875]",1
frame_0057.png,extras,chair,rolling chair,rolling chair.,0.2,0.2,10,0.4239,"[452.7976989746094, 846.0573120117188, 606.8460083007812, 1096.7191162109375]",1
frame_0057.png,extras,cup,cup,cup.,0.18,0.18,1,0.3414,"[1059.5091552734375, 847.3860473632812, 1076.63134765625, 887.7086181640625]",1
frame_0057.png,extras,cup,white drinking cup,white drinking cup.,0.18,0.18,3,0.2714,"[1051.8623046875, 838.8412475585938, 1083.8507080078125, 892.4462890625]",1
frame_0057.png,extras,cup,drinking cup,drinking cup.,0.18,0.18,0,0.0,,0
frame_0057.png,extras,cup,coffee cup,coffee cup.,0.18,0.18,0,0.0,,0
frame_0057.png,extras,cup,paper cup,paper cup.,0.18,0.18,0,0.0,,0
frame_0057.png,extras,cup,small cup,small cup.,0.18,0.18,2,0.3877,"[1158.77880859375, 1652.77490234375, 1705.9730224609375, 1854.8009033203125]",1
frame_0057.png,extras,door,door,door.,0.2,0.2,14,0.2827,"[1683.5867919921875, 600.0447998046875, 1762.6375732421875, 998.51513671875]",1
frame_0057.png,extras,door,dark door surface,dark door surface.,0.2,0.2,4,0.393,"[1584.734619140625, 407.8076171875, 1786.5908203125, 1009.8466796875]",1
frame_0057.png,extras,door,wooden door,wooden door.,0.2,0.2,3,0.3885,"[1680.24853515625, 603.2301635742188, 1764.5438232421875, 1000.336181640625]",1
frame_0057.png,extras,door,closed door,closed door.,0.2,0.2,4,0.3553,"[1681.035400390625, 600.6876220703125, 1764.089599609375, 1000.7123413085938]",1
frame_0057.png,extras,door,interior door,interior door.,0.2,0.2,7,0.3511,"[1679.5166015625, 599.3894653320312, 1763.1163330078125, 999.7920532226562]",1
frame_0057.png,extras,door,single door,single door.,0.2,0.2,3,0.3539,"[1678.51611328125, 599.2551879882812, 1765.5625, 1000.8212280273438]",1
frame_0057.png,extras,emergency exit sign,emergency exit sign,emergency exit sign.,0.18,0.18,5,0.2967,"[1438.7908935546875, 839.0945434570312, 1466.487060546875, 873.3427124023438]",1
frame_0057.png,extras,emergency exit sign,exit sign,exit sign.,0.18,0.18,2,0.2528,"[1439.519287109375, 838.5045166015625, 1467.1826171875, 874.1895141601562]",1
frame_0057.png,extras,emergency exit sign,green emergency exit sign,green emergency exit sign.,0.18,0.18,4,0.3223,"[1423.2244873046875, 884.6508178710938, 1465.77294921875, 919.4080810546875]",1
frame_0057.png,extras,emergency exit sign,green exit sign,green exit sign.,0.18,0.18,3,0.3676,"[1422.7603759765625, 884.65185546875, 1465.996337890625, 919.8634643554688]",1
frame_0057.png,extras,emergency exit sign,running man exit sign,running man exit sign.,0.18,0.18,3,0.4081,"[1153.0142822265625, 1647.2626953125, 1710.7745361328125, 1852.7325439453125]",1
frame_0057.png,extras,emergency exit sign,fire exit sign,fire exit sign.,0.18,0.18,1,0.2338,"[1438.5828857421875, 837.55859375, 1468.5113525390625, 875.3716430664062]",1
frame_0057.png,extras,emergency exit sign,evacuation sign,evacuation sign.,0.18,0.18,2,0.2265,"[1441.1910400390625, 840.55224609375, 1465.8031005859375, 872.2158813476562]",1
frame_0057.png,extras,meeting table set,meeting table set,meeting table set.,0.2,0.2,2,0.619,"[370.4547424316406, 835.4169311523438, 1136.53857421875, 1111.5135498046875]",1
frame_0057.png,extras,meeting table set,large meeting table,large meeting table.,0.2,0.2,1,0.7343,"[404.9960021972656, 842.3195190429688, 1129.010986328125, 1108.80712890625]",1
frame_0057.png,extras,meeting table set,conference table,conference table.,0.2,0.2,4,0.538,"[436.8270568847656, 858.7372436523438, 1118.7362060546875, 1102.2406005859375]",1
frame_0057.png,extras,meeting table set,metallic desk,metallic desk.,0.2,0.2,2,0.5975,"[433.8279113769531, 852.7677001953125, 1123.4478759765625, 1103.43359375]",1
frame_0057.png,extras,meeting table set,long table with chairs,long table with chairs.,0.2,0.2,4,0.4915,"[383.6295166015625, 833.9821166992188, 1144.0440673828125, 1106.885009765625]",1
frame_0057.png,extras,meeting table set,office meeting table,office meeting table.,0.2,0.2,3,0.6468,"[409.3702697753906, 851.7003784179688, 1127.599853515625, 1105.869873046875]",1
frame_0057.png,extras,meeting table set,boardroom table,boardroom table.,0.2,0.2,5,0.6096,"[422.7835998535156, 854.5180053710938, 1123.4071044921875, 1105.7752685546875]",1
frame_0057.png,extras,trash bin,trash bin,trash bin.,0.2,0.2,0,0.0,,0
frame_0057.png,extras,trash bin,indoor trash bin,indoor trash bin.,0.2,0.2,1,0.2178,"[1676.741943359375, 992.6573486328125, 1790.884765625, 1067.3388671875]",1
frame_0057.png,extras,trash bin,garbage bin,garbage bin.,0.2,0.2,0,0.0,,0
frame_0057.png,extras,trash bin,waste bin,waste bin.,0.2,0.2,0,0.0,,0
frame_0057.png,extras,trash bin,recycling bin,recycling bin.,0.2,0.2,1,0.2467,"[1677.401123046875, 994.3994750976562, 1789.716796875, 1066.78076171875]",1
frame_0057.png,extras,trash bin,rubbish bin,rubbish bin.,0.2,0.2,1,0.2442,"[1676.947265625, 994.2959594726562, 1789.758056640625, 1067.00048828125]",1
frame_0057.png,extras,trash bin,small trash can,small trash can.,0.2,0.2,2,0.5238,"[1672.993896484375, 988.0691528320312, 1794.7659912109375, 1071.3450927734375]",1
frame_0057.png,extras,water fountain,water fountain,water fountain.,0.18,0.18,1,0.2835,"[1156.55810546875, 1654.3895263671875, 1707.739501953125, 1855.6868896484375]",1
frame_0057.png,extras,water fountain,metallic water fountain,metallic water fountain.,0.18,0.18,3,0.4124,"[1155.1612548828125, 1652.514404296875, 1708.2730712890625, 1854.5272216796875]",1
frame_0057.png,extras,water fountain,drinking fountain,drinking fountain.,0.18,0.18,0,0.0,,0
frame_0057.png,extras,water fountain,water dispenser,water dispenser.,0.18,0.18,0,0.0,,0
frame_0057.png,extras,water fountain,wall water fountain,wall water fountain.,0.18,0.18,4,0.4247,"[1155.2021484375, 1653.2659912109375, 1708.2945556640625, 1854.986572265625]",1
frame_0057.png,extras,water fountain,stainless water fountain,stainless water fountain.,0.18,0.18,2,0.4376,"[1152.9117431640625, 1649.7476806640625, 1709.8824462890625, 1854.0863037109375]",1
frame_0058.png,production,meeting table set,ALL_GROUP,meeting table. conference table. meeting table set.,0.35,0.35,1,0.5486,"[368.197509765625, 827.7764282226562, 1131.9967041015625, 1119.898681640625]",1
frame_0058.png,production,chair,ALL_GROUP,chair. armless chair.,0.42,0.42,0,0.0,,0
frame_0058.png,production,bench,ALL_GROUP,bench. benches. metal bench. metallic bench. waiting bench.,0.38,0.38,0,0.0,,0
frame_0058.png,production,bottle+cup+cardboard box,ALL_GROUP,bottle. dark thermos. thermos. dark thermos bottle. cup. cups. white drinking cup. white drinking cups. cardboard box. brown cardboard. brown cardboard box.,0.28,0.28,1,0.3537,"[1681.016845703125, 990.5948486328125, 1802.924560546875, 1072.9608154296875]",1
frame_0058.png,production,water fountain+door,ALL_GROUP,water fountain. metallic fountain. metallic water fountain. door. doors. dark door. dark door surface. elevator sliding door. elevator sliding doors.,0.38,0.38,0,0.0,,0
frame_0058.png,production,emergency exit sign,ALL_GROUP,emergency exit sign. exit sign.,0.5,0.5,0,0.0,,0
frame_0058.png,production,trash bin,ALL_GROUP,trash bin. trash bins. indoor trash bin.,0.45,0.45,0,0.0,,0
frame_0058.png,extras,bench,bench,bench.,0.2,0.2,2,0.2454,"[2.185978889465332, 1754.39599609375, 432.73846435546875, 1856.9403076171875]",1
frame_0058.png,extras,bench,metal bench,metal bench.,0.2,0.2,3,0.3695,"[2253.769287109375, 1660.4527587890625, 2877.656005859375, 1853.5635986328125]",1
frame_0058.png,extras,bench,waiting bench,waiting bench.,0.2,0.2,2,0.4346,"[2253.42578125, 1662.742431640625, 2879.16064453125, 1854.5093994140625]",1
frame_0058.png,extras,bench,sitting bench,sitting bench.,0.2,0.2,2,0.3906,"[2254.10595703125, 1662.793701171875, 2878.55078125, 1855.3609619140625]",1
frame_0058.png,extras,bench,long bench,long bench.,0.2,0.2,3,0.4279,"[2254.0009765625, 1661.8060302734375, 2878.117919921875, 1854.0216064453125]",1
frame_0058.png,extras,bottle,bottle,bottle.,0.18,0.18,2,0.6589,"[1050.6097412109375, 847.2763671875, 1070.2313232421875, 891.6362915039062]",1
frame_0058.png,extras,bottle,dark thermos bottle,dark thermos bottle.,0.18,0.18,4,0.3209,"[1046.3658447265625, 840.8895874023438, 1076.5538330078125, 897.4749145507812]",1
frame_0058.png,extras,bottle,thermos bottle,thermos bottle.,0.18,0.18,1,0.3535,"[1048.27587890625, 844.067626953125, 1073.564697265625, 895.3486938476562]",1
frame_0058.png,extras,bottle,water bottle,water bottle.,0.18,0.18,1,0.4607,"[1048.419677734375, 844.6641845703125, 1073.4368896484375, 895.4384155273438]",1
frame_0058.png,extras,bottle,drink bottle,drink bottle.,0.18,0.18,1,0.3205,"[1049.37060546875, 845.7698974609375, 1072.3553466796875, 894.8016967773438]",1
frame_0058.png,extras,bottle,small bottle,small bottle.,0.18,0.18,1,0.5384,"[1046.7281494140625, 842.258544921875, 1075.5130615234375, 896.27001953125]",1
frame_0058.png,extras,cardboard box,cardboard box,cardboard box.,0.2,0.2,1,0.5799,"[1682.7923583984375, 993.5499267578125, 1800.5252685546875, 1070.9090576171875]",1
frame_0058.png,extras,cardboard box,brown cardboard box,brown cardboard box.,0.2,0.2,1,0.6268,"[1680.6572265625, 990.8992919921875, 1803.03466796875, 1072.7481689453125]",1
frame_0058.png,extras,cardboard box,shipping box,shipping box.,0.2,0.2,2,0.4564,"[1683.2767333984375, 995.3154296875, 1798.64697265625, 1069.9814453125]",1
frame_0058.png,extras,cardboard box,package box,package box.,0.2,0.2,1,0.2623,"[1683.4683837890625, 995.48095703125, 1798.9515380859375, 1070.02880859375]",1
frame_0058.png,extras,cardboard box,small box,small box.,0.2,0.2,1,0.7126,"[1681.8087158203125, 992.4011840820312, 1802.2374267578125, 1071.806396484375]",1
frame_0058.png,extras,cardboard box,box,box.,0.2,0.2,1,0.4938,"[1684.152587890625, 996.6392822265625, 1797.4102783203125, 1068.3955078125]",1
frame_0058.png,extras,chair,chair,chair.,0.2,0.2,8,0.2969,"[1155.2510986328125, 909.9313354492188, 1210.0361328125, 991.0687866210938]",1
frame_0058.png,extras,chair,armless chair,armless chair.,0.2,0.2,6,0.3997,"[432.2508239746094, 847.18212890625, 589.3800048828125, 1104.4100341796875]",1
frame_0058.png,extras,chair,office chair,office chair.,0.2,0.2,13,0.4381,"[431.891357421875, 849.1065063476562, 594.424560546875, 1104.0157470703125]",1
frame_0058.png,extras,chair,wheeled chair,wheeled chair.,0.2,0.2,12,0.5053,"[432.294189453125, 848.01953125, 591.018310546875, 1103.212158203125]",1
frame_0058.png,extras,chair,swivel chair,swivel chair.,0.2,0.2,6,0.3624,"[431.5622863769531, 846.8616943359375, 587.4078979492188, 1105.2720947265625]",1
frame_0058.png,extras,chair,rolling chair,rolling chair.,0.2,0.2,7,0.4455,"[432.76849365234375, 847.9267578125, 590.5549926757812, 1103.819091796875]",1
frame_0058.png,extras,cup,cup,cup.,0.18,0.18,1,0.3321,"[1051.5750732421875, 848.5740966796875, 1069.677001953125, 889.5728149414062]",1
frame_0058.png,extras,cup,white drinking cup,white drinking cup.,0.18,0.18,3,0.3295,"[1043.653076171875, 839.508544921875, 1078.564208984375, 896.5838012695312]",1
frame_0058.png,extras,cup,drinking cup,drinking cup.,0.18,0.18,0,0.0,,0
frame_0058.png,extras,cup,coffee cup,coffee cup.,0.18,0.18,0,0.0,,0
frame_0058.png,extras,cup,paper cup,paper cup.,0.18,0.18,0,0.0,,0
frame_0058.png,extras,cup,small cup,small cup.,0.18,0.18,2,0.4317,"[1156.794677734375, 1652.5042724609375, 1707.5902099609375, 1854.6954345703125]",1
frame_0058.png,extras,door,door,door.,0.2,0.2,13,0.3088,"[1685.8724365234375, 609.0162963867188, 1762.935791015625, 1000.4165649414062]",1
frame_0058.png,extras,door,dark door surface,dark door surface.,0.2,0.2,5,0.3834,"[1585.780029296875, 402.3362121582031, 1794.0914306640625, 1011.4251708984375]",1
frame_0058.png,extras,door,wooden door,wooden door.,0.2,0.2,3,0.4429,"[1680.916748046875, 611.771240234375, 1765.8397216796875, 1001.7684326171875]",1
frame_0058.png,extras,door,closed door,closed door.,0.2,0.2,3,0.4076,"[1681.6146240234375, 609.5328369140625, 1765.609130859375, 1002.3558959960938]",1
frame_0058.png,extras,door,interior door,interior door.,0.2,0.2,6,0.3782,"[1681.6365966796875, 609.7244873046875, 1764.3966064453125, 1001.6847534179688]",1
frame_0058.png,extras,door,single door,single door.,0.2,0.2,3,0.3771,"[1679.423828125, 605.3158569335938, 1766.112548828125, 1002.69482421875]",1
frame_0058.png,extras,emergency exit sign,emergency exit sign,emergency exit sign.,0.18,0.18,5,0.2938,"[1438.63671875, 839.1473999023438, 1466.052490234375, 874.1759643554688]",1
frame_0058.png,extras,emergency exit sign,exit sign,exit sign.,0.18,0.18,3,0.2568,"[1439.0169677734375, 838.6967163085938, 1466.209716796875, 874.6856689453125]",1
frame_0058.png,extras,emergency exit sign,green emergency exit sign,green emergency exit sign.,0.18,0.18,4,0.3116,"[1422.695068359375, 884.7807006835938, 1466.0738525390625, 920.4132690429688]",1
frame_0058.png,extras,emergency exit sign,green exit sign,green exit sign.,0.18,0.18,2,0.3514,"[1422.356201171875, 884.9208984375, 1466.6434326171875, 920.7694091796875]",1
frame_0058.png,extras,emergency exit sign,running man exit sign,running man exit sign.,0.18,0.18,3,0.3993,"[1151.7420654296875, 1647.4248046875, 1712.3778076171875, 1852.548828125]",1
frame_0058.png,extras,emergency exit sign,fire exit sign,fire exit sign.,0.18,0.18,2,0.2339,"[1438.388916015625, 837.7833862304688, 1467.88037109375, 876.1077270507812]",1
frame_0058.png,extras,emergency exit sign,evacuation sign,evacuation sign.,0.18,0.18,2,0.2298,"[1440.4014892578125, 840.7323608398438, 1465.21142578125, 873.039306640625]",1
frame_0058.png,extras,meeting table set,meeting table set,meeting table set.,0.2,0.2,2,0.6078,"[358.2948913574219, 836.7180786132812, 1131.40087890625, 1116.95947265625]",1
frame_0058.png,extras,meeting table set,large meeting table,large meeting table.,0.2,0.2,1,0.7369,"[415.4891052246094, 840.63720703125, 1116.515380859375, 1113.8985595703125]",1
frame_0058.png,extras,meeting table set,conference table,conference table.,0.2,0.2,5,0.51,"[433.2632751464844, 856.11572265625, 1110.5452880859375, 1107.8021240234375]",1
frame_0058.png,extras,meeting table set,metallic desk,metallic desk.,0.2,0.2,3,0.5343,"[431.34100341796875, 850.2548217773438, 1117.3253173828125, 1109.3084716796875]",1
frame_0058.png,extras,meeting table set,long table with chairs,long table with chairs.,0.2,0.2,3,0.508,"[374.58074951171875, 833.036376953125, 1136.4376220703125, 1113.1181640625]",1
frame_0058.png,extras,meeting table set,office meeting table,office meeting table.,0.2,0.2,2,0.6506,"[426.80206298828125, 849.6038818359375, 1118.9017333984375, 1111.0989990234375]",1
frame_0058.png,extras,meeting table set,boardroom table,boardroom table.,0.2,0.2,4,0.5656,"[429.52105712890625, 851.2018432617188, 1113.587890625, 1110.5548095703125]",1
frame_0058.png,extras,trash bin,trash bin,trash bin.,0.2,0.2,0,0.0,,0
frame_0058.png,extras,trash bin,indoor trash bin,indoor trash bin.,0.2,0.2,0,0.0,,0
frame_0058.png,extras,trash bin,garbage bin,garbage bin.,0.2,0.2,0,0.0,,0
frame_0058.png,extras,trash bin,waste bin,waste bin.,0.2,0.2,0,0.0,,0
frame_0058.png,extras,trash bin,recycling bin,recycling bin.,0.2,0.2,1,0.2462,"[1683.571044921875, 995.5244140625, 1799.398193359375, 1070.31591796875]",1
frame_0058.png,extras,trash bin,rubbish bin,rubbish bin.,0.2,0.2,2,0.2503,"[1683.2325439453125, 995.4878540039062, 1800.000732421875, 1070.301025390625]",1
frame_0058.png,extras,trash bin,small trash can,small trash can.,0.2,0.2,2,0.5091,"[1678.5694580078125, 988.1195678710938, 1807.001708984375, 1075.4432373046875]",1
frame_0058.png,extras,water fountain,water fountain,water fountain.,0.18,0.18,1,0.2832,"[1155.363037109375, 1654.7928466796875, 1709.228515625, 1855.5611572265625]",1
frame_0058.png,extras,water fountain,metallic water fountain,metallic water fountain.,0.18,0.18,2,0.4124,"[1154.175537109375, 1652.869384765625, 1709.7799072265625, 1854.5443115234375]",1
frame_0058.png,extras,water fountain,drinking fountain,drinking fountain.,0.18,0.18,0,0.0,,0
frame_0058.png,extras,water fountain,water dispenser,water dispenser.,0.18,0.18,0,0.0,,0
frame_0058.png,extras,water fountain,wall water fountain,wall water fountain.,0.18,0.18,4,0.4299,"[1153.9049072265625, 1653.4556884765625, 1710.09619140625, 1854.840576171875]",1
frame_0058.png,extras,water fountain,stainless water fountain,stainless water fountain.,0.18,0.18,1,0.4278,"[1151.76220703125, 1649.9874267578125, 1711.2392578125, 1854.061767578125]",1
frame_0059.png,production,meeting table set,ALL_GROUP,meeting table. conference table. meeting table set.,0.35,0.35,2,0.5376,"[348.24835205078125, 824.8594970703125, 1127.242919921875, 1123.8017578125]",1
frame_0059.png,production,chair,ALL_GROUP,chair. armless chair.,0.42,0.42,1,0.4207,"[874.5672607421875, 868.381591796875, 1013.3250732421875, 1056.3096923828125]",1
frame_0059.png,production,bench,ALL_GROUP,bench. benches. metal bench. metallic bench. waiting bench.,0.38,0.38,0,0.0,,0
frame_0059.png,production,bottle+cup+cardboard box,ALL_GROUP,bottle. dark thermos. thermos. dark thermos bottle. cup. cups. white drinking cup. white drinking cups. cardboard box. brown cardboard. brown cardboard box.,0.28,0.28,1,0.3329,"[1689.93310546875, 992.9097900390625, 1813.5457763671875, 1076.36376953125]",1
frame_0059.png,production,water fountain+door,ALL_GROUP,water fountain. metallic fountain. metallic water fountain. door. doors. dark door. dark door surface. elevator sliding door. elevator sliding doors.,0.38,0.38,0,0.0,,0
frame_0059.png,production,emergency exit sign,ALL_GROUP,emergency exit sign. exit sign.,0.5,0.5,0,0.0,,0
frame_0059.png,production,trash bin,ALL_GROUP,trash bin. trash bins. indoor trash bin.,0.45,0.45,0,0.0,,0
frame_0059.png,extras,bench,bench,bench.,0.2,0.2,3,0.252,"[1692.871337890625, 999.231201171875, 1809.321533203125, 1071.1954345703125]",1
frame_0059.png,extras,bench,metal bench,metal bench.,0.2,0.2,3,0.3595,"[2266.075927734375, 1660.723876953125, 2877.486328125, 1853.574951171875]",1
frame_0059.png,extras,bench,waiting bench,waiting bench.,0.2,0.2,2,0.4284,"[2265.14013671875, 1663.0006103515625, 2878.962158203125, 1854.61572265625]",1
frame_0059.png,extras,bench,sitting bench,sitting bench.,0.2,0.2,4,0.3642,"[2266.85498046875, 1663.0736083984375, 2878.423095703125, 1855.4862060546875]",1
frame_0059.png,extras,bench,long bench,long bench.,0.2,0.2,2,0.432,"[2265.97607421875, 1662.1693115234375, 2877.995849609375, 1853.9639892578125]",1
frame_0059.png,extras,bottle,bottle,bottle.,0.18,0.18,2,0.6506,"[1046.5224609375, 846.5302734375, 1065.4935302734375, 889.16796875]",1
frame_0059.png,extras,bottle,dark thermos bottle,dark thermos bottle.,0.18,0.18,3,0.3282,"[1042.111083984375, 840.3822021484375, 1071.065673828125, 894.0160522460938]",1
frame_0059.png,extras,bottle,thermos bottle,thermos bottle.,0.18,0.18,1,0.3574,"[1044.3148193359375, 843.4532470703125, 1068.3243408203125, 892.0986328125]",1
frame_0059.png,extras,bottle,water bottle,water bottle.,0.18,0.18,1,0.4926,"[1044.18359375, 844.1575927734375, 1067.9007568359375, 892.0905151367188]",1
frame_0059.png,extras,bottle,drink bottle,drink bottle.,0.18,0.18,1,0.3078,"[1045.343505859375, 844.8925170898438, 1067.36474609375, 891.1766967773438]",1
frame_0059.png,extras,bottle,small bottle,small bottle.,0.18,0.18,1,0.5914,"[1042.3206787109375, 841.7571411132812, 1070.4736328125, 893.3628540039062]",1
frame_0059.png,extras,cardboard box,cardboard box,cardboard box.,0.2,0.2,1,0.5991,"[1691.700927734375, 995.9390869140625, 1810.4088134765625, 1073.80224609375]",1
frame_0059.png,extras,cardboard box,brown cardboard box,brown cardboard box.,0.2,0.2,1,0.6303,"[1689.1217041015625, 993.1744384765625, 1812.5032958984375, 1075.783447265625]",1
frame_0059.png,extras,cardboard box,shipping box,shipping box.,0.2,0.2,2,0.4776,"[1692.080322265625, 997.6157836914062, 1809.6937255859375, 1072.9642333984375]",1
frame_0059.png,extras,cardboard box,package box,package box.,0.2,0.2,1,0.2753,"[1692.4730224609375, 997.5390625, 1810.077880859375, 1073.2178955078125]",1
frame_0059.png,extras,cardboard box,small box,small box.,0.2,0.2,1,0.6987,"[1690.4603271484375, 994.6532592773438, 1811.54541015625, 1074.92724609375]",1
frame_0059.png,extras,cardboard box,box,box.,0.2,0.2,1,0.4999,"[1692.609375, 998.5592651367188, 1809.1231689453125, 1071.135009765625]",1
frame_0059.png,extras,chair,chair,chair.,0.2,0.2,9,0.3048,"[1154.1943359375, 910.4736328125, 1208.0911865234375, 990.6017456054688]",1
frame_0059.png,extras,chair,armless chair,armless chair.,0.2,0.2,7,0.421,"[410.0126953125, 845.02001953125, 569.5584716796875, 1108.1832275390625]",1
frame_0059.png,extras,chair,office chair,office chair.,0.2,0.2,13,0.4214,"[875.6642456054688, 869.5159301757812, 1011.1644897460938, 1055.76611328125]",1
frame_0059.png,extras,chair,wheeled chair,wheeled chair.,0.2,0.2,11,0.5088,"[876.7196044921875, 868.5512084960938, 1013.4798583984375, 1055.3680419921875]",1
frame_0059.png,extras,chair,swivel chair,swivel chair.,0.2,0.2,7,0.3972,"[409.3631286621094, 844.8526611328125, 565.8565673828125, 1108.6566162109375]",1
frame_0059.png,extras,chair,rolling chair,rolling chair.,0.2,0.2,11,0.4419,"[410.5423583984375, 845.7789306640625, 569.3121948242188, 1107.19775390625]",1
frame_0059.png,extras,cup,cup,cup.,0.18,0.18,1,0.3148,"[1047.237548828125, 847.3775024414062, 1064.9140625, 887.4774780273438]",1
frame_0059.png,extras,cup,white drinking cup,white drinking cup.,0.18,0.18,3,0.3805,"[1038.373291015625, 837.7467651367188, 1073.89111328125, 894.014892578125]",1
frame_0059.png,extras,cup,drinking cup,drinking cup.,0.18,0.18,0,0.0,,0
frame_0059.png,extras,cup,coffee cup,coffee cup.,0.18,0.18,0,0.0,,0
frame_0059.png,extras,cup,paper cup,paper cup.,0.18,0.18,0,0.0,,0
frame_0059.png,extras,cup,small cup,small cup.,0.18,0.18,2,0.4062,"[1157.8929443359375, 1653.7999267578125, 1707.2403564453125, 1854.8895263671875]",1
frame_0059.png,extras,door,door,door.,0.2,0.2,12,0.3099,"[81.29296112060547, 567.2761840820312, 242.07559204101562, 1055.9696044921875]",1
frame_0059.png,extras,door,dark door surface,dark door surface.,0.2,0.2,6,0.3882,"[1587.69482421875, 385.829833984375, 1803.6259765625, 1011.4741821289062]",1
frame_0059.png,extras,door,wooden door,wooden door.,0.2,0.2,4,0.3597,"[77.5673599243164, 567.38134765625, 242.31243896484375, 1056.5072021484375]",1
frame_0059.png,extras,door,closed door,closed door.,0.2,0.2,4,0.3623,"[77.63677215576172, 567.2427368164062, 242.36277770996094, 1057.2396240234375]",1
frame_0059.png,extras,door,interior door,interior door.,0.2,0.2,7,0.388,"[78.87947082519531, 565.4876708984375, 242.3230743408203, 1056.88525390625]",1
frame_0059.png,extras,door,single door,single door.,0.2,0.2,3,0.3956,"[76.92120361328125, 565.769775390625, 242.83203125, 1058.0029296875]",1
frame_0059.png,extras,emergency exit sign,emergency exit sign,emergency exit sign.,0.18,0.18,6,0.3119,"[1439.4478759765625, 839.0904541015625, 1466.617431640625, 873.364013671875]",1
frame_0059.png,extras,emergency exit sign,exit sign,exit sign.,0.18,0.18,3,0.2801,"[1440.1424560546875, 838.3521118164062, 1467.510498046875, 874.0653076171875]",1
frame_0059.png,extras,emergency exit sign,green emergency exit sign,green emergency exit sign.,0.18,0.18,5,0.3421,"[1422.3070068359375, 884.9541625976562, 1467.9974365234375, 920.8707275390625]",1
frame_0059.png,extras,emergency exit sign,green exit sign,green exit sign.,0.18,0.18,4,0.379,"[1422.1015625, 884.8932495117188, 1468.735107421875, 921.366943359375]",1
frame_0059.png,extras,emergency exit sign,running man exit sign,running man exit sign.,0.18,0.18,2,0.4333,"[1153.0494384765625, 1649.0220947265625, 1712.152099609375, 1853.5643310546875]",1
frame_0059.png,extras,emergency exit sign,fire exit sign,fire exit sign.,0.18,0.18,3,0.2424,"[1439.5684814453125, 837.2724609375, 1468.717529296875, 875.3964233398438]",1
frame_0059.png,extras,emergency exit sign,evacuation sign,evacuation sign.,0.18,0.18,4,0.2471,"[1441.6622314453125, 840.0120239257812, 1466.036376953125, 872.3217163085938]",1
frame_0059.png,extras,meeting table set,meeting table set,meeting table set.,0.2,0.2,2,0.6234,"[347.7303771972656, 835.1737060546875, 1125.896240234375, 1121.1397705078125]",1
frame_0059.png,extras,meeting table set,large meeting table,large meeting table.,0.2,0.2,1,0.7465,"[386.766357421875, 840.3430786132812, 1111.55810546875, 1118.4176025390625]",1
frame_0059.png,extras,meeting table set,conference table,conference table.,0.2,0.2,4,0.5721,"[411.579345703125, 853.966796875, 1105.1883544921875, 1114.2532958984375]",1
frame_0059.png,extras,meeting table set,metallic desk,metallic desk.,0.2,0.2,3,0.5649,"[409.38165283203125, 849.2163696289062, 1108.264892578125, 1114.3218994140625]",1
frame_0059.png,extras,meeting table set,long table with chairs,long table with chairs.,0.2,0.2,3,0.5252,"[354.1527099609375, 832.0291137695312, 1132.8594970703125, 1118.1373291015625]",1
frame_0059.png,extras,meeting table set,office meeting table,office meeting table.,0.2,0.2,3,0.652,"[393.8399963378906, 847.3132934570312, 1114.28125, 1116.653564453125]",1
frame_0059.png,extras,meeting table set,boardroom table,boardroom table.,0.2,0.2,2,0.6425,"[406.3834228515625, 851.4234008789062, 1105.5052490234375, 1115.675048828125]",1
frame_0059.png,extras,trash bin,trash bin,trash bin.,0.2,0.2,0,0.0,,0
frame_0059.png,extras,trash bin,indoor trash bin,indoor trash bin.,0.2,0.2,1,0.2226,"[1691.967529296875, 995.8516235351562, 1811.05615234375, 1074.1658935546875]",1
frame_0059.png,extras,trash bin,garbage bin,garbage bin.,0.2,0.2,0,0.0,,0
frame_0059.png,extras,trash bin,waste bin,waste bin.,0.2,0.2,0,0.0,,0
frame_0059.png,extras,trash bin,recycling bin,recycling bin.,0.2,0.2,1,0.2657,"[1692.361328125, 997.713134765625, 1810.33349609375, 1073.541015625]",1
frame_0059.png,extras,trash bin,rubbish bin,rubbish bin.,0.2,0.2,4,0.2724,"[1692.1378173828125, 997.5447387695312, 1810.1937255859375, 1073.493408203125]",1
frame_0059.png,extras,trash bin,small trash can,small trash can.,0.2,0.2,2,0.5126,"[1687.6123046875, 990.3246459960938, 1815.1806640625, 1078.270751953125]",1
frame_0059.png,extras,water fountain,water fountain,water fountain.,0.18,0.18,1,0.2726,"[1155.7861328125, 1655.7315673828125, 1709.3551025390625, 1855.8770751953125]",1
frame_0059.png,extras,water fountain,metallic water fountain,metallic water fountain.,0.18,0.18,2,0.4046,"[1155.2828369140625, 1653.8919677734375, 1709.8267822265625, 1854.84326171875]",1
frame_0059.png,extras,water fountain,drinking fountain,drinking fountain.,0.18,0.18,0,0.0,,0
frame_0059.png,extras,water fountain,water dispenser,water dispenser.,0.18,0.18,0,0.0,,0
frame_0059.png,extras,water fountain,wall water fountain,wall water fountain.,0.18,0.18,4,0.4361,"[1155.1531982421875, 1654.4937744140625, 1709.851318359375, 1855.128662109375]",1
frame_0059.png,extras,water fountain,stainless water fountain,stainless water fountain.,0.18,0.18,2,0.4275,"[1153.4208984375, 1651.4163818359375, 1711.022705078125, 1854.4051513671875]",1
frame_0060.png,production,meeting table set,ALL_GROUP,meeting table. conference table. meeting table set.,0.35,0.35,1,0.5567,"[337.5907287597656, 821.1625366210938, 1122.3343505859375, 1130.5723876953125]",1
frame_0060.png,production,chair,ALL_GROUP,chair. armless chair.,0.42,0.42,0,0.0,,0
frame_0060.png,production,bench,ALL_GROUP,bench. benches. metal bench. metallic bench. waiting bench.,0.38,0.38,0,0.0,,0
frame_0060.png,production,bottle+cup+cardboard box,ALL_GROUP,bottle. dark thermos. thermos. dark thermos bottle. cup. cups. white drinking cup. white drinking cups. cardboard box. brown cardboard. brown cardboard box.,0.28,0.28,1,0.3221,"[1697.01416015625, 994.3798828125, 1823.86474609375, 1079.9093017578125]",1
frame_0060.png,production,water fountain+door,ALL_GROUP,water fountain. metallic fountain. metallic water fountain. door. doors. dark door. dark door surface. elevator sliding door. elevator sliding doors.,0.38,0.38,0,0.0,,0
frame_0060.png,production,emergency exit sign,ALL_GROUP,emergency exit sign. exit sign.,0.5,0.5,0,0.0,,0
frame_0060.png,production,trash bin,ALL_GROUP,trash bin. trash bins. indoor trash bin.,0.45,0.45,0,0.0,,0
frame_0060.png,extras,bench,bench,bench.,0.2,0.2,4,0.2666,"[2271.075927734375, 1665.35498046875, 2878.079345703125, 1856.63330078125]",1
frame_0060.png,extras,bench,metal bench,metal bench.,0.2,0.2,2,0.4021,"[2270.17919921875, 1660.153076171875, 2877.737060546875, 1853.70458984375]",1
frame_0060.png,extras,bench,waiting bench,waiting bench.,0.2,0.2,2,0.4564,"[2271.10693359375, 1662.4884033203125, 2878.8037109375, 1854.582275390625]",1
frame_0060.png,extras,bench,sitting bench,sitting bench.,0.2,0.2,3,0.4032,"[2272.22802734375, 1662.7076416015625, 2878.150390625, 1855.5067138671875]",1
frame_0060.png,extras,bench,long bench,long bench.,0.2,0.2,3,0.4477,"[2270.8193359375, 1661.69091796875, 2877.960693359375, 1854.130126953125]",1
frame_0060.png,extras,bottle,bottle,bottle.,0.18,0.18,3,0.6438,"[1041.300048828125, 844.7015991210938, 1059.4697265625, 888.8795776367188]",1
frame_0060.png,extras,bottle,dark thermos bottle,dark thermos bottle.,0.18,0.18,2,0.3142,"[1036.114501953125, 838.5396728515625, 1065.8345947265625, 894.61767578125]",1
frame_0060.png,extras,bottle,thermos bottle,thermos bottle.,0.18,0.18,1,0.3445,"[1038.69970703125, 841.8558959960938, 1062.549072265625, 892.818359375]",1
frame_0060.png,extras,bottle,water bottle,water bottle.,0.18,0.18,1,0.4628,"[1038.709228515625, 842.4789428710938, 1062.1826171875, 892.6168212890625]",1
frame_0060.png,extras,bottle,drink bottle,drink bottle.,0.18,0.18,1,0.2889,"[1039.612548828125, 843.0156860351562, 1061.5721435546875, 892.13427734375]",1
frame_0060.png,extras,bottle,small bottle,small bottle.,0.18,0.18,2,0.53,"[1036.4754638671875, 840.085205078125, 1065.1124267578125, 894.1483764648438]",1
frame_0060.png,extras,cardboard box,cardboard box,cardboard box.,0.2,0.2,1,0.5751,"[1698.44970703125, 996.9855346679688, 1822.348388671875, 1077.5548095703125]",1
frame_0060.png,extras,cardboard box,brown cardboard box,brown cardboard box.,0.2,0.2,1,0.632,"[1695.91943359375, 993.8919677734375, 1824.3994140625, 1079.7220458984375]",1
frame_0060.png,extras,cardboard box,shipping box,shipping box.,0.2,0.2,2,0.4595,"[1698.804443359375, 998.5941772460938, 1821.298828125, 1076.790283203125]",1
frame_0060.png,extras,cardboard box,package box,package box.,0.2,0.2,1,0.2316,"[1699.2464599609375, 998.6976318359375, 1821.31591796875, 1076.900146484375]",1
frame_0060.png,extras,cardboard box,small box,small box.,0.2,0.2,1,0.6971,"[1697.2447509765625, 995.4745483398438, 1823.9503173828125, 1078.9666748046875]",1
frame_0060.png,extras,cardboard box,box,box.,0.2,0.2,1,0.4757,"[1699.4962158203125, 999.9183349609375, 1819.308349609375, 1074.700927734375]",1
frame_0060.png,extras,chair,chair,chair.,0.2,0.2,13,0.303,"[995.4700927734375, 889.7903442382812, 1118.4053955078125, 1045.6717529296875]",1
frame_0060.png,extras,chair,armless chair,armless chair.,0.2,0.2,9,0.4191,"[390.9724426269531, 842.6455078125, 553.5858154296875, 1112.8135986328125]",1
frame_0060.png,extras,chair,office chair,office chair.,0.2,0.2,15,0.4408,"[390.2532958984375, 844.599609375, 556.5195922851562, 1112.1927490234375]",1
frame_0060.png,extras,chair,wheeled chair,wheeled chair.,0.2,0.2,11,0.4939,"[390.71795654296875, 843.509033203125, 552.4443359375, 1111.7012939453125]",1
frame_0060.png,extras,chair,swivel chair,swivel chair.,0.2,0.2,8,0.3878,"[390.1754150390625, 842.3460083007812, 549.5354614257812, 1113.6258544921875]",1
frame_0060.png,extras,chair,rolling chair,rolling chair.,0.2,0.2,10,0.4182,"[391.1444396972656, 843.390380859375, 552.4622802734375, 1112.029541015625]",1
frame_0060.png,extras,cup,cup,cup.,0.18,0.18,1,0.221,"[1041.4984130859375, 845.2323608398438, 1059.2171630859375, 886.8140258789062]",1
frame_0060.png,extras,cup,white drinking cup,white drinking cup.,0.18,0.18,3,0.3001,"[1032.4903564453125, 835.1112060546875, 1068.4359130859375, 893.3329467773438]",1
frame_0060.png,extras,cup,drinking cup,drinking cup.,0.18,0.18,0,0.0,,0
frame_0060.png,extras,cup,coffee cup,coffee cup.,0.18,0.18,0,0.0,,0
frame_0060.png,extras,cup,paper cup,paper cup.,0.18,0.18,0,0.0,,0
frame_0060.png,extras,cup,small cup,small cup.,0.18,0.18,2,0.436,"[1156.9345703125, 1653.624267578125, 1705.2108154296875, 1854.94384765625]",1
frame_0060.png,extras,door,door,door.,0.2,0.2,11,0.2942,"[64.41230010986328, 562.3317260742188, 228.7418975830078, 1057.4649658203125]",1
frame_0060.png,extras,door,dark door surface,dark door surface.,0.2,0.2,4,0.3918,"[1590.3131103515625, 377.7144775390625, 1815.515625, 1013.5030517578125]",1
frame_0060.png,extras,door,wooden door,wooden door.,0.2,0.2,5,0.3204,"[1689.4091796875, 582.5708618164062, 1780.9542236328125, 1004.187744140625]",1
frame_0060.png,extras,door,closed door,closed door.,0.2,0.2,4,0.3353,"[1691.5802001953125, 579.2169799804688, 1779.350341796875, 1004.8974609375]",1
frame_0060.png,extras,door,interior door,interior door.,0.2,0.2,8,0.3556,"[61.63627624511719, 560.3445434570312, 229.00479125976562, 1059.0003662109375]",1
frame_0060.png,extras,door,single door,single door.,0.2,0.2,3,0.3608,"[60.4897575378418, 560.5103149414062, 230.10467529296875, 1060.4234619140625]",1
frame_0060.png,extras,emergency exit sign,emergency exit sign,emergency exit sign.,0.18,0.18,7,0.2964,"[1427.957275390625, 889.5202026367188, 1464.0706787109375, 915.651123046875]",1
frame_0060.png,extras,emergency exit sign,exit sign,exit sign.,0.18,0.18,3,0.2679,"[33.94844436645508, 473.0804748535156, 79.70506286621094, 535.2245483398438]",1
frame_0060.png,extras,emergency exit sign,green emergency exit sign,green emergency exit sign.,0.18,0.18,2,0.3763,"[1423.2041015625, 884.3776245117188, 1468.3037109375, 920.3719482421875]",1
frame_0060.png,extras,emergency exit sign,green exit sign,green exit sign.,0.18,0.18,2,0.4192,"[1422.7879638671875, 884.2601928710938, 1468.9609375, 920.7401123046875]",1
frame_0060.png,extras,emergency exit sign,running man exit sign,running man exit sign.,0.18,0.18,3,0.4137,"[1151.241455078125, 1648.421875, 1710.455810546875, 1853.6798095703125]",1
frame_0060.png,extras,emergency exit sign,fire exit sign,fire exit sign.,0.18,0.18,4,0.231,"[32.85945129394531, 472.0871276855469, 80.71407318115234, 536.8523559570312]",1
frame_0060.png,extras,emergency exit sign,evacuation sign,evacuation sign.,0.18,0.18,2,0.238,"[1444.2694091796875, 838.8163452148438, 1467.8096923828125, 872.458740234375]",1
frame_0060.png,extras,meeting table set,meeting table set,meeting table set.,0.2,0.2,2,0.6096,"[334.01788330078125, 829.37158203125, 1122.40771484375, 1128.020263671875]",1
frame_0060.png,extras,meeting table set,large meeting table,large meeting table.,0.2,0.2,1,0.6619,"[371.76605224609375, 835.8655395507812, 1107.41455078125, 1122.3902587890625]",1
frame_0060.png,extras,meeting table set,conference table,conference table.,0.2,0.2,6,0.4543,"[394.3142395019531, 854.1314697265625, 1097.408203125, 1112.693115234375]",1
frame_0060.png,extras,meeting table set,metallic desk,metallic desk.,0.2,0.2,4,0.4536,"[391.0426330566406, 846.5421142578125, 1103.622802734375, 1114.9261474609375]",1
frame_0060.png,extras,meeting table set,long table with chairs,long table with chairs.,0.2,0.2,5,0.4326,"[337.8465881347656, 824.1983642578125, 1130.2421875, 1124.3472900390625]",1
frame_0060.png,extras,meeting table set,office meeting table,office meeting table.,0.2,0.2,4,0.5939,"[385.7462158203125, 845.0903930664062, 1108.3741455078125, 1120.4290771484375]",1
frame_0060.png,extras,meeting table set,boardroom table,boardroom table.,0.2,0.2,6,0.5465,"[390.3199462890625, 848.6068725585938, 1101.3575439453125, 1119.6851806640625]",1
frame_0060.png,extras,trash bin,trash bin,trash bin.,0.2,0.2,0,0.0,,0
frame_0060.png,extras,trash bin,indoor trash bin,indoor trash bin.,0.2,0.2,0,0.0,,0
frame_0060.png,extras,trash bin,garbage bin,garbage bin.,0.2,0.2,0,0.0,,0
frame_0060.png,extras,trash bin,waste bin,waste bin.,0.2,0.2,0,0.0,,0
frame_0060.png,extras,trash bin,recycling bin,recycling bin.,0.2,0.2,1,0.2121,"[1699.4180908203125, 998.6677856445312, 1821.2506103515625, 1077.416015625]",1
frame_0060.png,extras,trash bin,rubbish bin,rubbish bin.,0.2,0.2,1,0.2351,"[1698.94873046875, 998.4642333984375, 1821.4072265625, 1077.440673828125]",1
frame_0060.png,extras,trash bin,small trash can,small trash can.,0.2,0.2,2,0.471,"[1695.066162109375, 991.0580444335938, 1827.1650390625, 1082.07080078125]",1
frame_0060.png,extras,water fountain,water fountain,water fountain.,0.18,0.18,1,0.2654,"[1155.167724609375, 1655.837646484375, 1707.255615234375, 1855.7977294921875]",1
frame_0060.png,extras,water fountain,metallic water fountain,metallic water fountain.,0.18,0.18,2,0.4105,"[1154.05810546875, 1653.989990234375, 1707.9637451171875, 1854.7791748046875]",1
frame_0060.png,extras,water fountain,drinking fountain,drinking fountain.,0.18,0.18,0,0.0,,0
frame_0060.png,extras,water fountain,water dispenser,water dispenser.,0.18,0.18,0,0.0,,0
frame_0060.png,extras,water fountain,wall water fountain,wall water fountain.,0.18,0.18,3,0.4212,"[1153.8212890625, 1654.45068359375, 1707.98095703125, 1854.9925537109375]",1
frame_0060.png,extras,water fountain,stainless water fountain,stainless water fountain.,0.18,0.18,1,0.4283,"[1151.8885498046875, 1651.1005859375, 1709.344970703125, 1854.239990234375]",1
frame_0061.png,production,meeting table set,ALL_GROUP,meeting table. conference table. meeting table set.,0.35,0.35,1,0.5487,"[326.589599609375, 819.18603515625, 1116.83349609375, 1135.6866455078125]",1
frame_0061.png,production,chair,ALL_GROUP,chair. armless chair.,0.42,0.42,0,0.0,,0
frame_0061.png,production,bench,ALL_GROUP,bench. benches. metal bench. metallic bench. waiting bench.,0.38,0.38,0,0.0,,0
frame_0061.png,production,bottle+cup+cardboard box,ALL_GROUP,bottle. dark thermos. thermos. dark thermos bottle. cup. cups. white drinking cup. white drinking cups. cardboard box. brown cardboard. brown cardboard box.,0.28,0.28,1,0.3261,"[1704.4532470703125, 996.3687744140625, 1832.8504638671875, 1083.403564453125]",1
frame_0061.png,production,water fountain+door,ALL_GROUP,water fountain. metallic fountain. metallic water fountain. door. doors. dark door. dark door surface. elevator sliding door. elevator sliding doors.,0.38,0.38,0,0.0,,0
frame_0061.png,production,emergency exit sign,ALL_GROUP,emergency exit sign. exit sign.,0.5,0.5,0,0.0,,0
frame_0061.png,production,trash bin,ALL_GROUP,trash bin. trash bins. indoor trash bin.,0.45,0.45,0,0.0,,0
frame_0061.png,extras,bench,bench,bench.,0.2,0.2,4,0.2585,"[2261.148193359375, 1665.7908935546875, 2878.39453125, 1856.4671630859375]",1
frame_0061.png,extras,bench,metal bench,metal bench.,0.2,0.2,2,0.413,"[2262.82421875, 1660.7130126953125, 2877.746337890625, 1853.6077880859375]",1
frame_0061.png,extras,bench,waiting bench,waiting bench.,0.2,0.2,2,0.4737,"[2264.234619140625, 1663.1649169921875, 2878.801513671875, 1854.613037109375]",1
frame_0061.png,extras,bench,sitting bench,sitting bench.,0.2,0.2,3,0.3949,"[2264.43603515625, 1663.3134765625, 2878.216552734375, 1855.4527587890625]",1
frame_0061.png,extras,bench,long bench,long bench.,0.2,0.2,3,0.4689,"[2263.11572265625, 1662.1439208984375, 2877.954833984375, 1854.117919921875]",1
frame_0061.png,extras,bottle,bottle,bottle.,0.18,0.18,2,0.649,"[1033.6519775390625, 843.8428955078125, 1053.727294921875, 888.9727783203125]",1
frame_0061.png,extras,bottle,dark thermos bottle,dark thermos bottle.,0.18,0.18,2,0.3432,"[1029.7022705078125, 836.8679809570312, 1060.70556640625, 895.2167358398438]",1
frame_0061.png,extras,bottle,thermos bottle,thermos bottle.,0.18,0.18,1,0.3423,"[1031.85693359375, 840.1395263671875, 1057.7100830078125, 893.0533447265625]",1
frame_0061.png,extras,bottle,water bottle,water bottle.,0.18,0.18,1,0.4704,"[1031.7205810546875, 840.9227294921875, 1057.406982421875, 892.5888671875]",1
frame_0061.png,extras,bottle,drink bottle,drink bottle.,0.18,0.18,1,0.2975,"[1032.8861083984375, 841.8944091796875, 1056.5455322265625, 892.5999145507812]",1
frame_0061.png,extras,bottle,small bottle,small bottle.,0.18,0.18,1,0.5782,"[1030.0570068359375, 838.7455444335938, 1059.4189453125, 893.7146606445312]",1
frame_0061.png,extras,cardboard box,cardboard box,cardboard box.,0.2,0.2,1,0.5907,"[1706.5484619140625, 999.1784057617188, 1830.5640869140625, 1081.080078125]",1
frame_0061.png,extras,cardboard box,brown cardboard box,brown cardboard box.,0.2,0.2,1,0.6365,"[1704.125, 996.0093383789062, 1832.7413330078125, 1083.2490234375]",1
frame_0061.png,extras,cardboard box,shipping box,shipping box.,0.2,0.2,2,0.4834,"[1707.23046875, 1001.0507202148438, 1829.533935546875, 1080.01025390625]",1
frame_0061.png,extras,cardboard box,package box,package box.,0.2,0.2,1,0.2854,"[1707.4715576171875, 1000.6832885742188, 1830.218017578125, 1080.069091796875]",1
frame_0061.png,extras,cardboard box,small box,small box.,0.2,0.2,1,0.7031,"[1705.60546875, 997.56298828125, 1831.8057861328125, 1082.270263671875]",1
frame_0061.png,extras,cardboard box,box,box.,0.2,0.2,1,0.4866,"[1707.779541015625, 1002.0628051757812, 1828.21826171875, 1078.2091064453125]",1
frame_0061.png,extras,chair,chair,chair.,0.2,0.2,9,0.2998,"[989.6554565429688, 886.9581298828125, 1114.903076171875, 1047.810546875]",1
frame_0061.png,extras,chair,armless chair,armless chair.,0.2,0.2,8,0.4121,"[493.9278564453125, 829.33935546875, 740.2171020507812, 1123.096923828125]",1
frame_0061.png,extras,chair,office chair,office chair.,0.2,0.2,16,0.446,"[859.70068359375, 867.8925170898438, 997.3319091796875, 1058.877685546875]",1
frame_0061.png,extras,chair,wheeled chair,wheeled chair.,0.2,0.2,11,0.4934,"[367.9656066894531, 842.039794921875, 523.7883911132812, 1114.6796875]",1
frame_0061.png,extras,chair,swivel chair,swivel chair.,0.2,0.2,7,0.3742,"[367.16876220703125, 841.0201416015625, 522.9237060546875, 1116.4595947265625]",1
frame_0061.png,extras,chair,rolling chair,rolling chair.,0.2,0.2,11,0.4144,"[368.2888488769531, 842.059814453125, 523.5045166015625, 1115.206298828125]",1
frame_0061.png,extras,cup,cup,cup.,0.18,0.18,1,0.3015,"[1034.5672607421875, 844.4737548828125, 1052.92041015625, 886.8554077148438]",1
frame_0061.png,extras,cup,white drinking cup,white drinking cup.,0.18,0.18,3,0.4073,"[1025.9112548828125, 833.8538208007812, 1063.7255859375, 894.35986328125]",1
frame_0061.png,extras,cup,drinking cup,drinking cup.,0.18,0.18,0,0.0,,0
frame_0061.png,extras,cup,coffee cup,coffee cup.,0.18,0.18,0,0.0,,0
frame_0061.png,extras,cup,paper cup,paper cup.,0.18,0.18,0,0.0,,0
frame_0061.png,extras,cup,small cup,small cup.,0.18,0.18,2,0.3436,"[1155.267578125, 1651.55517578125, 1706.9063720703125, 1854.27099609375]",1
frame_0061.png,extras,door,door,door.,0.2,0.2,7,0.309,"[48.147640228271484, 556.89404296875, 218.09254455566406, 1061.00146484375]",1
frame_0061.png,extras,door,dark door surface,dark door surface.,0.2,0.2,4,0.3861,"[1592.27734375, 362.5027160644531, 1825.5604248046875, 1016.0662231445312]",1
frame_0061.png,extras,door,wooden door,wooden door.,0.2,0.2,5,0.3948,"[1691.0947265625, 579.8988037109375, 1786.1690673828125, 1006.6046752929688]",1
frame_0061.png,extras,door,closed door,closed door.,0.2,0.2,4,0.3931,"[44.54292297363281, 554.9628295898438, 219.51011657714844, 1063.09716796875]",1
frame_0061.png,extras,door,interior door,interior door.,0.2,0.2,6,0.396,"[45.29073715209961, 554.8833618164062, 218.719482421875, 1062.211669921875]",1
frame_0061.png,extras,door,single door,single door.,0.2,0.2,3,0.4339,"[44.12038040161133, 554.0919189453125, 220.01463317871094, 1063.533447265625]",1
frame_0061.png,extras,emergency exit sign,emergency exit sign,emergency exit sign.,0.18,0.18,6,0.3176,"[1442.110595703125, 837.3468017578125, 1468.5374755859375, 872.31494140625]",1
frame_0061.png,extras,emergency exit sign,exit sign,exit sign.,0.18,0.18,3,0.2859,"[1441.8170166015625, 836.4988403320312, 1469.6724853515625, 873.4434204101562]",1
frame_0061.png,extras,emergency exit sign,green emergency exit sign,green emergency exit sign.,0.18,0.18,3,0.356,"[1422.7344970703125, 883.6554565429688, 1469.26123046875, 920.3594360351562]",1
frame_0061.png,extras,emergency exit sign,green exit sign,green exit sign.,0.18,0.18,2,0.4006,"[1422.1597900390625, 883.6683349609375, 1469.875732421875, 920.73681640625]",1
frame_0061.png,extras,emergency exit sign,running man exit sign,running man exit sign.,0.18,0.18,4,0.395,"[1150.3563232421875, 1646.8414306640625, 1711.41455078125, 1853.0513916015625]",1
frame_0061.png,extras,emergency exit sign,fire exit sign,fire exit sign.,0.18,0.18,3,0.2578,"[1442.0745849609375, 835.7971801757812, 1470.3897705078125, 874.4353637695312]",1
frame_0061.png,extras,emergency exit sign,evacuation sign,evacuation sign.,0.18,0.18,2,0.2466,"[1444.113037109375, 838.294189453125, 1467.9725341796875, 871.7059326171875]",1
frame_0061.png,extras,meeting table set,meeting table set,meeting table set.,0.2,0.2,2,0.613,"[320.4703369140625, 828.2318725585938, 1117.505126953125, 1133.169189453125]",1
frame_0061.png,extras,meeting table set,large meeting table,large meeting table.,0.2,0.2,1,0.7586,"[356.9324035644531, 834.5999755859375, 1096.46337890625, 1128.496337890625]",1
frame_0061.png,extras,meeting table set,conference table,conference table.,0.2,0.2,6,0.5012,"[374.2437744140625, 850.5762939453125, 1088.6666259765625, 1122.025634765625]",1
frame_0061.png,extras,meeting table set,metallic desk,metallic desk.,0.2,0.2,4,0.5079,"[370.3419494628906, 844.1836547851562, 1094.4736328125, 1122.9293212890625]",1
frame_0061.png,extras,meeting table set,long table with chairs,long table with chairs.,0.2,0.2,5,0.4768,"[323.1453857421875, 825.5487670898438, 1118.9288330078125, 1129.236328125]",1
frame_0061.png,extras,meeting table set,office meeting table,office meeting table.,0.2,0.2,4,0.6218,"[365.6393737792969, 843.0047607421875, 1098.9298095703125, 1127.1290283203125]",1
frame_0061.png,extras,meeting table set,boardroom table,boardroom table.,0.2,0.2,5,0.6136,"[370.7587890625, 846.9547119140625, 1091.28271484375, 1125.7293701171875]",1
frame_0061.png,extras,trash bin,trash bin,trash bin.,0.2,0.2,0,0.0,,0
frame_0061.png,extras,trash bin,indoor trash bin,indoor trash bin.,0.2,0.2,0,0.0,,0
frame_0061.png,extras,trash bin,garbage bin,garbage bin.,0.2,0.2,0,0.0,,0
frame_0061.png,extras,trash bin,waste bin,waste bin.,0.2,0.2,0,0.0,,0
frame_0061.png,extras,trash bin,recycling bin,recycling bin.,0.2,0.2,1,0.2386,"[1707.4267578125, 1000.7423095703125, 1830.951904296875, 1080.4971923828125]",1
frame_0061.png,extras,trash bin,rubbish bin,rubbish bin.,0.2,0.2,2,0.2517,"[1707.2347412109375, 1000.6170043945312, 1830.9425048828125, 1080.5528564453125]",1
frame_0061.png,extras,trash bin,small trash can,small trash can.,0.2,0.2,2,0.4542,"[1702.443115234375, 992.7685546875, 1836.718994140625, 1085.381103515625]",1
frame_0061.png,extras,water fountain,water fountain,water fountain.,0.18,0.18,1,0.3037,"[1153.099365234375, 1654.134765625, 1708.5638427734375, 1855.72216796875]",1
frame_0061.png,extras,water fountain,metallic water fountain,metallic water fountain.,0.18,0.18,2,0.4451,"[1152.1319580078125, 1652.1270751953125, 1708.9525146484375, 1854.664794921875]",1
frame_0061.png,extras,water fountain,drinking fountain,drinking fountain.,0.18,0.18,0,0.0,,0
frame_0061.png,extras,water fountain,water dispenser,water dispenser.,0.18,0.18,1,0.2294,"[1030.0167236328125, 839.1317749023438, 1059.778564453125, 894.2084350585938]",1
frame_0061.png,extras,water fountain,wall water fountain,wall water fountain.,0.18,0.18,3,0.4581,"[1152.0400390625, 1652.8115234375, 1709.1358642578125, 1854.982666015625]",1
frame_0061.png,extras,water fountain,stainless water fountain,stainless water fountain.,0.18,0.18,1,0.4596,"[1150.0206298828125, 1649.2535400390625, 1710.29541015625, 1854.18701171875]",1
frame_0062.png,production,meeting table set,ALL_GROUP,meeting table. conference table. meeting table set.,0.35,0.35,1,0.5542,"[304.7700500488281, 817.9459228515625, 1109.572509765625, 1142.192626953125]",1
frame_0062.png,production,chair,ALL_GROUP,chair. armless chair.,0.42,0.42,0,0.0,,0
frame_0062.png,production,bench,ALL_GROUP,bench. benches. metal bench. metallic bench. waiting bench.,0.38,0.38,0,0.0,,0
frame_0062.png,production,bottle+cup+cardboard box,ALL_GROUP,bottle. dark thermos. thermos. dark thermos bottle. cup. cups. white drinking cup. white drinking cups. cardboard box. brown cardboard. brown cardboard box.,0.28,0.28,1,0.3571,"[1712.08056640625, 998.5509033203125, 1845.20703125, 1086.4798583984375]",1
frame_0062.png,production,water fountain+door,ALL_GROUP,water fountain. metallic fountain. metallic water fountain. door. doors. dark door. dark door surface. elevator sliding door. elevator sliding doors.,0.38,0.38,0,0.0,,0
frame_0062.png,production,emergency exit sign,ALL_GROUP,emergency exit sign. exit sign.,0.5,0.5,0,0.0,,0
frame_0062.png,production,trash bin,ALL_GROUP,trash bin. trash bins. indoor trash bin.,0.45,0.45,0,0.0,,0
frame_0062.png,extras,bench,bench,bench.,0.2,0.2,3,0.2554,"[2236.694580078125, 1665.03076171875, 2878.348876953125, 1856.393310546875]",1
frame_0062.png,extras,bench,metal bench,metal bench.,0.2,0.2,2,0.4372,"[2238.2060546875, 1660.0601806640625, 2877.57861328125, 1853.4613037109375]",1
frame_0062.png,extras,bench,waiting bench,waiting bench.,0.2,0.2,2,0.4772,"[2238.840576171875, 1662.459716796875, 2878.912109375, 1854.468017578125]",1
frame_0062.png,extras,bench,sitting bench,sitting bench.,0.2,0.2,3,0.4081,"[2240.3427734375, 1662.568115234375, 2878.167236328125, 1855.335205078125]",1
frame_0062.png,extras,bench,long bench,long bench.,0.2,0.2,2,0.4882,"[2238.40625, 1661.5198974609375, 2878.004638671875, 1854.059814453125]",1
frame_0062.png,extras,bottle,bottle,bottle.,0.18,0.18,2,0.6349,"[1026.5706787109375, 842.2258911132812, 1047.0526123046875, 887.33837890625]",1
frame_0062.png,extras,bottle,dark thermos bottle,dark thermos bottle.,0.18,0.18,2,0.3728,"[1022.761474609375, 836.0004272460938, 1052.6805419921875, 892.3683471679688]",1
frame_0062.png,extras,bottle,thermos bottle,thermos bottle.,0.18,0.18,1,0.4143,"[1024.83349609375, 839.2288818359375, 1050.2325439453125, 890.7971801757812]",1
frame_0062.png,extras,bottle,water bottle,water bottle.,0.18,0.18,1,0.4702,"[1024.7694091796875, 839.6287841796875, 1050.0306396484375, 890.2874145507812]",1
frame_0062.png,extras,bottle,drink bottle,drink bottle.,0.18,0.18,1,0.3213,"[1026.1151123046875, 840.9511108398438, 1049.2540283203125, 889.5993041992188]",1
frame_0062.png,extras,bottle,small bottle,small bottle.,0.18,0.18,1,0.5847,"[1023.0689086914062, 837.3003540039062, 1052.38427734375, 891.6176147460938]",1
frame_0062.png,extras,cardboard box,cardboard box,cardboard box.,0.2,0.2,1,0.6131,"[1713.2144775390625, 1001.373779296875, 1843.1148681640625, 1084.2557373046875]",1
frame_0062.png,extras,cardboard box,brown cardboard box,brown cardboard box.,0.2,0.2,1,0.644,"[1710.748291015625, 998.4476318359375, 1845.4395751953125, 1086.37744140625]",1
frame_0062.png,extras,cardboard box,shipping box,shipping box.,0.2,0.2,2,0.4822,"[1713.7071533203125, 1002.768310546875, 1841.808837890625, 1083.4210205078125]",1
frame_0062.png,extras,cardboard box,package box,package box.,0.2,0.2,1,0.3094,"[1714.2550048828125, 1002.470458984375, 1842.374755859375, 1083.6177978515625]",1
frame_0062.png,extras,cardboard box,small box,small box.,0.2,0.2,1,0.7012,"[1712.204833984375, 999.84716796875, 1844.4324951171875, 1085.3331298828125]",1
frame_0062.png,extras,cardboard box,box,box.,0.2,0.2,1,0.4992,"[1713.93017578125, 1003.76611328125, 1839.7171630859375, 1081.9288330078125]",1
frame_0062.png,extras,chair,chair,chair.,0.2,0.2,8,0.3465,"[977.37841796875, 889.0111694335938, 1107.938720703125, 1050.2916259765625]",1
frame_0062.png,extras,chair,armless chair,armless chair.,0.2,0.2,7,0.3628,"[341.42578125, 839.3236083984375, 501.5121765136719, 1118.3956298828125]",1
frame_0062.png,extras,chair,office chair,office chair.,0.2,0.2,19,0.4288,"[859.1439208984375, 867.753173828125, 986.6934814453125, 1059.0440673828125]",1
frame_0062.png,extras,chair,wheeled chair,wheeled chair.,0.2,0.2,12,0.4926,"[342.82275390625, 839.8578491210938, 500.3511657714844, 1116.8558349609375]",1
frame_0062.png,extras,chair,swivel chair,swivel chair.,0.2,0.2,7,0.3332,"[340.962158203125, 838.878173828125, 500.72027587890625, 1118.9627685546875]",1
frame_0062.png,extras,chair,rolling chair,rolling chair.,0.2,0.2,10,0.412,"[343.1720886230469, 839.8724365234375, 500.024658203125, 1117.5411376953125]",1
frame_0062.png,extras,cup,cup,cup.,0.18,0.18,1,0.2935,"[1027.5528564453125, 842.997802734375, 1047.250732421875, 885.99169921875]",1
frame_0062.png,extras,cup,white drinking cup,white drinking cup.,0.18,0.18,3,0.3778,"[1018.28857421875, 832.3812255859375, 1056.55908203125, 892.9412841796875]",1
frame_0062.png,extras,cup,drinking cup,drinking cup.,0.18,0.18,0,0.0,,0
frame_0062.png,extras,cup,coffee cup,coffee cup.,0.18,0.18,0,0.0,,0
frame_0062.png,extras,cup,paper cup,paper cup.,0.18,0.18,0,0.0,,0
frame_0062.png,extras,cup,small cup,small cup.,0.18,0.18,2,0.4585,"[1158.126220703125, 1652.2044677734375, 1706.1044921875, 1854.455810546875]",1
frame_0062.png,extras,door,door,door.,0.2,0.2,9,0.2831,"[1704.1868896484375, 557.0296020507812, 1789.34912109375, 1008.325439453125]",1
frame_0062.png,extras,door,dark door surface,dark door surface.,0.2,0.2,3,0.394,"[1594.4638671875, 351.9721374511719, 1834.921630859375, 1020.2188720703125]",1
frame_0062.png,extras,door,wooden door,wooden door.,0.2,0.2,3,0.3506,"[1698.0201416015625, 559.6143798828125, 1792.5635986328125, 1011.059326171875]",1
frame_0062.png,extras,door,closed door,closed door.,0.2,0.2,4,0.3717,"[1698.7247314453125, 563.3204345703125, 1790.5203857421875, 1011.7315063476562]",1
frame_0062.png,extras,door,interior door,interior door.,0.2,0.2,6,0.3557,"[1699.6932373046875, 560.7195434570312, 1790.09326171875, 1010.5155639648438]",1
frame_0062.png,extras,door,single door,single door.,0.2,0.2,4,0.378,"[1698.22216796875, 562.7116088867188, 1791.74462890625, 1012.4598999023438]",1
frame_0062.png,extras,emergency exit sign,emergency exit sign,emergency exit sign.,0.18,0.18,5,0.2922,"[1427.87353515625, 889.173828125, 1464.6405029296875, 915.1875610351562]",1
frame_0062.png,extras,emergency exit sign,exit sign,exit sign.,0.18,0.18,1,0.2658,"[1442.4766845703125, 836.4821166992188, 1469.6500244140625, 872.0811157226562]",1
frame_0062.png,extras,emergency exit sign,green emergency exit sign,green emergency exit sign.,0.18,0.18,2,0.3678,"[1422.4837646484375, 883.5975952148438, 1469.375, 920.1842651367188]",1
frame_0062.png,extras,emergency exit sign,green exit sign,green exit sign.,0.18,0.18,2,0.4184,"[1422.187744140625, 883.6836547851562, 1469.929443359375, 920.55322265625]",1
frame_0062.png,extras,emergency exit sign,running man exit sign,running man exit sign.,0.18,0.18,3,0.3951,"[1153.8333740234375, 1647.5106201171875, 1710.7364501953125, 1852.8736572265625]",1
frame_0062.png,extras,emergency exit sign,fire exit sign,fire exit sign.,0.18,0.18,1,0.2367,"[1442.4443359375, 835.7163696289062, 1470.8267822265625, 873.4248046875]",1
frame_0062.png,extras,emergency exit sign,evacuation sign,evacuation sign.,0.18,0.18,3,0.2232,"[1444.757080078125, 838.1578979492188, 1468.5108642578125, 870.6769409179688]",1
frame_0062.png,extras,meeting table set,meeting table set,meeting table set.,0.2,0.2,3,0.6102,"[303.2771301269531, 826.4075317382812, 1112.3623046875, 1138.8389892578125]",1
frame_0062.png,extras,meeting table set,large meeting table,large meeting table.,0.2,0.2,2,0.5477,"[324.1346740722656, 833.8668823242188, 1100.7249755859375, 1134.8101806640625]",1
frame_0062.png,extras,meeting table set,conference table,conference table.,0.2,0.2,6,0.4275,"[360.3179931640625, 847.5010986328125, 870.360595703125, 1125.5272216796875]",1
frame_0062.png,extras,meeting table set,metallic desk,metallic desk.,0.2,0.2,5,0.442,"[336.99652099609375, 842.8155517578125, 1098.9254150390625, 1129.157958984375]",1
frame_0062.png,extras,meeting table set,long table with chairs,long table with chairs.,0.2,0.2,4,0.462,"[303.8304138183594, 823.9772338867188, 1115.3255615234375, 1134.5135498046875]",1
frame_0062.png,extras,meeting table set,office meeting table,office meeting table.,0.2,0.2,4,0.5179,"[321.8560791015625, 841.9937744140625, 1101.78125, 1133.083251953125]",1
frame_0062.png,extras,meeting table set,boardroom table,boardroom table.,0.2,0.2,6,0.4553,"[338.6160583496094, 846.0869750976562, 1095.1470947265625, 1131.8494873046875]",1
frame_0062.png,extras,trash bin,trash bin,trash bin.,0.2,0.2,0,0.0,,0
frame_0062.png,extras,trash bin,indoor trash bin,indoor trash bin.,0.2,0.2,1,0.2075,"[1713.6534423828125, 1000.7886352539062, 1843.8133544921875, 1084.5050048828125]",1
frame_0062.png,extras,trash bin,garbage bin,garbage bin.,0.2,0.2,0,0.0,,0
frame_0062.png,extras,trash bin,waste bin,waste bin.,0.2,0.2,0,0.0,,0
frame_0062.png,extras,trash bin,recycling bin,recycling bin.,0.2,0.2,1,0.2494,"[1714.029296875, 1002.3807373046875, 1842.191650390625, 1083.9449462890625]",1
frame_0062.png,extras,trash bin,rubbish bin,rubbish bin.,0.2,0.2,3,0.2552,"[1713.60302734375, 1002.241943359375, 1842.2755126953125, 1083.92041015625]",1
frame_0062.png,extras,trash bin,small trash can,small trash can.,0.2,0.2,2,0.4987,"[1709.6939697265625, 995.1646728515625, 1848.23388671875, 1088.5316162109375]",1
frame_0062.png,extras,water fountain,water fountain,water fountain.,0.18,0.18,1,0.3114,"[1156.870849609375, 1654.562744140625, 1707.5672607421875, 1855.5078125]",1
frame_0062.png,extras,water fountain,metallic water fountain,metallic water fountain.,0.18,0.18,2,0.4625,"[1155.329345703125, 1652.5325927734375, 1708.2061767578125, 1854.45703125]",1
frame_0062.png,extras,water fountain,drinking fountain,drinking fountain.,0.18,0.18,0,0.0,,0
frame_0062.png,extras,water fountain,water dispenser,water dispenser.,0.18,0.18,1,0.2313,"[1022.3479614257812, 838.3212890625, 1051.8277587890625, 890.9873046875]",1
frame_0062.png,extras,water fountain,wall water fountain,wall water fountain.,0.18,0.18,3,0.4631,"[1155.26171875, 1653.2471923828125, 1708.4334716796875, 1854.766357421875]",1
frame_0062.png,extras,water fountain,stainless water fountain,stainless water fountain.,0.18,0.18,1,0.4707,"[1153.0645751953125, 1649.62646484375, 1709.74267578125, 1854.0484619140625]",1
frame_0063.png,production,meeting table set,ALL_GROUP,meeting table. conference table. meeting table set.,0.35,0.35,2,0.5514,"[292.9739685058594, 813.6616821289062, 1109.3602294921875, 1149.082275390625]",1
frame_0063.png,production,chair,ALL_GROUP,chair. armless chair.,0.42,0.42,3,0.4582,"[842.9090576171875, 865.1490478515625, 981.4534912109375, 1063.6275634765625]",1
frame_0063.png,production,bench,ALL_GROUP,bench. benches. metal bench. metallic bench. waiting bench.,0.38,0.38,0,0.0,,0
frame_0063.png,production,bottle+cup+cardboard box,ALL_GROUP,bottle. dark thermos. thermos. dark thermos bottle. cup. cups. white drinking cup. white drinking cups. cardboard box. brown cardboard. brown cardboard box.,0.28,0.28,1,0.3861,"[1720.630615234375, 1000.12939453125, 1859.575439453125, 1090.24658203125]",1
frame_0063.png,production,water fountain+door,ALL_GROUP,water fountain. metallic fountain. metallic water fountain. door. doors. dark door. dark door surface. elevator sliding door. elevator sliding doors.,0.38,0.38,0,0.0,,0
frame_0063.png,production,emergency exit sign,ALL_GROUP,emergency exit sign. exit sign.,0.5,0.5,0,0.0,,0
frame_0063.png,production,trash bin,ALL_GROUP,trash bin. trash bins. indoor trash bin.,0.45,0.45,0,0.0,,0
frame_0063.png,extras,bench,bench,bench.,0.2,0.2,3,0.2516,"[2255.479248046875, 1665.2490234375, 2878.42578125, 1856.481201171875]",1
frame_0063.png,extras,bench,metal bench,metal bench.,0.2,0.2,3,0.343,"[2259.67333984375, 1660.393310546875, 2877.7041015625, 1853.5321044921875]",1
frame_0063.png,extras,bench,waiting bench,waiting bench.,0.2,0.2,2,0.4227,"[2259.68896484375, 1662.5623779296875, 2878.961181640625, 1854.43115234375]",1
frame_0063.png,extras,bench,sitting bench,sitting bench.,0.2,0.2,3,0.3549,"[1142.340087890625, 906.6047973632812, 1206.3623046875, 995.83642578125]",1
frame_0063.png,extras,bench,long bench,long bench.,0.2,0.2,3,0.4288,"[2259.476806640625, 1661.7176513671875, 2878.236328125, 1853.970947265625]",1
frame_0063.png,extras,bottle,bottle,bottle.,0.18,0.18,2,0.6346,"[1020.6220703125, 839.4619750976562, 1041.0130615234375, 886.384765625]",1
frame_0063.png,extras,bottle,dark thermos bottle,dark thermos bottle.,0.18,0.18,3,0.3381,"[1015.6103515625, 833.0087890625, 1047.4454345703125, 891.4747924804688]",1
frame_0063.png,extras,bottle,thermos bottle,thermos bottle.,0.18,0.18,1,0.4144,"[1018.0846557617188, 836.1786499023438, 1044.731689453125, 889.8130493164062]",1
frame_0063.png,extras,bottle,water bottle,water bottle.,0.18,0.18,1,0.4824,"[1017.8809204101562, 836.9103393554688, 1044.0611572265625, 889.3591918945312]",1
frame_0063.png,extras,bottle,drink bottle,drink bottle.,0.18,0.18,1,0.326,"[1019.517333984375, 837.4849243164062, 1043.316650390625, 888.9771118164062]",1
frame_0063.png,extras,bottle,small bottle,small bottle.,0.18,0.18,1,0.5657,"[1016.4057006835938, 834.8163452148438, 1046.4603271484375, 890.7568359375]",1
frame_0063.png,extras,cardboard box,cardboard box,cardboard box.,0.2,0.2,1,0.6174,"[1721.7984619140625, 1002.919677734375, 1857.000732421875, 1088.0906982421875]",1
frame_0063.png,extras,cardboard box,brown cardboard box,brown cardboard box.,0.2,0.2,1,0.6472,"[1719.717041015625, 999.71533203125, 1859.44189453125, 1090.0943603515625]",1
frame_0063.png,extras,cardboard box,shipping box,shipping box.,0.2,0.2,2,0.5068,"[1722.0731201171875, 1004.4766235351562, 1855.8138427734375, 1087.2672119140625]",1
frame_0063.png,extras,cardboard box,package box,package box.,0.2,0.2,1,0.3313,"[1722.5869140625, 1004.0753173828125, 1856.3602294921875, 1087.5604248046875]",1
frame_0063.png,extras,cardboard box,small box,small box.,0.2,0.2,1,0.7125,"[1721.3931884765625, 1001.3170166015625, 1858.9749755859375, 1088.979248046875]",1
frame_0063.png,extras,cardboard box,box,box.,0.2,0.2,1,0.5106,"[1723.3043212890625, 1005.5062255859375, 1854.369140625, 1085.8017578125]",1
frame_0063.png,extras,chair,chair,chair.,0.2,0.2,11,0.3304,"[844.0291137695312, 867.5350952148438, 974.6668701171875, 1063.2894287109375]",1
frame_0063.png,extras,chair,armless chair,armless chair.,0.2,0.2,7,0.4397,"[318.886962890625, 836.3876953125, 480.1439208984375, 1122.0020751953125]",1
frame_0063.png,extras,chair,office chair,office chair.,0.2,0.2,17,0.4605,"[842.69384765625, 866.388427734375, 979.5896606445312, 1062.850341796875]",1
frame_0063.png,extras,chair,wheeled chair,wheeled chair.,0.2,0.2,11,0.5204,"[844.1646728515625, 865.5253295898438, 982.0870361328125, 1062.1912841796875]",1
frame_0063.png,extras,chair,swivel chair,swivel chair.,0.2,0.2,7,0.3909,"[841.2850952148438, 864.2462768554688, 985.1337280273438, 1064.746337890625]",1
frame_0063.png,extras,chair,rolling chair,rolling chair.,0.2,0.2,12,0.4467,"[321.57574462890625, 836.7892456054688, 480.1817626953125, 1121.330810546875]",1
frame_0063.png,extras,cup,cup,cup.,0.18,0.18,1,0.4052,"[1021.2155151367188, 840.9194946289062, 1041.43310546875, 885.5958251953125]",1
frame_0063.png,extras,cup,white drinking cup,white drinking cup.,0.18,0.18,3,0.4136,"[1012.03662109375, 830.7728271484375, 1049.8743896484375, 891.0781860351562]",1
frame_0063.png,extras,cup,drinking cup,drinking cup.,0.18,0.18,0,0.0,,0
frame_0063.png,extras,cup,coffee cup,coffee cup.,0.18,0.18,0,0.0,,0
frame_0063.png,extras,cup,paper cup,paper cup.,0.18,0.18,0,0.0,,0
frame_0063.png,extras,cup,small cup,small cup.,0.18,0.18,3,0.3647,"[1155.7957763671875, 1653.04248046875, 1704.647216796875, 1854.2451171875]",1
frame_0063.png,extras,door,door,door.,0.2,0.2,9,0.2722,"[1738.930419921875, 660.137451171875, 1790.8260498046875, 1006.6880493164062]",1
frame_0063.png,extras,door,dark door surface,dark door surface.,0.2,0.2,3,0.4308,"[1595.9847412109375, 344.3361511230469, 1845.12890625, 1021.8031005859375]",1
frame_0063.png,extras,door,wooden door,wooden door.,0.2,0.2,6,0.3187,"[1707.610107421875, 654.6607666015625, 1794.9888916015625, 1009.5346069335938]",1
frame_0063.png,extras,door,closed door,closed door.,0.2,0.2,7,0.3087,"[1702.3585205078125, 572.1248168945312, 1794.709228515625, 1012.2283325195312]",1
frame_0063.png,extras,door,interior door,interior door.,0.2,0.2,7,0.326,"[9.150399208068848, 543.0227661132812, 193.26809692382812, 1066.66943359375]",1
frame_0063.png,extras,door,single door,single door.,0.2,0.2,5,0.3209,"[7.225860595703125, 542.34814453125, 194.6755828857422, 1067.9080810546875]",1
frame_0063.png,extras,emergency exit sign,emergency exit sign,emergency exit sign.,0.18,0.18,4,0.3045,"[1427.8812255859375, 887.7086181640625, 1465.3631591796875, 914.0775756835938]",1
frame_0063.png,extras,emergency exit sign,exit sign,exit sign.,0.18,0.18,3,0.2679,"[1442.826904296875, 835.859375, 1470.28759765625, 871.1651000976562]",1
frame_0063.png,extras,emergency exit sign,green emergency exit sign,green emergency exit sign.,0.18,0.18,3,0.3752,"[1423.106201171875, 882.685791015625, 1469.2633056640625, 918.7697143554688]",1
frame_0063.png,extras,emergency exit sign,green exit sign,green exit sign.,0.18,0.18,2,0.4293,"[1422.7191162109375, 882.5869750976562, 1470.136474609375, 919.216552734375]",1
frame_0063.png,extras,emergency exit sign,running man exit sign,running man exit sign.,0.18,0.18,3,0.414,"[1150.458984375, 1647.943359375, 1709.830078125, 1852.51611328125]",1
frame_0063.png,extras,emergency exit sign,fire exit sign,fire exit sign.,0.18,0.18,2,0.2368,"[1442.829833984375, 835.2631225585938, 1471.1444091796875, 872.359619140625]",1
frame_0063.png,extras,emergency exit sign,evacuation sign,evacuation sign.,0.18,0.18,3,0.2223,"[1445.1695556640625, 837.4567260742188, 1468.9072265625, 870.2177734375]",1
frame_0063.png,extras,meeting table set,meeting table set,meeting table set.,0.2,0.2,2,0.5701,"[293.80401611328125, 823.5626831054688, 1109.2408447265625, 1145.821044921875]",1
frame_0063.png,extras,meeting table set,large meeting table,large meeting table.,0.2,0.2,2,0.4319,"[307.6162414550781, 829.0993041992188, 1102.1453857421875, 1141.7677001953125]",1
frame_0063.png,extras,meeting table set,conference table,conference table.,0.2,0.2,5,0.5332,"[336.22113037109375, 843.3357543945312, 860.994140625, 1127.686767578125]",1
frame_0063.png,extras,meeting table set,metallic desk,metallic desk.,0.2,0.2,3,0.4778,"[315.9755859375, 838.1927490234375, 1099.0645751953125, 1131.447021484375]",1
frame_0063.png,extras,meeting table set,long table with chairs,long table with chairs.,0.2,0.2,3,0.438,"[294.121826171875, 822.1362915039062, 1111.69677734375, 1139.1871337890625]",1
frame_0063.png,extras,meeting table set,office meeting table,office meeting table.,0.2,0.2,4,0.4538,"[332.6252136230469, 842.41259765625, 861.1168212890625, 1132.6014404296875]",1
frame_0063.png,extras,meeting table set,boardroom table,boardroom table.,0.2,0.2,5,0.4664,"[334.72625732421875, 843.0972290039062, 861.2565307617188, 1134.4654541015625]",1
frame_0063.png,extras,trash bin,trash bin,trash bin.,0.2,0.2,0,0.0,,0
frame_0063.png,extras,trash bin,indoor trash bin,indoor trash bin.,0.2,0.2,1,0.2215,"[1143.271728515625, 907.3336791992188, 1204.1033935546875, 994.7073364257812]",1
frame_0063.png,extras,trash bin,garbage bin,garbage bin.,0.2,0.2,0,0.0,,0
frame_0063.png,extras,trash bin,waste bin,waste bin.,0.2,0.2,0,0.0,,0
frame_0063.png,extras,trash bin,recycling bin,recycling bin.,0.2,0.2,2,0.2408,"[1722.30712890625, 1004.0653686523438, 1857.0474853515625, 1087.6533203125]",1
frame_0063.png,extras,trash bin,rubbish bin,rubbish bin.,0.2,0.2,3,0.2458,"[1722.0223388671875, 1004.0169067382812, 1857.2962646484375, 1087.7056884765625]",1
frame_0063.png,extras,trash bin,small trash can,small trash can.,0.2,0.2,2,0.4213,"[1139.8548583984375, 902.4888305664062, 1208.353759765625, 997.5266723632812]",1
frame_0063.png,extras,water fountain,water fountain,water fountain.,0.18,0.18,1,0.2565,"[1154.1806640625, 1655.0606689453125, 1707.260498046875, 1855.3780517578125]",1
frame_0063.png,extras,water fountain,metallic water fountain,metallic water fountain.,0.18,0.18,3,0.3907,"[1152.91552734375, 1653.247314453125, 1707.7486572265625, 1854.353271484375]",1
frame_0063.png,extras,water fountain,drinking fountain,drinking fountain.,0.18,0.18,0,0.0,,0
frame_0063.png,extras,water fountain,water dispenser,water dispenser.,0.18,0.18,1,0.2612,"[1016.18212890625, 835.5903930664062, 1046.1041259765625, 890.5973510742188]",1
frame_0063.png,extras,water fountain,wall water fountain,wall water fountain.,0.18,0.18,4,0.3981,"[1152.7725830078125, 1653.8519287109375, 1707.69873046875, 1854.702392578125]",1
frame_0063.png,extras,water fountain,stainless water fountain,stainless water fountain.,0.18,0.18,2,0.4119,"[1150.526611328125, 1650.3155517578125, 1709.37548828125, 1853.9129638671875]",1
frame_0064.png,production,meeting table set,ALL_GROUP,meeting table. conference table. meeting table set.,0.35,0.35,2,0.5448,"[290.7766418457031, 813.17138671875, 1111.2030029296875, 1151.92578125]",1
frame_0064.png,production,chair,ALL_GROUP,chair. armless chair.,0.42,0.42,2,0.4401,"[842.5189208984375, 861.8104858398438, 984.7400512695312, 1062.1710205078125]",1
frame_0064.png,production,bench,ALL_GROUP,bench. benches. metal bench. metallic bench. waiting bench.,0.38,0.38,0,0.0,,0
frame_0064.png,production,bottle+cup+cardboard box,ALL_GROUP,bottle. dark thermos. thermos. dark thermos bottle. cup. cups. white drinking cup. white drinking cups. cardboard box. brown cardboard. brown cardboard box.,0.28,0.28,1,0.3731,"[1738.599609375, 1000.4627075195312, 1880.69921875, 1094.998291015625]",1
frame_0064.png,production,water fountain+door,ALL_GROUP,water fountain. metallic fountain. metallic water fountain. door. doors. dark door. dark door surface. elevator sliding door. elevator sliding doors.,0.38,0.38,0,0.0,,0
frame_0064.png,production,emergency exit sign,ALL_GROUP,emergency exit sign. exit sign.,0.5,0.5,0,0.0,,0
frame_0064.png,production,trash bin,ALL_GROUP,trash bin. trash bins. indoor trash bin.,0.45,0.45,0,0.0,,0
frame_0064.png,extras,bench,bench,bench.,0.2,0.2,4,0.2591,"[2253.906982421875, 1666.0797119140625, 2878.353759765625, 1856.448486328125]",1
frame_0064.png,extras,bench,metal bench,metal bench.,0.2,0.2,2,0.4019,"[2257.4072265625, 1661.0902099609375, 2877.583984375, 1853.3631591796875]",1
frame_0064.png,extras,bench,waiting bench,waiting bench.,0.2,0.2,2,0.4414,"[2256.653564453125, 1663.6151123046875, 2879.10986328125, 1854.334228515625]",1
frame_0064.png,extras,bench,sitting bench,sitting bench.,0.2,0.2,3,0.3812,"[2258.195068359375, 1663.698974609375, 2878.494140625, 1855.18701171875]",1
frame_0064.png,extras,bench,long bench,long bench.,0.2,0.2,3,0.4466,"[2256.5869140625, 1662.7991943359375, 2878.07373046875, 1853.906982421875]",1
frame_0064.png,extras,bottle,bottle,bottle.,0.18,0.18,2,0.6405,"[1025.2489013671875, 836.9207763671875, 1045.2374267578125, 883.3486328125]",1
frame_0064.png,extras,bottle,dark thermos bottle,dark thermos bottle.,0.18,0.18,3,0.3561,"[1020.1720581054688, 831.1004638671875, 1050.4217529296875, 888.2540893554688]",1
frame_0064.png,extras,bottle,thermos bottle,thermos bottle.,0.18,0.18,1,0.4181,"[1022.8658447265625, 834.22021484375, 1047.5936279296875, 886.1298217773438]",1
frame_0064.png,extras,bottle,water bottle,water bottle.,0.18,0.18,1,0.5064,"[1022.80029296875, 834.9077758789062, 1047.3170166015625, 885.8582763671875]",1
frame_0064.png,extras,bottle,drink bottle,drink bottle.,0.18,0.18,1,0.3373,"[1023.7896728515625, 835.2271118164062, 1046.593994140625, 885.4005737304688]",1
frame_0064.png,extras,bottle,small bottle,small bottle.,0.18,0.18,1,0.6052,"[1021.036376953125, 832.8799438476562, 1049.5225830078125, 886.8414306640625]",1
frame_0064.png,extras,cardboard box,cardboard box,cardboard box.,0.2,0.2,1,0.5887,"[1740.16552734375, 1003.4636840820312, 1879.5401611328125, 1093.028564453125]",1
frame_0064.png,extras,cardboard box,brown cardboard box,brown cardboard box.,0.2,0.2,1,0.6422,"[1737.6888427734375, 1000.0137939453125, 1881.5050048828125, 1094.8707275390625]",1
frame_0064.png,extras,cardboard box,shipping box,shipping box.,0.2,0.2,2,0.4717,"[1740.6771240234375, 1005.28515625, 1878.2901611328125, 1092.1016845703125]",1
frame_0064.png,extras,cardboard box,package box,package box.,0.2,0.2,1,0.2927,"[1741.0238037109375, 1004.9589233398438, 1878.9595947265625, 1092.39892578125]",1
frame_0064.png,extras,cardboard box,small box,small box.,0.2,0.2,1,0.7166,"[1739.240478515625, 1001.804931640625, 1881.06982421875, 1094.4302978515625]",1
frame_0064.png,extras,cardboard box,box,box.,0.2,0.2,1,0.5111,"[1741.6588134765625, 1006.6752319335938, 1877.5850830078125, 1090.0245361328125]",1
frame_0064.png,extras,chair,chair,chair.,0.2,0.2,8,0.3191,"[985.6800537109375, 886.9949340820312, 1110.9281005859375, 1054.201416015625]",1
frame_0064.png,extras,chair,armless chair,armless chair.,0.2,0.2,7,0.3638,"[307.6114807128906, 833.5831298828125, 471.0504455566406, 1123.22607421875]",1
frame_0064.png,extras,chair,office chair,office chair.,0.2,0.2,16,0.4632,"[843.657470703125, 862.9366455078125, 981.6603393554688, 1062.105224609375]",1
frame_0064.png,extras,chair,wheeled chair,wheeled chair.,0.2,0.2,13,0.53,"[844.4725341796875, 861.9862060546875, 984.656494140625, 1061.8414306640625]",1
frame_0064.png,extras,chair,swivel chair,swivel chair.,0.2,0.2,7,0.3389,"[841.48193359375, 860.1879272460938, 986.5821533203125, 1063.83447265625]",1
frame_0064.png,extras,chair,rolling chair,rolling chair.,0.2,0.2,12,0.4391,"[309.08966064453125, 834.3660278320312, 469.5768127441406, 1122.8509521484375]",1
frame_0064.png,extras,cup,cup,cup.,0.18,0.18,1,0.3656,"[1025.6805419921875, 838.5042114257812, 1045.006103515625, 882.1979370117188]",1
frame_0064.png,extras,cup,white drinking cup,white drinking cup.,0.18,0.18,4,0.3506,"[1015.811767578125, 828.6882934570312, 1053.5693359375, 889.2958984375]",1
frame_0064.png,extras,cup,drinking cup,drinking cup.,0.18,0.18,0,0.0,,0
frame_0064.png,extras,cup,coffee cup,coffee cup.,0.18,0.18,0,0.0,,0
frame_0064.png,extras,cup,paper cup,paper cup.,0.18,0.18,0,0.0,,0
frame_0064.png,extras,cup,small cup,small cup.,0.18,0.18,2,0.3827,"[1157.7681884765625, 1652.9254150390625, 1704.487060546875, 1853.7913818359375]",1
frame_0064.png,extras,door,door,door.,0.2,0.2,9,0.2735,"[1718.13623046875, 567.805419921875, 1806.9586181640625, 1009.4830932617188]",1
frame_0064.png,extras,door,dark door surface,dark door surface.,0.2,0.2,1,0.5077,"[1604.8311767578125, 329.3785400390625, 1867.4949951171875, 1020.643798828125]",1
frame_0064.png,extras,door,wooden door,wooden door.,0.2,0.2,3,0.433,"[1714.606689453125, 553.6666870117188, 1811.457763671875, 1012.5875244140625]",1
frame_0064.png,extras,door,closed door,closed door.,0.2,0.2,3,0.4366,"[1714.9049072265625, 556.5928344726562, 1810.1876220703125, 1013.0438232421875]",1
frame_0064.png,extras,door,interior door,interior door.,0.2,0.2,7,0.3827,"[1715.7677001953125, 551.5245361328125, 1810.0361328125, 1011.6421508789062]",1
frame_0064.png,extras,door,single door,single door.,0.2,0.2,3,0.3954,"[1714.5592041015625, 553.2091064453125, 1811.5955810546875, 1012.9022216796875]",1
frame_0064.png,extras,emergency exit sign,emergency exit sign,emergency exit sign.,0.18,0.18,5,0.2927,"[1451.23486328125, 834.9052734375, 1478.0191650390625, 868.1067504882812]",1
frame_0064.png,extras,emergency exit sign,exit sign,exit sign.,0.18,0.18,1,0.2145,"[1451.263916015625, 834.4822387695312, 1478.13916015625, 867.8263549804688]",1
frame_0064.png,extras,emergency exit sign,green emergency exit sign,green emergency exit sign.,0.18,0.18,3,0.3727,"[1435.332275390625, 882.0149536132812, 1480.603759765625, 920.0215454101562]",1
frame_0064.png,extras,emergency exit sign,green exit sign,green exit sign.,0.18,0.18,2,0.4156,"[1434.9996337890625, 881.6181030273438, 1480.8673095703125, 920.8360595703125]",1
frame_0064.png,extras,emergency exit sign,running man exit sign,running man exit sign.,0.18,0.18,1,0.4529,"[1152.58447265625, 1647.96533203125, 1709.7579345703125, 1852.3231201171875]",1
frame_0064.png,extras,emergency exit sign,fire exit sign,fire exit sign.,0.18,0.18,1,0.2054,"[1451.11865234375, 833.7556762695312, 1479.4366455078125, 869.3688354492188]",1
frame_0064.png,extras,emergency exit sign,evacuation sign,evacuation sign.,0.18,0.18,2,0.1925,"[1452.916259765625, 836.1461181640625, 1477.3822021484375, 867.89208984375]",1
frame_0064.png,extras,meeting table set,meeting table set,meeting table set.,0.2,0.2,2,0.6084,"[291.69158935546875, 820.47900390625, 1114.580322265625, 1149.64306640625]",1
frame_0064.png,extras,meeting table set,large meeting table,large meeting table.,0.2,0.2,2,0.4972,"[301.3186340332031, 826.5969848632812, 1106.3955078125, 1146.0955810546875]",1
frame_0064.png,extras,meeting table set,conference table,conference table.,0.2,0.2,6,0.4432,"[322.3854675292969, 841.4475708007812, 856.5199584960938, 1139.925048828125]",1
frame_0064.png,extras,meeting table set,metallic desk,metallic desk.,0.2,0.2,4,0.4729,"[322.1501770019531, 840.532470703125, 857.4825439453125, 1140.01025390625]",1
frame_0064.png,extras,meeting table set,long table with chairs,long table with chairs.,0.2,0.2,4,0.4966,"[293.72943115234375, 818.7628784179688, 1116.7872314453125, 1145.283447265625]",1
frame_0064.png,extras,meeting table set,office meeting table,office meeting table.,0.2,0.2,4,0.466,"[302.7744140625, 837.1231689453125, 1103.4468994140625, 1143.278076171875]",1
frame_0064.png,extras,meeting table set,boardroom table,boardroom table.,0.2,0.2,5,0.4255,"[322.2001647949219, 841.6190185546875, 856.6116333007812, 1141.3787841796875]",1
frame_0064.png,extras,trash bin,trash bin,trash bin.,0.2,0.2,0,0.0,,0
frame_0064.png,extras,trash bin,indoor trash bin,indoor trash bin.,0.2,0.2,1,0.2087,"[1740.4232177734375, 1003.468017578125, 1880.933837890625, 1093.1536865234375]",1
frame_0064.png,extras,trash bin,garbage bin,garbage bin.,0.2,0.2,0,0.0,,0
frame_0064.png,extras,trash bin,waste bin,waste bin.,0.2,0.2,0,0.0,,0
frame_0064.png,extras,trash bin,recycling bin,recycling bin.,0.2,0.2,1,0.2266,"[1740.8336181640625, 1005.02587890625, 1878.7154541015625, 1092.554443359375]",1
frame_0064.png,extras,trash bin,rubbish bin,rubbish bin.,0.2,0.2,2,0.2497,"[1740.5255126953125, 1004.880859375, 1879.18701171875, 1092.5767822265625]",1
frame_0064.png,extras,trash bin,small trash can,small trash can.,0.2,0.2,2,0.4637,"[1735.850830078125, 996.6520385742188, 1886.184326171875, 1097.831787109375]",1
frame_0064.png,extras,water fountain,water fountain,water fountain.,0.18,0.18,1,0.2942,"[1155.7947998046875, 1654.8941650390625, 1706.8865966796875, 1855.18896484375]",1
frame_0064.png,extras,water fountain,metallic water fountain,metallic water fountain.,0.18,0.18,2,0.4415,"[1154.37353515625, 1652.7467041015625, 1707.4693603515625, 1854.1405029296875]",1
frame_0064.png,extras,water fountain,drinking fountain,drinking fountain.,0.18,0.18,0,0.0,,0
frame_0064.png,extras,water fountain,water dispenser,water dispenser.,0.18,0.18,1,0.2066,"[1020.6144409179688, 833.8340454101562, 1049.2607421875, 887.1509399414062]",1
frame_0064.png,extras,water fountain,wall water fountain,wall water fountain.,0.18,0.18,3,0.4487,"[1154.1971435546875, 1653.4046630859375, 1707.6710205078125, 1854.538330078125]",1
frame_0064.png,extras,water fountain,stainless water fountain,stainless water fountain.,0.18,0.18,1,0.4565,"[1151.835205078125, 1649.60302734375, 1709.15234375, 1853.7587890625]",1
frame_0065.png,production,meeting table set,ALL_GROUP,meeting table. conference table. meeting table set.,0.35,0.35,1,0.5465,"[292.5375061035156, 809.7362060546875, 1122.028076171875, 1156.722900390625]",1
frame_0065.png,production,chair,ALL_GROUP,chair. armless chair.,0.42,0.42,1,0.423,"[846.565673828125, 860.1567993164062, 995.2220458984375, 1064.416015625]",1
frame_0065.png,production,bench,ALL_GROUP,bench. benches. metal bench. metallic bench. waiting bench.,0.38,0.38,0,0.0,,0
frame_0065.png,production,bottle+cup+cardboard box,ALL_GROUP,bottle. dark thermos. thermos. dark thermos bottle. cup. cups. white drinking cup. white drinking cups. cardboard box. brown cardboard. brown cardboard box.,0.28,0.28,1,0.3566,"[1761.6810302734375, 1002.0042724609375, 1909.1539306640625, 1099.431884765625]",1
frame_0065.png,production,water fountain+door,ALL_GROUP,water fountain. metallic fountain. metallic water fountain. door. doors. dark door. dark door surface. elevator sliding door. elevator sliding doors.,0.38,0.38,0,0.0,,0
frame_0065.png,production,emergency exit sign,ALL_GROUP,emergency exit sign. exit sign.,0.5,0.5,0,0.0,,0
frame_0065.png,production,trash bin,ALL_GROUP,trash bin. trash bins. indoor trash bin.,0.45,0.45,0,0.0,,0
frame_0065.png,extras,bench,bench,bench.,0.2,0.2,1,0.2143,"[2244.248046875, 1664.1612548828125, 2878.26513671875, 1856.4659423828125]",1
frame_0065.png,extras,bench,metal bench,metal bench.,0.2,0.2,3,0.3216,"[2246.01806640625, 1659.510986328125, 2877.712890625, 1853.39306640625]",1
frame_0065.png,extras,bench,waiting bench,waiting bench.,0.2,0.2,2,0.3872,"[2245.6630859375, 1661.7752685546875, 2879.14892578125, 1854.4376220703125]",1
frame_0065.png,extras,bench,sitting bench,sitting bench.,0.2,0.2,3,0.3514,"[2247.659912109375, 1662.0924072265625, 2878.086669921875, 1855.23681640625]",1
frame_0065.png,extras,bench,long bench,long bench.,0.2,0.2,2,0.3964,"[2246.177490234375, 1660.8416748046875, 2878.360595703125, 1853.9793701171875]",1
frame_0065.png,extras,bottle,bottle,bottle.,0.18,0.18,2,0.6916,"[1031.0841064453125, 833.49560546875, 1052.1309814453125, 882.6156005859375]",1
frame_0065.png,extras,bottle,dark thermos bottle,dark thermos bottle.,0.18,0.18,3,0.3973,"[1026.884033203125, 827.2272338867188, 1058.2467041015625, 888.3190307617188]",1
frame_0065.png,extras,bottle,thermos bottle,thermos bottle.,0.18,0.18,1,0.4414,"[1028.7293701171875, 830.7023315429688, 1055.278564453125, 886.4051513671875]",1
frame_0065.png,extras,bottle,water bottle,water bottle.,0.18,0.18,1,0.5472,"[1028.78076171875, 831.4923706054688, 1054.8582763671875, 885.9178466796875]",1
frame_0065.png,extras,bottle,drink bottle,drink bottle.,0.18,0.18,1,0.3709,"[1029.9466552734375, 831.4938354492188, 1054.451171875, 885.760986328125]",1
frame_0065.png,extras,bottle,small bottle,small bottle.,0.18,0.18,1,0.6643,"[1027.329345703125, 829.127197265625, 1056.902587890625, 886.6329956054688]",1
frame_0065.png,extras,cardboard box,cardboard box,cardboard box.,0.2,0.2,1,0.5962,"[1763.6026611328125, 1004.759033203125, 1906.6666259765625, 1097.644775390625]",1
frame_0065.png,extras,cardboard box,brown cardboard box,brown cardboard box.,0.2,0.2,1,0.6633,"[1761.247802734375, 1001.7229614257812, 1908.8919677734375, 1099.4765625]",1
frame_0065.png,extras,cardboard box,shipping box,shipping box.,0.2,0.2,2,0.4745,"[1764.2332763671875, 1006.4297485351562, 1905.2655029296875, 1096.59326171875]",1
frame_0065.png,extras,cardboard box,package box,package box.,0.2,0.2,1,0.2704,"[1764.3946533203125, 1006.0601196289062, 1905.957275390625, 1096.7496337890625]",1
frame_0065.png,extras,cardboard box,small box,small box.,0.2,0.2,1,0.7287,"[1762.7479248046875, 1003.0217895507812, 1907.9779052734375, 1098.661376953125]",1
frame_0065.png,extras,cardboard box,box,box.,0.2,0.2,1,0.5007,"[1764.9315185546875, 1007.9512329101562, 1904.0574951171875, 1094.786865234375]",1
frame_0065.png,extras,chair,chair,chair.,0.2,0.2,6,0.2759,"[964.0099487304688, 882.0341186523438, 1118.256103515625, 1062.5750732421875]",1
frame_0065.png,extras,chair,armless chair,armless chair.,0.2,0.2,8,0.3821,"[303.9272155761719, 831.3507690429688, 467.2591247558594, 1126.619873046875]",1
frame_0065.png,extras,chair,office chair,office chair.,0.2,0.2,17,0.4302,"[846.7318725585938, 861.3192749023438, 993.4201049804688, 1064.0523681640625]",1
frame_0065.png,extras,chair,wheeled chair,wheeled chair.,0.2,0.2,12,0.5243,"[304.7282409667969, 832.34912109375, 464.8092346191406, 1126.165283203125]",1
frame_0065.png,extras,chair,swivel chair,swivel chair.,0.2,0.2,8,0.3602,"[303.19842529296875, 830.9892578125, 467.2228698730469, 1127.3787841796875]",1
frame_0065.png,extras,chair,rolling chair,rolling chair.,0.2,0.2,12,0.4263,"[304.6312255859375, 832.397216796875, 465.9930114746094, 1126.63818359375]",1
frame_0065.png,extras,cup,cup,cup.,0.18,0.18,1,0.2971,"[1032.5675048828125, 834.8659057617188, 1051.8375244140625, 881.4854736328125]",1
frame_0065.png,extras,cup,white drinking cup,white drinking cup.,0.18,0.18,3,0.4169,"[1021.912353515625, 824.8173217773438, 1061.590576171875, 889.3989868164062]",1
frame_0065.png,extras,cup,drinking cup,drinking cup.,0.18,0.18,0,0.0,,0
frame_0065.png,extras,cup,coffee cup,coffee cup.,0.18,0.18,0,0.0,,0
frame_0065.png,extras,cup,paper cup,paper cup.,0.18,0.18,0,0.0,,0
frame_0065.png,extras,cup,small cup,small cup.,0.18,0.18,2,0.3804,"[1156.6343994140625, 1653.1077880859375, 1706.028076171875, 1854.1290283203125]",1
frame_0065.png,extras,door,door,door.,0.2,0.2,9,0.3075,"[1729.1318359375, 579.8931274414062, 1782.7025146484375, 1009.4471435546875]",1
frame_0065.png,extras,door,dark door surface,dark door surface.,0.2,0.2,2,0.4069,"[1621.134521484375, 314.9602355957031, 1892.8985595703125, 1021.424072265625]",1
frame_0065.png,extras,door,wooden door,wooden door.,0.2,0.2,4,0.3784,"[1737.4971923828125, 535.4138793945312, 1833.2420654296875, 1013.9008178710938]",1
frame_0065.png,extras,door,closed door,closed door.,0.2,0.2,4,0.3944,"[1735.032470703125, 542.0369262695312, 1831.9796142578125, 1014.8392944335938]",1
frame_0065.png,extras,door,interior door,interior door.,0.2,0.2,5,0.3597,"[1734.4854736328125, 539.3983154296875, 1831.264404296875, 1013.86376953125]",1
frame_0065.png,extras,door,single door,single door.,0.2,0.2,4,0.3953,"[1733.792724609375, 542.942626953125, 1832.784423828125, 1014.8703002929688]",1
frame_0065.png,extras,emergency exit sign,emergency exit sign,emergency exit sign.,0.18,0.18,5,0.2348,"[1451.2613525390625, 885.911376953125, 1493.5638427734375, 913.4733276367188]",1
frame_0065.png,extras,emergency exit sign,exit sign,exit sign.,0.18,0.18,2,0.1994,"[1903.614990234375, 608.7559204101562, 1945.0086669921875, 681.3336791992188]",1
frame_0065.png,extras,emergency exit sign,green emergency exit sign,green emergency exit sign.,0.18,0.18,2,0.3927,"[1446.186279296875, 880.9179077148438, 1497.929931640625, 918.6760864257812]",1
frame_0065.png,extras,emergency exit sign,green exit sign,green exit sign.,0.18,0.18,2,0.4399,"[1445.9139404296875, 880.68798828125, 1498.16796875, 918.9680786132812]",1
frame_0065.png,extras,emergency exit sign,running man exit sign,running man exit sign.,0.18,0.18,1,0.4591,"[1152.141357421875, 1648.082763671875, 1711.102294921875, 1852.46240234375]",1
frame_0065.png,extras,emergency exit sign,fire exit sign,fire exit sign.,0.18,0.18,0,0.0,,0
frame_0065.png,extras,emergency exit sign,evacuation sign,evacuation sign.,0.18,0.18,1,0.1961,"[329.22625732421875, 123.53792572021484, 560.0525512695312, 270.3916931152344]",1
frame_0065.png,extras,meeting table set,meeting table set,meeting table set.,0.2,0.2,2,0.6199,"[294.3438720703125, 816.1150512695312, 1123.595458984375, 1154.1473388671875]",1
frame_0065.png,extras,meeting table set,large meeting table,large meeting table.,0.2,0.2,2,0.4661,"[303.80908203125, 824.7556762695312, 1116.67236328125, 1150.8968505859375]",1
frame_0065.png,extras,meeting table set,conference table,conference table.,0.2,0.2,4,0.4518,"[331.7251892089844, 838.118896484375, 858.746337890625, 1143.9034423828125]",1
frame_0065.png,extras,meeting table set,metallic desk,metallic desk.,0.2,0.2,5,0.4113,"[325.0397033691406, 837.7427978515625, 859.81982421875, 1143.43408203125]",1
frame_0065.png,extras,meeting table set,long table with chairs,long table with chairs.,0.2,0.2,3,0.4832,"[294.15478515625, 814.21728515625, 1125.559814453125, 1151.248046875]",1
frame_0065.png,extras,meeting table set,office meeting table,office meeting table.,0.2,0.2,5,0.4716,"[303.3616943359375, 832.9723510742188, 1113.021484375, 1147.7857666015625]",1
frame_0065.png,extras,meeting table set,boardroom table,boardroom table.,0.2,0.2,5,0.4309,"[323.22418212890625, 838.4283447265625, 859.1373901367188, 1145.385009765625]",1
frame_0065.png,extras,trash bin,trash bin,trash bin.,0.2,0.2,0,0.0,,0
frame_0065.png,extras,trash bin,indoor trash bin,indoor trash bin.,0.2,0.2,0,0.0,,0
frame_0065.png,extras,trash bin,garbage bin,garbage bin.,0.2,0.2,0,0.0,,0
frame_0065.png,extras,trash bin,waste bin,waste bin.,0.2,0.2,0,0.0,,0
frame_0065.png,extras,trash bin,recycling bin,recycling bin.,0.2,0.2,1,0.2039,"[1763.978759765625, 1006.3777465820312, 1906.8336181640625, 1096.9501953125]",1
frame_0065.png,extras,trash bin,rubbish bin,rubbish bin.,0.2,0.2,1,0.2141,"[1763.7880859375, 1006.3005981445312, 1907.0435791015625, 1096.99365234375]",1
frame_0065.png,extras,trash bin,small trash can,small trash can.,0.2,0.2,3,0.3509,"[1160.2666015625, 902.3665161132812, 1221.3406982421875, 961.9637451171875]",1
frame_0065.png,extras,water fountain,water fountain,water fountain.,0.18,0.18,2,0.2845,"[1154.4437255859375, 1655.147705078125, 1708.5498046875, 1855.2900390625]",1
frame_0065.png,extras,water fountain,metallic water fountain,metallic water fountain.,0.18,0.18,3,0.4146,"[1153.431396484375, 1653.1650390625, 1709.173828125, 1854.28564453125]",1
frame_0065.png,extras,water fountain,drinking fountain,drinking fountain.,0.18,0.18,0,0.0,,0
frame_0065.png,extras,water fountain,water dispenser,water dispenser.,0.18,0.18,1,0.2753,"[1027.14404296875, 830.2224731445312, 1057.630615234375, 887.1111450195312]",1
frame_0065.png,extras,water fountain,wall water fountain,wall water fountain.,0.18,0.18,3,0.4182,"[1153.41796875, 1653.907958984375, 1709.2313232421875, 1854.611572265625]",1
frame_0065.png,extras,water fountain,stainless water fountain,stainless water fountain.,0.18,0.18,2,0.4181,"[1151.2357177734375, 1650.5087890625, 1710.669189453125, 1853.8599853515625]",1
frame_0066.png,production,meeting table set,ALL_GROUP,meeting table. conference table. meeting table set.,0.35,0.35,2,0.5584,"[299.7974548339844, 803.4745483398438, 1142.3824462890625, 1159.89306640625]",1
frame_0066.png,production,chair,ALL_GROUP,chair. armless chair.,0.42,0.42,1,0.4307,"[861.95751953125, 858.7446899414062, 1005.0128784179688, 1065.60302734375]",1
frame_0066.png,production,bench,ALL_GROUP,bench. benches. metal bench. metallic bench. waiting bench.,0.38,0.38,0,0.0,,0
frame_0066.png,production,bottle+cup+cardboard box,ALL_GROUP,bottle. dark thermos. thermos. dark thermos bottle. cup. cups. white drinking cup. white drinking cups. cardboard box. brown cardboard. brown cardboard box.,0.28,0.28,1,0.3382,"[1793.6650390625, 1004.2708740234375, 1944.9835205078125, 1103.93310546875]",1
frame_0066.png,production,water fountain+door,ALL_GROUP,water fountain. metallic fountain. metallic water fountain. door. doors. dark door. dark door surface. elevator sliding door. elevator sliding doors.,0.38,0.38,0,0.0,,0
frame_0066.png,production,emergency exit sign,ALL_GROUP,emergency exit sign. exit sign.,0.5,0.5,0,0.0,,0
frame_0066.png,production,trash bin,ALL_GROUP,trash bin. trash bins. indoor trash bin.,0.45,0.45,0,0.0,,0
frame_0066.png,extras,bench,bench,bench.,0.2,0.2,3,0.2584,"[2248.092041015625, 1665.2020263671875, 2878.47314453125, 1856.5123291015625]",1
frame_0066.png,extras,bench,metal bench,metal bench.,0.2,0.2,4,0.3627,"[2249.29150390625, 1660.51220703125, 2877.373046875, 1853.5526123046875]",1
frame_0066.png,extras,bench,waiting bench,waiting bench.,0.2,0.2,3,0.4313,"[2249.16064453125, 1662.726318359375, 2878.95751953125, 1854.4002685546875]",1
frame_0066.png,extras,bench,sitting bench,sitting bench.,0.2,0.2,3,0.3741,"[2250.5537109375, 1662.8616943359375, 2878.423095703125, 1855.2879638671875]",1
frame_0066.png,extras,bench,long bench,long bench.,0.2,0.2,2,0.4637,"[2249.553955078125, 1661.6932373046875, 2877.99609375, 1854.03515625]",1
frame_0066.png,extras,bottle,bottle,bottle.,0.18,0.18,1,0.6811,"[1045.0499267578125, 832.4310302734375, 1066.7742919921875, 881.4149169921875]",1
frame_0066.png,extras,bottle,dark thermos bottle,dark thermos bottle.,0.18,0.18,2,0.4127,"[1040.927001953125, 826.4285278320312, 1072.9141845703125, 886.9557495117188]",1
frame_0066.png,extras,bottle,thermos bottle,thermos bottle.,0.18,0.18,1,0.4543,"[1043.0948486328125, 829.7112426757812, 1069.7291259765625, 884.7514038085938]",1
frame_0066.png,extras,bottle,water bottle,water bottle.,0.18,0.18,1,0.5312,"[1043.4034423828125, 830.2918701171875, 1069.34765625, 884.0276489257812]",1
frame_0066.png,extras,bottle,drink bottle,drink bottle.,0.18,0.18,1,0.3604,"[1044.2840576171875, 830.64111328125, 1069.03076171875, 883.9663696289062]",1
frame_0066.png,extras,bottle,small bottle,small bottle.,0.18,0.18,1,0.6673,"[1041.9810791015625, 828.277099609375, 1071.549072265625, 885.347900390625]",1
frame_0066.png,extras,cardboard box,cardboard box,cardboard box.,0.2,0.2,1,0.5748,"[1795.300048828125, 1006.697265625, 1942.5257568359375, 1102.0548095703125]",1
frame_0066.png,extras,cardboard box,brown cardboard box,brown cardboard box.,0.2,0.2,1,0.6339,"[1792.9061279296875, 1003.5745239257812, 1944.904296875, 1104.182373046875]",1
frame_0066.png,extras,cardboard box,shipping box,shipping box.,0.2,0.2,2,0.47,"[1795.76220703125, 1008.597900390625, 1941.200927734375, 1101.075439453125]",1
frame_0066.png,extras,cardboard box,package box,package box.,0.2,0.2,1,0.2381,"[1796.1729736328125, 1008.5941772460938, 1941.9368896484375, 1101.1761474609375]",1
frame_0066.png,extras,cardboard box,small box,small box.,0.2,0.2,1,0.7046,"[1794.4765625, 1005.176513671875, 1943.8896484375, 1102.9248046875]",1
frame_0066.png,extras,cardboard box,box,box.,0.2,0.2,1,0.4809,"[1796.520751953125, 1009.9683227539062, 1939.4117431640625, 1099.731201171875]",1
frame_0066.png,extras,chair,chair,chair.,0.2,0.2,6,0.3273,"[1180.6832275390625, 907.9923095703125, 1241.43408203125, 994.7347412109375]",1
frame_0066.png,extras,chair,armless chair,armless chair.,0.2,0.2,7,0.369,"[307.86553955078125, 828.55126953125, 469.6930236816406, 1126.726806640625]",1
frame_0066.png,extras,chair,office chair,office chair.,0.2,0.2,17,0.4316,"[308.8943176269531, 830.958740234375, 469.0844421386719, 1126.74560546875]",1
frame_0066.png,extras,chair,wheeled chair,wheeled chair.,0.2,0.2,13,0.5169,"[308.7019348144531, 829.3817749023438, 469.886962890625, 1126.06689453125]",1
frame_0066.png,extras,chair,swivel chair,swivel chair.,0.2,0.2,7,0.3307,"[307.1972961425781, 828.0870971679688, 469.9144287109375, 1127.2352294921875]",1
frame_0066.png,extras,chair,rolling chair,rolling chair.,0.2,0.2,14,0.4264,"[308.5618896484375, 829.5491943359375, 469.54095458984375, 1126.4569091796875]",1
frame_0066.png,extras,cup,cup,cup.,0.18,0.18,1,0.2897,"[1045.948486328125, 833.4757080078125, 1066.439208984375, 880.3866577148438]",1
frame_0066.png,extras,cup,white drinking cup,white drinking cup.,0.18,0.18,3,0.3821,"[1037.3031005859375, 824.4235229492188, 1075.8582763671875, 887.3115234375]",1
frame_0066.png,extras,cup,drinking cup,drinking cup.,0.18,0.18,0,0.0,,0
frame_0066.png,extras,cup,coffee cup,coffee cup.,0.18,0.18,0,0.0,,0
frame_0066.png,extras,cup,paper cup,paper cup.,0.18,0.18,0,0.0,,0
frame_0066.png,extras,cup,small cup,small cup.,0.18,0.18,2,0.4209,"[1157.4002685546875, 1652.4051513671875, 1706.398681640625, 1854.34912109375]",1
frame_0066.png,extras,door,door,door.,0.2,0.2,12,0.2892,"[1716.1683349609375, 651.0530395507812, 1773.454833984375, 993.9298706054688]",1
frame_0066.png,extras,door,dark door surface,dark door surface.,0.2,0.2,2,0.457,"[1642.930908203125, 297.41070556640625, 1927.9090576171875, 1024.279052734375]",1
frame_0066.png,extras,door,wooden door,wooden door.,0.2,0.2,5,0.2882,"[1757.4813232421875, 684.2006225585938, 1811.999267578125, 1010.4554443359375]",1
frame_0066.png,extras,door,closed door,closed door.,0.2,0.2,6,0.3214,"[1755.541259765625, 558.157470703125, 1856.8026123046875, 1016.160888671875]",1
frame_0066.png,extras,door,interior door,interior door.,0.2,0.2,8,0.2974,"[1753.935302734375, 551.4612426757812, 1856.017578125, 1015.5853881835938]",1
frame_0066.png,extras,door,single door,single door.,0.2,0.2,5,0.3219,"[1753.9232177734375, 556.3219604492188, 1857.7034912109375, 1016.449462890625]",1
frame_0066.png,extras,emergency exit sign,emergency exit sign,emergency exit sign.,0.18,0.18,5,0.2676,"[1484.647705078125, 831.811767578125, 1511.7960205078125, 867.0089721679688]",1
frame_0066.png,extras,emergency exit sign,exit sign,exit sign.,0.18,0.18,3,0.2383,"[1941.2401123046875, 599.6166381835938, 1982.6083984375, 670.5125122070312]",1
frame_0066.png,extras,emergency exit sign,green emergency exit sign,green emergency exit sign.,0.18,0.18,3,0.391,"[1468.9080810546875, 880.2698974609375, 1517.3560791015625, 917.990234375]",1
frame_0066.png,extras,emergency exit sign,green exit sign,green exit sign.,0.18,0.18,2,0.4401,"[1468.9417724609375, 879.9521484375, 1517.5655517578125, 918.1444702148438]",1
frame_0066.png,extras,emergency exit sign,running man exit sign,running man exit sign.,0.18,0.18,2,0.4528,"[1152.7939453125, 1647.6986083984375, 1711.0972900390625, 1852.6461181640625]",1
frame_0066.png,extras,emergency exit sign,fire exit sign,fire exit sign.,0.18,0.18,3,0.1977,"[1483.470703125, 830.206298828125, 1514.1822509765625, 868.7765502929688]",1
frame_0066.png,extras,emergency exit sign,evacuation sign,evacuation sign.,0.18,0.18,3,0.2261,"[1941.970703125, 600.8563842773438, 1981.2896728515625, 670.3206176757812]",1
frame_0066.png,extras,meeting table set,meeting table set,meeting table set.,0.2,0.2,1,0.6191,"[302.8157043457031, 812.2371215820312, 1141.7626953125, 1156.019775390625]",1
frame_0066.png,extras,meeting table set,large meeting table,large meeting table.,0.2,0.2,2,0.5118,"[312.8678283691406, 819.28076171875, 1135.47509765625, 1152.455322265625]",1
frame_0066.png,extras,meeting table set,conference table,conference table.,0.2,0.2,5,0.4323,"[377.1737060546875, 835.429931640625, 868.7227172851562, 1142.526123046875]",1
frame_0066.png,extras,meeting table set,metallic desk,metallic desk.,0.2,0.2,3,0.4024,"[315.3887634277344, 827.2116088867188, 1131.4068603515625, 1146.5909423828125]",1
frame_0066.png,extras,meeting table set,long table with chairs,long table with chairs.,0.2,0.2,3,0.4781,"[301.9742126464844, 808.709228515625, 1144.238037109375, 1151.714599609375]",1
frame_0066.png,extras,meeting table set,office meeting table,office meeting table.,0.2,0.2,5,0.5103,"[313.4658508300781, 827.2904663085938, 1132.827880859375, 1149.4158935546875]",1
frame_0066.png,extras,meeting table set,boardroom table,boardroom table.,0.2,0.2,5,0.4811,"[317.8550720214844, 829.5540771484375, 1128.372314453125, 1149.4730224609375]",1
frame_0066.png,extras,trash bin,trash bin,trash bin.,0.2,0.2,0,0.0,,0
frame_0066.png,extras,trash bin,indoor trash bin,indoor trash bin.,0.2,0.2,2,0.2058,"[1179.7474365234375, 905.6920166015625, 1241.5809326171875, 994.702392578125]",1
frame_0066.png,extras,trash bin,garbage bin,garbage bin.,0.2,0.2,0,0.0,,0
frame_0066.png,extras,trash bin,waste bin,waste bin.,0.2,0.2,0,0.0,,0
frame_0066.png,extras,trash bin,recycling bin,recycling bin.,0.2,0.2,1,0.217,"[1796.0927734375, 1008.7886352539062, 1942.864013671875, 1101.5355224609375]",1
frame_0066.png,extras,trash bin,rubbish bin,rubbish bin.,0.2,0.2,2,0.2236,"[1795.845947265625, 1008.7694091796875, 1942.789794921875, 1101.6473388671875]",1
frame_0066.png,extras,trash bin,small trash can,small trash can.,0.2,0.2,2,0.4126,"[1175.6158447265625, 900.0687255859375, 1247.1168212890625, 997.6492919921875]",1
frame_0066.png,extras,water fountain,water fountain,water fountain.,0.18,0.18,2,0.2808,"[1156.0316162109375, 1654.6495361328125, 1708.3656005859375, 1855.3896484375]",1
frame_0066.png,extras,water fountain,metallic water fountain,metallic water fountain.,0.18,0.18,3,0.3978,"[1154.65283203125, 1652.5311279296875, 1709.154541015625, 1854.341796875]",1
frame_0066.png,extras,water fountain,drinking fountain,drinking fountain.,0.18,0.18,0,0.0,,0
frame_0066.png,extras,water fountain,water dispenser,water dispenser.,0.18,0.18,1,0.2497,"[1041.336181640625, 829.1124877929688, 1071.7767333984375, 885.5997924804688]",1
frame_0066.png,extras,water fountain,wall water fountain,wall water fountain.,0.18,0.18,3,0.405,"[1154.8262939453125, 1653.329833984375, 1709.110107421875, 1854.6962890625]",1
frame_0066.png,extras,water fountain,stainless water fountain,stainless water fountain.,0.18,0.18,3,0.4081,"[1152.412841796875, 1649.7713623046875, 1710.748779296875, 1853.893310546875]",1
frame_0067.png,production,meeting table set,ALL_GROUP,meeting table. conference table. meeting table set.,0.35,0.35,2,0.548,"[311.79498291015625, 801.031982421875, 1159.8582763671875, 1163.9652099609375]",1
frame_0067.png,production,chair,ALL_GROUP,chair. armless chair.,0.42,0.42,1,0.4286,"[878.5882568359375, 857.3436279296875, 1023.7286376953125, 1067.6822509765625]",1
frame_0067.png,production,bench,ALL_GROUP,bench. benches. metal bench. metallic bench. waiting bench.,0.38,0.38,0,0.0,,0
frame_0067.png,production,bottle+cup+cardboard box,ALL_GROUP,bottle. dark thermos. thermos. dark thermos bottle. cup. cups. white drinking cup. white drinking cups. cardboard box. brown cardboard. brown cardboard box.,0.28,0.28,1,0.3571,"[1832.068359375, 1006.2798461914062, 1991.773193359375, 1110.149169921875]",1
frame_0067.png,production,water fountain+door,ALL_GROUP,water fountain. metallic fountain. metallic water fountain. door. doors. dark door. dark door surface. elevator sliding door. elevator sliding doors.,0.38,0.38,0,0.0,,0
frame_0067.png,production,emergency exit sign,ALL_GROUP,emergency exit sign. exit sign.,0.5,0.5,0,0.0,,0
frame_0067.png,production,trash bin,ALL_GROUP,trash bin. trash bins. indoor trash bin.,0.45,0.45,0,0.0,,0
frame_0067.png,extras,bench,bench,bench.,0.2,0.2,4,0.273,"[2247.223388671875, 1665.53955078125, 2878.55078125, 1856.408935546875]",1
frame_0067.png,extras,bench,metal bench,metal bench.,0.2,0.2,2,0.3725,"[2249.162841796875, 1660.9801025390625, 2877.879150390625, 1853.404296875]",1
frame_0067.png,extras,bench,waiting bench,waiting bench.,0.2,0.2,2,0.4378,"[2249.1376953125, 1663.29248046875, 2879.2158203125, 1854.2838134765625]",1
frame_0067.png,extras,bench,sitting bench,sitting bench.,0.2,0.2,3,0.3744,"[2249.99951171875, 1663.3619384765625, 2878.48779296875, 1855.12939453125]",1
frame_0067.png,extras,bench,long bench,long bench.,0.2,0.2,2,0.4782,"[2249.448974609375, 1662.287841796875, 2878.287841796875, 1853.976806640625]",1
frame_0067.png,extras,bottle,bottle,bottle.,0.18,0.18,1,0.6832,"[1064.5267333984375, 830.519287109375, 1086.3497314453125, 879.7918701171875]",1
frame_0067.png,extras,bottle,dark thermos bottle,dark thermos bottle.,0.18,0.18,2,0.4477,"[1060.375, 824.803955078125, 1092.25244140625, 885.4293212890625]",1
frame_0067.png,extras,bottle,thermos bottle,thermos bottle.,0.18,0.18,1,0.4846,"[1062.248291015625, 827.928466796875, 1089.427490234375, 883.6463012695312]",1
frame_0067.png,extras,bottle,water bottle,water bottle.,0.18,0.18,1,0.5757,"[1062.5958251953125, 828.5402221679688, 1089.029296875, 882.8196411132812]",1
frame_0067.png,extras,bottle,drink bottle,drink bottle.,0.18,0.18,1,0.3729,"[1063.3465576171875, 828.9111938476562, 1088.4552001953125, 882.5994873046875]",1
frame_0067.png,extras,bottle,small bottle,small bottle.,0.18,0.18,1,0.6675,"[1061.275146484375, 826.407958984375, 1091.1673583984375, 883.494384765625]",1
frame_0067.png,extras,cardboard box,cardboard box,cardboard box.,0.2,0.2,1,0.6094,"[1833.248779296875, 1008.9746704101562, 1989.18115234375, 1108.27392578125]",1
frame_0067.png,extras,cardboard box,brown cardboard box,brown cardboard box.,0.2,0.2,1,0.6442,"[1830.85302734375, 1005.6653442382812, 1991.8587646484375, 1110.1248779296875]",1
frame_0067.png,extras,cardboard box,shipping box,shipping box.,0.2,0.2,2,0.4855,"[1833.7816162109375, 1010.8837280273438, 1987.55029296875, 1107.5863037109375]",1
frame_0067.png,extras,cardboard box,package box,package box.,0.2,0.2,1,0.3018,"[1834.275634765625, 1010.68408203125, 1988.2562255859375, 1107.595703125]",1
frame_0067.png,extras,cardboard box,small box,small box.,0.2,0.2,1,0.7158,"[1832.6907958984375, 1007.5067749023438, 1990.7315673828125, 1109.235107421875]",1
frame_0067.png,extras,cardboard box,box,box.,0.2,0.2,1,0.5335,"[1834.7122802734375, 1012.0548095703125, 1986.6044921875, 1105.7149658203125]",1
frame_0067.png,extras,chair,chair,chair.,0.2,0.2,6,0.3001,"[319.08050537109375, 829.4515380859375, 480.4598083496094, 1130.7410888671875]",1
frame_0067.png,extras,chair,armless chair,armless chair.,0.2,0.2,9,0.3813,"[316.37640380859375, 825.3268432617188, 482.5376281738281, 1131.2088623046875]",1
frame_0067.png,extras,chair,office chair,office chair.,0.2,0.2,14,0.4564,"[879.392333984375, 858.4407958984375, 1022.3886108398438, 1067.103271484375]",1
frame_0067.png,extras,chair,wheeled chair,wheeled chair.,0.2,0.2,13,0.5141,"[317.3016662597656, 825.8086547851562, 480.27874755859375, 1130.5234375]",1
frame_0067.png,extras,chair,swivel chair,swivel chair.,0.2,0.2,7,0.3495,"[315.9791259765625, 824.6044921875, 481.5956115722656, 1131.463623046875]",1
frame_0067.png,extras,chair,rolling chair,rolling chair.,0.2,0.2,12,0.4369,"[317.3070068359375, 825.6978759765625, 480.9119567871094, 1131.3153076171875]",1
frame_0067.png,extras,cup,cup,cup.,0.18,0.18,1,0.2926,"[1065.673583984375, 831.594482421875, 1086.09521484375, 878.9022216796875]",1
frame_0067.png,extras,cup,white drinking cup,white drinking cup.,0.18,0.18,3,0.3851,"[1056.7078857421875, 822.46435546875, 1095.208740234375, 885.5983276367188]",1
frame_0067.png,extras,cup,drinking cup,drinking cup.,0.18,0.18,0,0.0,,0
frame_0067.png,extras,cup,coffee cup,coffee cup.,0.18,0.18,0,0.0,,0
frame_0067.png,extras,cup,paper cup,paper cup.,0.18,0.18,0,0.0,,0
frame_0067.png,extras,cup,small cup,small cup.,0.18,0.18,2,0.3882,"[1157.5743408203125, 1653.2166748046875, 1704.9652099609375, 1854.199951171875]",1
frame_0067.png,extras,door,door,door.,0.2,0.2,10,0.3068,"[1815.319091796875, 513.2984008789062, 1889.449951171875, 1016.6117553710938]",1
frame_0067.png,extras,door,dark door surface,dark door surface.,0.2,0.2,1,0.4658,"[1670.0528564453125, 275.70465087890625, 1969.078369140625, 1029.556884765625]",1
frame_0067.png,extras,door,wooden door,wooden door.,0.2,0.2,6,0.2869,"[1811.3065185546875, 513.0652465820312, 1893.3726806640625, 1018.4193115234375]",1
frame_0067.png,extras,door,closed door,closed door.,0.2,0.2,6,0.3269,"[46.66518020629883, 541.8369140625, 239.229248046875, 1061.09033203125]",1
frame_0067.png,extras,door,interior door,interior door.,0.2,0.2,8,0.3317,"[1787.088623046875, 514.5841064453125, 1895.0584716796875, 1019.7571411132812]",1
frame_0067.png,extras,door,single door,single door.,0.2,0.2,5,0.3214,"[1785.4134521484375, 515.6138305664062, 1897.9508056640625, 1022.1931762695312]",1
frame_0067.png,extras,emergency exit sign,emergency exit sign,emergency exit sign.,0.18,0.18,5,0.2858,"[1983.2828369140625, 586.9434814453125, 2030.079833984375, 662.00634765625]",1
frame_0067.png,extras,emergency exit sign,exit sign,exit sign.,0.18,0.18,3,0.2683,"[1983.7264404296875, 587.1687622070312, 2030.164306640625, 661.722900390625]",1
frame_0067.png,extras,emergency exit sign,green emergency exit sign,green emergency exit sign.,0.18,0.18,5,0.3379,"[1493.265869140625, 879.8013916015625, 1539.854736328125, 916.3900146484375]",1
frame_0067.png,extras,emergency exit sign,green exit sign,green exit sign.,0.18,0.18,3,0.3923,"[1493.331298828125, 879.8262939453125, 1539.8868408203125, 916.8482666015625]",1
frame_0067.png,extras,emergency exit sign,running man exit sign,running man exit sign.,0.18,0.18,2,0.4247,"[1153.2847900390625, 1648.7188720703125, 1709.4625244140625, 1852.8858642578125]",1
frame_0067.png,extras,emergency exit sign,fire exit sign,fire exit sign.,0.18,0.18,4,0.225,"[1982.7562255859375, 585.5690307617188, 2031.1368408203125, 663.5535278320312]",1
frame_0067.png,extras,emergency exit sign,evacuation sign,evacuation sign.,0.18,0.18,3,0.2583,"[1984.735595703125, 588.372802734375, 2028.342041015625, 661.3690185546875]",1
frame_0067.png,extras,meeting table set,meeting table set,meeting table set.,0.2,0.2,2,0.6003,"[312.9252624511719, 809.803955078125, 1161.45947265625, 1160.623046875]",1
frame_0067.png,extras,meeting table set,large meeting table,large meeting table.,0.2,0.2,2,0.4197,"[319.7065124511719, 814.201904296875, 1155.0389404296875, 1158.536376953125]",1
frame_0067.png,extras,meeting table set,conference table,conference table.,0.2,0.2,7,0.4994,"[348.8371887207031, 832.920166015625, 881.3152465820312, 1150.26220703125]",1
frame_0067.png,extras,meeting table set,metallic desk,metallic desk.,0.2,0.2,5,0.4494,"[341.9306335449219, 831.226806640625, 882.8646850585938, 1150.2364501953125]",1
frame_0067.png,extras,meeting table set,long table with chairs,long table with chairs.,0.2,0.2,3,0.4223,"[313.2208557128906, 806.3760986328125, 1163.90478515625, 1157.7369384765625]",1
frame_0067.png,extras,meeting table set,office meeting table,office meeting table.,0.2,0.2,4,0.4315,"[323.147705078125, 824.0128784179688, 1151.3514404296875, 1155.197021484375]",1
frame_0067.png,extras,meeting table set,boardroom table,boardroom table.,0.2,0.2,5,0.439,"[342.67462158203125, 832.0517578125, 881.0137329101562, 1151.7957763671875]",1
frame_0067.png,extras,trash bin,trash bin,trash bin.,0.2,0.2,0,0.0,,0
frame_0067.png,extras,trash bin,indoor trash bin,indoor trash bin.,0.2,0.2,1,0.2038,"[1833.5872802734375, 1009.0951538085938, 1992.4791259765625, 1108.448974609375]",1
frame_0067.png,extras,trash bin,garbage bin,garbage bin.,0.2,0.2,0,0.0,,0
frame_0067.png,extras,trash bin,waste bin,waste bin.,0.2,0.2,0,0.0,,0
frame_0067.png,extras,trash bin,recycling bin,recycling bin.,0.2,0.2,1,0.2502,"[1833.82958984375, 1010.8163452148438, 1988.9154052734375, 1107.7679443359375]",1
frame_0067.png,extras,trash bin,rubbish bin,rubbish bin.,0.2,0.2,2,0.2485,"[1833.8184814453125, 1010.7042236328125, 1989.189208984375, 1107.7137451171875]",1
frame_0067.png,extras,trash bin,small trash can,small trash can.,0.2,0.2,2,0.4783,"[1829.19921875, 1002.19970703125, 1997.7332763671875, 1112.9239501953125]",1
frame_0067.png,extras,water fountain,water fountain,water fountain.,0.18,0.18,2,0.287,"[1155.853515625, 1655.39306640625, 1707.151611328125, 1855.5177001953125]",1
frame_0067.png,extras,water fountain,metallic water fountain,metallic water fountain.,0.18,0.18,3,0.4114,"[1154.4200439453125, 1653.4111328125, 1707.791015625, 1854.44580078125]",1
frame_0067.png,extras,water fountain,drinking fountain,drinking fountain.,0.18,0.18,0,0.0,,0
frame_0067.png,extras,water fountain,water dispenser,water dispenser.,0.18,0.18,1,0.292,"[1060.4383544921875, 827.0062866210938, 1091.2437744140625, 884.3673095703125]",1
frame_0067.png,extras,water fountain,wall water fountain,wall water fountain.,0.18,0.18,3,0.4084,"[1154.516845703125, 1654.0498046875, 1707.99072265625, 1854.7637939453125]",1
frame_0067.png,extras,water fountain,stainless water fountain,stainless water fountain.,0.18,0.18,2,0.4195,"[1152.0330810546875, 1650.496337890625, 1709.369873046875, 1853.9775390625]",1
frame_0068.png,production,meeting table set,ALL_GROUP,meeting table. conference table. meeting table set.,0.35,0.35,2,0.5464,"[325.6017761230469, 796.0751953125, 1183.0911865234375, 1168.1025390625]",1
frame_0068.png,production,chair,ALL_GROUP,chair. armless chair.,0.42,0.42,1,0.4258,"[896.7062377929688, 856.349853515625, 1044.9195556640625, 1068.0576171875]",1
frame_0068.png,production,bench,ALL_GROUP,bench. benches. metal bench. metallic bench. waiting bench.,0.38,0.38,0,0.0,,0
frame_0068.png,production,bottle+cup+cardboard box,ALL_GROUP,bottle. dark thermos. thermos. dark thermos bottle. cup. cups. white drinking cup. white drinking cups. cardboard box. brown cardboard. brown cardboard box.,0.28,0.28,1,0.3674,"[1874.3250732421875, 1009.29296875, 2037.0882568359375, 1117.6749267578125]",1
frame_0068.png,production,water fountain+door,ALL_GROUP,water fountain. metallic fountain. metallic water fountain. door. doors. dark door. dark door surface. elevator sliding door. elevator sliding doors.,0.38,0.38,0,0.0,,0
frame_0068.png,production,emergency exit sign,ALL_GROUP,emergency exit sign. exit sign.,0.5,0.5,0,0.0,,0
frame_0068.png,production,trash bin,ALL_GROUP,trash bin. trash bins. indoor trash bin.,0.45,0.45,0,0.0,,0
frame_0068.png,extras,bench,bench,bench.,0.2,0.2,2,0.2645,"[2251.372802734375, 1663.6358642578125, 2878.433837890625, 1856.4869384765625]",1
frame_0068.png,extras,bench,metal bench,metal bench.,0.2,0.2,6,0.3031,"[328.032958984375, 809.2510375976562, 1185.563720703125, 1163.0477294921875]",1
frame_0068.png,extras,bench,waiting bench,waiting bench.,0.2,0.2,2,0.4446,"[2252.412109375, 1661.7073974609375, 2879.297119140625, 1854.2850341796875]",1
frame_0068.png,extras,bench,sitting bench,sitting bench.,0.2,0.2,2,0.4014,"[2253.424560546875, 1661.8028564453125, 2878.558837890625, 1855.2520751953125]",1
frame_0068.png,extras,bench,long bench,long bench.,0.2,0.2,2,0.4886,"[2253.247314453125, 1660.755126953125, 2878.14892578125, 1853.9801025390625]",1
frame_0068.png,extras,bottle,bottle,bottle.,0.18,0.18,2,0.6448,"[1087.34619140625, 828.782958984375, 1109.3792724609375, 878.9588623046875]",1
frame_0068.png,extras,bottle,dark thermos bottle,dark thermos bottle.,0.18,0.18,3,0.3492,"[1083.5401611328125, 822.5432739257812, 1115.77783203125, 883.8434448242188]",1
frame_0068.png,extras,bottle,thermos bottle,thermos bottle.,0.18,0.18,1,0.3991,"[1084.927734375, 825.5797119140625, 1113.0478515625, 882.4957275390625]",1
frame_0068.png,extras,bottle,water bottle,water bottle.,0.18,0.18,1,0.5072,"[1085.0245361328125, 826.38818359375, 1112.5318603515625, 881.9157104492188]",1
frame_0068.png,extras,bottle,drink bottle,drink bottle.,0.18,0.18,1,0.3426,"[1086.42431640625, 827.02734375, 1111.96484375, 881.6211547851562]",1
frame_0068.png,extras,bottle,small bottle,small bottle.,0.18,0.18,1,0.6425,"[1083.9456787109375, 823.817626953125, 1114.6630859375, 882.940185546875]",1
frame_0068.png,extras,cardboard box,cardboard box,cardboard box.,0.2,0.2,1,0.6256,"[1875.872314453125, 1011.8966064453125, 2034.936767578125, 1115.4442138671875]",1
frame_0068.png,extras,cardboard box,brown cardboard box,brown cardboard box.,0.2,0.2,1,0.6486,"[1873.19140625, 1008.268310546875, 2037.450439453125, 1117.5626220703125]",1
frame_0068.png,extras,cardboard box,shipping box,shipping box.,0.2,0.2,2,0.5037,"[1876.8402099609375, 1013.9308471679688, 2033.608642578125, 1114.581298828125]",1
frame_0068.png,extras,cardboard box,package box,package box.,0.2,0.2,1,0.3367,"[1876.5819091796875, 1013.412109375, 2034.4677734375, 1114.904052734375]",1
frame_0068.png,extras,cardboard box,small box,small box.,0.2,0.2,1,0.7202,"[1874.797607421875, 1010.2424926757812, 2036.1727294921875, 1116.6650390625]",1
frame_0068.png,extras,cardboard box,box,box.,0.2,0.2,1,0.5497,"[1877.1826171875, 1014.8052368164062, 2031.9356689453125, 1112.5830078125]",1
frame_0068.png,extras,chair,chair,chair.,0.2,0.2,8,0.2839,"[332.06982421875, 826.654296875, 496.64276123046875, 1127.447998046875]",1
frame_0068.png,extras,chair,armless chair,armless chair.,0.2,0.2,7,0.3813,"[328.9418640136719, 822.6264038085938, 498.0103759765625, 1129.46630859375]",1
frame_0068.png,extras,chair,office chair,office chair.,0.2,0.2,16,0.4301,"[331.28106689453125, 824.8385620117188, 497.12225341796875, 1128.242919921875]",1
frame_0068.png,extras,chair,wheeled chair,wheeled chair.,0.2,0.2,11,0.4971,"[898.6890869140625, 856.51171875, 1043.719482421875, 1066.93017578125]",1
frame_0068.png,extras,chair,swivel chair,swivel chair.,0.2,0.2,7,0.3355,"[895.7586059570312, 855.2317504882812, 1045.4007568359375, 1068.730712890625]",1
frame_0068.png,extras,chair,rolling chair,rolling chair.,0.2,0.2,11,0.4215,"[330.19915771484375, 823.0077514648438, 497.37554931640625, 1128.7872314453125]",1
frame_0068.png,extras,cup,cup,cup.,0.18,0.18,1,0.2692,"[1088.3875732421875, 829.5203247070312, 1108.7393798828125, 878.2969970703125]",1
frame_0068.png,extras,cup,white drinking cup,white drinking cup.,0.18,0.18,3,0.4149,"[1079.2099609375, 819.97705078125, 1118.66650390625, 885.6098022460938]",1
frame_0068.png,extras,cup,drinking cup,drinking cup.,0.18,0.18,0,0.0,,0
frame_0068.png,extras,cup,coffee cup,coffee cup.,0.18,0.18,0,0.0,,0
frame_0068.png,extras,cup,paper cup,paper cup.,0.18,0.18,0,0.0,,0
frame_0068.png,extras,cup,small cup,small cup.,0.18,0.18,2,0.4389,"[1156.1402587890625, 1652.9698486328125, 1707.5609130859375, 1854.466064453125]",1
frame_0068.png,extras,door,door,door.,0.2,0.2,12,0.2962,"[73.36537170410156, 542.685791015625, 264.3849792480469, 1056.1112060546875]",1
frame_0068.png,extras,door,dark door surface,dark door surface.,0.2,0.2,2,0.4587,"[1697.88671875, 259.0799560546875, 2017.1033935546875, 1034.4808349609375]",1
frame_0068.png,extras,door,wooden door,wooden door.,0.2,0.2,8,0.3313,"[71.28881072998047, 541.17041015625, 266.1624755859375, 1057.7894287109375]",1
frame_0068.png,extras,door,closed door,closed door.,0.2,0.2,9,0.3573,"[71.21898651123047, 541.428955078125, 265.89776611328125, 1058.1905517578125]",1
frame_0068.png,extras,door,interior door,interior door.,0.2,0.2,10,0.3553,"[72.09844207763672, 540.920654296875, 264.69610595703125, 1057.536865234375]",1
frame_0068.png,extras,door,single door,single door.,0.2,0.2,5,0.3676,"[70.98990631103516, 540.1903686523438, 266.53741455078125, 1059.2138671875]",1
frame_0068.png,extras,emergency exit sign,emergency exit sign,emergency exit sign.,0.18,0.18,7,0.3062,"[2031.353759765625, 573.4639892578125, 2080.571044921875, 651.879638671875]",1
frame_0068.png,extras,emergency exit sign,exit sign,exit sign.,0.18,0.18,3,0.2694,"[2032.0303955078125, 573.68359375, 2080.595703125, 651.5146484375]",1
frame_0068.png,extras,emergency exit sign,green emergency exit sign,green emergency exit sign.,0.18,0.18,4,0.3719,"[1517.203125, 879.3466186523438, 1567.6451416015625, 916.4623413085938]",1
frame_0068.png,extras,emergency exit sign,green exit sign,green exit sign.,0.18,0.18,3,0.4321,"[1517.125732421875, 879.4489135742188, 1567.67041015625, 916.7462768554688]",1
frame_0068.png,extras,emergency exit sign,running man exit sign,running man exit sign.,0.18,0.18,5,0.3939,"[1152.2586669921875, 1648.564453125, 1711.8756103515625, 1853.0091552734375]",1
frame_0068.png,extras,emergency exit sign,fire exit sign,fire exit sign.,0.18,0.18,4,0.2168,"[2030.9697265625, 572.4744262695312, 2081.649169921875, 652.7951049804688]",1
frame_0068.png,extras,emergency exit sign,evacuation sign,evacuation sign.,0.18,0.18,4,0.2658,"[2032.764892578125, 574.7684326171875, 2079.257080078125, 650.9795532226562]",1
frame_0068.png,extras,meeting table set,meeting table set,meeting table set.,0.2,0.2,2,0.5961,"[327.85467529296875, 805.8286743164062, 1185.0850830078125, 1164.8157958984375]",1
frame_0068.png,extras,meeting table set,large meeting table,large meeting table.,0.2,0.2,2,0.4318,"[340.19970703125, 811.445556640625, 1174.571044921875, 1162.7552490234375]",1
frame_0068.png,extras,meeting table set,conference table,conference table.,0.2,0.2,6,0.4983,"[420.7363586425781, 829.6547241210938, 899.169189453125, 1154.79638671875]",1
frame_0068.png,extras,meeting table set,metallic desk,metallic desk.,0.2,0.2,3,0.4812,"[346.9608154296875, 822.139404296875, 1173.2628173828125, 1157.879638671875]",1
frame_0068.png,extras,meeting table set,long table with chairs,long table with chairs.,0.2,0.2,3,0.3934,"[425.9005432128906, 824.0322265625, 905.8582153320312, 1151.14013671875]",1
frame_0068.png,extras,meeting table set,office meeting table,office meeting table.,0.2,0.2,3,0.4434,"[341.0276794433594, 821.8162841796875, 1172.993408203125, 1159.178955078125]",1
frame_0068.png,extras,meeting table set,boardroom table,boardroom table.,0.2,0.2,4,0.4509,"[351.4422912597656, 826.290771484375, 1166.723876953125, 1157.88916015625]",1
frame_0068.png,extras,trash bin,trash bin,trash bin.,0.2,0.2,0,0.0,,0
frame_0068.png,extras,trash bin,indoor trash bin,indoor trash bin.,0.2,0.2,1,0.2078,"[1876.026611328125, 1011.703369140625, 2036.6470947265625, 1115.786865234375]",1
frame_0068.png,extras,trash bin,garbage bin,garbage bin.,0.2,0.2,0,0.0,,0
frame_0068.png,extras,trash bin,waste bin,waste bin.,0.2,0.2,0,0.0,,0
frame_0068.png,extras,trash bin,recycling bin,recycling bin.,0.2,0.2,1,0.263,"[1876.17578125, 1013.5230102539062, 2035.3638916015625, 1115.155517578125]",1
frame_0068.png,extras,trash bin,rubbish bin,rubbish bin.,0.2,0.2,2,0.2686,"[1875.96826171875, 1013.2289428710938, 2035.44921875, 1115.29736328125]",1
frame_0068.png,extras,trash bin,small trash can,small trash can.,0.2,0.2,3,0.5015,"[1870.710205078125, 1004.3383178710938, 2041.911865234375, 1120.222412109375]",1
frame_0068.png,extras,water fountain,water fountain,water fountain.,0.18,0.18,2,0.2944,"[1155.0482177734375, 1655.384033203125, 1709.338134765625, 1855.538330078125]",1
frame_0068.png,extras,water fountain,metallic water fountain,metallic water fountain.,0.18,0.18,2,0.4146,"[1153.612060546875, 1653.2376708984375, 1709.9615478515625, 1854.5184326171875]",1
frame_0068.png,extras,water fountain,drinking fountain,drinking fountain.,0.18,0.18,0,0.0,,0
frame_0068.png,extras,water fountain,water dispenser,water dispenser.,0.18,0.18,1,0.2609,"[1083.162353515625, 825.2631225585938, 1115.167724609375, 883.1044311523438]",1
frame_0068.png,extras,water fountain,wall water fountain,wall water fountain.,0.18,0.18,3,0.4119,"[1153.8565673828125, 1654.052490234375, 1710.03076171875, 1854.82568359375]",1
frame_0068.png,extras,water fountain,stainless water fountain,stainless water fountain.,0.18,0.18,2,0.4204,"[1151.6353759765625, 1650.136474609375, 1711.2584228515625, 1854.08544921875]",1
frame_0069.png,production,meeting table set,ALL_GROUP,meeting table. conference table. meeting table set.,0.35,0.35,2,0.5108,"[345.4356384277344, 793.4398803710938, 1214.9088134765625, 1171.9630126953125]",1
frame_0069.png,production,chair,ALL_GROUP,chair. armless chair.,0.42,0.42,1,0.4258,"[925.8271484375, 854.7443237304688, 1072.6641845703125, 1070.3724365234375]",1
frame_0069.png,production,bench,ALL_GROUP,bench. benches. metal bench. metallic bench. waiting bench.,0.38,0.38,0,0.0,,0
frame_0069.png,production,bottle+cup+cardboard box,ALL_GROUP,bottle. dark thermos. thermos. dark thermos bottle. cup. cups. white drinking cup. white drinking cups. cardboard box. brown cardboard. brown cardboard box.,0.28,0.28,1,0.3427,"[1924.4315185546875, 1014.2186279296875, 2095.96240234375, 1125.0513916015625]",1
frame_0069.png,production,water fountain+door,ALL_GROUP,water fountain. metallic fountain. metallic water fountain. door. doors. dark door. dark door surface. elevator sliding door. elevator sliding doors.,0.38,0.38,0,0.0,,0
frame_0069.png,production,emergency exit sign,ALL_GROUP,emergency exit sign. exit sign.,0.5,0.5,0,0.0,,0
frame_0069.png,production,trash bin,ALL_GROUP,trash bin. trash bins. indoor trash bin.,0.45,0.45,0,0.0,,0
frame_0069.png,extras,bench,bench,bench.,0.2,0.2,2,0.2275,"[2242.571533203125, 1662.6422119140625, 2878.5625, 1856.4403076171875]",1
frame_0069.png,extras,bench,metal bench,metal bench.,0.2,0.2,4,0.2403,"[3.2683682441711426, 1749.80712890625, 426.6549072265625, 1854.67529296875]",1
frame_0069.png,extras,bench,waiting bench,waiting bench.,0.2,0.2,5,0.3667,"[2243.197509765625, 1660.3922119140625, 2879.447509765625, 1854.3653564453125]",1
frame_0069.png,extras,bench,sitting bench,sitting bench.,0.2,0.2,3,0.3092,"[1257.3372802734375, 904.6824340820312, 1321.645751953125, 994.93896484375]",1
frame_0069.png,extras,bench,long bench,long bench.,0.2,0.2,4,0.4064,"[2244.4013671875, 1659.457275390625, 2878.332763671875, 1853.9052734375]",1
frame_0069.png,extras,bottle,bottle,bottle.,0.18,0.18,2,0.6733,"[1117.107666015625, 827.880615234375, 1138.2071533203125, 879.411376953125]",1
frame_0069.png,extras,bottle,dark thermos bottle,dark thermos bottle.,0.18,0.18,3,0.4199,"[1112.56396484375, 822.3380126953125, 1143.785400390625, 883.0918579101562]",1
frame_0069.png,extras,bottle,thermos bottle,thermos bottle.,0.18,0.18,1,0.4765,"[1114.5655517578125, 825.25830078125, 1141.239501953125, 881.7784423828125]",1
frame_0069.png,extras,bottle,water bottle,water bottle.,0.18,0.18,1,0.5529,"[1114.6383056640625, 825.5767211914062, 1140.72509765625, 881.6509399414062]",1
frame_0069.png,extras,bottle,drink bottle,drink bottle.,0.18,0.18,1,0.3832,"[1116.1571044921875, 826.63134765625, 1139.9876708984375, 880.9830932617188]",1
frame_0069.png,extras,bottle,small bottle,small bottle.,0.18,0.18,1,0.7204,"[1112.678955078125, 823.2677001953125, 1142.710205078125, 882.3111572265625]",1
frame_0069.png,extras,cardboard box,cardboard box,cardboard box.,0.2,0.2,1,0.614,"[1925.904296875, 1016.9927368164062, 2093.46435546875, 1122.861328125]",1
frame_0069.png,extras,cardboard box,brown cardboard box,brown cardboard box.,0.2,0.2,1,0.6683,"[1923.2276611328125, 1013.5185546875, 2096.126708984375, 1125.1873779296875]",1
frame_0069.png,extras,cardboard box,shipping box,shipping box.,0.2,0.2,2,0.485,"[1926.757568359375, 1018.6965942382812, 2092.36572265625, 1122.1341552734375]",1
frame_0069.png,extras,cardboard box,package box,package box.,0.2,0.2,1,0.3354,"[1926.845703125, 1018.4217529296875, 2093.003662109375, 1122.2078857421875]",1
frame_0069.png,extras,cardboard box,small box,small box.,0.2,0.2,1,0.7249,"[1925.4571533203125, 1015.2037963867188, 2095.118408203125, 1124.0970458984375]",1
frame_0069.png,extras,cardboard box,box,box.,0.2,0.2,1,0.5346,"[1927.653564453125, 1019.8477172851562, 2091.006591796875, 1120.8070068359375]",1
frame_0069.png,extras,chair,chair,chair.,0.2,0.2,7,0.3,"[354.36224365234375, 824.9838256835938, 519.6846313476562, 1128.881103515625]",1
frame_0069.png,extras,chair,armless chair,armless chair.,0.2,0.2,9,0.3828,"[351.496826171875, 820.9611206054688, 521.98974609375, 1131.6207275390625]",1
frame_0069.png,extras,chair,office chair,office chair.,0.2,0.2,15,0.4202,"[353.74578857421875, 822.8661499023438, 520.8092651367188, 1130.793212890625]",1
frame_0069.png,extras,chair,wheeled chair,wheeled chair.,0.2,0.2,12,0.4988,"[352.8270568847656, 821.1654663085938, 521.129150390625, 1130.4755859375]",1
frame_0069.png,extras,chair,swivel chair,swivel chair.,0.2,0.2,7,0.3198,"[351.252685546875, 820.4004516601562, 521.0726318359375, 1131.8797607421875]",1
frame_0069.png,extras,chair,rolling chair,rolling chair.,0.2,0.2,12,0.4169,"[352.83721923828125, 821.4159545898438, 521.30224609375, 1130.8795166015625]",1
frame_0069.png,extras,cup,cup,cup.,0.18,0.18,1,0.3254,"[1117.1571044921875, 828.5621337890625, 1138.3743896484375, 878.6731567382812]",1
frame_0069.png,extras,cup,white drinking cup,white drinking cup.,0.18,0.18,3,0.4349,"[1107.12646484375, 818.0310668945312, 1147.7822265625, 885.5059204101562]",1
frame_0069.png,extras,cup,drinking cup,drinking cup.,0.18,0.18,0,0.0,,0
frame_0069.png,extras,cup,coffee cup,coffee cup.,0.18,0.18,0,0.0,,0
frame_0069.png,extras,cup,paper cup,paper cup.,0.18,0.18,0,0.0,,0
frame_0069.png,extras,cup,small cup,small cup.,0.18,0.18,3,0.3712,"[1157.388916015625, 1653.0872802734375, 1705.576416015625, 1854.64404296875]",1
frame_0069.png,extras,door,door,door.,0.2,0.2,11,0.3446,"[108.36124420166016, 549.58984375, 297.8533020019531, 1052.4033203125]",1
frame_0069.png,extras,door,dark door surface,dark door surface.,0.2,0.2,3,0.4326,"[1733.85400390625, 237.51922607421875, 2071.692138671875, 1036.7568359375]",1
frame_0069.png,extras,door,wooden door,wooden door.,0.2,0.2,4,0.4671,"[105.81246185302734, 547.6292114257812, 299.2687072753906, 1053.951904296875]",1
frame_0069.png,extras,door,closed door,closed door.,0.2,0.2,4,0.47,"[106.02379608154297, 547.34765625, 299.6771545410156, 1054.3135986328125]",1
frame_0069.png,extras,door,interior door,interior door.,0.2,0.2,7,0.4227,"[106.80107116699219, 547.2981567382812, 298.8035888671875, 1053.405517578125]",1
frame_0069.png,extras,door,single door,single door.,0.2,0.2,3,0.4729,"[105.6161880493164, 546.2387084960938, 300.0607604980469, 1055.21337890625]",1
frame_0069.png,extras,emergency exit sign,emergency exit sign,emergency exit sign.,0.18,0.18,6,0.2826,"[1555.2388916015625, 884.7735595703125, 1597.030517578125, 911.4745483398438]",1
frame_0069.png,extras,emergency exit sign,exit sign,exit sign.,0.18,0.18,1,0.2455,"[2089.4013671875, 560.0039672851562, 2141.98095703125, 640.6461181640625]",1
frame_0069.png,extras,emergency exit sign,green emergency exit sign,green emergency exit sign.,0.18,0.18,4,0.355,"[1550.6373291015625, 879.4497680664062, 1600.5289306640625, 915.9488525390625]",1
frame_0069.png,extras,emergency exit sign,green exit sign,green exit sign.,0.18,0.18,4,0.4313,"[1550.4951171875, 879.77294921875, 1600.5416259765625, 916.3184814453125]",1
frame_0069.png,extras,emergency exit sign,running man exit sign,running man exit sign.,0.18,0.18,1,0.4564,"[1152.257568359375, 1648.0435791015625, 1709.8779296875, 1853.6058349609375]",1
frame_0069.png,extras,emergency exit sign,fire exit sign,fire exit sign.,0.18,0.18,2,0.2123,"[2088.212158203125, 558.3589477539062, 2143.373779296875, 642.6528930664062]",1
frame_0069.png,extras,emergency exit sign,evacuation sign,evacuation sign.,0.18,0.18,4,0.2465,"[2090.2529296875, 561.1665649414062, 2140.97607421875, 640.2039794921875]",1
frame_0069.png,extras,meeting table set,meeting table set,meeting table set.,0.2,0.2,3,0.5906,"[347.3199768066406, 801.879150390625, 1215.2972412109375, 1168.8583984375]",1
frame_0069.png,extras,meeting table set,large meeting table,large meeting table.,0.2,0.2,2,0.4675,"[440.1185607910156, 817.7883911132812, 925.7208251953125, 1161.8890380859375]",1
frame_0069.png,extras,meeting table set,conference table,conference table.,0.2,0.2,4,0.5383,"[450.0470275878906, 824.6689453125, 923.2405395507812, 1154.94384765625]",1
frame_0069.png,extras,meeting table set,metallic desk,metallic desk.,0.2,0.2,4,0.555,"[448.3277893066406, 823.8341064453125, 924.4119873046875, 1156.4957275390625]",1
frame_0069.png,extras,meeting table set,long table with chairs,long table with chairs.,0.2,0.2,3,0.39,"[345.82037353515625, 796.742919921875, 1221.0316162109375, 1165.899169921875]",1
frame_0069.png,extras,meeting table set,office meeting table,office meeting table.,0.2,0.2,4,0.4859,"[446.0201110839844, 824.3147583007812, 923.2374267578125, 1157.0665283203125]",1
frame_0069.png,extras,meeting table set,boardroom table,boardroom table.,0.2,0.2,5,0.4821,"[448.9128723144531, 825.2579956054688, 922.7736206054688, 1155.5355224609375]",1
frame_0069.png,extras,trash bin,trash bin,trash bin.,0.2,0.2,0,0.0,,0
frame_0069.png,extras,trash bin,indoor trash bin,indoor trash bin.,0.2,0.2,1,0.232,"[1926.127197265625, 1016.65966796875, 2095.57373046875, 1123.076171875]",1
frame_0069.png,extras,trash bin,garbage bin,garbage bin.,0.2,0.2,0,0.0,,0
frame_0069.png,extras,trash bin,waste bin,waste bin.,0.2,0.2,0,0.0,,0
frame_0069.png,extras,trash bin,recycling bin,recycling bin.,0.2,0.2,1,0.2612,"[1926.3643798828125, 1018.5052490234375, 2093.90380859375, 1122.4833984375]",1
frame_0069.png,extras,trash bin,rubbish bin,rubbish bin.,0.2,0.2,2,0.2735,"[1926.1336669921875, 1018.2681884765625, 2093.78515625, 1122.5164794921875]",1
frame_0069.png,extras,trash bin,small trash can,small trash can.,0.2,0.2,3,0.5337,"[1921.6705322265625, 1009.0479125976562, 2101.706787109375, 1127.6619873046875]",1
frame_0069.png,extras,water fountain,water fountain,water fountain.,0.18,0.18,2,0.2721,"[1155.9503173828125, 1654.815673828125, 1707.9586181640625, 1855.8123779296875]",1
frame_0069.png,extras,water fountain,metallic water fountain,metallic water fountain.,0.18,0.18,3,0.3882,"[1154.63427734375, 1652.84033203125, 1708.3568115234375, 1854.8995361328125]",1
frame_0069.png,extras,water fountain,drinking fountain,drinking fountain.,0.18,0.18,0,0.0,,0
frame_0069.png,extras,water fountain,water dispenser,water dispenser.,0.18,0.18,1,0.2902,"[1112.71826171875, 824.57080078125, 1142.8590087890625, 882.2825927734375]",1
frame_0069.png,extras,water fountain,wall water fountain,wall water fountain.,0.18,0.18,3,0.3995,"[1154.656982421875, 1653.5997314453125, 1708.467041015625, 1855.1162109375]",1
frame_0069.png,extras,water fountain,stainless water fountain,stainless water fountain.,0.18,0.18,2,0.3989,"[1152.430419921875, 1650.1732177734375, 1709.876953125, 1854.310302734375]",1
frame_0070.png,production,meeting table set,ALL_GROUP,meeting table. conference table. meeting table set.,0.35,0.35,2,0.5303,"[367.52899169921875, 792.7445068359375, 1247.0460205078125, 1177.5933837890625]",1
frame_0070.png,production,chair,ALL_GROUP,chair. armless chair.,0.42,0.42,0,0.0,,0
frame_0070.png,production,bench,ALL_GROUP,bench. benches. metal bench. metallic bench. waiting bench.,0.38,0.38,0,0.0,,0
frame_0070.png,production,bottle+cup+cardboard box,ALL_GROUP,bottle. dark thermos. thermos. dark thermos bottle. cup. cups. white drinking cup. white drinking cups. cardboard box. brown cardboard. brown cardboard box.,0.28,0.28,1,0.3182,"[1979.9552001953125, 1016.4329833984375, 2159.32958984375, 1132.611328125]",1
frame_0070.png,production,water fountain+door,ALL_GROUP,water fountain. metallic fountain. metallic water fountain. door. doors. dark door. dark door surface. elevator sliding door. elevator sliding doors.,0.38,0.38,0,0.0,,0
frame_0070.png,production,emergency exit sign,ALL_GROUP,emergency exit sign. exit sign.,0.5,0.5,0,0.0,,0
frame_0070.png,production,trash bin,ALL_GROUP,trash bin. trash bins. indoor trash bin.,0.45,0.45,0,0.0,,0
frame_0070.png,extras,bench,bench,bench.,0.2,0.2,2,0.2493,"[2248.625, 1658.4605712890625, 2878.427978515625, 1856.4102783203125]",1
frame_0070.png,extras,bench,metal bench,metal bench.,0.2,0.2,4,0.2288,"[464.9248352050781, 803.50341796875, 783.5556640625, 1157.4744873046875]",1
frame_0070.png,extras,bench,waiting bench,waiting bench.,0.2,0.2,3,0.3167,"[2249.48046875, 1655.7547607421875, 2879.10595703125, 1854.243408203125]",1
frame_0070.png,extras,bench,sitting bench,sitting bench.,0.2,0.2,3,0.3547,"[1290.03759765625, 905.1063842773438, 1355.1868896484375, 998.5478515625]",1
frame_0070.png,extras,bench,long bench,long bench.,0.2,0.2,3,0.404,"[2250.90576171875, 1655.2655029296875, 2878.147216796875, 1853.8770751953125]",1
frame_0070.png,extras,bottle,bottle,bottle.,0.18,0.18,1,0.6593,"[1146.246826171875, 826.9789428710938, 1167.840087890625, 878.713134765625]",1
frame_0070.png,extras,bottle,dark thermos bottle,dark thermos bottle.,0.18,0.18,2,0.3439,"[1142.3441162109375, 819.9818115234375, 1174.8360595703125, 883.8317260742188]",1
frame_0070.png,extras,bottle,thermos bottle,thermos bottle.,0.18,0.18,1,0.353,"[1143.9937744140625, 823.5166015625, 1171.6163330078125, 881.948486328125]",1
frame_0070.png,extras,bottle,water bottle,water bottle.,0.18,0.18,1,0.4763,"[1143.7938232421875, 824.1996459960938, 1171.102294921875, 881.6062622070312]",1
frame_0070.png,extras,bottle,drink bottle,drink bottle.,0.18,0.18,1,0.2899,"[1145.209716796875, 824.9180297851562, 1170.623291015625, 881.6028442382812]",1
frame_0070.png,extras,bottle,small bottle,small bottle.,0.18,0.18,1,0.616,"[1142.298828125, 821.4030151367188, 1173.82568359375, 883.1260986328125]",1
frame_0070.png,extras,cardboard box,cardboard box,cardboard box.,0.2,0.2,1,0.6234,"[1981.216552734375, 1018.8546752929688, 2157.546142578125, 1131.1781005859375]",1
frame_0070.png,extras,cardboard box,brown cardboard box,brown cardboard box.,0.2,0.2,1,0.6861,"[1979.0423583984375, 1015.5519409179688, 2160.35546875, 1133.1986083984375]",1
frame_0070.png,extras,cardboard box,shipping box,shipping box.,0.2,0.2,2,0.5009,"[1981.878662109375, 1020.5606689453125, 2155.885986328125, 1130.26611328125]",1
frame_0070.png,extras,cardboard box,package box,package box.,0.2,0.2,1,0.3224,"[1981.7032470703125, 1019.7266235351562, 2156.54833984375, 1130.626953125]",1
frame_0070.png,extras,cardboard box,small box,small box.,0.2,0.2,1,0.763,"[1980.65234375, 1017.2730712890625, 2158.869140625, 1132.380126953125]",1
frame_0070.png,extras,cardboard box,box,box.,0.2,0.2,1,0.5306,"[1983.0289306640625, 1021.7291870117188, 2154.80029296875, 1128.318603515625]",1
frame_0070.png,extras,chair,chair,chair.,0.2,0.2,7,0.3345,"[376.0368957519531, 825.4703979492188, 543.6929931640625, 1133.6048583984375]",1
frame_0070.png,extras,chair,armless chair,armless chair.,0.2,0.2,7,0.3909,"[372.7624206542969, 821.4049682617188, 545.6964111328125, 1136.5740966796875]",1
frame_0070.png,extras,chair,office chair,office chair.,0.2,0.2,17,0.4145,"[375.1221618652344, 823.4693603515625, 544.5536499023438, 1134.5277099609375]",1
frame_0070.png,extras,chair,wheeled chair,wheeled chair.,0.2,0.2,15,0.479,"[373.9195861816406, 821.4479370117188, 544.3514404296875, 1134.8521728515625]",1
frame_0070.png,extras,chair,swivel chair,swivel chair.,0.2,0.2,8,0.3396,"[951.165283203125, 853.8531494140625, 1114.29248046875, 1072.37060546875]",1
frame_0070.png,extras,chair,rolling chair,rolling chair.,0.2,0.2,14,0.4122,"[953.8092041015625, 855.055419921875, 1114.2889404296875, 1070.765625]",1
frame_0070.png,extras,cup,cup,cup.,0.18,0.18,1,0.3281,"[1146.6072998046875, 827.5671997070312, 1166.956298828125, 878.0554809570312]",1
frame_0070.png,extras,cup,white drinking cup,white drinking cup.,0.18,0.18,2,0.4447,"[1138.2921142578125, 818.4689331054688, 1177.108154296875, 885.4721069335938]",1
frame_0070.png,extras,cup,drinking cup,drinking cup.,0.18,0.18,0,0.0,,0
frame_0070.png,extras,cup,coffee cup,coffee cup.,0.18,0.18,0,0.0,,0
frame_0070.png,extras,cup,paper cup,paper cup.,0.18,0.18,0,0.0,,0
frame_0070.png,extras,cup,small cup,small cup.,0.18,0.18,2,0.3562,"[1141.6884765625, 821.6079711914062, 1174.3082275390625, 882.74462890625]",1
frame_0070.png,extras,door,door,door.,0.2,0.2,10,0.3239,"[144.00296020507812, 553.8663330078125, 333.29949951171875, 1054.0262451171875]",1
frame_0070.png,extras,door,dark door surface,dark door surface.,0.2,0.2,3,0.4262,"[1773.6832275390625, 211.94725036621094, 2130.973876953125, 1041.0694580078125]",1
frame_0070.png,extras,door,wooden door,wooden door.,0.2,0.2,5,0.4284,"[140.9742889404297, 551.5140380859375, 335.01776123046875, 1055.3876953125]",1
frame_0070.png,extras,door,closed door,closed door.,0.2,0.2,6,0.4153,"[141.04916381835938, 551.658203125, 335.5163269042969, 1055.70166015625]",1
frame_0070.png,extras,door,interior door,interior door.,0.2,0.2,8,0.3966,"[141.8531036376953, 552.1749877929688, 334.4250183105469, 1054.6881103515625]",1
frame_0070.png,extras,door,single door,single door.,0.2,0.2,3,0.4141,"[140.16116333007812, 550.863525390625, 335.8492736816406, 1056.547119140625]",1
frame_0070.png,extras,emergency exit sign,emergency exit sign,emergency exit sign.,0.18,0.18,5,0.294,"[2149.80322265625, 541.2802124023438, 2206.10546875, 627.6389770507812]",1
frame_0070.png,extras,emergency exit sign,exit sign,exit sign.,0.18,0.18,2,0.2248,"[2150.55322265625, 541.5549926757812, 2206.094482421875, 626.9232788085938]",1
frame_0070.png,extras,emergency exit sign,green emergency exit sign,green emergency exit sign.,0.18,0.18,4,0.3604,"[1585.9166259765625, 878.8131713867188, 1636.18359375, 915.5430908203125]",1
frame_0070.png,extras,emergency exit sign,green exit sign,green exit sign.,0.18,0.18,3,0.4277,"[1586.0523681640625, 878.7522583007812, 1636.4415283203125, 916.276611328125]",1
frame_0070.png,extras,emergency exit sign,running man exit sign,running man exit sign.,0.18,0.18,2,0.4334,"[1153.8272705078125, 1648.2467041015625, 1711.4464111328125, 1853.1544189453125]",1
frame_0070.png,extras,emergency exit sign,fire exit sign,fire exit sign.,0.18,0.18,2,0.2124,"[102.380859375, 458.52490234375, 147.97975158691406, 524.5758056640625]",1
frame_0070.png,extras,emergency exit sign,evacuation sign,evacuation sign.,0.18,0.18,2,0.2514,"[2151.187255859375, 542.7579345703125, 2204.83251953125, 626.8477783203125]",1
frame_0070.png,extras,meeting table set,meeting table set,meeting table set.,0.2,0.2,4,0.5614,"[369.6336364746094, 802.9749145507812, 1247.0517578125, 1174.294677734375]",1
frame_0070.png,extras,meeting table set,large meeting table,large meeting table.,0.2,0.2,2,0.5276,"[459.9677734375, 816.2517700195312, 950.185791015625, 1166.73876953125]",1
frame_0070.png,extras,meeting table set,conference table,conference table.,0.2,0.2,4,0.6089,"[468.1537780761719, 823.5437622070312, 948.1347045898438, 1160.8927001953125]",1
frame_0070.png,extras,meeting table set,metallic desk,metallic desk.,0.2,0.2,4,0.622,"[468.5837097167969, 822.53369140625, 949.4165649414062, 1162.8387451171875]",1
frame_0070.png,extras,meeting table set,long table with chairs,long table with chairs.,0.2,0.2,3,0.4113,"[469.5964660644531, 818.0687255859375, 952.512939453125, 1159.9837646484375]",1
frame_0070.png,extras,meeting table set,office meeting table,office meeting table.,0.2,0.2,4,0.538,"[465.36968994140625, 822.7119140625, 948.621337890625, 1161.724365234375]",1
frame_0070.png,extras,meeting table set,boardroom table,boardroom table.,0.2,0.2,3,0.554,"[468.1254577636719, 824.2137451171875, 948.128173828125, 1160.8717041015625]",1
frame_0070.png,extras,trash bin,trash bin,trash bin.,0.2,0.2,0,0.0,,0
frame_0070.png,extras,trash bin,indoor trash bin,indoor trash bin.,0.2,0.2,1,0.2416,"[1981.207275390625, 1018.3342895507812, 2158.37939453125, 1131.4647216796875]",1
frame_0070.png,extras,trash bin,garbage bin,garbage bin.,0.2,0.2,0,0.0,,0
frame_0070.png,extras,trash bin,waste bin,waste bin.,0.2,0.2,0,0.0,,0
frame_0070.png,extras,trash bin,recycling bin,recycling bin.,0.2,0.2,1,0.282,"[1981.3511962890625, 1020.1536865234375, 2156.474365234375, 1130.799072265625]",1
frame_0070.png,extras,trash bin,rubbish bin,rubbish bin.,0.2,0.2,2,0.2832,"[1981.03857421875, 1019.87353515625, 2156.8056640625, 1130.8299560546875]",1
frame_0070.png,extras,trash bin,small trash can,small trash can.,0.2,0.2,2,0.5406,"[1976.5596923828125, 1009.8441772460938, 2164.65185546875, 1136.44775390625]",1
frame_0070.png,extras,water fountain,water fountain,water fountain.,0.18,0.18,1,0.2477,"[1157.325927734375, 1655.57763671875, 1709.3236083984375, 1855.707275390625]",1
frame_0070.png,extras,water fountain,metallic water fountain,metallic water fountain.,0.18,0.18,2,0.3789,"[1156.0445556640625, 1653.523193359375, 1709.82177734375, 1854.7265625]",1
frame_0070.png,extras,water fountain,drinking fountain,drinking fountain.,0.18,0.18,0,0.0,,0
frame_0070.png,extras,water fountain,water dispenser,water dispenser.,0.18,0.18,1,0.262,"[1141.8148193359375, 823.01220703125, 1173.735595703125, 883.5172119140625]",1
frame_0070.png,extras,water fountain,wall water fountain,wall water fountain.,0.18,0.18,2,0.3807,"[1155.9014892578125, 1654.2801513671875, 1709.9268798828125, 1855.0269775390625]",1
frame_0070.png,extras,water fountain,stainless water fountain,stainless water fountain.,0.18,0.18,2,0.3946,"[1154.2198486328125, 1650.7044677734375, 1711.40966796875, 1854.2896728515625]",1
frame_0071.png,production,meeting table set,ALL_GROUP,meeting table. conference table. meeting table set.,0.35,0.35,2,0.5463,"[392.5437316894531, 790.520751953125, 1282.4150390625, 1181.896484375]",1
frame_0071.png,production,chair,ALL_GROUP,chair. armless chair.,0.42,0.42,0,0.0,,0
frame_0071.png,production,bench,ALL_GROUP,bench. benches. metal bench. metallic bench. waiting bench.,0.38,0.38,0,0.0,,0
frame_0071.png,production,bottle+cup+cardboard box,ALL_GROUP,bottle. dark thermos. thermos. dark thermos bottle. cup. cups. white drinking cup. white drinking cups. cardboard box. brown cardboard. brown cardboard box.,0.28,0.28,1,0.3139,"[2038.9188232421875, 1017.777099609375, 2228.075927734375, 1139.541748046875]",1
frame_0071.png,production,water fountain+door,ALL_GROUP,water fountain. metallic fountain. metallic water fountain. door. doors. dark door. dark door surface. elevator sliding door. elevator sliding doors.,0.38,0.38,0,0.0,,0
frame_0071.png,production,emergency exit sign,ALL_GROUP,emergency exit sign. exit sign.,0.5,0.5,0,0.0,,0
frame_0071.png,production,trash bin,ALL_GROUP,trash bin. trash bins. indoor trash bin.,0.45,0.45,0,0.0,,0
frame_0071.png,extras,bench,bench,bench.,0.2,0.2,3,0.256,"[2042.185546875, 1023.704345703125, 2223.9453125, 1135.4453125]",1
frame_0071.png,extras,bench,metal bench,metal bench.,0.2,0.2,5,0.2838,"[394.8590087890625, 806.2145385742188, 1280.326904296875, 1175.98779296875]",1
frame_0071.png,extras,bench,waiting bench,waiting bench.,0.2,0.2,4,0.3377,"[1.8560028076171875, 1752.6253662109375, 435.6474914550781, 1854.9364013671875]",1
frame_0071.png,extras,bench,sitting bench,sitting bench.,0.2,0.2,5,0.326,"[2040.4833984375, 1021.0249633789062, 2227.2939453125, 1137.9627685546875]",1
frame_0071.png,extras,bench,long bench,long bench.,0.2,0.2,2,0.3444,"[2245.888916015625, 1659.8104248046875, 2878.14208984375, 1853.8538818359375]",1
frame_0071.png,extras,bottle,bottle,bottle.,0.18,0.18,2,0.6183,"[1177.535888671875, 824.3477172851562, 1199.5625, 876.8545532226562]",1
frame_0071.png,extras,bottle,dark thermos bottle,dark thermos bottle.,0.18,0.18,3,0.3399,"[1173.4656982421875, 817.8848876953125, 1204.65185546875, 881.3355712890625]",1
frame_0071.png,extras,bottle,thermos bottle,thermos bottle.,0.18,0.18,1,0.3441,"[1175.2135009765625, 821.1974487304688, 1202.7020263671875, 880.4786376953125]",1
frame_0071.png,extras,bottle,water bottle,water bottle.,0.18,0.18,1,0.4471,"[1174.810302734375, 821.8344116210938, 1201.9599609375, 880.3294677734375]",1
frame_0071.png,extras,bottle,drink bottle,drink bottle.,0.18,0.18,1,0.2756,"[1176.5870361328125, 822.4379272460938, 1201.6318359375, 879.7991333007812]",1
frame_0071.png,extras,bottle,small bottle,small bottle.,0.18,0.18,2,0.5754,"[1172.9564208984375, 818.7658081054688, 1204.11328125, 881.3260498046875]",1
frame_0071.png,extras,cardboard box,cardboard box,cardboard box.,0.2,0.2,1,0.6351,"[2040.6331787109375, 1020.2460327148438, 2225.9560546875, 1137.710693359375]",1
frame_0071.png,extras,cardboard box,brown cardboard box,brown cardboard box.,0.2,0.2,1,0.6905,"[2037.909912109375, 1016.7138671875, 2228.66357421875, 1140.05322265625]",1
frame_0071.png,extras,cardboard box,shipping box,shipping box.,0.2,0.2,2,0.5145,"[2041.461181640625, 1022.0795288085938, 2224.4658203125, 1136.6397705078125]",1
frame_0071.png,extras,cardboard box,package box,package box.,0.2,0.2,1,0.3447,"[2041.13037109375, 1021.4168701171875, 2225.35791015625, 1136.9737548828125]",1
frame_0071.png,extras,cardboard box,small box,small box.,0.2,0.2,1,0.7817,"[2039.89697265625, 1018.5890502929688, 2227.39501953125, 1138.78955078125]",1
frame_0071.png,extras,cardboard box,box,box.,0.2,0.2,1,0.5525,"[2042.3961181640625, 1023.492919921875, 2223.334228515625, 1135.0927734375]",1
frame_0071.png,extras,chair,chair,chair.,0.2,0.2,7,0.2993,"[399.839599609375, 824.7036743164062, 569.9652099609375, 1132.8330078125]",1
frame_0071.png,extras,chair,armless chair,armless chair.,0.2,0.2,9,0.3556,"[396.7900085449219, 820.8172607421875, 570.2583618164062, 1134.7220458984375]",1
frame_0071.png,extras,chair,office chair,office chair.,0.2,0.2,15,0.4316,"[398.738525390625, 822.869140625, 570.2725830078125, 1133.627685546875]",1
frame_0071.png,extras,chair,wheeled chair,wheeled chair.,0.2,0.2,13,0.5013,"[397.4187927246094, 820.9771728515625, 570.0090942382812, 1134.204833984375]",1
frame_0071.png,extras,chair,swivel chair,swivel chair.,0.2,0.2,8,0.3284,"[396.28857421875, 820.3323974609375, 569.539794921875, 1135.427490234375]",1
frame_0071.png,extras,chair,rolling chair,rolling chair.,0.2,0.2,14,0.4112,"[397.7438659667969, 821.4698486328125, 570.4619140625, 1134.462890625]",1
frame_0071.png,extras,cup,cup,cup.,0.18,0.18,1,0.2633,"[1177.9111328125, 825.3781127929688, 1198.95654296875, 876.2241821289062]",1
frame_0071.png,extras,cup,white drinking cup,white drinking cup.,0.18,0.18,3,0.3082,"[1169.2288818359375, 816.5294799804688, 1207.1888427734375, 882.803955078125]",1
frame_0071.png,extras,cup,drinking cup,drinking cup.,0.18,0.18,0,0.0,,0
frame_0071.png,extras,cup,coffee cup,coffee cup.,0.18,0.18,0,0.0,,0
frame_0071.png,extras,cup,paper cup,paper cup.,0.18,0.18,0,0.0,,0
frame_0071.png,extras,cup,small cup,small cup.,0.18,0.18,2,0.4538,"[1157.60205078125, 1653.3856201171875, 1703.6474609375, 1854.825927734375]",1
frame_0071.png,extras,door,door,door.,0.2,0.2,12,0.406,"[180.55088806152344, 557.4649047851562, 368.4692687988281, 1053.131103515625]",1
frame_0071.png,extras,door,dark door surface,dark door surface.,0.2,0.2,3,0.4061,"[1812.418701171875, 186.93568420410156, 2193.103515625, 1043.575927734375]",1
frame_0071.png,extras,door,wooden door,wooden door.,0.2,0.2,3,0.5228,"[176.57492065429688, 555.4009399414062, 370.2546691894531, 1054.5255126953125]",1
frame_0071.png,extras,door,closed door,closed door.,0.2,0.2,1,0.534,"[176.36021423339844, 555.4993896484375, 370.7095947265625, 1054.8326416015625]",1
frame_0071.png,extras,door,interior door,interior door.,0.2,0.2,6,0.4865,"[177.29579162597656, 555.8955688476562, 369.5090637207031, 1054.251708984375]",1
frame_0071.png,extras,door,single door,single door.,0.2,0.2,1,0.5461,"[175.33456420898438, 554.5665283203125, 370.94854736328125, 1055.7459716796875]",1
frame_0071.png,extras,emergency exit sign,emergency exit sign,emergency exit sign.,0.18,0.18,5,0.2578,"[1627.2606201171875, 882.6539916992188, 1669.2939453125, 909.48291015625]",1
frame_0071.png,extras,emergency exit sign,exit sign,exit sign.,0.18,0.18,3,0.2074,"[138.35269165039062, 470.50115966796875, 178.19378662109375, 526.8707275390625]",1
frame_0071.png,extras,emergency exit sign,green emergency exit sign,green emergency exit sign.,0.18,0.18,5,0.3648,"[1623.026611328125, 877.8766479492188, 1673.2237548828125, 913.557861328125]",1
frame_0071.png,extras,emergency exit sign,green exit sign,green exit sign.,0.18,0.18,4,0.4405,"[1622.7901611328125, 877.8837280273438, 1673.1573486328125, 913.882080078125]",1
frame_0071.png,extras,emergency exit sign,running man exit sign,running man exit sign.,0.18,0.18,3,0.4309,"[1152.568115234375, 1648.877197265625, 1708.286865234375, 1853.77294921875]",1
frame_0071.png,extras,emergency exit sign,fire exit sign,fire exit sign.,0.18,0.18,2,0.191,"[137.09100341796875, 469.1614685058594, 179.3336181640625, 528.4163818359375]",1
frame_0071.png,extras,emergency exit sign,evacuation sign,evacuation sign.,0.18,0.18,4,0.2249,"[2216.15185546875, 520.9837646484375, 2276.046142578125, 610.5398559570312]",1
frame_0071.png,extras,meeting table set,meeting table set,meeting table set.,0.2,0.2,2,0.5894,"[394.2795715332031, 800.3245239257812, 1280.094970703125, 1177.63720703125]",1
frame_0071.png,extras,meeting table set,large meeting table,large meeting table.,0.2,0.2,2,0.4166,"[412.87750244140625, 805.2362060546875, 1272.5941162109375, 1174.862060546875]",1
frame_0071.png,extras,meeting table set,conference table,conference table.,0.2,0.2,4,0.4889,"[491.6357727050781, 820.98828125, 976.7164916992188, 1165.0081787109375]",1
frame_0071.png,extras,meeting table set,metallic desk,metallic desk.,0.2,0.2,4,0.4874,"[441.9297790527344, 813.9972534179688, 1264.69775390625, 1168.5906982421875]",1
frame_0071.png,extras,meeting table set,long table with chairs,long table with chairs.,0.2,0.2,3,0.3994,"[392.593017578125, 796.5409545898438, 1285.11376953125, 1175.719482421875]",1
frame_0071.png,extras,meeting table set,office meeting table,office meeting table.,0.2,0.2,4,0.4547,"[423.82568359375, 813.4266967773438, 1268.91259765625, 1170.2794189453125]",1
frame_0071.png,extras,meeting table set,boardroom table,boardroom table.,0.2,0.2,4,0.4641,"[448.40765380859375, 817.2333984375, 1258.7647705078125, 1168.72705078125]",1
frame_0071.png,extras,trash bin,trash bin,trash bin.,0.2,0.2,0,0.0,,0
frame_0071.png,extras,trash bin,indoor trash bin,indoor trash bin.,0.2,0.2,2,0.3089,"[2040.3839111328125, 1019.9501342773438, 2227.618896484375, 1137.6708984375]",1
frame_0071.png,extras,trash bin,garbage bin,garbage bin.,0.2,0.2,0,0.0,,0
frame_0071.png,extras,trash bin,waste bin,waste bin.,0.2,0.2,0,0.0,,0
frame_0071.png,extras,trash bin,recycling bin,recycling bin.,0.2,0.2,1,0.3149,"[2040.6427001953125, 1021.7351684570312, 2225.86279296875, 1137.3175048828125]",1
frame_0071.png,extras,trash bin,rubbish bin,rubbish bin.,0.2,0.2,1,0.284,"[2040.5765380859375, 1021.3685302734375, 2225.884033203125, 1137.4901123046875]",1
frame_0071.png,extras,trash bin,small trash can,small trash can.,0.2,0.2,2,0.5493,"[2034.8939208984375, 1011.4573364257812, 2235.304443359375, 1142.5279541015625]",1
frame_0071.png,extras,water fountain,water fountain,water fountain.,0.18,0.18,1,0.256,"[1156.238037109375, 1655.7467041015625, 1706.9002685546875, 1855.7579345703125]",1
frame_0071.png,extras,water fountain,metallic water fountain,metallic water fountain.,0.18,0.18,4,0.385,"[1154.908447265625, 1653.5042724609375, 1707.00634765625, 1854.788818359375]",1
frame_0071.png,extras,water fountain,drinking fountain,drinking fountain.,0.18,0.18,0,0.0,,0
frame_0071.png,extras,water fountain,water dispenser,water dispenser.,0.18,0.18,1,0.217,"[1173.505615234375, 821.244873046875, 1203.69921875, 881.4210205078125]",1
frame_0071.png,extras,water fountain,wall water fountain,wall water fountain.,0.18,0.18,4,0.4026,"[1154.827392578125, 1654.177978515625, 1707.349853515625, 1855.0828857421875]",1
frame_0071.png,extras,water fountain,stainless water fountain,stainless water fountain.,0.18,0.18,2,0.4094,"[1152.7099609375, 1650.9486083984375, 1708.4886474609375, 1854.317626953125]",1
frame_0072.png,production,meeting table set,ALL_GROUP,meeting table. conference table. meeting table set.,0.35,0.35,2,0.5444,"[414.178466796875, 785.6480102539062, 1311.229736328125, 1185.6722412109375]",1
frame_0072.png,production,chair,ALL_GROUP,chair. armless chair.,0.42,0.42,0,0.0,,0
frame_0072.png,production,bench,ALL_GROUP,bench. benches. metal bench. metallic bench. waiting bench.,0.38,0.38,0,0.0,,0
frame_0072.png,production,bottle+cup+cardboard box,ALL_GROUP,bottle. dark thermos. thermos. dark thermos bottle. cup. cups. white drinking cup. white drinking cups. cardboard box. brown cardboard. brown cardboard box.,0.28,0.28,1,0.309,"[2100.79736328125, 1020.5726318359375, 2299.501220703125, 1148.390869140625]",1
frame_0072.png,production,water fountain+door,ALL_GROUP,water fountain. metallic fountain. metallic water fountain. door. doors. dark door. dark door surface. elevator sliding door. elevator sliding doors.,0.38,0.38,1,0.4151,"[2057.102294921875, 397.7103271484375, 2254.53076171875, 1035.8143310546875]",1
frame_0072.png,production,emergency exit sign,ALL_GROUP,emergency exit sign. exit sign.,0.5,0.5,0,0.0,,0
frame_0072.png,production,trash bin,ALL_GROUP,trash bin. trash bins. indoor trash bin.,0.45,0.45,0,0.0,,0
frame_0072.png,extras,bench,bench,bench.,0.2,0.2,2,0.3283,"[2103.66943359375, 1027.3597412109375, 2295.156494140625, 1144.03857421875]",1
frame_0072.png,extras,bench,metal bench,metal bench.,0.2,0.2,5,0.2763,"[506.42724609375, 796.0794067382812, 820.1011352539062, 1163.1502685546875]",1
frame_0072.png,extras,bench,waiting bench,waiting bench.,0.2,0.2,4,0.328,"[2101.00537109375, 1023.0842895507812, 2300.819091796875, 1148.180419921875]",1
frame_0072.png,extras,bench,sitting bench,sitting bench.,0.2,0.2,2,0.446,"[2102.3486328125, 1023.9259643554688, 2299.011474609375, 1146.960205078125]",1
frame_0072.png,extras,bench,long bench,long bench.,0.2,0.2,3,0.2744,"[2101.872802734375, 1022.9502563476562, 2299.56884765625, 1147.2672119140625]",1
frame_0072.png,extras,bottle,bottle,bottle.,0.18,0.18,3,0.6019,"[1210.345947265625, 821.02880859375, 1231.6456298828125, 874.8453979492188]",1
frame_0072.png,extras,bottle,dark thermos bottle,dark thermos bottle.,0.18,0.18,3,0.3093,"[1206.192138671875, 815.57568359375, 1237.0916748046875, 879.1602783203125]",1
frame_0072.png,extras,bottle,thermos bottle,thermos bottle.,0.18,0.18,1,0.3422,"[1207.955322265625, 817.9539184570312, 1234.9027099609375, 877.9547729492188]",1
frame_0072.png,extras,bottle,water bottle,water bottle.,0.18,0.18,1,0.4503,"[1207.8941650390625, 818.4458618164062, 1234.09912109375, 877.744140625]",1
frame_0072.png,extras,bottle,drink bottle,drink bottle.,0.18,0.18,1,0.2812,"[1209.318115234375, 819.324951171875, 1234.069091796875, 877.0828857421875]",1
frame_0072.png,extras,bottle,small bottle,small bottle.,0.18,0.18,2,0.5439,"[1205.9019775390625, 815.6680297851562, 1236.7374267578125, 878.8515625]",1
frame_0072.png,extras,cardboard box,cardboard box,cardboard box.,0.2,0.2,1,0.605,"[2102.6123046875, 1023.11865234375, 2297.175048828125, 1146.7220458984375]",1
frame_0072.png,extras,cardboard box,brown cardboard box,brown cardboard box.,0.2,0.2,1,0.6795,"[2099.47314453125, 1019.4852905273438, 2300.219482421875, 1148.9521484375]",1
frame_0072.png,extras,cardboard box,shipping box,shipping box.,0.2,0.2,2,0.4842,"[2103.35546875, 1025.3165283203125, 2296.0, 1145.726806640625]",1
frame_0072.png,extras,cardboard box,package box,package box.,0.2,0.2,1,0.3119,"[2102.95263671875, 1024.9530029296875, 2296.725341796875, 1145.9014892578125]",1
frame_0072.png,extras,cardboard box,small box,small box.,0.2,0.2,1,0.7513,"[2101.589111328125, 1021.5760498046875, 2298.564453125, 1148.0418701171875]",1
frame_0072.png,extras,cardboard box,box,box.,0.2,0.2,1,0.5302,"[2103.75244140625, 1026.92236328125, 2294.55908203125, 1143.939208984375]",1
frame_0072.png,extras,chair,chair,chair.,0.2,0.2,10,0.3083,"[1358.615966796875, 904.7141723632812, 1421.267578125, 994.6691284179688]",1
frame_0072.png,extras,chair,armless chair,armless chair.,0.2,0.2,7,0.457,"[508.75579833984375, 794.6763916015625, 819.47314453125, 1162.5130615234375]",1
frame_0072.png,extras,chair,office chair,office chair.,0.2,0.2,16,0.4221,"[421.6255798339844, 818.68603515625, 592.1876220703125, 1135.19775390625]",1
frame_0072.png,extras,chair,wheeled chair,wheeled chair.,0.2,0.2,13,0.485,"[419.9861145019531, 817.021728515625, 592.0482177734375, 1135.4622802734375]",1
frame_0072.png,extras,chair,swivel chair,swivel chair.,0.2,0.2,6,0.4122,"[512.99560546875, 794.52099609375, 819.7463989257812, 1160.8389892578125]",1
frame_0072.png,extras,chair,rolling chair,rolling chair.,0.2,0.2,13,0.4054,"[419.9415283203125, 817.3286743164062, 591.9884643554688, 1135.6748046875]",1
frame_0072.png,extras,cup,cup,cup.,0.18,0.18,1,0.2945,"[1210.989501953125, 822.2371215820312, 1231.986572265625, 874.0989379882812]",1
frame_0072.png,extras,cup,white drinking cup,white drinking cup.,0.18,0.18,3,0.3834,"[1202.4207763671875, 811.8760986328125, 1240.5211181640625, 879.5768432617188]",1
frame_0072.png,extras,cup,drinking cup,drinking cup.,0.18,0.18,0,0.0,,0
frame_0072.png,extras,cup,coffee cup,coffee cup.,0.18,0.18,0,0.0,,0
frame_0072.png,extras,cup,paper cup,paper cup.,0.18,0.18,0,0.0,,0
frame_0072.png,extras,cup,small cup,small cup.,0.18,0.18,3,0.4202,"[1157.771484375, 1653.6097412109375, 1704.9425048828125, 1854.903564453125]",1
frame_0072.png,extras,door,door,door.,0.2,0.2,11,0.4271,"[217.0694122314453, 559.434814453125, 404.06744384765625, 1050.2408447265625]",1
frame_0072.png,extras,door,dark door surface,dark door surface.,0.2,0.2,3,0.3449,"[2050.52197265625, 395.7197265625, 2256.353271484375, 1036.1407470703125]",1
frame_0072.png,extras,door,wooden door,wooden door.,0.2,0.2,1,0.5338,"[213.61415100097656, 557.8780517578125, 405.4583435058594, 1051.6544189453125]",1
frame_0072.png,extras,door,closed door,closed door.,0.2,0.2,2,0.5314,"[212.89633178710938, 557.7675170898438, 406.00146484375, 1051.93359375]",1
frame_0072.png,extras,door,interior door,interior door.,0.2,0.2,4,0.4936,"[213.5439910888672, 558.0557861328125, 404.721923828125, 1051.166259765625]",1
frame_0072.png,extras,door,single door,single door.,0.2,0.2,1,0.5324,"[211.7203826904297, 556.7693481445312, 406.25311279296875, 1052.6068115234375]",1
frame_0072.png,extras,emergency exit sign,emergency exit sign,emergency exit sign.,0.18,0.18,5,0.2587,"[171.8274383544922, 470.0372314453125, 213.65667724609375, 529.9386596679688]",1
frame_0072.png,extras,emergency exit sign,exit sign,exit sign.,0.18,0.18,3,0.2355,"[172.198974609375, 469.75665283203125, 213.68060302734375, 529.31103515625]",1
frame_0072.png,extras,emergency exit sign,green emergency exit sign,green emergency exit sign.,0.18,0.18,5,0.3722,"[1657.6768798828125, 875.5615844726562, 1710.9163818359375, 912.8329467773438]",1
frame_0072.png,extras,emergency exit sign,green exit sign,green exit sign.,0.18,0.18,2,0.4316,"[1657.924072265625, 875.7147827148438, 1711.0845947265625, 913.0362548828125]",1
frame_0072.png,extras,emergency exit sign,running man exit sign,running man exit sign.,0.18,0.18,4,0.3913,"[1152.9964599609375, 1648.7314453125, 1709.675537109375, 1853.4796142578125]",1
frame_0072.png,extras,emergency exit sign,fire exit sign,fire exit sign.,0.18,0.18,3,0.2193,"[171.09231567382812, 468.75665283203125, 214.681396484375, 531.1137084960938]",1
frame_0072.png,extras,emergency exit sign,evacuation sign,evacuation sign.,0.18,0.18,4,0.2358,"[2287.594482421875, 499.91558837890625, 2352.314697265625, 595.5133056640625]",1
frame_0072.png,extras,meeting table set,meeting table set,meeting table set.,0.2,0.2,4,0.6054,"[415.91650390625, 795.6519775390625, 1312.6544189453125, 1181.158447265625]",1
frame_0072.png,extras,meeting table set,large meeting table,large meeting table.,0.2,0.2,2,0.425,"[425.92523193359375, 798.8944091796875, 1300.9498291015625, 1178.8470458984375]",1
frame_0072.png,extras,meeting table set,conference table,conference table.,0.2,0.2,4,0.5045,"[516.4022827148438, 815.3906860351562, 1003.4217529296875, 1168.7198486328125]",1
frame_0072.png,extras,meeting table set,metallic desk,metallic desk.,0.2,0.2,4,0.49,"[434.89190673828125, 806.6064453125, 1296.4256591796875, 1173.9249267578125]",1
frame_0072.png,extras,meeting table set,long table with chairs,long table with chairs.,0.2,0.2,3,0.4052,"[413.4701232910156, 791.0092163085938, 1317.6546630859375, 1179.081787109375]",1
frame_0072.png,extras,meeting table set,office meeting table,office meeting table.,0.2,0.2,4,0.4407,"[429.3441467285156, 807.1321411132812, 1300.2557373046875, 1174.645751953125]",1
frame_0072.png,extras,meeting table set,boardroom table,boardroom table.,0.2,0.2,4,0.4407,"[443.37158203125, 810.6492309570312, 1292.4908447265625, 1172.8564453125]",1
frame_0072.png,extras,trash bin,trash bin,trash bin.,0.2,0.2,0,0.0,,0
frame_0072.png,extras,trash bin,indoor trash bin,indoor trash bin.,0.2,0.2,1,0.3298,"[2102.289794921875, 1023.6144409179688, 2298.481201171875, 1146.5140380859375]",1
frame_0072.png,extras,trash bin,garbage bin,garbage bin.,0.2,0.2,0,0.0,,0
frame_0072.png,extras,trash bin,waste bin,waste bin.,0.2,0.2,1,0.2067,"[2103.353759765625, 1025.6287841796875, 2297.16162109375, 1145.4420166015625]",1
frame_0072.png,extras,trash bin,recycling bin,recycling bin.,0.2,0.2,1,0.3112,"[2102.71533203125, 1025.2744140625, 2297.3056640625, 1145.8924560546875]",1
frame_0072.png,extras,trash bin,rubbish bin,rubbish bin.,0.2,0.2,2,0.2776,"[2102.30810546875, 1024.939208984375, 2297.396484375, 1145.9031982421875]",1
frame_0072.png,extras,trash bin,small trash can,small trash can.,0.2,0.2,1,0.6113,"[2097.58349609375, 1015.5001220703125, 2305.5771484375, 1151.659912109375]",1
frame_0072.png,extras,water fountain,water fountain,water fountain.,0.18,0.18,1,0.2866,"[1156.4677734375, 1655.6104736328125, 1707.09423828125, 1855.8790283203125]",1
frame_0072.png,extras,water fountain,metallic water fountain,metallic water fountain.,0.18,0.18,2,0.4268,"[1154.8740234375, 1653.3878173828125, 1707.7880859375, 1854.79931640625]",1
frame_0072.png,extras,water fountain,drinking fountain,drinking fountain.,0.18,0.18,0,0.0,,0
frame_0072.png,extras,water fountain,water dispenser,water dispenser.,0.18,0.18,1,0.2288,"[1206.7503662109375, 817.3974609375, 1236.40234375, 878.2826538085938]",1
frame_0072.png,extras,water fountain,wall water fountain,wall water fountain.,0.18,0.18,3,0.4243,"[1154.7711181640625, 1654.0594482421875, 1708.0382080078125, 1855.059814453125]",1
frame_0072.png,extras,water fountain,stainless water fountain,stainless water fountain.,0.18,0.18,1,0.4338,"[1152.6353759765625, 1650.62255859375, 1709.3614501953125, 1854.3472900390625]",1
frame_0073.png,production,meeting table set,ALL_GROUP,meeting table. conference table. meeting table set.,0.35,0.35,2,0.515,"[439.1615905761719, 783.6826171875, 1352.5732421875, 1191.193115234375]",1
frame_0073.png,production,chair,ALL_GROUP,chair. armless chair.,0.42,0.42,1,0.436,"[1044.3094482421875, 848.7579345703125, 1224.7745361328125, 1075.8282470703125]",1
frame_0073.png,production,bench,ALL_GROUP,bench. benches. metal bench. metallic bench. waiting bench.,0.38,0.38,0,0.0,,0
frame_0073.png,production,bottle+cup+cardboard box,ALL_GROUP,bottle. dark thermos. thermos. dark thermos bottle. cup. cups. white drinking cup. white drinking cups. cardboard box. brown cardboard. brown cardboard box.,0.28,0.28,1,0.3104,"[2170.80322265625, 1026.228515625, 2380.768798828125, 1159.618408203125]",1
frame_0073.png,production,water fountain+door,ALL_GROUP,water fountain. metallic fountain. metallic water fountain. door. doors. dark door. dark door surface. elevator sliding door. elevator sliding doors.,0.38,0.38,0,0.0,,0
frame_0073.png,production,emergency exit sign,ALL_GROUP,emergency exit sign. exit sign.,0.5,0.5,0,0.0,,0
frame_0073.png,production,trash bin,ALL_GROUP,trash bin. trash bins. indoor trash bin.,0.45,0.45,0,0.0,,0
frame_0073.png,extras,bench,bench,bench.,0.2,0.2,2,0.2491,"[2173.583251953125, 1031.7315673828125, 2376.13427734375, 1155.6700439453125]",1
frame_0073.png,extras,bench,metal bench,metal bench.,0.2,0.2,3,0.2554,"[528.9563598632812, 794.5819702148438, 846.5641479492188, 1165.205810546875]",1
frame_0073.png,extras,bench,waiting bench,waiting bench.,0.2,0.2,4,0.3139,"[524.88330078125, 797.812744140625, 852.0304565429688, 1163.8367919921875]",1
frame_0073.png,extras,bench,sitting bench,sitting bench.,0.2,0.2,5,0.2923,"[2172.48486328125, 1029.1763916015625, 2378.96533203125, 1158.1044921875]",1
frame_0073.png,extras,bench,long bench,long bench.,0.2,0.2,2,0.3002,"[2.50138521194458, 1751.868896484375, 424.49310302734375, 1854.76806640625]",1
frame_0073.png,extras,bottle,bottle,bottle.,0.18,0.18,2,0.6614,"[1244.333984375, 818.8009033203125, 1266.5780029296875, 873.8770751953125]",1
frame_0073.png,extras,bottle,dark thermos bottle,dark thermos bottle.,0.18,0.18,3,0.3554,"[1239.93310546875, 813.1111450195312, 1272.4534912109375, 879.04931640625]",1
frame_0073.png,extras,bottle,thermos bottle,thermos bottle.,0.18,0.18,1,0.4266,"[1241.755615234375, 816.0460205078125, 1269.880859375, 876.9471435546875]",1
frame_0073.png,extras,bottle,water bottle,water bottle.,0.18,0.18,1,0.5036,"[1241.7877197265625, 816.622314453125, 1269.427490234375, 876.6787109375]",1
frame_0073.png,extras,bottle,drink bottle,drink bottle.,0.18,0.18,1,0.341,"[1243.4637451171875, 817.3837890625, 1268.4136962890625, 875.807373046875]",1
frame_0073.png,extras,bottle,small bottle,small bottle.,0.18,0.18,1,0.5924,"[1239.994384765625, 814.299560546875, 1271.4854736328125, 877.6530151367188]",1
frame_0073.png,extras,cardboard box,cardboard box,cardboard box.,0.2,0.2,1,0.6283,"[2172.0693359375, 1028.6285400390625, 2378.71435546875, 1157.860107421875]",1
frame_0073.png,extras,cardboard box,brown cardboard box,brown cardboard box.,0.2,0.2,1,0.6947,"[2169.6015625, 1025.2974853515625, 2381.528076171875, 1159.97314453125]",1
frame_0073.png,extras,cardboard box,shipping box,shipping box.,0.2,0.2,2,0.5276,"[2173.011474609375, 1030.364990234375, 2377.06005859375, 1156.69970703125]",1
frame_0073.png,extras,cardboard box,package box,package box.,0.2,0.2,1,0.3501,"[2173.128173828125, 1030.043212890625, 2377.5966796875, 1156.999267578125]",1
frame_0073.png,extras,cardboard box,small box,small box.,0.2,0.2,1,0.771,"[2172.40087890625, 1027.6324462890625, 2379.44580078125, 1158.6864013671875]",1
frame_0073.png,extras,cardboard box,box,box.,0.2,0.2,1,0.5316,"[2173.50048828125, 1031.52099609375, 2375.447021484375, 1155.34814453125]",1
frame_0073.png,extras,chair,chair,chair.,0.2,0.2,11,0.351,"[1394.556396484375, 904.3121948242188, 1457.3912353515625, 996.0538330078125]",1
frame_0073.png,extras,chair,armless chair,armless chair.,0.2,0.2,8,0.4257,"[443.0743713378906, 814.7357788085938, 621.6283569335938, 1137.476318359375]",1
frame_0073.png,extras,chair,office chair,office chair.,0.2,0.2,15,0.4217,"[1043.893310546875, 849.9737548828125, 1214.3895263671875, 1075.6490478515625]",1
frame_0073.png,extras,chair,wheeled chair,wheeled chair.,0.2,0.2,12,0.5262,"[1044.8934326171875, 848.2722778320312, 1214.30712890625, 1075.5291748046875]",1
frame_0073.png,extras,chair,swivel chair,swivel chair.,0.2,0.2,7,0.3953,"[1042.251220703125, 847.466796875, 1219.909912109375, 1077.020263671875]",1
frame_0073.png,extras,chair,rolling chair,rolling chair.,0.2,0.2,12,0.4381,"[1044.3951416015625, 848.4966430664062, 1220.386474609375, 1075.5032958984375]",1
frame_0073.png,extras,cup,cup,cup.,0.18,0.18,1,0.3359,"[1244.980224609375, 819.9530029296875, 1266.88916015625, 872.6904296875]",1
frame_0073.png,extras,cup,white drinking cup,white drinking cup.,0.18,0.18,3,0.3533,"[1236.5064697265625, 810.4893798828125, 1274.783935546875, 878.077880859375]",1
frame_0073.png,extras,cup,drinking cup,drinking cup.,0.18,0.18,0,0.0,,0
frame_0073.png,extras,cup,coffee cup,coffee cup.,0.18,0.18,0,0.0,,0
frame_0073.png,extras,cup,paper cup,paper cup.,0.18,0.18,0,0.0,,0
frame_0073.png,extras,cup,small cup,small cup.,0.18,0.18,3,0.3812,"[1155.6995849609375, 1653.8612060546875, 1705.2154541015625, 1854.9013671875]",1
frame_0073.png,extras,door,door,door.,0.2,0.2,14,0.336,"[1978.1580810546875, 611.4161376953125, 2055.75146484375, 1003.9382934570312]",1
frame_0073.png,extras,door,dark door surface,dark door surface.,0.2,0.2,2,0.3782,"[1894.6846923828125, 131.34698486328125, 2337.720947265625, 1066.630859375]",1
frame_0073.png,extras,door,wooden door,wooden door.,0.2,0.2,2,0.4262,"[251.7235565185547, 565.7653198242188, 441.02056884765625, 1049.9854736328125]",1
frame_0073.png,extras,door,closed door,closed door.,0.2,0.2,2,0.425,"[251.73158264160156, 565.87060546875, 441.3543701171875, 1050.175048828125]",1
frame_0073.png,extras,door,interior door,interior door.,0.2,0.2,6,0.4242,"[252.329345703125, 564.3482666015625, 440.343994140625, 1049.5841064453125]",1
frame_0073.png,extras,door,single door,single door.,0.2,0.2,2,0.4799,"[250.40847778320312, 564.2020263671875, 441.7656555175781, 1051.1065673828125]",1
frame_0073.png,extras,emergency exit sign,emergency exit sign,emergency exit sign.,0.18,0.18,6,0.2743,"[1702.5340576171875, 879.7037353515625, 1746.7818603515625, 909.3727416992188]",1
frame_0073.png,extras,emergency exit sign,exit sign,exit sign.,0.18,0.18,2,0.2025,"[209.60804748535156, 474.88079833984375, 249.7369384765625, 531.5513916015625]",1
frame_0073.png,extras,emergency exit sign,green emergency exit sign,green emergency exit sign.,0.18,0.18,2,0.4162,"[1697.9210205078125, 874.9988403320312, 1751.1961669921875, 913.9130859375]",1
frame_0073.png,extras,emergency exit sign,green exit sign,green exit sign.,0.18,0.18,1,0.4659,"[1698.0279541015625, 874.8816528320312, 1751.3515625, 913.9654541015625]",1
frame_0073.png,extras,emergency exit sign,running man exit sign,running man exit sign.,0.18,0.18,3,0.3885,"[1150.919189453125, 1648.541748046875, 1709.4071044921875, 1853.9400634765625]",1
frame_0073.png,extras,emergency exit sign,fire exit sign,fire exit sign.,0.18,0.18,1,0.191,"[208.44651794433594, 473.63446044921875, 250.86383056640625, 533.8539428710938]",1
frame_0073.png,extras,emergency exit sign,evacuation sign,evacuation sign.,0.18,0.18,3,0.2225,"[454.1036376953125, 57.58427047729492, 693.5459594726562, 228.27886962890625]",1
frame_0073.png,extras,meeting table set,meeting table set,meeting table set.,0.2,0.2,3,0.5765,"[441.2933349609375, 793.0865478515625, 1351.508056640625, 1187.5518798828125]",1
frame_0073.png,extras,meeting table set,large meeting table,large meeting table.,0.2,0.2,2,0.4428,"[455.2805480957031, 796.6982421875, 1345.036865234375, 1185.1612548828125]",1
frame_0073.png,extras,meeting table set,conference table,conference table.,0.2,0.2,5,0.4867,"[543.3821411132812, 812.3433227539062, 1030.9969482421875, 1176.5660400390625]",1
frame_0073.png,extras,meeting table set,metallic desk,metallic desk.,0.2,0.2,5,0.4599,"[542.6873779296875, 810.7644653320312, 1033.5865478515625, 1178.0087890625]",1
frame_0073.png,extras,meeting table set,long table with chairs,long table with chairs.,0.2,0.2,3,0.403,"[436.2215881347656, 789.3223876953125, 1357.0501708984375, 1186.8018798828125]",1
frame_0073.png,extras,meeting table set,office meeting table,office meeting table.,0.2,0.2,5,0.474,"[541.8224487304688, 811.759765625, 1031.7403564453125, 1178.466552734375]",1
frame_0073.png,extras,meeting table set,boardroom table,boardroom table.,0.2,0.2,5,0.4766,"[543.4019165039062, 812.4930419921875, 1030.1141357421875, 1178.318603515625]",1
frame_0073.png,extras,trash bin,trash bin,trash bin.,0.2,0.2,0,0.0,,0
frame_0073.png,extras,trash bin,indoor trash bin,indoor trash bin.,0.2,0.2,1,0.2636,"[2172.37646484375, 1028.2249755859375, 2379.433349609375, 1157.8221435546875]",1
frame_0073.png,extras,trash bin,garbage bin,garbage bin.,0.2,0.2,0,0.0,,0
frame_0073.png,extras,trash bin,waste bin,waste bin.,0.2,0.2,0,0.0,,0
frame_0073.png,extras,trash bin,recycling bin,recycling bin.,0.2,0.2,1,0.2801,"[2172.48828125, 1030.1505126953125, 2377.97705078125, 1157.2930908203125]",1
frame_0073.png,extras,trash bin,rubbish bin,rubbish bin.,0.2,0.2,1,0.2657,"[2172.468505859375, 1029.7679443359375, 2378.034912109375, 1157.336181640625]",1
frame_0073.png,extras,trash bin,small trash can,small trash can.,0.2,0.2,3,0.5004,"[2168.374755859375, 1020.7252807617188, 2385.865234375, 1161.832763671875]",1
frame_0073.png,extras,water fountain,water fountain,water fountain.,0.18,0.18,2,0.3117,"[1153.9439697265625, 1655.5198974609375, 1706.9141845703125, 1855.983642578125]",1
frame_0073.png,extras,water fountain,metallic water fountain,metallic water fountain.,0.18,0.18,3,0.4421,"[1152.8126220703125, 1653.3167724609375, 1707.551025390625, 1855.0325927734375]",1
frame_0073.png,extras,water fountain,drinking fountain,drinking fountain.,0.18,0.18,0,0.0,,0
frame_0073.png,extras,water fountain,water dispenser,water dispenser.,0.18,0.18,1,0.2367,"[1241.04833984375, 815.4287719726562, 1271.4522705078125, 877.3049926757812]",1
frame_0073.png,extras,water fountain,wall water fountain,wall water fountain.,0.18,0.18,2,0.4324,"[1152.90869140625, 1654.0618896484375, 1707.733154296875, 1855.260498046875]",1
frame_0073.png,extras,water fountain,stainless water fountain,stainless water fountain.,0.18,0.18,2,0.4399,"[1150.693115234375, 1650.7626953125, 1708.818603515625, 1854.5565185546875]",1
frame_0074.png,production,meeting table set,ALL_GROUP,meeting table. conference table. meeting table set.,0.35,0.35,2,0.5349,"[466.82647705078125, 777.7548828125, 1389.606201171875, 1193.5111083984375]",1
frame_0074.png,production,chair,ALL_GROUP,chair. armless chair.,0.42,0.42,1,0.4513,"[1077.559814453125, 845.6871948242188, 1254.4500732421875, 1078.4293212890625]",1
frame_0074.png,production,bench,ALL_GROUP,bench. benches. metal bench. metallic bench. waiting bench.,0.38,0.38,0,0.0,,0
frame_0074.png,production,bottle+cup+cardboard box,ALL_GROUP,bottle. dark thermos. thermos. dark thermos bottle. cup. cups. white drinking cup. white drinking cups. cardboard box. brown cardboard. brown cardboard box.,0.28,0.28,1,0.3347,"[2247.20654296875, 1032.2586669921875, 2472.536376953125, 1173.1890869140625]",1
frame_0074.png,production,water fountain+door,ALL_GROUP,water fountain. metallic fountain. metallic water fountain. door. doors. dark door. dark door surface. elevator sliding door. elevator sliding doors.,0.38,0.38,1,0.4106,"[2168.85595703125, 337.75946044921875, 2413.158447265625, 1051.4078369140625]",1
frame_0074.png,production,emergency exit sign,ALL_GROUP,emergency exit sign. exit sign.,0.5,0.5,0,0.0,,0
frame_0074.png,production,trash bin,ALL_GROUP,trash bin. trash bins. indoor trash bin.,0.45,0.45,0,0.0,,0
frame_0074.png,extras,bench,bench,bench.,0.2,0.2,1,0.2381,"[2249.891845703125, 1038.47900390625, 2467.879150390625, 1168.826171875]",1
frame_0074.png,extras,bench,metal bench,metal bench.,0.2,0.2,4,0.2889,"[3.0437493324279785, 1748.496337890625, 432.65509033203125, 1854.6417236328125]",1
frame_0074.png,extras,bench,waiting bench,waiting bench.,0.2,0.2,4,0.3683,"[1.769270896911621, 1750.7252197265625, 432.56134033203125, 1855.1351318359375]",1
frame_0074.png,extras,bench,sitting bench,sitting bench.,0.2,0.2,3,0.303,"[2.3650646209716797, 1751.5286865234375, 431.9803161621094, 1855.844970703125]",1
frame_0074.png,extras,bench,long bench,long bench.,0.2,0.2,4,0.3308,"[2.5394296646118164, 1750.498779296875, 433.743896484375, 1854.81396484375]",1
frame_0074.png,extras,bottle,bottle,bottle.,0.18,0.18,2,0.6168,"[1281.414794921875, 814.1312866210938, 1303.92236328125, 869.9492797851562]",1
frame_0074.png,extras,bottle,dark thermos bottle,dark thermos bottle.,0.18,0.18,3,0.3264,"[1277.4161376953125, 808.4613647460938, 1309.94189453125, 875.0703735351562]",1
frame_0074.png,extras,bottle,thermos bottle,thermos bottle.,0.18,0.18,1,0.3785,"[1279.5699462890625, 811.2608642578125, 1307.48583984375, 872.8898315429688]",1
frame_0074.png,extras,bottle,water bottle,water bottle.,0.18,0.18,1,0.474,"[1279.32421875, 811.879150390625, 1306.86376953125, 872.580322265625]",1
frame_0074.png,extras,bottle,drink bottle,drink bottle.,0.18,0.18,1,0.2953,"[1280.8154296875, 812.52490234375, 1306.3843994140625, 872.2807006835938]",1
frame_0074.png,extras,bottle,small bottle,small bottle.,0.18,0.18,2,0.5339,"[1277.587158203125, 809.4598388671875, 1309.183837890625, 873.6043090820312]",1
frame_0074.png,extras,cardboard box,cardboard box,cardboard box.,0.2,0.2,1,0.6547,"[2248.7236328125, 1034.707275390625, 2470.857421875, 1171.553955078125]",1
frame_0074.png,extras,cardboard box,brown cardboard box,brown cardboard box.,0.2,0.2,1,0.7033,"[2245.897705078125, 1031.1502685546875, 2473.482421875, 1173.741455078125]",1
frame_0074.png,extras,cardboard box,shipping box,shipping box.,0.2,0.2,2,0.5267,"[2249.618896484375, 1036.4625244140625, 2469.60498046875, 1170.4205322265625]",1
frame_0074.png,extras,cardboard box,package box,package box.,0.2,0.2,1,0.4014,"[2249.185546875, 1036.019775390625, 2470.107177734375, 1170.890380859375]",1
frame_0074.png,extras,cardboard box,small box,small box.,0.2,0.2,1,0.771,"[2247.724853515625, 1033.0726318359375, 2472.101806640625, 1172.6824951171875]",1
frame_0074.png,extras,cardboard box,box,box.,0.2,0.2,1,0.5766,"[2250.205322265625, 1037.78369140625, 2467.902099609375, 1168.611572265625]",1
frame_0074.png,extras,chair,chair,chair.,0.2,0.2,10,0.2975,"[1432.7138671875, 903.4593505859375, 1497.300048828125, 995.869873046875]",1
frame_0074.png,extras,chair,armless chair,armless chair.,0.2,0.2,9,0.4125,"[469.7999267578125, 811.0702514648438, 645.1818237304688, 1137.9124755859375]",1
frame_0074.png,extras,chair,office chair,office chair.,0.2,0.2,16,0.4365,"[1077.39306640625, 846.3836669921875, 1250.375732421875, 1077.8568115234375]",1
frame_0074.png,extras,chair,wheeled chair,wheeled chair.,0.2,0.2,13,0.5295,"[1078.919189453125, 845.3202514648438, 1247.7252197265625, 1077.7681884765625]",1
frame_0074.png,extras,chair,swivel chair,swivel chair.,0.2,0.2,7,0.3836,"[1077.147705078125, 844.2918701171875, 1249.2281494140625, 1079.2408447265625]",1
frame_0074.png,extras,chair,rolling chair,rolling chair.,0.2,0.2,13,0.438,"[470.94683837890625, 811.6363525390625, 645.5888671875, 1135.8160400390625]",1
frame_0074.png,extras,cup,cup,cup.,0.18,0.18,2,0.2432,"[1281.587646484375, 814.5139770507812, 1304.5306396484375, 869.3001708984375]",1
frame_0074.png,extras,cup,white drinking cup,white drinking cup.,0.18,0.18,2,0.3082,"[1273.1629638671875, 804.7300415039062, 1312.885009765625, 875.151611328125]",1
frame_0074.png,extras,cup,drinking cup,drinking cup.,0.18,0.18,0,0.0,,0
frame_0074.png,extras,cup,coffee cup,coffee cup.,0.18,0.18,0,0.0,,0
frame_0074.png,extras,cup,paper cup,paper cup.,0.18,0.18,0,0.0,,0
frame_0074.png,extras,cup,small cup,small cup.,0.18,0.18,3,0.4016,"[1157.33642578125, 1654.5401611328125, 1706.9576416015625, 1854.958251953125]",1
frame_0074.png,extras,door,door,door.,0.2,0.2,13,0.3252,"[295.5650634765625, 566.9920043945312, 479.2139892578125, 1044.52783203125]",1
frame_0074.png,extras,door,dark door surface,dark door surface.,0.2,0.2,2,0.3608,"[2164.161865234375, 327.1515808105469, 2414.641845703125, 1051.137451171875]",1
frame_0074.png,extras,door,wooden door,wooden door.,0.2,0.2,4,0.4013,"[292.5802001953125, 567.3926391601562, 480.45843505859375, 1045.9739990234375]",1
frame_0074.png,extras,door,closed door,closed door.,0.2,0.2,2,0.4091,"[292.5810241699219, 566.668212890625, 481.2171325683594, 1046.154052734375]",1
frame_0074.png,extras,door,interior door,interior door.,0.2,0.2,8,0.4019,"[293.0108337402344, 566.1991577148438, 479.93316650390625, 1044.9522705078125]",1
frame_0074.png,extras,door,single door,single door.,0.2,0.2,3,0.455,"[291.1016540527344, 565.0310668945312, 481.5582275390625, 1046.6151123046875]",1
frame_0074.png,extras,emergency exit sign,emergency exit sign,emergency exit sign.,0.18,0.18,5,0.2531,"[1761.3548583984375, 820.5914306640625, 1788.94677734375, 858.0836181640625]",1
frame_0074.png,extras,emergency exit sign,exit sign,exit sign.,0.18,0.18,3,0.2032,"[247.80712890625, 477.2813720703125, 287.3303527832031, 532.8314208984375]",1
frame_0074.png,extras,emergency exit sign,green emergency exit sign,green emergency exit sign.,0.18,0.18,4,0.3741,"[1741.8251953125, 872.9313354492188, 1794.4410400390625, 912.5034790039062]",1
frame_0074.png,extras,emergency exit sign,green exit sign,green exit sign.,0.18,0.18,1,0.4302,"[1741.7867431640625, 872.7255859375, 1794.7037353515625, 913.0067138671875]",1
frame_0074.png,extras,emergency exit sign,running man exit sign,running man exit sign.,0.18,0.18,5,0.374,"[1152.6802978515625, 1649.360107421875, 1711.77392578125, 1854.0540771484375]",1
frame_0074.png,extras,emergency exit sign,fire exit sign,fire exit sign.,0.18,0.18,1,0.1822,"[246.8717803955078, 476.5685729980469, 288.20355224609375, 534.515625]",1
frame_0074.png,extras,emergency exit sign,evacuation sign,evacuation sign.,0.18,0.18,0,0.0,,0
frame_0074.png,extras,meeting table set,meeting table set,meeting table set.,0.2,0.2,2,0.5904,"[467.45599365234375, 787.8781127929688, 1389.760498046875, 1189.4700927734375]",1
frame_0074.png,extras,meeting table set,large meeting table,large meeting table.,0.2,0.2,2,0.4299,"[494.7135009765625, 792.4280395507812, 1381.8658447265625, 1185.2225341796875]",1
frame_0074.png,extras,meeting table set,conference table,conference table.,0.2,0.2,4,0.5348,"[567.5347290039062, 806.4622802734375, 1062.09814453125, 1171.8634033203125]",1
frame_0074.png,extras,meeting table set,metallic desk,metallic desk.,0.2,0.2,4,0.5575,"[566.6536865234375, 805.6000366210938, 1064.0257568359375, 1174.517578125]",1
frame_0074.png,extras,meeting table set,long table with chairs,long table with chairs.,0.2,0.2,3,0.3801,"[463.0342102050781, 780.965087890625, 1394.6630859375, 1188.8731689453125]",1
frame_0074.png,extras,meeting table set,office meeting table,office meeting table.,0.2,0.2,4,0.5119,"[565.000732421875, 806.341796875, 1061.9178466796875, 1176.162109375]",1
frame_0074.png,extras,meeting table set,boardroom table,boardroom table.,0.2,0.2,4,0.4795,"[566.2069702148438, 807.5735473632812, 1061.9100341796875, 1174.7423095703125]",1
frame_0074.png,extras,trash bin,trash bin,trash bin.,0.2,0.2,0,0.0,,0
frame_0074.png,extras,trash bin,indoor trash bin,indoor trash bin.,0.2,0.2,1,0.2909,"[2248.5625, 1034.592041015625, 2471.466064453125, 1171.525146484375]",1
frame_0074.png,extras,trash bin,garbage bin,garbage bin.,0.2,0.2,0,0.0,,0
frame_0074.png,extras,trash bin,waste bin,waste bin.,0.2,0.2,0,0.0,,0
frame_0074.png,extras,trash bin,recycling bin,recycling bin.,0.2,0.2,1,0.3159,"[2248.83642578125, 1036.3966064453125, 2470.1865234375, 1171.11767578125]",1
frame_0074.png,extras,trash bin,rubbish bin,rubbish bin.,0.2,0.2,3,0.308,"[2248.55712890625, 1036.0506591796875, 2470.37109375, 1171.301513671875]",1
frame_0074.png,extras,trash bin,small trash can,small trash can.,0.2,0.2,4,0.4728,"[2244.106201171875, 1025.49755859375, 2479.5869140625, 1176.399169921875]",1
frame_0074.png,extras,water fountain,water fountain,water fountain.,0.18,0.18,2,0.3075,"[1155.8626708984375, 1656.1575927734375, 1708.6663818359375, 1856.1490478515625]",1
frame_0074.png,extras,water fountain,metallic water fountain,metallic water fountain.,0.18,0.18,3,0.4495,"[1154.34619140625, 1654.1197509765625, 1709.5545654296875, 1855.083984375]",1
frame_0074.png,extras,water fountain,drinking fountain,drinking fountain.,0.18,0.18,0,0.0,,0
frame_0074.png,extras,water fountain,water dispenser,water dispenser.,0.18,0.18,1,0.243,"[1277.4761962890625, 810.4232788085938, 1309.2811279296875, 874.5193481445312]",1
frame_0074.png,extras,water fountain,wall water fountain,wall water fountain.,0.18,0.18,2,0.4264,"[1154.329345703125, 1654.8839111328125, 1709.6251220703125, 1855.353515625]",1
frame_0074.png,extras,water fountain,stainless water fountain,stainless water fountain.,0.18,0.18,1,0.4343,"[1152.476318359375, 1651.69384765625, 1710.9451904296875, 1854.6085205078125]",1
frame_0075.png,production,meeting table set,ALL_GROUP,meeting table. conference table. meeting table set.,0.35,0.35,2,0.5377,"[492.5907287597656, 769.509033203125, 1433.45458984375, 1197.743408203125]",1
frame_0075.png,production,chair,ALL_GROUP,chair. armless chair.,0.42,0.42,1,0.4398,"[1112.1807861328125, 840.7936401367188, 1288.63525390625, 1078.8323974609375]",1
frame_0075.png,production,bench,ALL_GROUP,bench. benches. metal bench. metallic bench. waiting bench.,0.38,0.38,0,0.0,,0
frame_0075.png,production,bottle+cup+cardboard box,ALL_GROUP,bottle. dark thermos. thermos. dark thermos bottle. cup. cups. white drinking cup. white drinking cups. cardboard box. brown cardboard. brown cardboard box.,0.28,0.28,1,0.3448,"[2338.003173828125, 1038.26708984375, 2576.61767578125, 1189.1064453125]",1
frame_0075.png,production,water fountain+door,ALL_GROUP,water fountain. metallic fountain. metallic water fountain. door. doors. dark door. dark door surface. elevator sliding door. elevator sliding doors.,0.38,0.38,1,0.4287,"[2232.253662109375, 304.16546630859375, 2509.344970703125, 1057.762451171875]",1
frame_0075.png,production,emergency exit sign,ALL_GROUP,emergency exit sign. exit sign.,0.5,0.5,0,0.0,,0
frame_0075.png,production,trash bin,ALL_GROUP,trash bin. trash bins. indoor trash bin.,0.45,0.45,0,0.0,,0
frame_0075.png,extras,bench,bench,bench.,0.2,0.2,3,0.299,"[2341.1591796875, 1045.5885009765625, 2571.427001953125, 1184.6182861328125]",1
frame_0075.png,extras,bench,metal bench,metal bench.,0.2,0.2,3,0.2928,"[583.9092407226562, 784.815185546875, 908.8045043945312, 1179.0030517578125]",1
frame_0075.png,extras,bench,waiting bench,waiting bench.,0.2,0.2,5,0.3586,"[601.4793090820312, 791.9158935546875, 1098.90966796875, 1183.5361328125]",1
frame_0075.png,extras,bench,sitting bench,sitting bench.,0.2,0.2,3,0.3224,"[2339.700927734375, 1042.1961669921875, 2575.45654296875, 1187.3919677734375]",1
frame_0075.png,extras,bench,long bench,long bench.,0.2,0.2,3,0.393,"[2250.913818359375, 1660.349853515625, 2878.2314453125, 1854.106689453125]",1
frame_0075.png,extras,bottle,bottle,bottle.,0.18,0.18,3,0.6121,"[1322.9949951171875, 810.1063232421875, 1346.0103759765625, 866.731201171875]",1
frame_0075.png,extras,bottle,dark thermos bottle,dark thermos bottle.,0.18,0.18,3,0.3438,"[1318.9285888671875, 804.50048828125, 1351.83837890625, 872.1018676757812]",1
frame_0075.png,extras,bottle,thermos bottle,thermos bottle.,0.18,0.18,1,0.3677,"[1320.675048828125, 807.2210083007812, 1349.33544921875, 870.2243041992188]",1
frame_0075.png,extras,bottle,water bottle,water bottle.,0.18,0.18,2,0.466,"[1320.8216552734375, 807.9496459960938, 1348.688720703125, 869.6871948242188]",1
frame_0075.png,extras,bottle,drink bottle,drink bottle.,0.18,0.18,1,0.2933,"[1322.116943359375, 808.6514282226562, 1348.5035400390625, 869.2330932617188]",1
frame_0075.png,extras,bottle,small bottle,small bottle.,0.18,0.18,2,0.6043,"[1319.3482666015625, 805.2864379882812, 1351.4610595703125, 870.6676025390625]",1
frame_0075.png,extras,cardboard box,cardboard box,cardboard box.,0.2,0.2,1,0.6299,"[2339.534912109375, 1041.062255859375, 2575.1962890625, 1187.65576171875]",1
frame_0075.png,extras,cardboard box,brown cardboard box,brown cardboard box.,0.2,0.2,1,0.6963,"[2336.895751953125, 1037.269287109375, 2577.725341796875, 1189.43408203125]",1
frame_0075.png,extras,cardboard box,shipping box,shipping box.,0.2,0.2,2,0.5292,"[2340.458740234375, 1043.355712890625, 2573.419189453125, 1186.55224609375]",1
frame_0075.png,extras,cardboard box,package box,package box.,0.2,0.2,1,0.3428,"[2340.1904296875, 1042.867919921875, 2574.3115234375, 1186.94921875]",1
frame_0075.png,extras,cardboard box,small box,small box.,0.2,0.2,1,0.7584,"[2338.8720703125, 1039.2576904296875, 2575.919921875, 1188.4447021484375]",1
frame_0075.png,extras,cardboard box,box,box.,0.2,0.2,1,0.5728,"[2341.227783203125, 1045.153564453125, 2571.744140625, 1184.46826171875]",1
frame_0075.png,extras,chair,chair,chair.,0.2,0.2,7,0.3627,"[1474.546630859375, 902.157470703125, 1540.191650390625, 995.8912963867188]",1
frame_0075.png,extras,chair,armless chair,armless chair.,0.2,0.2,10,0.4189,"[586.0037841796875, 778.7755126953125, 905.44140625, 1175.6915283203125]",1
frame_0075.png,extras,chair,office chair,office chair.,0.2,0.2,16,0.4277,"[1111.9686279296875, 841.7089233398438, 1286.0396728515625, 1078.181396484375]",1
frame_0075.png,extras,chair,wheeled chair,wheeled chair.,0.2,0.2,14,0.5237,"[1113.6839599609375, 840.427001953125, 1286.4522705078125, 1078.0986328125]",1
frame_0075.png,extras,chair,swivel chair,swivel chair.,0.2,0.2,8,0.3717,"[586.9342651367188, 778.2937622070312, 905.1891479492188, 1172.103759765625]",1
frame_0075.png,extras,chair,rolling chair,rolling chair.,0.2,0.2,13,0.4476,"[585.64501953125, 779.5949096679688, 903.5931396484375, 1170.9903564453125]",1
frame_0075.png,extras,cup,cup,cup.,0.18,0.18,1,0.2372,"[1323.3359375, 810.6069946289062, 1345.9974365234375, 865.9183349609375]",1
frame_0075.png,extras,cup,white drinking cup,white drinking cup.,0.18,0.18,3,0.2971,"[1314.6207275390625, 801.6356811523438, 1354.798095703125, 873.005615234375]",1
frame_0075.png,extras,cup,drinking cup,drinking cup.,0.18,0.18,0,0.0,,0
frame_0075.png,extras,cup,coffee cup,coffee cup.,0.18,0.18,0,0.0,,0
frame_0075.png,extras,cup,paper cup,paper cup.,0.18,0.18,0,0.0,,0
frame_0075.png,extras,cup,small cup,small cup.,0.18,0.18,1,0.4942,"[1157.176513671875, 1654.0643310546875, 1704.4261474609375, 1855.204833984375]",1
frame_0075.png,extras,door,door,door.,0.2,0.2,14,0.3387,"[341.7421569824219, 568.1830444335938, 521.6802978515625, 1038.5806884765625]",1
frame_0075.png,extras,door,dark door surface,dark door surface.,0.2,0.2,2,0.3959,"[1993.5296630859375, 58.447837829589844, 2516.609375, 1073.6812744140625]",1
frame_0075.png,extras,door,wooden door,wooden door.,0.2,0.2,5,0.4086,"[337.3490295410156, 568.12060546875, 523.1835327148438, 1040.5615234375]",1
frame_0075.png,extras,door,closed door,closed door.,0.2,0.2,5,0.4078,"[337.7597351074219, 567.571533203125, 523.6502685546875, 1040.912109375]",1
frame_0075.png,extras,door,interior door,interior door.,0.2,0.2,8,0.4042,"[338.5912780761719, 567.405029296875, 522.3707885742188, 1039.882568359375]",1
frame_0075.png,extras,door,single door,single door.,0.2,0.2,3,0.4476,"[335.712890625, 565.77490234375, 524.4303588867188, 1041.70947265625]",1
frame_0075.png,extras,emergency exit sign,emergency exit sign,emergency exit sign.,0.18,0.18,5,0.276,"[1807.3294677734375, 817.7581176757812, 1836.8311767578125, 856.03173828125]",1
frame_0075.png,extras,emergency exit sign,exit sign,exit sign.,0.18,0.18,2,0.2158,"[2553.62158203125, 419.7812805175781, 2643.970703125, 537.2310791015625]",1
frame_0075.png,extras,emergency exit sign,green emergency exit sign,green emergency exit sign.,0.18,0.18,3,0.3914,"[1789.28564453125, 872.4200439453125, 1841.734375, 911.22998046875]",1
frame_0075.png,extras,emergency exit sign,green exit sign,green exit sign.,0.18,0.18,2,0.4462,"[1789.4752197265625, 872.5406494140625, 1842.2838134765625, 911.674072265625]",1
frame_0075.png,extras,emergency exit sign,running man exit sign,running man exit sign.,0.18,0.18,3,0.3928,"[1152.3585205078125, 1649.599609375, 1709.2335205078125, 1853.57861328125]",1
frame_0075.png,extras,emergency exit sign,fire exit sign,fire exit sign.,0.18,0.18,2,0.2136,"[2552.37548828125, 418.88818359375, 2645.47509765625, 538.964111328125]",1
frame_0075.png,extras,emergency exit sign,evacuation sign,evacuation sign.,0.18,0.18,3,0.2538,"[2554.84326171875, 421.60858154296875, 2642.77587890625, 536.337158203125]",1
frame_0075.png,extras,meeting table set,meeting table set,meeting table set.,0.2,0.2,2,0.6016,"[495.224365234375, 778.8585815429688, 1432.386474609375, 1192.62353515625]",1
frame_0075.png,extras,meeting table set,large meeting table,large meeting table.,0.2,0.2,2,0.4201,"[507.52581787109375, 782.1963500976562, 1426.75048828125, 1190.750732421875]",1
frame_0075.png,extras,meeting table set,conference table,conference table.,0.2,0.2,4,0.5316,"[593.7213134765625, 800.0431518554688, 1098.0018310546875, 1176.790283203125]",1
frame_0075.png,extras,meeting table set,metallic desk,metallic desk.,0.2,0.2,4,0.5651,"[592.3758544921875, 797.0836181640625, 1099.70166015625, 1178.78564453125]",1
frame_0075.png,extras,meeting table set,long table with chairs,long table with chairs.,0.2,0.2,3,0.4248,"[491.6767272949219, 775.7096557617188, 1438.7916259765625, 1192.0198974609375]",1
frame_0075.png,extras,meeting table set,office meeting table,office meeting table.,0.2,0.2,4,0.4775,"[591.6567993164062, 798.436767578125, 1098.1922607421875, 1179.1005859375]",1
frame_0075.png,extras,meeting table set,boardroom table,boardroom table.,0.2,0.2,4,0.4847,"[591.987060546875, 799.4115600585938, 1098.228515625, 1178.4542236328125]",1
frame_0075.png,extras,trash bin,trash bin,trash bin.,0.2,0.2,0,0.0,,0
frame_0075.png,extras,trash bin,indoor trash bin,indoor trash bin.,0.2,0.2,2,0.2953,"[2339.6630859375, 1041.2515869140625, 2575.574462890625, 1187.238525390625]",1
frame_0075.png,extras,trash bin,garbage bin,garbage bin.,0.2,0.2,0,0.0,,0
frame_0075.png,extras,trash bin,waste bin,waste bin.,0.2,0.2,0,0.0,,0
frame_0075.png,extras,trash bin,recycling bin,recycling bin.,0.2,0.2,3,0.3219,"[2339.826904296875, 1043.1177978515625, 2574.180908203125, 1187.0030517578125]",1
frame_0075.png,extras,trash bin,rubbish bin,rubbish bin.,0.2,0.2,4,0.314,"[2339.578125, 1042.8702392578125, 2574.3037109375, 1187.0103759765625]",1
frame_0075.png,extras,trash bin,small trash can,small trash can.,0.2,0.2,2,0.5585,"[2334.84814453125, 1031.6595458984375, 2582.58935546875, 1192.29443359375]",1
frame_0075.png,extras,water fountain,water fountain,water fountain.,0.18,0.18,2,0.2942,"[1155.49853515625, 1655.9300537109375, 1706.491455078125, 1856.0675048828125]",1
frame_0075.png,extras,water fountain,metallic water fountain,metallic water fountain.,0.18,0.18,3,0.4518,"[1154.3604736328125, 1654.1138916015625, 1707.407958984375, 1855.1044921875]",1
frame_0075.png,extras,water fountain,drinking fountain,drinking fountain.,0.18,0.18,0,0.0,,0
frame_0075.png,extras,water fountain,water dispenser,water dispenser.,0.18,0.18,0,0.0,,0
frame_0075.png,extras,water fountain,wall water fountain,wall water fountain.,0.18,0.18,2,0.4092,"[1154.203125, 1654.6744384765625, 1707.58837890625, 1855.2835693359375]",1
frame_0075.png,extras,water fountain,stainless water fountain,stainless water fountain.,0.18,0.18,2,0.4372,"[1152.194580078125, 1651.671875, 1708.8653564453125, 1854.61328125]",1
frame_0076.png,production,meeting table set,ALL_GROUP,meeting table. conference table. meeting table set.,0.35,0.35,3,0.5194,"[514.6832275390625, 766.3040771484375, 1470.0823974609375, 1209.70068359375]",1
frame_0076.png,production,chair,ALL_GROUP,chair. armless chair.,0.42,0.42,1,0.4598,"[1147.59814453125, 838.1473388671875, 1324.7568359375, 1082.03515625]",1
frame_0076.png,production,bench,ALL_GROUP,bench. benches. metal bench. metallic bench. waiting bench.,0.38,0.38,0,0.0,,0
frame_0076.png,production,bottle+cup+cardboard box,ALL_GROUP,bottle. dark thermos. thermos. dark thermos bottle. cup. cups. white drinking cup. white drinking cups. cardboard box. brown cardboard. brown cardboard box.,0.28,0.28,1,0.3143,"[2429.835693359375, 1041.027587890625, 2684.74462890625, 1200.385986328125]",1
frame_0076.png,production,water fountain+door,ALL_GROUP,water fountain. metallic fountain. metallic water fountain. door. doors. dark door. dark door surface. elevator sliding door. elevator sliding doors.,0.38,0.38,1,0.4531,"[2301.537353515625, 260.0994873046875, 2596.721923828125, 1061.5238037109375]",1
frame_0076.png,production,emergency exit sign,ALL_GROUP,emergency exit sign. exit sign.,0.5,0.5,0,0.0,,0
frame_0076.png,production,trash bin,ALL_GROUP,trash bin. trash bins. indoor trash bin.,0.45,0.45,0,0.0,,0
frame_0076.png,extras,bench,bench,bench.,0.2,0.2,4,0.2694,"[1.9054412841796875, 1754.2490234375, 437.2880859375, 1856.7467041015625]",1
frame_0076.png,extras,bench,metal bench,metal bench.,0.2,0.2,4,0.343,"[609.9580688476562, 779.2108154296875, 935.8602294921875, 1177.203369140625]",1
frame_0076.png,extras,bench,waiting bench,waiting bench.,0.2,0.2,2,0.4337,"[617.690185546875, 783.7401123046875, 1133.0123291015625, 1197.4739990234375]",1
frame_0076.png,extras,bench,sitting bench,sitting bench.,0.2,0.2,6,0.2822,"[2.2756290435791016, 1751.725830078125, 436.6250915527344, 1855.6903076171875]",1
frame_0076.png,extras,bench,long bench,long bench.,0.2,0.2,4,0.3985,"[2246.7275390625, 1655.758544921875, 2878.615966796875, 1854.026123046875]",1
frame_0076.png,extras,bottle,bottle,bottle.,0.18,0.18,2,0.6427,"[1361.5484619140625, 806.6539916992188, 1385.3604736328125, 863.1616821289062]",1
frame_0076.png,extras,bottle,dark thermos bottle,dark thermos bottle.,0.18,0.18,2,0.3828,"[1357.4530029296875, 800.3229370117188, 1391.3287353515625, 868.1395263671875]",1
frame_0076.png,extras,bottle,thermos bottle,thermos bottle.,0.18,0.18,1,0.5228,"[1358.8939208984375, 803.6904907226562, 1388.81494140625, 866.732421875]",1
frame_0076.png,extras,bottle,water bottle,water bottle.,0.18,0.18,1,0.5746,"[1359.2069091796875, 804.3419799804688, 1388.34130859375, 866.0607299804688]",1
frame_0076.png,extras,bottle,drink bottle,drink bottle.,0.18,0.18,1,0.3586,"[1360.2841796875, 805.1048583984375, 1387.67333984375, 866.004150390625]",1
frame_0076.png,extras,bottle,small bottle,small bottle.,0.18,0.18,1,0.6938,"[1357.561279296875, 801.7177734375, 1390.4990234375, 866.6309814453125]",1
frame_0076.png,extras,cardboard box,cardboard box,cardboard box.,0.2,0.2,1,0.6459,"[2431.565185546875, 1043.4105224609375, 2682.81591796875, 1198.979736328125]",1
frame_0076.png,extras,cardboard box,brown cardboard box,brown cardboard box.,0.2,0.2,1,0.7067,"[2428.656494140625, 1038.8533935546875, 2685.970458984375, 1201.100830078125]",1
frame_0076.png,extras,cardboard box,shipping box,shipping box.,0.2,0.2,5,0.5468,"[2432.487060546875, 1045.484619140625, 2681.44921875, 1197.9310302734375]",1
frame_0076.png,extras,cardboard box,package box,package box.,0.2,0.2,1,0.3561,"[2432.14111328125, 1045.0640869140625, 2682.34130859375, 1198.1810302734375]",1
frame_0076.png,extras,cardboard box,small box,small box.,0.2,0.2,1,0.7766,"[2430.611572265625, 1041.2806396484375, 2684.21923828125, 1199.83837890625]",1
frame_0076.png,extras,cardboard box,box,box.,0.2,0.2,1,0.5785,"[2433.248779296875, 1047.174560546875, 2678.902587890625, 1196.3731689453125]",1
frame_0076.png,extras,chair,chair,chair.,0.2,0.2,11,0.3873,"[1514.76953125, 900.5699462890625, 1579.54150390625, 994.2920532226562]",1
frame_0076.png,extras,chair,armless chair,armless chair.,0.2,0.2,8,0.4425,"[611.5234985351562, 774.4718627929688, 929.8777465820312, 1176.89990234375]",1
frame_0076.png,extras,chair,office chair,office chair.,0.2,0.2,19,0.4532,"[522.7149658203125, 807.4107666015625, 704.7340087890625, 1143.4027099609375]",1
frame_0076.png,extras,chair,wheeled chair,wheeled chair.,0.2,0.2,15,0.5219,"[1149.2452392578125, 837.810546875, 1324.3101806640625, 1080.731201171875]",1
frame_0076.png,extras,chair,swivel chair,swivel chair.,0.2,0.2,6,0.3987,"[612.464599609375, 773.35302734375, 930.5740966796875, 1177.239990234375]",1
frame_0076.png,extras,chair,rolling chair,rolling chair.,0.2,0.2,16,0.4255,"[521.582763671875, 805.926025390625, 707.6385498046875, 1143.444091796875]",1
frame_0076.png,extras,cup,cup,cup.,0.18,0.18,1,0.2654,"[1361.8765869140625, 807.659912109375, 1384.8724365234375, 862.4788208007812]",1
frame_0076.png,extras,cup,white drinking cup,white drinking cup.,0.18,0.18,3,0.3308,"[1352.207763671875, 797.6019287109375, 1394.20654296875, 869.6480712890625]",1
frame_0076.png,extras,cup,drinking cup,drinking cup.,0.18,0.18,0,0.0,,0
frame_0076.png,extras,cup,coffee cup,coffee cup.,0.18,0.18,0,0.0,,0
frame_0076.png,extras,cup,paper cup,paper cup.,0.18,0.18,0,0.0,,0
frame_0076.png,extras,cup,small cup,small cup.,0.18,0.18,2,0.435,"[1156.9654541015625, 1652.5140380859375, 1706.7039794921875, 1855.1038818359375]",1
frame_0076.png,extras,door,door,door.,0.2,0.2,12,0.3072,"[379.5619812011719, 571.758544921875, 561.2555541992188, 1038.6732177734375]",1
frame_0076.png,extras,door,dark door surface,dark door surface.,0.2,0.2,2,0.4586,"[2294.132080078125, 251.69102478027344, 2597.932861328125, 1060.4102783203125]",1
frame_0076.png,extras,door,wooden door,wooden door.,0.2,0.2,4,0.4236,"[2302.79443359375, 254.55804443359375, 2593.18603515625, 1059.4508056640625]",1
frame_0076.png,extras,door,closed door,closed door.,0.2,0.2,6,0.3319,"[376.782470703125, 570.4147338867188, 562.9778442382812, 1040.9324951171875]",1
frame_0076.png,extras,door,interior door,interior door.,0.2,0.2,7,0.3987,"[2303.002685546875, 251.10458374023438, 2591.971923828125, 1058.7894287109375]",1
frame_0076.png,extras,door,single door,single door.,0.2,0.2,4,0.3592,"[2302.047119140625, 253.7248992919922, 2594.373291015625, 1060.392822265625]",1
frame_0076.png,extras,emergency exit sign,emergency exit sign,emergency exit sign.,0.18,0.18,4,0.2844,"[409.7659912109375, 695.1161499023438, 544.1004638671875, 803.7792358398438]",1
frame_0076.png,extras,emergency exit sign,exit sign,exit sign.,0.18,0.18,2,0.2076,"[323.0437316894531, 480.8243103027344, 363.98211669921875, 540.8297119140625]",1
frame_0076.png,extras,emergency exit sign,green emergency exit sign,green emergency exit sign.,0.18,0.18,3,0.3564,"[1835.5208740234375, 869.1978759765625, 1888.9422607421875, 909.3081665039062]",1
frame_0076.png,extras,emergency exit sign,green exit sign,green exit sign.,0.18,0.18,2,0.4293,"[1836.0965576171875, 869.5127563476562, 1888.864990234375, 909.474365234375]",1
frame_0076.png,extras,emergency exit sign,running man exit sign,running man exit sign.,0.18,0.18,5,0.3487,"[1151.86328125, 1648.2369384765625, 1711.944091796875, 1854.42333984375]",1
frame_0076.png,extras,emergency exit sign,fire exit sign,fire exit sign.,0.18,0.18,2,0.2184,"[2653.318359375, 380.3990783691406, 2754.3271484375, 513.2095336914062]",1
frame_0076.png,extras,emergency exit sign,evacuation sign,evacuation sign.,0.18,0.18,2,0.2404,"[2655.552001953125, 383.1011657714844, 2751.515869140625, 510.6321105957031]",1
frame_0076.png,extras,meeting table set,meeting table set,meeting table set.,0.2,0.2,3,0.5461,"[517.847900390625, 775.1682739257812, 1473.2628173828125, 1205.3533935546875]",1
frame_0076.png,extras,meeting table set,large meeting table,large meeting table.,0.2,0.2,2,0.524,"[605.2002563476562, 787.9708251953125, 1133.5401611328125, 1199.0294189453125]",1
frame_0076.png,extras,meeting table set,conference table,conference table.,0.2,0.2,4,0.6306,"[613.8587646484375, 794.3548583984375, 1130.6868896484375, 1191.6719970703125]",1
frame_0076.png,extras,meeting table set,metallic desk,metallic desk.,0.2,0.2,2,0.6503,"[610.94921875, 792.12353515625, 1132.6483154296875, 1198.0574951171875]",1
frame_0076.png,extras,meeting table set,long table with chairs,long table with chairs.,0.2,0.2,2,0.4492,"[607.7207641601562, 788.287353515625, 1135.958984375, 1193.3382568359375]",1
frame_0076.png,extras,meeting table set,office meeting table,office meeting table.,0.2,0.2,4,0.573,"[611.5453491210938, 793.301513671875, 1131.3978271484375, 1195.1219482421875]",1
frame_0076.png,extras,meeting table set,boardroom table,boardroom table.,0.2,0.2,4,0.5694,"[613.3784790039062, 794.622314453125, 1130.2274169921875, 1193.30419921875]",1
frame_0076.png,extras,trash bin,trash bin,trash bin.,0.2,0.2,0,0.0,,0
frame_0076.png,extras,trash bin,indoor trash bin,indoor trash bin.,0.2,0.2,1,0.3443,"[2431.506103515625, 1043.394775390625, 2683.527099609375, 1198.813232421875]",1
frame_0076.png,extras,trash bin,garbage bin,garbage bin.,0.2,0.2,0,0.0,,0
frame_0076.png,extras,trash bin,waste bin,waste bin.,0.2,0.2,1,0.2154,"[2432.950927734375, 1045.2657470703125, 2682.356201171875, 1197.7733154296875]",1
frame_0076.png,extras,trash bin,recycling bin,recycling bin.,0.2,0.2,1,0.3521,"[2432.0302734375, 1045.2459716796875, 2682.308837890625, 1198.288818359375]",1
frame_0076.png,extras,trash bin,rubbish bin,rubbish bin.,0.2,0.2,3,0.3309,"[2431.7607421875, 1044.955078125, 2682.37255859375, 1198.330322265625]",1
frame_0076.png,extras,trash bin,small trash can,small trash can.,0.2,0.2,2,0.6367,"[2426.95068359375, 1034.18994140625, 2689.44775390625, 1203.5478515625]",1
frame_0076.png,extras,water fountain,water fountain,water fountain.,0.18,0.18,2,0.3466,"[1155.7239990234375, 1654.646240234375, 1709.0316162109375, 1856.38330078125]",1
frame_0076.png,extras,water fountain,metallic water fountain,metallic water fountain.,0.18,0.18,3,0.4585,"[1154.24462890625, 1652.7047119140625, 1709.5902099609375, 1855.09765625]",1
frame_0076.png,extras,water fountain,drinking fountain,drinking fountain.,0.18,0.18,0,0.0,,0
frame_0076.png,extras,water fountain,water dispenser,water dispenser.,0.18,0.18,1,0.2487,"[1356.889404296875, 802.802001953125, 1390.434326171875, 867.8926391601562]",1
frame_0076.png,extras,water fountain,wall water fountain,wall water fountain.,0.18,0.18,4,0.4275,"[1153.984619140625, 1653.2713623046875, 1709.8876953125, 1855.2647705078125]",1
frame_0076.png,extras,water fountain,stainless water fountain,stainless water fountain.,0.18,0.18,3,0.44,"[1151.9573974609375, 1650.0081787109375, 1710.9273681640625, 1854.6474609375]",1
frame_0077.png,production,meeting table set,ALL_GROUP,meeting table. conference table. meeting table set.,0.35,0.35,2,0.5201,"[527.3955688476562, 762.791748046875, 1494.08740234375, 1218.7862548828125]",1
frame_0077.png,production,chair,ALL_GROUP,chair. armless chair.,0.42,0.42,2,0.446,"[593.6397094726562, 770.8887329101562, 933.8617553710938, 1201.380126953125]",1
frame_0077.png,production,bench,ALL_GROUP,bench. benches. metal bench. metallic bench. waiting bench.,0.38,0.38,0,0.0,,0
frame_0077.png,production,bottle+cup+cardboard box,ALL_GROUP,bottle. dark thermos. thermos. dark thermos bottle. cup. cups. white drinking cup. white drinking cups. cardboard box. brown cardboard. brown cardboard box.,0.28,0.28,1,0.3688,"[2501.715087890625, 1041.88134765625, 2769.69140625, 1211.87939453125]",1
frame_0077.png,production,water fountain+door,ALL_GROUP,water fountain. metallic fountain. metallic water fountain. door. doors. dark door. dark door surface. elevator sliding door. elevator sliding doors.,0.38,0.38,1,0.4038,"[2338.84375, 232.98733520507812, 2661.46240234375, 1064.2823486328125]",1
frame_0077.png,production,emergency exit sign,ALL_GROUP,emergency exit sign. exit sign.,0.5,0.5,0,0.0,,0
frame_0077.png,production,trash bin,ALL_GROUP,trash bin. trash bins. indoor trash bin.,0.45,0.45,0,0.0,,0
frame_0077.png,extras,bench,bench,bench.,0.2,0.2,4,0.2606,"[2243.3701171875, 1664.8187255859375, 2878.777099609375, 1856.2967529296875]",1
frame_0077.png,extras,bench,metal bench,metal bench.,0.2,0.2,4,0.3687,"[591.8861083984375, 770.7057495117188, 934.7989501953125, 1204.085205078125]",1
frame_0077.png,extras,bench,waiting bench,waiting bench.,0.2,0.2,4,0.3867,"[586.6058959960938, 772.2169799804688, 938.5074462890625, 1196.726318359375]",1
frame_0077.png,extras,bench,sitting bench,sitting bench.,0.2,0.2,3,0.3447,"[2244.66162109375, 1662.643310546875, 2878.776611328125, 1855.107421875]",1
frame_0077.png,extras,bench,long bench,long bench.,0.2,0.2,4,0.4381,"[2244.4560546875, 1661.9581298828125, 2878.543701171875, 1854.00146484375]",1
frame_0077.png,extras,bottle,bottle,bottle.,0.18,0.18,1,0.6573,"[1381.8111572265625, 802.0597534179688, 1405.4432373046875, 860.1990966796875]",1
frame_0077.png,extras,bottle,dark thermos bottle,dark thermos bottle.,0.18,0.18,3,0.3657,"[1378.4656982421875, 795.8016357421875, 1411.631103515625, 864.71875]",1
frame_0077.png,extras,bottle,thermos bottle,thermos bottle.,0.18,0.18,1,0.4423,"[1379.76904296875, 798.8464965820312, 1408.9151611328125, 864.0392456054688]",1
frame_0077.png,extras,bottle,water bottle,water bottle.,0.18,0.18,1,0.5309,"[1379.866455078125, 799.4674072265625, 1408.5966796875, 863.4002685546875]",1
frame_0077.png,extras,bottle,drink bottle,drink bottle.,0.18,0.18,1,0.3565,"[1381.05419921875, 800.2202758789062, 1407.939697265625, 863.2484130859375]",1
frame_0077.png,extras,bottle,small bottle,small bottle.,0.18,0.18,1,0.6928,"[1378.228759765625, 797.3584594726562, 1410.5404052734375, 864.0955200195312]",1
frame_0077.png,extras,cardboard box,cardboard box,cardboard box.,0.2,0.2,1,0.7077,"[2503.08349609375, 1043.8326416015625, 2768.23974609375, 1210.2579345703125]",1
frame_0077.png,extras,cardboard box,brown cardboard box,brown cardboard box.,0.2,0.2,1,0.7312,"[2500.362548828125, 1039.396728515625, 2771.0205078125, 1212.372802734375]",1
frame_0077.png,extras,cardboard box,shipping box,shipping box.,0.2,0.2,2,0.5709,"[2503.9833984375, 1046.1104736328125, 2766.70166015625, 1209.1749267578125]",1
frame_0077.png,extras,cardboard box,package box,package box.,0.2,0.2,1,0.4089,"[2503.708251953125, 1045.6234130859375, 2767.6826171875, 1209.5870361328125]",1
frame_0077.png,extras,cardboard box,small box,small box.,0.2,0.2,1,0.7939,"[2502.41845703125, 1041.7537841796875, 2769.26806640625, 1211.6041259765625]",1
frame_0077.png,extras,cardboard box,box,box.,0.2,0.2,1,0.6207,"[2504.870849609375, 1047.5653076171875, 2765.394287109375, 1207.3485107421875]",1
frame_0077.png,extras,chair,chair,chair.,0.2,0.2,10,0.3573,"[1535.193115234375, 898.221435546875, 1602.3656005859375, 994.14794921875]",1
frame_0077.png,extras,chair,armless chair,armless chair.,0.2,0.2,7,0.5181,"[592.2543334960938, 770.0621337890625, 933.6325073242188, 1200.0823974609375]",1
frame_0077.png,extras,chair,office chair,office chair.,0.2,0.2,18,0.4341,"[520.65185546875, 806.7257690429688, 718.0582275390625, 1146.274658203125]",1
frame_0077.png,extras,chair,wheeled chair,wheeled chair.,0.2,0.2,15,0.5271,"[598.9368286132812, 769.718017578125, 926.7860107421875, 1197.8140869140625]",1
frame_0077.png,extras,chair,swivel chair,swivel chair.,0.2,0.2,5,0.4695,"[593.468505859375, 769.2965087890625, 933.3858032226562, 1197.52734375]",1
frame_0077.png,extras,chair,rolling chair,rolling chair.,0.2,0.2,12,0.4593,"[596.0476684570312, 770.0751342773438, 930.0234985351562, 1199.27294921875]",1
frame_0077.png,extras,cup,cup,cup.,0.18,0.18,1,0.2543,"[1383.2398681640625, 803.063232421875, 1405.5863037109375, 859.4993896484375]",1
frame_0077.png,extras,cup,white drinking cup,white drinking cup.,0.18,0.18,3,0.3947,"[1373.5057373046875, 792.8502807617188, 1415.307861328125, 867.1118774414062]",1
frame_0077.png,extras,cup,drinking cup,drinking cup.,0.18,0.18,0,0.0,,0
frame_0077.png,extras,cup,coffee cup,coffee cup.,0.18,0.18,0,0.0,,0
frame_0077.png,extras,cup,paper cup,paper cup.,0.18,0.18,0,0.0,,0
frame_0077.png,extras,cup,small cup,small cup.,0.18,0.18,2,0.3699,"[1157.449462890625, 1653.0982666015625, 1705.8221435546875, 1854.7581787109375]",1
frame_0077.png,extras,door,door,door.,0.2,0.2,13,0.2819,"[2168.599853515625, 565.8412475585938, 2269.54443359375, 1003.12841796875]",1
frame_0077.png,extras,door,dark door surface,dark door surface.,0.2,0.2,3,0.4265,"[2334.810791015625, 220.14183044433594, 2663.11328125, 1062.45849609375]",1
frame_0077.png,extras,door,wooden door,wooden door.,0.2,0.2,6,0.3013,"[2164.304931640625, 563.1566772460938, 2271.388916015625, 1005.8550415039062]",1
frame_0077.png,extras,door,closed door,closed door.,0.2,0.2,8,0.2652,"[2164.164794921875, 565.0433349609375, 2271.226806640625, 1005.7119140625]",1
frame_0077.png,extras,door,interior door,interior door.,0.2,0.2,9,0.3034,"[2341.68701171875, 219.40309143066406, 2656.33251953125, 1061.1600341796875]",1
frame_0077.png,extras,door,single door,single door.,0.2,0.2,7,0.2722,"[2163.205322265625, 564.1985473632812, 2271.806640625, 1006.479736328125]",1
frame_0077.png,extras,emergency exit sign,emergency exit sign,emergency exit sign.,0.18,0.18,6,0.3354,"[2735.313232421875, 347.57806396484375, 2840.85986328125, 479.718994140625]",1
frame_0077.png,extras,emergency exit sign,exit sign,exit sign.,0.18,0.18,2,0.2867,"[2736.054931640625, 347.1998291015625, 2840.7431640625, 480.0648498535156]",1
frame_0077.png,extras,emergency exit sign,green emergency exit sign,green emergency exit sign.,0.18,0.18,3,0.374,"[1859.3388671875, 866.0311889648438, 1918.3992919921875, 908.164306640625]",1
frame_0077.png,extras,emergency exit sign,green exit sign,green exit sign.,0.18,0.18,2,0.4121,"[1859.36962890625, 865.9743041992188, 1918.6414794921875, 908.1994018554688]",1
frame_0077.png,extras,emergency exit sign,running man exit sign,running man exit sign.,0.18,0.18,5,0.3383,"[1152.691162109375, 1648.77294921875, 1710.3468017578125, 1853.2259521484375]",1
frame_0077.png,extras,emergency exit sign,fire exit sign,fire exit sign.,0.18,0.18,3,0.3048,"[2734.466064453125, 345.84710693359375, 2842.62353515625, 482.19122314453125]",1
frame_0077.png,extras,emergency exit sign,evacuation sign,evacuation sign.,0.18,0.18,3,0.3229,"[2737.090087890625, 348.76153564453125, 2839.76318359375, 478.7352294921875]",1
frame_0077.png,extras,meeting table set,meeting table set,meeting table set.,0.2,0.2,2,0.5362,"[520.0836181640625, 769.1669311523438, 1495.925537109375, 1216.1292724609375]",1
frame_0077.png,extras,meeting table set,large meeting table,large meeting table.,0.2,0.2,2,0.5395,"[602.781982421875, 780.8211669921875, 1145.6900634765625, 1208.7789306640625]",1
frame_0077.png,extras,meeting table set,conference table,conference table.,0.2,0.2,4,0.6407,"[610.2787475585938, 788.4700927734375, 1142.61181640625, 1201.4437255859375]",1
frame_0077.png,extras,meeting table set,metallic desk,metallic desk.,0.2,0.2,2,0.6784,"[608.9166259765625, 785.855224609375, 1143.668212890625, 1205.689453125]",1
frame_0077.png,extras,meeting table set,long table with chairs,long table with chairs.,0.2,0.2,2,0.4633,"[602.2301025390625, 780.72216796875, 1147.5889892578125, 1205.21484375]",1
frame_0077.png,extras,meeting table set,office meeting table,office meeting table.,0.2,0.2,4,0.5707,"[607.1527099609375, 788.0096435546875, 1142.58203125, 1203.4451904296875]",1
frame_0077.png,extras,meeting table set,boardroom table,boardroom table.,0.2,0.2,4,0.5787,"[609.8873901367188, 789.2008666992188, 1141.7008056640625, 1202.6053466796875]",1
frame_0077.png,extras,trash bin,trash bin,trash bin.,0.2,0.2,0,0.0,,0
frame_0077.png,extras,trash bin,indoor trash bin,indoor trash bin.,0.2,0.2,2,0.3182,"[2503.24755859375, 1043.940673828125, 2768.94921875, 1210.193359375]",1
frame_0077.png,extras,trash bin,garbage bin,garbage bin.,0.2,0.2,0,0.0,,0
frame_0077.png,extras,trash bin,waste bin,waste bin.,0.2,0.2,0,0.0,,0
frame_0077.png,extras,trash bin,recycling bin,recycling bin.,0.2,0.2,1,0.3247,"[2503.61962890625, 1045.9879150390625, 2767.715576171875, 1209.6260986328125]",1
frame_0077.png,extras,trash bin,rubbish bin,rubbish bin.,0.2,0.2,1,0.3137,"[2503.32080078125, 1045.647216796875, 2767.892822265625, 1209.75]",1
frame_0077.png,extras,trash bin,small trash can,small trash can.,0.2,0.2,2,0.4696,"[2497.61474609375, 1034.0567626953125, 2776.0380859375, 1215.3084716796875]",1
frame_0077.png,extras,water fountain,water fountain,water fountain.,0.18,0.18,2,0.2959,"[1155.286865234375, 1655.1875, 1708.0830078125, 1855.7880859375]",1
frame_0077.png,extras,water fountain,metallic water fountain,metallic water fountain.,0.18,0.18,3,0.4189,"[1153.7496337890625, 1653.056884765625, 1708.72900390625, 1854.6300048828125]",1
frame_0077.png,extras,water fountain,drinking fountain,drinking fountain.,0.18,0.18,0,0.0,,0
frame_0077.png,extras,water fountain,water dispenser,water dispenser.,0.18,0.18,1,0.2522,"[1378.0234375, 798.7904663085938, 1410.8494873046875, 864.3862915039062]",1
frame_0077.png,extras,water fountain,wall water fountain,wall water fountain.,0.18,0.18,4,0.3988,"[1153.7689208984375, 1653.6307373046875, 1708.987548828125, 1854.884765625]",1
frame_0077.png,extras,water fountain,stainless water fountain,stainless water fountain.,0.18,0.18,3,0.405,"[1152.022216796875, 1650.6043701171875, 1710.11669921875, 1854.1441650390625]",1
frame_0078.png,production,meeting table set,ALL_GROUP,meeting table. conference table. meeting table set.,0.35,0.35,3,0.4903,"[571.9195556640625, 771.0704956054688, 1137.052734375, 1217.0675048828125]",1
frame_0078.png,production,chair,ALL_GROUP,chair. armless chair.,0.42,0.42,1,0.4557,"[1151.428466796875, 831.4772338867188, 1355.076171875, 1090.3184814453125]",1
frame_0078.png,production,bench,ALL_GROUP,bench. benches. metal bench. metallic bench. waiting bench.,0.38,0.38,0,0.0,,0
frame_0078.png,production,bottle+cup+cardboard box,ALL_GROUP,bottle. dark thermos. thermos. dark thermos bottle. cup. cups. white drinking cup. white drinking cups. cardboard box. brown cardboard. brown cardboard box.,0.28,0.28,1,0.4034,"[2550.892333984375, 1049.64697265625, 2829.378173828125, 1227.9649658203125]",1
frame_0078.png,production,water fountain+door,ALL_GROUP,water fountain. metallic fountain. metallic water fountain. door. doors. dark door. dark door surface. elevator sliding door. elevator sliding doors.,0.38,0.38,2,0.3948,"[2366.831298828125, 206.4868621826172, 2701.617919921875, 1075.26123046875]",1
frame_0078.png,production,emergency exit sign,ALL_GROUP,emergency exit sign. exit sign.,0.5,0.5,0,0.0,,0
frame_0078.png,production,trash bin,ALL_GROUP,trash bin. trash bins. indoor trash bin.,0.45,0.45,0,0.0,,0
frame_0078.png,extras,bench,bench,bench.,0.2,0.2,3,0.2617,"[2244.419677734375, 1664.4190673828125, 2878.787109375, 1856.393798828125]",1
frame_0078.png,extras,bench,metal bench,metal bench.,0.2,0.2,4,0.3565,"[2244.768310546875, 1660.00927734375, 2877.91748046875, 1853.523681640625]",1
frame_0078.png,extras,bench,waiting bench,waiting bench.,0.2,0.2,4,0.4167,"[583.044921875, 766.7824096679688, 1136.2745361328125, 1216.9276123046875]",1
frame_0078.png,extras,bench,sitting bench,sitting bench.,0.2,0.2,3,0.3831,"[2245.7578125, 1662.17822265625, 2878.804443359375, 1855.3612060546875]",1
frame_0078.png,extras,bench,long bench,long bench.,0.2,0.2,4,0.4428,"[2245.683837890625, 1661.5360107421875, 2878.461669921875, 1853.979248046875]",1
frame_0078.png,extras,bottle,bottle,bottle.,0.18,0.18,2,0.6618,"[1385.99072265625, 797.5380249023438, 1409.561767578125, 859.3602905273438]",1
frame_0078.png,extras,bottle,dark thermos bottle,dark thermos bottle.,0.18,0.18,3,0.3837,"[1381.800048828125, 791.1619262695312, 1416.2279052734375, 864.0214233398438]",1
frame_0078.png,extras,bottle,thermos bottle,thermos bottle.,0.18,0.18,1,0.4036,"[1383.66650390625, 794.6895141601562, 1413.2662353515625, 862.8916625976562]",1
frame_0078.png,extras,bottle,water bottle,water bottle.,0.18,0.18,1,0.4979,"[1383.842529296875, 795.287841796875, 1412.928466796875, 862.4486083984375]",1
frame_0078.png,extras,bottle,drink bottle,drink bottle.,0.18,0.18,1,0.3501,"[1385.5079345703125, 795.8386840820312, 1412.4434814453125, 862.2930908203125]",1
frame_0078.png,extras,bottle,small bottle,small bottle.,0.18,0.18,1,0.6694,"[1382.1806640625, 792.6304931640625, 1414.826171875, 863.572265625]",1
frame_0078.png,extras,cardboard box,cardboard box,cardboard box.,0.2,0.2,1,0.7158,"[2551.84619140625, 1052.09912109375, 2828.14306640625, 1226.6170654296875]",1
frame_0078.png,extras,cardboard box,brown cardboard box,brown cardboard box.,0.2,0.2,1,0.7427,"[2549.3466796875, 1048.10498046875, 2830.467041015625, 1228.608154296875]",1
frame_0078.png,extras,cardboard box,shipping box,shipping box.,0.2,0.2,2,0.5682,"[2553.0576171875, 1054.3236083984375, 2826.49951171875, 1225.6231689453125]",1
frame_0078.png,extras,cardboard box,package box,package box.,0.2,0.2,1,0.4134,"[2552.964111328125, 1053.71337890625, 2827.5869140625, 1225.9520263671875]",1
frame_0078.png,extras,cardboard box,small box,small box.,0.2,0.2,1,0.7692,"[2551.391357421875, 1050.33349609375, 2828.93798828125, 1227.7794189453125]",1
frame_0078.png,extras,cardboard box,box,box.,0.2,0.2,1,0.6436,"[2553.518310546875, 1056.1270751953125, 2825.36279296875, 1223.5721435546875]",1
frame_0078.png,extras,chair,chair,chair.,0.2,0.2,12,0.3202,"[492.8941955566406, 798.070068359375, 726.72314453125, 1151.113037109375]",1
frame_0078.png,extras,chair,armless chair,armless chair.,0.2,0.2,5,0.4852,"[575.4229736328125, 760.5693359375, 908.9583129882812, 1199.74365234375]",1
frame_0078.png,extras,chair,office chair,office chair.,0.2,0.2,22,0.4332,"[1154.089599609375, 832.4057006835938, 1359.480224609375, 1090.121826171875]",1
frame_0078.png,extras,chair,wheeled chair,wheeled chair.,0.2,0.2,14,0.5047,"[1154.2144775390625, 830.98876953125, 1352.6573486328125, 1089.58251953125]",1
frame_0078.png,extras,chair,swivel chair,swivel chair.,0.2,0.2,6,0.4535,"[575.35986328125, 760.1405029296875, 909.77783203125, 1193.927490234375]",1
frame_0078.png,extras,chair,rolling chair,rolling chair.,0.2,0.2,15,0.4393,"[578.0601806640625, 761.4462280273438, 907.7991943359375, 1199.43896484375]",1
frame_0078.png,extras,cup,cup,cup.,0.18,0.18,2,0.2784,"[1810.28662109375, 979.9161376953125, 1823.771728515625, 991.8402709960938]",1
frame_0078.png,extras,cup,white drinking cup,white drinking cup.,0.18,0.18,2,0.4549,"[1376.8756103515625, 788.148681640625, 1419.4041748046875, 866.9630126953125]",1
frame_0078.png,extras,cup,drinking cup,drinking cup.,0.18,0.18,0,0.0,,0
frame_0078.png,extras,cup,coffee cup,coffee cup.,0.18,0.18,0,0.0,,0
frame_0078.png,extras,cup,paper cup,paper cup.,0.18,0.18,0,0.0,,0
frame_0078.png,extras,cup,small cup,small cup.,0.18,0.18,4,0.3482,"[1156.9527587890625, 1652.9766845703125, 1705.0667724609375, 1854.6995849609375]",1
frame_0078.png,extras,door,door,door.,0.2,0.2,14,0.298,"[2260.60498046875, 591.1886596679688, 2352.922607421875, 1031.2757568359375]",1
frame_0078.png,extras,door,dark door surface,dark door surface.,0.2,0.2,2,0.4866,"[2360.569580078125, 197.95953369140625, 2703.176025390625, 1074.0379638671875]",1
frame_0078.png,extras,door,wooden door,wooden door.,0.2,0.2,9,0.3057,"[2258.43359375, 589.721435546875, 2355.435546875, 1032.7459716796875]",1
frame_0078.png,extras,door,closed door,closed door.,0.2,0.2,7,0.3275,"[2258.23193359375, 589.975341796875, 2355.281005859375, 1032.9649658203125]",1
frame_0078.png,extras,door,interior door,interior door.,0.2,0.2,9,0.328,"[2371.26171875, 197.63792419433594, 2695.715576171875, 1069.8421630859375]",1
frame_0078.png,extras,door,single door,single door.,0.2,0.2,8,0.2986,"[2258.321044921875, 588.6495361328125, 2355.884521484375, 1032.63427734375]",1
frame_0078.png,extras,emergency exit sign,emergency exit sign,emergency exit sign.,0.18,0.18,4,0.2614,"[415.281494140625, 690.6567993164062, 551.8831787109375, 798.5799560546875]",1
frame_0078.png,extras,emergency exit sign,exit sign,exit sign.,0.18,0.18,1,0.1907,"[2797.373779296875, 328.7104797363281, 2877.885498046875, 468.6971740722656]",1
frame_0078.png,extras,emergency exit sign,green emergency exit sign,green emergency exit sign.,0.18,0.18,4,0.3795,"[1868.9007568359375, 867.7587890625, 1925.3739013671875, 908.555908203125]",1
frame_0078.png,extras,emergency exit sign,green exit sign,green exit sign.,0.18,0.18,2,0.4396,"[1869.014404296875, 867.7724609375, 1925.38623046875, 908.6384887695312]",1
frame_0078.png,extras,emergency exit sign,running man exit sign,running man exit sign.,0.18,0.18,2,0.427,"[1151.555908203125, 1647.9227294921875, 1709.455810546875, 1853.250244140625]",1
frame_0078.png,extras,emergency exit sign,fire exit sign,fire exit sign.,0.18,0.18,0,0.0,,0
frame_0078.png,extras,emergency exit sign,evacuation sign,evacuation sign.,0.18,0.18,3,0.2012,"[2797.80322265625, 329.8540344238281, 2878.175048828125, 469.08502197265625]",1
frame_0078.png,extras,meeting table set,meeting table set,meeting table set.,0.2,0.2,3,0.5013,"[487.82891845703125, 759.7638549804688, 1500.1370849609375, 1227.661376953125]",1
frame_0078.png,extras,meeting table set,large meeting table,large meeting table.,0.2,0.2,2,0.6669,"[570.3738403320312, 768.3115844726562, 1137.2398681640625, 1221.3443603515625]",1
frame_0078.png,extras,meeting table set,conference table,conference table.,0.2,0.2,3,0.7002,"[577.1179809570312, 776.3968505859375, 1135.556884765625, 1214.26318359375]",1
frame_0078.png,extras,meeting table set,metallic desk,metallic desk.,0.2,0.2,2,0.7381,"[578.2146606445312, 773.3388671875, 1136.248046875, 1217.5306396484375]",1
frame_0078.png,extras,meeting table set,long table with chairs,long table with chairs.,0.2,0.2,3,0.4174,"[494.3106994628906, 759.1930541992188, 1151.5509033203125, 1224.40966796875]",1
frame_0078.png,extras,meeting table set,office meeting table,office meeting table.,0.2,0.2,4,0.645,"[575.8939819335938, 775.4103393554688, 1135.63916015625, 1215.9068603515625]",1
frame_0078.png,extras,meeting table set,boardroom table,boardroom table.,0.2,0.2,4,0.6559,"[578.4724731445312, 776.6012573242188, 1134.9456787109375, 1214.4910888671875]",1
frame_0078.png,extras,trash bin,trash bin,trash bin.,0.2,0.2,0,0.0,,0
frame_0078.png,extras,trash bin,indoor trash bin,indoor trash bin.,0.2,0.2,2,0.2542,"[2551.980224609375, 1052.23291015625, 2829.095703125, 1226.388671875]",1
frame_0078.png,extras,trash bin,garbage bin,garbage bin.,0.2,0.2,0,0.0,,0
frame_0078.png,extras,trash bin,waste bin,waste bin.,0.2,0.2,0,0.0,,0
frame_0078.png,extras,trash bin,recycling bin,recycling bin.,0.2,0.2,2,0.2937,"[2552.586181640625, 1054.256103515625, 2827.733642578125, 1225.9781494140625]",1
frame_0078.png,extras,trash bin,rubbish bin,rubbish bin.,0.2,0.2,3,0.3011,"[2552.030517578125, 1053.8890380859375, 2828.062255859375, 1226.09619140625]",1
frame_0078.png,extras,trash bin,small trash can,small trash can.,0.2,0.2,2,0.5069,"[1534.3150634765625, 888.957275390625, 1613.466064453125, 999.7078857421875]",1
frame_0078.png,extras,water fountain,water fountain,water fountain.,0.18,0.18,1,0.2531,"[1154.395751953125, 1655.0235595703125, 1707.373291015625, 1855.692138671875]",1
frame_0078.png,extras,water fountain,metallic water fountain,metallic water fountain.,0.18,0.18,2,0.3898,"[1153.21044921875, 1652.959716796875, 1707.964111328125, 1854.679931640625]",1
frame_0078.png,extras,water fountain,drinking fountain,drinking fountain.,0.18,0.18,0,0.0,,0
frame_0078.png,extras,water fountain,water dispenser,water dispenser.,0.18,0.18,1,0.2094,"[1382.4505615234375, 794.1371459960938, 1415.8333740234375, 863.1949462890625]",1
frame_0078.png,extras,water fountain,wall water fountain,wall water fountain.,0.18,0.18,3,0.3809,"[1153.0771484375, 1653.4456787109375, 1708.1590576171875, 1854.9921875]",1
frame_0078.png,extras,water fountain,stainless water fountain,stainless water fountain.,0.18,0.18,2,0.3834,"[1151.1082763671875, 1650.3167724609375, 1709.4862060546875, 1854.09912109375]",1
frame_0079.png,production,meeting table set,ALL_GROUP,meeting table. conference table. meeting table set.,0.35,0.35,4,0.5015,"[456.7403564453125, 738.2106323242188, 1499.8394775390625, 1243.6265869140625]",1
frame_0079.png,production,chair,ALL_GROUP,chair. armless chair.,0.42,0.42,4,0.4758,"[543.8138427734375, 748.2245483398438, 896.1849975585938, 1230.9462890625]",1
frame_0079.png,production,bench,ALL_GROUP,bench. benches. metal bench. metallic bench. waiting bench.,0.38,0.38,0,0.0,,0
frame_0079.png,production,bottle+cup+cardboard box,ALL_GROUP,bottle. dark thermos. thermos. dark thermos bottle. cup. cups. white drinking cup. white drinking cups. cardboard box. brown cardboard. brown cardboard box.,0.28,0.28,1,0.3406,"[2602.530029296875, 1055.5169677734375, 2877.28369140625, 1241.6611328125]",1
frame_0079.png,production,water fountain+door,ALL_GROUP,water fountain. metallic fountain. metallic water fountain. door. doors. dark door. dark door surface. elevator sliding door. elevator sliding doors.,0.38,0.38,1,0.4117,"[2387.473388671875, 183.3313446044922, 2740.230712890625, 1082.532470703125]",1
frame_0079.png,production,emergency exit sign,ALL_GROUP,emergency exit sign. exit sign.,0.5,0.5,0,0.0,,0
frame_0079.png,production,trash bin,ALL_GROUP,trash bin. trash bins. indoor trash bin.,0.45,0.45,0,0.0,,0
frame_0079.png,extras,bench,bench,bench.,0.2,0.2,4,0.2621,"[2604.119384765625, 1062.9298095703125, 2878.656982421875, 1237.370849609375]",1
frame_0079.png,extras,bench,metal bench,metal bench.,0.2,0.2,5,0.3847,"[2244.03076171875, 1660.9283447265625, 2877.958984375, 1853.415771484375]",1
frame_0079.png,extras,bench,waiting bench,waiting bench.,0.2,0.2,3,0.4478,"[552.1217041015625, 753.4241943359375, 1127.384521484375, 1231.5123291015625]",1
frame_0079.png,extras,bench,sitting bench,sitting bench.,0.2,0.2,5,0.395,"[2245.00146484375, 1663.1243896484375, 2878.784423828125, 1855.4410400390625]",1
frame_0079.png,extras,bench,long bench,long bench.,0.2,0.2,4,0.4591,"[2244.820556640625, 1662.4024658203125, 2878.51708984375, 1854.0264892578125]",1
frame_0079.png,extras,bottle,bottle,bottle.,0.18,0.18,2,0.6653,"[1386.513671875, 791.8316650390625, 1410.968017578125, 854.2430419921875]",1
frame_0079.png,extras,bottle,dark thermos bottle,dark thermos bottle.,0.18,0.18,2,0.4049,"[1382.099853515625, 784.9425048828125, 1417.3746337890625, 859.719482421875]",1
frame_0079.png,extras,bottle,thermos bottle,thermos bottle.,0.18,0.18,1,0.4419,"[1384.49658203125, 788.6097412109375, 1414.259765625, 857.9948120117188]",1
frame_0079.png,extras,bottle,water bottle,water bottle.,0.18,0.18,1,0.5559,"[1384.5087890625, 789.2333984375, 1413.852294921875, 857.5339965820312]",1
frame_0079.png,extras,bottle,drink bottle,drink bottle.,0.18,0.18,1,0.3672,"[1385.5860595703125, 790.6737670898438, 1413.0286865234375, 857.0521850585938]",1
frame_0079.png,extras,bottle,small bottle,small bottle.,0.18,0.18,1,0.6626,"[1382.8642578125, 786.3793334960938, 1415.6334228515625, 858.4505615234375]",1
frame_0079.png,extras,cardboard box,cardboard box,cardboard box.,0.2,0.2,1,0.618,"[2603.39404296875, 1058.46484375, 2877.57373046875, 1239.9085693359375]",1
frame_0079.png,extras,cardboard box,brown cardboard box,brown cardboard box.,0.2,0.2,1,0.6998,"[2600.84326171875, 1054.6431884765625, 2876.103515625, 1241.735107421875]",1
frame_0079.png,extras,cardboard box,shipping box,shipping box.,0.2,0.2,2,0.5343,"[2604.062255859375, 1060.5487060546875, 2878.12890625, 1239.1719970703125]",1
frame_0079.png,extras,cardboard box,package box,package box.,0.2,0.2,1,0.3217,"[2603.680419921875, 1060.038818359375, 2878.700927734375, 1239.248779296875]",1
frame_0079.png,extras,cardboard box,small box,small box.,0.2,0.2,1,0.6944,"[2602.70849609375, 1056.6383056640625, 2876.706787109375, 1240.5689697265625]",1
frame_0079.png,extras,cardboard box,box,box.,0.2,0.2,1,0.5523,"[2604.714111328125, 1062.423095703125, 2878.628662109375, 1237.2608642578125]",1
frame_0079.png,extras,chair,chair,chair.,0.2,0.2,13,0.3327,"[1543.0281982421875, 895.2168579101562, 1609.957275390625, 994.4446411132812]",1
frame_0079.png,extras,chair,armless chair,armless chair.,0.2,0.2,6,0.5305,"[541.1265869140625, 746.412109375, 895.1118774414062, 1223.84033203125]",1
frame_0079.png,extras,chair,office chair,office chair.,0.2,0.2,19,0.4739,"[1139.0889892578125, 825.6723022460938, 1365.751953125, 1092.056396484375]",1
frame_0079.png,extras,chair,wheeled chair,wheeled chair.,0.2,0.2,13,0.5267,"[1141.932373046875, 824.2906494140625, 1356.530029296875, 1091.5662841796875]",1
frame_0079.png,extras,chair,swivel chair,swivel chair.,0.2,0.2,5,0.4886,"[542.5241088867188, 746.4169311523438, 896.2003784179688, 1219.90869140625]",1
frame_0079.png,extras,chair,rolling chair,rolling chair.,0.2,0.2,10,0.4707,"[1140.0355224609375, 824.82861328125, 1362.5283203125, 1092.09619140625]",1
frame_0079.png,extras,cup,cup,cup.,0.18,0.18,1,0.2486,"[1387.40478515625, 793.3181762695312, 1410.689208984375, 853.1414184570312]",1
frame_0079.png,extras,cup,white drinking cup,white drinking cup.,0.18,0.18,2,0.4738,"[1378.2318115234375, 781.8155517578125, 1421.08837890625, 861.5986328125]",1
frame_0079.png,extras,cup,drinking cup,drinking cup.,0.18,0.18,0,0.0,,0
frame_0079.png,extras,cup,coffee cup,coffee cup.,0.18,0.18,0,0.0,,0
frame_0079.png,extras,cup,paper cup,paper cup.,0.18,0.18,0,0.0,,0
frame_0079.png,extras,cup,small cup,small cup.,0.18,0.18,2,0.3332,"[1382.53076171875, 786.4511108398438, 1416.968505859375, 857.7455444335938]",1
frame_0079.png,extras,door,door,door.,0.2,0.2,10,0.2602,"[2194.511474609375, 555.3961181640625, 2301.236572265625, 1010.0341796875]",1
frame_0079.png,extras,door,dark door surface,dark door surface.,0.2,0.2,1,0.4819,"[2383.606201171875, 178.14944458007812, 2742.068115234375, 1081.3236083984375]",1
frame_0079.png,extras,door,wooden door,wooden door.,0.2,0.2,7,0.3187,"[2390.59375, 177.11111450195312, 2736.451904296875, 1078.1802978515625]",1
frame_0079.png,extras,door,closed door,closed door.,0.2,0.2,6,0.2743,"[2346.112060546875, 507.0022888183594, 2478.4765625, 1056.313232421875]",1
frame_0079.png,extras,door,interior door,interior door.,0.2,0.2,10,0.3367,"[2390.820556640625, 174.79586791992188, 2736.049072265625, 1077.562255859375]",1
frame_0079.png,extras,door,single door,single door.,0.2,0.2,6,0.2825,"[2392.4970703125, 177.20565795898438, 2737.05322265625, 1079.100341796875]",1
frame_0079.png,extras,emergency exit sign,emergency exit sign,emergency exit sign.,0.18,0.18,5,0.2568,"[1892.286865234375, 805.3829956054688, 1924.09814453125, 847.8872680664062]",1
frame_0079.png,extras,emergency exit sign,exit sign,exit sign.,0.18,0.18,1,0.1935,"[305.0999450683594, 461.1789855957031, 346.50286865234375, 521.1746215820312]",1
frame_0079.png,extras,emergency exit sign,green emergency exit sign,green emergency exit sign.,0.18,0.18,2,0.3753,"[1874.2587890625, 865.5514526367188, 1932.7548828125, 906.6980590820312]",1
frame_0079.png,extras,emergency exit sign,green exit sign,green exit sign.,0.18,0.18,3,0.3777,"[1874.4818115234375, 865.7340087890625, 1932.599853515625, 906.931640625]",1
frame_0079.png,extras,emergency exit sign,running man exit sign,running man exit sign.,0.18,0.18,2,0.4417,"[1153.619140625, 1648.412841796875, 1708.682373046875, 1853.46142578125]",1
frame_0079.png,extras,emergency exit sign,fire exit sign,fire exit sign.,0.18,0.18,3,0.1895,"[304.1667175292969, 460.4990539550781, 347.5695495605469, 522.9178466796875]",1
frame_0079.png,extras,emergency exit sign,evacuation sign,evacuation sign.,0.18,0.18,2,0.209,"[1893.81005859375, 806.6093139648438, 1923.5006103515625, 846.8604736328125]",1
frame_0079.png,extras,meeting table set,meeting table set,meeting table set.,0.2,0.2,3,0.4944,"[460.0442810058594, 748.1587524414062, 1501.939208984375, 1240.8797607421875]",1
frame_0079.png,extras,meeting table set,large meeting table,large meeting table.,0.2,0.2,2,0.5803,"[542.060791015625, 757.2164916992188, 1128.118408203125, 1229.4285888671875]",1
frame_0079.png,extras,meeting table set,conference table,conference table.,0.2,0.2,3,0.6453,"[549.3505859375, 763.88671875, 1124.2625732421875, 1222.0390625]",1
frame_0079.png,extras,meeting table set,metallic desk,metallic desk.,0.2,0.2,2,0.6535,"[549.5408935546875, 761.4164428710938, 1126.0330810546875, 1224.7745361328125]",1
frame_0079.png,extras,meeting table set,long table with chairs,long table with chairs.,0.2,0.2,4,0.4549,"[451.2294006347656, 745.0117797851562, 1509.1783447265625, 1239.3743896484375]",1
frame_0079.png,extras,meeting table set,office meeting table,office meeting table.,0.2,0.2,4,0.5849,"[547.6405639648438, 762.9553833007812, 1125.0076904296875, 1224.635009765625]",1
frame_0079.png,extras,meeting table set,boardroom table,boardroom table.,0.2,0.2,5,0.6004,"[549.5384521484375, 764.1728515625, 1123.7401123046875, 1222.7919921875]",1
frame_0079.png,extras,trash bin,trash bin,trash bin.,0.2,0.2,0,0.0,,0
frame_0079.png,extras,trash bin,indoor trash bin,indoor trash bin.,0.2,0.2,2,0.2833,"[1542.3028564453125, 893.4356079101562, 1610.5618896484375, 994.8594970703125]",1
frame_0079.png,extras,trash bin,garbage bin,garbage bin.,0.2,0.2,1,0.2045,"[1543.8397216796875, 894.4591674804688, 1609.27734375, 994.0390625]",1
frame_0079.png,extras,trash bin,waste bin,waste bin.,0.2,0.2,1,0.2228,"[1543.6619873046875, 894.3995361328125, 1609.41796875, 994.4577026367188]",1
frame_0079.png,extras,trash bin,recycling bin,recycling bin.,0.2,0.2,3,0.2744,"[2603.02978515625, 1060.26611328125, 2878.589599609375, 1239.3111572265625]",1
frame_0079.png,extras,trash bin,rubbish bin,rubbish bin.,0.2,0.2,3,0.2694,"[2602.53466796875, 1059.842529296875, 2878.398681640625, 1239.4600830078125]",1
frame_0079.png,extras,trash bin,small trash can,small trash can.,0.2,0.2,1,0.5952,"[1537.4495849609375, 887.715087890625, 1615.3983154296875, 998.7525024414062]",1
frame_0079.png,extras,water fountain,water fountain,water fountain.,0.18,0.18,2,0.2477,"[1156.081298828125, 1654.920654296875, 1707.3553466796875, 1855.72314453125]",1
frame_0079.png,extras,water fountain,metallic water fountain,metallic water fountain.,0.18,0.18,2,0.3569,"[1155.006591796875, 1653.1514892578125, 1707.9840087890625, 1854.6734619140625]",1
frame_0079.png,extras,water fountain,drinking fountain,drinking fountain.,0.18,0.18,0,0.0,,0
frame_0079.png,extras,water fountain,water dispenser,water dispenser.,0.18,0.18,1,0.2753,"[1383.0909423828125, 788.607666015625, 1416.0994873046875, 858.638671875]",1
frame_0079.png,extras,water fountain,wall water fountain,wall water fountain.,0.18,0.18,3,0.3619,"[1155.05615234375, 1653.5205078125, 1707.8074951171875, 1854.93310546875]",1
frame_0079.png,extras,water fountain,stainless water fountain,stainless water fountain.,0.18,0.18,2,0.3814,"[1153.6051025390625, 1650.7208251953125, 1709.3115234375, 1854.033447265625]",1
